study	lineage	cluster	candidate_label	rank_within_cluster	n_cells	marker_pct	marker_decision_score	marker_base_score	negative_marker_penalty	confound_marker_penalty	marker_penalty	marker_discriminative_score	marker_gate_score	key_marker_bonus	marker_any_fraction	marker_mean_positive_fraction	key_marker_any_fraction	key_marker_two_fraction	key_marker_max_fraction	key_marker_enrichment	negative_marker_any_fraction	negative_marker_mean_positive_fraction	confound_marker_any_fraction	confound_marker_mean_positive_fraction	available_negative_markers	available_confound_markers	available_policy_required_markers	policy_required_any_fraction	policy_required_mean_positive_fraction	ref_fraction	raw_fraction	screfmapping_fraction	total_score
infection_study_06	B_lineage	0	Naive B Cell	1	10143	0.9774918448275237	0.9774918448275237	1.0	0.2300759144237405	0.07833481218574387	0.3084107266094844	0.6915892733905156	0.6915892733905156	0.0	0.999901409839298	0.7142966687480146	0.9768313122350389	0.7439613526570048	0.8979591836734694	1.2951465704611462	0.4975845410628019	0.1863354037267081	0.2207433698116928	0.08074534161490683	CD27;TNFRSF13B;MZB1;JCHAIN	FCRL5;ITGAX;TBX21		0.0	0.0	0.7360741398008479	0.7199053534457261	0.0	2.589213250517598
infection_study_06	B_lineage	0	Memory B Cell	2	10143	0.9693614490886391	0.9693614490886391	0.36488218475796114	0.48088533964310365	0.0	0.48088533964310365	0.0	0.0	0.0	0.9990140983929804	0.39125057137479496	0.36488218475796114	0.1196884550921818	0.20763087843833186	0.7111127427312354	0.9814650497880312	0.4905846396529626	0.0	0.0	TCL1A;IGHD;IGHM;MZB1;JCHAIN			0.0	0.0	0.3711919550428867	0.37286798777482005	0.0	0.9667751158434388
infection_study_06	B_lineage	0	Plasma Cell	3	10143	0.6058861067768607	0.6058861067768607	0.40589569160997735	0.49202750665483586	0.15814108251996448	0.6	0.0	0.0	0.0	0.6068224391205758	0.10590774151850757	0.40589569160997735	0.07552006309770284	0.28798185941043086	0.5820833599808246	0.9968451148575372	0.5146652864044169	0.45765552597850734	0.13896283150941535	MS4A1;CD79A;CD3D;LST1	LILRA4;CLEC4C;IRF7;TCF4		0.0	0.0	0.001873213053337277	0.001873213053337277	0.0	0.00487035393867692
infection_study_06	B_lineage	0	Plasmablast	4	10143	0.41045264077719185	0.41045264077719185	0.3935719215222321	0.4380189950376286	0.07862565315981465	0.5166446481974433	0.0	0.0	0.0	0.5111899832396727	0.09187370600414078	0.3935719215222321	0.06743566992014197	0.28798185941043086	0.5724690608525514	0.9445923296854973	0.3594268625324526	0.22251799270432812	0.0791350356567748	MS4A1;LST1;CD3D	LILRA4;CLEC4C;IRF7		0.0	0.0	0.0021689835354431627	0.0007887212856156955	0.0	0.004259094942324756
infection_study_06	B_lineage	1	Naive B Cell	1	10113	0.9798546995427786	0.9957480470681301	1.0	0.2540670424206467	0.058068822307920494	0.3121358647285672	0.6878641352714328	0.6878641352714328	0.0	1.0	0.7367414878539175	0.9957480470681301	0.8251755166617225	0.9071492138831208	1.319973452157788	0.5547315336695343	0.19667754375556215	0.16473845545337684	0.05764857114604963	CD27;TNFRSF13B;MZB1;JCHAIN	FCRL5;ITGAX;TBX21		0.0	0.0	0.8530604172846831	0.8443587461682982	0.0	2.8971195490952235
infection_study_06	B_lineage	1	Memory B Cell	2	10113	0.965282352073813	0.965282352073813	0.2595668940967072	0.5	0.0	0.5	0.0	0.0	0.0	0.9992089389894195	0.36215312424152535	0.2595668940967072	0.059527341046178184	0.15672896272124986	0.5113405256491828	0.9962424601997429	0.5567289627212497	0.0	0.0	TCL1A;IGHD;IGHM;MZB1;JCHAIN			0.0	0.0	0.23237417185800455	0.23326411549490755	0.0	0.6050627904677148
infection_study_06	B_lineage	1	Plasmablast	3	10113	0.5392324529332636	0.5392324529332636	0.5099377039454168	0.43833086126767523	0.06760110748541481	0.5059319687530901	0.00400573519232672	0.00400573519232672	0.0	0.5844952041926234	0.10372787501236033	0.5099377039454168	0.12093345199248492	0.34282606546029865	0.7375345835675731	0.94620785128053	0.3580539899139721	0.19183229506575694	0.06700945977125151	MS4A1;LST1;CD3D	LILRA4;CLEC4C;IRF7		0.0	0.0	0.0002966478789676654	0.0002966478789676654	0.0	0.004777019677642651
infection_study_06	B_lineage	1	Plasma Cell	4	10113	0.6359481453101262	0.6359481453101262	0.5200237318303174	0.4915133985958667	0.13982126965292196	0.6	0.0	0.0	0.0	0.6299812123009987	0.10544184053528462	0.5200237318303174	0.129140709977257	0.34282606546029865	0.7418157988101777	0.996440225452388	0.5130277860179966	0.4061109463067339	0.11991990507267873	MS4A1;CD79A;CD3D;LST1	LILRA4;CLEC4C;IRF7;TCF4		0.0	0.0	0.00039553050529022053	0.00039553050529022053	0.0	0.0010283793137545734
infection_study_06	B_lineage	2	Plasma Cell	1	1842	0.9865516703751198	0.9865516703751198	1.0	0.4716313789359392	0.22438925081433223	0.6	0.4	0.4	0.0	0.9674267100977199	0.5377608879237543	0.9370249728555917	0.7996742671009772	0.8718783930510315	1.3254464744551528	0.9413680781758957	0.5177795874049945	0.6368078175895765	0.22231270358306188	MS4A1;CD79A;CD3D;LST1	LILRA4;CLEC4C;IRF7;TCF4		0.0	0.0	0.6742671009771987	0.6742671009771987	0.0	2.1530944625407167
infection_study_06	B_lineage	2	Plasmablast	2	1842	0.9862603926327278	0.9862603926327278	1.0	0.440376402461093	0.174457111834962	0.6	0.4	0.4	0.0	0.9538545059717698	0.5492671009771988	0.9337676438653637	0.7833876221498371	0.8718783930510315	1.3387397584766487	0.9001085776330076	0.44697792254795515	0.49728555917481	0.16847629388346	MS4A1;LST1;CD3D	LILRA4;CLEC4C;IRF7		0.0	0.0	0.5526601520086862	0.13246471226927253	0.0	1.4167209554831706
infection_study_06	B_lineage	2	Memory B Cell	3	1842	0.9257821895142431	0.9257821895142431	1.0	0.47774809989142236	0.0	0.47774809989142236	0.5222519001085777	0.5222519001085777	0.0	0.9598262757871878	0.3930016780179646	0.7665580890336591	0.5521172638436482	0.6221498371335505	1.473050400993015	0.9804560260586319	0.4780673181324647	0.0	0.0	TCL1A;IGHD;IGHM;MZB1;JCHAIN			0.0	0.0	0.1992399565689468	0.19272529858849077	0.0	1.0337611292073834
infection_study_06	B_lineage	2	Naive B Cell	4	1842	0.9216209062484515	0.9216209062484515	0.5352877307274702	0.5	0.18512486427795874	0.6	0.0	0.0	0.0	0.9451682953311618	0.33984799131378934	0.5352877307274702	0.13897937024972856	0.49294245385450597	0.7156517285276595	0.9522258414766558	0.6995114006514658	0.5135722041259501	0.20702135360115817	CD27;TNFRSF13B;MZB1;JCHAIN	FCRL5;ITGAX;TBX21		0.0	0.0	0.10857763300760044	0.07166123778501629	0.0	0.245385450597177
infection_study_06	B_lineage	3	Plasma Cell	1	4484	0.9937206078398432	1.0	1.0	0.41438670829616414	0.3162159901873327	0.6	0.4	0.4	0.0	1.0	0.7366686490236891	1.0	0.9977698483496877	0.9986619090098127	1.4135856789109593	0.9154772524531668	0.3022970561998216	0.8831400535236396	0.3418264942016057	MS4A1;CD79A;CD3D;LST1	LILRA4;CLEC4C;IRF7;TCF4		0.0	0.0	0.9957627118644068	0.9957627118644068	0.0	2.9889830508474575
infection_study_06	B_lineage	3	Plasmablast	2	4484	0.9943249185087063	1.0	1.0	0.12622509663990483	0.253835860838537	0.3800609574784418	0.6199390425215582	0.6199390425215582	0.0	1.0	0.7980597680642283	1.0	0.9971008028545941	0.9986619090098127	1.4326907315062682	0.2711864406779661	0.10533749628308058	0.7245762711864406	0.24308652988403212	MS4A1;LST1;CD3D	LILRA4;CLEC4C;IRF7		0.0	0.0	0.9921944692239072	0.16369313113291703	0.0	2.371143324412727
infection_study_06	B_lineage	3	Memory B Cell	3	4484	0.9308886146661365	0.9868421052631579	1.0	0.49240410347903657	0.0	0.49240410347903657	0.5075958965209635	0.5075958965209635	0.0	0.995985727029438	0.4671154002108507	0.9868421052631579	0.9103479036574487	0.9411239964317574	1.8909064030378926	1.0	0.5109277430865299	0.0	0.0	TCL1A;IGHD;IGHM;MZB1;JCHAIN			0.0	0.0	0.004906333630686887	0.00423728813559322	0.0	0.5196833184656557
infection_study_06	B_lineage	3	Naive B Cell	4	4484	0.9093407091464837	0.9093407091464837	0.5093666369313113	0.5	0.24391168599464763	0.6	0.0	0.0	0.0	0.9828278322925958	0.30000495589255627	0.5093666369313113	0.04081177520071365	0.4913024085637823	0.6816321191815984	1.0	0.9401761819803747	0.6933541480820696	0.2393696104668451	CD27;TNFRSF13B;MZB1;JCHAIN	FCRL5;ITGAX;TBX21		0.0	0.0	0.0013380909901873326	0.0013380909901873326	0.0	0.003479036574487065
infection_study_06	B_lineage	4	Naive B Cell	1	5689	0.9623937470766472	0.9623937470766472	1.0	0.2920653893478643	0.08032167340481632	0.37238706275268063	0.6276129372473194	0.6276129372473194	0.0	0.9975391105642468	0.6179957422706588	0.8214097380910529	0.49411144313587624	0.6544208120935138	1.0911667045686126	0.6203199156266479	0.2561082791351731	0.22517138337141854	0.08513505595593836	CD27;TNFRSF13B;MZB1;JCHAIN	FCRL5;ITGAX;TBX21		0.0	0.0	0.6663737036386008	0.6433468096326244	0.0	2.337157672701705
infection_study_06	B_lineage	4	Memory B Cell	2	5689	0.9611778740108945	0.9611778740108945	0.4213394269643171	0.4370666197925822	0.0	0.4370666197925822	0.0	0.0	0.0	0.9926173316927404	0.38132600393103117	0.4213394269643171	0.13587625241694498	0.23237827386183862	0.8182062936779795	0.9084197574266127	0.41757778168395154	0.0	0.0	TCL1A;IGHD;IGHM;MZB1;JCHAIN			0.0	0.0	0.4758305501845667	0.47512743891720866	0.0	1.2364563192125155
infection_study_06	B_lineage	4	Plasma Cell	3	5689	0.7146239556000865	0.7146239556000865	0.5656530145895587	0.49849006855334854	0.15756064334680964	0.6	0.0	0.0	0.0	0.7243803831956407	0.15171578680103906	0.5656530145895587	0.19968359992968887	0.3294076287572508	0.8056780766789324	0.9861135524696784	0.5625769027948673	0.45544032343118296	0.13952364211636492	MS4A1;CD79A;CD3D;LST1	LILRA4;CLEC4C;IRF7;TCF4		0.0	0.0	0.005800667955703991	0.005800667955703991	0.0	0.015081736684830377
infection_study_06	B_lineage	4	Plasmablast	4	5689	0.5812640728847012	0.5812640728847012	0.5327825628405696	0.45611999765629574	0.07616452803656178	0.5322845256928576	0.000498037147712016	0.000498037147712016	0.0	0.6639128142028476	0.14653278256284058	0.5327825628405696	0.15907892423976094	0.3294076287572508	0.7699401455494086	0.9441026542450343	0.4425499501962853	0.21567938126208472	0.07640475771957579	MS4A1;LST1;CD3D	LILRA4;CLEC4C;IRF7		0.0	0.0	0.0008788890841975743	0.00017577781683951485	0.0	0.0020800374992676497
infection_study_06	B_lineage	5	Memory B Cell	1	12024	0.9781469175925713	0.9781469175925713	0.6522240099028386	0.35548835662009315	0.0	0.35548835662009315	0.2967356532827454	0.2967356532827454	0.0	0.9996673320026613	0.4661963950886106	0.6087824351297405	0.24983366600133067	0.386144377910845	1.1737662990923923	0.7850964737192282	0.2597804391217565	0.0	0.0	TCL1A;IGHD;IGHM;MZB1;JCHAIN			0.0	0.0	0.8422322022621423	0.8399866932801064	0.0	2.48429387018228
infection_study_06	B_lineage	5	Naive B Cell	2	12024	0.9504942656960631	0.9504942656960631	0.37325349301397204	0.4039691450432468	0.07355289421157685	0.47752203925482367	0.0	0.0	0.0	0.999750499001996	0.4950377023730317	0.37325349301397204	0.0448270126413839	0.19386227544910178	0.502993207592989	0.8297571523619428	0.4030064870259481	0.20459081836327345	0.08117099135063206	CD27;TNFRSF13B;MZB1;JCHAIN	FCRL5;ITGAX;TBX21		0.0	0.0	0.24417831004657353	0.23070525615435794	0.0	0.6213905522288756
infection_study_06	B_lineage	5	Plasmablast	3	12024	0.7305711098407158	0.7305711098407158	0.6902860944777113	0.44014526502550455	0.08778276779773786	0.5279280328232424	0.16235806165446887	0.16235806165446887	0.0	0.801729873586161	0.17917290419161677	0.6902860944777113	0.21107784431137724	0.5954757152361942	0.9933597989712276	0.9495176314038589	0.36058438678199156	0.24900199600798403	0.087214459968951	MS4A1;LST1;CD3D	LILRA4;CLEC4C;IRF7		0.0	0.0	0.001580172987358616	0.0006653359946773121	0.0	0.16555167442891996
infection_study_06	B_lineage	5	Plasma Cell	4	12024	0.8680164348329504	0.8680164348329504	0.7009314703925482	0.4922309547571524	0.18447791916167663	0.6	0.10093147039254824	0.10093147039254824	0.0	0.8805721889554224	0.2046555038072004	0.7009314703925482	0.22895874916833	0.5954757152361942	0.9950124210237791	0.9965901530272788	0.5160304391217565	0.5328509647371923	0.1641508649367931	MS4A1;CD79A;CD3D;LST1	LILRA4;CLEC4C;IRF7;TCF4		0.0	0.0	0.0029940119760479044	0.0029940119760479044	0.0	0.10871590153027279
infection_study_06	B_lineage	6	Plasma Cell	1	3627	0.9904373879759097	0.9975186104218362	1.0	0.40642266335814725	0.2945616211745244	0.6	0.4	0.4	0.0	1.0	0.7423643660202799	0.9975186104218362	0.9812517231872071	0.9782189137027847	1.4101127514144332	0.8985387372484147	0.29535428728977114	0.8301626688723462	0.30341880341880345	MS4A1;CD79A;CD3D;LST1	LILRA4;CLEC4C;IRF7;TCF4		0.0	0.0	0.9917287014061208	0.9917287014061208	0.0	2.978494623655914
infection_study_06	B_lineage	6	Plasmablast	2	3627	0.9910948779836328	0.9966914805624483	1.0	0.14646815550041356	0.2302315963606286	0.37669975186104215	0.6233002481389578	0.6233002481389578	0.0	0.9997242900468707	0.7643369175627239	0.9966914805624483	0.974083264405845	0.9782189137027847	1.4279975779090517	0.3156878963330576	0.12048524951750757	0.6572925282602702	0.22029225255031706	MS4A1;LST1;CD3D	LILRA4;CLEC4C;IRF7		0.0	0.0	0.9586435070306039	0.26109732561345467	0.0	2.4182271850013786
infection_study_06	B_lineage	6	Memory B Cell	3	3627	0.9274138283201735	0.982078853046595	1.0	0.4879823545629997	0.0	0.4879823545629997	0.5120176454370002	0.5120176454370002	0.0	0.9939343810311553	0.45537258440484246	0.982078853046595	0.899641577060932	0.8635235732009926	1.881871006089842	0.9922801213123794	0.5041632202922526	0.0	0.0	TCL1A;IGHD;IGHM;MZB1;JCHAIN			0.0	0.0	0.024538185828508408	0.0022056796250344637	0.0	0.5534844223876482
infection_study_06	B_lineage	6	Naive B Cell	4	3627	0.912329025404012	0.912329025404012	0.5282602701957541	0.5	0.2549352081610146	0.6	0.0	0.0	0.0	0.9793217535153019	0.3088870508225347	0.5282602701957541	0.052109181141439205	0.4993107251171767	0.7064286816970017	0.9986214502343534	0.9014336917562724	0.7259443065894678	0.24767944122782834	CD27;TNFRSF13B;MZB1;JCHAIN	FCRL5;ITGAX;TBX21		0.0	0.0	0.0024813895781637717	0.0024813895781637717	0.0	0.0064516129032258064
infection_study_06	B_lineage	7	Naive B Cell	1	4297	0.9787669403388249	0.9787669403388249	1.0	0.30968466371887365	0.07721666278799161	0.38690132650686526	0.6130986734931347	0.6130986734931347	0.0	0.9995345589946474	0.7097975331626717	0.9248312776355597	0.6895508494298348	0.8017221317198046	1.2269001886931792	0.6609262276006517	0.2660577146846637	0.21805911100767977	0.0786595299045846	CD27;TNFRSF13B;MZB1;JCHAIN	FCRL5;ITGAX;TBX21		0.0	0.0	0.7749592739120317	0.7619269257621597	0.0	2.6149604375145454
infection_study_06	B_lineage	7	Memory B Cell	2	4297	0.9728483216479794	0.9728483216479794	0.3686292762392367	0.48302071212473824	0.0	0.48302071212473824	0.0	0.0	0.0	0.998370956481266	0.4025430004019718	0.3686292762392367	0.12101466139166861	0.20223411682569234	0.7182205878325839	0.9648592040958809	0.5289737025831976	0.0	0.0	TCL1A;IGHD;IGHM;MZB1;JCHAIN			0.0	0.0	0.37886897835699324	0.3814289038864324	0.0	0.9876192692576216
infection_study_06	B_lineage	7	Plasma Cell	3	4297	0.6861699877566658	0.6861699877566658	0.603444263439609	0.49642657668140566	0.265065743542006	0.6	0.003444263439609019	0.003444263439609019	0.0	0.7198045147777519	0.13960644377214076	0.603444263439609	0.19199441470793577	0.42006050733069583	0.8585703223844684	0.9972073539678846	0.5340353735164068	0.7514545031417268	0.2641959506632534	MS4A1;CD79A;CD3D;LST1	LILRA4;CLEC4C;IRF7;TCF4		0.0	0.0	0.0023272050267628577	0.0023272050267628577	0.0	0.009494996509192449
infection_study_06	B_lineage	7	Plasmablast	4	4297	0.5875386305595071	0.5906446357924133	0.5906446357924133	0.45405631836164767	0.21773330230393295	0.6	0.0	0.0	0.0	0.6741912962532	0.13244705608564114	0.5906446357924133	0.17966022806609264	0.42006050733069583	0.8520178243848997	0.972306260181522	0.3844542704212241	0.618105655108215	0.21534403847645645	MS4A1;LST1;CD3D	LILRA4;CLEC4C;IRF7		0.0	0.0	0.0011636025133814289	0.00046544100535257155	0.0	0.0023272050267628577
infection_study_06	B_lineage	8	Naive B Cell	1	8097	0.9754601523588058	0.9822156354205261	1.0	0.46800481659874027	0.053958256144250955	0.5219630727429913	0.47803692725700875	0.47803692725700875	0.0	0.9997529949363962	0.7042251588379784	0.9822156354205261	0.7184142274916636	0.9252809682598493	1.3022131152915328	0.9974064468321601	0.4045016672841793	0.1533901444979622	0.0529414186324153	CD27;TNFRSF13B;MZB1;JCHAIN	FCRL5;ITGAX;TBX21		0.0	0.0	0.7534889465234037	0.7412621958750154	0.0	2.42488143756947
infection_study_06	B_lineage	8	Memory B Cell	2	8097	0.9657035566100105	0.9657035566100105	0.3240706434481907	0.5	0.0	0.5	0.0	0.0	0.0	0.9983944670865753	0.37421267135976294	0.3240706434481907	0.08175867605285908	0.1404223786587625	0.6336974686642176	1.0	0.6641225145115475	0.0	0.0	TCL1A;IGHD;IGHM;MZB1;JCHAIN			0.0	0.0	0.35346424601704335	0.35198221563542054	0.0	0.9175250092626899
infection_study_06	B_lineage	8	Plasmablast	3	8097	0.8520593094662849	0.9976534518957638	1.0	0.4441159277098514	0.057366926021983455	0.5014828537318349	0.4985171462681651	0.4985171462681651	0.0	0.9979004569593677	0.20763863159194762	0.9976534518957638	0.36099790045695934	0.9965419291095468	1.429362139704315	0.9505989872792392	0.3767650570170022	0.16314684451031247	0.05615248445926475	MS4A1;LST1;CD3D	LILRA4;CLEC4C;IRF7		0.0	0.0	0.0024700506360380388	0.0011115227862171174	0.0	0.5035807500720431
infection_study_06	B_lineage	8	Plasma Cell	4	8097	0.906050237554524	0.9976534518957638	1.0	0.4937285414350994	0.1471054094108929	0.6	0.4	0.4	0.0	0.9981474620229714	0.21533352544838277	0.9976534518957638	0.3811288131406694	0.9965419291095468	1.410301474163411	0.9946893911325182	0.5261207854761023	0.4279362726935902	0.12483018401877238	MS4A1;CD79A;CD3D;LST1	LILRA4;CLEC4C;IRF7;TCF4		0.0	0.0	0.0030875632950475487	0.0030875632950475487	0.0	0.40802766456712364
infection_study_06	B_lineage	9	Plasma Cell	1	3287	0.9932341377514083	1.0	1.0	0.41005476118040773	0.3106556130209918	0.6	0.4	0.4	0.0	1.0	0.7874454923435756	1.0	0.9978703985397018	0.9987830848798296	1.4135856789109593	0.909035594767265	0.2937328871311226	0.8700943109218132	0.33084879829631886	MS4A1;CD79A;CD3D;LST1	LILRA4;CLEC4C;IRF7;TCF4		0.0	0.0	0.9993915424399148	0.9993915424399148	0.0	2.9984180103437783
infection_study_06	B_lineage	9	Plasmablast	2	3287	0.9919336611920149	1.0	1.0	0.1179129905689078	0.23760267721326433	0.35551566778217214	0.6444843322178279	0.6444843322178279	0.0	1.0	0.8081457255856405	1.0	0.9975661697596593	0.9987830848798296	1.4326907315062682	0.2546394888956495	0.09613629449345908	0.6784301794949802	0.2271574890984687	MS4A1;LST1;CD3D	LILRA4;CLEC4C;IRF7		0.0	0.0	0.9954365682993611	0.3401277760876179	0.0	2.5773106175844234
infection_study_06	B_lineage	9	Memory B Cell	3	3287	0.9285124651161666	0.9869181624581685	1.0	0.4916933373897171	0.0	0.4916933373897171	0.5083066626102829	0.5083066626102829	0.0	0.9957407970794037	0.4631468318721133	0.9869181624581685	0.9059933069668391	0.930635838150289	1.8910506756727297	1.0	0.5076969881350776	0.0	0.0	TCL1A;IGHD;IGHM;MZB1;JCHAIN			0.0	0.0	0.0009126863401277761	0.000304228780042592	0.0	0.5100711895345299
infection_study_06	B_lineage	9	Naive B Cell	4	3287	0.900949855509319	0.900949855509319	0.47885609978703986	0.5	0.2535898996045026	0.6	0.0	0.0	0.0	0.9835716458777001	0.29861744921069533	0.47885609978703986	0.05841192576817767	0.44539093398235474	0.6415891887887301	1.0	0.933221782780651	0.7216306662610283	0.24733799817462732	CD27;TNFRSF13B;MZB1;JCHAIN	FCRL5;ITGAX;TBX21		0.0	0.0	0.0	0.0	0.0	0.0
infection_study_06	T_NK_lineage	0	CD8 Cytotoxic / T Effector Memory	1	14466	0.8020423283364899	0.932254942624084	1.0	0.25663866998479196	0.12736416424720035	0.38400283423199233	0.6159971657680077	0.6159971657680077	0.0	1.0	0.6098877618993753	0.932254942624084	0.6697082814876262	0.8571823586340385	1.548046977940457	0.5576524263790958	0.20332158163970687	0.3357527996681875	0.17758882897829395	CCR7;TCF7;LEF1;MS4A1	KLRD1;FCGR3A		0.0	0.0	0.7409097193419052	0.7277063459145583	0.0	2.5291590626296143
infection_study_06	T_NK_lineage	0	CD4 T Effector Memory	2	14466	0.9694400094755913	0.9979261717129821	1.0	0.23495956034840312	0.3446572998755703	0.5796168602239734	0.4203831397760266	0.4203831397760266	0.0	1.0	0.6975743889887398	0.9979261717129821	0.8737729849301811	0.9816811834646758	1.6119109684916497	0.5135490114751832	0.18095879994469788	0.9244435227429836	0.44882828701783495	CCR7;TCF7;LEF1;FOXP3	NKG7;GNLY;GZMB;PRF1		0.0	0.0	0.2747131204202959	0.19334992395962947	0.0	1.0532740564081293
infection_study_06	T_NK_lineage	0	MAIT Cell	3	14466	0.8894002700060069	0.8894002700060069	0.4955498143201601	0.10656643163279414	0.3302467855661551	0.4368132171989493	0.05873659712121082	0.05873659712121082	0.0	0.9979261717129821	0.5165511248049615	0.39153878058896724	0.09449744227844602	0.3867689755288262	1.4160441349247714	0.21526337619245126	0.11257431218028481	0.8909857597124291	0.4196737176828425	MS4A1;LST1	NKG7;GNLY;GZMB		0.0	0.0	0.2356560210147933	0.2331674270703719	0.0	0.668953657815252
infection_study_06	T_NK_lineage	0	NKT Cell	4	14466	0.7975800983576045	0.9751831881653532	1.0	0.10656643163279414	0.28444628784736625	0.39101271948016036	0.6089872805198396	0.6089872805198396	0.0	0.9987557030277893	0.5420789634808714	0.9751831881653532	0.7529379234066086	0.8611226323793724	1.0436709379922036	0.21526337619245126	0.11257431218028481	0.6676344532006083	0.5610396792478916	MS4A1;LST1	CD8A;CD8B		0.0	0.0	0.0	0.0	0.0	0.6089872805198396
infection_study_06	T_NK_lineage	0	CD8 Naive / T Central Memory	5	14466	0.7495050695622011	0.7564634314945389	0.7661434720621159	0.45003076178625745	0.0364890087100788	0.48651977049633627	0.2796237015657796	0.2796237015657796	0.0	0.9987557030277893	0.5581593621825891	0.7564634314945389	0.31957693902944834	0.6021014793308448	1.0387201622703077	0.9244435227429836	0.44882828701783495	0.08108668602239734	0.08108668602239734	NKG7;GNLY;GZMB;PRF1	CD4		0.0	0.0	0.13998340937370385	0.06207659339140052	0.0	0.5656737499551063
infection_study_06	T_NK_lineage	0	NK Cell	6	14466	0.6539837972223463	0.896239458039541	1.0	0.4847200331812526	0.28444628784736625	0.6	0.4	0.4	0.0	0.942831466887875	0.3095879994469791	0.896239458039541	0.4697912346191069	0.8571823586340385	1.5964467026108597	0.9929489838241393	0.4881791787639984	0.6676344532006083	0.5610396792478916	CD3D;CD3E;TRAC;MS4A1;LST1	CD8A;CD8B		0.0	0.0	0.0049080602792755425	0.0060141020323517215	0.0	0.4138669984791926
infection_study_06	T_NK_lineage	0	CD4 Naive / T Central Memory	7	14466	0.645835272163396	0.645835272163396	0.49350200470067745	0.4308997649661275	0.28444628784736625	0.6	0.0	0.0	0.0	0.998133554541684	0.45071201437854286	0.49350200470067745	0.12429144200193558	0.3803401078390709	0.817040539884993	0.9252039264482235	0.3605557859809208	0.6676344532006083	0.5610396792478916	NKG7;GNLY;GZMB;PRF1;FOXP3	CD8A;CD8B		0.0	0.0	0.082054472556339	0.03248997649661275	0.0	0.16377713258675516
infection_study_06	T_NK_lineage	0	gdT Cell	8	14466	0.782327297075499	0.782327297075499	0.1473800635974008	0.10656643163279414	0.3545676068021567	0.4611340384349508	0.0	0.0	0.0	0.9919811972901977	0.3435296557445043	0.1473800635974008	0.015346329323931979	0.07769943315360155	0.9579547018303802	0.21526337619245126	0.11257431218028481	0.8862159546522881	0.5913521360431356	MS4A1;LST1	NKG7;GNLY		0.0	0.0	0.05633900179731785	0.053504769805060144	0.0	0.1436471726807687
infection_study_06	T_NK_lineage	0	Treg	9	14466	0.7260133987761501	0.7260133987761501	0.04804368864924651	0.45766936264343977	0.1752903359601825	0.6	0.0	0.0	0.0	0.9921194525093322	0.21793170192174757	0.04804368864924651	0.0022812111157196184	0.022881238766763446	0.46002933706887145	0.9350200470067745	0.4652806580948431	0.44794690999585235	0.27270841974284526	NKG7;GNLY;GZMB;CD8A	CCR7;TCF7		0.0	0.0	0.007811419881100511	0.007811419881100511	0.0	0.02030969169086133
infection_study_06	T_NK_lineage	1	CD4 Naive / T Central Memory	1	25257	0.8381740632278166	0.8727877420121155	1.0	0.11411442372411609	0.028423803302054875	0.14253822702617097	0.857461772973829	0.857461772973829	0.0	0.9997228491111375	0.7106980243100922	0.8727877420121155	0.5167676287761809	0.6750207863166647	1.4325134092886411	0.2653125866096528	0.06043473096567288	0.07150492932652334	0.04648216336065249	NKG7;GNLY;GZMB;PRF1;FOXP3	CD8A;CD8B		0.0	0.0	0.9570416122263135	0.9222393791820089	0.0	3.3109677317179393
infection_study_06	T_NK_lineage	1	CD8 Naive / T Central Memory	2	25257	0.7290754409352795	0.8487152076652017	0.9262343357299987	0.11285227857623628	0.10159163796175318	0.21444391653798944	0.7117904191920092	0.7117904191920092	0.0	0.999445698222275	0.6042153330429848	0.8487152076652017	0.44264956249752546	0.6750207863166647	1.1637408429397909	0.25529556162647976	0.0719998416280635	0.2257591954705626	0.2257591954705626	NKG7;GNLY;GZMB;PRF1	CD4		0.0	0.0	0.06469493605733063	0.04869937047155244	0.0	0.8640016873552907
infection_study_06	T_NK_lineage	1	NKT Cell	3	25257	0.5528723490401733	0.8778160509957635	0.8778160509957635	0.04211743279090945	0.028423803302054875	0.07054123609296432	0.8072748149027992	0.8072748149027992	0.0	0.9956843647305698	0.33350867369159326	0.8778160509957635	0.10864314843409748	0.8608702537910282	0.9405233684842011	0.08575840361088015	0.04331472463079543	0.07150492932652334	0.04648216336065249	MS4A1;LST1	CD8A;CD8B		0.0	0.0	0.0	0.0	0.0	0.8072748149027992
infection_study_06	T_NK_lineage	1	CD4 T Effector Memory	4	25257	0.5496145102243322	0.5496145102243322	0.30692481292315	0.44930534109355824	0.08738864473215345	0.5366939858257117	0.0	0.0	0.0	0.9985746525715643	0.39533594647028547	0.30692481292315	0.02514154491824049	0.2257591954705626	0.5068373026466675	0.9175674070554698	0.4574078473294532	0.25529556162647976	0.0719998416280635	CCR7;TCF7;LEF1;FOXP3	NKG7;GNLY;GZMB;PRF1		0.0	0.0	0.11782872075068299	0.11672011719523301	0.0	0.3052460703963258
infection_study_06	T_NK_lineage	1	Treg	5	25257	0.6874759031120791	0.6874759031120791	0.08825276161064259	0.10914439561309737	0.34836678940491744	0.4575111850180148	0.0	0.0	0.0	0.9947341331116126	0.22066357841390505	0.08825276161064259	0.007799817872273033	0.0438294334243972	0.7787091730517804	0.24690184899235856	0.06964405907273231	0.8436868986815537	0.6350714653363424	NKG7;GNLY;GZMB;CD8A	CCR7;TCF7		0.0	0.0	0.04569030367818822	0.037059033139327714	0.0	0.11016351902442886
infection_study_06	T_NK_lineage	1	CD8 Cytotoxic / T Effector Memory	6	25257	0.5244618915649109	0.5244618915649109	0.2259571603911787	0.4487070911034564	0.010214989903789048	0.45892208100724546	0.0	0.0	0.0	0.995367620857584	0.2167139982795048	0.2259571603911787	0.0216177693312745	0.10824721859286535	0.38765810880198565	0.9165775824523894	0.45639822623431126	0.02716078710852437	0.013778358474878252	CCR7;TCF7;LEF1;MS4A1	KLRD1;FCGR3A		0.0	0.0	0.002692322920378509	0.002415172031516015	0.0	0.006722888704121631
infection_study_06	T_NK_lineage	1	gdT Cell	7	25257	0.6911186878239861	0.6911186878239861	0.015678821712792494	0.04211743279090945	0.07485449578334719	0.11697192857425665	0.0	0.0	0.0	0.9934671576196697	0.30970951947314934	0.015678821712792494	0.00043552282535534704	0.010254582887912263	0.15630409236688028	0.08575840361088015	0.04331472463079543	0.1969750960129865	0.10507977986300827	MS4A1;LST1	NKG7;GNLY		0.0	0.0	0.003800926475828483	0.0	0.0	0.006081482361325573
infection_study_06	T_NK_lineage	1	MAIT Cell	8	25257	0.6730727626303952	0.6730727626303952	0.0580433147246308	0.04211743279090945	0.07758839133705507	0.11970582412796452	0.0	0.0	0.0	0.9978619788573465	0.41186318927143256	0.0580433147246308	7.918596824642673e-05	0.057686977867521874	0.2399577360755206	0.08575840361088015	0.04331472463079543	0.2186324583283842	0.0799910255902654	MS4A1;LST1	NKG7;GNLY;GZMB		0.0	0.0	0.0002771508888624936	0.0002771508888624936	0.0	0.0007205923110424834
infection_study_06	T_NK_lineage	1	NK Cell	9	25257	0.11963417449349702	0.21015955972601655	0.21015955972601655	0.47369077879399774	0.028423803302054875	0.5021145820960526	0.0	0.0	0.0	0.34374628815773844	0.05202518113790236	0.21015955972601655	0.017341727045967453	0.10824721859286535	0.3878367908777619	0.994813319079859	0.4348259888347785	0.07150492932652334	0.04648216336065249	CD3D;CD3E;TRAC;MS4A1;LST1	CD8A;CD8B		0.0	0.0	0.00019796492061606682	0.0002375579047392802	0.0	0.0005543017777249872
infection_study_06	T_NK_lineage	10	CD4 Naive / T Central Memory	1	7828	0.7566984816090134	0.7566984816090134	0.6881832058625897	0.21466836995401123	0.061624936126724573	0.2762933060807358	0.4118898997818539	0.4118898997818539	0.0	0.9833929483903935	0.4847215125191619	0.6645375574859479	0.28449156872764436	0.36688809402146144	1.0945825935065674	0.4885028104241185	0.13198773633111904	0.15355135411343893	0.10373019928461931	NKG7;GNLY;GZMB;PRF1;FOXP3	CD8A;CD8B		0.0	0.0	0.870464997445069	0.5104752171691365	0.0	2.3151091128631007
infection_study_06	T_NK_lineage	10	CD4 T Effector Memory	2	7828	0.7179482685895027	0.7179482685895027	0.5127746550843127	0.3118951200817578	0.16575114971895757	0.47764626980071534	0.03512838528359741	0.03512838528359741	0.0	0.9800715380684721	0.39614205416453757	0.5127746550843127	0.13247317322432295	0.2920286152273889	0.8360396070951525	0.6630045988758303	0.27251532958610114	0.4735564639754727	0.15789473684210525	CCR7;TCF7;LEF1;FOXP3	NKG7;GNLY;GZMB;PRF1		0.0	0.0	0.6733520694941236	0.6550843127235565	0.0	1.7675760091977515
infection_study_06	T_NK_lineage	10	NKT Cell	3	7828	0.5407272153726965	0.6391159938681655	0.6391159938681655	0.04526571282575371	0.061624936126724573	0.10689064895247828	0.5322253449156873	0.5322253449156873	0.0	0.9017629024016351	0.2838528359734287	0.6391159938681655	0.14218191108840061	0.5235053653551354	0.6876523131172477	0.09197751660705161	0.046882984159427696	0.15355135411343893	0.10373019928461931	MS4A1;LST1	CD8A;CD8B		0.0	0.0	0.0	0.0	0.0	0.5322253449156873
infection_study_06	T_NK_lineage	10	CD8 Cytotoxic / T Effector Memory	4	7828	0.5805573315574657	0.5805573315574657	0.4229688298415943	0.3107192130812468	0.032412493612672455	0.34313170669391924	0.07983712314767505	0.07983712314767505	0.0	0.9299948901379663	0.22864309936358992	0.4229688298415943	0.0970873786407767	0.22623914154317834	0.7113319954704628	0.660705160960654	0.2711420541645375	0.08571793561573837	0.044647419519672965	CCR7;TCF7;LEF1;MS4A1	KLRD1;FCGR3A		0.0	0.0	0.11739908022483393	0.09785385794583547	0.0	0.3655295094532448
infection_study_06	T_NK_lineage	10	CD8 Naive / T Central Memory	5	7828	0.7255323674837351	0.7255323674837351	0.5990035769034237	0.21468829841594278	0.131412876852325	0.3461011752682678	0.25290240163515587	0.25290240163515587	0.0	0.9833929483903935	0.4558848577755068	0.5990035769034237	0.2152529381706694	0.36688809402146144	0.8253287348501888	0.4735564639754727	0.15789473684210525	0.2920286152273889	0.2920286152273889	NKG7;GNLY;GZMB;PRF1	CD4		0.0	0.0	0.04586101175268268	0.030148185998978026	0.0	0.3564282064384262
infection_study_06	T_NK_lineage	10	Treg	6	7828	0.6795255919525157	0.6795255919525157	0.3213029987079399	0.20353474706182934	0.22041070516096065	0.42394545222279	0.0	0.0	0.0	0.8740419008686765	0.19851814001021975	0.18497700562084823	0.030531425651507408	0.10028104241185488	1.5453039723483666	0.45030659172202353	0.14735564639754728	0.5535258048032703	0.3623530914665304	NKG7;GNLY;GZMB;CD8A	CCR7;TCF7		0.0	0.0	0.13170669391926418	0.13170669391926418	0.0	0.34243740419008684
infection_study_06	T_NK_lineage	10	MAIT Cell	7	7828	0.7432459218094511	0.7432459218094511	0.10194174757281553	0.04526571282575371	0.14243740419008685	0.18770311701584055	0.0	0.0	0.0	0.9664026571282576	0.3507737791079641	0.10194174757281553	0.0019161982626469086	0.09695963208993358	0.39476748639623194	0.09197751660705161	0.046882984159427696	0.3948645886561063	0.15985351728836655	MS4A1;LST1	NKG7;GNLY;GZMB		0.0	0.0	0.015457332652018395	0.015074092999489013	0.0	0.039805825242718446
infection_study_06	T_NK_lineage	10	NK Cell	8	7828	0.3728853658919807	0.39639754726622384	0.39639754726622384	0.38732089933571795	0.061624936126724573	0.44894583546244254	0.0	0.0	0.0	0.5878896269800715	0.11433316300459888	0.39639754726622384	0.08201328564128768	0.22623914154317834	0.7159167684949732	0.839294839039346	0.3108584568216658	0.15355135411343893	0.10373019928461931	CD3D;CD3E;TRAC;MS4A1;LST1	CD8A;CD8B		0.0	0.0	0.012774655084312723	0.013157894736842105	0.0	0.03359734287174246
infection_study_06	T_NK_lineage	10	gdT Cell	9	7828	0.5353908500113006	0.5353908500113006	0.02542156361778232	0.04526571282575371	0.1407926673479816	0.1860583801737353	0.0	0.0	0.0	0.8123403168114461	0.21425225685573157	0.02542156361778232	0.000510986203372509	0.011241696474195196	0.21560706380600872	0.09197751660705161	0.046882984159427696	0.3643331630045989	0.20995145631067963	MS4A1;LST1	NKG7;GNLY		0.0	0.0	0.004087889626980072	0.003832396525293817	0.0	0.010373019928461933
infection_study_06	T_NK_lineage	11	NK Cell	1	7075	0.9471651182212961	1.0	1.0	0.3047417667844523	0.1129399293286219	0.4176816961130742	0.5823183038869257	0.5823183038869257	0.0	1.0	0.9541696113074205	1.0	0.9984452296819788	0.9998586572438163	1.7792330220591825	0.6790106007067138	0.21235335689045937	0.2924381625441696	0.16805653710247348	CD3D;CD3E;TRAC;MS4A1;LST1	CD8A;CD8B		0.0	0.0	0.9423321554770318	0.896113074204947	0.0	2.9861628268551237
infection_study_06	T_NK_lineage	11	CD8 Cytotoxic / T Effector Memory	2	7075	0.9064043636064777	1.0	1.0	0.06446996466431096	0.4274946996466431	0.4919646643109541	0.5080353356890459	0.5080353356890459	0.0	1.0	0.720051397365885	1.0	0.9925088339222615	0.9998586572438163	1.6593465069714541	0.14431095406360425	0.043780918727915195	0.9806360424028269	0.8886925795053003	CCR7;TCF7;LEF1;MS4A1	KLRD1;FCGR3A		0.0	0.0	0.19547703180212014	0.18035335689045937	0.0	1.0011519434628975
infection_study_06	T_NK_lineage	11	NKT Cell	3	7075	0.8976128519958568	1.0	1.0	0.06682120141342757	0.1129399293286219	0.17976113074204947	0.8202388692579505	0.8202388692579505	0.0	1.0	0.5743160020191823	1.0	0.3431802120141343	0.9998586572438163	1.069961059054536	0.13583038869257952	0.06911660777385159	0.2924381625441696	0.16805653710247348	MS4A1;LST1	CD8A;CD8B		0.0	0.0	0.0	0.0	0.0	0.8202388692579505
infection_study_06	T_NK_lineage	11	gdT Cell	4	7075	0.5091184436824758	0.6980918727915194	0.9480918727915194	0.06682120141342757	0.44930035335689045	0.516121554770318	0.43197031802120145	0.43197031802120145	0.0	0.858939929328622	0.279811542991755	0.6980918727915194	0.18826855123674913	0.6094699646643109	4.310075389242111	0.13583038869257952	0.06911660777385159	1.0	0.9953356890459364	MS4A1;LST1	NKG7;GNLY		0.0	0.0	0.0623321554770318	0.05512367491166078	0.0	0.5868254416961132
infection_study_06	T_NK_lineage	11	CD4 T Effector Memory	5	7075	0.6581571667015153	0.9649469964664311	1.0	0.05887279151943463	0.4484787985865724	0.507351590106007	0.49264840989399294	0.49264840989399294	0.0	0.9984452296819788	0.4021829603455045	0.9649469964664311	0.1428975265017668	0.9635335689045936	1.5591695120203106	0.13187279151943462	0.039823321554770315	1.0	0.9898586572438163	CCR7;TCF7;LEF1;FOXP3	NKG7;GNLY;GZMB;PRF1		0.0	0.0	0.0028268551236749115	0.001696113074204947	0.0	0.49886749116607776
infection_study_06	T_NK_lineage	11	MAIT Cell	6	7075	0.4461063659294479	0.5816254416961131	0.8316254416961131	0.06682120141342757	0.448643109540636	0.5154643109540635	0.31616113074204955	0.31616113074204955	0.0	0.8597879858657244	0.21621403331650682	0.5816254416961131	0.006219081272084806	0.5804946996466431	2.0863930889993765	0.13583038869257952	0.06911660777385159	1.0	0.9909540636042403	MS4A1;LST1	NKG7;GNLY;GZMB		0.0	0.0	0.00607773851590106	0.00607773851590106	0.0	0.3319632508833923
infection_study_06	T_NK_lineage	11	Treg	7	7075	0.4509783185418225	0.4509783185418225	0.01597173144876325	0.5	0.03537455830388692	0.5353745583038869	0.0	0.0	0.0	0.7512367491166078	0.12701060070671377	0.01597173144876325	0.0012720848056537103	0.008056537102473497	0.20584078439784714	1.0	0.8093639575971732	0.09215547703180212	0.051519434628975264	NKG7;GNLY;GZMB;CD8A	CCR7;TCF7		0.0	0.0	0.005512367491166078	0.005512367491166078	0.0	0.014332155477031802
infection_study_06	T_NK_lineage	11	CD8 Naive / T Central Memory	8	7075	0.4202243442927088	0.4202243442927088	0.32975265017667843	0.5	0.009795053003533567	0.5097950530035336	0.0	0.0	0.0	0.872791519434629	0.21795053003533568	0.32975265017667843	0.034487632508833924	0.2645936395759717	0.46043674547544416	1.0	0.9898586572438163	0.02176678445229682	0.02176678445229682	NKG7;GNLY;GZMB;PRF1	CD4		0.0	0.0	0.0011307420494699647	0.0	0.0	0.0018091872791519436
infection_study_06	T_NK_lineage	11	CD4 Naive / T Central Memory	9	7075	0.364660395533419	0.364660395533419	0.1075618374558304	0.5	0.1129399293286219	0.6	0.0	0.0	0.0	0.8462190812720848	0.17493992932862193	0.1075618374558304	0.015547703180212015	0.07477031802120142	0.19076942345420264	1.0	0.7923674911660777	0.2924381625441696	0.16805653710247348	NKG7;GNLY;GZMB;PRF1;FOXP3	CD8A;CD8B		0.0	0.0	0.00042402826855123676	0.0002826855123674912	0.0	0.0009611307420494701
infection_study_06	T_NK_lineage	12	CD8 Naive / T Central Memory	1	24369	0.9723527868995115	0.9914645656366695	1.0	0.20235976035126596	0.004948910501046412	0.20730867085231236	0.7926913291476876	0.7926913291476876	0.0	1.0	0.8767559877987059	0.9914645656366695	0.8924863556157413	0.9175591940580246	1.3571964341438987	0.4504493413763388	0.14176823012844186	0.010997578891214247	0.010997578891214247	NKG7;GNLY;GZMB;PRF1	CD4		0.0	0.0	0.9933932455168452	0.9457507489022939	0.0	3.3278712708769342
infection_study_06	T_NK_lineage	12	CD4 Naive / T Central Memory	2	24369	0.8280385646896442	0.9236324838934712	1.0	0.1968289219910542	0.44262279945832816	0.6	0.4	0.4	0.0	0.9999589642578686	0.710139931880668	0.9236324838934712	0.6049489105010464	0.7649472690713611	1.5150199633226256	0.4519676638352005	0.11400549878944559	0.9992613566416348	0.9522959497722516	NKG7;GNLY;GZMB;PRF1;FOXP3	CD8A;CD8B		0.0	0.0	0.07919898231359514	0.07599819442734622	0.0	0.6027165661290985
infection_study_06	T_NK_lineage	12	CD8 Cytotoxic / T Effector Memory	3	24369	0.7482937288264649	0.9442324264434322	1.0	0.4892328368008535	0.02086667487381509	0.5100995116746686	0.4899004883253314	0.4899004883253314	0.0	1.0	0.4229218194501956	0.9442324264434322	0.3358775493454799	0.9175591940580246	1.5677249937205981	0.9633961180187943	0.5597377816077804	0.055480323361647994	0.028150519102137964	CCR7;TCF7;LEF1;MS4A1	KLRD1;FCGR3A		0.0	0.0	0.019450941770281914	0.017768476342894662	0.0	0.5387904715006772
infection_study_06	T_NK_lineage	12	NKT Cell	4	24369	0.6108807344550146	0.9351635274323936	0.9354823810936028	0.05548483729328245	0.44262279945832816	0.4981076367516106	0.4373747443419922	0.4373747443419922	0.0	0.9986047847675326	0.3854956238312141	0.9351635274323936	0.2622183922196233	0.9155894784357175	1.0012754146448366	0.11293036234560302	0.05714227091796955	0.9992613566416348	0.9522959497722516	MS4A1;LST1	CD8A;CD8B		0.0	0.0	0.0	0.0	0.0	0.4373747443419922
infection_study_06	T_NK_lineage	12	CD4 T Effector Memory	5	24369	0.5615967821665504	0.5615967821665504	0.18420944642783865	0.48880401329558043	0.15640003693216792	0.6	0.0	0.0	0.0	0.999794821289343	0.3930084214461907	0.18420944642783865	0.017029832984529526	0.16086010915507407	0.31058657436158776	0.9633961180187943	0.5577885838565391	0.4504493413763388	0.14176823012844186	CCR7;TCF7;LEF1;FOXP3	NKG7;GNLY;GZMB;PRF1		0.0	0.0	0.0807993762567196	0.08030694735114284	0.0	0.20958594936189417
infection_study_06	T_NK_lineage	12	Treg	6	24369	0.6698505781440169	0.6698505781440169	0.03537280971726374	0.4342716155771677	0.39125630924535265	0.6	0.0	0.0	0.0	0.99823546308835	0.20045139316344537	0.03537280971726374	0.0012721080060732898	0.018753334154048177	0.35960539484865844	0.9461611063236078	0.3396836144281669	0.922893840535106	0.7625877138988059	NKG7;GNLY;GZMB;CD8A	CCR7;TCF7		0.0	0.0	0.0027083589806721656	0.0026262874964093725	0.0	0.006959661865484837
infection_study_06	T_NK_lineage	12	NK Cell	7	24369	0.2593870597747855	0.3800320078788625	0.3800320078788625	0.4828276909187903	0.44262279945832816	0.6	0.0	0.0	0.0	0.5351881488776724	0.09467971603266445	0.3800320078788625	0.058188682342320164	0.26693750256473386	0.6870869584931876	0.9983996060568755	0.4701629118962617	0.9992613566416348	0.9522959497722516	CD3D;CD3E;TRAC;MS4A1;LST1	CD8A;CD8B		0.0	0.0	0.0004103574213139645	0.000369321679182568	0.0	0.0010258935532849113
infection_study_06	T_NK_lineage	12	gdT Cell	8	24369	0.7267796647042685	0.7267796647042685	0.022815872625056424	0.05548483729328245	0.13816631786285855	0.193651155156141	0.0	0.0	0.0	0.9979482128934302	0.322157932892883	0.022815872625056424	0.0005745003898395502	0.010915507406951455	0.19974651653628409	0.11293036234560302	0.05714227091796955	0.3604579588821864	0.20019286798801755	MS4A1;LST1	NKG7;GNLY		0.0	0.0	0.0006155361319709467	0.0	0.0	0.0009848578111535148
infection_study_06	T_NK_lineage	12	MAIT Cell	9	24369	0.7353469770567411	0.7353469770567411	0.017973655053551644	0.05548483729328245	0.13726250564241455	0.192747342935697	0.0	0.0	0.0	0.9996717140629489	0.43450402443385333	0.017973655053551644	4.1035742131396446e-05	0.01768640485863187	0.09865032242437129	0.11293036234560302	0.05714227091796955	0.38401247486560797	0.14705842121821439	MS4A1;LST1	NKG7;GNLY;GZMB		0.0	0.0	4.1035742131396446e-05	4.1035742131396446e-05	0.0	0.00010669292954163076
infection_study_06	T_NK_lineage	13	CD4 Naive / T Central Memory	1	32373	0.8282047501235815	0.9211688752973156	1.0	0.1289818058258425	0.023498748957464552	0.15248055478330708	0.847519445216693	0.847519445216693	0.0	0.9996293207302381	0.7219318567942421	0.9211688752973156	0.6231427424087974	0.7538071849998456	1.5110222273083174	0.2993235103326846	0.0692675995428289	0.05955580267506873	0.037546721032959564	NKG7;GNLY;GZMB;PRF1;FOXP3	CD8A;CD8B		0.0	0.0	0.9741760108732586	0.9288913600840206	0.0	3.3350924226979273
infection_study_06	T_NK_lineage	13	CD8 Naive / T Central Memory	2	32373	0.7891838059244201	0.8995768078336885	1.0	0.12868362524325827	0.13366694467611898	0.2623505699193772	0.7376494300806228	0.7376494300806228	0.0	0.9994439810953573	0.6457129912787406	0.8995768078336885	0.5318320822907979	0.7538071849998456	1.2326690754026526	0.29045809779754733	0.08322521854631947	0.29703765483581995	0.29703765483581995	NKG7;GNLY;GZMB;PRF1	CD4		0.0	0.0	0.051246409044574184	0.03323757452197819	0.0	0.8528812590739197
infection_study_06	T_NK_lineage	13	NKT Cell	3	32373	0.5671896774068788	0.8969820529453557	0.8969820529453557	0.04878509869335558	0.023498748957464552	0.07228384765082013	0.8246982052945355	0.8246982052945355	0.0	0.9955209588237112	0.3489327526024774	0.8969820529453557	0.13032465326043308	0.8808883946498626	0.9608272058543269	0.09924937447873228	0.050319710870169586	0.05955580267506873	0.037546721032959564	MS4A1;LST1	CD8A;CD8B		0.0	0.0	0.0	0.0	0.0	0.8246982052945355
infection_study_06	T_NK_lineage	13	CD4 T Effector Memory	4	32373	0.5945280877555781	0.5945280877555781	0.37657924813888116	0.4737745961140457	0.09962121212121212	0.5733958082352578	0.0	0.0	0.0	0.9985790627992462	0.4255020473165223	0.37657924813888116	0.0362030086800729	0.29703765483581995	0.6182311242174602	0.9508232168782628	0.5111898804559356	0.29045809779754733	0.08322521854631947	CCR7;TCF7;LEF1;FOXP3	NKG7;GNLY;GZMB;PRF1		0.0	0.0	0.15284341889846478	0.1516696012108856	0.0	0.39621907144842927
infection_study_06	T_NK_lineage	13	Treg	5	32373	0.7127530097692862	0.7127530097692862	0.12134067638024379	0.12333734902542243	0.3749050134371235	0.49824236246254594	0.0	0.0	0.0	0.9943162511969852	0.2339047972075495	0.11790689772341148	0.009019862230871405	0.05751706669137862	1.0137351146273292	0.27850369134772807	0.07957248324220802	0.8960244648318043	0.7073178265838816	NKG7;GNLY;GZMB;CD8A	CCR7;TCF7		0.0	0.0	0.03836530442035029	0.03428783245297007	0.0	0.09567231952553054
infection_study_06	T_NK_lineage	13	gdT Cell	6	32373	0.700837212000643	0.700837212000643	0.019028202514441046	0.04878509869335558	0.08726485033824483	0.1360499490316004	0.0	0.0	0.0	0.9930497636919655	0.31448017380739096	0.019028202514441046	0.0006795786612300374	0.013097334198251629	0.17669139564925504	0.09924937447873228	0.050319710870169586	0.22895622895622897	0.12385321100917432	MS4A1;LST1	NKG7;GNLY		0.0	0.0	0.004757050628610262	3.0889939146819884e-05	0.0	0.007642170944923239
infection_study_06	T_NK_lineage	13	CD8 Cytotoxic / T Effector Memory	7	32373	0.533376078241311	0.533376078241311	0.2535755104562444	0.47316065857350265	0.01249420813640997	0.4856548667099126	0.0	0.0	0.0	0.9956136286411515	0.22387623805472012	0.2535755104562444	0.027862725110431533	0.12596917184073148	0.43303277485028424	0.94958761931239	0.5105334692490656	0.03323757452197819	0.016819571865443424	CCR7;TCF7;LEF1;MS4A1	KLRD1;FCGR3A		0.0	0.0	0.002378525314305131	0.0019460661662496525	0.0	0.005751706669137862
infection_study_06	T_NK_lineage	13	NK Cell	8	32373	0.11963417449349702	0.24230068266765514	0.24230068266765514	0.4768152472739629	0.023498748957464552	0.5003139962314275	0.0	0.0	0.0	0.38155252834151915	0.059926481944830565	0.24230068266765514	0.024588391560868623	0.12596917184073148	0.4444571347429375	0.9940691316838106	0.4503135328823403	0.05955580267506873	0.037546721032959564	CD3D;CD3E;TRAC;MS4A1;LST1	CD8A;CD8B		0.0	0.0	0.00021622957402773915	0.00021622957402773915	0.0	0.0005621968924721219
infection_study_06	T_NK_lineage	13	MAIT Cell	9	32373	0.7197992721682305	0.7197992721682305	0.06900812405399562	0.04878509869335558	0.09059864702066536	0.13938374571402096	0.0	0.0	0.0	0.9978068143205758	0.4348994532480771	0.06900812405399562	3.0889939146819884e-05	0.06854477496679331	0.2786256174658096	0.09924937447873228	0.050319710870169586	0.2547184382046767	0.09455410372841566	MS4A1;LST1	NKG7;GNLY;GZMB		0.0	0.0	3.0889939146819884e-05	3.0889939146819884e-05	0.0	8.031384178173171e-05
infection_study_06	T_NK_lineage	14	NK Cell	1	11232	0.9740085981321966	1.0	1.0	0.28109793447293446	0.09043803418803419	0.37153596866096866	0.6284640313390313	0.6284640313390313	0.0	1.0	0.9751046118233618	1.0	0.999465811965812	1.0	1.7792330220591825	0.6278490028490028	0.1932514245014245	0.23548789173789172	0.13194444444444445	CD3D;CD3E;TRAC;MS4A1;LST1	CD8A;CD8B		0.0	0.0	0.9566417378917379	0.9108796296296297	0.0	3.0699704415954416
infection_study_06	T_NK_lineage	14	CD8 Cytotoxic / T Effector Memory	2	11232	0.9328704515046731	1.0	1.0	0.02830929487179487	0.43921607905982907	0.46752537393162397	0.532474626068376	0.532474626068376	0.0	1.0	0.7263014763014763	1.0	0.9948361823361823	1.0	1.6593465069714541	0.06436965811965811	0.01749465811965812	0.9933226495726496	0.9414618945868947	CCR7;TCF7;LEF1;MS4A1	KLRD1;FCGR3A		0.0	0.0	0.2050391737891738	0.20032051282051283	0.0	1.0608578169515668
infection_study_06	T_NK_lineage	14	NKT Cell	3	11232	0.9125193832647038	1.0	1.0	0.02570067663817664	0.09043803418803419	0.11613871082621083	0.8838612891737891	0.8838612891737891	0.0	1.0	0.5655779405779405	1.0	0.3406339031339031	1.0	1.069961059054536	0.05235042735042735	0.02639779202279202	0.23548789173789172	0.13194444444444445	MS4A1;LST1	CD8A;CD8B		0.0	0.0	0.0	0.0	0.0	0.8838612891737891
infection_study_06	T_NK_lineage	14	CD4 T Effector Memory	4	11232	0.6769294733190796	0.9941239316239316	1.0	0.0246443198005698	0.4492621527777778	0.4739064725783476	0.5260935274216524	0.5260935274216524	0.0	0.9992877492877493	0.37953070591959487	0.9941239316239316	0.022702991452991452	0.9941239316239316	1.605830292469553	0.05600071225071225	0.015291132478632478	1.0	0.9950810185185186	CCR7;TCF7;LEF1;FOXP3	NKG7;GNLY;GZMB;PRF1		0.0	0.0	8.903133903133904e-05	8.903133903133904e-05	0.0	0.5263250089031338
infection_study_06	T_NK_lineage	14	gdT Cell	5	11232	0.5097212435746669	0.6191239316239316	0.8691239316239316	0.02570067663817664	0.44947916666666665	0.4751798433048433	0.39394408831908834	0.39394408831908834	0.0	0.8167735042735043	0.26403727445394115	0.6191239316239316	0.14707977207977208	0.4910968660968661	3.8294064353339943	0.05235042735042735	0.02639779202279202	1.0	0.9965277777777778	MS4A1;LST1	NKG7;GNLY		0.0	0.0	0.036591880341880344	0.029024216524216523	0.0	0.4815153133903134
infection_study_06	T_NK_lineage	14	MAIT Cell	6	11232	0.4561083118098017	0.6089743589743589	0.8589743589743589	0.02570067663817664	0.4491497507122507	0.4748504273504274	0.38412393162393155	0.38412393162393155	0.0	0.865295584045584	0.20971967846967846	0.6089743589743589	0.0005341880341880342	0.6088853276353277	2.182840246236838	0.05235042735042735	0.02639779202279202	1.0	0.9943316714150048	MS4A1;LST1	NKG7;GNLY;GZMB		0.0	0.0	0.0005341880341880342	0.0005341880341880342	0.0	0.38551282051282043
infection_study_06	T_NK_lineage	14	CD8 Naive / T Central Memory	7	11232	0.37043397966373737	0.37043397966373737	0.2386039886039886	0.5	0.003125	0.503125	0.0	0.0	0.0	0.7527599715099715	0.15505302310857866	0.2386039886039886	0.009971509971509971	0.21403133903133903	0.3369110185469047	1.0	0.9950810185185186	0.006944444444444444	0.006944444444444444	NKG7;GNLY;GZMB;PRF1	CD4		0.0	0.0	0.0	0.0	0.0	0.0
infection_study_06	T_NK_lineage	14	CD4 Naive / T Central Memory	8	11232	0.30001818975113276	0.30001818975113276	0.03917378917378917	0.5	0.09043803418803419	0.5904380341880342	0.0	0.0	0.0	0.7060185185185185	0.11928418803418803	0.03917378917378917	0.002492877492877493	0.024305555555555556	0.07979507306754022	1.0	0.7963853276353278	0.23548789173789172	0.13194444444444445	NKG7;GNLY;GZMB;PRF1;FOXP3	CD8A;CD8B		0.0	0.0	0.0	0.0	0.0	0.0
infection_study_06	T_NK_lineage	14	Treg	9	11232	0.45851588551455236	0.45851588551455236	0.006677350427350427	0.5	0.012533386752136751	0.5125333867521368	0.0	0.0	0.0	0.6997863247863247	0.11848290598290598	0.006677350427350427	0.0	0.002938034188034188	0.13217751386409984	1.0	0.7992565883190883	0.03303062678062678	0.01749465811965812	NKG7;GNLY;GZMB;CD8A	CCR7;TCF7		0.0	0.0	0.0	0.0	0.0	0.0
infection_study_06	T_NK_lineage	15	CD4 Naive / T Central Memory	1	40632	0.8340124778066906	0.9250344556014963	1.0	0.14038383540066943	0.024342882457176605	0.16472671785784604	0.835273282142154	0.835273282142154	0.0	0.9993847214018508	0.7123572553652294	0.9250344556014963	0.6554932073242764	0.7520919472337074	1.5172949646345057	0.3250639889742075	0.0766341799566844	0.06352136247292774	0.03524315810198858	NKG7;GNLY;GZMB;PRF1;FOXP3	CD8A;CD8B		0.0	0.0	0.9798188619807049	0.9654213427840126	0.0	3.3684048040952943
infection_study_06	T_NK_lineage	15	CD8 Naive / T Central Memory	2	40632	0.8012325520402133	0.9103416026776925	1.0	0.13999483165977555	0.12064013585351446	0.26063496751329	0.73936503248671	0.73936503248671	0.0	0.9992616656822209	0.644634223709829	0.9103416026776925	0.5821519984248867	0.7520919472337074	1.2472576506532254	0.3150964756841898	0.09208259499901555	0.26808919078558774	0.26808919078558774	NKG7;GNLY;GZMB;PRF1	CD4		0.0	0.0	0.049419177003347116	0.034012600905690096	0.0	0.8524483165977556
infection_study_06	T_NK_lineage	15	NKT Cell	3	40632	0.5715280236986472	0.8853366804489072	0.8853366804489072	0.043642941523922035	0.024342882457176605	0.06798582398109865	0.8173508564678086	0.8173508564678086	0.0	0.9941917700334711	0.34790313053750743	0.8853366804489072	0.13142350856467808	0.8673951565268754	0.948490478043055	0.08884622957275054	0.04491533766489467	0.06352136247292774	0.03524315810198858	MS4A1;LST1	CD8A;CD8B		0.0	0.0	0.0	0.0	0.0	0.8173508564678086
infection_study_06	T_NK_lineage	15	CD4 T Effector Memory	4	40632	0.5719362355554642	0.5719362355554642	0.3508072455207718	0.4797397371529829	0.10834133195510927	0.5880810691080922	0.0	0.0	0.0	0.9977357747588108	0.407180437968979	0.3508072455207718	0.03206832053553849	0.26808919078558774	0.5770156315891414	0.9539525497145107	0.5328989466430399	0.3150964756841898	0.09208259499901555	CCR7;TCF7;LEF1;FOXP3	NKG7;GNLY;GZMB;PRF1		0.0	0.0	0.05212640283520378	0.05148651309312857	0.0	0.13488875762945463
infection_study_06	T_NK_lineage	15	Treg	5	40632	0.6991291278951013	0.6991291278951013	0.08153671982673755	0.12408348100019688	0.3833597903130537	0.5074432713132506	0.0	0.0	0.0	0.9931827131325064	0.22354055916519	0.08153671982673755	0.007260287458161055	0.04282339043118724	0.7254807115002284	0.28037015160464657	0.07974010632014175	0.9077574325654656	0.7402170702894271	NKG7;GNLY;GZMB;CD8A	CCR7;TCF7		0.0	0.0	0.036301437290805275	0.028893482969088405	0.0	0.08697578263437684
infection_study_06	T_NK_lineage	15	gdT Cell	6	40632	0.6976470559797145	0.6976470559797145	0.017252411892104746	0.043642941523922035	0.08995311577082102	0.13359605729474305	0.0	0.0	0.0	0.9913122661941327	0.310855155214281	0.017252411892104746	0.0004922228785193936	0.011641071076983658	0.16588235835921386	0.08884622957275054	0.04491533766489467	0.2358978145304194	0.12789180941130143	MS4A1;LST1	NKG7;GNLY		0.0	0.0	0.0028795038393384523	7.383343177790904e-05	0.0	0.004681039574719433
infection_study_06	T_NK_lineage	15	CD8 Cytotoxic / T Effector Memory	7	40632	0.5375494477204797	0.5375494477204797	0.2551437290805277	0.47912322799763735	0.012880242173656232	0.4920034701712936	0.0	0.0	0.0	0.9945855483362867	0.22379136909556283	0.2551437290805277	0.026407757432565467	0.13265406576097657	0.4356092284110487	0.9529927151013979	0.5317545284504823	0.034258712344949795	0.017350856467808623	CCR7;TCF7;LEF1;MS4A1	KLRD1;FCGR3A		0.0	0.0	0.0018212246505217562	0.00152589092341012	0.0	0.004439850364244931
infection_study_06	T_NK_lineage	15	NK Cell	8	40632	0.11963417449349702	0.25017227800748176	0.25017227800748176	0.47543089190785587	0.024342882457176605	0.49977377436503245	0.0	0.0	0.0	0.41216282732821424	0.06603169915337664	0.25017227800748176	0.025029533372711164	0.13265406576097657	0.4583238697576966	0.9928873794053947	0.4460622169718449	0.06352136247292774	0.03524315810198858	CD3D;CD3E;TRAC;MS4A1;LST1	CD8A;CD8B		0.0	0.0	0.0002461114392596968	0.0003691671588895452	0.0	0.00076294546170506
infection_study_06	T_NK_lineage	15	MAIT Cell	9	40632	0.6997367622726431	0.6997367622726431	0.047917897223862964	0.043642941523922035	0.09311380192951368	0.13675674345343572	0.0	0.0	0.0	0.9971451073045875	0.42068883075971086	0.047917897223862964	0.0	0.04752411892104745	0.204250006813116	0.08884622957275054	0.04491533766489467	0.26164107107698364	0.0974765373761239	MS4A1;LST1	NKG7;GNLY;GZMB		0.0	0.0	7.383343177790904e-05	7.383343177790904e-05	0.0	0.00019196692262256348
infection_study_06	T_NK_lineage	16	CD8 Cytotoxic / T Effector Memory	1	9471	0.9498941852018821	1.0	1.0	0.05684352233132721	0.3738675958188153	0.4307111181501425	0.5692888818498575	0.5692888818498575	0.0	1.0	0.8328869947495222	1.0	0.991869918699187	1.0	1.6593465069714541	0.12839193326998205	0.03661176222151832	0.891141378946257	0.7101678808995883	CCR7;TCF7;LEF1;MS4A1	KLRD1;FCGR3A		0.0	0.0	0.8978988491183613	0.8799493189737092	0.0	2.885876359412945
infection_study_06	T_NK_lineage	16	NK Cell	2	9471	0.9146399094017446	1.0	1.0	0.4379875409143702	0.1918910357934748	0.6	0.4	0.4	0.0	1.0	0.8645074437757365	1.0	0.9980994615140957	1.0	1.7792330220591825	0.922817020377996	0.39689578713968954	0.4708056171470806	0.33766233766233766	CD3D;CD3E;TRAC;MS4A1;LST1	CD8A;CD8B		0.0	0.0	0.2801182557280118	0.2359835286664555	0.0	1.0841727378312744
infection_study_06	T_NK_lineage	16	NKT Cell	3	9471	0.9573247891862232	1.0	1.0	0.032842360891141384	0.1918910357934748	0.22473339668461617	0.7752666033153839	0.7752666033153839	0.0	1.0	0.675792268126763	1.0	0.7647555696336185	1.0	1.069961059054536	0.06683560342096928	0.03384014359624116	0.4708056171470806	0.33766233766233766	MS4A1;LST1	CD8A;CD8B		0.0	0.0	0.0	0.0	0.0	0.7752666033153839
infection_study_06	T_NK_lineage	16	gdT Cell	4	9471	0.8942075613768131	0.8942075613768131	0.6559761376834548	0.032842360891141384	0.4490734874881216	0.481915848379263	0.17406028930419176	0.17406028930419176	0.0	0.9485798754091437	0.3762890226304861	0.40597613768345475	0.0859465737514518	0.2626966529405554	2.5319998469595753	0.06683560342096928	0.03384014359624116	1.0	0.9938232499208108	MS4A1;LST1	NKG7;GNLY		0.0	0.0	0.15690001055854713	0.12923661704149508	0.0	0.5543369232393622
infection_study_06	T_NK_lineage	16	CD4 T Effector Memory	5	9471	0.8445712959684019	0.9977827050997783	1.0	0.052680815119839505	0.44557728856509343	0.49825810368493295	0.501741896315067	0.501741896315067	0.0	0.9994720726428044	0.47362122971879067	0.9977827050997783	0.11719987329743427	0.9976771196283392	1.611681531640097	0.11888924084046035	0.03410410727483898	1.0	0.970515257100623	CCR7;TCF7;LEF1;FOXP3	NKG7;GNLY;GZMB;PRF1		0.0	0.0	0.019110970330482525	0.0007390983000739098	0.0	0.533058547143913
infection_study_06	T_NK_lineage	16	MAIT Cell	6	9471	0.5851141361560281	0.5851141361560281	0.31232051159150465	0.032842360891141384	0.4470330482525604	0.4798754091437018	0.0	0.0	0.0	0.9399218667511351	0.3126838318475949	0.29416112342941614	0.0006335128286347799	0.2939499524865379	1.072637552648354	0.06683560342096928	0.03384014359624116	1.0	0.9802203216837363	MS4A1;LST1	NKG7;GNLY;GZMB		0.0	0.0	0.003484320557491289	0.003484320557491289	0.0	0.009059233449477351
infection_study_06	T_NK_lineage	16	CD8 Naive / T Central Memory	7	9471	0.5298801410219377	0.5298801410219377	0.4670045401752719	0.5	0.021191004117833385	0.5211910041178334	0.0	0.0	0.0	0.9516418540808784	0.3424723424723425	0.4670045401752719	0.039277795375356354	0.42709323197128074	0.6464421041045613	1.0	0.970515257100623	0.04709112026185197	0.04709112026185197	NKG7;GNLY;GZMB;PRF1	CD4		0.0	0.0	0.0011614401858304297	0.00010558547143912998	0.0	0.0019638897687678175
infection_study_06	T_NK_lineage	16	Treg	8	9471	0.7808672824995256	0.7808672824995256	0.015837820715869498	0.5	0.028911941716819763	0.5289119417168198	0.0	0.0	0.0	0.9302080033787351	0.20561714708056172	0.015837820715869498	0.0003167564143173899	0.011719987329743428	0.20477946546527928	1.0	0.8419385492556224	0.07591595396473445	0.04091437018266286	NKG7;GNLY;GZMB;CD8A	CCR7;TCF7		0.0	0.0	0.0004223418857565199	0.0004223418857565199	0.0	0.0010980889029669517
infection_study_06	T_NK_lineage	16	CD4 Naive / T Central Memory	9	9471	0.5147482018736048	0.5147482018736048	0.11783338612606906	0.5	0.1918910357934748	0.6	0.0	0.0	0.0	0.9427726744799916	0.2541019955654102	0.11783338612606906	0.009608277900960829	0.06599091964945623	0.20743722535496337	1.0	0.776707845000528	0.4708056171470806	0.33766233766233766	NKG7;GNLY;GZMB;PRF1;FOXP3	CD8A;CD8B		0.0	0.0	0.00021117094287825995	0.00021117094287825995	0.0	0.0005490444514834759
infection_study_06	T_NK_lineage	17	CD8 Cytotoxic / T Effector Memory	1	10196	0.7975232931547314	0.9029030992546097	1.0	0.22339986269125145	0.10868968222832483	0.33208954491957626	0.6679104550804238	0.6679104550804238	0.0	1.0	0.5793180926566568	0.9029030992546097	0.6122008630835621	0.8383679874460572	1.499824325694605	0.4938211063162024	0.16249019223224792	0.2874656728128678	0.14966653589642995	CCR7;TCF7;LEF1;MS4A1	KLRD1;FCGR3A		0.0	0.0	0.5560023538642604	0.5399176147508827	0.0	2.097431836014123
infection_study_06	T_NK_lineage	17	MAIT Cell	2	10196	0.9500017525009397	0.9500017525009397	0.8784817575519812	0.12030011769321303	0.3235876814437034	0.44388779913691645	0.43459395841506476	0.43459395841506476	0.0	0.9992153785798352	0.5835061368603933	0.6284817575519812	0.16565319733228717	0.6198509219301687	2.251633943580255	0.24333071792859945	0.12652020400156924	0.8759317379364456	0.4053877337517981	MS4A1;LST1	NKG7;GNLY;GZMB		0.0	0.0	0.4197724597881522	0.41123970184386033	0.0	1.5174695959199687
infection_study_06	T_NK_lineage	17	CD4 T Effector Memory	3	10196	0.9737130902151225	0.9979403687720675	1.0	0.2084910749313456	0.334866614358572	0.5433576892899177	0.4566423107100823	0.4566423107100823	0.0	1.0	0.7135586940412362	0.9979403687720675	0.8809336994899961	0.9771479011377011	1.6119336729276512	0.46341702628481757	0.1472391133777952	0.9031973322871715	0.42604943114947036	CCR7;TCF7;LEF1;FOXP3	NKG7;GNLY;GZMB;PRF1		0.0	0.0	0.33375833660258925	0.255100039231071	0.0	1.245755688505296
infection_study_06	T_NK_lineage	17	NKT Cell	4	10196	0.7911946496750621	0.973028638681836	1.0	0.12030011769321303	0.2364015300117693	0.35670164770498236	0.6432983522950176	0.6432983522950176	0.0	0.999509611612397	0.5305161688056942	0.973028638681836	0.7457826598666144	0.8571008238524912	1.0413884785395606	0.24333071792859945	0.12652020400156924	0.563162024323264	0.44968615143193413	MS4A1;LST1	CD8A;CD8B		0.0	0.0	0.0	0.0	0.0	0.6432983522950176
infection_study_06	T_NK_lineage	17	NK Cell	5	10196	0.6369500923991013	0.880443311102393	1.0	0.48357630443311106	0.2364015300117693	0.6	0.4	0.4	0.0	0.9281090623774029	0.29507895253040406	0.880443311102393	0.43752451941938014	0.8383679874460572	1.5686199439456392	0.9942134170262849	0.48079639074146724	0.563162024323264	0.44968615143193413	CD3D;CD3E;TRAC;MS4A1;LST1	CD8A;CD8B		0.0	0.0	0.011082777559827383	0.01118085523734798	0.0	0.4289132993330718
infection_study_06	T_NK_lineage	17	CD8 Naive / T Central Memory	6	10196	0.6753062948625133	0.6990976853668105	0.6990976853668105	0.4369458611220086	0.0413985876814437	0.47834444880345234	0.22075323656335816	0.22075323656335816	0.0	0.9988230678697528	0.5116821411446755	0.6990976853668105	0.24411533934876423	0.5205963122793252	0.960977435509865	0.9031973322871715	0.42604943114947036	0.09199686151431934	0.09199686151431934	NKG7;GNLY;GZMB;PRF1	CD4		0.0	0.0	0.095723813260102	0.04109454688112985	0.0	0.41500588466065125
infection_study_06	T_NK_lineage	17	gdT Cell	7	10196	0.7676939142289781	0.7676939142289781	0.1624205556119541	0.12030011769321303	0.3474377206747744	0.46773783836798744	0.0	0.0	0.0	0.9938211063162025	0.35003923107100826	0.15751275009807766	0.01834052569635151	0.0691447626520204	1.0196312220555057	0.24333071792859945	0.12652020400156924	0.8716163201255395	0.5730188309140839	MS4A1;LST1	NKG7;GNLY		0.0	0.0	0.0797371518242448	0.07473519027069439	0.0	0.2023146331894861
infection_study_06	T_NK_lineage	17	CD4 Naive / T Central Memory	8	10196	0.6415984500639965	0.6415984500639965	0.4556688897606905	0.418918791683013	0.2364015300117693	0.6	0.0	0.0	0.0	0.9987249901922323	0.4453118870145155	0.4556688897606905	0.08366025892506865	0.36592781482934483	0.7556481554108259	0.9043742644174186	0.3420753236563358	0.563162024323264	0.44968615143193413	NKG7;GNLY;GZMB;PRF1;FOXP3	CD8A;CD8B		0.0	0.0	0.07885445272655943	0.021969399764613574	0.0	0.14813652412710865
infection_study_06	T_NK_lineage	17	Treg	9	10196	0.700239246593803	0.700239246593803	0.03883876029815614	0.4399293840721852	0.15553158101216163	0.5954609650843468	0.0	0.0	0.0	0.9940172616712436	0.21251471165162808	0.03883876029815614	0.000980776775205963	0.01834052569635151	0.3870750299656902	0.9063358179678305	0.43418987838367984	0.4048646528050216	0.22714790113770106	NKG7;GNLY;GZMB;CD8A	CCR7;TCF7		0.0	0.0	0.0036288740682620634	0.0036288740682620634	0.0	0.009435072577481364
infection_study_06	T_NK_lineage	18	CD4 Naive / T Central Memory	1	15014	0.8844431095893226	0.8962967896629812	1.0	0.17258984947382444	0.055343346210203814	0.22793319568402826	0.7720668043159717	0.7720668043159717	0.0	0.9997335819901425	0.7182762754762222	0.8962967896629812	0.5943785799920075	0.7101372052750766	1.4706619068229538	0.39702943919008926	0.09872119355268417	0.1332090049287332	0.10253763154389237	NKG7;GNLY;GZMB;PRF1;FOXP3	CD8A;CD8B		0.0	0.0	0.9437857999200746	0.7143332889303317	0.0	2.9964573731184228
infection_study_06	T_NK_lineage	18	CD4 T Effector Memory	2	15014	0.6718351343805634	0.6718351343805634	0.40861862261888904	0.4617163980285067	0.1307404755561476	0.5924568735846543	0.0	0.0	0.0	0.9993339549753564	0.4485147195950447	0.40861862261888904	0.06074330624750233	0.2891301451978154	0.6694696182632746	0.9274010923138404	0.4968362861329426	0.37831357399760224	0.11497602237911284	CCR7;TCF7;LEF1;FOXP3	NKG7;GNLY;GZMB;PRF1		0.0	0.0	0.3762488344212069	0.37345144531770347	0.0	0.9754495803916345
infection_study_06	T_NK_lineage	18	CD8 Naive / T Central Memory	3	15014	0.8593436702687611	0.8753829758891701	1.0	0.16905388304249366	0.13010856533901693	0.2991624483815106	0.7008375516184894	0.7008375516184894	0.0	0.9995337684827494	0.6540932167014489	0.8753829758891701	0.5223125083255629	0.7101372052750766	1.1998813127897017	0.37831357399760224	0.11497602237911284	0.2891301451978154	0.2891301451978154	NKG7;GNLY;GZMB;PRF1	CD4		0.0	0.0	0.07093379512455042	0.06314106833621953	0.0	0.8774726921539896
infection_study_06	T_NK_lineage	18	NKT Cell	4	15014	0.6272959273086782	0.9006260823231651	0.9006260823231651	0.05768815771946184	0.055343346210203814	0.11303150392966566	0.7875945783934994	0.7875945783934994	0.0	0.9970027973891035	0.3734895050333974	0.9006260823231651	0.16737711469295324	0.8797122685493539	0.9646875717278979	0.11735713334221394	0.05951112295191155	0.1332090049287332	0.10253763154389237	MS4A1;LST1	CD8A;CD8B		0.0	0.0	0.0	0.0	0.0	0.7875945783934994
infection_study_06	T_NK_lineage	18	Treg	5	15014	0.7771453330899976	0.7771453330899976	0.2303074254773377	0.1661732383109098	0.3602138004529106	0.5263870387638204	0.0	0.0	0.0	0.9962035433595311	0.24630345011322766	0.15445584121486614	0.025909151458638605	0.08172372452377781	1.3034063370498863	0.37125349673637936	0.11407686159584389	0.8630611429332623	0.6753030504862129	NKG7;GNLY;GZMB;CD8A	CCR7;TCF7		0.0	0.0	0.08378846410017317	0.08365525509524444	0.0	0.21771679765552152
infection_study_06	T_NK_lineage	18	CD8 Cytotoxic / T Effector Memory	6	15014	0.593974237027565	0.593974237027565	0.34534434527774077	0.459044891434661	0.017983215665378978	0.47702810710003996	0.0	0.0	0.0	0.9969361928866391	0.25530716785545615	0.34534434527774077	0.06254162781404023	0.16970827227920607	0.5838013842660174	0.9232050086585853	0.49194085520181163	0.04768882376448648	0.024510456906886906	CCR7;TCF7;LEF1;MS4A1	KLRD1;FCGR3A		0.0	0.0	0.012788064473158386	0.012188623950979086	0.0	0.032649527108032504
infection_study_06	T_NK_lineage	18	NK Cell	7	15014	0.11963417449349702	0.3075795923804449	0.3075795923804449	0.4821276142267217	0.055343346210203814	0.5374709604369254	0.0	0.0	0.0	0.48001864926069004	0.0819568402824031	0.3075795923804449	0.04122818702544292	0.16970827227920607	0.5594535622726557	0.995470893832423	0.47203942986545877	0.1332090049287332	0.10253763154389237	CD3D;CD3E;TRAC;MS4A1;LST1	CD8A;CD8B		0.0	0.0	0.0005328360197149328	0.0007326495271080325	0.0	0.001585187158651925
infection_study_06	T_NK_lineage	18	MAIT Cell	8	15014	0.8052064989986571	0.8052064989986571	0.12388437458372185	0.05768815771946184	0.11302451045690688	0.1707126681763687	0.0	0.0	0.0	0.9985347009457839	0.4464024053740318	0.12388437458372185	0.0001332090049287332	0.12308512055414945	0.4721491237017508	0.11735713334221394	0.05951112295191155	0.3165712002131344	0.12035433595311044	MS4A1;LST1	NKG7;GNLY;GZMB		0.0	0.0	0.0005328360197149328	0.0005328360197149328	0.0	0.0013853736512588252
infection_study_06	T_NK_lineage	18	gdT Cell	9	15014	0.7597692862728413	0.7597692862728413	0.024577061409351272	0.05768815771946184	0.11025209804182762	0.16794025576128946	0.0	0.0	0.0	0.9944052217929932	0.315527729674526	0.024577061409351272	0.0008658585320367657	0.013587318502730785	0.21046667408458772	0.11735713334221394	0.05951112295191155	0.2880644731583855	0.1588850406287465	MS4A1;LST1	NKG7;GNLY		0.0	0.0	0.0004662315172505661	6.66045024643666e-05	0.0	0.0008125749300652725
infection_study_06	T_NK_lineage	19	CD8 Cytotoxic / T Effector Memory	1	12958	0.9243566206463949	0.9996141379842568	1.0	0.08502083654885013	0.2968340021608273	0.3818548387096774	0.6181451612903226	0.6181451612903226	0.0	1.0	0.8564382831245002	0.9996141379842568	0.9560889026084273	0.9981478623244328	1.658712567577398	0.1910788701960179	0.05641302670165149	0.740623553017441	0.49764624170396665	CCR7;TCF7;LEF1;MS4A1	KLRD1;FCGR3A		0.0	0.0	0.9811699336317333	0.9745331069609507	0.0	3.162550162062047
infection_study_06	T_NK_lineage	19	CD4 T Effector Memory	2	12958	0.8747487578394202	0.9946751041827443	1.0	0.0752986572001852	0.4261653032875444	0.5014639604877296	0.49853603951227043	0.49853603951227043	0.0	0.9993054483716622	0.5346161101678928	0.9946751041827443	0.27998147862324435	0.9942120697638525	1.606711747002648	0.16947059731440037	0.04954468282142306	0.9999228275968514	0.8412563667232598	CCR7;TCF7;LEF1;FOXP3	NKG7;GNLY;GZMB;PRF1		0.0	0.0	0.11020219169624942	0.003549930544837166	0.0	0.6784094767711066
infection_study_06	T_NK_lineage	19	NKT Cell	3	12958	0.9186555537963401	0.9992282759685137	1.0	0.03677033492822967	0.33358735916036425	0.3703576940885939	0.629642305911406	0.629642305911406	0.0	0.9999228275968514	0.6656119771569686	0.9992282759685137	0.8876369810155889	0.9981478623244328	1.0691435197852024	0.07462571384472913	0.038238925760148174	0.7757369964500694	0.6724417348356229	MS4A1;LST1	CD8A;CD8B		0.0	0.0	0.0	0.0	0.0	0.629642305911406
infection_study_06	T_NK_lineage	19	NK Cell	4	12958	0.8541200088471081	0.9998456551937027	1.0	0.47136286463960486	0.33358735916036425	0.6	0.4	0.4	0.0	1.0	0.6882234912795184	0.9998456551937027	0.9404229047692545	0.9981478623244328	1.7789611256471554	0.9829448989041518	0.444744559345578	0.7757369964500694	0.6724417348356229	CD3D;CD3E;TRAC;MS4A1;LST1	CD8A;CD8B		0.0	0.0	0.029634202809075475	0.02762772032721099	0.0	0.47504244482173175
infection_study_06	T_NK_lineage	19	CD8 Naive / T Central Memory	5	12958	0.6498197945585451	0.7595307917888563	0.7702500629484401	0.5	0.01972526624479086	0.5197252662447909	0.25052479670364924	0.25052479670364924	0.0	0.9908164840253125	0.4569463737545231	0.7595307917888563	0.1004012964963729	0.7329834851057262	1.0428770846383355	0.9999228275968514	0.8412563667232598	0.04383392498842414	0.04383392498842414	NKG7;GNLY;GZMB;PRF1	CD4		0.0	0.0	0.005556413026701652	0.0006945516283377065	0.0	0.2601096091747096
infection_study_06	T_NK_lineage	19	gdT Cell	6	12958	0.8658336646970167	0.8658336646970167	0.22332287825181124	0.03677033492822967	0.43661830529402684	0.4733886402222565	0.0	0.0	0.0	0.9837937953387869	0.34643977980140966	0.18166383701188454	0.01659206667695632	0.10541750270103412	1.1666361649597068	0.07462571384472913	0.038238925760148174	0.9996141379842568	0.9115604259916654	MS4A1;LST1	NKG7;GNLY		0.0	0.0	0.04468282142305911	0.04105571847507331	0.0	0.1125482327519679
infection_study_06	T_NK_lineage	19	MAIT Cell	7	12958	0.6516372588951509	0.6516372588951509	0.22680969285383548	0.03677033492822967	0.42574471369038425	0.4625150486186139	0.0	0.0	0.0	0.9877295878993672	0.3681785107931118	0.22680969285383548	0.0020064824818644853	0.22657817564438956	0.8351197763940811	0.07462571384472913	0.038238925760148174	0.9996913103874054	0.8389154704944178	MS4A1;LST1	NKG7;GNLY;GZMB		0.0	0.0	0.009492205587281989	0.009106343571538817	0.0	0.02429387251119
infection_study_06	T_NK_lineage	19	CD4 Naive / T Central Memory	8	12958	0.5367632395402888	0.5367632395402888	0.16360549467510418	0.5	0.33358735916036425	0.6	0.0	0.0	0.0	0.9860317950300972	0.2944667386942429	0.16360549467510418	0.014122549776200031	0.11313474301589752	0.2817123383265798	0.9999228275968514	0.6732983485105726	0.7757369964500694	0.6724417348356229	NKG7;GNLY;GZMB;PRF1;FOXP3	CD8A;CD8B		0.0	0.0	0.0023151720944590217	0.0018521376755672172	0.0	0.005556413026701652
infection_study_06	T_NK_lineage	19	Treg	9	12958	0.7882498437856921	0.7882498437856921	0.012733446519524618	0.5	0.04773884858774502	0.547738848587745	0.0	0.0	0.0	0.9830992437104491	0.21584349436641453	0.012733446519524618	0.0001543448062972681	0.008180274733755209	0.1801755294165529	0.9996913103874054	0.812432474147245	0.1250964655039358	0.06806605957709523	NKG7;GNLY;GZMB;CD8A	CCR7;TCF7		0.0	0.0	0.0007717240314863404	0.0007717240314863404	0.0	0.0020064824818644853
infection_study_06	T_NK_lineage	2	NK Cell	1	8041	0.9738418083875904	1.0	1.0	0.2133913692326825	0.10828877005347592	0.32168013928615846	0.6783198607138415	0.6783198607138415	0.0	1.0	0.9574368859594578	1.0	0.9991294615097625	1.0	1.7792330220591825	0.48998880736226835	0.12361646561372966	0.2851635368735232	0.15159805994279318	CD3D;CD3E;TRAC;MS4A1;LST1	CD8A;CD8B		0.0	0.0	0.9960203954731999	0.9899266260415371	0.0	3.261879119512499
infection_study_06	T_NK_lineage	2	NKT Cell	2	8041	0.8951690196509743	1.0	1.0	0.037768934212162666	0.10828877005347592	0.14605770426563858	0.8539422957343614	0.8539422957343614	0.0	1.0	0.5345639312807576	1.0	0.332421340629275	1.0	1.069961059054536	0.07685611242382788	0.038925506777763956	0.2851635368735232	0.15159805994279318	MS4A1;LST1	CD8A;CD8B		0.0	0.0	0.0	0.0	0.0	0.8539422957343614
infection_study_06	T_NK_lineage	2	CD8 Cytotoxic / T Effector Memory	3	8041	0.9028328875534966	1.0	1.0	0.04213095386146002	0.440616838701654	0.48274779256311406	0.5172522074368859	0.5172522074368859	0.0	1.0	0.669263207877808	1.0	0.9726402188782489	1.0	1.6593465069714541	0.09501305807735357	0.027390871782116653	0.9953985822658873	0.9466484268125854	CCR7;TCF7;LEF1;MS4A1	KLRD1;FCGR3A		0.0	0.0	0.019400572068150726	0.019276209426688222	0.0	0.5675693321726153
infection_study_06	T_NK_lineage	2	MAIT Cell	4	8041	0.44002639629001594	0.7892053227210546	1.0	0.037768934212162666	0.4479107076234299	0.48567964183559253	0.5143203581644075	0.5143203581644075	0.0	0.8966546449446586	0.1944143407891698	0.7892053227210546	0.0065912199975127475	0.7888322347966671	2.818432650962988	0.07685611242382788	0.038925506777763956	1.0	0.9860713841561995	MS4A1;LST1	NKG7;GNLY;GZMB		0.0	0.0	0.0002487252829250093	0.0002487252829250093	0.0	0.5149670439000125
infection_study_06	T_NK_lineage	2	gdT Cell	5	8041	0.4526329211531698	0.6491729884342743	0.8991729884342743	0.037768934212162666	0.44715520457654523	0.4849241387887079	0.4142488496455664	0.4142488496455664	0.0	0.7801268498942917	0.21786262073539772	0.6491729884342743	0.17423206068896904	0.5090162915060316	4.012311655976638	0.07685611242382788	0.038925506777763956	1.0	0.9810346971769681	MS4A1;LST1	NKG7;GNLY		0.0	0.0	0.008083571695062804	0.007586121129212784	0.0	0.4347686854868797
infection_study_06	T_NK_lineage	2	CD4 T Effector Memory	6	8041	0.5537770021114615	0.8296231811963686	0.9153119084942627	0.03710545951996021	0.44838173112796914	0.48548719064792933	0.42982471784633336	0.42982471784633336	0.0	0.9966422086805123	0.3487404828034103	0.8296231811963686	0.02798159432906355	0.8230319611988559	1.3427549091915763	0.08369605770426564	0.02409526178336028	1.0	0.9892115408531277	CCR7;TCF7;LEF1;FOXP3	NKG7;GNLY;GZMB;PRF1		0.0	0.0	0.00012436264146250465	0.00012436264146250465	0.0	0.43014806071413586
infection_study_06	T_NK_lineage	2	Treg	7	8041	0.3981543143551582	0.3981543143551582	0.010073373958462879	0.5	0.021182066907101105	0.5211820669071011	0.0	0.0	0.0	0.6703146374829001	0.10115657256560129	0.010073373958462879	0.000373087924387514	0.006342494714587738	0.15909293722956905	1.0	0.8069580897898272	0.05534137545081458	0.030531028479044896	NKG7;GNLY;GZMB;CD8A	CCR7;TCF7		0.0	0.0	0.0016167143390125606	0.0016167143390125606	0.0	0.004203457281432657
infection_study_06	T_NK_lineage	2	CD8 Naive / T Central Memory	8	8041	0.32678341143041545	0.32678341143041545	0.30754881233677406	0.5	0.004588981469966422	0.5045889814699664	0.0	0.0	0.0	0.7664469593334162	0.1533944092083627	0.30754881233677406	0.02101728640716329	0.2696182066907101	0.4303458460321178	1.0	0.9892115408531277	0.010197736599925383	0.010197736599925383	NKG7;GNLY;GZMB;PRF1	CD4		0.0	0.0	0.0	0.0	0.0	0.0
infection_study_06	T_NK_lineage	2	CD4 Naive / T Central Memory	9	8041	0.2303463062718987	0.2303463062718987	0.06305185922148987	0.5	0.10828877005347592	0.6	0.0	0.0	0.0	0.6989180450192762	0.11661484889939062	0.06305185922148987	0.006964307921900261	0.04103967168262654	0.11854238898891971	1.0	0.7915682129088422	0.2851635368735232	0.15159805994279318	NKG7;GNLY;GZMB;PRF1;FOXP3	CD8A;CD8B		0.0	0.0	0.0	0.0	0.0	0.0
infection_study_06	T_NK_lineage	20	Treg	1	5005	0.8725774696061949	0.8725774696061949	1.0	0.30732167832167834	0.22919580419580418	0.5365174825174825	0.46348251748251745	0.46348251748251745	0.8	0.9986013986013986	0.4531468531468531	0.6951048951048951	0.25554445554445554	0.6361638361638362	5.5883584418498495	0.660939060939061	0.25529470529470527	0.5666333666333666	0.3947052947052947	NKG7;GNLY;GZMB;CD8A	CCR7;TCF7		0.0	0.0	0.5632367632367632	0.5632367632367632	0.0	1.9278981018981018
infection_study_06	T_NK_lineage	20	NK Cell	2	5005	0.3222812969473851	0.6443556443556444	0.6825366271795001	0.5	0.06717782217782217	0.5671778221778222	0.11535880500167794	0.11535880500167794	0.0	0.8557442557442557	0.24765234765234762	0.6443556443556444	0.18061938061938063	0.5786213786213786	1.1527239312954227	0.9982017982017982	0.6088711288711288	0.16063936063936063	0.12657342657342657	CD3D;CD3E;TRAC;MS4A1;LST1	CD8A;CD8B		0.0	0.0	0.15024975024975026	0.8987012987012987	0.0	1.254459704102577
infection_study_06	T_NK_lineage	20	CD4 T Effector Memory	3	5005	0.7097725495504533	0.9008991008991009	1.0	0.3958111888111888	0.30250249750249747	0.6	0.4	0.4	0.0	0.9992007992007992	0.6684648684648685	0.9008991008991009	0.49230769230769234	0.7436563436563437	1.4567418657589473	0.806993006993007	0.40524475524475523	0.8167832167832167	0.3831168831168831	CCR7;TCF7;LEF1;FOXP3	NKG7;GNLY;GZMB;PRF1		0.0	0.0	0.1874125874125874	0.1874125874125874	0.0	0.8872727272727273
infection_study_06	T_NK_lineage	20	NKT Cell	4	5005	0.6665111573878792	0.996003996003996	1.0	0.09442957042957044	0.06717782217782217	0.1616073926073926	0.8383926073926073	0.8383926073926073	0.0	0.999000999000999	0.5327815042100756	0.996003996003996	0.5872127872127872	0.9918081918081918	1.0657278227500304	0.19100899100899102	0.09930069930069929	0.16063936063936063	0.12657342657342657	MS4A1;LST1	CD8A;CD8B		0.0	0.0	0.0	0.0	0.0	0.8383926073926073
infection_study_06	T_NK_lineage	20	CD4 Naive / T Central Memory	5	5005	0.6311263504832673	0.8829170829170829	1.0	0.3963156843156843	0.06717782217782217	0.4634935064935065	0.5365064935064935	0.5365064935064935	0.0	0.9992007992007992	0.6561038961038961	0.8829170829170829	0.4771228771228771	0.7436563436563437	1.448950448435275	0.8467532467532467	0.33886113886113883	0.16063936063936063	0.12657342657342657	NKG7;GNLY;GZMB;PRF1;FOXP3	CD8A;CD8B		0.0	0.0	0.181018981018981	0.011788211788211789	0.0	0.8379250749250748
infection_study_06	T_NK_lineage	20	CD8 Cytotoxic / T Effector Memory	6	5005	0.6608016301884603	0.6608016301884603	0.6690378460303688	0.3777962037962038	0.04183816183816184	0.4196343656343657	0.24940348039600307	0.24940348039600307	0.0	0.9994005994005994	0.46142947961129777	0.6485514485514485	0.21938061938061937	0.5786213786213786	1.0819455899156807	0.7792207792207793	0.3713286713286713	0.1088911088911089	0.061138861138861134	CCR7;TCF7;LEF1;MS4A1	KLRD1;FCGR3A		0.0	0.0	0.11508491508491508	0.11468531468531469	0.0	0.5482246592171819
infection_study_06	T_NK_lineage	20	CD8 Naive / T Central Memory	7	5005	0.5853788242289902	0.611988011988012	0.611988011988012	0.39466333666333664	0.33464535464535466	0.6	0.011988011988012026	0.011988011988012026	0.0	0.9988011988011988	0.5895881895881895	0.611988011988012	0.26613386613386614	0.42417582417582417	0.8429253923864172	0.8167832167832167	0.3831168831168831	0.7436563436563437	0.7436563436563437	NKG7;GNLY;GZMB;PRF1	CD4		0.0	0.0	0.002197802197802198	0.0003996003996003996	0.0	0.015904095904095944
infection_study_06	T_NK_lineage	20	gdT Cell	8	5005	0.6793624280719226	0.6793624280719226	0.1056943056943057	0.09442957042957044	0.24860139860139863	0.3430309690309691	0.0	0.0	0.0	0.9976023976023976	0.3507825507825508	0.1056943056943057	0.007992007992007992	0.05874125874125874	0.7042181937248363	0.19100899100899102	0.09930069930069929	0.633966033966034	0.3894105894105894	MS4A1;LST1	NKG7;GNLY		0.0	0.0	0.0	0.0	0.0	0.0
infection_study_06	T_NK_lineage	20	MAIT Cell	9	5005	0.5776587554342637	0.5776587554342637	0.22797202797202798	0.09442957042957044	0.2393006993006993	0.33373026973026976	0.0	0.0	0.0	0.9988011988011988	0.451605537319823	0.22797202797202798	0.009390609390609391	0.22217782217782217	0.8392188022080246	0.19100899100899102	0.09930069930069929	0.646953046953047	0.3014319014319014	MS4A1;LST1	NKG7;GNLY;GZMB		0.0	0.0	0.0	0.0	0.0	0.0
infection_study_06	T_NK_lineage	21	CD4 Naive / T Central Memory	1	15319	0.8096832324335953	0.8096832324335953	0.8239840603457775	0.14524577322279522	0.05154383445394608	0.1967896076767413	0.6271944526690363	0.6271944526690363	0.0	0.9995430511129969	0.6679744108623277	0.7611462889222534	0.35942293883412757	0.5849598537763562	1.2513510856940966	0.335400483060252	0.08087995299954306	0.12363731314054442	0.09635093674521836	NKG7;GNLY;GZMB;PRF1;FOXP3	CD8A;CD8B		0.0	0.0	0.8826294144526405	0.4000261113649716	0.0	2.439427627158233
infection_study_06	T_NK_lineage	21	CD4 T Effector Memory	2	15319	0.7365713104718579	0.7365713104718579	0.45936418826294145	0.3806746523924538	0.10971179580912592	0.4903864482015797	0.0	0.0	0.0	0.9994124942881389	0.5038768123825895	0.45936418826294145	0.09654677198250539	0.288595861348652	0.7506237108541491	0.8011619557412364	0.3465141327762909	0.31842809582870946	0.0945557804034206	CCR7;TCF7;LEF1;FOXP3	NKG7;GNLY;GZMB;PRF1		0.0	0.0	0.7977674782949279	0.7940466087864743	0.0	2.070474574058359
infection_study_06	T_NK_lineage	21	NKT Cell	3	15319	0.5833096644988028	0.9022129381813434	0.9022129381813434	0.07428879169658593	0.05154383445394608	0.125832626150532	0.7763803120308114	0.7763803120308114	0.0	0.9948430054181082	0.36042076599554246	0.9022129381813434	0.16195574123637313	0.8834127554017887	0.9663686350690696	0.15118480318558652	0.07653893857301391	0.12363731314054442	0.09635093674521836	MS4A1;LST1	CD8A;CD8B		0.0	0.0	0.0	0.0	0.0	0.7763803120308114
infection_study_06	T_NK_lineage	21	CD8 Naive / T Central Memory	4	15319	0.6951814684507529	0.7093152294536197	0.7093152294536197	0.14180494810366212	0.1298681376068934	0.2716730857105555	0.4376421437430642	0.4376421437430642	0.0	0.9992166590508519	0.5639111923464688	0.7093152294536197	0.2729943207781187	0.5849598537763562	0.9748243701655207	0.31842809582870946	0.0945557804034206	0.288595861348652	0.288595861348652	NKG7;GNLY;GZMB;PRF1	CD4		0.0	0.0	0.0859063907565768	0.03446700176251714	0.0	0.6095593707161042
infection_study_06	T_NK_lineage	21	Treg	5	15319	0.7418094753495635	0.7418094753495635	0.21374345683713866	0.14663914093609245	0.2730922383967622	0.41973137933285465	0.0	0.0	0.0	0.9944513349435342	0.2498270122070631	0.1489000587505712	0.016189046282394412	0.08394803838370651	1.2593735923462699	0.3281545792806319	0.09972909458841962	0.6822246882955807	0.45616554605392	NKG7;GNLY;GZMB;CD8A	CCR7;TCF7		0.0	0.0	0.06384228735557151	0.06358117370585548	0.0	0.1657288334747699
infection_study_06	T_NK_lineage	21	MAIT Cell	6	15319	0.8016060160335706	0.8016060160335706	0.2754402192972921	0.07428879169658593	0.09709511064690907	0.171383902343495	0.10405631695379713	0.10405631695379713	0.0	0.9984985965141328	0.4670483899545849	0.2745610026764149	0.004177818395456622	0.2718845877668255	1.0035168664835088	0.15118480318558652	0.07653893857301391	0.2723415366538286	0.1026176643384033	MS4A1;LST1	NKG7;GNLY;GZMB		0.0	0.0	0.003916704745740584	0.003916704745740584	0.0	0.11423974929272265
infection_study_06	T_NK_lineage	21	CD8 Cytotoxic / T Effector Memory	7	15319	0.5790649863607082	0.5790649863607082	0.30817938507735493	0.37813793328546247	0.015138063842287355	0.3932759971277498	0.0	0.0	0.0	0.9957569031921144	0.25940454219062486	0.30817938507735493	0.053658855016645995	0.1562112409426203	0.5227424269489447	0.7958091259220575	0.34422938834127553	0.04021150205626999	0.020497421502709053	CCR7;TCF7;LEF1;MS4A1	KLRD1;FCGR3A		0.0	0.0	0.021868268163718257	0.020432143090280044	0.0	0.055421372152229254
infection_study_06	T_NK_lineage	21	gdT Cell	8	15319	0.7124303078721134	0.7124303078721134	0.027090541158039036	0.07428879169658593	0.09565082577191723	0.16993961746850317	0.0	0.0	0.0	0.9922971473333768	0.3157843201253346	0.027090541158039036	0.0013055682485801946	0.013773745022521051	0.22576594190907126	0.15118480318558652	0.07653893857301391	0.2501468764279653	0.137378418956851	MS4A1;LST1	NKG7;GNLY		0.0	0.0	0.0024805796723023697	0.00013055682485801944	0.0	0.004099484300541811
infection_study_06	T_NK_lineage	21	NK Cell	9	15319	0.11963417449349702	0.2665317579476467	0.2665317579476467	0.4806217115999739	0.05154383445394608	0.53216554605392	0.0	0.0	0.0	0.4134734643253476	0.06717148638945102	0.2665317579476467	0.034532280174946146	0.1562112409426203	0.48714300533517807	0.993472158757099	0.4686467785103467	0.12363731314054442	0.09635093674521836	CD3D;CD3E;TRAC;MS4A1;LST1	CD8A;CD8B		0.0	0.0	0.0015666818982962335	0.0015666818982962335	0.0	0.004073372935570208
infection_study_06	T_NK_lineage	22	NK Cell	1	7183	0.8967801118941634	1.0	1.0	0.307707643046081	0.07232702213559794	0.38003466518167894	0.6199653348183211	0.6199653348183211	0.0	1.0	0.7981518863984407	1.0	0.9965195600723932	0.9976333008492273	1.7792330220591825	0.7001252958373938	0.1893637755812335	0.18975358485312543	0.10267297786440206	CD3D;CD3E;TRAC;MS4A1;LST1	CD8A;CD8B		0.0	0.0	0.9924822497563692	0.9896978978142837	0.0	3.197634832242796
infection_study_06	T_NK_lineage	22	NKT Cell	2	7183	0.8984105420787561	0.9980509536405402	1.0	0.05691911457608241	0.07232702213559794	0.12924613671168034	0.8707538632883196	0.8707538632883196	0.0	1.0	0.5619219983691653	0.9980509536405402	0.2755116246693582	0.9976333008492273	1.0678963029090767	0.11541138799944313	0.059376305164972845	0.18975358485312543	0.10267297786440206	MS4A1;LST1	CD8A;CD8B		0.0	0.0	0.0	0.0	0.0	0.8707538632883196
infection_study_06	T_NK_lineage	22	CD8 Cytotoxic / T Effector Memory	3	7183	0.8302140830975514	0.9998607824028958	1.0	0.17478003619657526	0.3874564945009049	0.5622365306974801	0.43776346930251986	0.43776346930251986	0.0	1.0	0.6031159429460975	0.9998607824028958	0.9764722260893777	0.9976333008492273	1.6591177839680245	0.38396213281358765	0.1312473896700543	0.9511346234163999	0.6807740498398998	CCR7;TCF7;LEF1;MS4A1	KLRD1;FCGR3A		0.0	0.0	0.02589447306139496	0.019629681191702632	0.0	0.4988243073924544
infection_study_06	T_NK_lineage	22	gdT Cell	4	7183	0.5266150504780702	0.7140470555478212	0.9640470555478212	0.05691911457608241	0.4479012947236531	0.5048204092997355	0.45922664624808573	0.45922664624808573	0.0	0.8748433802032577	0.27193837301034857	0.7140470555478212	0.18863984407629125	0.6355283307810107	4.407192787663437	0.11541138799944313	0.059376305164972845	0.9998607824028958	0.986287066685229	MS4A1;LST1	NKG7;GNLY		0.0	0.0	0.011415842962550467	0.00877070861756926	0.0	0.48626270360573576
infection_study_06	T_NK_lineage	22	MAIT Cell	5	7183	0.4842885269202274	0.6816093554225254	0.9316093554225254	0.05691911457608241	0.43671168035639707	0.49363079493247947	0.43797856049004597	0.43797856049004597	0.0	0.9334539885841571	0.2645929874107516	0.6816093554225254	0.01879437560907699	0.67785048030071	2.43899074945808	0.11541138799944313	0.059376305164972845	0.9998607824028958	0.911689637570189	MS4A1;LST1	NKG7;GNLY;GZMB		0.0	0.0	0.0033412223305025754	0.0027843519420854795	0.0	0.4461088681609356
infection_study_06	T_NK_lineage	22	CD4 T Effector Memory	6	7183	0.6896332921999204	0.8922455798412919	1.0	0.16794793261868302	0.43713107336767365	0.6	0.4	0.4	0.0	0.9956842544897675	0.4536637430971274	0.8922455798412919	0.4414590004176528	0.7239315049422247	1.442902850659806	0.37059724349157736	0.12327718223583461	1.0	0.9142071557844912	CCR7;TCF7;LEF1;FOXP3	NKG7;GNLY;GZMB;PRF1		0.0	0.0	0.004872615898649589	0.0015313935681470138	0.0	0.4093275790059864
infection_study_06	T_NK_lineage	22	CD4 Naive / T Central Memory	7	7183	0.48137393656430044	0.48137393656430044	0.3243770012529584	0.5	0.07232702213559794	0.5723270221355979	0.0	0.0	0.0	0.9298343310594459	0.26539050535987746	0.3243770012529584	0.06863427537240707	0.25797020743421967	0.542598764410589	1.0	0.7316720033412223	0.18975358485312543	0.10267297786440206	NKG7;GNLY;GZMB;PRF1;FOXP3	CD8A;CD8B		0.0	0.0	0.0020882639565641095	0.0018098287623555618	0.0	0.005151051092858137
infection_study_06	T_NK_lineage	22	Treg	8	7183	0.4569344044941376	0.4569344044941376	0.023945426701935123	0.5	0.12446053181122094	0.6	0.0	0.0	0.0	0.7787832382013087	0.12078518724766811	0.023945426701935123	0.0008353055826256439	0.018376722817764167	0.2690368669809529	0.9998607824028958	0.7272379228734512	0.3193651677572045	0.1910065432270639	NKG7;GNLY;GZMB;CD8A	CCR7;TCF7		0.0	0.0	0.0009745231797299178	0.0009745231797299178	0.0	0.0025337602672977863
infection_study_06	T_NK_lineage	22	CD8 Naive / T Central Memory	9	7183	0.4818857877008275	0.4818857877008275	0.43644716692189894	0.5	0.007204510650146179	0.5072045106501462	0.0	0.0	0.0	0.9345677293609912	0.2915061797144492	0.43644716692189894	0.1091465961297508	0.25797020743421967	0.6050303962525553	1.0	0.9142071557844912	0.01601002366699151	0.01601002366699151	NKG7;GNLY;GZMB;PRF1	CD4		0.0	0.0	0.00041765279131282193	0.00041765279131282193	0.0	0.001085897257413337
infection_study_06	T_NK_lineage	23	NK Cell	1	16156	0.9453981138255403	1.0	1.0	0.18328695221589503	0.10865158455063134	0.29193853676652637	0.7080614632334736	0.7080614632334736	0.0	1.0	0.917693117108195	1.0	0.9980812082198564	0.9996905174548155	1.7792330220591825	0.42287694974003465	0.10269868779400841	0.2860237682594702	0.15229636048526862	CD3D;CD3E;TRAC;MS4A1;LST1	CD8A;CD8B		0.0	0.0	0.9993810349096311	0.9982668977469671	0.0	3.305338016835851
infection_study_06	T_NK_lineage	23	NKT Cell	2	16156	0.8757126333562568	0.9996905174548155	1.0	0.03136110423372122	0.10865158455063134	0.14001268878435255	0.8599873112156474	0.8599873112156474	0.0	1.0	0.5107257807802498	0.9996905174548155	0.2812577370636296	0.9996905174548155	1.069633203339878	0.0638771973260708	0.03221713295370141	0.2860237682594702	0.15229636048526862	MS4A1;LST1	CD8A;CD8B		0.0	0.0	0.0	0.0	0.0	0.8599873112156474
infection_study_06	T_NK_lineage	23	CD8 Cytotoxic / T Effector Memory	3	16156	0.8685376527848448	1.0	1.0	0.04176621688536767	0.43021942312453576	0.47198564000990345	0.5280143599900966	0.5280143599900966	0.0	1.0	0.638839496725112	1.0	0.9806882891804902	0.9996905174548155	1.6593465069714541	0.09352562515474128	0.0283021787571181	0.9826070809606339	0.9029153255756375	CCR7;TCF7;LEF1;MS4A1	KLRD1;FCGR3A		0.0	0.0	0.006808615994057935	0.006313443921762813	0.0	0.5452215895023521
infection_study_06	T_NK_lineage	23	MAIT Cell	4	16156	0.44856409741971426	0.8336840802178758	1.0	0.03136110423372122	0.44679376083188904	0.4781548650656103	0.5218451349343898	0.5218451349343898	0.0	0.8987373112156475	0.18882856435468467	0.8336840802178758	0.0034662045060658577	0.8334364941817282	2.9752889416299357	0.0638771973260708	0.03221713295370141	1.0	0.9786250722125939	MS4A1;LST1	NKG7;GNLY;GZMB		0.0	0.0	0.0003094825451844516	0.0003094825451844516	0.0	0.5226497895518694
infection_study_06	T_NK_lineage	23	CD4 T Effector Memory	5	16156	0.5541244807460578	0.801312205991582	0.8756819565771903	0.03744088883386977	0.4472448316414954	0.4846857204753652	0.3909962361018251	0.3909962361018251	0.0	0.9930056944788314	0.33552034331930347	0.801312205991582	0.03924238672938846	0.7923991086902699	1.297479002342433	0.08368408021787571	0.025640628868531818	1.0	0.9816322109433029	CCR7;TCF7;LEF1;FOXP3	NKG7;GNLY;GZMB;PRF1		0.0	0.0	0.0003094825451844516	0.00018568952711067095	0.0	0.3916770977012309
infection_study_06	T_NK_lineage	23	gdT Cell	6	16156	0.4400100799019566	0.5560163406783858	0.8060163406783858	0.03136110423372122	0.4481523892052488	0.47951349343897004	0.32650284723941575	0.32650284723941575	0.0	0.7022777915325575	0.1775398200874804	0.5560163406783858	0.11407526615498886	0.4482545184451597	3.445277644903944	0.0638771973260708	0.03221713295370141	1.0	0.9876825947016588	MS4A1;LST1	NKG7;GNLY		0.0	0.0	0.0017331022530329288	0.001361723198811587	0.0	0.33063753404308005
infection_study_06	T_NK_lineage	23	Treg	7	16156	0.3812550686557351	0.3812550686557351	0.008294132210943302	0.5	0.02323904431790047	0.5232390443179005	0.0	0.0	0.0	0.5618346125278534	0.07815053230997772	0.008294132210943302	0.0003094825451844516	0.005137410250061897	0.14499143161122624	1.0	0.8007396632829908	0.06034909631096806	0.03422876949740035	NKG7;GNLY;GZMB;CD8A	CCR7;TCF7		0.0	0.0	0.0004951720722951226	0.0004951720722951226	0.0	0.0012874473879673186
infection_study_06	T_NK_lineage	23	CD4 Naive / T Central Memory	8	16156	0.18615336921327214	0.18615336921327214	0.06530081703391928	0.5	0.10865158455063134	0.6	0.0	0.0	0.0	0.6050383758356028	0.09628620945778657	0.06530081703391928	0.010708096063382026	0.04697945035899975	0.12219180783550058	1.0	0.7855657340925972	0.2860237682594702	0.15229636048526862	NKG7;GNLY;GZMB;PRF1;FOXP3	CD8A;CD8B		0.0	0.0	0.0002475860361475613	0.0002475860361475613	0.0	0.0006437236939836593
infection_study_06	T_NK_lineage	23	CD8 Naive / T Central Memory	9	16156	0.27389625677885493	0.30805892547660313	0.30805892547660313	0.5	0.004428695221589503	0.5044286952215895	0.0	0.0	0.0	0.6955310720475365	0.13131688261670932	0.30805892547660313	0.024015845506313444	0.2670834364941817	0.43103715729578274	1.0	0.9816322109433029	0.009841544936865562	0.009841544936865562	NKG7;GNLY;GZMB;PRF1	CD4		0.0	0.0	6.189650903689032e-05	6.189650903689032e-05	0.0	0.00016093092349591482
infection_study_06	T_NK_lineage	24	CD8 Cytotoxic / T Effector Memory	1	12997	0.8567487602566628	0.9993075325075017	1.0	0.1663260752481342	0.24006116796183735	0.40638724320997155	0.5936127567900285	0.5936127567900285	0.0	1.0	0.7586505976903761	0.9993075325075017	0.8877433253827807	0.9969993075325075	1.6582088401250497	0.3712395168115719	0.11479572208971302	0.6192967607909518	0.3618142648303455	CCR7;TCF7;LEF1;MS4A1	KLRD1;FCGR3A		0.0	0.0	0.9889974609525275	0.9836885435100408	0.0	3.1596972378241137
infection_study_06	T_NK_lineage	24	CD8 Naive / T Central Memory	2	12997	0.7385020830588755	0.8926675386627684	0.9484939270162389	0.4992348234207894	0.010040778641224898	0.5092756020620143	0.43921832495422464	0.43921832495422464	0.0	0.9994614141725013	0.5396629991536508	0.8926675386627684	0.22612910671693467	0.8588135723628529	1.2233055534138824	0.9989228283450027	0.5438370393167654	0.02231284142494422	0.02231284142494422	NKG7;GNLY;GZMB;PRF1	CD4		0.0	0.0	0.06793875509733015	0.00261598830499346	0.0	0.5505363214149464
infection_study_06	T_NK_lineage	24	CD4 T Effector Memory	3	12997	0.9461522935402815	0.9996922366700007	1.0	0.13766523043779333	0.3812524044010156	0.5189176348388089	0.4810823651611911	0.4810823651611911	0.0	1.0	0.6258367315534353	0.9996922366700007	0.8584288682003539	0.998384242517504	1.6147353216587563	0.30930214664922673	0.09150188505039625	0.9989228283450027	0.5438370393167654	CCR7;TCF7;LEF1;FOXP3	NKG7;GNLY;GZMB;PRF1		0.0	0.0	0.019235208124951914	0.015157344002462107	0.0	0.5270160421635762
infection_study_06	T_NK_lineage	24	NKT Cell	4	12997	0.8350340649924038	0.9994614141725013	1.0	0.080798645841348	0.39545664384088636	0.47625528968223435	0.5237447103177657	0.5237447103177657	0.0	1.0	0.5883555545785292	0.9994614141725013	0.9150573209202123	0.9969993075325075	1.0693904987947518	0.1629606832345926	0.08578902823728553	0.9016696160652459	0.8330383934754174	MS4A1;LST1	CD8A;CD8B		0.0	0.0	0.0	0.0	0.0	0.5237447103177657
infection_study_06	T_NK_lineage	24	NK Cell	5	12997	0.8094705150781555	0.9981534200200046	1.0	0.48702162037393243	0.39545664384088636	0.6	0.4	0.4	0.0	0.9994614141725013	0.46153920135415866	0.9981534200200046	0.657228591213357	0.9969993075325075	1.7759800556450427	0.9973070708625067	0.4911133338462722	0.9016696160652459	0.8330383934754174	CD3D;CD3E;TRAC;MS4A1;LST1	CD8A;CD8B		0.0	0.0	0.006309148264984227	0.011541124874971147	0.0	0.42163576209894593
infection_study_06	T_NK_lineage	24	gdT Cell	6	12997	0.8548071100776056	0.8548071100776056	0.19575508835521907	0.080798645841348	0.39314841886589214	0.47394706470724013	0.0	0.0	0.0	0.9971531891975071	0.3524018363212023	0.17073170731707318	0.018388858967454028	0.10787104716473032	1.1000935241525835	0.1629606832345926	0.08578902823728553	0.9973840116950066	0.6262214357159345	MS4A1;LST1	NKG7;GNLY		0.0	0.0	0.024159421404939603	0.02223590059244441	0.0	0.06089097484034778
infection_study_06	T_NK_lineage	24	MAIT Cell	7	12997	0.6966148933572963	0.6966148933572963	0.23605447410940986	0.080798645841348	0.37411325690543973	0.4549119027467877	0.0	0.0	0.0	0.9980764791875049	0.4035436749139912	0.23605447410940986	0.006693852427483265	0.23474647995691314	0.8677219032830878	0.1629606832345926	0.08578902823728553	0.9975378933600062	0.4990125926495858	MS4A1;LST1	NKG7;GNLY;GZMB		0.0	0.0	0.01569592982996076	0.014849580672462876	0.0	0.03996306840040009
infection_study_06	T_NK_lineage	24	CD4 Naive / T Central Memory	8	12997	0.5576155834800801	0.5576155834800801	0.27321689620681694	0.4754921905055013	0.39545664384088636	0.6	0.0	0.0	0.0	0.9982303608525044	0.3416557667153959	0.27321689620681694	0.025698238054935756	0.23274601831191813	0.4595804656605738	0.9989228283450027	0.4359159806109102	0.9016696160652459	0.8330383934754174	NKG7;GNLY;GZMB;PRF1;FOXP3	CD8A;CD8B		0.0	0.0	0.013464645687466338	0.003077633299992306	0.0	0.024621066399938447
infection_study_06	T_NK_lineage	24	Treg	9	12997	0.8003254817262497	0.8003254817262497	0.03847041624990383	0.5	0.09826113718550435	0.5982611371855043	0.0	0.0	0.0	0.9971531891975071	0.23363083788566597	0.03847041624990383	0.00130799415249673	0.03246903131491883	0.3841556933026683	0.9993844733400016	0.5889628375779026	0.25790567053935526	0.13926290682465184	NKG7;GNLY;GZMB;CD8A	CCR7;TCF7		0.0	0.0	0.007078556589982303	0.007078556589982303	0.0	0.01840424713395399
infection_study_06	T_NK_lineage	25	CD4 Naive / T Central Memory	1	25299	0.7860824835718144	0.7860824835718144	0.9247899048388555	0.18790466026325153	0.04375074113601328	0.23165540139926483	0.6931345034395906	0.6931345034395906	0.0	0.9998023637297917	0.665461085418396	0.7849717380133602	0.42614332582315506	0.5464642871259734	1.2900130127701817	0.43143997786473776	0.10889758488477805	0.10664453140440333	0.0783825447646152	NKG7;GNLY;GZMB;PRF1;FOXP3	CD8A;CD8B		0.0	0.0	0.9064785169374283	0.3227005019961263	0.0	2.4662006325356023
infection_study_06	T_NK_lineage	25	CD4 T Effector Memory	2	25299	0.7568749403243215	0.7568749403243215	0.4598600735206925	0.39992865330645483	0.13542037234673307	0.5353490256531879	0.0	0.0	0.0	0.9996837819676667	0.5176708785151807	0.4598600735206925	0.07193960235582435	0.34661449069133166	0.7514167479917044	0.8292027352859797	0.38559824498992057	0.3916360330447844	0.11953041622198506	CCR7;TCF7;LEF1;FOXP3	NKG7;GNLY;GZMB;PRF1		0.0	0.0	0.8423257836278114	0.8406261117040199	0.0	2.188347365508518
infection_study_06	T_NK_lineage	25	NKT Cell	3	25299	0.6159001388705917	0.9296019605518004	0.9296019605518004	0.06983200917032294	0.04375074113601328	0.11358275030633622	0.8160192102454642	0.8160192102454642	0.0	0.9975097829953753	0.3839056315043508	0.9296019605518004	0.17696351634451954	0.9162812759397605	0.9953836720809137	0.14198189651764892	0.07217676588007431	0.10664453140440333	0.0783825447646152	MS4A1;LST1	CD8A;CD8B		0.0	0.0	0.0	0.0	0.0	0.8160192102454642
infection_study_06	T_NK_lineage	25	CD8 Naive / T Central Memory	4	25299	0.7180769867619705	0.719435550812285	0.719435550812285	0.1751183841258548	0.15597652081109925	0.33109490493695404	0.388340645875331	0.388340645875331	0.0	0.9996442547136251	0.5766104062084141	0.719435550812285	0.3208822483102099	0.5464642871259734	0.9885395474485421	0.3916360330447844	0.11953041622198506	0.34661449069133166	0.34661449069133166	NKG7;GNLY;GZMB;PRF1	CD4		0.0	0.0	0.05668208229574292	0.010039922526582078	0.0	0.48907190007510176
infection_study_06	T_NK_lineage	25	Treg	5	25299	0.8123790623273938	0.8123790623273938	0.4746524193805607	0.15314123087869086	0.282088224831021	0.43522945570971183	0.039422963670848854	0.039422963670848854	0.0	0.996956401438792	0.28252895371358555	0.2364125064231788	0.04351950669986956	0.12822641211115063	1.9529596518295276	0.3429779833194988	0.1036799873512787	0.6946914897822049	0.49120518597573026	NKG7;GNLY;GZMB;CD8A	CCR7;TCF7		0.0	0.0	0.14941302027748132	0.1491363294991897	0.0	0.4276201256140087
infection_study_06	T_NK_lineage	25	MAIT Cell	6	25299	0.8319859219786582	0.8319859219786582	0.3905652810005488	0.06983200917032294	0.10654176054389501	0.17637376971421795	0.21419151128633088	0.21419151128633088	0.0	0.9991304004110835	0.4784265894191188	0.3357444958298747	0.002213526226333057	0.3345191509545832	1.2192831406826965	0.14198189651764892	0.07217676588007431	0.29882604055496265	0.11262632251604147	MS4A1;LST1	NKG7;GNLY;GZMB		0.0	0.0	0.001027708605083205	0.001027708605083205	0.0	0.2168635536595472
infection_study_06	T_NK_lineage	25	CD8 Cytotoxic / T Effector Memory	7	25299	0.589159391773398	0.589159391773398	0.31696905016008536	0.39108324439701175	0.016144906913316732	0.40722815131032847	0.0	0.0	0.0	0.9973516739792087	0.26527818203378506	0.31696905016008536	0.053203683940076685	0.16573777619668761	0.5371831200702097	0.8129965611288984	0.3733843234910471	0.04296612514328629	0.02170046246887229	CCR7;TCF7;LEF1;MS4A1	KLRD1;FCGR3A		0.0	0.0	0.007944978062374007	0.007865923554290683	0.0	0.020577888454089095
infection_study_06	T_NK_lineage	25	NK Cell	8	25299	0.11963417449349702	0.2886280090122139	0.2886280090122139	0.4877127159176252	0.04375074113601328	0.5314634570536385	0.0	0.0	0.0	0.4781611921419819	0.0810111071583857	0.2886280090122139	0.03616743744812048	0.16573777619668761	0.526068133610216	0.9969168741847504	0.4949286533064548	0.10664453140440333	0.0783825447646152	CD3D;CD3E;TRAC;MS4A1;LST1	CD8A;CD8B		0.0	0.0	0.0004743270484999407	0.000869599588916558	0.0	0.001628522866516463
infection_study_06	T_NK_lineage	25	gdT Cell	9	25299	0.7315875603857436	0.7315875603857436	0.026601841970038342	0.06983200917032294	0.10364342464129017	0.17347543381161312	0.0	0.0	0.0	0.9957705838175422	0.3216003267586334	0.026601841970038342	0.0008300723348748962	0.014269338709039884	0.22279128505467102	0.14198189651764892	0.07217676588007431	0.2710779082177161	0.14880034783983556	MS4A1;LST1	NKG7;GNLY		0.0	0.0	0.0003162180323332938	0.0	0.0	0.0005059488517332702
infection_study_06	T_NK_lineage	26	NK Cell	1	6235	0.8515583359217974	1.0	1.0	0.481313231756215	0.3603728949478749	0.6	0.4	0.4	0.0	1.0	0.7929430633520449	1.0	0.9385725741780273	0.9998396150761828	1.7792330220591825	0.9547714514835606	0.5386367281475541	0.8136327185244587	0.7752205292702485	CD3D;CD3E;TRAC;MS4A1;LST1	CD8A;CD8B		0.0	0.0	0.5180433039294307	0.9409783480352847	0.0	2.1698476343223736
infection_study_06	T_NK_lineage	26	CD8 Cytotoxic / T Effector Memory	2	6235	0.8830247924495008	1.0	1.0	0.15228949478749	0.3612510024057738	0.5135404971932638	0.4864595028067362	0.4864595028067362	0.0	1.0	0.9036669825763649	1.0	0.9821972734562952	0.9998396150761828	1.6593465069714541	0.3315156375300722	0.11960705693664794	0.867682437850842	0.6729751403368083	CCR7;TCF7;LEF1;MS4A1	KLRD1;FCGR3A		0.0	0.0	0.5141940657578188	0.5130713712910986	0.0	1.822241379310345
infection_study_06	T_NK_lineage	26	NKT Cell	3	6235	0.8665778732857217	0.9998396150761828	1.0	0.09379791499599038	0.3603728949478749	0.4541708099438653	0.5458291900561347	0.5458291900561347	0.0	1.0	0.7394432351930346	0.9998396150761828	0.8963913392141138	0.9998396150761828	1.069791152497166	0.19005613472333602	0.09807538091419407	0.8136327185244587	0.7752205292702485	MS4A1;LST1	CD8A;CD8B		0.0	0.0	0.0	0.0	0.0	0.5458291900561347
infection_study_06	T_NK_lineage	26	CD4 T Effector Memory	4	6235	0.8737256598770349	0.9852445870088211	1.0	0.14527345629510827	0.43844627105052125	0.5837197273456295	0.4162802726543705	0.4162802726543705	0.0	1.0	0.6578454958567228	0.9852445870088211	0.7834803528468324	0.9805934242181235	1.5916301323985138	0.31627906976744186	0.1140336808340016	1.0	0.9229751403368083	CCR7;TCF7;LEF1;FOXP3	NKG7;GNLY;GZMB;PRF1		0.0	0.0	0.026784282277465918	0.024859663191659984	0.0	0.48399478748997593
infection_study_06	T_NK_lineage	26	CD8 Naive / T Central Memory	5	6235	0.6537964609149989	0.8372093023255814	0.8742462788557568	0.5	0.03796311146752205	0.5379631114675221	0.3362831673882347	0.3362831673882347	0.0	0.9879711307137129	0.5609551813240666	0.8372093023255814	0.1538091419406576	0.8	1.1481479061207012	1.0	0.9229751403368083	0.08436246992782678	0.08436246992782678	NKG7;GNLY;GZMB;PRF1	CD4		0.0	0.0	0.08436246992782678	0.0	0.0	0.47126311927275755
infection_study_06	T_NK_lineage	26	Treg	6	6235	0.6517816891450092	0.6517816891450092	0.5427024859663192	0.5	0.0720168404170008	0.5720168404170007	0.0	0.0	0.0	0.9650360866078589	0.263897353648757	0.29270248596631915	0.02181234963913392	0.2702485966319166	2.399089844025494	1.0	0.8770649558941459	0.1821972734562951	0.1157177225340818	NKG7;GNLY;GZMB;CD8A	CCR7;TCF7		0.0	0.0	0.13167602245388935	0.13167602245388935	0.0	0.34235765838011234
infection_study_06	T_NK_lineage	26	gdT Cell	7	6235	0.6732093368415581	0.6732093368415581	0.6493584603047313	0.09379791499599038	0.43546912590216513	0.5292670408981555	0.12009141940657586	0.12009141940657586	0.0	0.9842822774659182	0.38968190323442925	0.3993584603047314	0.11996792301523657	0.1934242181234964	2.491718790927207	0.19005613472333602	0.09807538091419407	1.0	0.9031275060144346	MS4A1;LST1	NKG7;GNLY		0.0	0.0	0.0016038492381716118	0.0014434643143544507	0.0	0.12410104250200489
infection_study_06	T_NK_lineage	26	CD4 Naive / T Central Memory	8	6235	0.5193385457142892	0.5193385457142892	0.2367281475541299	0.5	0.3603728949478749	0.6	0.0	0.0	0.0	0.9829991980753809	0.38238973536487575	0.2367281475541299	0.06559743384121892	0.14514835605453089	0.40036960528546495	1.0	0.7401443464314353	0.8136327185244587	0.7752205292702485	NKG7;GNLY;GZMB;PRF1;FOXP3	CD8A;CD8B		0.0	0.0	0.006094627105052125	0.0014434643143544507	0.0	0.011194867682437852
infection_study_06	T_NK_lineage	26	MAIT Cell	9	6235	0.5365601911555508	0.5365601911555508	0.1996792301523657	0.09379791499599038	0.43541299117882915	0.5292109061748196	0.0	0.0	0.0	0.982036888532478	0.4074922671554588	0.1996792301523657	0.008981555733761026	0.18572574178027265	0.7394430088104841	0.19005613472333602	0.09807538091419407	1.0	0.9027532745255279	MS4A1;LST1	NKG7;GNLY;GZMB		0.0	0.0	0.0008019246190858059	0.0008019246190858059	0.0	0.0020850040096230954
infection_study_06	T_NK_lineage	27	CD4 Naive / T Central Memory	1	16472	0.7757554185516123	0.809555609519184	0.942602685816535	0.17185016998542982	0.03068388780961632	0.20253405779504613	0.7400686280214888	0.7400686280214888	0.0	0.9987251092763477	0.6460174842156386	0.809555609519184	0.43006313744536184	0.6185041282175814	1.329905643703245	0.3957625060709082	0.09754735308402136	0.07728266148615832	0.049993929091792136	NKG7;GNLY;GZMB;PRF1;FOXP3	CD8A;CD8B		0.0	0.0	0.9029261777561923	0.4806945118989801	0.0	2.665445024330377
infection_study_06	T_NK_lineage	27	CD4 T Effector Memory	2	16472	0.8127537349420889	0.8127537349420889	0.5843249150072851	0.3961540796503157	0.13290280475959204	0.5290568844099077	0.05526803059737739	0.05526803059737739	0.0	0.9993322000971345	0.5608170093357078	0.5843249150072851	0.18145944633317143	0.34221709567751335	0.950465298187446	0.8257042253521126	0.37448397280233126	0.3843491986401166	0.1173203011170471	CCR7;TCF7;LEF1;FOXP3	NKG7;GNLY;GZMB;PRF1		0.0	0.0	0.8333535696940262	0.8207867897037396	0.0	2.209420531811559
infection_study_06	T_NK_lineage	27	NKT Cell	3	16472	0.5918114091437039	0.8941233608547838	0.8941233608547838	0.0631854055366683	0.03068388780961632	0.0938692933462846	0.8002540675084993	0.8002540675084993	0.0	0.9944754735308402	0.3727711094151113	0.8941233608547838	0.18516270033997087	0.8717217095677513	0.9577988006892386	0.12858183584264207	0.0651104905293832	0.07728266148615832	0.049993929091792136	MS4A1;LST1	CD8A;CD8B		0.0	0.0	0.0	0.0	0.0	0.8002540675084993
infection_study_06	T_NK_lineage	27	CD8 Naive / T Central Memory	4	16472	0.7058046456986979	0.7492107819329772	0.7564336037279685	0.17186316172899466	0.14323397280233124	0.31509713453132593	0.4413364691966426	0.4413364691966426	0.0	0.9986036911121904	0.5550968647131833	0.7492107819329772	0.3166585721223895	0.6185041282175814	1.0288912871799654	0.3843491986401166	0.1173203011170471	0.31829771733851386	0.31829771733851386	NKG7;GNLY;GZMB;PRF1	CD4		0.0	0.0	0.045531811559009226	0.018698397280233123	0.0	0.5328857649712905
infection_study_06	T_NK_lineage	27	MAIT Cell	5	16472	0.8805181117950565	0.8805181117950565	0.5864300452720848	0.0631854055366683	0.11456714424477901	0.1777525497814473	0.4086774954906375	0.4086774954906375	0.0	0.9982394366197183	0.500182127246236	0.43983729966002916	0.004978144730451675	0.4378946090335114	1.5863709824482224	0.12858183584264207	0.0651104905293832	0.32060466245750363	0.12257163671685282	MS4A1;LST1	NKG7;GNLY;GZMB		0.0	0.0	0.005524526469159787	0.005524526469159787	0.0	0.4230412643104529
infection_study_06	T_NK_lineage	27	Treg	6	16472	0.7326934489097632	0.7326934489097632	0.1928053336886887	0.15603296503156872	0.29817417435648375	0.45420713938805246	0.0	0.0	0.0	0.9916221466731423	0.24729844584749877	0.14187712481787276	0.010806216610004856	0.09057795046138903	1.2037128354832638	0.35029140359397765	0.10419196211753276	0.7362190383681398	0.5153897523069452	NKG7;GNLY;GZMB;CD8A	CCR7;TCF7		0.0	0.0	0.04122146673142302	0.04103933948518698	0.0	0.10699368625546381
infection_study_06	T_NK_lineage	27	CD8 Cytotoxic / T Effector Memory	7	16472	0.5985259049854421	0.5985259049854421	0.328861097620204	0.3959118504128218	0.017092642059252063	0.4130044924720738	0.0	0.0	0.0	0.9959324915007285	0.2697525277054174	0.328861097620204	0.04941719281204468	0.1818237008256435	0.55672077097485	0.8254006799417193	0.37390723652258384	0.04547110247693055	0.02300874210781933	CCR7;TCF7;LEF1;MS4A1	KLRD1;FCGR3A		0.0	0.0	0.03788246721709568	0.03600048567265663	0.0	0.09661243322000972
infection_study_06	T_NK_lineage	27	gdT Cell	8	16472	0.6904705646316303	0.6904705646316303	0.030233122875182126	0.0631854055366683	0.11427118746964544	0.17745659300631372	0.0	0.0	0.0	0.9894366197183099	0.3135522907560304	0.030233122875182126	0.0012141816415735794	0.014388052452646917	0.2448944824815579	0.12858183584264207	0.0651104905293832	0.2978994657600777	0.16600898494414762	MS4A1;LST1	NKG7;GNLY		0.0	0.0	0.001699854298203011	0.00012141816415735794	0.0	0.002841185041282176
infection_study_06	T_NK_lineage	27	NK Cell	9	16472	0.11963417449349702	0.3175692083535697	0.3175692083535697	0.47999125789218067	0.03068388780961632	0.510675145701797	0.0	0.0	0.0	0.4720738222438077	0.07992350655658086	0.3175692083535697	0.045046138902379795	0.1818237008256435	0.5770514381311445	0.9918042739193783	0.4686619718309858	0.07728266148615832	0.049993929091792136	CD3D;CD3E;TRAC;MS4A1;LST1	CD8A;CD8B		0.0	0.0	0.0007892180670228266	0.0008499271491015056	0.0	0.002112676056338028
infection_study_06	T_NK_lineage	28	CD4 Naive / T Central Memory	1	28775	0.8920217696875351	0.9476976542137272	1.0	0.14856854908774977	0.02173240660295395	0.17030095569070372	0.8296990443092963	0.8296990443092963	0.0	0.9995482189400521	0.7536020851433536	0.9476976542137272	0.7202085143353606	0.7952736750651608	1.55407088976844	0.3439096437880104	0.08128583840139011	0.05643788010425717	0.03200695047784535	NKG7;GNLY;GZMB;PRF1;FOXP3	CD8A;CD8B		0.0	0.0	0.9833188531711555	0.9506516072980017	0.0	3.3536608166811472
infection_study_06	T_NK_lineage	28	NKT Cell	2	28775	0.5737404050573551	0.8887923544743701	0.8887923544743701	0.046773240660295395	0.02173240660295395	0.06850564726324934	0.8202867072111207	0.8202867072111207	0.0	0.994370112945265	0.35639568077448175	0.8887923544743701	0.14429192006950478	0.8694700260642919	0.9521513063995218	0.09522154648132058	0.048132059079061686	0.05643788010425717	0.03200695047784535	MS4A1;LST1	CD8A;CD8B		0.0	0.0	0.0	0.0	0.0	0.8202867072111207
infection_study_06	T_NK_lineage	28	CD8 Naive / T Central Memory	3	28775	0.8658696211818141	0.9352910512597741	1.0	0.14906759339704606	0.141372719374457	0.29044031277150306	0.7095596872284969	0.7095596872284969	0.0	0.9995134665508254	0.6787411912346752	0.9352910512597741	0.6466724587315378	0.7952736750651608	1.2810694337270785	0.33546481320590793	0.09814074717636839	0.31416159860990445	0.31416159860990445	NKG7;GNLY;GZMB;PRF1	CD4		0.0	0.0	0.030234578627280625	0.02095569070373588	0.0	0.7788907037358819
infection_study_06	T_NK_lineage	28	CD4 T Effector Memory	4	28775	0.6245623279980759	0.6245623279980759	0.4058731537793223	0.4942875760208515	0.11536055603822763	0.6	0.0	0.0	0.0	0.9988879235447436	0.432570711458635	0.4058731537793223	0.04413553431798436	0.31416159860990445	0.6650789679752396	0.9708774978279757	0.5697914856646396	0.33546481320590793	0.09814074717636839	CCR7;TCF7;LEF1;FOXP3	NKG7;GNLY;GZMB;PRF1		0.0	0.0	0.12403127715030408	0.12198088618592529	0.0	0.32043092962641184
infection_study_06	T_NK_lineage	28	Treg	5	28775	0.7122194034486802	0.7122194034486802	0.17089023147977417	0.13814839270199827	0.39792093831450914	0.5360693310165074	0.0	0.0	0.0	0.9929452649869679	0.23662206776715897	0.1345264986967854	0.011711555169417898	0.07784535186794092	1.145454931131955	0.31165942658557777	0.08962641181581235	0.9334839270199826	0.7858384013900956	NKG7;GNLY;GZMB;CD8A	CCR7;TCF7		0.0	0.0	0.038227628149435276	0.03450912250217202	0.0	0.09567332754126848
infection_study_06	T_NK_lineage	28	CD8 Cytotoxic / T Effector Memory	6	28775	0.5365130549233794	0.5365130549233794	0.2840312771503041	0.4940463944396178	0.014306689834926152	0.508353084274544	0.0	0.0	0.0	0.9944396177237185	0.22839902061448542	0.2840312771503041	0.03190269331016508	0.15311902693310164	0.4830690818611016	0.9705647263249348	0.5692354474370114	0.03808861859252824	0.019200695047784537	CCR7;TCF7;LEF1;MS4A1	KLRD1;FCGR3A		0.0	0.0	0.0021546481320590793	0.0018071242397914857	0.0	0.005254561251086013
infection_study_06	T_NK_lineage	28	gdT Cell	7	28775	0.6861192256604813	0.6861192256604813	0.019669852302345785	0.046773240660295395	0.10156993918331886	0.14834317984361425	0.0	0.0	0.0	0.9912423979148567	0.3120069504778454	0.019669852302345785	0.0003127715030408341	0.01268462206776716	0.1805970455594255	0.09522154648132058	0.048132059079061686	0.26613379669852305	0.14486533449174632	MS4A1;LST1	NKG7;GNLY		0.0	0.0	0.0015986099044309296	0.0	0.0	0.0025577758470894875
infection_study_06	T_NK_lineage	28	NK Cell	8	28775	0.11963417449349702	0.28208514335360557	0.28208514335360557	0.4760101476976542	0.02173240660295395	0.49774255430060815	0.0	0.0	0.0	0.43079061685490877	0.06891398783666378	0.28208514335360557	0.030338835794960904	0.15311902693310164	0.5145421111956685	0.9925977410947002	0.44919548218940053	0.05643788010425717	0.03200695047784535	CD3D;CD3E;TRAC;MS4A1;LST1	CD8A;CD8B		0.0	0.0	0.00024326672458731537	0.0002780191138140747	0.0	0.0006672458731537793
infection_study_06	T_NK_lineage	28	MAIT Cell	9	28775	0.7632975541129988	0.7632975541129988	0.06721112076455256	0.046773240660295395	0.10499913119026932	0.15177237185056472	0.0	0.0	0.0	0.9985403996524761	0.4434603450415788	0.06721112076455256	3.475238922675934e-05	0.06679409209383146	0.2722884064877717	0.09522154648132058	0.048132059079061686	0.29480451781059946	0.11038517231392993	MS4A1;LST1	NKG7;GNLY;GZMB		0.0	0.0	0.0	0.0	0.0	0.0
infection_study_06	T_NK_lineage	29	NK Cell	1	14776	0.9644429645547621	1.0	1.0	0.18276746074715755	0.1118249187872225	0.29459237953438006	0.7054076204656199	0.7054076204656199	0.0	1.0	0.9568218733080671	1.0	0.9989848402815377	1.0	1.7792330220591825	0.4221710882512182	0.10155657823497563	0.2948700595560368	0.15575933946940984	CD3D;CD3E;TRAC;MS4A1;LST1	CD8A;CD8B		0.0	0.0	0.9997292907417433	0.9993909041689226	0.0	3.304365389821332
infection_study_06	T_NK_lineage	29	NKT Cell	2	14776	0.8866808719961228	1.0	1.0	0.03296765024363833	0.1118249187872225	0.14479256903086085	0.8552074309691391	0.8552074309691391	0.0	1.0	0.521792095289659	1.0	0.3335138061721711	1.0	1.069961059054536	0.06706821873308066	0.03400785056848944	0.2948700595560368	0.15575933946940984	MS4A1;LST1	CD8A;CD8B		0.0	0.0	0.0	0.0	0.0	0.8552074309691391
infection_study_06	T_NK_lineage	29	CD8 Cytotoxic / T Effector Memory	3	14776	0.8914543219694726	1.0	1.0	0.038306036816459124	0.44100060909583105	0.47930664591229016	0.5206933540877099	0.5206933540877099	0.0	1.0	0.66281931387508	1.0	0.9836897671900379	1.0	1.6593465069714541	0.08703302652950731	0.023788576069301574	0.9953979426096372	0.9492081754195993	CCR7;TCF7;LEF1;MS4A1	KLRD1;FCGR3A		0.0	0.0	0.002097996751488901	0.002097996751488901	0.0	0.5261481456415811
infection_study_06	T_NK_lineage	29	MAIT Cell	4	14776	0.4520295169503099	0.8950324851109908	1.0	0.03296765024363833	0.448568624796968	0.48153627504060637	0.5184637249593936	0.5184637249593936	0.0	0.9390904168922577	0.19512336607626266	0.8950324851109908	0.003519220357336221	0.8950324851109908	3.191636784317668	0.06706821873308066	0.03400785056848944	1.0	0.9904574986464537	MS4A1;LST1	NKG7;GNLY;GZMB		0.0	0.0	0.0	0.0	0.0	0.5184637249593936
infection_study_06	T_NK_lineage	29	CD4 T Effector Memory	5	14776	0.5876960534887459	0.843733080671359	0.9350630697913859	0.03399972929074174	0.44881733892799136	0.4828170682187331	0.45224600157265277	0.45224600157265277	0.0	0.9982403898213319	0.34762828610960717	0.843733080671359	0.02625879805089334	0.8383865728207904	1.3653199564801075	0.07728749323226855	0.02104764482945317	1.0	0.9921155928532757	CCR7;TCF7;LEF1;FOXP3	NKG7;GNLY;GZMB;PRF1		0.0	0.0	0.0	0.0	0.0	0.45224600157265277
infection_study_06	T_NK_lineage	29	gdT Cell	6	14776	0.43604640622488333	0.6046291283161884	0.8546291283161884	0.03296765024363833	0.44828438007579857	0.4812520303194369	0.3733770979967515	0.3733770979967515	0.0	0.7315240931239848	0.1880865367262227	0.6046291283161884	0.13366269626421223	0.48524634542501355	3.7411782019519073	0.06706821873308066	0.03400785056848944	1.0	0.9885625338386572	MS4A1;LST1	NKG7;GNLY		0.0	0.0	0.0005414185165132648	0.0005414185165132648	0.0	0.374784786139686
infection_study_06	T_NK_lineage	29	Treg	7	14776	0.3849368314057837	0.3849368314057837	0.00744450460205739	0.5	0.019176367081754197	0.5191763670817542	0.0	0.0	0.0	0.6079453167298322	0.08639009204114781	0.00744450460205739	0.0001353546291283162	0.004195993502977802	0.1382576482358606	1.0	0.8125845966432053	0.050554953979426095	0.026732539252842448	NKG7;GNLY;GZMB;CD8A	CCR7;TCF7		0.0	0.0	0.0002030319436924743	0.0002030319436924743	0.0	0.0005278830536004332
infection_study_06	T_NK_lineage	29	CD8 Naive / T Central Memory	8	14776	0.27242627107684536	0.314631835408771	0.314631835408771	0.5	0.004020032485110991	0.504020032485111	0.0	0.0	0.0	0.7202219815917704	0.13330927028815495	0.314631835408771	0.016648619382782892	0.27896589063345967	0.43994484132973155	1.0	0.9921155928532757	0.008933405522468869	0.008933405522468869	NKG7;GNLY;GZMB;PRF1	CD4		0.0	0.0	0.0	0.0	0.0	0.0
infection_study_06	T_NK_lineage	29	CD4 Naive / T Central Memory	9	14776	0.1853145860048901	0.1853145860048901	0.05725500812127775	0.5	0.1118249187872225	0.6	0.0	0.0	0.0	0.6350162425554954	0.09655522468868434	0.05725500812127775	0.004331348132106118	0.03850839198700596	0.10913574848236235	1.0	0.7939496480779643	0.2948700595560368	0.15575933946940984	NKG7;GNLY;GZMB;PRF1;FOXP3	CD8A;CD8B		0.0	0.0	0.0	0.0	0.0	0.0
infection_study_06	T_NK_lineage	3	CD8 Cytotoxic / T Effector Memory	1	7493	0.9573912633597981	0.9997330842119312	1.0	0.08250900840784732	0.35686307220072067	0.43937208060856797	0.5606279193914321	0.5606279193914321	0.0	1.0	0.9022117612802252	0.9997330842119312	0.9532897370879487	0.9994661684238623	1.658907986396615	0.18537301481382623	0.05485119444815161	0.8685439743760843	0.6419991992526358	CCR7;TCF7;LEF1;MS4A1	KLRD1;FCGR3A		0.0	0.0	0.9853196316562125	0.9829173895635926	0.0	3.120056719604965
infection_study_06	T_NK_lineage	3	NKT Cell	2	7493	0.9340612456776679	0.9997330842119312	1.0	0.04466034965968237	0.362127986120379	0.40678833578006135	0.5932116642199387	0.5932116642199387	0.0	1.0	0.6977941316657451	0.9997330842119312	0.9395435740024023	0.9994661684238623	1.0696782971740604	0.090484452155345	0.04671026291205125	0.8299746430001335	0.7542372881355932	MS4A1;LST1	CD8A;CD8B		0.0	0.0	0.0	0.0	0.0	0.5932116642199387
infection_study_06	T_NK_lineage	3	CD4 T Effector Memory	3	7493	0.8907067896720889	0.9983985052715868	1.0	0.07345589216602162	0.43303916989189906	0.5064950620579207	0.4935049379420793	0.4935049379420793	0.0	0.9998665421059656	0.5526936251612615	0.9983985052715868	0.2642466301881756	0.9975977579073803	1.6126663409239455	0.16535433070866143	0.04827839316695583	1.0	0.8869277992793274	CCR7;TCF7;LEF1;FOXP3	NKG7;GNLY;GZMB;PRF1		0.0	0.0	0.038435873481916454	0.002802615774723075	0.0	0.5578049512878687
infection_study_06	T_NK_lineage	3	NK Cell	4	7493	0.873972218629931	0.9998665421059656	1.0	0.48384679033764844	0.362127986120379	0.6	0.4	0.4	0.0	1.0	0.7521019618310423	0.9998665421059656	0.9510209528893634	0.9994661684238623	1.7789979203838158	0.9957293473908981	0.47940744695048715	0.8299746430001335	0.7542372881355932	CD3D;CD3E;TRAC;MS4A1;LST1	CD8A;CD8B		0.0	0.0	0.03389830508474576	0.026558120912851996	0.0	0.48079540904844525
infection_study_06	T_NK_lineage	3	CD8 Naive / T Central Memory	5	7493	0.6804465614118631	0.8310423061524089	0.8659898864366252	0.5	0.018257039903910317	0.5182570399039104	0.34773284653271486	0.34773284653271486	0.0	0.9977312158014147	0.48716579919035546	0.8310423061524089	0.09835846790337649	0.8074202589083145	1.1397903211368652	1.0	0.8869277992793274	0.04057119978646737	0.04057119978646737	NKG7;GNLY;GZMB;PRF1	CD4		0.0	0.0	0.03349793140264247	0.0	0.0	0.40132953677694283
infection_study_06	T_NK_lineage	3	gdT Cell	6	7493	0.9094863480176797	0.9094863480176797	0.5002286202393211	0.04466034965968237	0.4298712131322568	0.47453156279193914	0.025697057447381988	0.025697057447381988	0.0	0.9966635526491392	0.38938564882779486	0.2914720405711998	0.04817829974643	0.17816628853596692	1.8350263186724851	0.090484452155345	0.04671026291205125	0.9997330842119312	0.8663419191245162	MS4A1;LST1	NKG7;GNLY		0.0	0.0	0.07580408381155745	0.06859735753369813	0.0	0.21558094907957204
infection_study_06	T_NK_lineage	3	Treg	7	7493	0.8259361678726693	0.8259361678726693	0.0411050313626051	0.5	0.04573268383824903	0.545732683838249	0.0	0.0	0.0	0.9959962631789671	0.2375150140130789	0.0411050313626051	0.0014680368343787534	0.0369678366475377	0.4050365206920442	0.9998665421059656	0.8498932336847724	0.12011210463098893	0.06466034965968237	NKG7;GNLY;GZMB;CD8A	CCR7;TCF7		0.0	0.0	0.006539436807687175	0.006539436807687175	0.0	0.017002535699986658
infection_study_06	T_NK_lineage	3	MAIT Cell	8	7493	0.6824528728324887	0.6824528728324887	0.4438694674045959	0.04466034965968237	0.4295675964233284	0.4742279460830108	0.0	0.0	0.0	0.9958628052849327	0.3970944309927361	0.36407313492593085	0.00440411050313626	0.36327238756172425	1.31918532991466	0.090484452155345	0.04671026291205125	0.9998665421059656	0.8640508919435917	MS4A1;LST1	NKG7;GNLY;GZMB		0.0	0.0	0.0064059789136527425	0.0064059789136527425	0.0	0.01665554517549713
infection_study_06	T_NK_lineage	3	CD4 Naive / T Central Memory	9	7493	0.5351968662865956	0.5351968662865956	0.15387695182170025	0.5	0.362127986120379	0.6	0.0	0.0	0.0	0.9967970105431736	0.3029494194581609	0.15387695182170025	0.01427999466168424	0.10262912051247831	0.265925680416519	1.0	0.7100493794207928	0.8299746430001335	0.7542372881355932	NKG7;GNLY;GZMB;PRF1;FOXP3	CD8A;CD8B		0.0	0.0	0.0061390631255838785	0.0009342052582410249	0.0	0.010756706259175231
infection_study_06	T_NK_lineage	30	CD8 Cytotoxic / T Effector Memory	1	16930	0.9826206294741651	1.0	1.0	0.06318369757826343	0.39520968694624925	0.45839338452451267	0.5416066154754873	0.5416066154754873	0.0	1.0	0.9730226064543845	1.0	0.9989367985823981	0.9999409332545777	1.6593465069714541	0.14353219137625517	0.03927938570584761	0.9414057885410514	0.7519196692262257	CCR7;TCF7;LEF1;MS4A1	KLRD1;FCGR3A		0.0	0.0	0.9988777318369758	0.9984051978735972	0.0	3.138216184288246
infection_study_06	T_NK_lineage	30	NKT Cell	2	16930	0.9675083304225702	1.0	1.0	0.03368753691671589	0.43563792085056113	0.469325457767277	0.530674542232723	0.530674542232723	0.0	1.0	0.736697325120243	1.0	0.958476077968104	0.9999409332545777	1.069961059054536	0.06845835794447726	0.03487891317188423	0.9836385115180154	0.9369757826343769	MS4A1;LST1	CD8A;CD8B		0.0	0.0	0.0	0.0	0.0	0.530674542232723
infection_study_06	T_NK_lineage	30	CD8 Naive / T Central Memory	3	16930	0.7253927717192277	0.9754282339043119	1.0	0.5	0.007309509746012993	0.507309509746013	0.49269049025398703	0.49269049025398703	0.0	0.9997046662728883	0.5159217693771739	0.9754282339043119	0.07525103366804489	0.9742468989958654	1.335463810753407	1.0	0.973656231541642	0.016243354991139988	0.016243354991139988	NKG7;GNLY;GZMB;PRF1	CD4		0.0	0.0	0.021204961606615474	5.906674542232723e-05	0.0	0.5266774955699941
infection_study_06	T_NK_lineage	30	CD4 T Effector Memory	4	16930	0.8724257876283102	0.999645599527466	1.0	0.058451269935026584	0.4460484347312463	0.5044997046662729	0.4955002953337271	0.4955002953337271	0.0	1.0	0.5252543151539018	0.999645599527466	0.1410513880685174	0.999645599527466	1.6146607379008378	0.13295924394565858	0.036030714707619614	1.0	0.973656231541642	CCR7;TCF7;LEF1;FOXP3	NKG7;GNLY;GZMB;PRF1		0.0	0.0	0.0008860011813349084	0.0001772002362669817	0.0	0.4970950974601299
infection_study_06	T_NK_lineage	30	NK Cell	5	16930	0.898632324094229	1.0	1.0	0.48399267572356763	0.43563792085056113	0.6	0.4	0.4	0.0	1.0	0.8301757235676314	1.0	0.9955699940933255	0.9999409332545777	1.7792330220591825	0.9982870643827525	0.47565268753691675	0.9836385115180154	0.9369757826343769	CD3D;CD3E;TRAC;MS4A1;LST1	CD8A;CD8B		0.0	0.0	0.010395747194329593	0.010750147666863556	0.0	0.4273833431777909
infection_study_06	T_NK_lineage	30	gdT Cell	6	16930	0.8974835295127201	0.8974835295127201	0.31528919977655767	0.03368753691671589	0.4469034258712345	0.4805909627879504	0.0	0.0	0.0	0.9979326639102185	0.3639299074620988	0.21813349084465447	0.015534554046072062	0.15912581216774957	1.3886228357276127	0.06845835794447726	0.03487891317188423	1.0	0.9793561724748967	MS4A1;LST1	NKG7;GNLY		0.0	0.0	0.0017129356172474897	0.0009450679267572357	0.0	0.0036857649143532192
infection_study_06	T_NK_lineage	30	CD4 Naive / T Central Memory	7	16930	0.5293126933038752	0.5293126933038752	0.09078558771411695	0.5	0.43563792085056113	0.6	0.0	0.0	0.0	0.9985823981098642	0.28614294152392206	0.09078558771411695	0.004016538688718252	0.06715888954518606	0.16354634188104483	1.0	0.7793030124040166	0.9836385115180154	0.9369757826343769	NKG7;GNLY;GZMB;PRF1;FOXP3	CD8A;CD8B		0.0	0.0	0.000531600708800945	0.000531600708800945	0.0	0.0013821618428824572
infection_study_06	T_NK_lineage	30	Treg	8	16930	0.8143101370697459	0.8143101370697459	0.0390431187241583	0.5	0.028834908446544592	0.5288349084465446	0.0	0.0	0.0	0.9980507974010632	0.22843473124630834	0.0390431187241583	0.0007678676904902539	0.034790313053750736	0.3886946870451414	1.0	0.9739663319551093	0.07631423508564678	0.03960425280567041	NKG7;GNLY;GZMB;CD8A	CCR7;TCF7		0.0	0.0	0.0004134672179562906	0.0004134672179562906	0.0	0.0010750147666863557
infection_study_06	T_NK_lineage	30	MAIT Cell	9	16930	0.624110907928435	0.624110907928435	0.17265209686946248	0.03368753691671589	0.4460809214412286	0.47976845835794446	0.0	0.0	0.0	0.9981098641464855	0.3620622732258881	0.17265209686946248	0.00023626698168930892	0.1720023626698169	0.6441306369570126	0.06845835794447726	0.03487891317188423	1.0	0.9738728096081907	MS4A1;LST1	NKG7;GNLY;GZMB		0.0	0.0	5.906674542232723e-05	5.906674542232723e-05	0.0	0.0001535735380980508
infection_study_06	T_NK_lineage	31	CD4 T Effector Memory	1	23911	0.7801409010755521	0.7801409010755521	0.496215131111204	0.38311467525406717	0.1349363263769813	0.5180510016310484	0.0	0.0	0.0	0.9999581782443226	0.5358900366637391	0.496215131111204	0.09514449416586508	0.3414328133495044	0.8095570341901447	0.8081217849525323	0.3455836226004768	0.3901969804692401	0.11918154824139517	CCR7;TCF7;LEF1;FOXP3	NKG7;GNLY;GZMB;PRF1		0.0	0.0	0.9367655054159174	0.9352599222115344	0.0	2.4340847308770024
infection_study_06	T_NK_lineage	31	CD4 Naive / T Central Memory	2	23911	0.7606947880622054	0.7795993475806114	0.8499231353794414	0.17428179498975366	0.0581437413742629	0.23242553636401656	0.6174975990154249	0.6174975990154249	0.0	1.0	0.6510434528041487	0.7795993475806114	0.3814562335326837	0.5932416042825478	1.2812951511953197	0.4012379239680482	0.09914265400861527	0.1392246246497428	0.10917569319560036	NKG7;GNLY;GZMB;PRF1;FOXP3	CD8A;CD8B		0.0	0.0	0.8929781272217807	0.27292877755008155	0.0	2.3191913801203556
infection_study_06	T_NK_lineage	31	NKT Cell	3	23911	0.596784583793113	0.9210823470369286	0.9210823470369286	0.08645267868345113	0.0581437413742629	0.14459642005771403	0.7764859269792146	0.7764859269792146	0.0	0.9979925557274895	0.38268698805690143	0.9210823470369286	0.2056375726653005	0.9017188741583372	0.9863582713887279	0.1757768391117059	0.08935218100455856	0.1392246246497428	0.10917569319560036	MS4A1;LST1	CD8A;CD8B		0.0	0.0	0.0	0.0	0.0	0.7764859269792146
infection_study_06	T_NK_lineage	31	CD8 Naive / T Central Memory	4	23911	0.706219202817538	0.7248128476433441	0.7248128476433441	0.1744947931914182	0.15364476600727697	0.3281395591986952	0.3966732884446489	0.3966732884446489	0.0	1.0	0.571559347394737	0.7248128476433441	0.26623729664171303	0.5932416042825478	0.9958269226936233	0.3901969804692401	0.11918154824139517	0.3414328133495044	0.3414328133495044	NKG7;GNLY;GZMB;PRF1	CD4		0.0	0.0	0.09280247584793609	0.01982351219104178	0.0	0.5649807619923884
infection_study_06	T_NK_lineage	31	MAIT Cell	5	23911	0.8482104548162956	0.8482104548162956	0.38993678580031005	0.08645267868345113	0.11984860524444815	0.2063012839278993	0.18363550187241076	0.18363550187241076	0.0	0.9999581782443226	0.49136380745263686	0.33541048053197275	0.007067876709464263	0.33214838358914306	1.2181052210733492	0.1757768391117059	0.08935218100455856	0.3351595499979089	0.1286716016338366	MS4A1;LST1	NKG7;GNLY;GZMB		0.0	0.0	0.00338756220986157	0.00338756220986157	0.0	0.19244316361805083
infection_study_06	T_NK_lineage	31	Treg	6	23911	0.7571257292518997	0.7571257292518997	0.3003574182581966	0.17748337585211826	0.27459014679436244	0.4520735226464807	0.0	0.0	0.0	0.9977416251934256	0.2613148759984944	0.1779515704069257	0.015766801890343355	0.11894107314625069	1.4896233914050836	0.39559198695161224	0.12344736732048012	0.6887206724938313	0.4531596336414203	NKG7;GNLY;GZMB;CD8A	CCR7;TCF7		0.0	0.0	0.035673957592739745	0.03554849232570784	0.0	0.09262682447409143
infection_study_06	T_NK_lineage	31	CD8 Cytotoxic / T Effector Memory	7	23911	0.5893461237700767	0.5893461237700767	0.36865877629542887	0.3830504788591025	0.019130316590690477	0.40218079544979296	0.0	0.0	0.0	0.9981180209945214	0.27710334916223417	0.36865877629542887	0.0728953201455397	0.18711053490025512	0.622105067108817	0.8076199238844046	0.3461586717410397	0.05081343314792355	0.025908577642089415	CCR7;TCF7;LEF1;MS4A1	KLRD1;FCGR3A		0.0	0.0	0.020158086236460208	0.019739868679687172	0.0	0.0519928066580235
infection_study_06	T_NK_lineage	31	NK Cell	8	23911	0.11963417449349702	0.3260842290159341	0.3260842290159341	0.4861973150432855	0.0581437413742629	0.5443410564175484	0.0	0.0	0.0	0.4933712517251474	0.08435970892058049	0.3260842290159341	0.04746769269373928	0.18711053490025512	0.5920516420380701	0.9976998034377483	0.4866881351679143	0.1392246246497428	0.10917569319560036	CD3D;CD3E;TRAC;MS4A1;LST1	CD8A;CD8B		0.0	0.0	0.0010873656476098866	0.0012964744259964032	0.0	0.003036259462172222
infection_study_06	T_NK_lineage	31	gdT Cell	9	23911	0.7049229564328267	0.7049229564328267	0.03475387896783907	0.08645267868345113	0.11733198109656644	0.20378465978001759	0.0	0.0	0.0	0.997239764125298	0.32190902374081665	0.03475387896783907	0.0012128309146417966	0.017356028606080882	0.2724118150826395	0.1757768391117059	0.08935218100455856	0.3058843210237966	0.17044456526284973	MS4A1;LST1	NKG7;GNLY		0.0	0.0	0.0006691480908368533	4.182175567730333e-05	0.0	0.0011124587010162687
infection_study_06	T_NK_lineage	4	Treg	1	13775	0.9704637117486454	0.9704637117486454	1.0	0.1766043557168784	0.1714301270417423	0.3480344827586207	0.6519655172413793	0.6519655172413793	0.8	0.9992014519056261	0.4195716878402903	0.6297640653357531	0.2977858439201452	0.3897640653357532	5.070495099568646	0.39259528130671506	0.12462794918330308	0.42969147005444647	0.2834845735027223	NKG7;GNLY;GZMB;CD8A	CCR7;TCF7		0.0	0.0	0.6737568058076225	0.6737568058076225	0.0	2.403733212341198
infection_study_06	T_NK_lineage	4	CD4 Naive / T Central Memory	2	13775	0.6951216416945355	0.6951216416945355	0.672467679697446	0.3218906715063521	0.04283303085299455	0.36472370235934665	0.3077439773380994	0.3077439773380994	0.0	0.9998548094373866	0.578896551724138	0.6533575317604355	0.2672958257713249	0.426497277676951	1.0764405917480422	0.7153539019963703	0.22752813067150637	0.1060617059891107	0.07343012704174229	NKG7;GNLY;GZMB;PRF1;FOXP3	CD8A;CD8B		0.0	0.0	0.8248275862068966	0.06235934664246824	0.0	1.6898274619116023
infection_study_06	T_NK_lineage	4	CD4 T Effector Memory	3	13775	0.6706410164988899	0.6706410164988899	0.5911433756805807	0.38384936479128856	0.19528856624319418	0.5791379310344827	0.012005444646097985	0.012005444646097985	0.0	0.9994192377495463	0.49494656180681595	0.5911433756805807	0.17023593466424683	0.426497277676951	0.9613696202062256	0.8034845735027223	0.3569328493647913	0.5547005444646098	0.19252268602540834	CCR7;TCF7;LEF1;FOXP3	NKG7;GNLY;GZMB;PRF1		0.0	0.0	0.42715063520871144	0.42584392014519057	0.0	1.121290381125227
infection_study_06	T_NK_lineage	4	NKT Cell	4	13775	0.6880107180540229	0.962540834845735	0.9701103451490334	0.0605059891107078	0.04283303085299455	0.10333901996370234	0.8667713251853311	0.8667713251853311	0.0	0.998983666061706	0.41980814104226083	0.962540834845735	0.23441016333938294	0.9552087114337569	1.0302780412131933	0.12297640653357532	0.06261343012704174	0.1060617059891107	0.07343012704174229	MS4A1;LST1	CD8A;CD8B		0.0	0.0	0.0	0.0	0.0	0.8667713251853311
infection_study_06	T_NK_lineage	4	CD8 Cytotoxic / T Effector Memory	5	13775	0.6764653627253928	0.6764653627253928	0.3684210526315789	0.30703085299455535	0.01746098003629764	0.324491833030853	0.04392921960072593	0.04392921960072593	0.0	0.9992014519056261	0.3309156904801188	0.3684210526315789	0.07397459165154265	0.23099818511796733	0.6217145067808627	0.6521960072595281	0.2690744101633394	0.04631578947368421	0.023774954627949183	CCR7;TCF7;LEF1;MS4A1	KLRD1;FCGR3A		0.0	0.0	0.05843920145190563	0.05836660617059891	0.0	0.19579854809437386
infection_study_06	T_NK_lineage	4	CD8 Naive / T Central Memory	6	13775	0.6264127272661348	0.6264127272661348	0.46054446460980036	0.25314119782214156	0.19192377495462795	0.4450649727767695	0.015479491833030878	0.015479491833030878	0.0	0.9995644283121597	0.507610405323654	0.46054446460980036	0.15912885662431941	0.3065698729582577	0.6376873345174974	0.5547005444646098	0.19252268602540834	0.426497277676951	0.426497277676951	NKG7;GNLY;GZMB;PRF1	CD4		0.0	0.0	0.014736842105263158	0.003774954627949183	0.0	0.042833393829401115
infection_study_06	T_NK_lineage	4	MAIT Cell	7	13775	0.676888380193597	0.676888380193597	0.2033393829401089	0.0605059891107078	0.13065698729582575	0.19116297640653357	0.012176406533575324	0.012176406533575324	0.0	0.9988384754990925	0.4095929478869587	0.2033393829401089	0.001088929219600726	0.20312159709618874	0.7523506982755218	0.12297640653357532	0.06261343012704174	0.36355716878402905	0.14393224440411373	MS4A1;LST1	NKG7;GNLY;GZMB		0.0	0.0	0.0003629764065335753	0.0003629764065335753	0.0	0.01312014519056262
infection_study_06	T_NK_lineage	4	NK Cell	8	13775	0.2826427472446455	0.35143375680580763	0.35143375680580763	0.49560043557168787	0.04283303085299455	0.5384334664246824	0.0	0.0	0.0	0.632087114337568	0.12335753176043557	0.35143375680580763	0.05640653357531761	0.23099818511796733	0.6367077974215849	0.9988384754990925	0.5274627949183303	0.1060617059891107	0.07343012704174229	CD3D;CD3E;TRAC;MS4A1;LST1	CD8A;CD8B		0.0	0.0	0.001379310344827586	0.006170598911070781	0.0	0.00837749546279492
infection_study_06	T_NK_lineage	4	gdT Cell	9	13775	0.8261857481789098	0.8261857481789098	0.03513611615245009	0.0605059891107078	0.12997459165154265	0.19048058076225044	0.0	0.0	0.0	0.9978221415607985	0.33064730792498487	0.03513611615245009	0.0011615245009074411	0.014083484573502723	0.274738449726461	0.12297640653357532	0.06261343012704174	0.3377858439201452	0.1909255898366606	MS4A1;LST1	NKG7;GNLY		0.0	0.0	0.0005081669691470055	0.0005081669691470055	0.0	0.0013212341197822142
infection_study_06	T_NK_lineage	5	CD4 Naive / T Central Memory	1	19617	0.7948147727368867	0.851557322730285	1.0	0.21309394912575827	0.04576770148340725	0.25886165060916555	0.7411383493908344	0.7411383493908344	0.0	0.9915379517765204	0.6541265229137994	0.851557322730285	0.5266860376204313	0.6624866187490442	1.3980624774749266	0.4878421777030127	0.1259723709027884	0.11627669878166896	0.07256461232604375	NKG7;GNLY;GZMB;PRF1;FOXP3	CD8A;CD8B		0.0	0.0	0.9318448284651067	0.7899780802365295	0.0	3.0220681551715347
infection_study_06	T_NK_lineage	5	CD4 T Effector Memory	2	19617	0.6447523474447932	0.6447523474447932	0.4537391038385074	0.43802059438242347	0.16451101085792935	0.6	0.0	0.0	0.0	0.9909262374471122	0.4411026717189739	0.4537391038385074	0.07957383901717897	0.28001223428658817	0.7416278780869267	0.8893306825712393	0.45488606820614774	0.4731100576030994	0.15051995717999694	CCR7;TCF7;LEF1;FOXP3	NKG7;GNLY;GZMB;PRF1		0.0	0.0	0.3236988326451547	0.31885609420400673	0.0	0.8367742264362543
infection_study_06	T_NK_lineage	5	CD8 Naive / T Central Memory	3	19617	0.7728843385638436	0.8233674873833919	0.9240229168565073	0.2128962124687771	0.1260055054289647	0.3389017178977418	0.5851211989587655	0.5851211989587655	0.0	0.9908242850588775	0.6032862653140982	0.8233674873833919	0.4458377937503186	0.6624866187490442	1.1293893174234801	0.4731100576030994	0.15051995717999694	0.28001223428658817	0.28001223428658817	NKG7;GNLY;GZMB;PRF1	CD4		0.0	0.0	0.067390528623133	0.05118009889381659	0.0	0.7441261436495948
infection_study_06	T_NK_lineage	5	NKT Cell	4	19617	0.5989443901236299	0.8639955140949177	0.8639955140949177	0.08192333180404751	0.04576770148340725	0.12769103328745476	0.7363044808074629	0.7363044808074629	0.0	0.9817505225059897	0.37071344824823943	0.8639955140949177	0.22082887291634806	0.8156191058775552	0.9258823424454573	0.166641178569608	0.08454401794362032	0.11627669878166896	0.07256461232604375	MS4A1;LST1	CD8A;CD8B		0.0	0.0	0.0	0.0	0.0	0.7363044808074629
infection_study_06	T_NK_lineage	5	Treg	5	19617	0.7093567838102754	0.7093567838102754	0.20082933950009435	0.20998929499923535	0.33551001682214404	0.5454993118213793	0.0	0.0	0.0	0.9688535453943009	0.23087118315746552	0.14456848651679666	0.017943620329306215	0.07437426721720956	1.2250434119331908	0.46740072386195647	0.14716827241678138	0.8106744150481725	0.6153846153846154	NKG7;GNLY;GZMB;CD8A	CCR7;TCF7		0.0	0.0	0.08976907784064841	0.08706733955242901	0.0	0.23069786409746648
infection_study_06	T_NK_lineage	5	CD8 Cytotoxic / T Effector Memory	6	19617	0.5900815698540831	0.5900815698540831	0.432533007085691	0.4360279349543763	0.0249961767854412	0.4610241117398175	0.0	0.0	0.0	0.9865932609471377	0.2612298238540784	0.432533007085691	0.0836009583524494	0.23607075495743488	0.7270451480467476	0.8858133251771423	0.4519039608502829	0.06626905235255136	0.03410307386450528	CCR7;TCF7;LEF1;MS4A1	KLRD1;FCGR3A		0.0	0.0	0.032828669011571596	0.026456644746903197	0.0	0.07898251516541775
infection_study_06	T_NK_lineage	5	NK Cell	7	19617	0.3241528470888542	0.41866748228577255	0.41866748228577255	0.46544915124636793	0.04576770148340725	0.5112168527297751	0.0	0.0	0.0	0.6645766427078554	0.12779731865218943	0.41866748228577255	0.0754957434877912	0.23607075495743488	0.7551478613522933	0.9673752357648978	0.44475709843503075	0.11627669878166896	0.07256461232604375	CD3D;CD3E;TRAC;MS4A1;LST1	CD8A;CD8B		0.0	0.0	0.005505428964673497	0.00545445277055615	0.0	0.014263139114033745
infection_study_06	T_NK_lineage	5	gdT Cell	8	19617	0.6743091822588891	0.6743091822588891	0.025997858999847072	0.08192333180404751	0.15315032879645207	0.23507366060049958	0.0	0.0	0.0	0.9612071162766987	0.29719121170413415	0.025997858999847072	0.0006626905235255136	0.01600652495284702	0.21911490881682483	0.166641178569608	0.08454401794362032	0.39654381403884387	0.22791456389865933	MS4A1;LST1	NKG7;GNLY		0.0	0.0	0.003058571647040832	0.001019523882346944	0.0	0.0059132385176122754
infection_study_06	T_NK_lineage	5	MAIT Cell	9	19617	0.7377509248974787	0.7377509248974787	0.10898710302288832	0.08192333180404751	0.15640770760055053	0.23833103940459804	0.0	0.0	0.0	0.9835856654942142	0.4211143396034052	0.10898710302288832	0.0001529285823520416	0.10837538869348015	0.41961324164035185	0.166641178569608	0.08454401794362032	0.43416424529744607	0.1743895600754448	MS4A1;LST1	NKG7;GNLY;GZMB		0.0	0.0	0.0012234286588163328	0.0012234286588163328	0.0	0.0031809145129224657
infection_study_06	T_NK_lineage	6	NK Cell	1	5186	0.9463631979637148	0.9996143463170073	1.0	0.19273968376397996	0.09582529888160432	0.2885649826455843	0.7114350173544157	0.7114350173544157	0.0	1.0	0.9052015040493637	0.9996143463170073	0.9978789047435404	0.9963362900115696	1.778553648031599	0.43906671808715775	0.11770150404936366	0.2506748939452372	0.13748553798688778	CD3D;CD3E;TRAC;MS4A1;LST1	CD8A;CD8B		0.0	0.0	0.981681450057848	0.9568067875048206	0.0	3.238932124951793
infection_study_06	T_NK_lineage	6	NKT Cell	2	5186	0.8747535923247711	0.997686077902044	1.0	0.02904936367142306	0.09582529888160432	0.12487466255302739	0.8751253374469726	0.8751253374469726	0.0	0.9996143463170073	0.526665197509779	0.997686077902044	0.37331276513690703	0.9963362900115696	1.0675097654520622	0.05919784033937524	0.029791747011183957	0.2506748939452372	0.13748553798688778	MS4A1;LST1	CD8A;CD8B		0.0	0.0	0.0	0.0	0.0	0.8751253374469726
infection_study_06	T_NK_lineage	6	CD8 Cytotoxic / T Effector Memory	3	5186	0.8620431260265728	0.9994215194755109	1.0	0.04500096413420748	0.4353355187042036	0.4803364828384111	0.5196635171615889	0.5196635171615889	0.0	1.0	0.6384321424815061	0.9994215194755109	0.9778249132279213	0.9963362900115696	1.6583961112906007	0.10142691862707288	0.0293578866178172	0.9895873505591979	0.9230620902429618	CCR7;TCF7;LEF1;MS4A1	KLRD1;FCGR3A		0.0	0.0	0.08330119552641728	0.08252988816043193	0.0	0.7354753181642885
infection_study_06	T_NK_lineage	6	CD4 T Effector Memory	4	5186	0.4928902849808252	0.8324334747396838	0.9192457820958901	0.04028249132279214	0.4458421712302353	0.48612466255302744	0.4331211195428627	0.4331211195428627	0.0	0.977053605861936	0.29429661053263056	0.8324334747396838	0.03663709988430389	0.8281912842267644	1.3472492294248255	0.09062861550327805	0.026561897416120327	1.0	0.9722811415349017	CCR7;TCF7;LEF1;FOXP3	NKG7;GNLY;GZMB;PRF1		0.0	0.0	0.0001928268414963363	0.0001928268414963363	0.0	0.43362246933075316
infection_study_06	T_NK_lineage	6	gdT Cell	5	5186	0.43689667133597376	0.43689667133597376	0.6248553798688777	0.02904936367142306	0.44762822984959505	0.47667759352101813	0.1481777863478596	0.1481777863478596	0.0	0.6006556112610876	0.1565753952950251	0.37485537986887774	0.0738526802930968	0.2516390281527189	2.3425713031431084	0.05919784033937524	0.029791747011183957	0.9994215194755109	0.9853451600462785	MS4A1;LST1	NKG7;GNLY		0.0	0.0	0.014269186270728885	0.01349787890474354	0.0	0.18450636328576936
infection_study_06	T_NK_lineage	6	MAIT Cell	6	5186	0.41874257453265634	0.45140763594292327	0.6082012062477195	0.02904936367142306	0.44454300038565364	0.4735923640570767	0.13460884219064273	0.13460884219064273	0.0	0.6997686077902044	0.1486694947936753	0.45140763594292327	0.002506748939452372	0.4502506748939452	1.6271742812191847	0.05919784033937524	0.029791747011183957	0.9998071731585036	0.9640056562540172	MS4A1;LST1	NKG7;GNLY;GZMB		0.0	0.0	0.002506748939452372	0.002506748939452372	0.0	0.1411263894332189
infection_study_06	T_NK_lineage	6	Treg	7	5186	0.42551538635393993	0.42551538635393993	0.010605476282298496	0.5	0.02403586579251832	0.5240358657925184	0.0	0.0	0.0	0.6068260701889703	0.09384882375626688	0.010605476282298496	0.0007713073659853452	0.004820671037408407	0.16331015162416254	0.9998071731585036	0.7793096799074432	0.06286155032780563	0.034516004627844196	NKG7;GNLY;GZMB;CD8A	CCR7;TCF7		0.0	0.0	0.0007713073659853452	0.0007713073659853452	0.0	0.0020053991515618973
infection_study_06	T_NK_lineage	6	CD4 Naive / T Central Memory	8	5186	0.2567374596471551	0.2567374596471551	0.07057462398765908	0.5	0.09582529888160432	0.5958252988816043	0.0	0.0	0.0	0.6532973389895873	0.10952564596991902	0.07057462398765908	0.008098727342846125	0.04762822984959506	0.13074969646455253	1.0	0.7782491322792133	0.2506748939452372	0.13748553798688778	NKG7;GNLY;GZMB;PRF1;FOXP3	CD8A;CD8B		0.0	0.0	0.0003856536829926726	0.0003856536829926726	0.0	0.0010026995757809487
infection_study_06	T_NK_lineage	6	CD8 Naive / T Central Memory	9	5186	0.33085948689189726	0.33085948689189726	0.2716930196683378	0.5	0.005032780563054377	0.5050327805630543	0.0	0.0	0.0	0.714423447743926	0.14367742211938125	0.2716930196683378	0.019861164674122637	0.22522175086772078	0.38175365852714355	1.0	0.9722811415349017	0.011183956806787505	0.011183956806787505	NKG7;GNLY;GZMB;PRF1	CD4		0.0	0.0	0.0	0.0	0.0	0.0
infection_study_06	T_NK_lineage	7	CD8 Cytotoxic / T Effector Memory	1	6173	0.8696791956383273	0.9943301474161672	1.0	0.07896727685080189	0.31427587882715047	0.39324315567795237	0.6067568443220477	0.6067568443220477	0.0	1.0	0.7222508578413325	0.9943301474161672	0.893082779847724	0.9603110319131702	1.6500314078823195	0.17641341325125548	0.054228090069658196	0.7714239429774826	0.5523246395593715	CCR7;TCF7;LEF1;MS4A1	KLRD1;FCGR3A		0.0	0.0	0.8963226956099142	0.8637615421999028	0.0	2.904634699497813
infection_study_06	T_NK_lineage	7	NK Cell	2	6173	0.8622691382167276	0.9962740968734813	1.0	0.3944973270694962	0.25567795237323826	0.6	0.4	0.4	0.0	1.0	0.6758869269398996	0.9962740968734813	0.9044224850153896	0.9603110319131702	1.7726694083169097	0.850801879151142	0.3236027863275555	0.6150980074518062	0.47432366758464284	CD3D;CD3E;TRAC;MS4A1;LST1	CD8A;CD8B		0.0	0.0	0.2161023813380852	0.16960959015065608	0.0	0.9153734002915924
infection_study_06	T_NK_lineage	7	NKT Cell	3	6173	0.870700480668706	0.9747286570549166	1.0	0.0388433500728981	0.25567795237323826	0.2945213024461364	0.7054786975538636	0.7054786975538636	0.0	0.9991900210594524	0.5772604198005137	0.9747286570549166	0.6047302770127977	0.9603110319131702	1.0431894225582472	0.07905394459744047	0.04001295966304876	0.6150980074518062	0.47432366758464284	MS4A1;LST1	CD8A;CD8B		0.0	0.0	0.0	0.0	0.0	0.7054786975538636
infection_study_06	T_NK_lineage	7	CD4 T Effector Memory	4	6173	0.793082818359925	0.938927587882715	1.0	0.07188239105783249	0.42185525676332414	0.49373764782115664	0.5062623521788434	0.5062623521788434	0.0	0.9797505264863113	0.4312867865435499	0.938927587882715	0.2459096063502349	0.9301798153248015	1.5175583590739805	0.16069982180463308	0.04916572169123603	0.998704033695124	0.8149603110319131	CCR7;TCF7;LEF1;FOXP3	NKG7;GNLY;GZMB;PRF1		0.0	0.0	0.033047140774339866	0.017981532480155518	0.0	0.5771193098979427
infection_study_06	T_NK_lineage	7	gdT Cell	5	6173	0.6621268834852772	0.6621268834852772	0.2725845419070717	0.0388433500728981	0.4304997570063178	0.4693431070792159	0.0	0.0	0.0	0.857443706463632	0.27161293806361037	0.20119876883201038	0.029159241859711648	0.10659322857605702	1.2855430923002453	0.07905394459744047	0.04001295966304876	0.991738214806415	0.8865219504292888	MS4A1;LST1	NKG7;GNLY		0.0	0.0	0.07565203304714077	0.07176413413251255	0.0	0.19280738700793779
infection_study_06	T_NK_lineage	7	CD8 Naive / T Central Memory	6	6173	0.5712669614896984	0.6108861169609591	0.6108861169609591	0.5	0.023618985906366432	0.5236189859063665	0.0872671310545926	0.0872671310545926	0.0	0.9248339543171877	0.36366254477383586	0.6108861169609591	0.08132188563097359	0.5681192289000486	0.8414320914221776	0.998704033695124	0.8149603110319131	0.052486635347480964	0.052486635347480964	NKG7;GNLY;GZMB;PRF1	CD4		0.0	0.0	0.010529726227118095	0.0012959663048760731	0.0	0.10541065932285763
infection_study_06	T_NK_lineage	7	CD4 Naive / T Central Memory	7	6173	0.5133619131992327	0.5133619131992327	0.16167179653329014	0.5	0.25567795237323826	0.6	0.0	0.0	0.0	0.901668556617528	0.24825854527782276	0.16167179653329014	0.019925481937469625	0.09962740968734812	0.2785744962544284	0.998704033695124	0.6525838328203466	0.6150980074518062	0.47432366758464284	NKG7;GNLY;GZMB;PRF1;FOXP3	CD8A;CD8B		0.0	0.0	0.02462335979264539	0.020087477725579134	0.0	0.059484853393811765
infection_study_06	T_NK_lineage	7	MAIT Cell	8	6173	0.5567308726608645	0.5567308726608645	0.12813866839462174	0.0388433500728981	0.41617527944273447	0.45501862951563254	0.0	0.0	0.0	0.8833630325611534	0.28242808544120707	0.12813866839462174	0.0012959663048760731	0.1260327231491981	0.4871520775642278	0.07905394459744047	0.04001295966304876	0.9948161347804957	0.7848695933905718	MS4A1;LST1	NKG7;GNLY;GZMB		0.0	0.0	0.0194394945731411	0.01895350720881257	0.0	0.05005669852583833
infection_study_06	T_NK_lineage	7	Treg	9	6173	0.6371839606279514	0.6371839606279514	0.04438684594200551	0.5	0.04564636319455694	0.545646363194557	0.0	0.0	0.0	0.8629515632593553	0.1714239429774826	0.04438684594200551	0.0014579620929855823	0.03936497651061072	0.4310467729774859	0.9965980884497003	0.730682002267941	0.11906690426048923	0.06617527944273449	NKG7;GNLY;GZMB;CD8A	CCR7;TCF7		0.0	0.0	0.008747772557913494	0.008747772557913494	0.0	0.022744208650575085
infection_study_06	T_NK_lineage	8	CD4 T Effector Memory	1	10393	0.8304908573838907	0.8304908573838907	0.5372847108630809	0.3432656595785625	0.17010127008563455	0.5133669296641971	0.02391778119888388	0.02391778119888388	0.0	0.9999037813913211	0.5575440734682532	0.5372847108630809	0.13239680554219185	0.34350043298373906	0.875236949972949	0.7337631097854325	0.29288944481862794	0.48590397382853845	0.16220051958048687	CCR7;TCF7;LEF1;FOXP3	NKG7;GNLY;GZMB;PRF1		0.0	0.0	0.9648802078321947	0.9624747426152218	0.0	2.5302008563456173
infection_study_06	T_NK_lineage	8	CD4 Naive / T Central Memory	2	10393	0.7826113230898646	0.7826113230898646	0.7650689809190083	0.21832849033002985	0.07391032425671124	0.29223881458674106	0.47283016633226727	0.47283016633226727	0.0	1.0	0.6304435677860099	0.7192340998749158	0.301068026556336	0.513518714519388	1.1833395241763702	0.49687289521793515	0.13416722794188396	0.17550274223034734	0.14173001058404694	NKG7;GNLY;GZMB;PRF1;FOXP3	CD8A;CD8B		0.0	0.0	0.8915616280188589	0.11411526989319734	0.0	2.0134440410556387
infection_study_06	T_NK_lineage	8	NKT Cell	3	10393	0.6548008252466494	0.9281246993168478	0.9281246993168478	0.09952179351486577	0.07391032425671124	0.17343211777157702	0.7546925815452707	0.7546925815452707	0.0	0.9968247859135957	0.4101112012206018	0.9281246993168478	0.27085538343115556	0.905609544885981	0.993818709709181	0.20215529683440778	0.1031944578081401	0.17550274223034734	0.14173001058404694	MS4A1;LST1	CD8A;CD8B		0.0	0.0	0.0	0.0	0.0	0.7546925815452707
infection_study_06	T_NK_lineage	8	CD8 Naive / T Central Memory	4	10393	0.7068235134864012	0.7068235134864012	0.6492831713653421	0.2203276243625517	0.15457519484268256	0.3749028192052343	0.2743803521601078	0.2743803521601078	0.0	1.0	0.5450784181660734	0.6492831713653421	0.20831328778985855	0.513518714519388	0.8934682264062727	0.48590397382853845	0.16220051958048687	0.34350043298373906	0.34350043298373906	NKG7;GNLY;GZMB;PRF1	CD4		0.0	0.0	0.08322909650726451	0.012508419128259405	0.0	0.42005532569999043
infection_study_06	T_NK_lineage	8	MAIT Cell	5	10393	0.8968900964358966	0.8968900964358966	0.42416921287593845	0.09952179351486577	0.14401520254017125	0.24353699605503704	0.18063221682090141	0.18063221682090141	0.0	0.9998075627826422	0.4986460667207324	0.3536033868950255	0.009718079476570768	0.349465986721832	1.2822633039236517	0.20215529683440778	0.1031944578081401	0.40065428653901664	0.15879277718977516	MS4A1;LST1	NKG7;GNLY;GZMB		0.0	0.0	0.008178581737708072	0.008178581737708072	0.0	0.2018965293389424
infection_study_06	T_NK_lineage	8	CD8 Cytotoxic / T Effector Memory	6	10393	0.6420160287361809	0.6420160287361809	0.4363513903588954	0.34350235735591267	0.026433657269315885	0.36993601462522857	0.06641537573366685	0.06641537573366685	0.0	0.9974983161743481	0.3080132606737052	0.4363513903588954	0.11921485615318002	0.26142595978062155	0.7333184361127575	0.7340517656114692	0.2934667564707015	0.0702395843356105	0.035745213124218224	CCR7;TCF7;LEF1;MS4A1	KLRD1;FCGR3A		0.0	0.0	0.028192052342923123	0.027807177908207446	0.0	0.1393298373905513
infection_study_06	T_NK_lineage	8	Treg	7	10393	0.812823834979677	0.812823834979677	0.3854271738349211	0.20902434330799577	0.23269989415953046	0.4417242374675262	0.0	0.0	0.0	0.9974983161743481	0.2716539978831906	0.2064851342249591	0.020783219474646397	0.13143461945540266	1.7157681584398479	0.46040604252862505	0.15486385066871933	0.591455787549312	0.3684210526315789	NKG7;GNLY;GZMB;CD8A	CCR7;TCF7		0.0	0.0	0.0426248436447609	0.0426248436447609	0.0	0.11082459347637835
infection_study_06	T_NK_lineage	8	NK Cell	8	10393	0.2769283855598757	0.395458481670355	0.395458481670355	0.4908045800057731	0.07391032425671124	0.5647149042624844	0.0	0.0	0.0	0.5822188011161359	0.1107837005676898	0.395458481670355	0.07803329163860291	0.26142595978062155	0.7142624947147261	0.9961512556528432	0.5103050129895121	0.17550274223034734	0.14173001058404694	CD3D;CD3E;TRAC;MS4A1;LST1	CD8A;CD8B		0.0	0.0	0.0008659674781102665	0.0014432791301837776	0.0	0.0028288270951602043
infection_study_06	T_NK_lineage	8	gdT Cell	9	10393	0.7582134884558533	0.7582134884558533	0.03916097373231983	0.09952179351486577	0.14406090637929375	0.24358269989415954	0.0	0.0	0.0	0.9965361300875589	0.3233265980307258	0.03916097373231983	0.0022130279996151257	0.015298758779948043	0.2992373039949221	0.20215529683440778	0.1031944578081401	0.3733282016742038	0.21374963918021744	MS4A1;LST1	NKG7;GNLY		0.0	0.0	9.62186086789185e-05	9.62186086789185e-05	0.0	0.00025016838256518813
infection_study_06	T_NK_lineage	9	CD8 Cytotoxic / T Effector Memory	1	12264	0.8999270597022682	1.0	1.0	0.11771811806914548	0.2495291095890411	0.36724722765818657	0.6327527723418134	0.6327527723418134	0.0	1.0	0.8236004862717191	1.0	0.9757012393998695	0.9978799739073712	1.6593465069714541	0.2619047619047619	0.08270140247879974	0.6282615786040444	0.4070042400521853	CCR7;TCF7;LEF1;MS4A1	KLRD1;FCGR3A		0.0	0.0	0.9531963470319634	0.940068493150685	0.0	3.0979354207436396
infection_study_06	T_NK_lineage	9	CD4 T Effector Memory	2	12264	0.9317799729027096	0.9954337899543378	1.0	0.10783431180691455	0.4325678816046966	0.5404021934116112	0.4595978065883888	0.4595978065883888	0.0	0.9995923026744945	0.6207237080524751	0.9954337899543378	0.41307893020221786	0.9942106979778212	1.6079250639609641	0.24029680365296804	0.07509784735812133	1.0	0.8837858773646444	CCR7;TCF7;LEF1;FOXP3	NKG7;GNLY;GZMB;PRF1		0.0	0.0	0.3018590998043053	0.014921722113502935	0.0	0.9574940883887803
infection_study_06	T_NK_lineage	9	NKT Cell	3	12264	0.9232942424905335	0.9991846053489889	1.0	0.05750244618395303	0.21067759295499022	0.2681800391389433	0.7318199608610567	0.7318199608610567	0.0	1.0	0.6804701332587829	0.9991846053489889	0.8850293542074364	0.9978799739073712	1.0690972565551862	0.11660143509458577	0.05997227658186562	0.5000815394651011	0.4043542074363992	MS4A1;LST1	CD8A;CD8B		0.0	0.0	0.0	0.0	0.0	0.7318199608610567
infection_study_06	T_NK_lineage	9	NK Cell	4	12264	0.8541544545552334	1.0	1.0	0.47509980430528376	0.21067759295499022	0.6	0.4	0.4	0.0	1.0	0.6951952870189171	1.0	0.9793705153294194	0.9978799739073712	1.7792330220591825	0.9832028701891715	0.4612850619699934	0.5000815394651011	0.4043542074363992	CD3D;CD3E;TRAC;MS4A1;LST1	CD8A;CD8B		0.0	0.0	0.04509132420091324	0.041503587736464446	0.0	0.5136497064579256
infection_study_06	T_NK_lineage	9	gdT Cell	5	12264	0.8378362535639222	0.8378362535639222	0.358019238849706	0.05750244618395303	0.4472969667318982	0.5047994129158513	0.0	0.0	0.0	0.9843444227005871	0.37133072407045004	0.23507827788649707	0.037834311806914545	0.10632746249184605	1.4917638438528356	0.11660143509458577	0.05997227658186562	1.0	0.9819797782126549	MS4A1;LST1	NKG7;GNLY		0.0	0.0	0.1187214611872146	0.11374755381604697	0.0	0.30370189171559037
infection_study_06	T_NK_lineage	9	MAIT Cell	6	12264	0.7971776274521416	0.7971776274521416	0.35948537770135164	0.05750244618395303	0.4344259621656882	0.49192840834964124	0.0	0.0	0.0	0.9902152641878669	0.44329512626968587	0.31922700587084146	0.004403131115459882	0.3184931506849315	1.1610334873220407	0.11660143509458577	0.05997227658186562	1.0	0.8961730811045879	MS4A1;LST1	NKG7;GNLY;GZMB		0.0	0.0	0.02747879973907371	0.026337247227658185	0.0	0.07030332681017612
infection_study_06	T_NK_lineage	9	CD8 Naive / T Central Memory	7	12264	0.6191724811424856	0.6191724811424856	0.5424820613176777	0.5	0.07202788649706458	0.5720278864970646	0.0	0.0	0.0	0.990296803652968	0.46805464956149895	0.5424820613176777	0.10306588388780169	0.4659980430528376	0.7487301191451836	1.0	0.8837858773646444	0.16006196999347685	0.16006196999347685	NKG7;GNLY;GZMB;PRF1	CD4		0.0	0.0	0.011741682974559686	0.0008153946510110893	0.0	0.019602087410306588
infection_study_06	T_NK_lineage	9	CD4 Naive / T Central Memory	8	12264	0.590091238824785	0.590091238824785	0.30316373124592305	0.5	0.21067759295499022	0.6	0.0	0.0	0.0	0.9886660143509458	0.37735649054142206	0.30316373124592305	0.04297129810828441	0.16006196999347685	0.508175660992008	1.0	0.7076320939334637	0.5000815394651011	0.4043542074363992	NKG7;GNLY;GZMB;PRF1;FOXP3	CD8A;CD8B		0.0	0.0	0.009050880626223091	0.004647749510763209	0.0	0.01912915851272016
infection_study_06	T_NK_lineage	9	Treg	9	12264	0.760020981666423	0.760020981666423	0.04354207436399217	0.5	0.06586350293542075	0.5658635029354208	0.0	0.0	0.0	0.9819797782126549	0.22251304631441618	0.04354207436399217	0.0017938682322243965	0.03383887801696021	0.4243514764163645	1.0	0.7886293215916503	0.171395955642531	0.09629810828440966	NKG7;GNLY;GZMB;CD8A	CCR7;TCF7		0.0	0.0	0.003750815394651011	0.003750815394651011	0.0	0.009752120026092628
infection_study_06	Myeloid_lineage	0	Classical Monocyte	1	16465	0.8625289918043387	1.0	1.0	0.11308685089583967	0.22761008199210447	0.3406969328879441	0.6593030671120559	0.6593030671120559	0.0	1.0	0.9234664439720619	1.0	0.9984208928029152	0.999574855754631	1.0065981276068479	0.2584877011843304	0.06755238384451868	0.5058001822046766	0.5058001822046766	FCGR3A;MS4A7;CD1C;CLEC4C	HLA-DRA		0.0	0.0	1.0	0.9996963255390222	0.0	3.258999392651078
infection_study_06	Myeloid_lineage	0	Neutrophil	2	16465	0.9062146100564547	0.9998177953234133	1.0	0.031679724668488715	0.4308320680230792	0.46251179269156795	0.537488207308432	0.537488207308432	0.0	1.0	0.5556432837331714	0.9998177953234133	0.9969632553902217	0.999574855754631	1.0064856749850828	0.06941998177953235	0.024091507237574656	0.9869419981779533	0.8983297904646219	CD3D;MS4A1;CD79A	FCN1;LST1		0.0	0.0	0.0024293956878226543	0.0024293956878226543	0.0	0.543804636096771
infection_study_06	Myeloid_lineage	0	Intermediate Monocyte	3	16465	0.7525069828097787	0.9784998481627695	1.0	0.13491810912035632	0.3722988156696022	0.5072169247899585	0.4927830752100415	0.4927830752100415	0.0	1.0	0.7408847049296488	0.9784998481627695	0.5913756453082296	0.9644700880655936	0.9965484567966871	0.29735803218949286	0.09964571312885918	0.986273914363802	0.5094442757364106	CD1C;CLEC4C;NKG7	VCAN;FCGR3A		0.0	0.0	0.0009717582751290617	0.0	0.0	0.494337888450248
infection_study_06	Myeloid_lineage	0	Non-Classical Monocyte	4	16465	0.6442120937068295	0.6442120937068295	0.31491041603401154	0.5	0.1507424840570908	0.6	0.0	0.0	0.0	0.9474643182508351	0.3124810203461889	0.31491041603401154	0.04160340115396295	0.2312177345885211	0.6546961287182237	1.0	0.7469936228363194	0.3924081384755542	0.22013361676283025	S100A8;S100A9;VCAN;CD1C	NKG7;GNLY		0.0	0.0	0.0003036744609778318	0.0012754327361068935	0.0	0.0017613118736714245
infection_study_06	Myeloid_lineage	0	Plasmacytoid DC	5	16465	0.2167475032904716	0.2167475032904716	0.06079562708776192	0.4690468266018828	0.06755238384451867	0.5365992104464015	0.0	0.0	0.0	0.4190707561494078	0.07185805388052578	0.06079562708776192	0.0001214697843911327	0.0588521105375038	0.6858763192263982	0.9998785302156089	0.4049681141815973	0.1909505010628606	0.06844822350440329	CD3D;MS4A1;CD1C;FCN1;S100A8	MZB1;XBP1;PRDM1		0.0	0.0	0.0001214697843911327	0.0001214697843911327	0.0	0.00031582143941694503
infection_study_06	Myeloid_lineage	0	Eosinophil	6	16465	0.41506715704463076	0.41506715704463076	0.31454600668083815	0.45722036643384956	0.0	0.45722036643384956	0.0	0.0	0.0	0.31491041603401154	0.05411478894624963	0.31454600668083815	0.009231703613726086	0.30677194047980566	0.7060632120406738	0.999574855754631	0.3517360056685899	0.0	0.0	S100A8;CD3D;MS4A1			0.0	0.0	0.0	0.0	0.0	0.0
infection_study_06	Myeloid_lineage	0	Basophil	7	16465	0.49834479307798385	0.49834479307798385	0.0	0.3842700678206296	0.002323109626480413	0.38659317744711	0.0	0.0	0.0	0.0007288187063467963	0.00014576374126935924	0.0	0.0	0.0	0.9562897641728705	0.8399028241724871	0.2959408847049297	0.006194959003947768	0.003097479501973884	CD3D;MS4A1;LST1	CLEC4C;FCER1A		0.0	0.0	0.0	0.0	0.0	0.0
infection_study_06	Myeloid_lineage	0	Mast Cell	8	16465	0.49853333800666916	0.49853333800666916	0.00018220467658669907	0.3842700678206296	0.0	0.3842700678206296	0.0	0.0	0.0	0.00036440935317339813	6.073489219556635e-05	0.00018220467658669907	0.0	0.0001214697843911327	0.9757447648828288	0.8399028241724871	0.2959408847049297	0.0	0.0	CD3D;MS4A1;LST1			0.0	0.0	0.0	0.0	0.0	0.0
infection_study_06	Myeloid_lineage	0	Conventional DC 1	9	16465	0.419618220691839	0.419618220691839	0.008988764044943821	0.4354397206194959	0.22761008199210447	0.6	0.0	0.0	0.0	0.16252657151533556	0.027917805445895335	0.008988764044943821	0.0	0.008806559368357121	0.2430728136441369	0.999574855754631	0.2527330701488005	0.5058001822046766	0.5058001822046766	CD1C;FCER1A;CLEC4C;S100A8	HLA-DRA		0.0	0.0	0.0	0.0	0.0	0.0
infection_study_06	Myeloid_lineage	0	Conventional DC 2	10	16465	0.6621299050386215	0.6621299050386215	0.022654114788946248	0.4898672942605527	0.4308320680230792	0.6	0.0	0.0	0.0	0.9849377467354995	0.3909505010628606	0.022654114788946248	0.0006073489219556636	0.012875797145460067	0.311571665507715	0.9998177953234133	0.4997115092620711	0.9869419981779533	0.8983297904646219	CLEC4C;LILRA4;S100A8;S100A9	FCN1;LST1		0.0	0.0	0.0	0.0	0.0	0.0
infection_study_06	Myeloid_lineage	1	Classical Monocyte	1	15636	0.7778318300098261	0.9999360450243029	1.0	0.3616842542849834	0.4430065234075211	0.6	0.4	0.4	0.0	1.0	0.9612912509593246	0.9999360450243029	0.9932207725761064	0.9973138910207214	1.0065343880436917	0.7741749808135073	0.3068080071629573	0.9844589409056025	0.9844589409056025	FCGR3A;MS4A7;CD1C;CLEC4C	HLA-DRA		0.0	0.0	0.8231005372217959	0.9748656945510361	0.0	2.6918265541059094
infection_study_06	Myeloid_lineage	1	Non-Classical Monocyte	2	15636	0.9532976628889193	0.9532976628889193	1.0	0.5	0.20967958557175748	0.6	0.4	0.4	0.0	1.0	0.6280698388334612	0.8089664875927347	0.5156689690457917	0.6277820414428242	1.6502216073023588	0.9998720900486058	0.7170631875159887	0.5405474545919673	0.316768994627782	S100A8;S100A9;VCAN;CD1C	NKG7;GNLY		0.0	0.0	0.3525198260424661	0.6799693016116654	0.0	1.644001023279611
infection_study_06	Myeloid_lineage	1	Intermediate Monocyte	3	15636	0.9549981931111	0.9989767203888462	1.0	0.22402788436940393	0.3857444359171144	0.6	0.4	0.4	0.0	1.0	0.9299906199368976	0.9989767203888462	0.984778715784088	0.9879125095932464	1.0171920567475083	0.488871834228703	0.17389357892044	0.9413532872857509	0.6889229982092606	CD1C;CLEC4C;NKG7	VCAN;FCGR3A		0.0	0.0	0.6673701713993349	0.0	0.0	1.4677922742389358
infection_study_06	Myeloid_lineage	1	Neutrophil	4	15636	0.7573354250539952	0.9996802251215144	1.0	0.06122409823484267	0.4474625863392172	0.5086866845740599	0.49131331542594014	0.49131331542594014	0.0	0.9997441800972116	0.570915408885478	0.9996802251215144	0.9879764645689435	0.9973138910207214	1.0063485587269247	0.13264261959580456	0.049181376311077	0.9989127654131491	0.9852583781018163	CD3D;MS4A1;CD79A	FCN1;LST1		0.0	0.0	0.0	0.0	0.0	0.49131331542594014
infection_study_06	Myeloid_lineage	1	Eosinophil	5	15636	0.8327839142168919	0.8327839142168919	0.5447595941332676	0.46085188027628554	0.0	0.46085188027628554	0.08390771385698204	0.08390771385698204	0.0	0.511767715528268	0.09169011682442228	0.5112560757226913	0.03766948068559734	0.5056919928370427	1.1340140736423052	0.9975697109235099	0.37170631875159893	0.0	0.0	S100A8;CD3D;MS4A1			0.0	0.0	0.0	0.0	0.0	0.08390771385698204
infection_study_06	Myeloid_lineage	1	Conventional DC 2	6	15636	0.9475923658641824	0.9475923658641824	0.3645007597403823	0.4893303914044512	0.4474625863392172	0.6	0.0	0.0	0.0	1.0	0.5312739831158865	0.174469173701714	0.025262215400358147	0.14076490150933743	1.7601263441546733	0.9995523151701202	0.49772959836275266	0.9989127654131491	0.9852583781018163	CLEC4C;LILRA4;S100A8;S100A9	FCN1;LST1		0.0	0.0	0.03300076745970836	0.023791250959324637	0.0	0.07659247889485801
infection_study_06	Myeloid_lineage	1	Plasmacytoid DC	7	15636	0.6591944659646188	0.6591944659646188	0.23644373732627716	0.47475185469429526	0.08366589920695829	0.5584177539012536	0.0	0.0	0.0	0.841903300076746	0.16843913313598652	0.1350729086722947	0.0010232796111537478	0.13117165515477103	1.4054833146159298	0.9999360450243029	0.4308007162957278	0.2356101304681504	0.08655240044342116	CD3D;MS4A1;CD1C;FCN1;S100A8	MZB1;XBP1;PRDM1		0.0	0.0	0.0005755947812739831	0.0005755947812739831	0.0	0.0014965464313123561
infection_study_06	Myeloid_lineage	1	Conventional DC 1	8	15636	0.419618220691839	0.419618220691839	0.4182655410590944	0.4375972115630596	0.4430065234075211	0.6	0.0	0.0	0.0	0.46501662829368123	0.09543148290270316	0.1682655410590944	0.0009593246354566385	0.16737017139933485	2.281955083462447	0.997633665899207	0.2658928114607316	0.9844589409056025	0.9844589409056025	CD1C;FCER1A;CLEC4C;S100A8	HLA-DRA		0.0	0.0	0.00012790995139421848	0.0	0.0	0.00020465592223074957
infection_study_06	Myeloid_lineage	1	Basophil	9	15636	0.49834479307798385	0.49834479307798385	0.00044768482987976463	0.45464526306813335	0.005636032233307752	0.46028129530144113	0.0	0.0	0.0	0.0011511895625479663	0.00023023791250959325	0.00044768482987976463	0.0	0.0001918649270913277	0.9991014062118195	0.9840752110514198	0.36680310394815385	0.014965464313123561	0.007642619595804554	CD3D;MS4A1;LST1	CLEC4C;FCER1A		0.0	0.0	0.0	0.0	0.0	0.0
infection_study_06	Myeloid_lineage	1	Mast Cell	10	15636	0.49853333800666916	0.49853333800666916	0.00025581990278843696	0.45464526306813335	0.0	0.45464526306813335	0.0	0.0	0.0	0.0006395497569710924	0.00010659162616184873	0.00025581990278843696	0.0	0.0001918649270913277	0.9827991969889892	0.9840752110514198	0.36680310394815385	0.0	0.0	CD3D;MS4A1;LST1			0.0	0.0	0.0	0.0	0.0	0.0
infection_study_06	Myeloid_lineage	10	Plasmacytoid DC	1	2665	0.9983780301647713	0.9983780301647713	1.0	0.2855969981238274	0.3528893058161351	0.6	0.4	0.4	0.0	1.0	0.9197534173143929	0.9958724202626642	0.9782363977485928	0.9654784240150094	9.745009707532699	0.6592870544090056	0.15939962476547842	0.9560975609756097	0.4404002501563477	CD3D;MS4A1;CD1C;FCN1;S100A8	MZB1;XBP1;PRDM1		0.0	0.0	0.9969981238273922	0.9966228893058161	0.0	2.9918198874296436
infection_study_06	Myeloid_lineage	10	Intermediate Monocyte	2	2665	0.6293714323008887	0.9913696060037523	0.9937503568457662	0.4427517198248906	0.051894934333958725	0.49464665415884934	0.49910370268691684	0.49910370268691684	0.0	1.0	0.5004377736085054	0.9913696060037523	0.10318949343339587	0.9909943714821764	1.0095230033680556	0.9287054409005628	0.4083802376485304	0.1380863039399625	0.0697936210131332	CD1C;CLEC4C;NKG7	VCAN;FCGR3A		0.0	0.0	0.0	0.0	0.0	0.49910370268691684
infection_study_06	Myeloid_lineage	10	Neutrophil	3	2665	0.29752510608673793	0.7140712945590995	0.7140712945590995	0.10791244527829894	0.13435272045028143	0.24226516572858037	0.4718061288305191	0.4718061288305191	0.0	0.7793621013133208	0.22288930581613506	0.7140712945590995	0.30844277673545967	0.6033771106941839	0.72168205889879	0.23452157598499063	0.08542839274546592	0.35121951219512193	0.19324577861163228	CD3D;MS4A1;CD79A	FCN1;LST1		0.0	0.0	0.0	0.0	0.0	0.4718061288305191
infection_study_06	Myeloid_lineage	10	Conventional DC 2	4	2665	0.9726005542737455	0.9726005542737455	0.7182926829268292	0.5	0.13435272045028143	0.6	0.11829268292682926	0.11829268292682926	0.0	1.0	0.5701688555347092	0.4682926829268293	0.00450281425891182	0.4634146341463415	4.563665215941216	0.9954971857410881	0.7234521575984991	0.35121951219512193	0.19324577861163228	CLEC4C;LILRA4;S100A8;S100A9	FCN1;LST1		0.0	0.0	0.025891181988742965	0.0	0.0	0.159718574108818
infection_study_06	Myeloid_lineage	10	Classical Monocyte	5	2665	0.38291359928643	0.6420262664165103	0.6420262664165103	0.3994258911819888	0.44594746716697936	0.6	0.042026266416510305	0.042026266416510305	0.0	0.9598499061913696	0.3454502814258912	0.6420262664165103	0.13433395872420262	0.6033771106941839	0.6498301177478645	0.9121951219512195	0.23996247654784242	0.9909943714821764	0.9909943714821764	FCGR3A;MS4A7;CD1C;CLEC4C	HLA-DRA		0.0	0.0	0.004878048780487805	0.00525328330206379	0.0	0.05508442776735458
infection_study_06	Myeloid_lineage	10	Conventional DC 1	6	2665	0.9952730819481526	0.9952730819481526	0.002626641651031895	0.4783714821763602	0.44594746716697936	0.6	0.0	0.0	0.0	0.9804878048780488	0.16729205753595996	0.002626641651031895	0.0	0.001876172607879925	0.16163207387949055	0.9729831144465291	0.49380863039399625	0.9909943714821764	0.9909943714821764	CD1C;FCER1A;CLEC4C;S100A8	HLA-DRA		0.0	0.0	0.00375234521575985	0.0	0.0	0.00600375234521576
infection_study_06	Myeloid_lineage	10	Non-Classical Monocyte	7	2665	0.24793476828916025	0.24793476828916025	0.0724202626641651	0.33848217636022515	0.15357410881801126	0.4920562851782364	0.0	0.0	0.0	0.6356472795497186	0.15784865540963103	0.0724202626641651	0.011632270168855536	0.03414634146341464	0.16607724539221758	0.726454033771107	0.28377110694183866	0.3977485928705441	0.22833020637898688	S100A8;S100A9;VCAN;CD1C	NKG7;GNLY		0.0	0.0	0.000375234521575985	0.00075046904315197	0.0	0.001350844277673546
infection_study_06	Myeloid_lineage	10	Eosinophil	8	2665	0.41506715704463076	0.41506715704463076	0.01876172607879925	0.29538961851156975	0.0	0.29538961851156975	0.0	0.0	0.0	0.02101313320825516	0.0037523452157598503	0.01876172607879925	0.00150093808630394	0.016885553470919325	0.0625723203521087	0.6412757973733584	0.23502188868042526	0.0	0.0	S100A8;CD3D;MS4A1			0.0	0.0	0.0	0.0	0.0	0.0
infection_study_06	Myeloid_lineage	10	Basophil	9	2665	0.49834479307798385	0.49834479307798385	0.0077645566937405	0.16528080050031269	0.3832176360225141	0.5484984365228267	0.0	0.0	0.0	0.003377110694183865	0.000675422138836773	0.00075046904315197	0.0	0.00075046904315197	1.0280563506023541	0.35797373358348966	0.13295809881175735	0.9350844277673546	0.6846153846153846	CD3D;MS4A1;LST1	CLEC4C;FCER1A		0.0	0.0	0.0	0.0	0.0	0.0
infection_study_06	Myeloid_lineage	10	Mast Cell	10	2665	0.49853333800666916	0.49853333800666916	0.017665400853563263	0.16528080050031269	0.0	0.16528080050031269	0.0	0.0	0.0	0.00375234521575985	0.0006253908692933083	0.001125703564727955	0.0	0.00075046904315197	1.0661587891553412	0.35797373358348966	0.13295809881175735	0.0	0.0	CD3D;MS4A1;LST1			0.0	0.0	0.0	0.0	0.0	0.0
infection_study_06	Myeloid_lineage	11	Classical Monocyte	1	17976	0.7953852420082935	1.0	1.0	0.19752781486426346	0.44026201602136183	0.6	0.4	0.4	0.0	1.0	0.9527494993324432	1.0	0.9936025812194037	0.9993880729862038	1.0065981276068479	0.4483756119270138	0.12338673787271917	0.9783600356030263	0.9783600356030263	FCGR3A;MS4A7;CD1C;CLEC4C	HLA-DRA		0.0	0.0	0.9993324432576769	0.9912661326212728	0.0	2.990198041833556
infection_study_06	Myeloid_lineage	11	Intermediate Monocyte	2	17976	0.8797222346441638	0.9982754784156653	1.0	0.09863187954309449	0.35178988651535376	0.45042176605844825	0.5495782339415518	0.5495782339415518	0.0	1.0	0.8807391336596945	0.9982754784156653	0.9661214953271028	0.9783600356030263	1.0164851050898895	0.2161214953271028	0.07502596053997923	0.9277926123720516	0.48968068535825543	CD1C;CLEC4C;NKG7	VCAN;FCGR3A		0.0	0.0	0.04244548286604361	0.0	0.0	0.6174910065272216
infection_study_06	Myeloid_lineage	11	Neutrophil	3	17976	0.7638698363164123	0.9997218513573654	1.0	0.03765576323987539	0.44134262349799736	0.47899838673787276	0.5210016132621272	0.5210016132621272	0.0	1.0	0.5251724521584334	0.9997218513573654	0.9936582109479306	0.9993880729862038	1.006390047607673	0.08183133066310637	0.029817534490431685	0.9951602136181575	0.9519637294170005	CD3D;MS4A1;CD79A	FCN1;LST1		0.0	0.0	0.0	0.0	0.0	0.5210016132621272
infection_study_06	Myeloid_lineage	11	Conventional DC 2	4	17976	0.8942483523469613	0.8942483523469613	0.17612366929717072	0.48968624833110813	0.44134262349799736	0.6	0.0	0.0	0.0	1.0	0.5163458685654947	0.11882510013351134	0.01312861593235425	0.065086782376502	1.2291942766546375	0.9997218513573654	0.49905429461504225	0.9951602136181575	0.9519637294170005	CLEC4C;LILRA4;S100A8;S100A9	FCN1;LST1		0.0	0.0	0.04300178015131286	0.041054739652870494	0.0	0.10985758789497108
infection_study_06	Myeloid_lineage	11	Non-Classical Monocyte	5	17976	0.7006257032665408	0.7006257032665408	0.5100919681533328	0.5	0.11542890520694257	0.6	0.0	0.0	0.0	0.9858700489541611	0.38752596053997923	0.5021139296840231	0.09484868713840676	0.403093012906097	1.0319121538772387	0.9999443702714731	0.7377753671562082	0.30045616377392076	0.16861370716510904	S100A8;S100A9;VCAN;CD1C	NKG7;GNLY		0.0	0.0	0.004617267467734758	0.04506008010680908	0.0	0.05244770805518469
infection_study_06	Myeloid_lineage	11	Plasmacytoid DC	6	17976	0.2167475032904716	0.2167475032904716	0.06180462839341344	0.4712196261682243	0.07103916332888295	0.5422587894971073	0.0	0.0	0.0	0.43769470404984423	0.0760061033759298	0.06180462839341344	0.0005006675567423231	0.059746328437917225	0.6956516419416979	0.9999443702714731	0.4147307521139297	0.20060080106809078	0.07239282005637145	CD3D;MS4A1;CD1C;FCN1;S100A8	MZB1;XBP1;PRDM1		0.0	0.0	0.0015020026702269693	0.0015020026702269693	0.0	0.00390520694259012
infection_study_06	Myeloid_lineage	11	Conventional DC 1	7	17976	0.419618220691839	0.419618220691839	0.03743880729862038	0.43858589230084555	0.44026201602136183	0.6	0.0	0.0	0.0	0.24310191366266132	0.0434375463581071	0.03743880729862038	0.0	0.03660436137071651	0.6072582890969189	0.9993880729862038	0.2673564753004005	0.9783600356030263	0.9783600356030263	CD1C;FCER1A;CLEC4C;S100A8	HLA-DRA		0.0	0.0	0.0006675567423230974	0.0006119270137961727	0.0	0.0016800178015131287
infection_study_06	Myeloid_lineage	11	Eosinophil	8	17976	0.41506715704463076	0.41506715704463076	0.18791722296395194	0.45802217771843945	0.0	0.45802217771843945	0.0	0.0	0.0	0.1885291499777481	0.03210762498145676	0.18791722296395194	0.00394971072541166	0.18302180685358255	0.43057707470584256	0.9994993324432577	0.35551105177273395	0.0	0.0	S100A8;CD3D;MS4A1			0.0	0.0	0.0	0.0	0.0	0.0
infection_study_06	Myeloid_lineage	11	Basophil	9	17976	0.49834479307798385	0.49834479307798385	0.00022251891410769915	0.42837375760272955	0.013447096128170894	0.44182085373090046	0.0	0.0	0.0	0.0004450378282153983	8.900756564307965e-05	0.00022251891410769915	0.0	0.00022251891410769915	0.9775690201624759	0.9347463284379173	0.332591603619641	0.03576991544281264	0.018107476635514017	CD3D;MS4A1;LST1	CLEC4C;FCER1A		0.0	0.0	0.0	0.0	0.0	0.0
infection_study_06	Myeloid_lineage	11	Mast Cell	10	17976	0.49853333800666916	0.49853333800666916	0.00022251891410769915	0.42837375760272955	0.0	0.42837375760272955	0.0	0.0	0.0	0.0003337783711615487	5.562972852692479e-05	0.00022251891410769915	0.0	0.00022251891410769915	0.9796080152751342	0.9347463284379173	0.332591603619641	0.0	0.0	CD3D;MS4A1;LST1			0.0	0.0	0.0	0.0	0.0	0.0
infection_study_06	Myeloid_lineage	12	Classical Monocyte	1	14441	0.7426796827127264	0.9995152690256908	1.0	0.3198743161830898	0.44822380721556676	0.6	0.4	0.4	0.0	1.0	0.9480818502873762	0.9995152690256908	0.9853195762066339	0.9912055951803892	1.0061150292987957	0.6989820649539505	0.2466415068208573	0.9960529049234818	0.9960529049234818	FCGR3A;MS4A7;CD1C;CLEC4C	HLA-DRA		0.0	0.0	0.9100477806246104	0.9357385222630011	0.0	2.7918149712623777
infection_study_06	Myeloid_lineage	12	Intermediate Monocyte	2	14441	0.9205802832766692	0.9995152690256908	1.0	0.17242250075017887	0.3388736929575514	0.5112961937077303	0.4887038062922697	0.4887038062922697	0.0	1.0	0.9163723657179789	0.9995152690256908	0.9844193615400596	0.9960529049234818	1.017734990379673	0.37206564642337786	0.14107979595134224	0.855965653348106	0.5472266463541307	CD1C;CLEC4C;NKG7	VCAN;FCGR3A		0.0	0.0	0.4699120559518039	0.0	0.0	1.2405630958151561
infection_study_06	Myeloid_lineage	12	Non-Classical Monocyte	3	14441	0.8527174037846769	0.8527174037846769	0.8432031999017007	0.5	0.15252406343051034	0.6	0.2432031999017007	0.2432031999017007	0.0	0.9983380652309397	0.543879694388662	0.7236340973616786	0.3246312582231147	0.5565404057890728	1.4782764101600885	0.9988920434872931	0.7185097984904092	0.39443251852364797	0.2279620524894398	S100A8;S100A9;VCAN;CD1C	NKG7;GNLY		0.0	0.0	0.1898760473651409	0.4820995775915795	0.0	1.0291044532775055
infection_study_06	Myeloid_lineage	12	Conventional DC 2	4	14441	0.966089711127414	0.966089711127414	0.6042690949380236	0.4875728827643515	0.44604771137732835	0.6	0.004269094938023632	0.004269094938023632	0.0	1.0	0.5779031922997023	0.35426909493802367	0.09348383075964269	0.26750225053666643	3.475700668549359	0.9979225815386746	0.4925559171802507	0.9981995706668513	0.977252267848487	CLEC4C;LILRA4;S100A8;S100A9	FCN1;LST1		0.0	0.0	0.2070493733120975	0.199155183159061	0.0	0.5347032753964406
infection_study_06	Myeloid_lineage	12	Neutrophil	5	14441	0.7178751469985702	0.9979225815386746	1.0	0.0566068831798352	0.44604771137732835	0.5026545945571635	0.49734540544283645	0.49734540544283645	0.0	0.9988227962052489	0.5021697481707177	0.9979225815386746	0.9686309812339866	0.9912055951803892	1.0045967148833617	0.12270618378228655	0.04535696973893774	0.9981995706668513	0.977252267848487	CD3D;MS4A1;CD79A	FCN1;LST1		0.0	0.0	0.0	0.0	0.0	0.49734540544283645
infection_study_06	Myeloid_lineage	12	Plasmacytoid DC	6	14441	0.4379530063851465	0.4379530063851465	0.09175264870853819	0.4765891558756319	0.08063845994044734	0.5572276158160793	0.0	0.0	0.0	0.5097984904092514	0.09387952951418087	0.09175264870853819	0.0009694619486185168	0.08870576829859428	0.9857915670587101	0.999238279897514	0.44035731597534794	0.22699259054082127	0.08360455185467304	CD3D;MS4A1;CD1C;FCN1;S100A8	MZB1;XBP1;PRDM1		0.0	0.0	0.005678277127622741	0.005678277127622741	0.0	0.014763520531819127
infection_study_06	Myeloid_lineage	12	Conventional DC 1	7	14441	0.419618220691839	0.419618220691839	0.24882245787316873	0.44281420954227546	0.44822380721556676	0.6	0.0	0.0	0.0	0.36403296170625304	0.07030907370219053	0.11114188768090852	0.0002077418461325393	0.11003393116820165	1.5507222807690408	0.9918288207187868	0.29963298940516586	0.9960529049234818	0.9960529049234818	CD1C;FCER1A;CLEC4C;S100A8	HLA-DRA		0.0	0.0	0.0009694619486185168	0.0008309673845301572	0.0	0.002382106502319784
infection_study_06	Myeloid_lineage	12	Eosinophil	8	14441	0.41506715704463076	0.41506715704463076	0.290076864483069	0.4575551092952935	0.0	0.4575551092952935	0.0	0.0	0.0	0.2905615954573783	0.05150843662719571	0.290076864483069	0.01786579876739838	0.28502181289384393	0.6528295848186726	0.9917595734367426	0.3667566881333241	0.0	0.0	S100A8;CD3D;MS4A1			0.0	0.0	0.0	0.0	0.0	0.0
infection_study_06	Myeloid_lineage	12	Basophil	9	14441	0.49834479307798385	0.49834479307798385	0.0002077418461325393	0.4504429517808093	0.03211169586593726	0.48255464764674655	0.0	0.0	0.0	0.0009694619486185168	0.00019389238972370335	0.0002077418461325393	0.0	0.00013849456408835954	0.9761559042775628	0.9763174295408905	0.3611014934330494	0.08552039332456202	0.043037185790457726	CD3D;MS4A1;LST1	CLEC4C;FCER1A		0.0	0.0	0.0	0.0	0.0	0.0
infection_study_06	Myeloid_lineage	12	Mast Cell	10	14441	0.49853333800666916	0.49853333800666916	0.00013849456408835954	0.4504429517808093	0.0	0.4504429517808093	0.0	0.0	0.0	0.0008309673845301572	0.00013849456408835957	0.00013849456408835954	0.0	0.00013849456408835954	0.9715560930973591	0.9763174295408905	0.3611014934330494	0.0	0.0	CD3D;MS4A1;LST1			0.0	0.0	0.0	0.0	0.0	0.0
infection_study_06	Myeloid_lineage	13	Classical Monocyte	1	22911	0.8286017822330246	1.0	1.0	0.06967155514818209	0.11403692549430404	0.18370848064248613	0.8162915193575139	0.8162915193575139	0.0	1.0	0.8736251145737854	1.0	0.9773471258347519	1.0	1.0065981276068479	0.15957400375365544	0.04106106237178648	0.2534153899873423	0.2534153899873423	FCGR3A;MS4A7;CD1C;CLEC4C	HLA-DRA		0.0	0.0	0.9998690585308367	0.9994325869669591	0.0	3.415514599973812
infection_study_06	Myeloid_lineage	13	Neutrophil	2	22911	0.8769248805579963	1.0	1.0	0.022669460084675484	0.41711077648291217	0.43978023656758763	0.5602197634324124	0.5602197634324124	0.0	1.0	0.4490783175476118	1.0	0.9999563528436123	1.0	1.0066672784364668	0.049801405438435684	0.017022390991226922	0.9668718083016892	0.8469948932827027	CD3D;MS4A1;CD79A	FCN1;LST1		0.0	0.0	0.005455894548470167	0.0055431888612456895	0.0	0.5744923835712104
infection_study_06	Myeloid_lineage	13	Intermediate Monocyte	3	22911	0.7263499998187068	0.9144952206363756	0.9144952206363756	0.15932405103807487	0.3357437475448474	0.49506779858292227	0.4194274220534533	0.4194274220534533	0.0	1.0	0.6384124074316558	0.9144952206363756	0.3270917899698835	0.8850333900746367	0.9320226878673106	0.351315961765091	0.11738175257881948	0.8918859936275152	0.4545196630439527	CD1C;CLEC4C;NKG7	VCAN;FCGR3A		0.0	0.0	0.0003491772511020907	0.00017458862555104536	0.0	0.4201606942807677
infection_study_06	Myeloid_lineage	13	Non-Classical Monocyte	4	22911	0.6049427778227654	0.6049427778227654	0.1892104229409454	0.5	0.15580398062066256	0.6	0.0	0.0	0.0	0.9147571035747021	0.2568125936595231	0.1892104229409454	0.013661559949369299	0.14255161276242853	0.40141000800080356	1.0	0.7230151455632665	0.4088865610405482	0.220920082056654	S100A8;S100A9;VCAN;CD1C	NKG7;GNLY		0.0	0.0	0.0004801187202653747	0.0008292959713674654	0.0	0.001597485923792065
infection_study_06	Myeloid_lineage	13	Conventional DC 2	5	22911	0.6119334436401741	0.6119334436401741	0.00977696303085854	0.4900792195888438	0.41711077648291217	0.6	0.0	0.0	0.0	0.9618960324734843	0.31465235039937145	0.00977696303085854	8.729431277552268e-05	0.005412247392082406	0.18870336403346577	1.0	0.500360089040199	0.9668718083016892	0.8469948932827027	CLEC4C;LILRA4;S100A8;S100A9	FCN1;LST1		0.0	0.0	4.364715638776134e-05	4.364715638776134e-05	0.0	0.00011348260660817948
infection_study_06	Myeloid_lineage	13	Eosinophil	6	22911	0.41506715704463076	0.41506715704463076	0.3054864475579416	0.4563292741477893	0.0	0.4563292741477893	0.0	0.0	0.0	0.30587927196543147	0.052660294181834065	0.3054864475579416	0.009995198812797347	0.2929597136746541	0.6863537678253419	1.0	0.3469512461263149	0.0	0.0	S100A8;CD3D;MS4A1			0.0	0.0	0.0	0.0	0.0	0.0
infection_study_06	Myeloid_lineage	13	Basophil	7	22911	0.49834479307798385	0.49834479307798385	0.00013094146916328402	0.37279123565099737	0.0011948409061149664	0.37398607655711236	0.0	0.0	0.0	0.00030553009471432935	6.110601894286588e-05	0.00013094146916328402	0.0	8.729431277552268e-05	0.9688115628395311	0.8170311204225045	0.2832700449565711	0.0031862424163065775	0.0015931212081532887	CD3D;MS4A1;LST1	CLEC4C;FCER1A		0.0	0.0	0.0	0.0	0.0	0.0
infection_study_06	Myeloid_lineage	13	Mast Cell	8	22911	0.49853333800666916	0.49853333800666916	0.00026188293832656804	0.37279123565099737	0.0	0.37279123565099737	0.0	0.0	0.0	0.00043647156387761335	7.274526064626889e-05	0.00026188293832656804	0.0	0.00013094146916328402	0.9833802082113655	0.8170311204225045	0.2832700449565711	0.0	0.0	CD3D;MS4A1;LST1			0.0	0.0	0.0	0.0	0.0	0.0
infection_study_06	Myeloid_lineage	13	Plasmacytoid DC	9	22911	0.2167475032904716	0.2167475032904716	0.031906071319453534	0.4648273754964864	0.043703897691065426	0.5085312731875519	0.0	0.0	0.0	0.2851905198376326	0.04571104335409691	0.031906071319453534	4.364715638776134e-05	0.030465715158657414	0.4059909224929271	1.0	0.38557897952948367	0.12404521845401772	0.04326888103240074	CD3D;MS4A1;CD1C;FCN1;S100A8	MZB1;XBP1;PRDM1		0.0	0.0	0.0	0.0	0.0	0.0
infection_study_06	Myeloid_lineage	13	Conventional DC 1	10	22911	0.419618220691839	0.419618220691839	0.005368600235694645	0.4352856706385579	0.11403692549430404	0.5493225961328619	0.0	0.0	0.0	0.08821090305966567	0.01489822938035587	0.005368600235694645	0.0	0.005063070140980315	0.19673154567724238	1.0	0.2512985029025359	0.2534153899873423	0.2534153899873423	CD1C;FCER1A;CLEC4C;S100A8	HLA-DRA		0.0	0.0	0.0	0.0	0.0	0.0
infection_study_06	Myeloid_lineage	14	Classical Monocyte	1	16771	0.9241602196790143	1.0	1.0	0.16637797388348938	0.39188181980800185	0.5582597936914913	0.44174020630850874	0.44174020630850874	0.0	1.0	0.9743754099338143	1.0	0.9996422395802278	1.0	1.0065981276068479	0.3770198557032974	0.10504740325561981	0.8708484884622265	0.8708484884622265	FCGR3A;MS4A7;CD1C;CLEC4C	HLA-DRA		0.0	0.0	0.9995826128435991	0.9987478385307972	0.0	3.0398202253890645
infection_study_06	Myeloid_lineage	14	Neutrophil	2	16771	0.908937633930352	1.0	1.0	0.04760638403593505	0.44569345894699186	0.4932998429829269	0.506700157017073	0.506700157017073	0.0	1.0	0.570270109116928	1.0	0.9999403732633713	1.0	1.0066672784364668	0.1037505217339455	0.03718720807743526	0.9988670920040547	0.9735555423051696	CD3D;MS4A1;CD79A	FCN1;LST1		0.0	0.0	5.962673662870431e-05	5.962673662870431e-05	0.0	0.5068551865323077
infection_study_06	Myeloid_lineage	14	Eosinophil	3	16771	0.9032631567497271	0.9032631567497271	0.9309126725515308	0.45997972690954625	0.0	0.45997972690954625	0.4709329456419845	0.4709329456419845	0.0	0.7614334267485541	0.13734025003478226	0.7613738000119253	0.06153479220082285	0.755590006558941	1.6781554901584217	1.0	0.3635442132252102	0.0	0.0	S100A8;CD3D;MS4A1			0.0	0.0	0.0	0.0	0.0	0.4709329456419845
infection_study_06	Myeloid_lineage	14	Intermediate Monocyte	4	16771	0.8806293049581273	0.9985689583209111	1.0	0.2623675789557371	0.3763237135531572	0.6	0.4	0.4	0.0	1.0	0.8552660346232585	0.9985689583209111	0.8936855285910202	0.9946932204400453	1.0167809745806307	0.5776041977222587	0.19489992646035817	0.9852125693160814	0.5383996183888856	CD1C;CLEC4C;NKG7	VCAN;FCGR3A		0.0	0.0	0.01341601574145847	5.962673662870431e-05	0.0	0.42152525192296225
infection_study_06	Myeloid_lineage	14	Non-Classical Monocyte	5	16771	0.8611644583140458	0.8611644583140458	0.42949138393655717	0.5	0.24079512253294377	0.6	0.0	0.0	0.0	0.9998807465267426	0.4257448373183869	0.42949138393655717	0.08699540874127959	0.31709498539144954	0.8855773575389428	1.0	0.7482559179536105	0.624113052292648	0.3570747123009958	S100A8;S100A9;VCAN;CD1C	NKG7;GNLY		0.0	0.0	0.0025639496750342852	0.015025937630433486	0.0	0.019128257110488343
infection_study_06	Myeloid_lineage	14	Conventional DC 2	6	16771	0.7941754120492296	0.7941754120492296	0.04155983543020691	0.4901705324667581	0.44569345894699186	0.6	0.0	0.0	0.0	1.0	0.4844970484765369	0.04155983543020691	0.000954027786059269	0.03011150199749568	0.49196200546619273	1.0	0.5007751475761731	0.9988670920040547	0.9735555423051696	CLEC4C;LILRA4;S100A8;S100A9	FCN1;LST1		0.0	0.0	0.0008944010494305646	0.00017888020988611293	0.0	0.0016099218889750165
infection_study_06	Myeloid_lineage	14	Basophil	7	16771	0.49834479307798385	0.49834479307798385	0.00029813368314352153	0.43949675034285374	0.001945322282511478	0.4414420726253652	0.0	0.0	0.0	0.0007751475761731561	0.00015502951523463121	0.00029813368314352153	0.0	0.00011925347325740862	0.9847999831274012	0.9552799475284718	0.34768350128197484	0.005187526086697275	0.0025937630433486374	CD3D;MS4A1;LST1	CLEC4C;FCER1A		0.0	0.0	0.0	0.0	0.0	0.0
infection_study_06	Myeloid_lineage	14	Mast Cell	8	16771	0.49853333800666916	0.49853333800666916	0.00035776041977222587	0.43949675034285374	0.0	0.43949675034285374	0.0	0.0	0.0	0.0005962673662870431	9.937789438117387e-05	0.00035776041977222587	0.0	0.00011925347325740862	0.9925679974536962	0.9552799475284718	0.34768350128197484	0.0	0.0	CD3D;MS4A1;LST1			0.0	0.0	0.0	0.0	0.0	0.0
infection_study_06	Myeloid_lineage	14	Plasmacytoid DC	9	16771	0.5458103745638387	0.5458103745638387	0.14374476797081587	0.4721452507304275	0.08973227595253712	0.5618775266829646	0.0	0.0	0.0	0.7140897978653629	0.13333390120701552	0.1079840200345835	0.00041738715640093015	0.10524119014966311	1.1430429917449294	1.0	0.4188420487746706	0.25377139109176555	0.09067239083338302	CD3D;MS4A1;CD1C;FCN1;S100A8	MZB1;XBP1;PRDM1		0.0	0.0	0.0	0.0	0.0	0.0
infection_study_06	Myeloid_lineage	14	Conventional DC 1	10	16771	0.419618220691839	0.419618220691839	0.030230755470753087	0.43577395504144056	0.39188181980800185	0.6	0.0	0.0	0.0	0.27303082702283704	0.04912249319261424	0.030230755470753087	5.962673662870431e-05	0.028918967264921592	0.5149889115563098	1.0	0.25351797746109356	0.8708484884622265	0.8708484884622265	CD1C;FCER1A;CLEC4C;S100A8	HLA-DRA		0.0	0.0	0.0	0.0	0.0	0.0
infection_study_06	Myeloid_lineage	15	Classical Monocyte	1	17304	0.8186373036141403	0.9995954692556634	1.0	0.1945324780397596	0.3654299583911234	0.5599624364308831	0.44003756356911694	0.44003756356911694	0.0	0.9999422098936662	0.9294527276930189	0.9995954692556634	0.9805825242718447	0.9990753582986592	1.0061949593991166	0.4402450300508553	0.12381530282015718	0.8120665742024965	0.8120665742024965	FCGR3A;MS4A7;CD1C;CLEC4C	HLA-DRA		0.0	0.0	0.9939898289412853	0.9959546925566343	0.0	3.0263759824318077
infection_study_06	Myeloid_lineage	15	Intermediate Monocyte	2	17304	0.830984579200352	0.9846278317152104	1.0	0.14130181846201265	0.3431908807212205	0.4844926991832331	0.5155073008167669	0.5155073008167669	0.0	0.9999422098936662	0.8375423794113114	0.9846278317152104	0.8321197411003236	0.9356796116504854	1.0027263358968312	0.31056403143781786	0.10585221143473571	0.8992140545538604	0.48951109570041607	CD1C;CLEC4C;NKG7	VCAN;FCGR3A		0.0	0.0	0.04467175219602404	5.779010633379565e-05	0.0	0.5870398944367391
infection_study_06	Myeloid_lineage	15	Neutrophil	3	17304	0.7854715254855938	0.9995376791493297	1.0	0.04013638465094776	0.433373786407767	0.4735101710587148	0.5264898289412852	0.5264898289412852	0.0	0.999711049468331	0.46019224842040374	0.9995376791493297	0.9936430883032825	0.9990753582986592	1.006206483117151	0.08732085067036523	0.031611188164586225	0.9848012020342117	0.9195561719833565	CD3D;MS4A1;CD79A	FCN1;LST1		0.0	0.0	0.0004045307443365696	0.0004623208506703652	0.0	0.527599398982894
infection_study_06	Myeloid_lineage	15	Non-Classical Monocyte	4	17304	0.7098583616654318	0.7098583616654318	0.48092926490984744	0.5	0.14596914008321776	0.6	0.0	0.0	0.0	0.9770573277854832	0.37835182616736013	0.48092926490984744	0.09737632917244568	0.3881761442441054	0.98922494740001	0.9996532593619972	0.723965557096625	0.37829403606102635	0.21653952843273233	S100A8;S100A9;VCAN;CD1C	NKG7;GNLY		0.0	0.0	0.019475265834489136	0.05131761442441054	0.0	0.08247803975959316
infection_study_06	Myeloid_lineage	15	Conventional DC 2	5	17304	0.7817302381346622	0.7817302381346622	0.06437817845584835	0.4895350785945446	0.433373786407767	0.6	0.0	0.0	0.0	0.999422098936662	0.47382108183079064	0.06437817845584835	0.003929727230698105	0.041146555709662504	0.7096849229783254	0.9995376791493297	0.4986852750809061	0.9848012020342117	0.9195561719833565	CLEC4C;LILRA4;S100A8;S100A9	FCN1;LST1		0.0	0.0	0.0053166897827092	0.0038141470180305132	0.0	0.012320850670365233
infection_study_06	Myeloid_lineage	15	Plasmacytoid DC	6	17304	0.2167475032904716	0.2167475032904716	0.058021266759130836	0.4689355062413315	0.06578536754507629	0.5347208737864078	0.0	0.0	0.0	0.3811257512713823	0.06539363318142792	0.058021266759130836	0.00028895053166897827	0.05680767452612113	0.6589979917267302	0.9995376791493297	0.4050508552935737	0.18585298196948682	0.06686315302820157	CD3D;MS4A1;CD1C;FCN1;S100A8	MZB1;XBP1;PRDM1		0.0	0.0	0.0002311604253351826	0.0002311604253351826	0.0	0.0006010171058714748
infection_study_06	Myeloid_lineage	15	Conventional DC 1	7	17304	0.419618220691839	0.419618220691839	0.022133610725843734	0.4362332408691632	0.3654299583911234	0.6	0.0	0.0	0.0	0.17371705963938974	0.030378332562798583	0.022133610725843734	0.0	0.021440129449838186	0.41133836584567246	0.9993643088303282	0.2567036523347203	0.8120665742024965	0.8120665742024965	CD1C;FCER1A;CLEC4C;S100A8	HLA-DRA		0.0	0.0	5.779010633379565e-05	5.779010633379565e-05	0.0	0.0001502542764678687
infection_study_06	Myeloid_lineage	15	Eosinophil	8	17304	0.41506715704463076	0.41506715704463076	0.3580097087378641	0.45846239790414545	0.0	0.45846239790414545	0.0	0.0	0.0	0.35818307905686547	0.0627215287409462	0.3580097087378641	0.017857142857142856	0.3523462783171521	0.8006202870002853	0.999133148404993	0.3581445523193096	0.0	0.0	S100A8;CD3D;MS4A1			0.0	0.0	0.0	0.0	0.0	0.0
infection_study_06	Myeloid_lineage	15	Basophil	9	17304	0.49834479307798385	0.49834479307798385	0.010663325322275985	0.41765179534597013	0.004724341192787794	0.42237613653875794	0.0	0.0	0.0	0.0013869625520110957	0.0005085529357374017	0.0008668515950069349	0.0001155802126675913	0.0007512713823393435	1.0391858949090762	0.9101941747572816	0.32626367699183234	0.012598243180767453	0.006299121590383726	CD3D;MS4A1;LST1	CLEC4C;FCER1A		0.0	0.0	0.0	0.0	0.0	0.0
infection_study_06	Myeloid_lineage	15	Mast Cell	10	17304	0.49853333800666916	0.49853333800666916	0.011205203930630125	0.41765179534597013	0.0	0.41765179534597013	0.0	0.0	0.0	0.0012713823393435044	0.0003563723223917398	0.0008668515950069349	0.0002311604253351826	0.0007512713823393435	1.0413534093424928	0.9101941747572816	0.32626367699183234	0.0	0.0	CD3D;MS4A1;LST1			0.0	0.0	0.0	0.0	0.0	0.0
infection_study_06	Myeloid_lineage	16	Classical Monocyte	1	17731	0.7904153910675631	0.9990412272291467	1.0	0.10389374541763013	0.19184197168800404	0.2957357171056342	0.7042642828943658	0.7042642828943658	0.0	0.9994924144154306	0.8704246799390898	0.9990412272291467	0.9672889289944165	0.9984208448480063	1.0056425841653218	0.2373244599853364	0.062320230105465	0.426315492640009	0.426315492640009	FCGR3A;MS4A7;CD1C;CLEC4C	HLA-DRA		0.0	0.0	0.9979132592634369	0.9983644464497208	0.0	3.2992899441655856
infection_study_06	Myeloid_lineage	16	Intermediate Monocyte	2	17731	0.7378391542551327	0.9265128870340082	0.9852800180474874	0.06532212885154062	0.3235139022051774	0.38883603105671805	0.5964439869907694	0.5964439869907694	0.0	0.9996052112120016	0.696821010283308	0.9265128870340082	0.4926400090237437	0.8742315718233602	0.944138205057442	0.14392871242456715	0.048314627864568645	0.8568044667531443	0.4431504145282274	CD1C;CLEC4C;NKG7	VCAN;FCGR3A		0.0	0.0	0.013930404376515706	0.00011279679657097739	0.0	0.6188454307897655
infection_study_06	Myeloid_lineage	16	Neutrophil	3	17731	0.8035216808538668	0.9989848288308611	1.0	0.03199405936871393	0.41436326208335683	0.44635732145207074	0.5536426785479293	0.5536426785479293	0.0	0.9992668208222887	0.4646570037410937	0.9989848288308611	0.9873667587840506	0.9984208448480063	1.005655457052324	0.0703288026620044	0.023950519805237533	0.962269471547008	0.8378828041283628	CD3D;MS4A1;CD79A	FCN1;LST1		0.0	0.0	0.0024251311262760136	0.0024815295245615024	0.0	0.5600044178745324
infection_study_06	Myeloid_lineage	16	Non-Classical Monocyte	4	17731	0.6227814244569362	0.6227814244569362	0.27640854999718006	0.5	0.08896283345552987	0.5889628334555299	0.0	0.0	0.0	0.912187693869494	0.2697159400673021	0.27640854999718006	0.02983475269302352	0.20912526084259206	0.5771146742655522	0.9991540240257176	0.7103942248040156	0.23315097851221026	0.1267835993457786	S100A8;S100A9;VCAN;CD1C	NKG7;GNLY		0.0	0.0	0.005527043031977891	0.016468332299362697	0.0	0.025311601150527323
infection_study_06	Myeloid_lineage	16	Conventional DC 2	5	17731	0.684919668982788	0.684919668982788	0.019570244205064577	0.4889349162483785	0.41436326208335683	0.6	0.0	0.0	0.0	0.9860695956234843	0.37371458650574324	0.019570244205064577	0.00028199199142744344	0.010941289267384807	0.2821466849121449	0.9989848288308611	0.49691218769386947	0.962269471547008	0.8378828041283628	CLEC4C;LILRA4;S100A8;S100A9	FCN1;LST1		0.0	0.0	0.0012407647622807512	0.0010151711691387965	0.0	0.0030003947887879984
infection_study_06	Myeloid_lineage	16	Plasmacytoid DC	6	17731	0.2167475032904716	0.2167475032904716	0.032429079014155995	0.4648407873216401	0.04344368619931194	0.508284473520952	0.0	0.0	0.0	0.29671197337995603	0.04739882530193285	0.032429079014155995	0.00016919519485646608	0.031301111048446226	0.4110578822378408	0.9989284304325757	0.3874908352602786	0.12328689865207829	0.04305077735792304	CD3D;MS4A1;CD1C;FCN1;S100A8	MZB1;XBP1;PRDM1		0.0	0.0	0.00033839038971293216	0.00033839038971293216	0.0	0.0008798150132536236
infection_study_06	Myeloid_lineage	16	Basophil	7	17731	0.49834479307798385	0.49834479307798385	0.00022559359314195478	0.3718331359389393	0.001988043539563476	0.3738211794785028	0.0	0.0	0.0	0.0005639839828548869	0.00013535615588517288	0.00022559359314195478	5.6398398285488694e-05	0.00011279679657097739	0.9778630485713335	0.8121369353110371	0.28736863873066004	0.005301449438835937	0.0026507247194179685	CD3D;MS4A1;LST1	CLEC4C;FCER1A		0.0	0.0	0.0	0.0	0.0	0.0
infection_study_06	Myeloid_lineage	16	Eosinophil	8	17731	0.41506715704463076	0.41506715704463076	0.11234560938469347	0.4570808189047431	0.0	0.4570808189047431	0.0	0.0	0.0	0.11313518696069032	0.019072058353542757	0.11234560938469347	0.0011279679657097738	0.10834132310642378	0.2661679150659861	0.9984772432462918	0.3529975748688738	0.0	0.0	S100A8;CD3D;MS4A1			0.0	0.0	0.0	0.0	0.0	0.0
infection_study_06	Myeloid_lineage	16	Mast Cell	9	17731	0.49853333800666916	0.49853333800666916	0.00022559359314195478	0.3718331359389393	0.0	0.3718331359389393	0.0	0.0	0.0	0.0005075855845693983	0.0001127967965709774	0.00022559359314195478	5.6398398285488694e-05	0.00011279679657097739	0.979902656962928	0.8121369353110371	0.28736863873066004	0.0	0.0	CD3D;MS4A1;LST1			0.0	0.0	0.0	0.0	0.0	0.0
infection_study_06	Myeloid_lineage	16	Conventional DC 1	10	17731	0.419618220691839	0.419618220691839	0.0094749309119621	0.43485872201229486	0.19184197168800404	0.6	0.0	0.0	0.0	0.09508769950933393	0.016158141108792507	0.0094749309119621	0.0	0.009080142123963679	0.24929617541676133	0.9984772432462918	0.2519880435395635	0.426315492640009	0.426315492640009	CD1C;FCER1A;CLEC4C;S100A8	HLA-DRA		0.0	0.0	0.0	0.0	0.0	0.0
infection_study_06	Myeloid_lineage	17	Classical Monocyte	1	11457	0.8601637198464084	1.0	1.0	0.24527275901195775	0.44253731343283575	0.6	0.4	0.4	0.0	1.0	0.9631120712228332	1.0	0.9919699746879637	1.0	1.0065981276068479	0.5409793139565331	0.18045736231125076	0.9834162520729685	0.9834162520729685	FCGR3A;MS4A7;CD1C;CLEC4C	HLA-DRA		0.0	0.0	0.9883040935672515	0.9904861656629135	0.0	2.971772715370516
infection_study_06	Myeloid_lineage	17	Intermediate Monocyte	2	11457	0.9402530127908396	0.9970323819498996	1.0	0.28824706874981815	0.37949070437287247	0.6	0.4	0.4	0.0	1.0	0.8849757062640017	0.9970323819498996	0.9608972680457363	0.9834162520729685	1.0152318870272763	0.6328881906258182	0.21704343778185098	0.9566204067382387	0.6166972156760059	CD1C;CLEC4C;NKG7	VCAN;FCGR3A		0.0	0.0	0.14977742864624247	0.0	0.0	0.639643885833988
infection_study_06	Myeloid_lineage	17	Neutrophil	3	11457	0.857119202696676	1.0	1.0	0.06356870617671874	0.44179104477611936	0.5053597509528381	0.49464024904716186	0.49464024904716186	0.0	1.0	0.5420703500043641	1.0	0.999825434232347	1.0	1.0066672784364668	0.13703412760757616	0.05225335311745366	0.9935410665968404	0.9581914986471153	CD3D;MS4A1;CD79A	FCN1;LST1		0.0	0.0	0.0014838090250501876	0.0014838090250501876	0.0	0.49849815251229235
infection_study_06	Myeloid_lineage	17	Eosinophil	4	11457	0.8791263843246647	0.8791263843246647	0.8148807879157637	0.46244799394838676	0.0	0.46244799394838676	0.3524327939673769	0.3524327939673769	0.0	0.686829012830584	0.12686567164179108	0.6862180326437985	0.0731430566465916	0.6799336650082919	1.5146510210878605	1.0	0.37476360885630333	0.0	0.0	S100A8;CD3D;MS4A1			0.0	0.0	0.0	0.0	0.0	0.3524327939673769
infection_study_06	Myeloid_lineage	17	Non-Classical Monocyte	5	11457	0.8449435513404215	0.8449435513404215	0.606861348852084	0.5	0.2640089028541503	0.6	0.006861348852084004	0.006861348852084004	0.0	0.9993017369293882	0.47622996130458817	0.5664659160338658	0.21489045998079775	0.41022955398446365	1.161581731272873	1.0	0.7409225800820459	0.6793226848215065	0.401413982717989	S100A8;S100A9;VCAN;CD1C	NKG7;GNLY		0.0	0.0	0.045212533822117484	0.1543161386052195	0.0	0.2335175415726915
infection_study_06	Myeloid_lineage	17	Conventional DC 2	6	11457	0.9047981058486395	0.9047981058486395	0.1361208951840132	0.49021602513747053	0.44179104477611936	0.6	0.0	0.0	0.0	1.0	0.516074597771377	0.10700881557126647	0.010473946059177796	0.08798114689709348	1.116448318450987	1.0	0.5009819324430479	0.9935410665968404	0.9581914986471153	CLEC4C;LILRA4;S100A8;S100A9	FCN1;LST1		0.0	0.0	0.016409182159378546	0.013005149690145762	0.0	0.039259841145151436
infection_study_06	Myeloid_lineage	17	Plasmacytoid DC	7	11457	0.5004943261271301	0.5004943261271301	0.14966681180402225	0.472900410229554	0.08786331500392773	0.5607637252334817	0.0	0.0	0.0	0.6800209478921183	0.13094926370653	0.10971458496988741	0.0008728288382648163	0.10683424980361352	1.1598089073365394	1.0	0.4222745919525181	0.24735969276424893	0.09103604783102033	CD3D;MS4A1;CD1C;FCN1;S100A8	MZB1;XBP1;PRDM1		0.0	0.0	0.0007855459544383347	0.0007855459544383347	0.0	0.0020424194815396703
infection_study_06	Myeloid_lineage	17	Basophil	8	11457	0.49834479307798385	0.49834479307798385	0.00043641441913240813	0.4411707544150592	0.0049947630269704104	0.4461655174420296	0.0	0.0	0.0	0.0008728288382648163	0.0001920223444182596	0.00043641441913240813	0.0	0.00017456576765296326	0.9980236283682477	0.9538273544557913	0.357801635099357	0.013266998341625208	0.006764423496552326	CD3D;MS4A1;LST1	CLEC4C;FCER1A		0.0	0.0	0.0	0.0	0.0	0.0
infection_study_06	Myeloid_lineage	17	Mast Cell	9	11457	0.49853333800666916	0.49853333800666916	0.0002618486514794449	0.4411707544150592	0.0	0.4411707544150592	0.0	0.0	0.0	0.000698263070611853	0.00013092432573972245	0.0002618486514794449	0.0	0.00017456576765296326	0.9833769225563777	0.9538273544557913	0.357801635099357	0.0	0.0	CD3D;MS4A1;LST1			0.0	0.0	0.0	0.0	0.0	0.0
infection_study_06	Myeloid_lineage	17	Conventional DC 1	10	11457	0.419618220691839	0.419618220691839	0.04137208693375229	0.43683381338919436	0.44253731343283575	0.6	0.0	0.0	0.0	0.337261063105525	0.06288731779698001	0.04137208693375229	0.0	0.04032469232783451	0.6576077139198196	1.0	0.258335515405429	0.9834162520729685	0.9834162520729685	CD1C;FCER1A;CLEC4C;S100A8	HLA-DRA		0.0	0.0	0.0	0.0	0.0	0.0
infection_study_06	Myeloid_lineage	2	Classical Monocyte	1	11841	0.8924121543796207	1.0	1.0	0.17521366438645386	0.41819103116290857	0.5934046955493624	0.40659530445063763	0.40659530445063763	0.0	1.0	0.9750865636348282	1.0	0.9983954057934296	1.0	1.0065981276068479	0.3986149818427498	0.1079089603918588	0.9293134025842412	0.9293134025842412	FCGR3A;MS4A7;CD1C;CLEC4C	HLA-DRA		0.0	0.0	0.9998310953466768	0.9965374546068744	0.0	3.0028625116121948
infection_study_06	Myeloid_lineage	2	Neutrophil	2	11841	0.8433276246118815	1.0	1.0	0.04072460096275653	0.4463073220167215	0.48703192297947806	0.5129680770205219	0.5129680770205219	0.0	1.0	0.5190299242744137	1.0	1.0	1.0	1.0066672784364668	0.0885904906680179	0.032091884131407816	0.998733215100076	0.9779157165779917	CD3D;MS4A1;CD79A	FCN1;LST1		0.0	0.0	0.0	0.0	0.0	0.5129680770205219
infection_study_06	Myeloid_lineage	2	Intermediate Monocyte	3	11841	0.879460568124546	0.9980575964867832	1.0	0.18578611040734172	0.36752596909044843	0.5533120794977902	0.44668792050220985	0.44668792050220985	0.0	1.0	0.8743067871519861	0.9980575964867832	0.9406300143568955	0.9901190777805928	1.0162654491128098	0.4080736424288489	0.13962784674717788	0.9705261379951018	0.5091208512794527	CD1C;CLEC4C;NKG7	VCAN;FCGR3A		0.0	0.0	0.00540494890634237	0.0	0.0	0.4553358387523576
infection_study_06	Myeloid_lineage	2	Eosinophil	4	11841	0.8517728662092438	0.8517728662092438	0.6200198377981205	0.4587399712862089	0.0	0.4587399712862089	0.16127986651191162	0.16127986651191162	0.0	0.5602567350730513	0.09996340399178	0.5600033780930664	0.03893252259099738	0.5530782873068153	1.2400658388202164	1.0	0.35790896039185877	0.0	0.0	S100A8;CD3D;MS4A1			0.0	0.0	0.0	0.0	0.0	0.16127986651191162
infection_study_06	Myeloid_lineage	2	Conventional DC 2	5	11841	0.8222541029672863	0.8222541029672863	0.0894350139346339	0.4901532809728908	0.4463073220167215	0.6	0.0	0.0	0.0	1.0	0.5040255609042029	0.0894350139346339	0.007600709399543958	0.06063677054302846	0.9487665827610848	1.0	0.5006967316949582	0.998733215100076	0.9779157165779917	CLEC4C;LILRA4;S100A8;S100A9	FCN1;LST1		0.0	0.0	0.006756186132927962	0.00523604425301917	0.0	0.016045942065703908
infection_study_06	Myeloid_lineage	2	Non-Classical Monocyte	6	11841	0.7226697478453303	0.7226697478453303	0.45308673253948145	0.5	0.1824296934380542	0.6	0.0	0.0	0.0	0.9956084790135968	0.4095093319820961	0.45308673253948145	0.08191875686175154	0.3621315767249388	0.9331221041021752	1.0	0.7473186386284941	0.47335529093826534	0.2694873743771641	S100A8;S100A9;VCAN;CD1C	NKG7;GNLY		0.0	0.0	0.001097880246600794	0.005911662866311967	0.0	0.007668271260873238
infection_study_06	Myeloid_lineage	2	Plasmacytoid DC	7	11841	0.2167475032904716	0.2167475032904716	0.07482476142217719	0.4716638797398868	0.0781310700109788	0.5497949497508656	0.0	0.0	0.0	0.46018072797905585	0.08126726748464777	0.07482476142217719	0.0003378093066463981	0.07254454860231399	0.8217922142476144	1.0	0.4166539988176674	0.22075838189342117	0.0793570362863497	CD3D;MS4A1;CD1C;FCN1;S100A8	MZB1;XBP1;PRDM1		0.0	0.0	0.0002533569799847986	0.0002533569799847986	0.0	0.0006587281479604764
infection_study_06	Myeloid_lineage	2	Basophil	8	11841	0.49834479307798385	0.49834479307798385	0.0	0.44393435239140844	0.00714466683557132	0.45107901922697974	0.0	0.0	0.0	0.0003378093066463981	6.756186132927963e-05	0.0	0.0	0.0	0.9562897641728705	0.9676547588886074	0.346479745516989	0.019001773498859894	0.009627565239422346	CD3D;MS4A1;LST1	CLEC4C;FCER1A		0.0	0.0	0.0	0.0	0.0	0.0
infection_study_06	Myeloid_lineage	2	Mast Cell	9	11841	0.49853333800666916	0.49853333800666916	0.00016890465332319906	0.44393435239140844	0.0	0.44393435239140844	0.0	0.0	0.0	0.0004222616333079976	7.037693888466628e-05	0.00016890465332319906	0.0	8.445232666159953e-05	0.9744702444342248	0.9676547588886074	0.346479745516989	0.0	0.0	CD3D;MS4A1;LST1			0.0	0.0	0.0	0.0	0.0	0.0
infection_study_06	Myeloid_lineage	2	Conventional DC 1	10	11841	0.419618220691839	0.419618220691839	0.02499788869183346	0.4371273541086057	0.41819103116290857	0.6	0.0	0.0	0.0	0.23891563212566505	0.04267657573966163	0.02499788869183346	0.0	0.024322270078540664	0.44800363287432965	1.0	0.25966979140275315	0.9293134025842412	0.9293134025842412	CD1C;FCER1A;CLEC4C;S100A8	HLA-DRA		0.0	0.0	0.0	0.0	0.0	0.0
infection_study_06	Myeloid_lineage	3	Non-Classical Monocyte	1	23278	0.9839452784603131	0.9909786064094853	1.0	0.4890952830999227	0.16713742589569552	0.6	0.4	0.4	0.0	1.0	0.8445169974510985	0.9909786064094853	0.9313085316607956	0.9644728928602113	2.016976945662007	0.9768021307672481	0.5359566973107656	0.43229658905404245	0.24965632786321848	S100A8;S100A9;VCAN;CD1C	NKG7;GNLY		0.0	0.0	0.9913222785462669	0.9969928688031617	0.0	2.983108514477189
infection_study_06	Myeloid_lineage	3	Classical Monocyte	2	23278	0.6895976378704576	0.9895179998281639	1.0	0.4804220723429848	0.42297448234384394	0.6	0.4	0.4	0.0	0.9999570409829023	0.855641592920354	0.9895179998281639	0.8782971045622476	0.9437666466191253	0.9961514328082887	0.9885299424349171	0.47627588280780137	0.939943294097431	0.939943294097431	FCGR3A;MS4A7;CD1C;CLEC4C	HLA-DRA		0.0	0.0	0.05460091073116247	0.9983245983331901	0.0	1.48568605550305
infection_study_06	Myeloid_lineage	3	Intermediate Monocyte	3	23278	0.8706089276023732	0.9965632786321849	1.0	0.16132972477589713	0.38961787954291605	0.5509476043188132	0.4490523956811868	0.4490523956811868	0.0	0.9999570409829023	0.9506042901738407	0.9965632786321849	0.9748260159807544	0.9437666466191253	1.0147589641550918	0.3552281123807887	0.1197411003236246	0.9730217372626514	0.6514090557608042	CD1C;CLEC4C;NKG7	VCAN;FCGR3A		0.0	0.0	0.3852564653320732	0.0	0.0	1.0654627402125039
infection_study_06	Myeloid_lineage	3	Neutrophil	4	23278	0.6710863934618421	0.9781768193143741	1.0	0.05657673912420884	0.4453829796374259	0.5019597187616347	0.4980402812383653	0.4980402812383653	0.0	0.9895609588452616	0.4957900163244265	0.9781768193143741	0.8601254403299252	0.9009794655898273	0.9849161082308961	0.12286278889938998	0.044949451556548385	0.999183778675144	0.9708523068992181	CD3D;MS4A1;CD79A	FCN1;LST1		0.0	0.0	0.0	0.0	0.0	0.4980402812383653
infection_study_06	Myeloid_lineage	3	Conventional DC 2	5	23278	0.8838901653273128	0.8838901653273128	0.037202508806598505	0.46890067875247016	0.4453829796374259	0.6	0.0	0.0	0.0	0.9996992868803162	0.4945656843371424	0.037202508806598505	0.0008591803419537761	0.028181115216083855	0.4503862493309094	0.9735372454678237	0.4498023885213507	0.999183778675144	0.9708523068992181	CLEC4C;LILRA4;S100A8;S100A9	FCN1;LST1		0.0	0.0	0.0007732623077583984	0.00012887705129306643	0.0	0.0013660967437065042
infection_study_06	Myeloid_lineage	3	Plasmacytoid DC	6	23278	0.45144061620350284	0.45144061620350284	0.06272016496262565	0.46162814674800245	0.05706675831256981	0.5186949050605723	0.0	0.0	0.0	0.5703239109889165	0.10478317970370551	0.06272016496262565	0.00017183606839075522	0.060915886244522724	0.7045214673537958	0.9891313686742847	0.3898101211444282	0.16126815018472376	0.05790875504768452	CD3D;MS4A1;CD1C;FCN1;S100A8	MZB1;XBP1;PRDM1		0.0	0.0	4.2959017097688804e-05	4.2959017097688804e-05	0.0	0.0001116934444539909
infection_study_06	Myeloid_lineage	3	Conventional DC 1	7	23278	0.419618220691839	0.419618220691839	0.5960348827218833	0.39073374001202854	0.42297448234384394	0.6	0.0	0.0	0.0	0.4947160408969843	0.09753844832030244	0.3460348827218833	0.00025775410258613285	0.3456912105851018	4.55755837998905	0.89702723601684	0.22665177420740615	0.939943294097431	0.939943294097431	CD1C;FCER1A;CLEC4C;S100A8	HLA-DRA		0.0	0.0	4.2959017097688804e-05	0.0	0.0	6.873442735630209e-05
infection_study_06	Myeloid_lineage	3	Eosinophil	8	23278	0.41506715704463076	0.41506715704463076	0.09730217372626514	0.4168267606037174	0.0	0.4168267606037174	0.0	0.0	0.0	0.09811839505112123	0.016754016668098632	0.09730217372626514	0.001976114786493685	0.09373657530715697	0.2334403008526874	0.9045021049918378	0.3323452759400865	0.0	0.0	S100A8;CD3D;MS4A1			0.0	0.0	0.0	0.0	0.0	0.0
infection_study_06	Myeloid_lineage	3	Basophil	9	23278	0.49834479307798385	0.49834479307798385	0.009402264824561074	0.45988716098175675	0.0007893719391700318	0.4606765329209268	0.0	0.0	0.0	0.0011598934616375977	0.0003866311538791993	0.0008162213248560873	0.00017183606839075522	0.0006014262393676433	1.03434417399882	0.998195721281897	0.366239940430163	0.0021049918377867515	0.0010524959188933757	CD3D;MS4A1;LST1	CLEC4C;FCER1A		0.0	0.0	0.0	0.0	0.0	0.0
infection_study_06	Myeloid_lineage	3	Mast Cell	10	23278	0.49853333800666916	0.49853333800666916	0.006725220073888519	0.45988716098175675	0.0	0.45988716098175675	0.0	0.0	0.0	0.0010310164103445314	0.00025775410258613285	0.0006873442735630209	4.2959017097688804e-05	0.0006014262393676433	1.024151503201302	0.998195721281897	0.366239940430163	0.0	0.0	CD3D;MS4A1;LST1			0.0	0.0	0.0	0.0	0.0	0.0
infection_study_06	Myeloid_lineage	4	Classical Monocyte	1	22345	0.9354088584692327	1.0	1.0	0.1406663683150593	0.2984560304318639	0.4391223987469232	0.5608776012530767	0.5608776012530767	0.0	1.0	0.9710841351532782	1.0	0.9999104945177892	1.0	1.0065981276068479	0.3200268516446632	0.08661893040948758	0.6632356231819199	0.6632356231819199	FCGR3A;MS4A7;CD1C;CLEC4C	HLA-DRA		0.0	0.0	0.9999104945177892	0.9991944506601029	0.0	3.1599288431416426
infection_study_06	Myeloid_lineage	4	Neutrophil	2	22345	0.9313067976489898	1.0	1.0	0.037175505333034986	0.44428059968673084	0.4814561050197658	0.5185438949802341	0.5185438949802341	0.0	1.0	0.5510405012307004	1.0	1.0	1.0	1.0066672784364668	0.08136048332960394	0.0284478257626613	0.9981203848735735	0.9656298948310584	CD3D;MS4A1;CD79A	FCN1;LST1		0.0	0.0	0.00031326918773774893	0.00031326918773774893	0.0	0.5193583948683522
infection_study_06	Myeloid_lineage	4	Intermediate Monocyte	3	22345	0.8015770091214652	0.9959722533005146	1.0	0.27531468635787276	0.3768426941150146	0.6	0.4	0.4	0.0	1.0	0.8078466472738123	0.9959722533005146	0.73219959722533	0.9915864846721861	1.0141631265499589	0.6063996419780712	0.2040128291191169	0.9933318415752965	0.5256209442828373	CD1C;CLEC4C;NKG7	VCAN;FCGR3A		0.0	0.0	0.00040277466994853437	4.4752741105392706e-05	0.0	0.40068919221302307
infection_study_06	Myeloid_lineage	4	Eosinophil	4	22345	0.8879287735273251	0.8879287735273251	0.8514626862373931	0.4582922353994182	0.0	0.4582922353994182	0.39317045083797486	0.39317045083797486	0.0	0.7101364958603714	0.12748564182889535	0.7099127321548445	0.054016558514208994	0.7013202058626091	1.5661998163301944	1.0	0.3558737972700828	0.0	0.0	S100A8;CD3D;MS4A1			0.0	0.0	0.0	0.0	0.0	0.39317045083797486
infection_study_06	Myeloid_lineage	4	Non-Classical Monocyte	5	22345	0.7481553416832952	0.7481553416832952	0.3668829715820094	0.5	0.25166032669501004	0.6	0.0	0.0	0.0	0.9979413739091519	0.3997538599239203	0.3668829715820094	0.06144551353770419	0.2804206757663907	0.7594210905467949	1.0	0.7498098008503021	0.6521369433877825	0.37346162452450216	S100A8;S100A9;VCAN;CD1C	NKG7;GNLY		0.0	0.0	0.0004922801521593198	0.0009398075632132468	0.0	0.0017274558066681586
infection_study_06	Myeloid_lineage	4	Plasmacytoid DC	6	22345	0.44836165334564515	0.44836165334564515	0.0865070485567241	0.4708670396061759	0.09269859028865518	0.563565629894831	0.0	0.0	0.0	0.5307675095099574	0.09672346002621232	0.0865070485567241	0.00040277466994853437	0.083419109420452	0.9349715789851583	1.0	0.41303199820989034	0.2614007607965988	0.09518908033117028	CD3D;MS4A1;CD1C;FCN1;S100A8	MZB1;XBP1;PRDM1		0.0	0.0	4.4752741105392706e-05	4.4752741105392706e-05	0.0	0.00011635712687402104
infection_study_06	Myeloid_lineage	4	Basophil	7	22345	0.49834479307798385	0.49834479307798385	0.0013337829607624426	0.43204952636682326	0.0022353994182143654	0.43428492578503763	0.0	0.0	0.0	0.0006712911165808906	0.00013425822331617813	0.0004922801521593198	0.0	0.00022376370552696352	1.0033660112344125	0.9425822331617811	0.335764898933393	0.00595211456701723	0.002998433654061311	CD3D;MS4A1;LST1	CLEC4C;FCER1A		0.0	0.0	0.0	0.0	0.0	0.0
infection_study_06	Myeloid_lineage	4	Mast Cell	8	22345	0.49853333800666916	0.49853333800666916	0.00031326918773774893	0.43204952636682326	0.0	0.43204952636682326	0.0	0.0	0.0	0.0006265383754754979	0.00010442306257924964	0.00031326918773774893	0.0	0.00017901096442157082	0.9883044722035457	0.9425822331617811	0.335764898933393	0.0	0.0	CD3D;MS4A1;LST1			0.0	0.0	0.0	0.0	0.0	0.0
infection_study_06	Myeloid_lineage	4	Conventional DC 1	9	22345	0.419618220691839	0.419618220691839	0.01306780040277467	0.4356571940031327	0.2984560304318639	0.6	0.0	0.0	0.0	0.22166032669501007	0.03881554411874394	0.01306780040277467	0.0	0.012217498321772208	0.295288052198259	1.0	0.252987245468785	0.6632356231819199	0.6632356231819199	CD1C;FCER1A;CLEC4C;S100A8	HLA-DRA		0.0	0.0	0.0	0.0	0.0	0.0
infection_study_06	Myeloid_lineage	4	Conventional DC 2	10	22345	0.6910280412236566	0.6910280412236566	0.03486238532110092	0.4901944506601029	0.44428059968673084	0.6	0.0	0.0	0.0	0.9986574177668383	0.4424927276795703	0.03486238532110092	0.0005370328932647124	0.02564332065339002	0.4280577870044091	1.0	0.5008838666368315	0.9981203848735735	0.9656298948310584	CLEC4C;LILRA4;S100A8;S100A9	FCN1;LST1		0.0	0.0	0.0	0.0	0.0	0.0
infection_study_06	Myeloid_lineage	5	Conventional DC 2	1	5848	0.9963227695799679	0.9963227695799679	1.0	0.44718365253077974	0.4068955198358413	0.6	0.4	0.4	0.0	1.0	0.8610351117191062	0.8849179206566348	0.7747948016415869	0.7792407660738714	8.538925915887207	0.9276675786593708	0.43031805745554036	0.957592339261286	0.7974521203830369	CLEC4C;LILRA4;S100A8;S100A9	FCN1;LST1		0.0	0.0	0.9288645690834473	0.8623461012311902	0.0	2.748529411764706
infection_study_06	Myeloid_lineage	5	Classical Monocyte	2	5848	0.6721131172882404	0.8984268125854993	1.0	0.3839902530779754	0.449923050615595	0.6	0.4	0.4	0.0	0.9989740082079344	0.8253890218878249	0.8984268125854993	0.6899794801641587	0.8086525307797537	0.90536705803606	0.8320793433652531	0.30818228454172364	0.999829001367989	0.999829001367989	FCGR3A;MS4A7;CD1C;CLEC4C	HLA-DRA		0.0	0.0	0.12841997264021887	0.12619699042407662	0.0	0.7316689466484269
infection_study_06	Myeloid_lineage	5	Neutrophil	3	5848	0.5896972282686862	0.9136456908344733	1.0	0.09525877792977656	0.4068955198358413	0.5021542977656179	0.49784570223438207	0.49784570223438207	0.0	0.9683652530779754	0.45308937528499765	0.9136456908344733	0.7000683994528044	0.8086525307797537	0.9205979146850589	0.20451436388508892	0.07974236206110351	0.957592339261286	0.7974521203830369	CD3D;MS4A1;CD79A	FCN1;LST1		0.0	0.0	0.0	0.0	0.0	0.49784570223438207
infection_study_06	Myeloid_lineage	5	Intermediate Monocyte	4	5848	0.7753396528114345	1.0	1.0	0.4046910624715003	0.2329001367989056	0.6	0.4	0.4	0.0	1.0	0.7993046055631554	1.0	0.7867647058823529	0.999829001367989	1.0182236681526715	0.8401162790697675	0.3883948928408572	0.612688098495212	0.32729138166894667	CD1C;CLEC4C;NKG7	VCAN;FCGR3A		0.0	0.0	0.01966484268125855	0.0	0.0	0.4314637482900137
infection_study_06	Myeloid_lineage	5	Conventional DC 1	5	5848	0.8497653461672805	0.8497653461672805	0.5321477428180574	0.494375	0.449923050615595	0.6	0.0	0.0	0.0	0.6017441860465116	0.1691176470588235	0.28214774281805743	0.06155950752393981	0.25718194254445964	3.739747025055996	0.96015731874145	0.5887055403556771	0.999829001367989	0.999829001367989	CD1C;FCER1A;CLEC4C;S100A8	HLA-DRA		0.0	0.0	0.07404240766073872	0.06754445964432285	0.0	0.1860123119015048
infection_study_06	Myeloid_lineage	5	Non-Classical Monocyte	6	5848	0.6822661408358099	0.6822661408358099	0.6647967406775891	0.5	0.1856019151846785	0.6	0.06479674067758912	0.06479674067758912	0.0	0.9893980848153214	0.4878020975832193	0.6049931600547196	0.19374145006839946	0.39244186046511625	1.239214322491478	0.9669972640218878	0.726359439124487	0.4736662106703146	0.29001367989056087	S100A8;S100A9;VCAN;CD1C	NKG7;GNLY		0.0	0.0	0.01966484268125855	0.027359781121751026	0.0	0.12362027008935383
infection_study_06	Myeloid_lineage	5	Plasmacytoid DC	7	5848	0.4630690642491017	0.4630690642491017	0.5692544459644323	0.46710465116279065	0.10606190150478795	0.5731665526675787	0.0	0.0	0.0	0.728625170998632	0.17490717217119406	0.3192544459644323	0.04035567715458276	0.2624829001367989	3.189855599514134	0.9548563611491108	0.47390560875512994	0.29770861833105333	0.11166210670314637	CD3D;MS4A1;CD1C;FCN1;S100A8	MZB1;XBP1;PRDM1		0.0	0.0	0.018638850889192888	0.018638850889192888	0.0	0.04846101231190151
infection_study_06	Myeloid_lineage	5	Eosinophil	8	5848	0.41506715704463076	0.41506715704463076	0.3173734610123119	0.3931235750113999	0.0	0.3931235750113999	0.0	0.0	0.0	0.320109439124487	0.058168034655722754	0.3173734610123119	0.028556771545827635	0.311046511627907	0.7122144554578881	0.8425102599179206	0.3316803465572275	0.0	0.0	S100A8;CD3D;MS4A1			0.0	0.0	0.0	0.0	0.0	0.0
infection_study_06	Myeloid_lineage	5	Basophil	9	5848	0.49834479307798385	0.49834479307798385	0.08277274376125432	0.44008777929776566	0.30439893980848154	0.6	0.0	0.0	0.0	0.042065663474692205	0.009028727770177838	0.003761969904240766	0.0001709986320109439	0.003590971272229822	1.3160430954280542	0.9423734610123119	0.37266301869585045	0.8059165526675787	0.41749316005471954	CD3D;MS4A1;LST1	CLEC4C;FCER1A		0.0	0.0	0.0	0.0	0.0	0.0
infection_study_06	Myeloid_lineage	5	Mast Cell	10	5848	0.49853333800666916	0.49853333800666916	0.09199425138529686	0.44008777929776566	0.0	0.44008777929776566	0.0	0.0	0.0	0.042065663474692205	0.007324441404468764	0.004103967168262654	0.0008549931600547196	0.003590971272229822	1.3515611368681368	0.9423734610123119	0.37266301869585045	0.0	0.0	CD3D;MS4A1;LST1			0.0	0.0	0.0	0.0	0.0	0.0
infection_study_06	Myeloid_lineage	6	Classical Monocyte	1	15022	0.8643612617523317	1.0	1.0	0.22249434163227266	0.404796298761816	0.6	0.4	0.4	0.0	1.0	0.9736469844228465	1.0	0.9974038077486354	1.0	1.0065981276068479	0.4999334309679137	0.14781653574757023	0.8995473305818134	0.8995473305818134	FCGR3A;MS4A7;CD1C;CLEC4C	HLA-DRA		0.0	0.0	0.9948741845293569	0.9983357741978431	0.0	2.9901344694448144
infection_study_06	Myeloid_lineage	6	Intermediate Monocyte	2	15022	0.8630553463969185	0.9968046864598589	1.0	0.16000133138064174	0.37299793636000533	0.5329992677406471	0.4670007322593529	0.4670007322593529	0.0	1.0	0.87680291128567	0.9968046864598589	0.9201171614964718	0.9819597923046199	1.0150023375846116	0.35168419651178273	0.11982425775529225	0.9657835175076555	0.5550858740513913	CD1C;CLEC4C;NKG7	VCAN;FCGR3A		0.0	0.0	0.07449074690454001	0.0	0.0	0.5861859273066169
infection_study_06	Myeloid_lineage	6	Neutrophil	3	15022	0.8553999388437603	1.0	1.0	0.03613189544224027	0.44486253494874184	0.4809944303909821	0.5190055696090179	0.5190055696090179	0.0	1.0	0.5648937114454357	1.0	0.9993343096791373	1.0	1.0066672784364668	0.07888430302223405	0.027981183153596947	0.9975369458128078	0.9706763413659966	CD3D;MS4A1;CD79A	FCN1;LST1		0.0	0.0	0.0	0.0	0.0	0.5190055696090179
infection_study_06	Myeloid_lineage	6	Non-Classical Monocyte	4	15022	0.8311912534491032	0.8311912534491032	0.6089183718004874	0.5	0.1679486752762615	0.6	0.008918371800487379	0.008918371800487379	0.0	0.9995340167753961	0.4714418852349887	0.5678338436959126	0.16502463054187191	0.42510983890294235	1.1643381124182988	1.0	0.7449740380774863	0.43649314338969514	0.24667154839568634	S100A8;S100A9;VCAN;CD1C	NKG7;GNLY		0.0	0.0	0.022566901877246706	0.08074823592064971	0.0	0.12577365072473182
infection_study_06	Myeloid_lineage	6	Conventional DC 2	5	15022	0.7842030773916502	0.7842030773916502	0.07722007722007722	0.49007688723205967	0.44486253494874184	0.6	0.0	0.0	0.0	0.9997337238716549	0.4929547774375361	0.07722007722007722	0.002529623219278392	0.05478631340700306	0.8322168553890822	1.0	0.500349487418453	0.9975369458128078	0.9706763413659966	CLEC4C;LILRA4;S100A8;S100A9	FCN1;LST1		0.0	0.0	0.0005325522566901877	0.00026627612834509385	0.0	0.0011183597390493944
infection_study_06	Myeloid_lineage	6	Eosinophil	6	15022	0.41506715704463076	0.41506715704463076	0.3610704300359473	0.4579856210890694	0.0	0.4579856210890694	0.0	0.0	0.0	0.3614698442284649	0.06248613145164869	0.3610704300359473	0.0130475302889096	0.3542803887631474	0.8072790123162653	1.0	0.35448009585940626	0.0	0.0	S100A8;CD3D;MS4A1			0.0	0.0	0.0	0.0	0.0	0.0
infection_study_06	Myeloid_lineage	6	Basophil	7	15022	0.49834479307798385	0.49834479307798385	0.0006787989669463013	0.44015887808991255	0.003095459992011716	0.44325433808192427	0.0	0.0	0.0	0.000865397417121555	0.000173079483424311	0.00046598322460391424	0.0	0.0001997070962588204	1.0008512629693695	0.9609239781653575	0.34094439266853055	0.008254559978697909	0.004127279989348955	CD3D;MS4A1;LST1	CLEC4C;FCER1A		0.0	0.0	0.0	0.0	0.0	0.0
infection_study_06	Myeloid_lineage	6	Mast Cell	8	15022	0.49853333800666916	0.49853333800666916	0.0001997070962588204	0.44015887808991255	0.0	0.44015887808991255	0.0	0.0	0.0	0.0005991212887764612	9.98535481294102e-05	0.0001997070962588204	0.0	0.0001997070962588204	0.9774219944131999	0.9609239781653575	0.34094439266853055	0.0	0.0	CD3D;MS4A1;LST1			0.0	0.0	0.0	0.0	0.0	0.0
infection_study_06	Myeloid_lineage	6	Plasmacytoid DC	9	15022	0.44928927022235005	0.44928927022235005	0.07362534948741846	0.47077965650379444	0.07276660897350552	0.5435462654773	0.0	0.0	0.0	0.5188390360804154	0.0937006675922932	0.07362534948741846	6.656903208627346e-05	0.07162827852483025	0.8101721710770281	1.0	0.41263480228997473	0.20569830914658502	0.07371410819686681	CD3D;MS4A1;CD1C;FCN1;S100A8	MZB1;XBP1;PRDM1		0.0	0.0	0.0	0.0	0.0	0.0
infection_study_06	Myeloid_lineage	6	Conventional DC 1	10	15022	0.419618220691839	0.419618220691839	0.04380242311276794	0.4364315670350153	0.404796298761816	0.6	0.0	0.0	0.0	0.270203701238184	0.0489060489060489	0.04380242311276794	6.656903208627346e-05	0.04307016375981893	0.6887181459487949	1.0	0.25650712288643324	0.8995473305818134	0.8995473305818134	CD1C;FCER1A;CLEC4C;S100A8	HLA-DRA		0.0	0.0	0.0	0.0	0.0	0.0
infection_study_06	Myeloid_lineage	7	Classical Monocyte	1	9531	0.8435826437141417	0.9998950792151925	1.0	0.08344612317700137	0.20363550519357884	0.2870816283705802	0.7129183716294198	0.7129183716294198	0.0	1.0	0.8974661630468995	0.9998950792151925	0.9842618822788795	0.9998950792151925	1.0064935602152298	0.18990662050152135	0.05128003357465114	0.45252334487461965	0.45252334487461965	FCGR3A;MS4A7;CD1C;CLEC4C	HLA-DRA		0.0	0.0	0.9988458713671178	0.9989507921519253	0.0	3.3100225579687335
infection_study_06	Myeloid_lineage	7	Neutrophil	2	9531	0.8772433522804872	1.0	1.0	0.033987339558633235	0.42403997481901157	0.4580273143776448	0.5419726856223552	0.5419726856223552	0.0	1.0	0.4764977442031266	1.0	0.9979015843038506	0.9998950792151925	1.0066672784364668	0.07459867799811143	0.025635645087958594	0.976812506557549	0.8733081523449795	CD3D;MS4A1;CD79A	FCN1;LST1		0.0	0.0	0.004616514531528696	0.004616514531528696	0.0	0.5539756234043298
infection_study_06	Myeloid_lineage	7	Intermediate Monocyte	3	9531	0.7751384173587031	0.9543594586087504	0.9889833175952156	0.16739691532892664	0.33445860875039346	0.5018555240793201	0.4871277935158955	0.4871277935158955	0.0	0.9998950792151925	0.7089322561466093	0.9543594586087504	0.4944916587976078	0.929283391039765	0.972211510259729	0.3689014793830658	0.12370160528800755	0.8826985625852481	0.4643269331654601	CD1C;CLEC4C;NKG7	VCAN;FCGR3A		0.0	0.0	0.039240373517993914	0.0005246039240373518	0.0	0.5504369950687231
infection_study_06	Myeloid_lineage	7	Non-Classical Monocyte	4	9531	0.8398866796633748	0.8398866796633748	0.21802539082992342	0.5	0.16602140384010072	0.6	0.0	0.0	0.0	0.9991606337215403	0.34870422830762776	0.21802539082992342	0.02623019620186759	0.14720386108488093	0.4594723137782799	1.0	0.7191795194628056	0.4325883957612003	0.24163256741160424	S100A8;S100A9;VCAN;CD1C	NKG7;GNLY		0.0	0.0	0.004931276885951107	0.04039450215087609	0.0	0.04828454516839786
infection_study_06	Myeloid_lineage	7	Conventional DC 2	5	9531	0.6912715784232084	0.6912715784232084	0.01437414751862344	0.4901038715769594	0.42403997481901157	0.6	0.0	0.0	0.0	0.9924457034938622	0.38755989228132753	0.01437414751862344	0.0	0.010596999265554507	0.23256774182342835	1.0	0.5004721435316336	0.976812506557549	0.8733081523449795	CLEC4C;LILRA4;S100A8;S100A9	FCN1;LST1		0.0	0.0	0.0003147623544224111	0.0	0.0	0.0005036197670758578
infection_study_06	Myeloid_lineage	7	Plasmacytoid DC	6	9531	0.5385344741107266	0.5385344741107266	0.05728674850487882	0.4679001154128633	0.05453782394292309	0.5224379393557864	0.0	0.0	0.0	0.5343615570244465	0.09447367237735509	0.05728674850487882	0.0003147623544224111	0.05361452103661735	0.6518818929314408	0.9998950792151925	0.3997272059595006	0.15423355366698144	0.05511838561885776	CD3D;MS4A1;CD1C;FCN1;S100A8	MZB1;XBP1;PRDM1		0.0	0.0	0.00010492078480747036	0.00010492078480747036	0.0	0.00027279404049942297
infection_study_06	Myeloid_lineage	7	Basophil	7	9531	0.49834479307798385	0.49834479307798385	0.00010492078480747036	0.379484489210646	0.0013770853005980483	0.380861574511244	0.0	0.0	0.0	0.00020984156961494072	4.1968313922988145e-05	0.00010492078480747036	0.0	0.00010492078480747036	0.9663232314289073	0.8280348337005561	0.29468751092924844	0.0036722274682614627	0.0018361137341307314	CD3D;MS4A1;LST1	CLEC4C;FCER1A		0.0	0.0	0.0	0.0	0.0	0.0
infection_study_06	Myeloid_lineage	7	Eosinophil	8	9531	0.41506715704463076	0.45315286958346446	0.45505490814832833	0.458179274647641	0.0	0.458179274647641	0.0	0.0	0.0	0.4534676319378869	0.08059664952960514	0.45315286958346446	0.029692582100514113	0.43940824677368584	1.0076081542594555	0.9998950792151925	0.35554156611758114	0.0	0.0	S100A8;CD3D;MS4A1			0.0	0.0	0.0	0.0	0.0	0.0
infection_study_06	Myeloid_lineage	7	Mast Cell	9	9531	0.49853333800666916	0.49853333800666916	0.00020984156961494072	0.379484489210646	0.0	0.379484489210646	0.0	0.0	0.0	0.0003147623544224111	5.246039240373518e-05	0.00020984156961494072	0.0	0.00020984156961494072	0.9783931651602207	0.8280348337005561	0.29468751092924844	0.0	0.0	CD3D;MS4A1;LST1			0.0	0.0	0.0	0.0	0.0	0.0
infection_study_06	Myeloid_lineage	7	Conventional DC 1	10	9531	0.419618220691839	0.419618220691839	0.011121603189591859	0.4353063686916378	0.20363550519357884	0.6	0.0	0.0	0.0	0.1157276256426398	0.020004896303291015	0.011121603189591859	0.0	0.011016682404784388	0.2703750230303238	0.9998950792151925	0.251573811772112	0.45252334487461965	0.45252334487461965	CD1C;FCER1A;CLEC4C;S100A8	HLA-DRA		0.0	0.0	0.0	0.0	0.0	0.0
infection_study_06	Myeloid_lineage	8	Classical Monocyte	1	17756	0.9265683976944339	1.0	1.0	0.1872079860328903	0.38207929713899524	0.5692872831718856	0.4307127168281144	0.4307127168281144	0.0	1.0	0.9807952241495832	1.0	0.9998873620184726	1.0	1.0065981276068479	0.4215476458661861	0.12281763910790719	0.8490651047533229	0.8490651047533229	FCGR3A;MS4A7;CD1C;CLEC4C	HLA-DRA		0.0	0.0	0.9999436810092364	0.9964519035818878	0.0	3.0270745100247805
infection_study_06	Myeloid_lineage	8	Eosinophil	2	17756	0.9608820639384861	0.9608820639384861	1.0	0.4598670871817977	0.0	0.4598670871817977	0.5401329128182023	0.5401329128182023	0.0	0.9377111962153638	0.19346511977172035	0.9377111962153638	0.22178418562739355	0.9333183149357963	2.0617847624443955	1.0	0.3630322144627168	0.0	0.0	S100A8;CD3D;MS4A1			0.0	0.0	0.0	0.0	0.0	0.5401329128182023
infection_study_06	Myeloid_lineage	8	Neutrophil	3	17756	0.8989447527100312	1.0	1.0	0.04744612149883608	0.4459450326650146	0.4933911541638507	0.5066088458361493	0.5066088458361493	0.0	1.0	0.5434125553803408	1.0	1.0	1.0	1.0066672784364668	0.10345798603289029	0.03696403093789893	0.9984793872493805	0.97600810993467	CD3D;MS4A1;CD79A	FCN1;LST1		0.0	0.0	0.0	0.0	0.0	0.5066088458361493
infection_study_06	Myeloid_lineage	8	Intermediate Monocyte	4	17756	0.8536468335933883	0.9972966884433431	1.0	0.3743286776300969	0.3830212322595179	0.6	0.4	0.4	0.0	1.0	0.8572219719155966	0.9972966884433431	0.8829128182022978	0.9914395134039198	1.0154983455691282	0.8240031538634828	0.27821581437260645	0.9953255237666141	0.5628238341968912	CD1C;CLEC4C;NKG7	VCAN;FCGR3A		0.0	0.0	0.014586618607794548	0.0	0.0	0.4233385897724713
infection_study_06	Myeloid_lineage	8	Non-Classical Monocyte	5	17756	0.8619337457955085	0.8619337457955085	0.46643388150484344	0.5	0.3274808515431403	0.6	0.0	0.0	0.0	1.0	0.4403300292858752	0.46643388150484344	0.11376436134264474	0.3475444920027033	0.9600166766545468	1.0	0.7511545393106556	0.844728542464519	0.4937485920252309	S100A8;S100A9;VCAN;CD1C	NKG7;GNLY		0.0	0.0	0.002083802658256364	0.0163325073214688	0.0	0.019666591574678982
infection_study_06	Myeloid_lineage	8	Conventional DC 2	6	17756	0.7474700533848044	0.7474700533848044	0.056769542689795	0.4902601937373282	0.4459450326650146	0.6	0.0	0.0	0.0	0.9997184050461816	0.482625591349403	0.056769542689795	0.0021401216490200495	0.044660959675602616	0.6370865587846253	1.0	0.5011826988060374	0.9984793872493805	0.97600810993467	CLEC4C;LILRA4;S100A8;S100A9	FCN1;LST1		0.0	0.0	0.0029849065104753324	0.0011263798152737104	0.0	0.005902230232034242
infection_study_06	Myeloid_lineage	8	Plasmacytoid DC	7	17756	0.6131484102399234	0.6131484102399234	0.3651158596853807	0.4719772471277315	0.12432980400991213	0.5963070511376436	0.0	0.0	0.0	0.8290155440414507	0.1715074180156406	0.1726740256814598	0.0010137418337463392	0.1691259292633476	1.7697673360156836	1.0	0.418078396035143	0.3497972516332507	0.12927085679957948	CD3D;MS4A1;CD1C;FCN1;S100A8	MZB1;XBP1;PRDM1		0.0	0.0	0.00016895697229105653	0.00016895697229105653	0.0	0.000439288127956747
infection_study_06	Myeloid_lineage	8	Conventional DC 1	8	17756	0.419618220691839	0.419618220691839	0.03277765262446497	0.43595404370353685	0.38207929713899524	0.6	0.0	0.0	0.0	0.3183712547871142	0.0582901554404145	0.03277765262446497	5.6318990763685515e-05	0.03159495381842757	0.54759142616704	1.0	0.2543365622888038	0.8490651047533229	0.8490651047533229	CD1C;FCER1A;CLEC4C;S100A8	HLA-DRA		0.0	0.0	5.6318990763685515e-05	0.0	0.0	9.011038522189682e-05
infection_study_06	Myeloid_lineage	8	Basophil	9	17756	0.49834479307798385	0.49834479307798385	0.0073082021017996796	0.4427656379064354	0.002808909664338815	0.44557454757077425	0.0	0.0	0.0	0.0012390177968010813	0.00024780355936021624	0.0007321468799279117	0.0	0.0003942329353457986	1.026304220887487	0.9626041901329129	0.3498911166178569	0.007490425771570173	0.003745212885785087	CD3D;MS4A1;LST1	CLEC4C;FCER1A		0.0	0.0	0.0	0.0	0.0	0.0
infection_study_06	Myeloid_lineage	8	Mast Cell	10	17756	0.49853333800666916	0.49853333800666916	0.007843363621684543	0.4427656379064354	0.0	0.4427656379064354	0.0	0.0	0.0	0.0014079747690921378	0.0002346624615153563	0.0007321468799279117	0.0	0.0003942329353457986	1.0284448669670265	0.9626041901329129	0.3498911166178569	0.0	0.0	CD3D;MS4A1;LST1			0.0	0.0	0.0	0.0	0.0	0.0
infection_study_06	Myeloid_lineage	9	Classical Monocyte	1	16684	0.8861267191127753	1.0	1.0	0.1490329057779909	0.2874940062335171	0.436526912011508	0.5634730879884919	0.5634730879884919	0.0	1.0	0.9623516542795493	1.0	0.9986214337089427	1.0	1.0065981276068479	0.33924718292975303	0.09144989211220331	0.6388755694078159	0.6388755694078159	FCGR3A;MS4A7;CD1C;CLEC4C	HLA-DRA		0.0	0.0	1.0	0.9997003116758572	0.0	3.163173399664349
infection_study_06	Myeloid_lineage	9	Eosinophil	2	16684	0.9302873255506177	0.9302873255506177	1.0	0.4571353792056262	0.0	0.4571353792056262	0.5428646207943738	0.5428646207943738	0.0	0.8593862383121553	0.16894429793015264	0.8593862383121553	0.15350035962598896	0.8490769599616399	1.8913855887627582	1.0	0.3506153600255734	0.0	0.0	S100A8;CD3D;MS4A1			0.0	0.0	0.0	0.0	0.0	0.5428646207943738
infection_study_06	Myeloid_lineage	9	Neutrophil	3	16684	0.9105608123869184	1.0	1.0	0.02941181171581555	0.4425602373531527	0.4719720490689682	0.5280279509310317	0.5280279509310317	0.0	1.0	0.5011787740749619	1.0	1.0	1.0	1.0066672784364668	0.06443298969072164	0.022396707424278753	0.9946056101654279	0.9611903620234956	CD3D;MS4A1;CD79A	FCN1;LST1		0.0	0.0	0.0003596259889714697	0.0006593143131143611	0.0	0.5292626668265005
infection_study_06	Myeloid_lineage	9	Intermediate Monocyte	4	16684	0.7781744741590715	0.9854950851114841	1.0	0.3990306081675058	0.3725320666506833	0.6	0.4	0.4	0.0	1.0	0.8039738671781348	0.9854950851114841	0.7136777751138815	0.9756053704147687	1.003600650683338	0.8792256053704147	0.2951130823943099	0.9833972668424839	0.5167525773195877	CD1C;CLEC4C;NKG7	VCAN;FCGR3A		0.0	0.0	0.00011987532965715655	0.00011987532965715655	0.0	0.40031167585710864
infection_study_06	Myeloid_lineage	9	Non-Classical Monocyte	5	16684	0.7026622302206096	0.7026622302206096	0.37371134020618557	0.5	0.3419189043394869	0.6	0.0	0.0	0.0	0.9944857348357709	0.389205226564373	0.37371134020618557	0.062455046751378564	0.308559098537521	0.7731802877996191	1.0	0.7471379765044355	0.8910333253416447	0.4973927115799568	S100A8;S100A9;VCAN;CD1C	NKG7;GNLY		0.0	0.0	0.00011987532965715655	0.0002397506593143131	0.0	0.0004315511867657636
infection_study_06	Myeloid_lineage	9	Conventional DC 2	6	16684	0.6603444691674654	0.6603444691674654	0.044413809637976503	0.49011208343322943	0.4425602373531527	0.6	0.0	0.0	0.0	0.9960441141213139	0.4355570206984736	0.044413809637976503	0.0035363222248861186	0.0347638456005754	0.5191934126863279	1.0	0.5005094701510429	0.9946056101654279	0.9611903620234956	CLEC4C;LILRA4;S100A8;S100A9	FCN1;LST1		0.0	0.0	0.00011987532965715655	5.9937664828578277e-05	0.0	0.00025173819228002875
infection_study_06	Myeloid_lineage	9	Plasmacytoid DC	7	16684	0.2167475032904716	0.2167475032904716	0.07504195636538001	0.4694557660033565	0.1077319587628866	0.5771877247662431	0.0	0.0	0.0	0.45013186286262286	0.07910915505017638	0.07504195636538001	0.0002397506593143131	0.07330376408535123	0.8238964242719691	1.0	0.406617118197075	0.30430352433469193	0.10960600974986014	CD3D;MS4A1;CD1C;FCN1;S100A8	MZB1;XBP1;PRDM1		0.0	0.0	5.9937664828578277e-05	5.9937664828578277e-05	0.0	0.00015583792855430352
infection_study_06	Myeloid_lineage	9	Basophil	8	16684	0.49834479307798385	0.49834479307798385	0.0002996883241428914	0.43373571485654916	0.0032411292256053705	0.43697684408215454	0.0	0.0	0.0	0.0005993766482857828	0.00011987532965715655	0.0002996883241428914	0.0	0.00011987532965715655	0.9849486518548672	0.948693358906737	0.33287381123631427	0.008631023735315272	0.004345480700071925	CD3D;MS4A1;LST1	CLEC4C;FCER1A		0.0	0.0	0.0	0.0	0.0	0.0
infection_study_06	Myeloid_lineage	9	Mast Cell	9	16684	0.49853333800666916	0.49853333800666916	0.00017981299448573484	0.43373571485654916	0.0	0.43373571485654916	0.0	0.0	0.0	0.000419563653800048	6.992727563334132e-05	0.00017981299448573484	0.0	0.00011987532965715655	0.9755155737239979	0.948693358906737	0.33287381123631427	0.0	0.0	CD3D;MS4A1;LST1			0.0	0.0	0.0	0.0	0.0	0.0
infection_study_06	Myeloid_lineage	9	Conventional DC 1	10	16684	0.419618220691839	0.419618220691839	0.025173819228002877	0.4357878806041717	0.2874940062335171	0.6	0.0	0.0	0.0	0.23717333972668425	0.04221609526092864	0.025173819228002877	0.0	0.024634380244545673	0.4502556978497753	1.0	0.25358127547350756	0.6388755694078159	0.6388755694078159	CD1C;FCER1A;CLEC4C;S100A8	HLA-DRA		0.0	0.0	0.0	0.0	0.0	0.0
