study	lineage	cluster	candidate_label	rank_within_cluster	n_cells	marker_pct	marker_decision_score	marker_base_score	negative_marker_penalty	confound_marker_penalty	marker_penalty	marker_discriminative_score	marker_gate_score	key_marker_bonus	marker_any_fraction	marker_mean_positive_fraction	key_marker_any_fraction	key_marker_two_fraction	key_marker_max_fraction	key_marker_enrichment	negative_marker_any_fraction	negative_marker_mean_positive_fraction	confound_marker_any_fraction	confound_marker_mean_positive_fraction	available_negative_markers	available_confound_markers	available_policy_required_markers	policy_required_any_fraction	policy_required_mean_positive_fraction	ref_fraction	raw_fraction	screfmapping_fraction	total_score
vaccination_study_01	B_lineage	0	Memory B Cell	1	2137	0.7097876260604048	0.7097876260604048	0.08703790360318203	0.3558446420215255	0.0	0.3558446420215255	0.0	0.0	0.0	0.7304632662611137	0.11494448462160206	0.08703790360318203	0.0014038371548900327	0.07253158633598503	0.20011194696820814	0.8020589611605053	0.23210107627515209	0.0	0.0	TCL1A;IGHD;IGHM;MZB1;JCHAIN			0.0	0.0	0.25924192793635936	0.25315863359850255	0.0	0.6679457182966775
vaccination_study_01	B_lineage	0	Plasma Cell	2	2137	0.9112417560238807	0.9112417560238807	0.74603565519313	0.2960388394946186	0.0828029948525971	0.37884183434721574	0.36719382084591423	0.36719382084591423	0.0	0.7655591951333646	0.15200436749337076	0.7262517547964437	0.08937763219466542	0.499298081422555	1.0791356015867455	0.6462330369677117	0.2294103883949462	0.23350491343004212	0.08501013882389642	MS4A1;CD79A;CD3D;LST1	LILRA4;IRF7;TCF4		0.0	0.0	0.037903603182030884	0.037903603182030884	0.0	0.46574318911919455
vaccination_study_01	B_lineage	0	Plasmablast	3	2137	0.8908653814853155	0.8908653814853155	0.7192386227770622	0.24412104195913273	0.0513804398689752	0.2955014818281079	0.42373714094895426	0.42373714094895426	0.0	0.7753860552175947	0.15925752612696928	0.7028544688816097	0.07627515208235845	0.499298081422555	1.0655366155818096	0.5170800187178287	0.21650288566526285	0.1357042583060365	0.07112774918109499	MS4A1;LST1;CD3D	LILRA4;IRF7		0.0	0.0	0.0	0.0	0.0	0.42373714094895426
vaccination_study_01	B_lineage	0	Naive B Cell	4	2137	0.878199118472366	0.878199118472366	0.4679457182966776	0.2805732335049134	0.03235844642021525	0.31293167992512866	0.15501403837154892	0.15501403837154892	0.0	0.7973795039775387	0.17599958404825042	0.4679457182966776	0.06176883481516144	0.40009358914365933	0.5940074688436133	0.6354702854468881	0.1777023865231633	0.09218530650444548	0.03135236312587739	CD27;TNFRSF13B;MZB1;JCHAIN	FCRL5;ITGAX;TBX21		0.0	0.0	0.0500701918577445	0.049602246139447824	0.0	0.2847285914833879
vaccination_study_01	B_lineage	1	Naive B Cell	1	1429	0.980318626014831	0.9979006298110566	1.0	0.18654653603918825	0.09023792862141357	0.2767844646606018	0.7232155353393982	0.7232155353393982	0.0	1.0	0.9040510069201463	0.9979006298110566	0.9811056682995102	0.9972008397480756	1.2526537617987723	0.417074877536739	0.1275367389783065	0.2561231630510847	0.08933986470725448	CD27;TNFRSF13B;MZB1;JCHAIN	FCRL5;ITGAX;TBX21		0.0	0.0	0.9825052484254724	0.979706088173548	0.0	3.2749300209937022
vaccination_study_01	B_lineage	1	Memory B Cell	2	1429	0.9613631776662305	0.9613631776662305	0.32260321903428973	0.5	0.0	0.5	0.0	0.0	0.0	1.0	0.40365163178319236	0.32260321903428973	0.032890132960111965	0.2351294611616515	0.685895668160978	0.9979006298110566	0.6163750874737579	0.0	0.0	TCL1A;IGHD;IGHM;MZB1;JCHAIN			0.0	0.0	0.18054583624912526	0.1819454163750875	0.0	0.4708187543736879
vaccination_study_01	B_lineage	1	Plasmablast	3	1429	0.43228057839671347	0.43806857942617217	0.43806857942617217	0.4564730580825752	0.05017494751574528	0.5066480055983205	0.0	0.0	0.0	0.5780265920223933	0.13307674364357358	0.43806857942617217	0.08887333799860042	0.20153953813855843	0.6697488737348498	0.9853044086773968	0.3729881035689293	0.13365990202939118	0.06717984604618614	MS4A1;LST1;CD3D	LILRA4;IRF7		0.0	0.0	0.0	0.0	0.0	0.0
vaccination_study_01	B_lineage	1	Plasma Cell	4	1429	0.5305165465471331	0.5305165465471331	0.45276417074877534	0.4957732680195941	0.25	0.6	0.0	0.0	0.0	0.6186144156752974	0.14707254490319568	0.45276417074877534	0.0986703988803359	0.20153953813855843	0.6782806133098309	1.0	0.5262421273617914	0.7004898530440867	0.2656869605784931	MS4A1;CD79A;CD3D;LST1	LILRA4;IRF7;TCF4		0.0	0.0	0.0	0.0	0.0	0.0
vaccination_study_01	B_lineage	10	Memory B Cell	1	1064	0.9016745118719767	0.9016745118719767	0.36278195488721804	0.48399248120300753	0.0	0.48399248120300753	0.0	0.0	0.0	0.993421052631579	0.33031442241968556	0.36278195488721804	0.03571428571428571	0.31390977443609025	0.7687524154700489	0.9877819548872181	0.493796992481203	0.0	0.0	TCL1A;IGHD;IGHM;MZB1;JCHAIN			0.0	0.0	0.43796992481203006	0.24530075187969924	0.0	0.9460526315789474
vaccination_study_01	B_lineage	10	Naive B Cell	2	1064	0.9072914835576216	0.9360902255639098	0.980048638973138	0.4199154135338346	0.12786654135338343	0.547781954887218	0.43226668408591995	0.43226668408591995	0.0	0.9990601503759399	0.46010860484544697	0.9360902255639098	0.3975563909774436	0.8919172932330827	1.1758336536369132	0.8947368421052632	0.3632518796992481	0.3609022556390977	0.1306390977443609	CD27;TNFRSF13B;MZB1;JCHAIN	FCRL5;ITGAX;TBX21		0.0	0.0	0.046992481203007516	0.02537593984962406	0.0	0.532830593860356
vaccination_study_01	B_lineage	10	Plasma Cell	3	1064	0.9304063555928827	0.9304063555928827	1.0	0.5	0.2540413533834586	0.6	0.4	0.4	0.0	0.9304511278195489	0.32518796992481197	0.9022556390977443	0.6015037593984962	0.7810150375939849	1.3371072211173498	0.9783834586466166	0.6510808270676692	0.6832706766917294	0.32706766917293234	MS4A1;CD79A;CD3D;LST1	LILRA4;IRF7;TCF4		0.0	0.0	0.004699248120300752	0.004699248120300752	0.0	0.412218045112782
vaccination_study_01	B_lineage	10	Plasmablast	4	1064	0.9268117215831038	0.9268117215831038	1.0	0.5	0.18651315789473685	0.6	0.4	0.4	0.0	0.9266917293233082	0.34680451127819545	0.8956766917293233	0.5319548872180451	0.7810150375939849	1.3537569294201401	0.956766917293233	0.6416040100250626	0.48026315789473684	0.28289473684210525	MS4A1;LST1;CD3D	LILRA4;IRF7		0.0	0.0	0.0	0.0	0.0	0.4
vaccination_study_01	B_lineage	11	Memory B Cell	1	1005	0.9679941665527322	0.9679941665527322	0.8363993465898492	0.44360597014925374	0.0	0.44360597014925374	0.3927933764405954	0.3927933764405954	0.0	1.0	0.5355042966983266	0.7134328358208956	0.2855721393034826	0.47960199004975124	1.4918660430758144	0.9074626865671642	0.44895522388059705	0.0	0.0	TCL1A;IGHD;IGHM;MZB1;JCHAIN			0.0	0.0	0.9601990049751243	0.9601990049751243	0.0	2.8893107893759185
vaccination_study_01	B_lineage	11	Naive B Cell	2	1005	0.9489410600467457	0.9489410600467457	1.0	0.4374875621890547	0.08074626865671641	0.5182338308457711	0.4817661691542289	0.4817661691542289	0.0	1.0	0.630735212824765	0.7343283582089553	0.5253731343283582	0.7313432835820896	0.9250770267885824	0.8965174129353234	0.4400497512437811	0.22786069651741295	0.08258706467661692	CD27;TNFRSF13B;MZB1;JCHAIN	FCRL5;ITGAX;TBX21		0.0	0.0	0.12338308457711443	0.11840796019900497	0.0	0.797587064676617
vaccination_study_01	B_lineage	11	Plasma Cell	3	1005	0.7963160087762131	0.7963160087762131	0.819614772358136	0.4998507462686567	0.3100995024875622	0.6	0.21961477235813598	0.21961477235813598	0.0	0.8845771144278607	0.3092868988391376	0.7800995024875622	0.38109452736318405	0.5671641791044776	1.1580610794822952	1.0	0.5447761194029851	0.8407960199004975	0.3857379767827529	MS4A1;CD79A;CD3D;LST1	LILRA4;IRF7;TCF4		0.0	0.0	0.0	0.0	0.0	0.21961477235813598
vaccination_study_01	B_lineage	11	Plasmablast	4	1005	0.6939946743751506	0.7572139303482587	0.7939114859001866	0.4641857379767827	0.14320895522388058	0.6	0.1939114859001866	0.1939114859001866	0.0	0.8756218905472637	0.3034825870646766	0.7572139303482587	0.33134328358208953	0.5671641791044776	1.1467902222077118	0.9930348258706467	0.3946932006633499	0.3800995024875622	0.1945273631840796	MS4A1;LST1;CD3D	LILRA4;IRF7		0.0	0.0	0.0	0.0	0.0	0.1939114859001866
vaccination_study_01	B_lineage	12	Memory B Cell	1	957	0.9928384017917017	0.9928384017917017	1.0	0.47396865203761757	0.0	0.47396865203761757	0.5260313479623824	0.5260313479623824	0.0	1.0	0.6299040562363447	0.9320794148380356	0.7021943573667712	0.8035527690700105	1.9427598794057999	0.9487983281086729	0.5155694879832811	0.0	0.0	TCL1A;IGHD;IGHM;MZB1;JCHAIN			0.0	0.0	0.9958202716823407	0.9979101358411703	0.0	3.1172539184952974
vaccination_study_01	B_lineage	12	Naive B Cell	2	957	0.9598234340514463	0.9598234340514463	1.0	0.48221003134796236	0.24179728317659352	0.6	0.4	0.4	0.0	1.0	0.6838499941948218	0.8861024033437827	0.7262277951933125	0.8840125391849529	1.113707059311926	0.9373040752351097	0.572884012539185	0.6635318704284221	0.28491814698711254	CD27;TNFRSF13B;MZB1;JCHAIN	FCRL5;ITGAX;TBX21		0.0	0.0	0.03657262277951933	0.034482758620689655	0.0	0.4929989550679206
vaccination_study_01	B_lineage	12	Plasma Cell	3	957	0.8101623078575754	0.8101623078575754	0.7953864149819766	0.4974712643678161	0.3415360501567398	0.6	0.19538641498197662	0.19538641498197662	0.0	0.910135841170324	0.3589341692789969	0.7554858934169278	0.3824451410658307	0.4660397074190178	1.1219845314012606	1.0	0.5339602925809822	0.9195402298850575	0.43782654127481707	MS4A1;CD79A;CD3D;LST1	LILRA4;IRF7;TCF4		0.0	0.0	0.0	0.0	0.0	0.19538641498197662
vaccination_study_01	B_lineage	12	Plasmablast	4	957	0.7300972675247563	0.7492163009404389	0.7829252496504768	0.4629745733194009	0.14733542319749215	0.6	0.18292524965047685	0.18292524965047685	0.0	0.8923719958202717	0.35336119818878436	0.7492163009404389	0.367816091954023	0.4660397074190178	1.1348357948401517	0.9989550679205852	0.37896203413444796	0.3845350052246604	0.21316614420062696	MS4A1;LST1;CD3D	LILRA4;IRF7		0.0	0.0	0.0	0.0	0.0	0.18292524965047685
vaccination_study_01	B_lineage	13	Memory B Cell	1	883	0.9884340188935982	0.9884340188935982	1.0	0.346881087202718	0.0	0.346881087202718	0.6531189127972821	0.6531189127972821	0.0	1.0	0.6422320601256049	0.9026047565118913	0.5254813137032842	0.695356738391846	1.8819771229275981	0.7621744054360136	0.26024915062287657	0.0	0.0	TCL1A;IGHD;IGHM;MZB1;JCHAIN			0.0	0.0	0.9988674971687429	0.9988674971687429	0.0	3.250174405436014
vaccination_study_01	B_lineage	13	Plasma Cell	2	883	0.8831259725124839	0.8831259725124839	0.8883935370264107	0.49672706681766704	0.3078708946772367	0.6	0.2883935370264107	0.2883935370264107	0.0	0.9184597961494904	0.35938089845224613	0.797281993204983	0.42129105322763305	0.6398640996602492	1.1832457222845785	1.0	0.5305775764439411	0.8380520951302378	0.37636844092110233	MS4A1;CD79A;CD3D;LST1	LILRA4;IRF7;TCF4		0.0	0.0	0.0011325028312570782	0.0011325028312570782	0.0	0.2913380443876791
vaccination_study_01	B_lineage	13	Plasmablast	3	883	0.8453876052266646	0.8453876052266646	0.8271725911403125	0.45953944884862213	0.1402321630804077	0.5997716119290298	0.22740097921128266	0.22740097921128266	0.0	0.9377123442808607	0.37919969799924497	0.7814269535673839	0.38391845979614947	0.6398640996602492	1.1829825502917142	0.9920724801812004	0.3752359380898453	0.3737259343148358	0.18742921857304642	MS4A1;LST1;CD3D	LILRA4;IRF7		0.0	0.0	0.0011325028312570782	0.0	0.0	0.22921298374129398
vaccination_study_01	B_lineage	13	Naive B Cell	4	883	0.9382702787163811	0.9382702787163811	0.24009060022650056	0.49217440543601354	0.15549263873159683	0.6	0.0	0.0	0.0	1.0	0.5375613439033597	0.24009060022650056	0.07587768969422423	0.2287655719139298	0.31082124754993595	0.9637599093997735	0.572480181200453	0.43261608154020387	0.17138542846357116	CD27;TNFRSF13B;MZB1;JCHAIN	FCRL5;ITGAX;TBX21		0.0	0.0	0.015855039637599093	0.010192525481313703	0.0	0.035560588901472255
vaccination_study_01	B_lineage	14	Naive B Cell	1	876	0.979485276405138	0.9942922374429224	1.0	0.17642123287671233	0.05639269406392694	0.23281392694063927	0.7671860730593607	0.7671860730593607	0.0	1.0	0.9205986808726535	0.9942922374429224	0.9897260273972602	0.9931506849315068	1.2481691269644468	0.3904109589041096	0.12756849315068491	0.16095890410958905	0.05403348554033485	CD27;TNFRSF13B;MZB1;JCHAIN	FCRL5;ITGAX;TBX21		0.0	0.0	0.9863013698630136	0.9794520547945206	0.0	3.324720319634703
vaccination_study_01	B_lineage	14	Memory B Cell	2	876	0.9536725977720919	0.9536725977720919	0.2191780821917808	0.5	0.0	0.5	0.0	0.0	0.0	1.0	0.39217517642175176	0.2191780821917808	0.019406392694063926	0.1552511415525114	0.4726119436522269	0.997716894977169	0.6388127853881278	0.0	0.0	TCL1A;IGHD;IGHM;MZB1;JCHAIN			0.0	0.0	0.1267123287671233	0.1267123287671233	0.0	0.32945205479452055
vaccination_study_01	B_lineage	14	Plasmablast	3	876	0.4291709799019512	0.4589041095890411	0.4589041095890411	0.458310502283105	0.04195205479452054	0.5002625570776256	0.0	0.0	0.0	0.5776255707762558	0.1322298325722983	0.4589041095890411	0.1004566210045662	0.24315068493150685	0.7008927064002002	0.9714611872146118	0.40525114155251135	0.11187214611872145	0.05593607305936073	MS4A1;LST1;CD3D	LILRA4;IRF7		0.0	0.0	0.0	0.0	0.0	0.0
vaccination_study_01	B_lineage	14	Plasma Cell	4	876	0.5059579614185172	0.5059579614185172	0.4691780821917808	0.5	0.24189497716894975	0.6	0.0	0.0	0.0	0.571917808219178	0.1322298325722983	0.4691780821917808	0.10844748858447488	0.24315068493150685	0.7023387375642668	0.9988584474885844	0.5516552511415524	0.680365296803653	0.2519025875190259	MS4A1;CD79A;CD3D;LST1	LILRA4;IRF7;TCF4		0.0	0.0	0.0	0.0	0.0	0.0
vaccination_study_01	B_lineage	15	Memory B Cell	1	793	0.9807906404421961	0.9807906404421961	1.0	0.4104867591424968	0.0	0.4104867591424968	0.5895132408575032	0.5895132408575032	0.0	1.0	0.5738851312621804	0.832282471626734	0.4527112232030265	0.6633039092055486	1.7369582300919908	0.8978562421185372	0.3150063051702396	0.0	0.0	TCL1A;IGHD;IGHM;MZB1;JCHAIN			0.0	0.0	1.0	1.0	0.0	3.1895132408575035
vaccination_study_01	B_lineage	15	Plasmablast	2	793	0.8491555824658034	0.8789407313997478	0.9611259598498677	0.4552921395544346	0.1033732660781841	0.5586654056326187	0.402460554217249	0.402460554217249	0.0	0.9432534678436317	0.34026902059688946	0.8789407313997478	0.33921815889029006	0.7906683480453972	1.3287409138004795	0.987389659520807	0.3640184951660361	0.27490542244640603	0.13934426229508198	MS4A1;LST1;CD3D	LILRA4;IRF7		0.0	0.0	0.0	0.0	0.0	0.402460554217249
vaccination_study_01	B_lineage	15	Plasma Cell	3	793	0.8728816318027045	0.8789407313997478	0.9546742813385349	0.49478562421185374	0.3439470365699874	0.6	0.35467428133853496	0.35467428133853496	0.0	0.9457755359394704	0.32765868011769655	0.8789407313997478	0.3707440100882724	0.7906683480453972	1.3029341997551487	1.0	0.5217528373266078	0.9457755359394704	0.4014291719209752	MS4A1;CD79A;CD3D;LST1	LILRA4;IRF7;TCF4		0.0	0.0	0.0	0.0	0.0	0.35467428133853496
vaccination_study_01	B_lineage	15	Naive B Cell	4	793	0.9383581710580284	0.9383581710580284	0.33417402269861285	0.49085119798234556	0.10655737704918034	0.5974085750315259	0.0	0.0	0.0	1.0	0.5114193638783804	0.33417402269861285	0.13997477931904162	0.3253467843631778	0.4277513789505759	0.9684741488020177	0.5583228247162674	0.30012610340479196	0.11013030685161833	CD27;TNFRSF13B;MZB1;JCHAIN	FCRL5;ITGAX;TBX21		0.0	0.0	0.01008827238335435	0.007566204287515763	0.0	0.023707440100882722
vaccination_study_01	B_lineage	16	Naive B Cell	1	764	0.9898826148948222	0.9986910994764397	1.0	0.24841623036649216	0.051897905759162304	0.30031413612565444	0.6996858638743455	0.6996858638743455	0.0	1.0	0.9063408958696917	0.9986910994764397	0.9973821989528796	0.9973821989528796	1.2536361848379518	0.5510471204188482	0.17735602094240838	0.14790575916230367	0.05017452006980803	CD27;TNFRSF13B;MZB1;JCHAIN	FCRL5;ITGAX;TBX21		0.0	0.0	0.9960732984293194	0.993455497382199	0.0	3.2868586387434555
vaccination_study_01	B_lineage	16	Memory B Cell	2	764	0.9563940050912453	0.9563940050912453	0.193717277486911	0.5	0.0	0.5	0.0	0.0	0.0	1.0	0.38612565445026176	0.193717277486911	0.017015706806282723	0.13743455497382198	0.42010657191930195	1.0	0.7107329842931936	0.0	0.0	TCL1A;IGHD;IGHM;MZB1;JCHAIN			0.0	0.0	0.061518324607329845	0.058900523560209424	0.0	0.1573298429319372
vaccination_study_01	B_lineage	16	Plasmablast	3	764	0.5385586958078608	0.5759162303664922	0.5759162303664922	0.4536474694589878	0.07087696335078533	0.5245244328097731	0.05139179755671908	0.05139179755671908	0.0	0.6452879581151832	0.15205061082024432	0.5759162303664922	0.15968586387434555	0.32591623036649214	0.8757961468610077	0.9659685863874345	0.39354275741710293	0.18848167539267016	0.09554973821989529	MS4A1;LST1;CD3D	LILRA4;IRF7		0.0	0.0	0.0	0.0	0.0	0.05139179755671908
vaccination_study_01	B_lineage	16	Plasma Cell	4	764	0.6196190355280377	0.6196190355280377	0.5798429319371727	0.499934554973822	0.224934554973822	0.6	0.0	0.0	0.0	0.6426701570680629	0.15205061082024432	0.5798429319371727	0.16361256544502617	0.32591623036649214	0.8645419220409106	1.0	0.5451570680628273	0.6243455497382199	0.2508726003490402	MS4A1;CD79A;CD3D;LST1	LILRA4;IRF7;TCF4		0.0	0.0	0.0	0.0	0.0	0.0
vaccination_study_01	B_lineage	17	Naive B Cell	1	755	0.9480719024460114	0.9480719024460114	1.0	0.4272516556291391	0.11251655629139073	0.5397682119205298	0.4602317880794702	0.4602317880794702	0.0	0.9986754966887417	0.7844002943340692	0.8437086092715231	0.7192052980132451	0.8397350993377484	1.0610185858147982	0.8741721854304636	0.43211920529801323	0.3152317880794702	0.11964679911699777	CD27;TNFRSF13B;MZB1;JCHAIN	FCRL5;ITGAX;TBX21		0.0	0.0	0.7112582781456953	0.6940397350993377	0.0	2.2922847682119203
vaccination_study_01	B_lineage	17	Memory B Cell	2	755	0.936613345312734	0.936613345312734	0.9455154222201696	0.4809854304635762	0.0	0.4809854304635762	0.4645299917565934	0.4645299917565934	0.0	0.9986754966887417	0.522335942203492	0.785430463576159	0.3801324503311258	0.6596026490066225	1.6403398345760423	0.9496688741721855	0.5459602649006623	0.0	0.0	TCL1A;IGHD;IGHM;MZB1;JCHAIN			0.0	0.0	0.6596026490066225	0.6529801324503312	0.0	2.1728743626175206
vaccination_study_01	B_lineage	17	Plasma Cell	3	755	0.6671679785412475	0.7973509933774835	0.930604926147087	0.5	0.3077483443708609	0.6	0.33060492614708703	0.33060492614708703	0.0	0.871523178807947	0.32737306843267105	0.7973509933774835	0.4423841059602649	0.5019867549668874	1.1833468569062289	0.9986754966887417	0.7662251655629139	0.8357615894039735	0.38013245033112586	MS4A1;CD79A;CD3D;LST1	LILRA4;IRF7;TCF4		0.0	0.0	0.006622516556291391	0.006622516556291391	0.0	0.34782346919344465
vaccination_study_01	B_lineage	17	Plasmablast	4	755	0.6876420112371986	0.7602649006622516	0.8007515695220457	0.5	0.13321192052980133	0.6	0.20075156952204576	0.20075156952204576	0.0	0.9245033112582781	0.38807947019867556	0.7602649006622516	0.38145695364238413	0.5019867549668874	1.1513506489491097	0.9973509933774835	0.693598233995585	0.352317880794702	0.18344370860927153	MS4A1;LST1;CD3D	LILRA4;IRF7		0.0	0.0	0.0	0.0	0.0	0.20075156952204576
vaccination_study_01	B_lineage	18	Naive B Cell	1	656	0.950428719310924	0.950428719310924	1.0	0.07883384146341463	0.07926829268292683	0.15810213414634144	0.8418978658536586	0.8418978658536586	0.0	1.0	0.608739837398374	0.9314024390243902	0.6371951219512195	0.8719512195121951	1.1700075103946577	0.1798780487804878	0.04763719512195123	0.22560975609756098	0.07723577235772357	CD27;TNFRSF13B;MZB1;JCHAIN	FCRL5;ITGAX;TBX21		0.0	0.0	0.9634146341463414	0.961890243902439	0.0	3.345251524390244
vaccination_study_01	B_lineage	18	Memory B Cell	2	656	0.9282163714135041	0.9282163714135041	0.22103658536585366	0.43812804878048783	0.0	0.43812804878048783	0.0	0.0	0.0	1.0	0.26759977827051	0.22103658536585366	0.007621951219512195	0.21341463414634146	0.47644455621701565	0.9344512195121951	0.3774390243902439	0.0	0.0	TCL1A;IGHD;IGHM;MZB1;JCHAIN			0.0	0.0	0.5548780487804879	0.5548780487804879	0.0	1.4426829268292685
vaccination_study_01	B_lineage	18	Plasmablast	3	656	0.16101714226189315	0.21341463414634146	0.21341463414634146	0.40470528455284555	0.012004573170731708	0.41670985772357727	0.0	0.0	0.0	0.3125	0.062245934959349596	0.21341463414634146	0.018292682926829267	0.1326219512195122	0.33394820897065464	0.8826219512195121	0.3150406504065041	0.03201219512195122	0.01600609756097561	MS4A1;LST1;CD3D	LILRA4;IRF7		0.0	0.0	0.0	0.0	0.0	0.0
vaccination_study_01	B_lineage	18	Plasma Cell	4	656	0.1948394174365385	0.22560975609756098	0.22560975609756098	0.4248551829268293	0.21577743902439023	0.6	0.0	0.0	0.0	0.3277439024390244	0.06580284552845529	0.22560975609756098	0.021341463414634148	0.1326219512195122	0.3453368691207308	0.9161585365853658	0.3487042682926829	0.6128048780487805	0.21290650406504064	MS4A1;CD79A;CD3D;LST1	LILRA4;IRF7;TCF4		0.0	0.0	0.0	0.0	0.0	0.0
vaccination_study_01	B_lineage	19	Memory B Cell	1	630	0.9403178447495719	0.9403178447495719	0.4492063492063492	0.30277460317460314	0.0	0.30277460317460314	0.14643174603174608	0.14643174603174608	0.0	0.9952380952380953	0.34790764790764794	0.4492063492063492	0.10317460317460317	0.2984126984126984	0.946977141794231	0.6714285714285714	0.21650793650793654	0.0	0.0	TCL1A;IGHD;IGHM;MZB1;JCHAIN			0.0	0.0	0.9349206349206349	0.9317460317460318	0.0	2.5740507936507937
vaccination_study_01	B_lineage	19	Naive B Cell	2	630	0.9311412332272115	0.9311412332272115	0.5761904761904761	0.22329365079365082	0.1007936507936508	0.3240873015873016	0.25210317460317455	0.25210317460317455	0.0	0.9984126984126984	0.4165784832451499	0.5761904761904761	0.2	0.5555555555555556	0.7285377976877204	0.4936507936507937	0.16230158730158728	0.2841269841269841	0.10370370370370369	CD27;TNFRSF13B;MZB1;JCHAIN	FCRL5;ITGAX;TBX21		0.0	0.0	0.1761904761904762	0.1746031746031746	0.0	0.7086111111111111
vaccination_study_01	B_lineage	19	Plasma Cell	3	630	0.1948394174365385	0.3238095238095238	0.3238095238095238	0.4320158730158731	0.2284920634920635	0.6	0.0	0.0	0.0	0.4984126984126984	0.11772486772486773	0.3238095238095238	0.06507936507936508	0.15396825396825398	0.48926978977614727	0.9333333333333333	0.3515873015873016	0.6444444444444445	0.2343915343915344	MS4A1;CD79A;CD3D;LST1	LILRA4;IRF7;TCF4		0.0	0.0	0.0015873015873015873	0.0015873015873015873	0.0	0.0041269841269841265
vaccination_study_01	B_lineage	19	Plasmablast	4	630	0.16101714226189315	0.30317460317460315	0.30317460317460315	0.4142328042328043	0.03166666666666667	0.44589947089947096	0.0	0.0	0.0	0.4365079365079365	0.10026455026455028	0.30317460317460315	0.06031746031746032	0.15396825396825398	0.4681165950693693	0.9047619047619048	0.3201058201058201	0.08412698412698413	0.04285714285714286	MS4A1;LST1;CD3D	LILRA4;IRF7		0.0	0.0	0.0	0.0	0.0	0.0
vaccination_study_01	B_lineage	2	Naive B Cell	1	1397	0.9857288879340091	1.0	1.0	0.33638869005010735	0.14856836077308516	0.4849570508231925	0.5150429491768075	0.5150429491768075	0.0	1.0	0.9314403881333015	1.0	1.0	1.0	1.2552629316780302	0.7380100214745884	0.25429491768074447	0.42304939155332855	0.14435695538057744	CD27;TNFRSF13B;MZB1;JCHAIN	FCRL5;ITGAX;TBX21		0.0	0.0	0.9985683607730852	0.9978525411596277	0.0	3.1106048675733717
vaccination_study_01	B_lineage	2	Memory B Cell	2	1397	0.9659954295982344	0.9659954295982344	0.4359341445955619	0.5	0.0	0.5	0.0	0.0	0.0	1.0	0.4163467169909547	0.4359341445955619	0.0164638511095204	0.41445955619183966	0.9196071491768515	1.0	0.7872584108804581	0.0	0.0	TCL1A;IGHD;IGHM;MZB1;JCHAIN			0.0	0.0	0.2204724409448819	0.2204724409448819	0.0	0.573228346456693
vaccination_study_01	B_lineage	2	Plasmablast	3	1397	0.6134250668958378	0.7594846098783107	0.7970306879152412	0.4657504175614412	0.08305297065139584	0.548803388212837	0.2482272997024042	0.2482272997024042	0.0	0.8060128847530422	0.22977809591982823	0.7594846098783107	0.3235504652827487	0.5139584824624195	1.1501843121477222	0.9942734430923408	0.3996659508470532	0.2204724409448819	0.11274158911954188	MS4A1;LST1;CD3D	LILRA4;IRF7		0.0	0.0	0.0	0.0	0.0	0.2482272997024042
vaccination_study_01	B_lineage	2	Plasma Cell	4	1397	0.6932231749318021	0.7594846098783107	0.7914459878930744	0.5	0.3395848246241947	0.6	0.19144598789307443	0.19144598789307443	0.0	0.8067287043664997	0.23085182534001436	0.7594846098783107	0.3264137437365784	0.5139584824624195	1.1278455120590551	1.0	0.5497494631352898	0.9398711524695776	0.38415652588880933	MS4A1;CD79A;CD3D;LST1	LILRA4;IRF7;TCF4		0.0	0.0	0.0	0.0	0.0	0.19144598789307443
vaccination_study_01	B_lineage	20	Memory B Cell	1	620	0.9783703457749826	0.9783703457749826	0.877152125832775	0.43256774193548386	0.0	0.43256774193548386	0.44458438389729116	0.44458438389729116	0.0	1.0	0.512023460410557	0.7403225806451613	0.3241935483870968	0.49838709677419357	1.5473181807504548	0.8903225806451613	0.42838709677419357	0.0	0.0	TCL1A;IGHD;IGHM;MZB1;JCHAIN			0.0	0.0	0.9854838709677419	0.9870967741935484	0.0	3.0084553516392267
vaccination_study_01	B_lineage	20	Naive B Cell	2	620	0.9526536976633657	0.9526536976633657	0.9612903225806452	0.44533870967741934	0.062419354838709674	0.507758064516129	0.45353225806451614	0.45353225806451614	0.0	1.0	0.6284946236559139	0.6935483870967742	0.4806451612903226	0.6870967741935484	0.8743942682816301	0.9016129032258065	0.4669354838709677	0.17580645161290323	0.06451612903225806	CD27;TNFRSF13B;MZB1;JCHAIN	FCRL5;ITGAX;TBX21		0.0	0.0	0.13064516129032258	0.11129032258064517	0.0	0.7738548387096774
vaccination_study_01	B_lineage	20	Plasmablast	3	620	0.8070901449898109	0.8070901449898109	0.7463362065560872	0.45970967741935487	0.11165322580645161	0.5713629032258065	0.17497330333028072	0.17497330333028072	0.0	0.8725806451612903	0.27392473118279564	0.7225806451612903	0.2629032258064516	0.5838709677419355	1.095022245579188	0.9903225806451613	0.3790322580645162	0.29516129032258065	0.15403225806451612	MS4A1;LST1;CD3D	LILRA4;IRF7		0.0	0.0	0.0	0.0	0.0	0.17497330333028072
vaccination_study_01	B_lineage	20	Plasma Cell	4	620	0.8517524756342898	0.8517524756342898	0.7432232625298046	0.49736290322580645	0.28903225806451616	0.6	0.14322326252980466	0.14322326252980466	0.0	0.8951612903225806	0.27258064516129027	0.7241935483870968	0.2709677419354839	0.5838709677419355	1.0761188565708313	1.0	0.533467741935484	0.7935483870967742	0.33978494623655914	MS4A1;CD79A;CD3D;LST1	LILRA4;IRF7;TCF4		0.0	0.0	0.0	0.0	0.0	0.14322326252980466
vaccination_study_01	B_lineage	21	Naive B Cell	1	596	0.9485227576059427	0.9485227576059427	1.0	0.3496476510067114	0.25788590604026845	0.6	0.4	0.4	0.0	0.9966442953020134	0.7619313944817301	0.7919463087248322	0.6828859060402684	0.790268456375839	0.9966866084537699	0.7214765100671141	0.3431208053691275	0.6795302013422819	0.360178970917226	CD27;TNFRSF13B;MZB1;JCHAIN	FCRL5;ITGAX;TBX21		0.0	0.0	0.7114093959731543	0.7046979865771812	0.0	2.242953020134228
vaccination_study_01	B_lineage	21	Memory B Cell	2	596	0.9418901410834847	0.9418901410834847	0.6756747320099217	0.46267114093959727	0.0	0.46267114093959727	0.2130035910703244	0.2130035910703244	0.0	0.9966442953020134	0.5556741915802319	0.6073825503355704	0.2651006711409396	0.337248322147651	1.2731687266974048	0.9177852348993288	0.5177852348993288	0.0	0.0	TCL1A;IGHD;IGHM;MZB1;JCHAIN			0.0	0.0	0.5503355704697986	0.5436241610738255	0.0	1.6371646648958276
vaccination_study_01	B_lineage	21	Plasma Cell	3	596	0.7450682630520127	0.8506711409395973	1.0	0.5	0.3032718120805369	0.6	0.4	0.4	0.0	0.8959731543624161	0.35934004474272935	0.8506711409395973	0.5436241610738255	0.6124161073825504	1.2614990231201404	0.988255033557047	0.6157718120805369	0.8187919463087249	0.38422818791946306	MS4A1;CD79A;CD3D;LST1	LILRA4;IRF7;TCF4		0.0	0.0	0.008389261744966443	0.008389261744966443	0.0	0.42181208053691277
vaccination_study_01	B_lineage	21	Plasmablast	4	596	0.6717522152125367	0.8053691275167785	0.8768401578612948	0.47737136465324387	0.1380453020134228	0.6	0.2768401578612948	0.2768401578612948	0.0	0.8942953020134228	0.37052572706935133	0.8053691275167785	0.4110738255033557	0.6124161073825504	1.2187700274183333	0.9664429530201343	0.5005592841163311	0.3640939597315436	0.19211409395973156	MS4A1;LST1;CD3D	LILRA4;IRF7		0.0	0.0	0.0016778523489932886	0.0	0.0	0.27952472161968406
vaccination_study_01	B_lineage	22	Naive B Cell	1	587	0.9042396661393126	0.9042396661393126	0.8583895055364477	0.42687393526405454	0.13151618398637138	0.5583901192504259	0.29999938628602174	0.29999938628602174	0.0	0.9948892674616695	0.43630512966117735	0.8432708688245315	0.36626916524701875	0.7614991482112436	1.0604745468476646	0.919931856899489	0.3513628620102215	0.37137989778534924	0.1340147643384441	CD27;TNFRSF13B;MZB1;JCHAIN	FCRL5;ITGAX;TBX21		0.0	0.0	0.06303236797274275	0.059625212947189095	0.0	0.4604763879895992
vaccination_study_01	B_lineage	22	Plasma Cell	2	587	0.9370593175647962	0.9370593175647962	1.0	0.48816865417376487	0.27274275979557067	0.6	0.4	0.4	0.0	0.9454855195911414	0.3350369108461102	0.9250425894378195	0.6439522998296422	0.8330494037478705	1.3705064072019562	0.9540034071550255	0.5711243611584327	0.7342419080068143	0.34980124929017603	MS4A1;CD79A;CD3D;LST1	LILRA4;IRF7;TCF4		0.0	0.0	0.01192504258943782	0.01192504258943782	0.0	0.43100511073253833
vaccination_study_01	B_lineage	22	Memory B Cell	3	587	0.9037155673613417	0.9037155673613417	0.28109028960817717	0.48031345826235095	0.0	0.48031345826235095	0.0	0.0	0.0	0.9931856899488927	0.3207371844509834	0.28109028960817717	0.015332197614991482	0.23509369676320271	0.6002875416109233	0.9846678023850085	0.48245315161839863	0.0	0.0	TCL1A;IGHD;IGHM;MZB1;JCHAIN			0.0	0.0	0.16695059625212946	0.15502555366269166	0.0	0.4221465076660988
vaccination_study_01	B_lineage	22	Plasmablast	4	587	0.9322252387741948	0.9322252387741948	1.0	0.48123793299261786	0.1584327086882453	0.6	0.4	0.4	0.0	0.9540034071550255	0.3611584327086883	0.919931856899489	0.575809199318569	0.8330494037478705	1.3900122490316504	0.9284497444633731	0.5837592277115276	0.4088586030664395	0.23850085178875638	MS4A1;LST1;CD3D	LILRA4;IRF7		0.0	0.0	0.0	0.0	0.0	0.4
vaccination_study_01	B_lineage	23	Plasma Cell	1	543	0.9990624816890955	0.9990624816890955	1.0	0.3862891344383057	0.31942909760589316	0.6	0.4	0.4	0.0	0.998158379373849	0.8241252302025783	0.998158379373849	0.988950276243094	0.9779005524861878	1.477673353078943	0.856353591160221	0.2767034990791897	0.8416206261510129	0.4462860650705955	MS4A1;CD79A;CD3D;LST1	LILRA4;IRF7;TCF4		0.0	0.0	0.994475138121547	0.994475138121547	0.0	2.985635359116022
vaccination_study_01	B_lineage	23	Plasmablast	2	543	0.9990820133205727	0.9990820133205727	1.0	0.10929404542664212	0.21519337016574586	0.324487415592388	0.675512584407612	0.675512584407612	0.0	0.998158379373849	0.8720073664825047	0.996316758747698	0.9742173112338858	0.9779005524861878	1.504188302279353	0.23572744014732966	0.08962553713934929	0.572744014732965	0.289134438305709	MS4A1;LST1;CD3D	LILRA4;IRF7		0.0	0.0	0.9337016574585635	0.0	0.0	2.1694352363413136
vaccination_study_01	B_lineage	23	Memory B Cell	3	543	0.9009030124286281	0.9134438305709024	1.0	0.48058931860036835	0.0	0.48058931860036835	0.5194106813996316	0.5194106813996316	0.0	0.9576427255985267	0.4650929181315922	0.9134438305709024	0.7661141804788214	0.8195211786372008	1.9043295041388733	0.998158379373849	0.46040515653775327	0.0	0.0	TCL1A;IGHD;IGHM;MZB1;JCHAIN			0.0	0.0	0.11233885819521179	0.12154696132596685	0.0	0.8206998158379374
vaccination_study_01	B_lineage	23	Naive B Cell	4	543	0.8342708516442379	0.8342708516442379	0.30939226519337015	0.5	0.2029465930018416	0.6	0.0	0.0	0.0	0.9300184162062615	0.310415387763454	0.30939226519337015	0.040515653775322284	0.2946593001841621	0.3969517536256601	0.996316758747698	0.8743093922651933	0.570902394106814	0.21117249846531613	CD27;TNFRSF13B;MZB1;JCHAIN	FCRL5;ITGAX;TBX21		0.0	0.0	0.014732965009208104	0.014732965009208104	0.0	0.03830570902394107
vaccination_study_01	B_lineage	24	Naive B Cell	1	543	0.9787430744090054	1.0	1.0	0.4361694290976059	0.2119705340699816	0.6	0.4	0.4	0.0	1.0	0.9551872314303252	1.0	0.998158379373849	1.0	1.2552629316780302	0.8674033149171271	0.4843462246777164	0.5911602209944752	0.23081645181092694	CD27;TNFRSF13B;MZB1;JCHAIN	FCRL5;ITGAX;TBX21		0.0	0.0	0.8305709023941068	0.7771639042357275	0.0	2.5060773480662983
vaccination_study_01	B_lineage	24	Memory B Cell	2	543	0.9780920200264328	0.9780920200264328	1.0	0.5	0.0	0.5	0.5	0.5	0.0	1.0	0.5605223505775991	0.8066298342541437	0.45119705340699817	0.5432780847145487	1.6840572602762114	1.0	0.8014732965009207	0.0	0.0	TCL1A;IGHD;IGHM;MZB1;JCHAIN			0.0	0.0	0.6979742173112339	0.6998158379373849	0.0	2.316574585635359
vaccination_study_01	B_lineage	24	Plasma Cell	3	543	0.7439923956848116	0.8176795580110497	0.959363035311366	0.5	0.3587476979742173	0.6	0.35936303531136604	0.35936303531136604	0.0	0.9116022099447514	0.37139349294045426	0.8176795580110497	0.4530386740331492	0.578268876611418	1.2131427489802704	1.0	0.5667587476979743	0.9686924493554327	0.45426642111724985	MS4A1;CD79A;CD3D;LST1	LILRA4;IRF7;TCF4		0.0	0.0	0.0	0.0	0.0	0.35936303531136604
vaccination_study_01	B_lineage	24	Plasmablast	4	543	0.6614940395971276	0.8176795580110497	0.9248544439082234	0.4729158993247391	0.14765193370165747	0.6	0.3248544439082234	0.3248544439082234	0.0	0.9005524861878453	0.3646408839779005	0.8176795580110497	0.43278084714548803	0.578268876611418	1.237170998468989	1.0	0.42234499693063227	0.39042357274401474	0.20349907918968693	MS4A1;LST1;CD3D	LILRA4;IRF7		0.0	0.0	0.0	0.0	0.0	0.3248544439082234
vaccination_study_01	B_lineage	25	Memory B Cell	1	525	0.9814156526494658	0.9814156526494658	1.0	0.48488380952380955	0.0	0.48488380952380955	0.5151161904761905	0.5151161904761905	0.0	1.0	0.5582683982683982	0.8476190476190476	0.4838095238095238	0.6019047619047619	1.7685853775023264	0.9714285714285714	0.5260952380952381	0.0	0.0	TCL1A;IGHD;IGHM;MZB1;JCHAIN			0.0	0.0	0.9885714285714285	0.9885714285714285	0.0	3.0854019047619046
vaccination_study_01	B_lineage	25	Naive B Cell	2	525	0.9555850700208989	0.9555850700208989	1.0	0.46714285714285714	0.11323809523809523	0.5803809523809523	0.41961904761904767	0.41961904761904767	0.0	1.0	0.6687830687830688	0.8895238095238095	0.6933333333333334	0.8876190476190476	1.1179593012446012	0.92	0.5342857142857143	0.32	0.11492063492063492	CD27;TNFRSF13B;MZB1;JCHAIN	FCRL5;ITGAX;TBX21		0.0	0.0	0.05333333333333334	0.05333333333333334	0.0	0.5582857142857144
vaccination_study_01	B_lineage	25	Plasmablast	3	525	0.7492903507229959	0.8038095238095239	0.8579192276768144	0.46632380952380953	0.10742857142857141	0.5737523809523809	0.2841668467244335	0.2841668467244335	0.0	0.92	0.3415873015873016	0.8038095238095239	0.34285714285714286	0.5961904761904762	1.216438815469162	1.0	0.39238095238095233	0.2838095238095238	0.14857142857142858	MS4A1;LST1;CD3D	LILRA4;IRF7		0.0	0.0	0.0	0.0	0.0	0.2841668467244335
vaccination_study_01	B_lineage	25	Plasma Cell	4	525	0.8173369271535251	0.8173369271535251	0.8572182733842562	0.49974285714285716	0.3117142857142857	0.6	0.2572182733842562	0.2572182733842562	0.0	0.9104761904761904	0.33904761904761904	0.8076190476190476	0.35619047619047617	0.5961904761904762	1.1983969030608341	1.0	0.5442857142857143	0.8552380952380952	0.36761904761904757	MS4A1;CD79A;CD3D;LST1	LILRA4;IRF7;TCF4		0.0	0.0	0.0	0.0	0.0	0.2572182733842562
vaccination_study_01	B_lineage	26	Memory B Cell	1	430	0.9676735222693151	0.9676735222693151	0.6997314723142039	0.315739534883721	0.0	0.315739534883721	0.3839919374304829	0.3839919374304829	0.0	1.0	0.48287526427061317	0.6232558139534884	0.2186046511627907	0.4558139534883721	1.3059026334428616	0.6930232558139535	0.23813953488372092	0.0	0.0	TCL1A;IGHD;IGHM;MZB1;JCHAIN			0.0	0.0	0.9837209302325581	0.9837209302325581	0.0	2.9416663560351344
vaccination_study_01	B_lineage	26	Naive B Cell	2	430	0.9362324784989291	0.9362324784989291	0.4046511627906977	0.38910465116279075	0.017093023255813952	0.4061976744186047	0.0	0.0	0.0	1.0	0.5198966408268735	0.4046511627906977	0.16511627906976745	0.40232558139534885	0.5153428061666885	0.8162790697674419	0.35872093023255813	0.04883720930232558	0.01627906976744186	CD27;TNFRSF13B;MZB1;JCHAIN	FCRL5;ITGAX;TBX21		0.0	0.0	0.06511627906976744	0.05813953488372093	0.0	0.16232558139534883
vaccination_study_01	B_lineage	26	Plasmablast	3	430	0.6424612785405965	0.6424612785405965	0.5627906976744186	0.44629457364341085	0.054941860465116274	0.5012364341085271	0.06155426356589144	0.06155426356589144	0.0	0.7627906976744186	0.19806201550387595	0.5627906976744186	0.13488372093023257	0.4558139534883721	0.8561768047751502	0.958139534883721	0.3736434108527132	0.14651162790697675	0.07325581395348837	MS4A1;LST1;CD3D	LILRA4;IRF7		0.0	0.0	0.0	0.0	0.0	0.06155426356589144
vaccination_study_01	B_lineage	26	Plasma Cell	4	430	0.7458511559470562	0.7458511559470562	0.5837209302325581	0.495	0.19965116279069767	0.6	0.0	0.0	0.0	0.7930232558139535	0.19806201550387595	0.5837209302325581	0.1372093023255814	0.4558139534883721	0.8702259642128714	0.9976744186046511	0.5267441860465116	0.5627906976744186	0.2054263565891473	MS4A1;CD79A;CD3D;LST1	LILRA4;IRF7;TCF4		0.0	0.0	0.0	0.0	0.0	0.0
vaccination_study_01	B_lineage	27	Memory B Cell	1	390	0.9970735105503363	0.9970735105503363	1.0	0.329774358974359	0.0	0.329774358974359	0.670225641025641	0.670225641025641	0.0	1.0	0.6282051282051282	0.9153846153846154	0.37435897435897436	0.8564102564102564	1.908331798224972	0.7051282051282052	0.28102564102564104	0.0	0.0	TCL1A;IGHD;IGHM;MZB1;JCHAIN			0.0	0.0	0.9230769230769231	0.9871794871794872	0.0	3.134328205128205
vaccination_study_01	B_lineage	27	Naive B Cell	2	390	0.9480426049987956	0.9480426049987956	0.9794871794871794	0.2245897435897436	0.3646153846153846	0.5892051282051283	0.3902820512820512	0.3902820512820512	0.0	1.0	0.582905982905983	0.6641025641025641	0.4897435897435897	0.6282051282051282	0.8377979810564969	0.49230769230769234	0.17051282051282052	0.9230769230769231	0.5846153846153846	CD27;TNFRSF13B;MZB1;JCHAIN	FCRL5;ITGAX;TBX21		0.0	0.0	0.15897435897435896	0.15897435897435896	0.0	0.8036153846153845
vaccination_study_01	B_lineage	27	Plasmablast	3	390	0.39437781987929454	0.39437781987929454	0.38461538461538464	0.46025641025641023	0.07865384615384616	0.5389102564102564	0.0	0.0	0.0	0.5794871794871795	0.1482905982905983	0.38461538461538464	0.05897435897435897	0.28205128205128205	0.5898499058851008	0.9974358974358974	0.36923076923076925	0.2076923076923077	0.10897435897435898	MS4A1;LST1;CD3D	LILRA4;IRF7		0.0	0.0	0.0	0.0	0.0	0.0
vaccination_study_01	B_lineage	27	Plasma Cell	4	390	0.6830504502041055	0.6830504502041055	0.4076923076923077	0.491	0.24564102564102563	0.6	0.0	0.0	0.0	0.7794871794871795	0.22606837606837607	0.4076923076923077	0.09487179487179487	0.28205128205128205	0.6122180854622415	0.9974358974358974	0.5089743589743589	0.6794871794871795	0.27863247863247864	MS4A1;CD79A;CD3D;LST1	LILRA4;IRF7;TCF4		0.0	0.0	0.0	0.0	0.0	0.0
vaccination_study_01	B_lineage	28	Naive B Cell	1	357	0.9751297225857276	0.988795518207283	1.0	0.3545238095238095	0.11134453781512604	0.46586834733893556	0.5341316526610644	0.5341316526610644	0.0	1.0	0.8450046685340803	0.988795518207283	0.9215686274509803	0.988795518207283	1.241337614189853	0.7338935574229691	0.3438375350140056	0.3165266106442577	0.1092436974789916	CD27;TNFRSF13B;MZB1;JCHAIN	FCRL5;ITGAX;TBX21		0.0	0.0	0.6134453781512605	0.6134453781512605	0.0	2.129089635854342
vaccination_study_01	B_lineage	28	Memory B Cell	2	357	0.9734369811910389	0.9734369811910389	0.6126941621724399	0.5	0.0	0.5	0.11269416217243988	0.11269416217243988	0.0	1.0	0.47848230201171377	0.5658263305322129	0.21568627450980393	0.3081232492997199	1.187471326560908	1.0	0.6610644257703081	0.0	0.0	TCL1A;IGHD;IGHM;MZB1;JCHAIN			0.0	0.0	0.5490196078431373	0.5490196078431373	0.0	1.540145142564597
vaccination_study_01	B_lineage	28	Plasma Cell	3	357	0.6409109552920955	0.6890756302521008	0.6952371252475549	0.498781512605042	0.35910364145658263	0.6	0.0952371252475549	0.0952371252475549	0.0	0.7675070028011205	0.23716153127917836	0.6890756302521008	0.2605042016806723	0.4369747899159664	1.0246459799818164	1.0	0.5399159663865546	0.9523809523809523	0.48926237161531283	MS4A1;CD79A;CD3D;LST1	LILRA4;IRF7;TCF4		0.0	0.0	0.0	0.0	0.0	0.0952371252475549
vaccination_study_01	B_lineage	28	Plasmablast	4	357	0.5665003222719194	0.6722689075630253	0.6772236474210639	0.4641830065359477	0.2029411764705882	0.6	0.07722364742106391	0.07722364742106391	0.0	0.7591036414565826	0.23576097105508872	0.6722689075630253	0.24089635854341737	0.4369747899159664	1.0198189594321545	0.9971988795518207	0.3874883286647992	0.5350140056022409	0.28291316526610644	MS4A1;LST1;CD3D	LILRA4;IRF7		0.0	0.0	0.0	0.0	0.0	0.07722364742106391
vaccination_study_01	B_lineage	29	Memory B Cell	1	350	0.945513258722501	0.945513258722501	0.8513556022903129	0.5	0.0	0.5	0.35135560229031293	0.35135560229031293	0.0	1.0	0.6384415584415584	0.6742857142857143	0.3742857142857143	0.43142857142857144	1.4111366948755375	0.9771428571428571	0.5851428571428572	0.0	0.0	TCL1A;IGHD;IGHM;MZB1;JCHAIN			0.0	0.0	0.5942857142857143	0.5914285714285714	0.0	1.8936413165760273
vaccination_study_01	B_lineage	29	Naive B Cell	2	350	0.9451356471806089	0.9451356471806089	1.0	0.3818571428571429	0.31885714285714284	0.6	0.4	0.4	0.0	0.9942857142857143	0.7730158730158729	0.8485714285714285	0.7171428571428572	0.84	1.0670622658253128	0.7542857142857143	0.43285714285714294	0.8428571428571429	0.44	CD27;TNFRSF13B;MZB1;JCHAIN	FCRL5;ITGAX;TBX21		0.0	0.0	0.3628571428571429	0.20857142857142857	0.0	1.189142857142857
vaccination_study_01	B_lineage	29	Plasma Cell	3	350	0.708868011745021	0.8142857142857143	1.0	0.5	0.35542857142857137	0.6	0.4	0.4	0.0	0.8828571428571429	0.44571428571428573	0.8142857142857143	0.5771428571428572	0.5771428571428572	1.2081683396612137	0.9914285714285714	0.7171428571428571	0.9342857142857143	0.5009523809523809	MS4A1;CD79A;CD3D;LST1	LILRA4;IRF7;TCF4		0.0	0.0	0.11142857142857143	0.11142857142857143	0.0	0.6897142857142857
vaccination_study_01	B_lineage	29	Plasmablast	4	350	0.6079496995384024	0.7857142857142857	1.0	0.5	0.22178571428571428	0.6	0.4	0.4	0.0	0.8571428571428571	0.4395238095238096	0.7857142857142857	0.49714285714285716	0.5771428571428572	1.1893910243703743	0.9857142857142858	0.6342857142857143	0.5828571428571429	0.31285714285714283	MS4A1;LST1;CD3D	LILRA4;IRF7		0.0	0.0	0.08285714285714285	0.0	0.0	0.5325714285714286
vaccination_study_01	B_lineage	3	Memory B Cell	1	1365	0.9786421609797067	0.9786421609797067	0.9498315973065798	0.5	0.0	0.5	0.44983159730657984	0.44983159730657984	0.0	1.0	0.5260739260739261	0.7882783882783883	0.38168498168498166	0.5721611721611721	1.6462128361127664	0.9926739926739927	0.5617582417582418	0.0	0.0	TCL1A;IGHD;IGHM;MZB1;JCHAIN			0.0	0.0	0.9721611721611721	0.9721611721611721	0.0	2.9774506449256277
vaccination_study_01	B_lineage	3	Naive B Cell	2	1365	0.9581990533669278	0.9581990533669278	1.0	0.45254212454212456	0.09443223443223443	0.546974358974359	0.453025641025641	0.453025641025641	0.0	1.0	0.7178673178673178	0.9523809523809523	0.8051282051282052	0.9472527472527472	1.1960803323532763	0.9084249084249084	0.4879120879120879	0.2681318681318681	0.09328449328449329	CD27;TNFRSF13B;MZB1;JCHAIN	FCRL5;ITGAX;TBX21		0.0	0.0	0.14358974358974358	0.13553113553113552	0.0	0.8183003663003663
vaccination_study_01	B_lineage	3	Plasmablast	3	1365	0.7335039095815673	0.7824175824175824	0.8285334047050692	0.45891086691086697	0.08214285714285714	0.5410537240537241	0.2874796806513451	0.2874796806513451	0.0	0.8952380952380953	0.2962148962148962	0.7824175824175824	0.2886446886446886	0.6256410256410256	1.1844632891499474	0.9912087912087912	0.3738705738705739	0.21684981684981686	0.11391941391941392	MS4A1;LST1;CD3D	LILRA4;IRF7		0.0	0.0	0.0	0.0	0.0	0.2874796806513451
vaccination_study_01	B_lineage	3	Plasma Cell	4	1365	0.7909871286548565	0.7909871286548565	0.8307906380477171	0.4961684981684982	0.3376190476190476	0.6	0.23079063804771716	0.23079063804771716	0.0	0.8967032967032967	0.2848595848595849	0.7882783882783883	0.3010989010989011	0.6256410256410256	1.1700489990773155	0.9992673992673993	0.5293040293040293	0.9340659340659341	0.38266178266178263	MS4A1;CD79A;CD3D;LST1	LILRA4;IRF7;TCF4		0.0	0.0	0.0	0.0	0.0	0.23079063804771716
vaccination_study_01	B_lineage	30	Naive B Cell	1	299	0.9824182763986276	1.0	1.0	0.242876254180602	0.16321070234113713	0.4060869565217391	0.5939130434782609	0.5939130434782609	0.0	1.0	0.9357116313638052	1.0	1.0	1.0	1.2552629316780302	0.5384615384615384	0.17391304347826086	0.46488294314381273	0.15830546265328874	CD27;TNFRSF13B;MZB1;JCHAIN	FCRL5;ITGAX;TBX21		0.0	0.0	1.0	1.0	0.0	3.193913043478261
vaccination_study_01	B_lineage	30	Memory B Cell	2	299	0.9628150289393673	0.9628150289393673	0.46488294314381273	0.5	0.0	0.5	0.0	0.0	0.0	1.0	0.4189723320158103	0.46488294314381273	0.016722408026755852	0.44481605351170567	0.9793054755501239	1.0	0.7130434782608696	0.0	0.0	TCL1A;IGHD;IGHM;MZB1;JCHAIN			0.0	0.0	0.20735785953177258	0.20735785953177258	0.0	0.5391304347826087
vaccination_study_01	B_lineage	30	Plasmablast	3	299	0.4803593169137418	0.6187290969899666	0.6187290969899666	0.4731549609810479	0.06270903010033445	0.5358639910813824	0.0828651059085842	0.0828651059085842	0.0	0.7357859531772575	0.1906354515050167	0.6187290969899666	0.19732441471571907	0.3511705685618729	0.9397905229878811	0.9966555183946488	0.42920847268673357	0.16722408026755853	0.08361204013377926	MS4A1;LST1;CD3D	LILRA4;IRF7		0.0	0.0	0.0	0.0	0.0	0.0828651059085842
vaccination_study_01	B_lineage	30	Plasma Cell	4	299	0.5601216169586646	0.6287625418060201	0.6287625418060201	0.5	0.30234113712374583	0.6	0.028762541806020114	0.028762541806020114	0.0	0.7290969899665551	0.19007803790412484	0.6287625418060201	0.20066889632107024	0.3511705685618729	0.9362441519932221	1.0	0.5710702341137124	0.842809364548495	0.32998885172798215	MS4A1;CD79A;CD3D;LST1	LILRA4;IRF7;TCF4		0.0	0.0	0.0	0.0	0.0	0.028762541806020114
vaccination_study_01	B_lineage	31	Naive B Cell	1	185	0.9646054284914419	0.9646054284914419	1.0	0.2665135135135135	0.09	0.35651351351351346	0.6434864864864865	0.6434864864864865	0.0	1.0	0.7573573573573573	0.8432432432432433	0.7297297297297297	0.8378378378378378	1.0604402128197863	0.5675675675675675	0.23108108108108108	0.25405405405405407	0.0918918918918919	CD27;TNFRSF13B;MZB1;JCHAIN	FCRL5;ITGAX;TBX21		0.0	0.0	0.6594594594594595	0.6594594594594595	0.0	2.3580810810810813
vaccination_study_01	B_lineage	31	Memory B Cell	2	185	0.9507184385111689	0.9507184385111689	0.43783783783783786	0.4711783783783784	0.0	0.4711783783783784	0.0	0.0	0.0	1.0	0.4255528255528256	0.43783783783783786	0.14594594594594595	0.23243243243243245	0.9235329528782577	0.9351351351351351	0.5264864864864864	0.0	0.0	TCL1A;IGHD;IGHM;MZB1;JCHAIN			0.0	0.0	0.42162162162162165	0.41621621621621624	0.0	1.090810810810811
vaccination_study_01	B_lineage	31	Plasmablast	3	185	0.5029216065417944	0.5675675675675675	0.5675675675675675	0.4450810810810811	0.06527027027027027	0.5103513513513513	0.0572162162162162	0.0572162162162162	0.0	0.6216216216216216	0.1720720720720721	0.5675675675675675	0.11351351351351352	0.3567567567567568	0.8633170136132966	0.9459459459459459	0.3891891891891892	0.17297297297297298	0.0891891891891892	MS4A1;LST1;CD3D	LILRA4;IRF7		0.0	0.0	0.0	0.0	0.0	0.0572162162162162
vaccination_study_01	B_lineage	31	Plasma Cell	4	185	0.5872738399838539	0.5872738399838539	0.572972972972973	0.4894864864864865	0.2867567567567567	0.6	0.0	0.0	0.0	0.6324324324324324	0.16396396396396398	0.572972972972973	0.11351351351351352	0.3567567567567568	0.8544725167710275	0.9837837837837838	0.5256756756756756	0.8	0.3117117117117117	MS4A1;CD79A;CD3D;LST1	LILRA4;IRF7;TCF4		0.0	0.0	0.005405405405405406	0.005405405405405406	0.0	0.014054054054054054
vaccination_study_01	B_lineage	32	Plasmablast	1	120	0.9174593253774488	0.975	1.0	0.35855555555555557	0.128125	0.48668055555555556	0.5133194444444444	0.5133194444444444	0.0	0.975	0.37222222222222223	0.975	0.75	0.75	1.4723251549432192	0.7666666666666667	0.3055555555555556	0.3416666666666667	0.17083333333333334	MS4A1;LST1;CD3D	LILRA4;IRF7		0.0	0.0	0.0	0.0	0.0	0.5133194444444444
vaccination_study_01	B_lineage	32	Naive B Cell	2	120	0.8427036335345091	0.8427036335345091	0.8333333333333334	0.41537500000000005	0.07041666666666666	0.48579166666666673	0.34754166666666664	0.34754166666666664	0.0	0.9083333333333333	0.30370370370370364	0.7916666666666666	0.4166666666666667	0.7833333333333333	0.9963390596322319	0.8916666666666667	0.34791666666666665	0.2	0.06944444444444443	CD27;TNFRSF13B;MZB1;JCHAIN	FCRL5;ITGAX;TBX21		0.0	0.0	0.041666666666666664	0.041666666666666664	0.0	0.455875
vaccination_study_01	B_lineage	32	Plasma Cell	3	120	0.9333963228448472	0.975	1.0	0.3695833333333334	0.32625000000000004	0.6	0.4	0.4	0.0	0.975	0.3736111111111111	0.975	0.8	0.75	1.4437297577060777	0.7916666666666666	0.3125	0.8916666666666667	0.39166666666666666	MS4A1;CD79A;CD3D;LST1	LILRA4;IRF7;TCF4		0.0	0.0	0.0	0.0	0.0	0.4
vaccination_study_01	B_lineage	32	Memory B Cell	4	120	0.3801368190784976	0.3801368190784976	0.06666666666666667	0.46236666666666665	0.0	0.46236666666666665	0.0	0.0	0.0	0.7666666666666667	0.1484848484848485	0.06666666666666667	0.0	0.03333333333333333	0.1581023019310797	0.9166666666666666	0.5183333333333333	0.0	0.0	TCL1A;IGHD;IGHM;MZB1;JCHAIN			0.0	0.0	0.041666666666666664	0.041666666666666664	0.0	0.10833333333333334
vaccination_study_01	B_lineage	4	Memory B Cell	1	1363	0.8974198714818649	0.8974198714818649	0.22597212032281733	0.43675128393250184	0.0	0.43675128393250184	0.0	0.0	0.0	0.962582538517975	0.2320416194223971	0.22597212032281733	0.005135730007336757	0.19002201027146	0.4866226358425452	0.9435069699192957	0.3555392516507704	0.0	0.0	TCL1A;IGHD;IGHM;MZB1;JCHAIN			0.0	0.0	0.39398385913426265	0.3749082905355833	0.0	1.0052824651504035
vaccination_study_01	B_lineage	4	Naive B Cell	2	1363	0.9038457782378562	0.9038457782378562	0.7666911225238444	0.3450183418928834	0.07311078503301541	0.41812912692589876	0.34856199559794565	0.34856199559794565	0.0	0.9801907556859868	0.3320290209505177	0.7666911225238444	0.17534849596478358	0.6793837123991195	0.9652985895718624	0.7571533382245048	0.26045487894350694	0.20763022743947177	0.07214477867449255	CD27;TNFRSF13B;MZB1;JCHAIN	FCRL5;ITGAX;TBX21		0.0	0.0	0.0719002201027146	0.06676449009537784	0.0	0.5303668378576669
vaccination_study_01	B_lineage	4	Plasmablast	3	1363	0.9233774097150335	0.9233774097150335	0.7988674537612973	0.40020542920029345	0.1018525311812179	0.5020579603815114	0.2968094933797859	0.2968094933797859	0.0	0.8187820983125459	0.239789679628271	0.7608217168011738	0.2773294203961849	0.6544387380777696	1.152182947840494	0.8085106382978723	0.4225972120322818	0.26705796038151136	0.14490095377842993	MS4A1;LST1;CD3D	LILRA4;IRF7		0.0	0.0	0.0	0.0	0.0	0.2968094933797859
vaccination_study_01	B_lineage	4	Plasma Cell	4	1363	0.9161148980774364	0.9161148980774364	0.8053032375640494	0.4355832721936904	0.1681217901687454	0.6	0.20530323756404945	0.20530323756404945	0.0	0.7997065297138665	0.21716801173881148	0.7696258253851798	0.33822450476889215	0.6544387380777696	1.1427096487154786	0.8914159941305942	0.4402054292002935	0.46368305209097577	0.19344583027635118	MS4A1;CD79A;CD3D;LST1	LILRA4;IRF7;TCF4		0.0	0.0	0.020542920029347028	0.020542920029347028	0.0	0.25871482964035175
vaccination_study_01	B_lineage	5	Naive B Cell	1	1297	0.9798759090346817	1.0	1.0	0.16978411719352351	0.03292212798766384	0.20270624518118735	0.7972937548188126	0.7972937548188126	0.0	1.0	0.8909449156172364	1.0	0.9907478797224364	1.0	1.2552629316780302	0.38319198149575945	0.10986892829606784	0.09406322282189669	0.03135440760729889	CD27;TNFRSF13B;MZB1;JCHAIN	FCRL5;ITGAX;TBX21		0.0	0.0	0.9992289899768697	0.9976869699306091	0.0	3.393747108712413
vaccination_study_01	B_lineage	5	Memory B Cell	2	1297	0.951616893559119	0.951616893559119	0.12798766383962992	0.5	0.0	0.5	0.0	0.0	0.0	1.0	0.3734492184762038	0.12798766383962992	0.004626060138781804	0.08866615265998458	0.28455870379744563	1.0	0.6363916730917502	0.0	0.0	TCL1A;IGHD;IGHM;MZB1;JCHAIN			0.0	0.0	0.04240555127216654	0.04240555127216654	0.0	0.110254433307633
vaccination_study_01	B_lineage	5	Plasmablast	3	1297	0.16101714226189315	0.4171164225134927	0.4171164225134927	0.4499922898997687	0.04602929838087895	0.49602158828064763	0.0	0.0	0.0	0.49961449498843485	0.1057568748393729	0.4171164225134927	0.07401696222050887	0.2027756360832691	0.6384307136608849	0.9529683885890516	0.3993831919814958	0.12259059367771781	0.06168080185042405	MS4A1;LST1;CD3D	LILRA4;IRF7		0.0	0.0	0.0	0.0	0.0	0.0
vaccination_study_01	B_lineage	5	Plasma Cell	4	1297	0.1948394174365385	0.4271395528141866	0.4271395528141866	0.4996376252891288	0.2079799537393986	0.6	0.0	0.0	0.0	0.49653045489591363	0.1057568748393729	0.4271395528141866	0.07941403238242097	0.2027756360832691	0.6407222138763136	0.9976869699306091	0.5478026214340787	0.5844255975327679	0.21768182986378826	MS4A1;CD79A;CD3D;LST1	LILRA4;IRF7;TCF4		0.0	0.0	0.0	0.0	0.0	0.0
vaccination_study_01	B_lineage	6	Naive B Cell	1	1221	0.9864971321054448	1.0	1.0	0.21502457002457004	0.11310401310401309	0.3281285831285831	0.6718714168714168	0.6718714168714168	0.0	1.0	0.9677859677859677	1.0	1.0	0.9991809991809992	1.2552629316780302	0.48157248157248156	0.14557739557739557	0.32186732186732187	0.11029211029211028	CD27;TNFRSF13B;MZB1;JCHAIN	FCRL5;ITGAX;TBX21		0.0	0.0	0.9991809991809992	0.9975429975429976	0.0	3.268104013104013
vaccination_study_01	B_lineage	6	Memory B Cell	2	1221	0.9593709512555584	0.9593709512555584	0.3366093366093366	0.5	0.0	0.5	0.0	0.0	0.0	1.0	0.4102449556995012	0.3366093366093366	0.011466011466011465	0.3013923013923014	0.7147791389835727	1.0	0.6946764946764947	0.0	0.0	TCL1A;IGHD;IGHM;MZB1;JCHAIN			0.0	0.0	0.1506961506961507	0.1506961506961507	0.0	0.3918099918099918
vaccination_study_01	B_lineage	6	Plasmablast	3	1221	0.42229503180400657	0.5110565110565111	0.5110565110565111	0.4611520611520612	0.06308353808353809	0.5242355992355993	0.0	0.0	0.0	0.6625716625716626	0.15683865683865683	0.5110565110565111	0.11547911547911548	0.29484029484029484	0.7788473181476658	0.9918099918099919	0.3830193830193831	0.1678951678951679	0.08476658476658476	MS4A1;LST1;CD3D	LILRA4;IRF7		0.0	0.0	0.0	0.0	0.0	0.0
vaccination_study_01	B_lineage	6	Plasma Cell	4	1221	0.5001969439507282	0.5249795249795249	0.5249795249795249	0.4981081081081081	0.3055692055692056	0.6	0.0	0.0	0.0	0.6683046683046683	0.1597051597051597	0.5249795249795249	0.12612612612612611	0.29484029484029484	0.784127776625789	1.0	0.5368550368550369	0.8525798525798526	0.331968331968332	MS4A1;CD79A;CD3D;LST1	LILRA4;IRF7;TCF4		0.0	0.0	0.0	0.0	0.0	0.0
vaccination_study_01	B_lineage	7	Memory B Cell	1	1180	0.9716693685423543	0.9716693685423543	0.8545721562706088	0.33912881355932206	0.0	0.33912881355932206	0.5154433427112868	0.5154433427112868	0.0	1.0	0.5391371340523883	0.7254237288135593	0.26016949152542374	0.4516949152542373	1.5165937098281979	0.7415254237288136	0.2606779661016949	0.0	0.0	TCL1A;IGHD;IGHM;MZB1;JCHAIN			0.0	0.0	0.9957627118644068	0.9957627118644068	0.0	3.1044263935587444
vaccination_study_01	B_lineage	7	Naive B Cell	2	1180	0.9387797287707442	0.9387797287707442	0.40423728813559323	0.42308050847457623	0.06008474576271186	0.48316525423728807	0.0	0.0	0.0	1.0	0.5632768361581921	0.40423728813559323	0.14152542372881355	0.3923728813559322	0.5148284284311304	0.8762711864406779	0.40953389830508474	0.17033898305084746	0.059887005649717516	CD27;TNFRSF13B;MZB1;JCHAIN	FCRL5;ITGAX;TBX21		0.0	0.0	0.08644067796610169	0.04915254237288136	0.0	0.18745762711864408
vaccination_study_01	B_lineage	7	Plasmablast	3	1180	0.6555759552595428	0.6555759552595428	0.6542372881355932	0.4655310734463277	0.07531779661016949	0.5408488700564972	0.11338841807909605	0.11338841807909605	0.0	0.8516949152542372	0.2573446327683616	0.6542372881355932	0.20423728813559322	0.5186440677966102	0.9928662621048742	0.9966101694915255	0.39463276836158195	0.20084745762711864	0.10042372881355932	MS4A1;LST1;CD3D	LILRA4;IRF7		0.0	0.0	0.0	0.0	0.0	0.11338841807909605
vaccination_study_01	B_lineage	7	Plasma Cell	4	1180	0.8071406017044604	0.8071406017044604	0.6686440677966101	0.49969491525423726	0.2525	0.6	0.06864406779661014	0.06864406779661014	0.0	0.8898305084745762	0.28107344632768366	0.6686440677966101	0.22542372881355932	0.5186440677966102	0.994699122404738	1.0	0.5440677966101695	0.7033898305084746	0.27655367231638417	MS4A1;CD79A;CD3D;LST1	LILRA4;IRF7;TCF4		0.0	0.0	0.0	0.0	0.0	0.06864406779661014
vaccination_study_01	B_lineage	8	Naive B Cell	1	1079	0.9894008346517185	1.0	1.0	0.2093002780352178	0.06436515291936978	0.2736654309545876	0.7263345690454124	0.7263345690454124	0.0	1.0	0.9428483163422923	1.0	0.9990732159406858	1.0	1.2552629316780302	0.4680259499536608	0.14295644114921224	0.1835032437442076	0.06209453197405004	CD27;TNFRSF13B;MZB1;JCHAIN	FCRL5;ITGAX;TBX21		0.0	0.0	0.9981464318813716	0.9981464318813716	0.0	3.3215152919369784
vaccination_study_01	B_lineage	8	Memory B Cell	2	1079	0.9578116760092971	0.9578116760092971	0.20018535681186284	0.5	0.0	0.5	0.0	0.0	0.0	1.0	0.38790125537113496	0.20018535681186284	0.005560704355885079	0.16589434661723818	0.43344507057601117	1.0	0.6887859128822984	0.0	0.0	TCL1A;IGHD;IGHM;MZB1;JCHAIN			0.0	0.0	0.09360518999073215	0.09360518999073215	0.0	0.24337349397590363
vaccination_study_01	B_lineage	8	Plasmablast	3	1079	0.4776102397833291	0.5134383688600556	0.5134383688600556	0.45590361445783134	0.059499536607970346	0.5154031510658017	0.0	0.0	0.0	0.6088971269694161	0.1434970651838122	0.5134383688600556	0.12326227988878591	0.3132530120481928	0.7824075914062003	0.9786839666357738	0.38183503243744216	0.15848007414272475	0.07970342910101946	MS4A1;LST1;CD3D	LILRA4;IRF7		0.0	0.0	0.0	0.0	0.0	0.0
vaccination_study_01	B_lineage	8	Plasma Cell	4	1079	0.560432495426343	0.560432495426343	0.5254865616311399	0.498002780352178	0.27446709916589435	0.6	0.0	0.0	0.0	0.6200185356811863	0.146122953351869	0.5254865616311399	0.13160333642261354	0.3132530120481928	0.7848709481000877	1.0	0.5363762743280817	0.7673772011121409	0.2950262588816806	MS4A1;CD79A;CD3D;LST1	LILRA4;IRF7;TCF4		0.0	0.0	0.0	0.0	0.0	0.0
vaccination_study_01	B_lineage	9	Naive B Cell	1	1074	0.9709385599979166	1.0	1.0	0.20500931098696462	0.08822160148975791	0.2932309124767225	0.7067690875232775	0.7067690875232775	0.0	1.0	0.8713014690668321	1.0	0.9916201117318436	0.9990689013035382	1.2552629316780302	0.4581005586592179	0.14059590316573556	0.25139664804469275	0.08535071384233395	CD27;TNFRSF13B;MZB1;JCHAIN	FCRL5;ITGAX;TBX21		0.0	0.0	0.9897579143389199	0.9897579143389199	0.0	3.2801396648044694
vaccination_study_01	B_lineage	9	Memory B Cell	2	1074	0.9478017148772437	0.9478017148772437	0.2681564245810056	0.5	0.0	0.5	0.0	0.0	0.0	1.0	0.3846284069747757	0.2681564245810056	0.01303538175046555	0.23556797020484171	0.5736152742153358	1.0	0.6454376163873371	0.0	0.0	TCL1A;IGHD;IGHM;MZB1;JCHAIN			0.0	0.0	0.11080074487895716	0.11080074487895716	0.0	0.28808193668528864
vaccination_study_01	B_lineage	9	Plasmablast	3	1074	0.44930239522907345	0.5251396648044693	0.5251396648044693	0.45677219118559903	0.09608938547486032	0.5528615766604593	0.0	0.0	0.0	0.61731843575419	0.15207945375543142	0.5251396648044693	0.1452513966480447	0.2756052141527002	0.7998980608116778	0.9813780260707635	0.38112973308504033	0.25605214152700184	0.12849162011173185	MS4A1;LST1;CD3D	LILRA4;IRF7		0.0	0.0	0.0	0.0	0.0	0.0
vaccination_study_01	B_lineage	9	Plasma Cell	4	1074	0.5316355462671797	0.553072625698324	0.553072625698324	0.49656424581005587	0.284683426443203	0.6	0.0	0.0	0.0	0.6229050279329609	0.1537864680322781	0.553072625698324	0.16945996275605213	0.2756052141527002	0.8253042695130623	0.9981378026070763	0.5330540037243948	0.7839851024208566	0.32991930477964	MS4A1;CD79A;CD3D;LST1	LILRA4;IRF7;TCF4		0.0	0.0	0.0	0.0	0.0	0.0
vaccination_study_01	T_NK_lineage	0	CD4 Naive / T Central Memory	1	6453	0.7969263722598748	0.8819153881915388	1.0	0.1682062606539594	0.09752440725244071	0.2657306679064001	0.7342693320935999	0.7342693320935999	0.0	0.9885324655199133	0.6102587943592128	0.8819153881915388	0.5454827212149388	0.7926545792654579	1.4172194561468117	0.3491399349139935	0.16151402448473579	0.23121028978769564	0.1877421354408802	NKG7;GNLY;GZMB;PRF1	CD8A;CD8B		0.0	0.0	0.7855261118859446	0.6750348675034867	0.0	2.666145978614598
vaccination_study_01	T_NK_lineage	0	CD8 Naive / T Central Memory	2	6453	0.7934464865850245	0.8414690841469085	0.9576921931578968	0.1682062606539594	0.17984658298465828	0.34805284363861766	0.6096393495192791	0.6096393495192791	0.0	0.9837284983728498	0.5496668216333488	0.8414690841469085	0.4509530450953045	0.7926545792654579	1.223144411869151	0.3491399349139935	0.16151402448473579	0.39965907329924066	0.39965907329924066	NKG7;GNLY;GZMB;PRF1	CD4		0.0	0.0	0.11684487835115451	0.09174027584069425	0.0	0.8883314307218206
vaccination_study_01	T_NK_lineage	0	CD4 T Effector Memory	3	6453	0.6830146422130641	0.6830146422130641	0.5953819928715326	0.49354408802107547	0.1289690841469084	0.6	0.0	0.0	0.0	0.9504106617077328	0.4756702309003564	0.5953819928715326	0.11808461180846118	0.39965907329924066	0.9641421571265902	0.9184875251820859	0.6569037656903766	0.3491399349139935	0.16151402448473579	CCR7;TCF7;LEF1	NKG7;GNLY;GZMB;PRF1		0.0	0.0	0.21245932124593211	0.21199442119944212	0.0	0.5519293351929335
vaccination_study_01	T_NK_lineage	0	MAIT Cell	4	6453	0.7638918728881423	0.7638918728881423	0.640012397334573	0.09365876336587634	0.11073144273981093	0.20439020610568726	0.4356221912288858	0.4356221912288858	0.0	0.9225166589183326	0.5359057802572448	0.3200061986672865	0.3200061986672865	0.3200061986672865	0.6781974779791365	0.1896792189679219	0.09809390980939099	0.2931969626530296	0.15181569295934708	MS4A1;LST1	NKG7;GNLY;GZMB		0.0	0.0	0.029133736246706957	0.028358902835890282	0.0	0.5105950720595072
vaccination_study_01	T_NK_lineage	0	NKT Cell	5	6453	0.5109214372676549	0.6871222687122269	0.6871222687122269	0.09365876336587634	0.09752440725244071	0.19118317061831705	0.4959390980939099	0.4959390980939099	0.0	0.8344955834495583	0.37486440415310707	0.6871222687122269	0.28188439485510614	0.6023554935688827	0.7448109787341751	0.1896792189679219	0.09809390980939099	0.23121028978769564	0.1877421354408802	MS4A1;LST1	CD8A;CD8B		0.0	0.0	0.0	0.0	0.0	0.4959390980939099
vaccination_study_01	T_NK_lineage	0	CD8 Cytotoxic / T Effector Memory	6	6453	0.44929913995716064	0.44929913995716064	0.34526576785991014	0.4596482256314892	0.06295908879590888	0.522607314427398	0.0	0.0	0.0	0.797768479776848	0.26409140216671606	0.34402603440260343	0.17263288392995507	0.2384937238493724	0.5649157807310333	0.9200371920037193	0.5001549666821633	0.16054548272121494	0.09863629319696265	CCR7;TCF7;LEF1;MS4A1	KLRD1;FCGR3A		0.0	0.0	0.22098248876491555	0.09545947621261429	0.0	0.4490314582364792
vaccination_study_01	T_NK_lineage	0	Treg	7	6453	0.7532373679173421	0.8177591817759182	0.5984987602665426	0.16790252595691926	0.3410506741050674	0.5089532000619866	0.08954556020455595	0.08954556020455595	0.0	0.8177591817759182	0.48043545637687896	0.8177591817759182	0.0	0.48043545637687896	1.012864419313954	0.34852006818534015	0.16120409112040912	0.831086316441965	0.6114985278165195	NKG7;GNLY;GZMB;CD8A	CCR7;TCF7		0.0	0.0	0.12955214628854797	0.12536804587013792	0.0	0.4221970401363706
vaccination_study_01	T_NK_lineage	0	NK Cell	8	6453	0.1324439930467392	0.31814659848132654	0.31814659848132654	0.3942966062296606	0.09752440725244071	0.49182101348210133	0.0	0.0	0.0	0.42631334263133425	0.1282155586548892	0.31814659848132654	0.13342631334263133	0.2384937238493724	0.5732081234251254	0.7951340461800713	0.41884394855106155	0.23121028978769564	0.1877421354408802	CD3D;CD3E;TRAC;MS4A1;LST1	CD8A;CD8B		0.0	0.0	0.05873237253990392	0.06105687277235394	0.0	0.1550286688362002
vaccination_study_01	T_NK_lineage	0	gdT Cell	9	6453	0.6826207543116076	0.6826207543116076	0.22749108941577562	0.09365876336587634	0.11520223152022316	0.2088609948860995	0.018630094529676122	0.018630094529676122	0.0	0.741360607469394	0.3809855880985588	0.22749108941577562	0.03300790330079033	0.1875096854176352	0.5910630059555555	0.1896792189679219	0.09809390980939099	0.2882380288238029	0.19153881915388193	MS4A1;LST1	NKG7;GNLY		0.0	0.0	0.001239733457306679	0.0001549666821633349	0.0	0.020768634743530145
vaccination_study_01	T_NK_lineage	1	CD8 Cytotoxic / T Effector Memory	1	13257	0.8526370957766102	0.9916270649468205	1.0	0.28963604133665233	0.2557761937089839	0.5454122350456363	0.4545877649543637	0.4545877649543637	0.0	0.9990193859847628	0.7279241841359968	0.9916270649468205	0.8035754695632497	0.9828769706570114	1.5982862287248936	0.6340801086218602	0.22129818209247945	0.6373236780568756	0.4305272686128083	CCR7;TCF7;LEF1;MS4A1	KLRD1;FCGR3A		0.0	0.0	0.7292750999471977	0.6821301953684846	0.0	2.303558120238365
vaccination_study_01	T_NK_lineage	1	MAIT Cell	2	13257	0.8775920102606171	0.8775920102606171	1.0	0.10302783435166327	0.394553820623067	0.4975816549747303	0.5024183450252697	0.5024183450252697	0.0	0.9953232254657917	0.6631666289507429	0.5580448065173116	0.5580448065173116	0.5580448065173116	1.1673918754101777	0.2087199215508788	0.1077921098287697	0.9873274496492419	0.6557039048552965	MS4A1;LST1	NKG7;GNLY;GZMB		0.0	0.0	0.287697065701139	0.28483065550275327	0.0	1.2475643056498456
vaccination_study_01	T_NK_lineage	1	NK Cell	3	13257	0.7660533734382833	0.9895149732216942	1.0	0.4995124085388851	0.2684600588368409	0.6	0.4	0.4	0.0	0.9932865655879912	0.5468526061703252	0.9895149732216942	0.7218827789092555	0.9828769706570114	1.7459577663984984	0.9845364712981821	0.5699479520253451	0.6372482462095497	0.51523723315984	CD3D;CD3E;TRAC;MS4A1;LST1	CD8A;CD8B		0.0	0.0	0.12099268311080938	0.10650976842422871	0.0	0.7000980614015238
vaccination_study_01	T_NK_lineage	1	NKT Cell	4	13257	0.8712409747586216	0.99479520253451	1.0	0.10302783435166327	0.2684600588368409	0.37148789318850417	0.6285121068114958	0.6285121068114958	0.0	0.9975861808855699	0.727895774738952	0.99479520253451	0.9375424304141209	0.9828769706570114	1.073531189312883	0.2087199215508788	0.1077921098287697	0.6372482462095497	0.51523723315984	MS4A1;LST1	CD8A;CD8B		0.0	0.0	0.0	0.0	0.0	0.6285121068114958
vaccination_study_01	T_NK_lineage	1	gdT Cell	5	13257	0.943641477372605	0.943641477372605	0.9145305558201744	0.10302783435166327	0.4109640190088255	0.5139918533604888	0.4005387024596856	0.4005387024596856	0.0	0.9878554725805235	0.6770385456739836	0.7140378667873576	0.150863694651882	0.601040959493098	1.8019707561312672	0.2087199215508788	0.1077921098287697	0.9868748585652862	0.7660104095949309	MS4A1;LST1	NKG7;GNLY		0.0	0.0	0.132986346835634	0.002338387267104171	0.0	0.6156552446638042
vaccination_study_01	T_NK_lineage	1	CD4 T Effector Memory	6	13257	0.9519456760223182	0.9705061476955571	1.0	0.29847527092605164	0.3978134193256393	0.6	0.4	0.4	0.0	0.9992456815267405	0.6423210379422193	0.9705061476955571	0.05491438485328506	0.9662065323979784	1.5615715753799908	0.6225390359809911	0.2814110784239773	0.9901938598476276	0.6717017424756733	CCR7;TCF7;LEF1	NKG7;GNLY;GZMB;PRF1		0.0	0.0	0.03877196952553368	0.035226672701214455	0.0	0.49726182394206836
vaccination_study_01	T_NK_lineage	1	CD8 Naive / T Central Memory	7	13257	0.7817470393301953	0.8309572301425662	0.8829682355393187	0.5	0.026646300067888658	0.5266463000678887	0.35632193547143	0.35632193547143	0.0	0.9969827261069624	0.5251565210832013	0.8309572301425662	0.3724070302481708	0.5919891378139851	1.2080440215870099	0.9901938598476276	0.6717017424756733	0.05921400015086369	0.05921400015086369	NKG7;GNLY;GZMB;PRF1	CD4		0.0	0.0	0.0343969223806291	0.01923512106811496	0.0	0.43059213234855154
vaccination_study_01	T_NK_lineage	1	Treg	8	13257	0.8603911534730496	0.9831786980463152	0.706976502979558	0.5	0.22416270649468206	0.6	0.10697650297955807	0.10697650297955807	0.0	0.9831786980463152	0.558252244097458	0.9831786980463152	0.0	0.558252244097458	1.2152753933981622	0.9920042241834502	0.6397752130949687	0.5819567021196349	0.33050463905861055	NKG7;GNLY;GZMB;CD8A	CCR7;TCF7		0.0	0.0	0.010786754167609564	0.010786754167609564	0.0	0.13502206381534293
vaccination_study_01	T_NK_lineage	1	CD4 Naive / T Central Memory	9	13257	0.7064851527048054	0.7064851527048054	0.5986271403786678	0.5	0.2684600588368409	0.6	0.0	0.0	0.0	0.9966055668703326	0.4401976314399939	0.5986271403786678	0.1057554499509693	0.5673229237384023	0.9670852597717603	0.9901938598476276	0.6717017424756733	0.6372482462095497	0.51523723315984	NKG7;GNLY;GZMB;PRF1	CD8A;CD8B		0.0	0.0	0.018179075205551783	0.010711322320283623	0.0	0.03979784264916648
vaccination_study_01	T_NK_lineage	2	CD4 Naive / T Central Memory	1	19484	0.9191650878597889	0.9697700677478958	1.0	0.04832195647710942	0.10819646889755696	0.15651842537466637	0.8434815746253337	0.8434815746253337	0.0	0.9987682200780127	0.8134110039006364	0.9697700677478958	0.760521453500308	0.8843153356600287	1.556817183497687	0.10993635803736398	0.02975518374050503	0.253387394785465	0.21453500307944978	NKG7;GNLY;GZMB;PRF1	CD8A;CD8B		0.0	0.0	0.7749435434202423	0.771094231164032	0.0	2.8544854752617534
vaccination_study_01	T_NK_lineage	2	CD8 Naive / T Central Memory	2	19484	0.9198389291457516	0.9633545473208787	1.0	0.04832195647710942	0.14527304454937384	0.19359500102648325	0.8064049989735167	0.8064049989735167	0.0	0.9984089509340998	0.7343689408973744	0.9633545473208787	0.7148429480599466	0.8843153356600287	1.398234178420913	0.10993635803736398	0.02975518374050503	0.3228289878874974	0.3228289878874974	NKG7;GNLY;GZMB;PRF1	CD4		0.0	0.0	0.26077807431738864	0.25492711968794907	0.0	1.4785770375692877
vaccination_study_01	T_NK_lineage	2	NKT Cell	3	19484	0.5979592700378262	0.9282488195442414	0.928856945602184	0.06637805378772327	0.10819646889755696	0.17457452268528023	0.7542824229169038	0.7542824229169038	0.0	0.987220283309382	0.40931753526703224	0.9282488195442414	0.07683227263395606	0.922449189078218	1.0024325042317705	0.1350851981112708	0.06838944775200165	0.253387394785465	0.21453500307944978	MS4A1;LST1	CD8A;CD8B		0.0	0.0	0.0	0.0	0.0	0.7542824229169038
vaccination_study_01	T_NK_lineage	2	Treg	4	19484	0.8530236593162627	0.983063026072675	0.7114985372613427	0.10985629234243482	0.4099863990966947	0.5198426914391295	0.19165584582221318	0.19165584582221318	0.0	0.983063026072675	0.5652715048244714	0.983063026072675	0.0	0.5652715048244714	1.215133854616121	0.24892219256826115	0.0693902689386163	0.9594539109012523	0.8143348388421269	NKG7;GNLY;GZMB;CD8A	CCR7;TCF7		0.0	0.0	0.008109217819749538	0.0074933278587559025	0.0	0.21212392219256834
vaccination_study_01	T_NK_lineage	2	CD4 T Effector Memory	5	19484	0.6892061693913292	0.6892061693913292	0.3570108807226442	0.5	0.03744418497228495	0.537444184972285	0.0	0.0	0.0	0.9936358037363991	0.4608974029973312	0.3570108807226442	0.010675425990556354	0.3228289878874974	0.5845080732421952	0.9921474029973312	0.8553000752754397	0.10993635803736398	0.02975518374050503	CCR7;TCF7;LEF1	NKG7;GNLY;GZMB;PRF1		0.0	0.0	0.02078628618353521	0.020683637856702936	0.0	0.05394169575035927
vaccination_study_01	T_NK_lineage	2	MAIT Cell	6	19484	0.848286424865069	0.848286424865069	0.12512831040854033	0.06637805378772327	0.02891346746048039	0.09529152124820366	0.029836789160336677	0.029836789160336677	0.0	0.9917368096900021	0.6109525764730035	0.06256415520427017	0.06256415520427017	0.06256415520427017	0.14912697776576983	0.1350851981112708	0.06838944775200165	0.08186204064873742	0.02903236843906111	MS4A1;LST1	NKG7;GNLY;GZMB		0.0	0.0	5.1324163416136314e-05	5.1324163416136314e-05	0.0	0.029970231985218632
vaccination_study_01	T_NK_lineage	2	gdT Cell	7	19484	0.8310139520954185	0.8310139520954185	0.05666187641141449	0.06637805378772327	0.028046089098747687	0.09442414288647095	0.0	0.0	0.0	0.9791623896530487	0.48165161157873126	0.05666187641141449	0.009802915212482036	0.03772326011086019	0.16590672581146157	0.1350851981112708	0.06838944775200165	0.07416341613631698	0.038647095052350644	MS4A1;LST1	NKG7;GNLY		0.0	0.0	0.016783001437076575	0.00010264832683227263	0.0	0.026955450626154794
vaccination_study_01	T_NK_lineage	2	CD8 Cytotoxic / T Effector Memory	8	19484	0.5211006725391771	0.5211006725391771	0.2428146171217409	0.5	0.009111322110449599	0.5091113221104496	0.0	0.0	0.0	0.9836789160336686	0.22449189078218026	0.2428146171217409	0.023660439334838843	0.19046397043728186	0.40341374060962354	0.9922500513241634	0.6436050092383494	0.024225005132416343	0.012292137138164648	CCR7;TCF7;LEF1;MS4A1	KLRD1;FCGR3A		0.0	0.0	0.005645657975774995	0.002720180661055225	0.0	0.011753233422295218
vaccination_study_01	T_NK_lineage	2	NK Cell	9	19484	0.1324439930467392	0.1324439930467392	0.08442824881954424	0.5	0.10819646889755696	0.6	0.0	0.0	0.0	0.16947238760008212	0.024148018887292136	0.08442824881954424	0.004978443851365223	0.03910901252309587	0.16494773846406915	0.986091151714227	0.5732806405255594	0.253387394785465	0.21453500307944978	CD3D;CD3E;TRAC;MS4A1;LST1	CD8A;CD8B		0.0	0.0	0.0020016423732293165	0.0020016423732293165	0.0	0.005204270170396224
vaccination_study_01	T_NK_lineage	3	NK Cell	1	10150	0.8885525107912264	1.0	1.0	0.23904866995073892	0.08449507389162561	0.3235437438423645	0.6764562561576355	0.6764562561576355	0.0	1.0	0.9011206896551724	1.0	0.9957635467980296	0.9927093596059113	1.7642730637426423	0.5369458128078818	0.15913300492610838	0.21822660098522167	0.1268472906403941	CD3D;CD3E;TRAC;MS4A1;LST1	CD8A;CD8B		0.0	0.0	0.9926108374384236	0.9779310344827586	0.0	3.242564630541872
vaccination_study_01	T_NK_lineage	3	NKT Cell	2	10150	0.8870013737247473	0.9987192118226601	1.0	0.0642975369458128	0.08449507389162561	0.14879261083743842	0.8512073891625616	0.8512073891625616	0.0	1.0	0.6270513722730472	0.9987192118226601	0.8232512315270936	0.9927093596059113	1.0777236320587844	0.1302463054187192	0.06729064039408866	0.21822660098522167	0.1268472906403941	MS4A1;LST1	CD8A;CD8B		0.0	0.0	0.0	0.0	0.0	0.8512073891625616
vaccination_study_01	T_NK_lineage	3	CD8 Cytotoxic / T Effector Memory	3	10150	0.8631076778843336	0.9992118226600986	1.0	0.2034128078817734	0.42509852216748767	0.6	0.4	0.4	0.0	0.9999014778325123	0.6328168383340796	0.9992118226600986	0.9687684729064039	0.9927093596059113	1.6103891502868133	0.4487684729064039	0.14945812807881773	0.9831527093596059	0.8676847290640394	CCR7;TCF7;LEF1;MS4A1	KLRD1;FCGR3A		0.0	0.0	0.06985221674876847	0.03950738916256158	0.0	0.5512709359605912
vaccination_study_01	T_NK_lineage	3	MAIT Cell	4	10150	0.5857373516409825	0.9214778325123153	1.0	0.0642975369458128	0.4426945812807882	0.5069921182266011	0.49300788177339894	0.49300788177339894	0.0	0.9574384236453202	0.3211822660098522	0.9214778325123153	0.9214778325123153	0.9214778325123153	1.914285002386374	0.1302463054187192	0.06729064039408866	0.9993103448275862	0.9526765188834155	MS4A1;LST1	NKG7;GNLY;GZMB		0.0	0.0	0.000689655172413793	0.000689655172413793	0.0	0.4948009852216748
vaccination_study_01	T_NK_lineage	3	gdT Cell	5	10150	0.6079374922687292	0.7982266009852217	1.0	0.0642975369458128	0.44696305418719207	0.5112605911330048	0.4887394088669952	0.4887394088669952	0.0	0.853103448275862	0.382192118226601	0.7982266009852217	0.2103448275862069	0.7372413793103448	2.0114979700785094	0.1302463054187192	0.06729064039408866	0.9991133004926108	0.9815270935960592	MS4A1;LST1	NKG7;GNLY		0.0	0.0	0.0008866995073891626	9.852216748768474e-05	0.0	0.49025665024630555
vaccination_study_01	T_NK_lineage	3	CD4 T Effector Memory	6	10150	0.6269702533252602	0.7126108374384237	0.7503215637957814	0.21107651888341544	0.4431465517241379	0.6	0.15032156379578143	0.15032156379578143	0.0	0.990935960591133	0.39311576354679806	0.7126108374384237	0.0212807881773399	0.709064039408867	1.150842905429431	0.443743842364532	0.19297208538587848	0.9997044334975369	0.9549014778325123	CCR7;TCF7;LEF1	NKG7;GNLY;GZMB;PRF1		0.0	0.0	0.001083743842364532	0.001083743842364532	0.0	0.15313929778592922
vaccination_study_01	T_NK_lineage	3	CD8 Naive / T Central Memory	7	10150	0.45717852562224526	0.5209852216748768	0.5209852216748768	0.5	0.011172413793103447	0.5111724137931034	0.009812807881773411	0.009812807881773411	0.0	0.7714285714285715	0.2145374931581828	0.5209852216748768	0.12610837438423644	0.4040394088669951	0.7627659286390146	0.9997044334975369	0.9549014778325123	0.02482758620689655	0.02482758620689655	NKG7;GNLY;GZMB;PRF1	CD4		0.0	0.0	0.0024630541871921183	0.0024630541871921183	0.0	0.01621674876847292
vaccination_study_01	T_NK_lineage	3	CD4 Naive / T Central Memory	8	10150	0.26438260512900646	0.4161576354679803	0.4161576354679803	0.5	0.08449507389162561	0.5844950738916256	0.0	0.0	0.0	0.7677832512315271	0.19814778325123153	0.4161576354679803	0.05605911330049261	0.4040394088669951	0.6771481918204578	0.9997044334975369	0.9549014778325123	0.21822660098522167	0.1268472906403941	NKG7;GNLY;GZMB;PRF1	CD8A;CD8B		0.0	0.0	0.0015763546798029558	0.0015763546798029558	0.0	0.0040985221674876855
vaccination_study_01	T_NK_lineage	3	Treg	9	10150	0.5225924008932465	0.7662068965517241	0.4520135467980295	0.5	0.15676847290640392	0.6	0.0	0.0	0.0	0.7662068965517241	0.28283251231527096	0.7662068965517241	0.0	0.28283251231527096	0.949783904367705	0.9994088669950739	0.7666256157635468	0.40916256157635467	0.22679802955665024	NKG7;GNLY;GZMB;CD8A	CCR7;TCF7		0.0	0.0	0.0011822660098522167	0.0011822660098522167	0.0	0.0030738916256157637
vaccination_study_01	T_NK_lineage	4	NK Cell	1	6526	0.7488362402911515	0.9218510573092247	1.0	0.08441495556236593	0.03529344161814281	0.11970839718050874	0.8802916028194913	0.8802916028194913	0.0	0.964296659515783	0.47674685871897027	0.9218510573092247	0.6847992644805394	0.8127490039840638	1.627762098842343	0.19583205638982532	0.045448973337419554	0.0927060986821943	0.049877413423230155	CD3D;CD3E;TRAC;MS4A1;LST1	CD8A;CD8B		0.0	0.0	0.944682807232608	0.941618142813362	0.0	3.3334022372050263
vaccination_study_01	T_NK_lineage	4	CD8 Cytotoxic / T Effector Memory	2	6526	0.7214414995084539	0.8982531412810297	1.0	0.08795663499846766	0.22676984370211462	0.3147264787005823	0.6852735212994177	0.6852735212994177	0.0	0.9681274900398407	0.3588304126152732	0.8982531412810297	0.5508734293594851	0.8127490039840638	1.4492903983007563	0.19981612013484523	0.054665951578302174	0.5781489426907753	0.3555010726325467	CCR7;TCF7;LEF1;MS4A1	KLRD1;FCGR3A		0.0	0.0	0.5661967514557156	0.14465216058841557	0.0	1.7358404842169783
vaccination_study_01	T_NK_lineage	4	NKT Cell	3	6526	0.692796734311217	0.8187250996015937	0.8187250996015937	0.02366074164878946	0.03529344161814281	0.05895418326693227	0.7597709163346614	0.7597709163346614	0.0	0.9590867300030647	0.3802372925878902	0.8187250996015937	0.37511492491572174	0.6089488201041986	0.8854164903899215	0.048115231382163656	0.024440698743487588	0.0927060986821943	0.049877413423230155	MS4A1;LST1	CD8A;CD8B		0.0	0.0	0.0	0.0	0.0	0.7597709163346614
vaccination_study_01	T_NK_lineage	4	MAIT Cell	4	6526	0.2106339967577492	0.35611400551639594	0.7122280110327919	0.02366074164878946	0.3690009193993258	0.39266166104811523	0.31956634998467665	0.31956634998467665	0.0	0.44774747165185413	0.11189089794667484	0.35611400551639594	0.35611400551639594	0.35611400551639594	0.7524028221190899	0.048115231382163656	0.024440698743487588	0.9132699969353356	0.6334661354581673	MS4A1;LST1	NKG7;GNLY;GZMB		0.0	0.0	0.003217897640208397	0.003217897640208397	0.0	0.3279328838492185
vaccination_study_01	T_NK_lineage	4	CD4 T Effector Memory	5	6526	0.21929871677181195	0.5173153539687404	0.5173153539687404	0.08964347737256104	0.3791028194912657	0.46874629686382674	0.04856905710491366	0.04856905710491366	0.0	0.7365920931657983	0.165491878639289	0.5173153539687404	0.004443763407906834	0.5145571559914189	0.8398118359118113	0.19506589028501378	0.07053835938298089	0.9459086730003065	0.6355347839411585	CCR7;TCF7;LEF1	NKG7;GNLY;GZMB;PRF1		0.0	0.0	0.0009193993257738277	0.0009193993257738277	0.0	0.050959495351925614
vaccination_study_01	T_NK_lineage	4	CD4 Naive / T Central Memory	6	6526	0.05910597212185134	0.18004903463070793	0.18004903463070793	0.4992629482071713	0.03529344161814281	0.5345563898253142	0.0	0.0	0.0	0.3768004903463071	0.05809071406680968	0.18004903463070793	0.006895494943303708	0.17269384002451732	0.3019806509299932	0.9459086730003065	0.6355347839411585	0.0927060986821943	0.049877413423230155	NKG7;GNLY;GZMB;PRF1	CD8A;CD8B		0.0	0.0	0.007201961385228318	0.007201961385228318	0.0	0.018725099601593628
vaccination_study_01	T_NK_lineage	4	Treg	7	6526	0.15064747358346842	0.3623965675758504	0.19404497395035242	0.4582224946368373	0.06607033404842169	0.524292828685259	0.0	0.0	0.0	0.3623965675758504	0.10339411584431504	0.3623965675758504	0.0	0.10339411584431504	0.4556726660077463	0.9183266932270916	0.4966288691388293	0.1751455715599142	0.09017775053631627	NKG7;GNLY;GZMB;CD8A	CCR7;TCF7		0.0	0.0	0.0007661661048115232	0.0007661661048115232	0.0	0.00199203187250996
vaccination_study_01	T_NK_lineage	4	CD8 Naive / T Central Memory	8	6526	0.10826057800608085	0.24287465522525284	0.24287465522525284	0.4992629482071713	0.0032408826233527427	0.5025038308305241	0.0	0.0	0.0	0.393349678210236	0.06703102121428815	0.24287465522525284	0.022678516702421086	0.17269384002451732	0.3632571366369664	0.9459086730003065	0.6355347839411585	0.007201961385228318	0.007201961385228318	NKG7;GNLY;GZMB;PRF1	CD4		0.0	0.0	0.0006129328838492185	0.0006129328838492185	0.0	0.0015936254980079682
vaccination_study_01	T_NK_lineage	4	gdT Cell	9	6526	0.2500895199776037	0.2500895199776037	0.19246092552865462	0.02366074164878946	0.37426448053938094	0.3979252221881704	0.0	0.0	0.0	0.27995709469813057	0.09036929206251915	0.19246092552865462	0.015323322096230463	0.14174072939013177	0.5038806446418256	0.048115231382163656	0.024440698743487588	0.8921238124425376	0.7108489120441313	MS4A1;LST1	NKG7;GNLY		0.0	0.0	0.00030646644192460924	0.00015323322096230462	0.0	0.0006435795280416794
vaccination_study_01	T_NK_lineage	5	NK Cell	1	21429	0.937243240427873	1.0	1.0	0.20021130244061786	0.08114587708245835	0.2813571795230762	0.7186428204769237	0.7186428204769237	0.0	1.0	0.9351929628074106	1.0	0.998506696532736	0.999953334266648	1.7642730637426423	0.4602641280507723	0.11504969900601987	0.2139157216855663	0.1131410705119231	CD3D;CD3E;TRAC;MS4A1;LST1	CD8A;CD8B		0.0	0.0	0.998273367865976	0.993746791730832	0.0	3.3096270007933173
vaccination_study_01	T_NK_lineage	5	NKT Cell	2	21429	0.903777417527686	0.999953334266648	1.0	0.045001633300667324	0.08114587708245835	0.12614751038312566	0.8738524896168743	0.8738524896168743	0.0	1.0	0.5763284734305314	0.999953334266648	0.6640067198656027	0.999953334266648	1.0790421782975705	0.09165150030332726	0.04624574175183163	0.2139157216855663	0.1131410705119231	MS4A1;LST1	CD8A;CD8B		0.0	0.0	0.0	0.0	0.0	0.8738524896168743
vaccination_study_01	T_NK_lineage	5	CD8 Cytotoxic / T Effector Memory	3	21429	0.917215179983984	1.0	1.0	0.08867095991413504	0.42990340193196136	0.5185743618460964	0.4814256381539036	0.4814256381539036	0.0	1.0	0.6488658105625766	1.0	0.9843669793270802	0.999953334266648	1.611646836937108	0.20182929674739838	0.05443557795510756	0.9850669653273602	0.8958887488916889	CCR7;TCF7;LEF1;MS4A1	KLRD1;FCGR3A		0.0	0.0	0.013253068271967894	0.012973073871855896	0.0	0.5156036212609081
vaccination_study_01	T_NK_lineage	5	gdT Cell	4	21429	0.6133225258305827	0.7674179849736339	1.0	0.045001633300667324	0.4485370292594148	0.4935386625600821	0.5064613374399178	0.5064613374399178	0.0	0.8298100704652573	0.3262168089971534	0.7674179849736339	0.13159736805263894	0.7284520976247142	1.9348221114855177	0.09165150030332726	0.04624574175183163	1.0	0.9902468617294321	MS4A1;LST1	NKG7;GNLY		0.0	0.0	0.0013999720005599889	0.0	0.0	0.5087012926408139
vaccination_study_01	T_NK_lineage	5	MAIT Cell	5	21429	0.5906707162249263	0.9288347566382006	1.0	0.045001633300667324	0.44793037472583885	0.49293200802650616	0.5070679919734938	0.5070679919734938	0.0	0.9605674553175603	0.2736571935227962	0.9288347566382006	0.9288347566382006	0.9288347566382006	1.929404255927698	0.09165150030332726	0.04624574175183163	1.0	0.9862024981722589	MS4A1;LST1	NKG7;GNLY;GZMB		0.0	0.0	0.0001866629334079985	0.0001866629334079985	0.0	0.5075533156003547
vaccination_study_01	T_NK_lineage	5	CD4 T Effector Memory	6	21429	0.7046101160829964	0.8072705212562415	0.8826704227227437	0.09014855258450387	0.4477372952540949	0.5378858478385987	0.34478457488414493	0.34478457488414493	0.0	0.99836669933268	0.375513323066872	0.8072705212562415	0.006019879602407952	0.8059172149890336	1.3015996058660084	0.19650940314527043	0.0703408154059141	1.0	0.9849153016939662	CCR7;TCF7;LEF1	NKG7;GNLY;GZMB;PRF1		0.0	0.0	0.0	0.0	0.0	0.34478457488414493
vaccination_study_01	T_NK_lineage	5	Treg	7	21429	0.4403878330956985	0.6037612581081712	0.33976037145923743	0.5	0.06618017639647206	0.566180176396472	0.0	0.0	0.0	0.6037612581081712	0.1976060478790424	0.6037612581081712	0.0	0.1976060478790424	0.7510118328828428	1.0	0.7914391712165757	0.17578981753698258	0.08962154090251528	NKG7;GNLY;GZMB;CD8A	CCR7;TCF7		0.0	0.0	0.0002799944001119978	0.0002799944001119978	0.0	0.0007279854402911942
vaccination_study_01	T_NK_lineage	5	CD4 Naive / T Central Memory	8	21429	0.17596209561384663	0.18096971393905456	0.18096971393905456	0.5	0.08114587708245835	0.5811458770824584	0.0	0.0	0.0	0.6277007793177469	0.10692052825610154	0.18096971393905456	0.00494656773531196	0.1742031826030146	0.30344357515569387	1.0	0.9849153016939662	0.2139157216855663	0.1131410705119231	NKG7;GNLY;GZMB;PRF1	CD8A;CD8B		0.0	0.0	9.333146670399925e-05	9.333146670399925e-05	0.0	0.00024266181343039807
vaccination_study_01	T_NK_lineage	5	CD8 Naive / T Central Memory	9	21429	0.35734096369069707	0.35734096369069707	0.34219982267021326	0.5	0.003317933641327173	0.5033179336413272	0.0	0.0	0.0	0.6456204209249148	0.12344641996048966	0.34219982267021326	0.04288580895048766	0.20714919034952634	0.5059387979916962	1.0	0.9849153016939662	0.007373185869615941	0.007373185869615941	NKG7;GNLY;GZMB;PRF1	CD4		0.0	0.0	0.0	0.0	0.0	0.0
vaccination_study_01	T_NK_lineage	6	CD4 Naive / T Central Memory	1	15656	0.849969400444019	0.8881578947368421	1.0	0.10274176034747062	0.04893970362800204	0.15168146397547266	0.8483185360245273	0.8483185360245273	0.0	0.9969979560551865	0.7035641287685233	0.8881578947368421	0.5356412876852324	0.7765712825753704	1.4271385604119213	0.2270056208482371	0.07490738375063874	0.11682422074603986	0.09261624936126725	NKG7;GNLY;GZMB;PRF1	CD8A;CD8B		0.0	0.0	0.8688042922841084	0.5234414920797138	0.0	2.7618468957588145
vaccination_study_01	T_NK_lineage	6	CD4 T Effector Memory	2	15656	0.8672272244900616	0.8672272244900616	0.5799693408277976	0.4793220916368591	0.07933779381706695	0.5586598854539261	0.021309455373871522	0.021309455373871522	0.0	0.9936126724578437	0.5885283597342872	0.5799693408277976	0.08495145631067962	0.4459632089933572	0.939595692640585	0.9137072049054675	0.600515244421734	0.2270056208482371	0.07490738375063874	CCR7;TCF7;LEF1	NKG7;GNLY;GZMB;PRF1		0.0	0.0	0.6032830863566684	0.6021972406745018	0.0	1.5887596342190426
vaccination_study_01	T_NK_lineage	6	NKT Cell	3	15656	0.59643417514665	0.9147930505876342	0.9147930505876342	0.11055314256515075	0.04893970362800204	0.1594928461931528	0.7553002043944814	0.7553002043944814	0.0	0.9712570260602964	0.4289364187166946	0.9147930505876342	0.21244251405212058	0.8673352069494124	0.9880562536140635	0.22451456310679613	0.11471640265712826	0.11682422074603986	0.09261624936126725	MS4A1;LST1	CD8A;CD8B		0.0	0.0	0.0	0.0	0.0	0.7553002043944814
vaccination_study_01	T_NK_lineage	6	CD8 Naive / T Central Memory	4	15656	0.819015019824606	0.8368676545733266	0.8910012568878234	0.10274176034747062	0.20068344404701072	0.30342520439448134	0.587576052493342	0.587576052493342	0.0	0.9948901379662749	0.5852424345653778	0.8368676545733266	0.3567322432294328	0.7765712825753704	1.2165344092579873	0.2270056208482371	0.07490738375063874	0.4459632089933572	0.4459632089933572	NKG7;GNLY;GZMB;PRF1	CD4		0.0	0.0	0.06259580991313235	0.039090444557996935	0.0	0.7268197929123507
vaccination_study_01	T_NK_lineage	6	MAIT Cell	5	15656	0.8897650995787678	0.8897650995787678	0.8440214614205417	0.11055314256515075	0.06388605007664792	0.1744391926417987	0.6695822687787429	0.6695822687787429	0.0	0.989460909555442	0.6720107307102708	0.42201073071027084	0.42201073071027084	0.42201073071027084	0.8878275293338408	0.22451456310679613	0.11471640265712826	0.17807869187531936	0.06974961676034748	MS4A1;LST1	NKG7;GNLY;GZMB		0.0	0.0	0.017054164537557485	0.01641543178334185	0.0	0.7132843638221767
vaccination_study_01	T_NK_lineage	6	Treg	6	15656	0.8456105913526957	0.9434082779764946	0.7106293114460909	0.10136241696474195	0.3331789729177312	0.43454138988247315	0.2760879215636177	0.2760879215636177	0.0	0.9434082779764946	0.5852867910066428	0.9434082779764946	0.0	0.5852867910066428	1.1666114289061373	0.22323709759836485	0.0751469085334696	0.8256259580991313	0.5699412365866121	NKG7;GNLY;GZMB;CD8A	CCR7;TCF7		0.0	0.0	0.11248083801737353	0.10947879407256005	0.0	0.5655360564639754
vaccination_study_01	T_NK_lineage	6	CD8 Cytotoxic / T Effector Memory	7	15656	0.5041968593136585	0.5041968593136585	0.2160832907511497	0.4487678845171181	0.022390776699029124	0.4711586612161472	0.0	0.0	0.0	0.9452606029637199	0.2378118177172853	0.2160832907511497	0.05895503321410322	0.12474450689831375	0.360758832102399	0.9170286152273889	0.4558955033214103	0.059082779764946344	0.031106285130301482	CCR7;TCF7;LEF1;MS4A1	KLRD1;FCGR3A		0.0	0.0	0.04745784363822177	0.0321282575370465	0.0	0.10806080735820132
vaccination_study_01	T_NK_lineage	6	NK Cell	8	15656	0.1324439930467392	0.1948773633111906	0.1948773633111906	0.48893791517629026	0.04893970362800204	0.5378776188042923	0.0	0.0	0.0	0.306208482370976	0.055889115993868164	0.1948773633111906	0.034172202350536536	0.12474450689831375	0.3578808054064838	0.9583546244251405	0.5671052631578948	0.11682422074603986	0.09261624936126725	CD3D;CD3E;TRAC;MS4A1;LST1	CD8A;CD8B		0.0	0.0	0.02382473173224323	0.028359734287174247	0.0	0.06647930505876343
vaccination_study_01	T_NK_lineage	6	gdT Cell	9	15656	0.8012404213623964	0.8012404213623964	0.1608329075114972	0.11055314256515075	0.06539984670413898	0.17595298926928973	0.0	0.0	0.0	0.957396525293817	0.48181208482370974	0.1608329075114972	0.01890648952478283	0.11267245784363822	0.42516547495851303	0.22451456310679613	0.11471640265712826	0.17015840572304547	0.0956821665815023	MS4A1;LST1	NKG7;GNLY		0.0	0.0	0.003321410321921308	0.00012774655084312725	0.0	0.00544200306591722
vaccination_study_01	T_NK_lineage	7	CD4 Naive / T Central Memory	1	12227	0.8619113654563566	0.8619113654563566	0.9498994916604595	0.13449824159646684	0.08386358060031078	0.21836182219677763	0.7315376694636819	0.7315376694636819	0.0	0.9860145579455304	0.6499059458575285	0.8001962869060276	0.4390283798151632	0.6629590251083667	1.2873709281205328	0.28862353807148117	0.11282407786047272	0.20029443035904146	0.1585016766173223	NKG7;GNLY;GZMB;PRF1	CD8A;CD8B		0.0	0.0	0.7444998773206837	0.5859164144925165	0.0	2.5086538876692925
vaccination_study_01	T_NK_lineage	7	CD4 T Effector Memory	2	12227	0.8416847334257831	0.8416847334257831	0.44598020773697555	0.4260723535345274	0.10351067310051525	0.5295830266350426	0.0	0.0	0.0	0.984051688885254	0.5193219923120962	0.44598020773697555	0.04481884354297865	0.285924593113601	0.7262022099620853	0.8158992393882392	0.5274120116681661	0.28862353807148117	0.11282407786047272	CCR7;TCF7;LEF1	NKG7;GNLY;GZMB;PRF1		0.0	0.0	0.42806902756195303	0.42487936533900383	0.0	1.1097898094381287
vaccination_study_01	T_NK_lineage	7	CD8 Naive / T Central Memory	3	12227	0.8377995663977812	0.8377995663977812	0.8128149216956518	0.13449824159646684	0.12866606690112045	0.2631643084975873	0.5496506131980645	0.5496506131980645	0.0	0.980207736975546	0.5652063284352481	0.7793408031405905	0.3700826040729533	0.6629590251083667	1.1338964742202453	0.28862353807148117	0.11282407786047272	0.285924593113601	0.285924593113601	NKG7;GNLY;GZMB;PRF1	CD4		0.0	0.0	0.1207164472070009	0.10215097734521959	0.0	0.8449479060744856
vaccination_study_01	T_NK_lineage	7	NKT Cell	4	12227	0.6738152437873135	0.9151876993538889	0.9151876993538889	0.10469043919195223	0.08386358060031078	0.188554019792263	0.726633679561626	0.726633679561626	0.0	0.9785720127586489	0.4330930376567083	0.9151876993538889	0.1933426024372291	0.8753578146724462	0.9884778994960597	0.2117444998773207	0.11012513290259263	0.20029443035904146	0.1585016766173223	MS4A1;LST1	CD8A;CD8B		0.0	0.0	0.0	0.0	0.0	0.726633679561626
vaccination_study_01	T_NK_lineage	7	MAIT Cell	5	12227	0.8883441733888031	0.8883441733888031	0.5585998200703362	0.10469043919195223	0.09405005316103704	0.19874049235298927	0.35985932771734686	0.35985932771734686	0.0	0.9712112537826123	0.6049398871350291	0.2792999100351681	0.2792999100351681	0.2792999100351681	0.5945417696934056	0.2117444998773207	0.11012513290259263	0.2547640467817126	0.11747226084348844	MS4A1;LST1	NKG7;GNLY;GZMB		0.0	0.0	0.04367383659115073	0.04285597448270222	0.0	0.47259344074589027
vaccination_study_01	T_NK_lineage	7	Treg	6	12227	0.8839918748413055	0.9390692729205856	0.6709250020446553	0.15721109021019056	0.3023309070090782	0.4595419972192688	0.21138300482538652	0.21138300482538652	0.0	0.9390692729205856	0.5265396254191543	0.9390692729205856	0.0	0.5265396254191543	1.1613021264748133	0.3405577819579619	0.12635969575529565	0.7444998773206837	0.5265396254191543	NKG7;GNLY;GZMB;CD8A	CCR7;TCF7		0.0	0.0	0.040075243313977264	0.038684877729614785	0.0	0.3141882718573649
vaccination_study_01	T_NK_lineage	7	CD8 Cytotoxic / T Effector Memory	7	12227	0.5660038933052078	0.5660038933052078	0.3309070090782694	0.4020098961315122	0.027332951664349393	0.4293428477958616	0.0	0.0	0.0	0.9698208881982497	0.26257834747243436	0.3309070090782694	0.11253782612251574	0.17502249120798233	0.5439818840303791	0.8254682260570868	0.40150895559008754	0.07172650691093482	0.03876666394045964	CCR7;TCF7;LEF1;MS4A1	KLRD1;FCGR3A		0.0	0.0	0.056841416537171834	0.045800278073116873	0.0	0.13674654453259183
vaccination_study_01	T_NK_lineage	7	NK Cell	8	12227	0.1324439930467392	0.2569722744745236	0.2569722744745236	0.48869616422671136	0.08386358060031078	0.5725597448270221	0.0	0.0	0.0	0.35323464463891385	0.0853439110166026	0.2569722744745236	0.08284943158583463	0.17502249120798233	0.46634850754604884	0.9608244050053161	0.5617404105667785	0.20029443035904146	0.1585016766173223	CD3D;CD3E;TRAC;MS4A1;LST1	CD8A;CD8B		0.0	0.0	0.024863008096834872	0.029115891060767153	0.0	0.06889670401570294
vaccination_study_01	T_NK_lineage	7	gdT Cell	9	12227	0.8742586118218455	0.8742586118218455	0.13502903410484993	0.10469043919195223	0.09620511981679888	0.2008955590087511	0.0	0.0	0.0	0.9545268667702625	0.4759344074589024	0.13502903410484993	0.013821869632779914	0.08595730759793899	0.3609453182421135	0.2117444998773207	0.11012513290259263	0.24388648073934735	0.1535945039666312	MS4A1;LST1	NKG7;GNLY		0.0	0.0	0.012349717837572586	0.001881082849431586	0.0	0.021640631389547724
vaccination_study_01	T_NK_lineage	8	NK Cell	1	14105	0.932554021237394	0.9996455157745481	1.0	0.2352530308401276	0.09362637362637362	0.3288794044665012	0.6711205955334988	0.6711205955334988	0.0	0.9999291031549096	0.8545551222970578	0.9996455157745481	0.9907834101382489	0.9963133640552996	1.7636538489203784	0.5280397022332506	0.15726338177951082	0.24168734491315136	0.14080113434952146	CD3D;CD3E;TRAC;MS4A1;LST1	CD8A;CD8B		0.0	0.0	0.9156327543424317	0.9086139666784828	0.0	3.0447469691598723
vaccination_study_01	T_NK_lineage	8	NKT Cell	2	14105	0.9214991178213117	0.997305919886565	1.0	0.03800992555831265	0.09362637362637362	0.13163629918468628	0.8683637008153138	0.8683637008153138	0.0	0.9997873094647288	0.5592849546766597	0.997305919886565	0.5273307337823467	0.9963133640552996	1.0762136597090208	0.07734845799361928	0.03917050691244239	0.24168734491315136	0.14080113434952146	MS4A1;LST1	CD8A;CD8B		0.0	0.0	0.0	0.0	0.0	0.8683637008153138
vaccination_study_01	T_NK_lineage	8	CD8 Cytotoxic / T Effector Memory	3	14105	0.9397351510771694	0.9995037220843672	1.0	0.09123254165189648	0.3895214462956398	0.48075398794753627	0.5192460120524638	0.5192460120524638	0.0	1.0	0.6433566433566434	0.9995037220843672	0.9773839064161645	0.9963133640552996	1.6108549312608988	0.20588443814250265	0.05907479617157037	0.9220134704005671	0.752782701169798	CCR7;TCF7;LEF1;MS4A1	KLRD1;FCGR3A		0.0	0.0	0.11485288904643744	0.10258773484579936	0.0	0.805598369372563
vaccination_study_01	T_NK_lineage	8	MAIT Cell	4	14105	0.6267049486643619	0.8132577100319036	1.0	0.03800992555831265	0.44402694080113436	0.48203686635944704	0.517963133640553	0.517963133640553	0.0	0.9224388514711095	0.2979936192839419	0.8132577100319036	0.8132577100319036	0.8132577100319036	1.6918812583682044	0.07734845799361928	0.03917050691244239	0.9997873094647288	0.960604986411438	MS4A1;LST1	NKG7;GNLY;GZMB		0.0	0.0	0.0065225097483162	0.0063098192130450195	0.0	0.534708968450904
vaccination_study_01	T_NK_lineage	8	gdT Cell	5	14105	0.6636408914236607	0.7170506912442396	0.9194179443757367	0.03800992555831265	0.4475700106345267	0.4855799361928394	0.43383800818289725	0.43383800818289725	0.0	0.8165189649060617	0.34893654732364415	0.7170506912442396	0.10336760014179369	0.654236086494151	1.8094690125259882	0.07734845799361928	0.03917050691244239	0.9995037220843672	0.9847926267281106	MS4A1;LST1	NKG7;GNLY		0.0	0.0	0.028642325416518965	0.0008507621410847217	0.0	0.4805164909904123
vaccination_study_01	T_NK_lineage	8	CD4 T Effector Memory	6	14105	0.7672089949673496	0.8202764976958525	0.9008547866630071	0.0939269762495569	0.442933356965615	0.5368603332151719	0.3639944534478352	0.3639944534478352	0.0	0.9934065934065934	0.3860067352002836	0.8202764976958525	0.005671747607231478	0.818362282878412	1.3223131558686183	0.20276497695852536	0.07671038638780574	0.9998582063098193	0.953172633817795	CCR7;TCF7;LEF1	NKG7;GNLY;GZMB;PRF1		0.0	0.0	0.0022686990428925913	0.0006380716058135413	0.0	0.3682624435222769
vaccination_study_01	T_NK_lineage	8	CD4 Naive / T Central Memory	7	14105	0.2771082768543656	0.2771082768543656	0.19014533853243532	0.5	0.09362637362637362	0.5936263736263736	0.0	0.0	0.0	0.6797589507266927	0.1389365473236441	0.19014533853243532	0.013399503722084368	0.1805033676001418	0.3180232918734481	0.9998582063098193	0.953172633817795	0.24168734491315136	0.14080113434952146	NKG7;GNLY;GZMB;PRF1	CD8A;CD8B		0.0	0.0	0.0010634526763559022	0.0009216589861751152	0.0	0.0026231832683445587
vaccination_study_01	T_NK_lineage	8	CD8 Naive / T Central Memory	8	14105	0.4769250050456715	0.4769250050456715	0.37313009571074085	0.5	0.0034136830911024457	0.5034136830911025	0.0	0.0	0.0	0.6972704714640199	0.1597069597069597	0.37313009571074085	0.05395249911378944	0.23325062034739455	0.5503704647797072	0.9998582063098193	0.953172633817795	0.007585962424672102	0.007585962424672102	NKG7;GNLY;GZMB;PRF1	CD4		0.0	0.0	0.0012052463665366891	0.0002835873803615739	0.0	0.0022119815668202765
vaccination_study_01	T_NK_lineage	8	Treg	9	14105	0.482895173733862	0.5562566465792272	0.320450194966324	0.5	0.070586671393123	0.570586671393123	0.0	0.0	0.0	0.5562566465792272	0.19347749025168381	0.5562566465792272	0.0	0.19347749025168381	0.6928841408797548	0.9997873094647288	0.7787663948954272	0.18596242467210208	0.09865295994328252	NKG7;GNLY;GZMB;CD8A	CCR7;TCF7		0.0	0.0	0.0007798652959943283	0.0007798652959943283	0.0	0.0020276497695852535
vaccination_study_01	T_NK_lineage	9	CD4 Naive / T Central Memory	1	16378	0.9120230212829679	0.9679448040053731	1.0	0.055116925143485165	0.12521675418243985	0.18033367932592503	0.819666320674075	0.819666320674075	0.0	0.9993894248381976	0.7889424838197581	0.9679448040053731	0.7958236658932715	0.9111613139577482	1.5539169091860758	0.12504579313713518	0.034543289778971795	0.29270973256807914	0.24935889608010747	NKG7;GNLY;GZMB;PRF1	CD8A;CD8B		0.0	0.0	0.8282452069849798	0.827024056661375	0.0	2.971882708511418
vaccination_study_01	T_NK_lineage	9	CD8 Naive / T Central Memory	2	16378	0.9259327981666309	0.9627549151300525	1.0	0.055116925143485165	0.15556844547563803	0.21068537061912318	0.7893146293808768	0.7893146293808768	0.0	0.9985956771278545	0.7235519192412586	0.9627549151300525	0.7599829038954695	0.9111613139577482	1.3973728003896475	0.12504579313713518	0.034543289778971795	0.345707656612529	0.345707656612529	NKG7;GNLY;GZMB;PRF1	CD4		0.0	0.0	0.3381975821223593	0.27750641103919893	0.0	1.6079371718158506
vaccination_study_01	T_NK_lineage	9	NKT Cell	3	16378	0.5396060795458244	0.8198192697521065	0.8198192697521065	0.06668335572108927	0.12521675418243985	0.19190010990352913	0.6279191598485774	0.6279191598485774	0.0	0.9168396629625107	0.3709244107949688	0.8198192697521065	0.10019538405177678	0.8046770057394065	0.8865855104847904	0.13560874343631701	0.06887287825131273	0.29270973256807914	0.24935889608010747	MS4A1;LST1	CD8A;CD8B		0.0	0.0	0.0	0.0	0.0	0.6279191598485774
vaccination_study_01	T_NK_lineage	9	Treg	4	16378	0.7981780243103707	0.9080473806325559	0.6566575589205031	0.1267630357797045	0.41407070460373674	0.5408337403834412	0.11582381853706192	0.11582381853706192	0.0	0.9080473806325559	0.5212938087678594	0.9080473806325559	0.0	0.5212938087678594	1.1233430538240903	0.2869703260471364	0.08051959946269385	0.9593967517401392	0.8416778605446331	NKG7;GNLY;GZMB;CD8A	CCR7;TCF7		0.0	0.0	0.003907681035535474	0.0036634509708145073	0.0	0.12573955916473317
vaccination_study_01	T_NK_lineage	9	gdT Cell	5	16378	0.7621177496956321	0.7621177496956321	0.06288924166564905	0.06668335572108927	0.03177127854438882	0.0984546342654781	0.0	0.0	0.0	0.8827695689339358	0.4280284528025399	0.06288924166564905	0.01025766271828062	0.048907070460373674	0.18140526613735622	0.13560874343631701	0.06887287825131273	0.08395408474783246	0.04390035413359385	MS4A1;LST1	NKG7;GNLY		0.0	0.0	0.020271095371840273	0.00036634509708145075	0.0	0.03280009769202589
vaccination_study_01	T_NK_lineage	9	CD8 Cytotoxic / T Effector Memory	6	16378	0.47954956802541715	0.47954956802541715	0.28123091952619367	0.5	0.011095677127854439	0.5110956771278544	0.0	0.0	0.0	0.907070460373672	0.2120805071104253	0.28123091952619367	0.02961289534741727	0.22463060202710955	0.4647142477947282	0.9951764562217609	0.6670686286481866	0.029490780315056784	0.014989620222249358	CCR7;TCF7;LEF1;MS4A1	KLRD1;FCGR3A		0.0	0.0	0.006655269263646355	0.0015874954206862866	0.0	0.012235926242520456
vaccination_study_01	T_NK_lineage	9	MAIT Cell	7	16378	0.8142305839306757	0.8142305839306757	0.11002564415679571	0.06668335572108927	0.03229332030772988	0.09897667602881915	0.011048968127976552	0.011048968127976552	0.0	0.9655635608743436	0.5748687263402126	0.055012822078397854	0.055012822078397854	0.055012822078397854	0.13360819326405743	0.13560874343631701	0.06887287825131273	0.09140310172182195	0.03248259860788863	MS4A1;LST1	NKG7;GNLY;GZMB		0.0	0.0	6.105751618024179e-05	6.105751618024179e-05	0.0	0.011207717670045182
vaccination_study_01	T_NK_lineage	9	CD4 T Effector Memory	8	16378	0.6349554353275129	0.6349554353275129	0.3756258395408475	0.5	0.042695231407986325	0.5426952314079864	0.0	0.0	0.0	0.9700818170716815	0.4264409573818537	0.3756258395408475	0.013005250946391501	0.345707656612529	0.6141545886013229	0.9951764562217609	0.8857206822159808	0.12504579313713518	0.034543289778971795	CCR7;TCF7;LEF1	NKG7;GNLY;GZMB;PRF1		0.0	0.0	0.0027475882281108805	0.0027475882281108805	0.0	0.007143729393088289
vaccination_study_01	T_NK_lineage	9	NK Cell	9	16378	0.1324439930467392	0.1324439930467392	0.09793625595310783	0.45864550006105753	0.12521675418243985	0.5838622542434974	0.0	0.0	0.0	0.18683599951153987	0.02698742215166687	0.09793625595310783	0.005922579069483454	0.04481621687629747	0.18854359304881144	0.911344486506289	0.510611796312126	0.29270973256807914	0.24935889608010747	CD3D;CD3E;TRAC;MS4A1;LST1	CD8A;CD8B		0.0	0.0	0.0009158627427036268	0.0009158627427036268	0.0	0.00238124313102943
vaccination_study_01	Myeloid_lineage	0	Non-Classical Monocyte	1	12762	0.9732970044987859	0.998589562764457	1.0	0.4579768061432377	0.12093911612599906	0.5789159222692368	0.4210840777307632	0.4210840777307632	0.0	1.0	0.9053439899702241	0.998589562764457	0.9811941701927598	0.9960821187901583	1.617787182905342	0.9496160476414355	0.4414668547249648	0.3106096223162514	0.1850415295408243	S100A8;S100A9;VCAN;CD1C	NKG7;GNLY		0.0	0.0	0.9916940918351356	0.9979627017708823	0.0	3.0057573264378625
vaccination_study_01	Myeloid_lineage	0	Classical Monocyte	2	12762	0.7429653573963033	0.954552577965836	1.0	0.5	0.4461212976022567	0.6	0.4	0.4	0.0	1.0	0.8199145901896254	0.954552577965836	0.5968500235072872	0.9285378467324871	1.0712082874357274	0.9985112051402601	0.6627749046648906	0.9913806613383482	0.9913806613383482	FCGR3A;MS4A7;CD1C	HLA-DRA		0.0	0.0	0.04560413728255759	0.9989029932612443	0.0	1.4718696129133364
vaccination_study_01	Myeloid_lineage	0	Intermediate Monocyte	3	12762	0.8162480386986726	0.999529854254819	1.0	0.13688215013320798	0.39864833098260455	0.5355304811158126	0.4644695188841874	0.4644695188841874	0.0	1.0	0.8985268766650994	0.999529854254819	0.9953769001723868	0.9913806613383482	1.0094128780330887	0.2778561354019746	0.14225826672935277	0.9989029932612443	0.659849553361542	CD1C;NKG7	VCAN;FCGR3A		0.0	0.0	0.08572324087133679	0.0	0.0	0.6016267042783263
vaccination_study_01	Myeloid_lineage	0	Neutrophil	4	12762	0.675691908045079	0.9366870396489578	0.9885507189537928	0.032346549652614534	0.4445404325340856	0.4768869821867001	0.5116637367670926	0.5116637367670926	0.0	0.9989029932612443	0.7078044193700047	0.9366870396489578	0.48840307161886853	0.9249333960194327	1.0469783028642226	0.06989500078357624	0.02630204252207073	0.9997649271274095	0.9640730293057514	CD3D;MS4A1;CD79A	FCN1;LST1		0.0	0.0	0.0	0.0	0.0	0.5116637367670926
vaccination_study_01	Myeloid_lineage	0	Conventional DC 1	5	12762	0.7216164703737703	0.7216164703737703	1.0	0.23110849919030452	0.4461212976022567	0.6	0.4	0.4	0.0	0.7552107820090895	0.35354960037611655	0.6003761165961448	0.6003761165961448	0.6003761165961448	2.3417298508735374	0.5068954709293214	0.17494645562346547	0.9913806613383482	0.9913806613383482	CD1C;FCER1A;S100A8	HLA-DRA		0.0	0.0	0.0	0.0	0.0	0.4
vaccination_study_01	Myeloid_lineage	0	Plasmacytoid DC	6	12762	0.46262703698639945	0.6078200908948441	0.6078200908948441	0.42600720890142607	0.12932142297445542	0.5553286318758814	0.05249145901896268	0.05249145901896268	0.0	0.8187588152327221	0.20222983410571563	0.6078200908948441	0.153737658674189	0.45008619338661654	0.9419988997266746	0.9486757561510735	0.2977746434728099	0.3661651778718069	0.1298124640860889	CD3D;MS4A1;CD1C;FCN1;S100A8	MZB1;XBP1;PRDM1		0.0	0.0	0.0007052186177715092	0.0007052186177715092	0.0	0.05432502742516861
vaccination_study_01	Myeloid_lineage	0	Conventional DC 2	7	12762	0.700606131630175	0.700606131630175	0.0460742830277386	0.4644355639137021	0.4445404325340856	0.6	0.0	0.0	0.0	0.9997649271274095	0.506647338452698	0.0460742830277386	0.005563391317975239	0.028522175207647705	0.1468299307773281	0.9384109073812882	0.4901791777673301	0.9997649271274095	0.9640730293057514	LILRA4;S100A8;S100A9	FCN1;LST1		0.0	0.0	0.0004701457451810061	7.835762419683435e-05	0.0	0.0008305908164864441
vaccination_study_01	Myeloid_lineage	0	Eosinophil	8	12762	0.47075789240675275	0.47075789240675275	0.03024604293997806	0.23712793188110537	0.0	0.23712793188110537	0.0	0.0	0.0	0.01512302146998903	0.01512302146998903	0.01512302146998903	0.01512302146998903	0.01512302146998903	0.17050764111018077	0.5191976179282244	0.18105835031081854	0.0	0.0	S100A8;CD3D;MS4A1			0.0	0.0	0.0	0.0	0.0	0.0
vaccination_study_01	Myeloid_lineage	0	Basophil	9	12762	0.3790031706348431	0.45008619338661654	0.4500861933866165	0.45631040066865175	0.0033850493653032436	0.459695450033955	0.0	0.0	0.0	0.45008619338661654	0.45008619338661654	0.45008619338661654	0.0	0.45008619338661654	1.0762085069176903	0.9996082118790158	0.3475421825210259	0.007522331922896097	0.007522331922896097	CD3D;MS4A1;LST1	FCER1A		0.0	0.0	0.0	0.0	0.0	0.0
vaccination_study_01	Myeloid_lineage	0	Mast Cell	10	12762	0.5000016276359565	0.5000016276359565	0.0	0.45631040066865175	0.0	0.45631040066865175	0.0	0.0	0.0	0.0	0.0	0.0	0.0	0.0	1.0	0.9996082118790158	0.3475421825210259	0.0	0.0	CD3D;MS4A1;LST1			0.0	0.0	0.0	0.0	0.0	0.0
vaccination_study_01	Myeloid_lineage	1	Classical Monocyte	1	7543	0.8682754220460035	0.9996022802598435	1.0	0.39123160546201774	0.44982102611692953	0.6	0.4	0.4	0.0	1.0	0.9884495558796235	0.9996022802598435	0.9949622166246851	0.9984091210393743	1.1212393749536567	0.7982235184939679	0.39957576561049973	0.9996022802598435	0.9996022802598435	FCGR3A;MS4A7;CD1C	HLA-DRA		0.0	0.0	0.8387909319899244	0.777011799018958	0.0	2.519077290202837
vaccination_study_01	Myeloid_lineage	1	Conventional DC 2	2	7543	0.92134937531332	0.92134937531332	1.0	0.5	0.4492741614742145	0.6	0.4	0.4	0.0	1.0	0.7891643466348491	0.8212912634230413	0.5936629988068408	0.702903354103142	2.176727584797177	0.9965530955853109	0.6623801316894251	0.9994697070131248	0.9962216624685138	LILRA4;S100A8;S100A9	FCN1;LST1		0.0	0.0	0.6107649476335676	0.582261699589023	0.0	1.959485615802731
vaccination_study_01	Myeloid_lineage	1	Eosinophil	3	7543	0.47075789240675275	0.47075789240675275	1.0	0.45152503424808876	0.0	0.45152503424808876	0.5484749657519112	0.5484749657519112	0.0	0.4190640328781652	0.4190640328781652	0.4190640328781652	0.4190640328781652	0.4190640328781652	2.9120182147943265	0.9766671085774891	0.3654160590392859	0.0	0.0	S100A8;CD3D;MS4A1			0.0	0.0	0.0	0.0	0.0	0.5484749657519112
vaccination_study_01	Myeloid_lineage	1	Intermediate Monocyte	4	7543	0.8795679603117248	1.0	1.0	0.35577223916213707	0.3855892880816651	0.6	0.4	0.4	0.0	1.0	0.9172521985063415	1.0	0.9984091210393743	0.9996022802598435	1.0098829693015519	0.683149940342039	0.43716028105528304	0.9946970701312475	0.5812011136152725	CD1C;NKG7	VCAN;FCGR3A		0.0	0.0	0.08312342569269521	0.0	0.0	0.5329974811083124
vaccination_study_01	Myeloid_lineage	1	Neutrophil	5	7543	0.8580343366081369	0.996420522338592	1.0	0.06178885500905918	0.4492741614742145	0.5110630164832737	0.4889369835167263	0.4889369835167263	0.0	1.0	0.980246586238897	0.996420522338592	0.9722921914357683	0.9954925096115604	1.1130399026446032	0.13164523399178046	0.0534712095099209	0.9994697070131248	0.9962216624685138	CD3D;MS4A1;CD79A	FCN1;LST1		0.0	0.0	0.0	0.0	0.0	0.4889369835167263
vaccination_study_01	Myeloid_lineage	1	Non-Classical Monocyte	6	7543	0.677151897497998	0.7031685005965796	0.7391507529695431	0.5	0.17448959300013256	0.6	0.13915075296954316	0.13915075296954316	0.0	0.9976136815590614	0.5469530248795792	0.7031685005965796	0.2902028370674798	0.5382473816783773	1.143929009491854	0.9990719872729683	0.8604666578284503	0.44624154845552166	0.27078085642317384	S100A8;S100A9;VCAN;CD1C	NKG7;GNLY		0.0	0.0	0.026912369083918867	0.09996022802598435	0.0	0.2821707715297977
vaccination_study_01	Myeloid_lineage	1	Plasmacytoid DC	7	7543	0.48424448394174363	0.7994166777144373	0.857948898932376	0.49317937160281056	0.2792788015378497	0.6	0.25794889893237605	0.25794889893237605	0.0	0.9095850457377701	0.27692657336035303	0.7994166777144373	0.3523796897786027	0.598435635688718	1.234128884871755	0.9990719872729683	0.5160546201776481	0.763621901100358	0.33461487471828183	CD3D;MS4A1;CD1C;FCN1;S100A8	MZB1;XBP1;PRDM1		0.0	0.0	0.004109770648283177	0.003977197401564364	0.0	0.2685017293711935
vaccination_study_01	Myeloid_lineage	1	Conventional DC 1	8	7543	0.7122827919816143	0.7122827919816143	0.7430924454735759	0.5	0.44982102611692953	0.6	0.1430924454735759	0.1430924454735759	0.0	0.8177117857616333	0.41738477175306027	0.33236112952406205	0.33236112952406205	0.33236112952406205	1.3134807457018074	0.9903221529895267	0.6688320296964072	0.9996022802598435	0.9996022802598435	CD1C;FCER1A;S100A8	HLA-DRA		0.0	0.0	0.003049184674532679	0.0015908789606257458	0.0	0.14956201991345394
vaccination_study_01	Myeloid_lineage	1	Basophil	9	7543	0.7775363451109071	0.7775363451109071	0.598435635688718	0.4601042909540855	0.24644703698793585	0.6	0.0	0.0	0.0	0.598435635688718	0.598435635688718	0.598435635688718	0.0	0.598435635688718	1.4232194237783418	0.9952273631181228	0.37235405895090373	0.547660082195413	0.547660082195413	CD3D;MS4A1;LST1	FCER1A		0.0	0.0	0.0	0.0	0.0	0.0
vaccination_study_01	Myeloid_lineage	1	Mast Cell	10	7543	0.5000016276359565	0.5000016276359565	0.0	0.4601042909540855	0.0	0.4601042909540855	0.0	0.0	0.0	0.0	0.0	0.0	0.0	0.0	1.0	0.9952273631181228	0.37235405895090373	0.0	0.0	CD3D;MS4A1;LST1			0.0	0.0	0.0	0.0	0.0	0.0
vaccination_study_01	Myeloid_lineage	2	Plasmacytoid DC	1	7162	0.9883347331002559	0.9998603741971517	1.0	0.08214409382853952	0.39171320860094944	0.473857302429489	0.526142697570511	0.526142697570511	0.0	1.0	0.9696812542386405	0.9998603741971517	0.9913432002234013	0.9995811225914549	1.5397481813733997	0.1897514660709299	0.045629712370846134	0.9776598715442614	0.6561016475844736	CD3D;MS4A1;CD1C;FCN1;S100A8	MZB1;XBP1;PRDM1		0.0	0.0	0.9990226193800614	0.9991622451829097	0.0	3.123741133761519
vaccination_study_01	Myeloid_lineage	2	Intermediate Monocyte	2	7162	0.525807795725177	0.9877129293493437	0.9877129293493437	0.12094107791119799	0.032871404635576654	0.15381248254677465	0.833900446802569	0.833900446802569	0.0	0.9990226193800614	0.4341664339569953	0.9877129293493437	0.08084333984920414	0.9868751745322536	0.9975973223780839	0.24616029042166993	0.12454621614074281	0.08656799776598716	0.04600670203853672	CD1C;NKG7	VCAN;FCGR3A		0.0	0.0	0.0	0.0	0.0	0.833900446802569
vaccination_study_01	Myeloid_lineage	2	Basophil	3	7162	0.9793396029870376	0.9835241552638928	0.9835241552638929	0.2089937633808061	0.25453085730242947	0.4635246206832356	0.5199995345806574	0.5199995345806574	0.0	0.9835241552638928	0.9835241552638928	0.9835241552638928	0.0	0.9835241552638928	2.3239974663284837	0.45699525272270314	0.16061621520990413	0.5656241273387322	0.5656241273387322	CD3D;MS4A1;LST1	FCER1A		0.0	0.0	0.0	0.0	0.0	0.5199995345806574
vaccination_study_01	Myeloid_lineage	2	Conventional DC 2	4	7162	0.7886710026888546	0.7886710026888546	0.7079194598223092	0.45517360141487484	0.17437866517732475	0.6	0.10791945982230922	0.10791945982230922	0.0	0.9991622451829097	0.590570604114307	0.5749790561295728	0.012845573862049707	0.5656241273387322	1.5317616147709456	0.9652331750907568	0.4017499767290329	0.45783300753979334	0.24685841943591175	LILRA4;S100A8;S100A9	FCN1;LST1		0.0	0.0	0.001117006422786931	0.00013962580284836637	0.0	0.10984629590161667
vaccination_study_01	Myeloid_lineage	2	Classical Monocyte	5	7162	0.431509078953365	0.431509078953365	0.17997765987154427	0.02842688262124174	0.44409382853951407	0.4725207111607558	0.0	0.0	0.0	0.9819882714325607	0.2533161128176487	0.17997765987154427	0.029042166992460205	0.09899469421949177	0.21098450030709692	0.06087685004188774	0.024062180024201806	0.9868751745322536	0.9868751745322536	FCGR3A;MS4A7;CD1C	HLA-DRA		0.0	0.0	0.0015358838313320302	0.0015358838313320302	0.0	0.003993297961463279
vaccination_study_01	Myeloid_lineage	2	Non-Classical Monocyte	6	7162	0.30999221990012826	0.30999221990012826	0.07372242390393745	0.11115191287349901	0.10734780787489528	0.2184997207483943	0.0	0.0	0.0	0.6572186540072605	0.16117471842129757	0.07372242390393745	0.020245741413013125	0.03574420552918179	0.1342915585427184	0.24727729684445685	0.07812063669366098	0.2793912314995811	0.15686958950013963	S100A8;S100A9;VCAN;CD1C	NKG7;GNLY		0.0	0.0	0.0	0.0006981290142418319	0.0	0.0006981290142418319
vaccination_study_01	Myeloid_lineage	2	Eosinophil	7	7162	0.47075789240675275	0.47075789240675275	0.008377548170901982	0.06636972912594248	0.0	0.06636972912594248	0.0	0.0	0.0	0.004188774085450991	0.004188774085450991	0.004188774085450991	0.004188774085450991	0.004188774085450991	0.09629790757634406	0.14507120915945268	0.05110304384250209	0.0	0.0	S100A8;CD3D;MS4A1			0.0	0.0	0.0	0.0	0.0	0.0
vaccination_study_01	Myeloid_lineage	2	Neutrophil	8	7162	0.3517907250792659	0.3517907250792659	0.21125383970957834	0.0994107791119799	0.17437866517732475	0.27378944428930463	0.0	0.0	0.0	0.7109745881038816	0.2509773806199386	0.21125383970957834	0.03630270874057526	0.14856185423066182	0.24469329345337268	0.2164199944149679	0.07805082379223681	0.45783300753979334	0.24685841943591175	CD3D;MS4A1;CD79A	FCN1;LST1		0.0	0.0	0.0	0.0	0.0	0.0
vaccination_study_01	Myeloid_lineage	2	Mast Cell	9	7162	0.5000016276359565	0.5000016276359565	0.0	0.2089937633808061	0.0	0.2089937633808061	0.0	0.0	0.0	0.0	0.0	0.0	0.0	0.0	1.0	0.45699525272270314	0.16061621520990413	0.0	0.0	CD3D;MS4A1;LST1			0.0	0.0	0.0	0.0	0.0	0.0
vaccination_study_01	Myeloid_lineage	2	Conventional DC 1	10	7162	0.9736892647642857	0.9736892647642857	0.04635576654565764	0.28081169133389183	0.44409382853951407	0.6	0.0	0.0	0.0	0.9952527227031556	0.3558596295262031	0.02317788327282882	0.02317788327282882	0.02317788327282882	0.1272881384711634	0.6090477520245742	0.2244252071116076	0.9868751745322536	0.9868751745322536	CD1C;FCER1A;S100A8	HLA-DRA		0.0	0.0	0.0	0.0	0.0	0.0
vaccination_study_01	Myeloid_lineage	3	Classical Monocyte	1	32976	0.7327242719584367	0.9327996118389131	1.0	0.2076093724729096	0.4289983624454148	0.6	0.4	0.4	0.0	0.9986960213488598	0.6902254670063076	0.9327996118389131	0.6903505579815623	0.8360625909752547	1.0470499801295456	0.4395317806889859	0.18448770823224972	0.9533296943231441	0.9533296943231441	FCGR3A;MS4A7;CD1C	HLA-DRA		0.0	0.0	0.985322658903445	0.9888706938379428	0.0	2.9653869480834545
vaccination_study_01	Myeloid_lineage	3	Intermediate Monocyte	2	32976	0.7056485478231997	0.9704633672974284	1.0	0.31944110868510434	0.242569596069869	0.5620107047549734	0.4379892952450266	0.4379892952450266	0.0	0.9980591945657448	0.6892386382015202	0.9704633672974284	0.6172367782629792	0.9533296943231441	0.9803497590670546	0.6263646288209607	0.3701024987869966	0.6163573508005823	0.3844159388646289	CD1C;NKG7	VCAN;FCGR3A		0.0	0.0	0.03793668122270742	0.0	0.0	0.4986879852013585
vaccination_study_01	Myeloid_lineage	3	Neutrophil	3	32976	0.7527702363978463	0.9663391557496361	1.0	0.2549799854439593	0.33558724526928674	0.590567230713246	0.409432769286754	0.409432769286754	0.0	0.97831756428918	0.6204133309073265	0.9663391557496361	0.7848131974769529	0.9150897622513343	1.0797717402846112	0.5301431344007763	0.24329815623483744	0.8109837457544881	0.6152808102862688	CD3D;MS4A1;CD79A	FCN1;LST1		0.0	0.0	0.00015162542455118873	0.0002729257641921397	0.0	0.409948295730228
vaccination_study_01	Myeloid_lineage	3	Conventional DC 2	4	32976	0.8434263038991647	0.8434263038991647	0.5103487645798304	0.5	0.33558724526928674	0.6	0.0	0.0	0.0	0.9972707423580786	0.5717744218017143	0.4555737506065017	0.10568292091217855	0.29084788937409023	1.2191000558933145	0.9686438622028142	0.6242823063237911	0.8109837457544881	0.6152808102862688	LILRA4;S100A8;S100A9	FCN1;LST1		0.0	0.0	0.14486293061620573	0.14301310043668122	0.0	0.37479378942261043
vaccination_study_01	Myeloid_lineage	3	Plasmacytoid DC	5	32976	0.8200990253715893	0.8200990253715893	0.48116812227074235	0.4453278748180495	0.07857684376516254	0.523904718583212	0.0	0.0	0.0	0.7939713731198448	0.2627928536771332	0.48116812227074235	0.11863173216885008	0.3467976710334789	0.7488908787179703	0.9310104318292092	0.41610868510431825	0.2208272683163513	0.08219108846838104	CD3D;MS4A1;CD1C;FCN1;S100A8	MZB1;XBP1;PRDM1		0.0	0.0	0.10262008733624454	0.10304463852498787	0.0	0.26723677826297915
vaccination_study_01	Myeloid_lineage	3	Conventional DC 1	6	32976	0.3084305031999323	0.3084305031999323	0.10231683648714217	0.4289758207989649	0.4289983624454148	0.6	0.0	0.0	0.0	0.33776079573022805	0.12365558790231279	0.051158418243571084	0.051158418243571084	0.051158418243571084	0.23463646387713807	0.8794274623968947	0.4308790231279314	0.9533296943231441	0.9533296943231441	CD1C;FCER1A;S100A8	HLA-DRA		0.0	0.0	0.062257399320718096	0.06210577389616691	0.0	0.16171761280931585
vaccination_study_01	Myeloid_lineage	3	Non-Classical Monocyte	7	32976	0.6447733354167073	0.6447733354167073	0.3714519650655022	0.5	0.36366675764192136	0.6	0.0	0.0	0.0	0.837245269286754	0.279041322982371	0.3714519650655022	0.0647440562833576	0.2519711305191655	0.6118525540613228	0.9757096069868996	0.6084349223677827	0.8719068413391557	0.6806313682678311	S100A8;S100A9;VCAN;CD1C	NKG7;GNLY		0.0	0.0	0.006277292576419214	0.042909995147986414	0.0	0.052953663270257155
vaccination_study_01	Myeloid_lineage	3	Eosinophil	8	32976	0.47075789240675275	0.47075789240675275	0.06713973799126638	0.4309249150897623	0.0	0.4309249150897623	0.0	0.0	0.0	0.03356986899563319	0.03356986899563319	0.03356986899563319	0.03356986899563319	0.03356986899563319	0.2957047023503682	0.8786693352741388	0.4410480349344978	0.0	0.0	S100A8;CD3D;MS4A1			0.0	0.0	0.0	0.0	0.0	0.0
vaccination_study_01	Myeloid_lineage	3	Basophil	9	32976	0.3790031706348431	0.3790031706348431	0.14440805434255216	0.3674444040109979	0.13088155021834058	0.4983259542293385	0.0	0.0	0.0	0.14440805434255216	0.14440805434255216	0.14440805434255216	0.0	0.14440805434255216	0.36118289139883925	0.7496664240659874	0.37532346757237584	0.29084788937409023	0.29084788937409023	CD3D;MS4A1;LST1	FCER1A		0.0	0.0	0.0	0.0	0.0	0.0
vaccination_study_01	Myeloid_lineage	3	Mast Cell	10	32976	0.5000016276359565	0.5000016276359565	0.0	0.3674444040109979	0.0	0.3674444040109979	0.0	0.0	0.0	0.0	0.0	0.0	0.0	0.0	1.0	0.7496664240659874	0.37532346757237584	0.0	0.0	CD3D;MS4A1;LST1			0.0	0.0	0.0	0.0	0.0	0.0
vaccination_study_01	Myeloid_lineage	4	Classical Monocyte	1	14920	0.9051267277355677	0.999597855227882	1.0	0.33937935656836465	0.43935321715817693	0.6	0.4	0.4	0.0	1.0	0.9710455764075067	0.999597855227882	0.9953083109919572	0.9940348525469169	1.1212344606223723	0.7067694369973191	0.32184986595174264	0.9763404825737265	0.9763404825737265	FCGR3A;MS4A7;CD1C	HLA-DRA		0.0	0.0	0.9972520107238606	0.9961796246648793	0.0	2.9917828418230563
vaccination_study_01	Myeloid_lineage	4	Intermediate Monocyte	2	14920	0.8495055241964362	0.9977882037533512	1.0	0.13383310991957106	0.39002010723860586	0.5238532171581769	0.4761467828418231	0.4761467828418231	0.0	0.9996648793565683	0.9204982126899018	0.9977882037533512	0.9778820375335121	0.9939008042895442	1.0076714293401106	0.26742627345844505	0.1464142091152815	0.996313672922252	0.6075067024128686	CD1C;NKG7	VCAN;FCGR3A		0.0	0.0	0.05355227882037533	0.0	0.0	0.5618304289544236
vaccination_study_01	Myeloid_lineage	4	Neutrophil	3	14920	0.909749213851833	0.9920911528150134	1.0	0.03704512957998213	0.4441890080428954	0.48123413762287753	0.5187658623771225	0.5187658623771225	0.0	1.0	0.9849865951742627	0.9920911528150134	0.9689678284182306	0.9868632707774799	1.108251883197385	0.07962466487935657	0.030853440571939228	0.9957774798927614	0.9697050938337801	CD3D;MS4A1;CD79A	FCN1;LST1		0.0	0.0	6.702412868632708e-05	6.702412868632708e-05	0.0	0.518940125111707
vaccination_study_01	Myeloid_lineage	4	Non-Classical Monocyte	4	14920	0.6934331399701816	0.7421581769436997	0.7937753815778956	0.5	0.10319537533512065	0.6	0.19377538157789564	0.19377538157789564	0.0	0.9638739946380697	0.504177837354781	0.7421581769436997	0.34323056300268096	0.6400804289544236	1.2064688185367838	0.9995308310991957	0.7648961126005362	0.26266756032171584	0.16263404825737265	S100A8;S100A9;VCAN;CD1C	NKG7;GNLY		0.0	0.0	0.04544235924932976	0.09195710455764075	0.0	0.358440260934464
vaccination_study_01	Myeloid_lineage	4	Eosinophil	5	14920	0.47075789240675275	0.47075789240675275	0.6896624153169181	0.44724307417336906	0.0	0.44724307417336906	0.24241934114354902	0.24241934114354902	0.0	0.24959785522788203	0.24959785522788203	0.24959785522788203	0.24959785522788203	0.24959785522788203	1.761866819444616	0.9752680965147453	0.34836907953529933	0.0	0.0	S100A8;CD3D;MS4A1			0.0	0.0	0.0	0.0	0.0	0.24241934114354902
vaccination_study_01	Myeloid_lineage	4	Plasmacytoid DC	6	14920	0.46276050313482686	0.7304289544235925	0.762664539941121	0.47321876675603214	0.2577915549597855	0.6	0.16266453994112107	0.16266453994112107	0.0	0.8355227882037534	0.22440635771734965	0.7304289544235925	0.28210455764075065	0.5577077747989276	1.1289423420701143	0.997117962466488	0.4286997319034852	0.7034182305630027	0.31177390527256477	CD3D;MS4A1;CD1C;FCN1;S100A8	MZB1;XBP1;PRDM1		0.0	0.0	0.0007372654155495978	0.0007372654155495978	0.0	0.16458143002155
vaccination_study_01	Myeloid_lineage	4	Basophil	7	14920	0.7786553448309537	0.7786553448309537	0.5577077747989276	0.4344678284182306	0.020931635388739944	0.45539946380697055	0.10230831099195709	0.10230831099195709	0.0	0.5577077747989276	0.5577077747989276	0.5577077747989276	0.0	0.5577077747989276	1.3279510349672903	0.9471849865951742	0.3388069705093834	0.04651474530831099	0.04651474530831099	CD3D;MS4A1;LST1	FCER1A		0.0	0.0	0.0	0.0	0.0	0.10230831099195709
vaccination_study_01	Myeloid_lineage	4	Conventional DC 2	8	14920	0.6579799735671921	0.6579799735671921	0.24095174262734584	0.5	0.4441890080428954	0.6	0.0	0.0	0.0	0.9977882037533512	0.5393208221626452	0.24095174262734584	0.048726541554959785	0.14758713136729223	0.6571145453646836	0.9921581769436997	0.6577971403038427	0.9957774798927614	0.9697050938337801	LILRA4;S100A8;S100A9	FCN1;LST1		0.0	0.0	0.012801608579088472	0.010924932975871314	0.0	0.03140750670241287
vaccination_study_01	Myeloid_lineage	4	Conventional DC 1	9	14920	0.6677466031237589	0.6677466031237589	0.24812332439678284	0.4532184986595174	0.43935321715817693	0.6	0.0	0.0	0.0	0.6941689008042895	0.2960679177837355	0.12406166219839142	0.12406166219839142	0.12406166219839142	0.5143323726007016	0.9755361930294906	0.37506702412868637	0.9763404825737265	0.9763404825737265	CD1C;FCER1A;S100A8	HLA-DRA		0.0	0.0	0.0003351206434316354	0.0003351206434316354	0.0	0.0008713136729222521
vaccination_study_01	Myeloid_lineage	4	Mast Cell	10	14920	0.5000016276359565	0.5000016276359565	0.0	0.4344678284182306	0.0	0.4344678284182306	0.0	0.0	0.0	0.0	0.0	0.0	0.0	0.0	1.0	0.9471849865951742	0.3388069705093834	0.0	0.0	CD3D;MS4A1;LST1			0.0	0.0	0.0	0.0	0.0	0.0
vaccination_study_01	Myeloid_lineage	5	Conventional DC 2	1	10407	0.97329049395496	0.9767464206783896	1.0	0.38813747157362033	0.42380368982415684	0.6	0.4	0.4	0.0	0.9999039108292496	0.9427148393709363	0.9767464206783896	0.9347554530604401	0.9202459882771211	2.5837853079871502	0.7842798116652253	0.4095961051856123	0.9903910829249544	0.8445757663111367	LILRA4;S100A8;S100A9	FCN1;LST1		0.0	0.0	0.9742481022388777	0.919573364081868	0.0	2.878370327664072
vaccination_study_01	Myeloid_lineage	5	Classical Monocyte	2	10407	0.6447424103335352	0.7890122033246854	1.0	0.4576477371000288	0.4497837993658114	0.6	0.4	0.4	0.0	0.9995195541462477	0.7890122033246854	0.7763044104929374	0.5673104641106947	0.705678869991352	0.8732502718966684	0.9330258479869319	0.468626885749976	0.9995195541462477	0.9995195541462477	FCGR3A;MS4A7;CD1C	HLA-DRA		0.0	0.0	0.06495627942730854	0.06120880176804074	0.0	0.5651388488517344
vaccination_study_01	Myeloid_lineage	5	Conventional DC 1	3	10407	0.7864411414285435	0.7864411414285435	1.0	0.5	0.4497837993658114	0.6	0.4	0.4	0.0	0.9300470836936677	0.5544985746773006	0.5966176611895839	0.5966176611895839	0.5966176611895839	2.3273104019806117	0.973479388872874	0.7528266231062425	0.9995195541462477	0.9995195541462477	CD1C;FCER1A;S100A8	HLA-DRA		0.0	0.0	0.021427885077351782	0.01479773229557029	0.0	0.44908234841933314
vaccination_study_01	Myeloid_lineage	5	Plasmacytoid DC	4	10407	0.5579959243995651	0.8980493898337657	1.0	0.4596529259152493	0.2399778994907274	0.6	0.4	0.4	0.0	0.9673296819448448	0.36074620104599925	0.8980493898337657	0.4888056116075718	0.736427404631498	1.384515555138325	0.9649274526760834	0.42263860862880753	0.6624387431536466	0.2749751769642228	CD3D;MS4A1;CD1C;FCN1;S100A8	MZB1;XBP1;PRDM1		0.0	0.0	0.008167579513788796	0.008263668684539252	0.0	0.42133179590660136
vaccination_study_01	Myeloid_lineage	5	Intermediate Monocyte	5	10407	0.7250776382351218	0.9995195541462477	1.0	0.4778668204093399	0.2180887863937734	0.6	0.4	0.4	0.0	0.9999039108292496	0.7647256654175075	0.9995195541462477	0.847986931872778	0.9995195541462477	1.0094025791180112	0.9268761410589027	0.571154030940713	0.575574132795234	0.3027769770346882	CD1C;NKG7	VCAN;FCGR3A		0.0	0.0	0.0003843566830018257	0.0	0.0	0.40061497069280294
vaccination_study_01	Myeloid_lineage	5	Neutrophil	6	10407	0.6385541384271828	0.7614105890266167	0.8307869703084463	0.04204157458121136	0.42380368982415684	0.4658452644053682	0.36494170590307806	0.36494170590307806	0.0	0.9981743057557413	0.7611463438070529	0.7614105890266167	0.41539348515422314	0.732199481118478	0.8531332061016312	0.09051599884692996	0.03475225008808174	0.9903910829249544	0.8445757663111367	CD3D;MS4A1;CD79A	FCN1;LST1		0.0	0.0	0.0	0.0	0.0	0.36494170590307806
vaccination_study_01	Myeloid_lineage	5	Non-Classical Monocyte	7	10407	0.6563441994309784	0.6563441994309784	0.6395479816369138	0.5	0.1133395791294321	0.6	0.039547981636913865	0.039547981636913865	0.0	0.9916402421447102	0.5324621248518625	0.6320745651965024	0.19842413759969252	0.4551744018449121	1.0298936657616458	0.9741520130681273	0.6547275872009225	0.2941289516671471	0.16733929086191984	S100A8;S100A9;VCAN;CD1C	NKG7;GNLY		0.0	0.0	0.004420101854520996	0.004324012683770539	0.0	0.050944157287918
vaccination_study_01	Myeloid_lineage	5	Basophil	8	10407	0.7731173134891958	0.7731173134891958	0.6301527817814933	0.4514326895358893	0.4141106947247045	0.6	0.030152781781493276	0.030152781781493276	0.0	0.6301527817814933	0.6301527817814933	0.6301527817814933	0.0	0.6301527817814933	1.4974104404418485	0.9848179110214279	0.35091765158066685	0.9202459882771211	0.9202459882771211	CD3D;MS4A1;LST1	FCER1A		0.0	0.0	0.0	0.0	0.0	0.030152781781493276
vaccination_study_01	Myeloid_lineage	5	Eosinophil	9	10407	0.47075789240675275	0.47075789240675275	0.23734025175362736	0.22029082989013807	0.0	0.22029082989013807	0.01704942186348929	0.01704942186348929	0.0	0.11867012587681368	0.11867012587681368	0.11867012587681368	0.11867012587681368	0.11867012587681368	0.8732723359255685	0.4805419429230326	0.17129496172448033	0.0	0.0	S100A8;CD3D;MS4A1			0.0	0.0	0.0	0.0	0.0	0.01704942186348929
vaccination_study_01	Myeloid_lineage	5	Mast Cell	10	10407	0.5000016276359565	0.5000016276359565	0.0	0.4514326895358893	0.0	0.4514326895358893	0.0	0.0	0.0	0.0	0.0	0.0	0.0	0.0	1.0	0.9848179110214279	0.35091765158066685	0.0	0.0	CD3D;MS4A1;LST1			0.0	0.0	0.0	0.0	0.0	0.0
vaccination_study_01	Myeloid_lineage	6	Classical Monocyte	1	10732	0.9263852809625188	1.0	1.0	0.3204012920859734	0.44945490122996645	0.6	0.4	0.4	0.0	1.0	0.9731410734252701	1.0	0.9978568766306374	0.9972978009690645	1.121681072681147	0.6709839731643682	0.29739719219778854	0.9987886693999255	0.9987886693999255	FCGR3A;MS4A7;CD1C	HLA-DRA		0.0	0.0	0.9882594111069698	0.9960864703689899	0.0	2.9773015281401416
vaccination_study_01	Myeloid_lineage	6	Intermediate Monocyte	2	10732	0.9475347825803889	0.9997204621692136	1.0	0.09118803578084234	0.3849166045471487	0.47610464032799105	0.523895359672009	0.523895359672009	0.0	1.0	0.93037955025469	0.9997204621692136	0.997018263138278	0.9987886693999255	1.009603463861367	0.1831904584420425	0.09807118896757361	0.9819232202758107	0.6022642564293701	CD1C;NKG7	VCAN;FCGR3A		0.0	0.0	0.17266120014908684	0.0	0.0	0.800153279910548
vaccination_study_01	Myeloid_lineage	6	Neutrophil	3	10732	0.9316327792860537	0.9997204621692136	1.0	0.026200770282022612	0.4486372530749161	0.4748380233569387	0.5251619766430613	0.5251619766430613	0.0	1.0	0.9862094670145359	0.9997204621692136	0.995527394707417	0.9993477450614984	1.1166894354455372	0.05553484904957137	0.02317058019629768	0.9987886693999255	0.99333768169959	CD3D;MS4A1;CD79A	FCN1;LST1		0.0	0.0	0.0	0.0	0.0	0.5251619766430613
vaccination_study_01	Myeloid_lineage	6	Non-Classical Monocyte	4	10732	0.8173418100613945	0.8173418100613945	0.7204301202209437	0.5	0.07112141259783825	0.5711214125978382	0.14930870762310544	0.14930870762310544	0.0	0.9964591874767051	0.5271928189837247	0.6898061871039881	0.26202012672381664	0.6018449496831905	1.1224957324678222	0.9999068207230712	0.7540532985464032	0.1865449124114797	0.10105292582929556	S100A8;S100A9;VCAN;CD1C	NKG7;GNLY		0.0	0.0	0.03829668281774133	0.19297428251956764	0.0	0.4035576826510592
vaccination_study_01	Myeloid_lineage	6	Eosinophil	5	10732	0.47075789240675275	0.47075789240675275	0.8372158032053671	0.45495962231333087	0.0	0.45495962231333087	0.3822561808920363	0.3822561808920363	0.0	0.2936079016026836	0.2936079016026836	0.2936079016026836	0.2936079016026836	0.2936079016026836	2.0605589652711487	0.9959001118151323	0.34780718101627534	0.0	0.0	S100A8;CD3D;MS4A1			0.0	0.0	0.0	0.0	0.0	0.3822561808920363
vaccination_study_01	Myeloid_lineage	6	Plasmacytoid DC	6	10732	0.5390502418667031	0.6771338054416698	0.6890544269261312	0.47207007081625046	0.25528326500186355	0.6	0.08905442692613119	0.08905442692613119	0.0	0.9025344763324636	0.25511154890580906	0.6771338054416698	0.24711144241520686	0.5033544539694372	1.0476824859378453	0.9998136414461424	0.4188222139396198	0.6920424897502795	0.31780345384519815	CD3D;MS4A1;CD1C;FCN1;S100A8	MZB1;XBP1;PRDM1		0.0	0.0	0.0013976891539321655	0.0013976891539321655	0.0	0.09268841872635482
vaccination_study_01	Myeloid_lineage	6	Conventional DC 2	7	10732	0.7540047982707996	0.7540047982707996	0.20070816250465898	0.5	0.4486372530749161	0.6	0.0	0.0	0.0	0.9996272828922848	0.5399583799229718	0.20070816250465898	0.03689899366380917	0.16362281028699216	0.5517371465895099	0.9997204621692136	0.6707044353335818	0.9987886693999255	0.99333768169959	LILRA4;S100A8;S100A9	FCN1;LST1		0.0	0.0	0.0286992172940738	0.02814014163250093	0.0	0.07405888930301902
vaccination_study_01	Myeloid_lineage	6	Conventional DC 1	8	10732	0.7827065307265115	0.7827065307265115	0.3490495713753261	0.4576214436575972	0.44945490122996645	0.6	0.0	0.0	0.0	0.8379612374207976	0.36529382531991555	0.17452478568766305	0.17452478568766305	0.17452478568766305	0.7079359547692563	0.9961796496459188	0.3594235308734004	0.9987886693999255	0.9987886693999255	CD1C;FCER1A;S100A8	HLA-DRA		0.0	0.0	0.0006522549385016772	0.0006522549385016772	0.0	0.0016958628401043609
vaccination_study_01	Myeloid_lineage	6	Basophil	9	10732	0.3790031706348431	0.40915020499440924	0.40915020499440924	0.4520027332587899	0.013040439806187104	0.465043173064977	0.0	0.0	0.0	0.40915020499440924	0.40915020499440924	0.40915020499440924	0.0	0.40915020499440924	0.9804532776149133	0.9893775624301155	0.3456329978879364	0.02897875512486023	0.02897875512486023	CD3D;MS4A1;LST1	FCER1A		0.0	0.0	0.0	0.0	0.0	0.0
vaccination_study_01	Myeloid_lineage	6	Mast Cell	10	10732	0.5000016276359565	0.5000016276359565	0.0	0.4520027332587899	0.0	0.4520027332587899	0.0	0.0	0.0	0.0	0.0	0.0	0.0	0.0	1.0	0.9893775624301155	0.3456329978879364	0.0	0.0	CD3D;MS4A1;LST1			0.0	0.0	0.0	0.0	0.0	0.0
vaccination_study_01	Myeloid_lineage	7	Conventional DC 2	1	5053	0.9739252719779683	0.9739252719779683	1.0	0.3455452206609935	0.3899762517316445	0.6	0.4	0.4	0.0	1.0	0.8023286496470744	0.7138333663170394	0.6299228181278449	0.614684345933109	1.89535019142513	0.7092816148822482	0.3455373045715417	0.9491391252721155	0.7015634276667326	LILRA4;S100A8;S100A9	FCN1;LST1		0.0	0.0	0.6827627152186819	0.6495151395210765	0.0	2.141935483870968
vaccination_study_01	Myeloid_lineage	7	Conventional DC 1	2	5053	0.8614426063009043	0.8614426063009043	1.0	0.3890441321986939	0.44999999999999996	0.6	0.4	0.4	0.0	0.8937264991094399	0.5979286232601094	0.6069661587175935	0.6069661587175935	0.6069661587175935	2.3670127836992347	0.7280823273302989	0.5107856718780922	1.0	1.0	CD1C;FCER1A;S100A8	HLA-DRA		0.0	0.0	0.2962596477340194	0.2649910943993667	0.0	1.139006530773798
vaccination_study_01	Myeloid_lineage	7	Intermediate Monocyte	3	5053	0.7339303502021524	1.0	1.0	0.3410271126063724	0.12941321986938453	0.47044033247575695	0.5295596675242431	0.5295596675242431	0.0	1.0	0.6728346196978693	1.0	0.6158717593508807	1.0	1.0098829693015519	0.663764100534336	0.40362161092420346	0.34177716208193154	0.17920047496536712	CD1C;NKG7	VCAN;FCGR3A		0.0	0.0	0.0065307737977439145	0.0	0.0	0.5400089056006334
vaccination_study_01	Myeloid_lineage	7	Neutrophil	4	5053	0.5709030775340664	0.6669305363150604	0.6669305363150604	0.03913846559799459	0.3899762517316445	0.42911471732963913	0.23781581898542126	0.23781581898542126	0.0	0.9703146645557095	0.6121116168612706	0.6669305363150604	0.2810211755392836	0.6356619829804077	0.7486440126305264	0.08470215713437562	0.0315983903951448	0.9491391252721155	0.7015634276667326	CD3D;MS4A1;CD79A	FCN1;LST1		0.0	0.0	0.0	0.0	0.0	0.23781581898542126
vaccination_study_01	Myeloid_lineage	7	Plasmacytoid DC	5	5053	0.4705235128290266	0.6790025727290718	0.6916355280929753	0.33663882841876114	0.18735404710073222	0.5239928755194934	0.167642652573482	0.167642652573482	0.0	0.8737383732436177	0.26654604054168674	0.6790025727290718	0.24896101325944983	0.5549178705719374	1.0505318214556143	0.7211557490599644	0.28454383534533945	0.5264199485454185	0.19618708358071113	CD3D;MS4A1;CD1C;FCN1;S100A8	MZB1;XBP1;PRDM1		0.0	0.0	0.025133584009499308	0.025133584009499308	0.0	0.2329899709981802
vaccination_study_01	Myeloid_lineage	7	Classical Monocyte	6	5053	0.6141688965279269	0.6868939244013457	0.6764298436572334	0.33880598984101856	0.44999999999999996	0.6	0.07642984365723338	0.07642984365723338	0.0	1.0	0.6868939244013457	0.5404710073223827	0.3382149218286167	0.45873738373243617	0.6113395148249919	0.7045319612111617	0.3231083844580777	1.0	1.0	FCGR3A;MS4A7;CD1C	HLA-DRA		0.0	0.0	0.035226598060558084	0.03344547793390065	0.0	0.16623787848802696
vaccination_study_01	Myeloid_lineage	7	Eosinophil	7	5053	0.47075789240675275	0.47075789240675275	0.19988125865822284	0.15632297644963386	0.0	0.15632297644963386	0.04355828220858898	0.04355828220858898	0.0	0.09994062932911142	0.09994062932911142	0.09994062932911142	0.09994062932911142	0.09994062932911142	0.7461569617121268	0.34217296655452206	0.11953295072234317	0.0	0.0	S100A8;CD3D;MS4A1			0.0	0.0	0.0	0.0	0.0	0.04355828220858898
vaccination_study_01	Myeloid_lineage	7	Non-Classical Monocyte	8	5053	0.6224470530023373	0.6224470530023373	0.41955274094597267	0.423932317435187	0.09796160696615872	0.5218939244013457	0.0	0.0	0.0	0.9849594300415595	0.42483013391384655	0.41955274094597267	0.0854937660795567	0.321591133979814	0.6890066527949428	0.8450425489808034	0.4673461310112804	0.2543043736394221	0.1444686324955472	S100A8;S100A9;VCAN;CD1C	NKG7;GNLY		0.0	0.0	0.0033643380170195925	0.008707698396991885	0.0	0.014090639224223234
vaccination_study_01	Myeloid_lineage	7	Basophil	9	5053	0.3790031706348431	0.3790031706348431	0.3265386898871957	0.4324216636981331	0.2766079556698991	0.6	0.0	0.0	0.0	0.3265386898871957	0.3265386898871957	0.3265386898871957	0.0	0.3265386898871957	0.787212931336944	0.9467642984365723	0.33023286496470744	0.614684345933109	0.614684345933109	CD3D;MS4A1;LST1	FCER1A		0.0	0.0	0.0	0.0	0.0	0.0
vaccination_study_01	Myeloid_lineage	7	Mast Cell	10	5053	0.5000016276359565	0.5000016276359565	0.0	0.4324216636981331	0.0	0.4324216636981331	0.0	0.0	0.0	0.0	0.0	0.0	0.0	0.0	1.0	0.9467642984365723	0.33023286496470744	0.0	0.0	CD3D;MS4A1;LST1			0.0	0.0	0.0	0.0	0.0	0.0
vaccination_study_01	Myeloid_lineage	8	Classical Monocyte	1	14341	0.9636272192816266	0.9999302698556586	1.0	0.25385444994537804	0.43402831043860257	0.6	0.4	0.4	0.0	1.0	0.9835175371313019	0.9999302698556586	0.9993724287009275	0.999651349278293	1.1216036321038172	0.5478697440903703	0.20756339632289708	0.964507356530228	0.964507356530228	FCGR3A;MS4A7;CD1C	HLA-DRA		0.0	0.0	0.9995118889896102	0.9995118889896102	0.0	2.9987309113729865
vaccination_study_01	Myeloid_lineage	8	Intermediate Monocyte	2	14341	0.908621262134026	0.9980475559584409	1.0	0.08215117495293216	0.3795760407224043	0.4617272156753365	0.5382727843246635	0.5382727843246635	0.0	1.0	0.9054343025823396	0.9980475559584409	0.9693187364897845	0.9942123980196639	1.007930751493547	0.1660274736768705	0.086639704344188	0.9967226832159543	0.5370615717174535	CD1C;NKG7	VCAN;FCGR3A		0.0	0.0	0.015340631755107734	0.0	0.0	0.5628177951328359
vaccination_study_01	Myeloid_lineage	8	Neutrophil	3	14341	0.9608651210635625	0.9999302698556586	1.0	0.01675847802338284	0.4480911372986542	0.464849615322037	0.535150384677963	0.535150384677963	0.0	1.0	0.9926783348441531	0.9999302698556586	0.9993724287009275	0.999651349278293	1.1169214699894594	0.036538595634892965	0.013062780373288707	0.998605397113172	0.9900634544313507	CD3D;MS4A1;CD79A	FCN1;LST1		0.0	0.0	0.00027892057736559516	0.00027892057736559516	0.0	0.5358755781791136
vaccination_study_01	Myeloid_lineage	8	Eosinophil	4	14341	0.47075789240675275	0.47075789240675275	0.8544208911512446	0.4554508053831672	0.0	0.4554508053831672	0.39897008576807746	0.39897008576807746	0.0	0.3022104455756223	0.3022104455756223	0.3022104455756223	0.3022104455756223	0.3022104455756223	2.1189436417370975	0.999651349278293	0.34356042117007185	0.0	0.0	S100A8;CD3D;MS4A1			0.0	0.0	0.0	0.0	0.0	0.39897008576807746
vaccination_study_01	Myeloid_lineage	8	Non-Classical Monocyte	5	14341	0.6618976933143226	0.6618976933143226	0.5916602747367687	0.5	0.0779757339097692	0.5779757339097692	0.013684540826999547	0.013684540826999547	0.0	0.9917021128233735	0.3782511679799178	0.5916602747367687	0.1499198103340074	0.5031727215675337	0.9650687622272832	1.0	0.7593961369500035	0.20319364061083606	0.11345094484345583	S100A8;S100A9;VCAN;CD1C	NKG7;GNLY		0.0	0.0	0.005927062269018897	0.02015201171466425	0.0	0.04331985217209403
vaccination_study_01	Myeloid_lineage	8	Conventional DC 2	6	14341	0.6297030540961086	0.6297030540961086	0.11400878599818702	0.5	0.4480911372986542	0.6	0.0	0.0	0.0	0.9991632382679032	0.511366013527648	0.11400878599818702	0.009553029774771633	0.06205982846384492	0.32471572494091694	0.9999302698556586	0.6709434488529391	0.998605397113172	0.9900634544313507	LILRA4;S100A8;S100A9	FCN1;LST1		0.0	0.0	0.0012551425981451782	0.0011854124538037793	0.0	0.003193640610836064
vaccination_study_01	Myeloid_lineage	8	Plasmacytoid DC	7	14341	0.3652203493557817	0.48148664667735863	0.48148664667735863	0.4709096994630779	0.18768914301652606	0.6	0.0	0.0	0.0	0.6360783766822398	0.13408110611931826	0.48148664667735863	0.10382818492434279	0.33121818562164423	0.7493765373182499	0.9999302698556586	0.4133463496269437	0.5259744787671711	0.19931199590916485	CD3D;MS4A1;CD1C;FCN1;S100A8	MZB1;XBP1;PRDM1		0.0	0.0	0.00013946028868279758	0.00013946028868279758	0.0	0.0003625967505752737
vaccination_study_01	Myeloid_lineage	8	Conventional DC 1	8	14341	0.3084305031999323	0.3084305031999323	0.10794226344048533	0.457705878251168	0.43402831043860257	0.6	0.0	0.0	0.0	0.49313158078237224	0.18917788159821491	0.05397113172024266	0.05397113172024266	0.05397113172024266	0.24542753995496264	0.999651349278293	0.35381075238825743	0.964507356530228	0.964507356530228	CD1C;FCER1A;S100A8	HLA-DRA		0.0	0.0	6.973014434139879e-05	6.973014434139879e-05	0.0	0.00018129837528763686
vaccination_study_01	Myeloid_lineage	8	Basophil	9	14341	0.3790031706348431	0.3790031706348431	0.33121818562164423	0.44935592590009993	0.008974269576738025	0.45833019547683795	0.0	0.0	0.0	0.33121818562164423	0.33121818562164423	0.33121818562164423	0.0	0.33121818562164423	0.7981589522997306	0.9862631615647445	0.33898147502498666	0.019942821281640054	0.019942821281640054	CD3D;MS4A1;LST1	FCER1A		0.0	0.0	0.0	0.0	0.0	0.0
vaccination_study_01	Myeloid_lineage	8	Mast Cell	10	14341	0.5000016276359565	0.5000016276359565	0.0	0.44935592590009993	0.0	0.44935592590009993	0.0	0.0	0.0	0.0	0.0	0.0	0.0	0.0	1.0	0.9862631615647445	0.33898147502498666	0.0	0.0	CD3D;MS4A1;LST1			0.0	0.0	0.0	0.0	0.0	0.0
vaccination_study_01	Myeloid_lineage	9	Non-Classical Monocyte	1	12593	0.9435015006803519	0.9795918367346939	1.0	0.44182204399269437	0.13502739617247678	0.5768494401651711	0.42315055983482885	0.42315055983482885	0.0	0.9940443103311364	0.8683395537203209	0.9795918367346939	0.9250377193679028	0.9534662113872786	1.5873146509558165	0.901294369888033	0.45150083379655365	0.34233304216628285	0.21551655681727944	S100A8;S100A9;VCAN;CD1C	NKG7;GNLY		0.0	0.0	0.9804653378861272	0.9916620344635909	0.0	2.9835571349162233
vaccination_study_01	Myeloid_lineage	9	Classical Monocyte	2	12593	0.6755991327955624	0.9405225125069483	1.0	0.5	0.4235210037322322	0.6	0.4	0.4	0.0	0.9980941793059637	0.7945187802747558	0.9405225125069483	0.6371793853728261	0.9080441515127452	1.0556268430063096	0.9785595171920909	0.6384499325021837	0.9411577860716271	0.9411577860716271	FCGR3A;MS4A7;CD1C	HLA-DRA		0.0	0.0	0.10775827840863972	0.9969824505677758	0.0	1.5693956960215996
vaccination_study_01	Myeloid_lineage	9	Intermediate Monocyte	3	12593	0.6986757553858474	0.9894385769872152	1.0	0.15726752957992537	0.39563646470261254	0.5529039942825379	0.4470960057174621	0.4470960057174621	0.0	0.997935360914794	0.8715291564096456	0.9894385769872152	0.9573572619709362	0.9411577860716271	0.9993227700617491	0.31835146509965856	0.1649726038275232	0.9661716826808544	0.7052330659890416	CD1C;NKG7	VCAN;FCGR3A		0.0	0.0	0.07218295878662749	0.0	0.0	0.562588739776066
vaccination_study_01	Myeloid_lineage	9	Neutrophil	4	12593	0.6733888031667286	0.8641308663543238	0.9227348526959422	0.05077635723550121	0.438684189629159	0.48946054686466023	0.433274305831282	0.433274305831282	0.0	0.997855951719209	0.7106328912888112	0.8641308663543238	0.4613674263479711	0.8414198364170571	0.9667355869541084	0.10807591519097912	0.044125043013314276	0.9903914873342333	0.9437782895259271	CD3D;MS4A1;CD79A	FCN1;LST1		0.0	0.0	0.0	0.0	0.0	0.433274305831282
vaccination_study_01	Myeloid_lineage	9	Conventional DC 1	5	12593	0.6755665800764338	0.6755665800764338	1.0	0.22560523041901584	0.4235210037322322	0.6	0.4	0.4	0.0	0.7202414039545779	0.3493739908414728	0.5090129436988803	0.5090129436988803	0.5090129436988803	1.9912117630473667	0.49376637814658936	0.1726091214695995	0.9411577860716271	0.9411577860716271	CD1C;FCER1A;S100A8	HLA-DRA		0.0	0.0	0.0002382275867545462	0.0	0.0	0.4003811641388073
vaccination_study_01	Myeloid_lineage	9	Plasmacytoid DC	6	12593	0.43272980592068855	0.6610021440482808	0.6667737233166959	0.41867926625903285	0.15290637655840544	0.5715856428174383	0.09518808049925764	0.09518808049925764	0.0	0.8052886524259509	0.21322503431611664	0.6610021440482808	0.2120225522115461	0.46938775510204084	1.0230863170736604	0.9278964504089574	0.3003573413801318	0.42722147224648616	0.16493289922973078	CD3D;MS4A1;CD1C;FCN1;S100A8	MZB1;XBP1;PRDM1		0.0	0.0	0.0010323195426030333	0.000873501151433336	0.0	0.09771329291885583
vaccination_study_01	Myeloid_lineage	9	Basophil	7	12593	0.3790031706348431	0.46938775510204084	0.4693877551020409	0.45054501177903067	0.004609703803700469	0.45515471558273113	0.014233039519309765	0.014233039519309765	0.0	0.46938775510204084	0.46938775510204084	0.46938775510204084	0.0	0.46938775510204084	1.1213576663872096	0.9799888827126181	0.35522380158288996	0.010243786230445485	0.010243786230445485	CD3D;MS4A1;LST1	FCER1A		0.0	0.0	0.0	0.0	0.0	0.014233039519309765
vaccination_study_01	Myeloid_lineage	9	Conventional DC 2	8	12593	0.591186676823115	0.591186676823115	0.05598348288731835	0.42782286455438207	0.438684189629159	0.6	0.0	0.0	0.0	0.9902326689430636	0.4903914873342334	0.05598348288731835	0.006829190820296991	0.0311284046692607	0.17277706823285416	0.8651631858969269	0.45027660869795394	0.9903914873342333	0.9437782895259271	LILRA4;S100A8;S100A9	FCN1;LST1		0.0	0.0	0.0016675931072818232	0.0003176367823393949	0.0	0.0029857857539903124
vaccination_study_01	Myeloid_lineage	9	Eosinophil	9	12593	0.47075789240675275	0.47075789240675275	0.032875406972127375	0.24019111146404085	0.0	0.24019111146404085	0.0	0.0	0.0	0.016437703486063687	0.016437703486063687	0.016437703486063687	0.016437703486063687	0.016437703486063687	0.17943026730140715	0.5220360517747955	0.19007914449826624	0.0	0.0	S100A8;CD3D;MS4A1			0.0	0.0	0.0	0.0	0.0	0.0
vaccination_study_01	Myeloid_lineage	9	Mast Cell	10	12593	0.5000016276359565	0.5000016276359565	0.0	0.45054501177903067	0.0	0.45054501177903067	0.0	0.0	0.0	0.0	0.0	0.0	0.0	0.0	1.0	0.9799888827126181	0.35522380158288996	0.0	0.0	CD3D;MS4A1;LST1			0.0	0.0	0.0	0.0	0.0	0.0
