study	lineage	cluster	candidate_label	rank_within_cluster	n_cells	marker_pct	marker_decision_score	marker_base_score	negative_marker_penalty	confound_marker_penalty	marker_penalty	marker_discriminative_score	marker_gate_score	key_marker_bonus	marker_any_fraction	marker_mean_positive_fraction	key_marker_any_fraction	key_marker_two_fraction	key_marker_max_fraction	key_marker_enrichment	negative_marker_any_fraction	negative_marker_mean_positive_fraction	confound_marker_any_fraction	confound_marker_mean_positive_fraction	available_negative_markers	available_confound_markers	available_policy_required_markers	policy_required_any_fraction	policy_required_mean_positive_fraction	ref_fraction	raw_fraction	screfmapping_fraction	total_score
infection_study_01	Myeloid_lineage	0	Classical Monocyte	1	1533	0.8613174568494647	1.0	1.0	0.28463796477495107	0.4420743639921722	0.6	0.4	0.4	0.0	1.0	0.9818166992824526	1.0	0.9973907371167645	0.9967384213959556	1.0118304470398711	0.6268754076973255	0.21102413568166992	0.9823874755381604	0.9823874755381604	FCGR3A;MS4A7;CD1C;CLEC4C	HLA-DRA		0.0	0.0	0.9973907371167645	1.0	0.0	2.995825179386823
infection_study_01	Myeloid_lineage	0	Intermediate Monocyte	2	1533	0.8500473381399752	0.9986953685583823	1.0	0.09031963470319634	0.3884050880626223	0.4787247227658187	0.5212752772341813	0.5212752772341813	0.0	1.0	0.9087845183735596	0.9986953685583823	0.9752120026092629	0.9849967384213959	1.00849265646663	0.19765166340508805	0.06914546640574037	0.9849967384213959	0.6193737769080234	CD1C;CLEC4C;NKG7	VCAN;FCGR3A		0.0	0.0	0.26157860404435745	0.0	0.0	0.9398010437051533
infection_study_01	Myeloid_lineage	0	Neutrophil	3	1533	0.8493918869710874	0.9993476842791911	1.0	0.022865840400086972	0.4474070450097847	0.47027288540987167	0.5297271145901283	0.5297271145901283	0.0	1.0	0.6516634050880626	0.9993476842791911	0.9960861056751468	0.9986953685583823	1.011584353200841	0.0502283105022831	0.017177647314633615	0.9986953685583823	0.9853228962818004	CD3D;MS4A1;CD79A	FCN1;LST1		0.0	0.0	0.0019569471624266144	0.0019569471624266144	0.0	0.5348151772124375
infection_study_01	Myeloid_lineage	0	Non-Classical Monocyte	4	1533	0.8932707013327507	0.8932707013327507	0.6652952187615313	0.5	0.10288649706457924	0.6	0.06529521876153133	0.06529521876153133	0.0	0.9980430528375733	0.5494672754946728	0.6627527723418134	0.2700587084148728	0.5244618395303327	1.0101697856788716	1.0	0.7429876060013045	0.2694063926940639	0.1470971950424005	S100A8;S100A9;VCAN;CD1C	NKG7;GNLY		0.0	0.0	0.11611219830397912	0.2700587084148728	0.0	0.5211334444627707
infection_study_01	Myeloid_lineage	0	Conventional DC 2	5	1533	0.8015439516422693	0.8015439516422693	0.11219830397912589	0.4896803652968036	0.4474070450097847	0.6	0.0	0.0	0.0	0.9973907371167645	0.5113068058273537	0.11219830397912589	0.005218525766470972	0.08480104370515329	0.7190260937861044	0.9993476842791911	0.49967384213959554	0.9986953685583823	0.9853228962818004	CLEC4C;LILRA4;S100A8;S100A9	FCN1;LST1		0.0	0.0	0.011741682974559686	0.011741682974559686	0.0	0.030528375733855185
infection_study_01	Myeloid_lineage	0	Eosinophil	6	1533	0.42322117835554585	0.42322117835554585	0.40285653295152574	0.45434224831485104	0.0	0.45434224831485104	0.0	0.0	0.0	0.395955642530985	0.06838443139813002	0.3953033268101761	0.014350945857795172	0.3881278538812785	1.0302128245653985	0.9967384213959556	0.3435529462926723	0.0	0.0	S100A8;CD3D;MS4A1			0.0	0.0	0.0	0.0	0.0	0.0
infection_study_01	Myeloid_lineage	0	Basophil	7	1533	0.4769681742043551	0.4769681742043551	0.0006523157208088715	0.4495629484670581	0.002201565557729941	0.451764514024788	0.0	0.0	0.0	0.08284409654272668	0.01380734942378778	0.0006523157208088715	0.0	0.0006523157208088715	0.9463441198397167	0.9863013698630136	0.33985649054142203	0.005870841487279843	0.0029354207436399216	CD3D;MS4A1;LST1	CLEC4C;FCER1A		0.0	0.0	0.0	0.0	0.0	0.0
infection_study_01	Myeloid_lineage	0	Mast Cell	8	1533	0.49908054766586557	0.49908054766586557	0.0	0.4495629484670581	0.0	0.4495629484670581	0.0	0.0	0.0	0.0006523157208088715	0.00010871928680147858	0.0	0.0	0.0	0.952153110047847	0.9863013698630136	0.33985649054142203	0.0	0.0	CD3D;MS4A1;LST1			0.0	0.0	0.0	0.0	0.0	0.0
infection_study_01	Myeloid_lineage	0	Plasmacytoid DC	9	1533	0.40871021775544386	0.40871021775544386	0.22570123939986952	0.46992302674494457	0.2019569471624266	0.6	0.0	0.0	0.0	0.6138290932811481	0.10021200260926286	0.22570123939986952	0.021526418786692758	0.16568819308545335	0.912007517802334	1.0	0.4087410306588389	0.5649054142204827	0.21656881930854535	CD3D;MS4A1;CD1C;FCN1;S100A8	MZB1;XBP1;PRDM1		0.0	0.0	0.0	0.0	0.0	0.0
infection_study_01	Myeloid_lineage	0	Conventional DC 1	10	1533	0.7127667322117835	0.7127667322117835	0.11806914546640573	0.4354468362687541	0.4420743639921722	0.6	0.0	0.0	0.0	0.5414220482713633	0.11198086540552293	0.11806914546640573	0.0	0.11545988258317025	0.8266545555567545	0.9967384213959556	0.2576647097195042	0.9823874755381604	0.9823874755381604	CD1C;FCER1A;CLEC4C;S100A8	HLA-DRA		0.0	0.0	0.0	0.0	0.0	0.0
infection_study_01	Myeloid_lineage	1	Classical Monocyte	1	1505	0.8998070060447163	1.0	1.0	0.261249169435216	0.3259136212624585	0.5871627906976744	0.4128372093023256	0.4128372093023256	0.0	1.0	0.974501661129568	1.0	0.9993355481727575	1.0	1.0118304470398711	0.5867109634551495	0.17408637873754154	0.7242524916943521	0.7242524916943521	FCGR3A;MS4A7;CD1C;CLEC4C	HLA-DRA		0.0	0.0	0.9993355481727575	0.9993355481727575	0.0	3.011109634551495
infection_study_01	Myeloid_lineage	1	Neutrophil	2	1505	0.9080001456558153	1.0	1.0	0.0033133997785160575	0.4449169435215946	0.4482303433001107	0.5517696566998893	0.5517696566998893	0.0	1.0	0.6550387596899224	1.0	0.998671096345515	1.0	1.0122381144238517	0.007308970099667774	0.0024363233665559247	0.9966777408637874	0.9727574750830565	CD3D;MS4A1;CD79A	FCN1;LST1		0.0	0.0	0.019933554817275746	0.019933554817275746	0.0	0.6035968992248062
infection_study_01	Myeloid_lineage	1	Intermediate Monocyte	3	1505	0.7318294370402738	0.9926910299003322	1.0	0.06841638981173864	0.38347176079734213	0.4518881506090808	0.5481118493909192	0.5481118493909192	0.0	1.0	0.8497231450719823	0.9926910299003322	0.8199335548172757	0.9880398671096345	1.0024895244682783	0.15016611295681062	0.05160575858250277	0.9966777408637874	0.5631229235880398	CD1C;CLEC4C;NKG7	VCAN;FCGR3A		0.0	0.0	0.005980066445182724	0.0	0.0	0.5576799557032115
infection_study_01	Myeloid_lineage	1	Non-Classical Monocyte	4	1505	0.7134585973344986	0.7134585973344986	0.6722014673290295	0.5	0.06588039867109634	0.5658803986710963	0.10632106865793323	0.10632106865793323	0.0	0.988704318936877	0.4781838316722038	0.6677740863787376	0.24186046511627907	0.5435215946843854	1.0177095238011677	1.0	0.7546511627906977	0.173421926910299	0.09235880398671095	S100A8;S100A9;VCAN;CD1C	NKG7;GNLY		0.0	0.0	0.006644518272425249	0.009302325581395349	0.0	0.12625462347520897
infection_study_01	Myeloid_lineage	1	Conventional DC 2	5	1505	0.5368691282499454	0.5368691282499454	0.10764119601328903	0.4899269102990033	0.4449169435215946	0.6	0.0	0.0	0.0	0.9946843853820598	0.4516057585825027	0.10764119601328903	0.007973421926910298	0.09235880398671097	0.6922116501077621	1.0	0.49966777408637875	0.9966777408637874	0.9727574750830565	CLEC4C;LILRA4;S100A8;S100A9	FCN1;LST1		0.0	0.0	0.0033222591362126247	0.0033222591362126247	0.0	0.008637873754152824
infection_study_01	Myeloid_lineage	1	Eosinophil	6	1505	0.42322117835554585	0.42322117835554585	0.34418604651162793	0.4537718715393134	0.0	0.4537718715393134	0.0	0.0	0.0	0.34418604651162793	0.05902547065337763	0.34418604651162793	0.009966777408637873	0.3382059800664452	0.9002813035612973	1.0	0.33532668881506095	0.0	0.0	S100A8;CD3D;MS4A1			0.0	0.0	0.0	0.0	0.0	0.0
infection_study_01	Myeloid_lineage	1	Basophil	7	1505	0.4769681742043551	0.4769681742043551	0.000664451827242525	0.4344939091915836	0.0	0.4344939091915836	0.0	0.0	0.0	0.023255813953488372	0.003986710963455149	0.000664451827242525	0.0	0.000664451827242525	0.947422282866635	0.9574750830564784	0.3211517165005537	0.0	0.0	CD3D;MS4A1;LST1	CLEC4C;FCER1A		0.0	0.0	0.0	0.0	0.0	0.0
infection_study_01	Myeloid_lineage	1	Mast Cell	8	1505	0.49908054766586557	0.49908054766586557	0.0	0.4344939091915836	0.0	0.4344939091915836	0.0	0.0	0.0	0.000664451827242525	0.00011074197120708749	0.0	0.0	0.0	0.952153110047847	0.9574750830564784	0.3211517165005537	0.0	0.0	CD3D;MS4A1;LST1			0.0	0.0	0.0	0.0	0.0	0.0
infection_study_01	Myeloid_lineage	1	Plasmacytoid DC	9	1505	0.17773650863010707	0.2053156146179402	0.2053156146179402	0.46876013289036544	0.12574750830564782	0.5945076411960133	0.0	0.0	0.0	0.38272425249169434	0.058056478405315616	0.2053156146179402	0.007308970099667774	0.1893687707641196	0.8331286663225764	1.0	0.4034551495016611	0.3574750830564784	0.12336655592469546	CD3D;MS4A1;CD1C;FCN1;S100A8	MZB1;XBP1;PRDM1		0.0	0.0	0.0	0.0	0.0	0.0
infection_study_01	Myeloid_lineage	1	Conventional DC 1	10	1505	0.3425096496977642	0.3425096496977642	0.02524916943521595	0.43627906976744185	0.3259136212624585	0.6	0.0	0.0	0.0	0.4305647840531561	0.07729789590254706	0.02524916943521595	0.0	0.02524916943521595	0.227524642154005	1.0	0.2558139534883721	0.7242524916943521	0.7242524916943521	CD1C;FCER1A;CLEC4C;S100A8	HLA-DRA		0.0	0.0	0.0	0.0	0.0	0.0
infection_study_01	Myeloid_lineage	10	Classical Monocyte	1	809	0.7676243536523196	1.0	1.0	0.24942521631644005	0.44276885043263287	0.6	0.4	0.4	0.0	1.0	0.9811495673671199	1.0	0.9938195302843016	0.9962917181705809	1.0118304470398711	0.5599505562422744	0.1665636588380717	0.9839307787391842	0.9839307787391842	FCGR3A;MS4A7;CD1C;CLEC4C	HLA-DRA		0.0	0.0	0.9987639060568603	0.9950556242274413	0.0	2.9930778739184176
infection_study_01	Myeloid_lineage	10	Intermediate Monocyte	2	809	0.7986126283591872	0.9975278121137207	1.0	0.1415409971157808	0.37388751545117427	0.5154285125669551	0.4845714874330449	0.4845714874330449	0.0	1.0	0.9021425628347756	0.9975278121137207	0.9678615574783683	0.9839307787391842	1.0073253346595177	0.30902348578491967	0.1096003296250515	0.9765142150803461	0.5395550061804697	CD1C;CLEC4C;NKG7	VCAN;FCGR3A		0.0	0.0	0.06180469715698393	0.0	0.0	0.5834590028842193
infection_study_01	Myeloid_lineage	10	Neutrophil	3	809	0.799723253950914	1.0	1.0	0.028669138854552943	0.44517923362175527	0.47384837247630823	0.5261516275236917	0.5261516275236917	0.0	1.0	0.6481252575195716	1.0	0.9938195302843016	0.9975278121137207	1.0122381144238517	0.0630407911001236	0.021425628347754428	0.9950556242274413	0.9777503090234858	CD3D;MS4A1;CD79A	FCN1;LST1		0.0	0.0	0.0012360939431396785	0.0012360939431396785	0.0	0.5293654717758549
infection_study_01	Myeloid_lineage	10	Non-Classical Monocyte	4	809	0.7990131818512854	0.7990131818512854	0.5438813349814586	0.5	0.15945611866501855	0.6	0.0	0.0	0.0	0.9975278121137207	0.47301194890811704	0.5438813349814586	0.07787391841779975	0.5006180469715699	0.8316787569705747	1.0	0.7564894932014833	0.41285537700865266	0.2373300370828183	S100A8;S100A9;VCAN;CD1C	NKG7;GNLY		0.0	0.0	0.054388133498145856	0.08034610630407911	0.0	0.16736711990111247
infection_study_01	Myeloid_lineage	10	Conventional DC 2	5	809	0.8721324011361153	0.8721324011361153	0.17094764400202045	0.49054388133498145	0.44517923362175527	0.6	0.0	0.0	0.0	0.9987639060568603	0.5212196126905645	0.16440049443757726	0.012360939431396786	0.1161928306551298	1.0261885982577728	1.0	0.5024721878862793	0.9950556242274413	0.9777503090234858	CLEC4C;LILRA4;S100A8;S100A9	FCN1;LST1		0.0	0.0	0.00865265760197775	0.007416563658838072	0.0	0.021260815822002472
infection_study_01	Myeloid_lineage	10	Eosinophil	6	809	0.42322117835554585	0.42322117835554585	0.3016069221260816	0.45482488669138854	0.0	0.45482488669138854	0.0	0.0	0.0	0.3016069221260816	0.051709929954676555	0.3016069221260816	0.00865265760197775	0.3016069221260816	0.7920523375027493	0.9962917181705809	0.3465183353934899	0.0	0.0	S100A8;CD3D;MS4A1			0.0	0.0	0.0	0.0	0.0	0.0
infection_study_01	Myeloid_lineage	10	Basophil	7	809	0.4769681742043551	0.4769681742043551	0.0	0.4486608982282653	0.00046353522867737944	0.4491244334569427	0.0	0.0	0.0	0.030902348578491966	0.005356407086938607	0.0	0.0	0.0	0.8883928571428571	0.9826946847960445	0.34198599093531107	0.0012360939431396785	0.0006180469715698393	CD3D;MS4A1;LST1	CLEC4C;FCER1A		0.0	0.0	0.0	0.0	0.0	0.0
infection_study_01	Myeloid_lineage	10	Mast Cell	8	809	0.49908054766586557	0.49908054766586557	0.0	0.4486608982282653	0.0	0.4486608982282653	0.0	0.0	0.0	0.0012360939431396785	0.0002060156571899464	0.0	0.0	0.0	0.952153110047847	0.9826946847960445	0.34198599093531107	0.0	0.0	CD3D;MS4A1;LST1			0.0	0.0	0.0	0.0	0.0	0.0
infection_study_01	Myeloid_lineage	10	Plasmacytoid DC	9	809	0.3562195033136698	0.3562195033136698	0.20024721878862795	0.47115451174289247	0.20822002472187887	0.6	0.0	0.0	0.0	0.5006180469715699	0.08050061804697156	0.20024721878862795	0.0012360939431396785	0.15698393077873918	0.8135173349978021	1.0	0.4143386897404203	0.5772558714462299	0.23362175525339926	CD3D;MS4A1;CD1C;FCN1;S100A8	MZB1;XBP1;PRDM1		0.0	0.0	0.0	0.0	0.0	0.0
infection_study_01	Myeloid_lineage	10	Conventional DC 1	10	809	0.3425096496977642	0.3425096496977642	0.03955500618046971	0.4367181705809641	0.44276885043263287	0.6	0.0	0.0	0.0	0.4388133498145859	0.08240626287597856	0.03955500618046971	0.0	0.03955500618046971	0.3198652685667685	0.9962917181705809	0.2642150803461063	0.9839307787391842	0.9839307787391842	CD1C;FCER1A;CLEC4C;S100A8	HLA-DRA		0.0	0.0	0.0	0.0	0.0	0.0
infection_study_01	Myeloid_lineage	11	Classical Monocyte	1	734	0.828335518170563	0.9986376021798365	1.0	0.2918732970027248	0.44448228882833785	0.6	0.4	0.4	0.0	1.0	0.9838215258855586	0.9986376021798365	0.9931880108991825	0.9945504087193461	1.0104655801137106	0.6416893732970027	0.21832425068119893	0.9877384196185286	0.9877384196185286	FCGR3A;MS4A7;CD1C;CLEC4C	HLA-DRA		0.0	0.0	0.9877384196185286	0.9986376021798365	0.0	2.979019073569482
infection_study_01	Myeloid_lineage	11	Intermediate Monocyte	2	734	0.8802982302818441	1.0	1.0	0.10545867393278838	0.377350136239782	0.4828088101725704	0.5171911898274296	0.5171911898274296	0.0	1.0	0.9146230699364214	1.0	0.9877384196185286	0.9945504087193461	1.0097970257234727	0.22888283378746593	0.08401453224341508	0.9618528610354223	0.5919618528610354	CD1C;CLEC4C;NKG7	VCAN;FCGR3A		0.0	0.0	0.0653950953678474	0.0	0.0	0.6218233424159855
infection_study_01	Myeloid_lineage	11	Neutrophil	3	734	0.7696726385550943	1.0	1.0	0.021099000908265213	0.4485694822888283	0.46966848319709353	0.5303315168029065	0.5303315168029065	0.0	1.0	0.629654859218892	1.0	0.9918256130790191	1.0	1.0122381144238517	0.04632152588555858	0.01589464123524069	0.9986376021798365	0.9931880108991826	CD3D;MS4A1;CD79A	FCN1;LST1		0.0	0.0	0.0	0.0	0.0	0.5303315168029065
infection_study_01	Myeloid_lineage	11	Non-Classical Monocyte	4	734	0.7126119729080183	0.7126119729080183	0.6525885558583107	0.5	0.10718664850136239	0.6	0.05258855585831068	0.05258855585831068	0.0	0.9986376021798365	0.4863760217983652	0.6525885558583107	0.21525885558583105	0.5286103542234333	0.994907738744464	1.0	0.7588555858310627	0.28065395095367845	0.15326975476839239	S100A8;S100A9;VCAN;CD1C	NKG7;GNLY		0.0	0.0	0.04904632152588556	0.07084468664850137	0.0	0.20190735694822895
infection_study_01	Myeloid_lineage	11	Conventional DC 2	5	734	0.877284975602651	0.877284975602651	0.3605836396244262	0.4895504087193461	0.4485694822888283	0.6	0.0	0.0	0.0	1.0	0.5454132606721162	0.24114441416893734	0.051771117166212535	0.1444141689373297	1.4777569018219554	1.0	0.49795640326975477	0.9986376021798365	0.9931880108991826	CLEC4C;LILRA4;S100A8;S100A9	FCN1;LST1		0.0	0.0	0.04904632152588556	0.04904632152588556	0.0	0.12752043596730245
infection_study_01	Myeloid_lineage	11	Eosinophil	6	734	0.42322117835554585	0.42322117835554585	0.26975476839237056	0.4519255222524977	0.0	0.4519255222524977	0.0	0.0	0.0	0.27111716621253407	0.045867393278837425	0.26975476839237056	0.004087193460490463	0.26430517711171664	0.7110895249723048	0.9918256130790191	0.3410535876475931	0.0	0.0	S100A8;CD3D;MS4A1			0.0	0.0	0.0	0.0	0.0	0.0
infection_study_01	Myeloid_lineage	11	Basophil	7	734	0.4769681742043551	0.4769681742043551	0.003719224406383761	0.4519255222524977	0.017881471389645777	0.4698069936421435	0.0	0.0	0.0	0.051771117166212535	0.00862851952770209	0.0013623978201634877	0.0	0.0013623978201634877	1.009427306344881	0.9918256130790191	0.3410535876475931	0.047683923705722074	0.023841961852861037	CD3D;MS4A1;LST1	CLEC4C;FCER1A		0.0	0.0	0.0	0.0	0.0	0.0
infection_study_01	Myeloid_lineage	11	Mast Cell	8	734	0.49908054766586557	0.49908054766586557	0.021830958371902	0.4519255222524977	0.0	0.4519255222524977	0.0	0.0	0.0	0.0027247956403269754	0.00045413260672116256	0.0013623978201634877	0.0	0.0013623978201634877	1.081874242206954	0.9918256130790191	0.3410535876475931	0.0	0.0	CD3D;MS4A1;LST1			0.0	0.0	0.0	0.0	0.0	0.0
infection_study_01	Myeloid_lineage	11	Plasmacytoid DC	9	734	0.17773650863010707	0.17773650863010707	0.15940054495912806	0.4727574931880109	0.14856948228882833	0.6	0.0	0.0	0.0	0.4332425068119891	0.06335149863760217	0.15940054495912806	0.005449591280653951	0.11444141689373297	0.6554677901393445	0.9986376021798365	0.42397820163487737	0.42370572207084467	0.14305177111716622	CD3D;MS4A1;CD1C;FCN1;S100A8	MZB1;XBP1;PRDM1		0.0	0.0	0.0	0.0	0.0	0.0
infection_study_01	Myeloid_lineage	11	Conventional DC 1	10	734	0.7347516568348991	0.7347516568348991	0.11444141689373297	0.4402043596730245	0.44448228882833785	0.6	0.0	0.0	0.0	0.5926430517711172	0.12420526793823798	0.11444141689373297	0.0	0.11171662125340599	0.8032384677863399	0.9931880108991825	0.28542234332425065	0.9877384196185286	0.9877384196185286	CD1C;FCER1A;CLEC4C;S100A8	HLA-DRA		0.0	0.0	0.0	0.0	0.0	0.0
infection_study_01	Myeloid_lineage	12	Classical Monocyte	1	657	0.8607166266113174	1.0	1.0	0.15379756468797565	0.3657534246575342	0.5195509893455098	0.4804490106544902	0.4804490106544902	0.0	1.0	0.9453957382039573	1.0	0.9756468797564688	0.9969558599695586	1.0118304470398711	0.3485540334855403	0.09703196347031963	0.8127853881278538	0.8127853881278538	FCGR3A;MS4A7;CD1C;CLEC4C	HLA-DRA		0.0	0.0	1.0	1.0	0.0	3.0804490106544904
infection_study_01	Myeloid_lineage	12	Intermediate Monocyte	2	657	0.7569914791348045	0.9756468797564688	1.0	0.04483003551496702	0.35034246575342465	0.39517250126839165	0.6048274987316083	0.6048274987316083	0.0	1.0	0.8117706747843734	0.9756468797564688	0.7990867579908676	0.928462709284627	0.9854487995957462	0.0974124809741248	0.035514967021816335	0.9223744292237442	0.4908675799086758	CD1C;CLEC4C;NKG7	VCAN;FCGR3A		0.0	0.0	0.0121765601217656	0.0	0.0	0.6243099949264334
infection_study_01	Myeloid_lineage	12	Neutrophil	3	657	0.7731228606802126	0.9984779299847792	1.0	0.0055200405885337395	0.4332191780821918	0.4387392186707255	0.5612607813292745	0.5612607813292745	0.0	0.9984779299847792	0.5573313039066464	0.9984779299847792	0.9923896499238964	0.9969558599695586	1.0107126715701604	0.0121765601217656	0.004058853373921867	0.9802130898021308	0.9277016742770168	CD3D;MS4A1;CD79A	FCN1;LST1		0.0	0.0	0.0	0.0015220700152207	0.0	0.5627828513444952
infection_study_01	Myeloid_lineage	12	Non-Classical Monocyte	4	657	0.5916539217828272	0.5916539217828272	0.3439878234398782	0.5	0.03573059360730593	0.5357305936073059	0.0	0.0	0.0	0.9665144596651446	0.32597666159309996	0.3439878234398782	0.0319634703196347	0.2937595129375951	0.5315292904590339	1.0	0.7347792998477931	0.0943683409436834	0.04946727549467275	S100A8;S100A9;VCAN;CD1C	NKG7;GNLY		0.0	0.0	0.0091324200913242	0.0182648401826484	0.0	0.03287671232876712
infection_study_01	Myeloid_lineage	12	Conventional DC 2	5	657	0.6915920180613211	0.6915920180613211	0.0852359208523592	0.48891933028919327	0.4332191780821918	0.6	0.0	0.0	0.0	0.9954337899543378	0.4660071029934043	0.0852359208523592	0.0060882800608828	0.060882800608828	0.5603769441046564	0.9984779299847792	0.497716894977169	0.9802130898021308	0.9277016742770168	CLEC4C;LILRA4;S100A8;S100A9	FCN1;LST1		0.0	0.0	0.0015220700152207	0.0015220700152207	0.0	0.0039573820395738205
infection_study_01	Myeloid_lineage	12	Eosinophil	6	657	0.42322117835554585	0.42322117835554585	0.350076103500761	0.45217656012176566	0.0	0.45217656012176566	0.0	0.0	0.0	0.350076103500761	0.06012176560121765	0.350076103500761	0.0106544901065449	0.3470319634703196	0.9152528368457203	0.9969558599695586	0.3333333333333333	0.0	0.0	S100A8;CD3D;MS4A1			0.0	0.0	0.0	0.0	0.0	0.0
infection_study_01	Myeloid_lineage	12	Basophil	7	657	0.4769681742043551	0.4769681742043551	0.0	0.4204363267376966	0.0	0.4204363267376966	0.0	0.0	0.0	0.0121765601217656	0.0020294266869609334	0.0	0.0	0.0	0.8883928571428571	0.9269406392694064	0.3099949264332826	0.0	0.0	CD3D;MS4A1;LST1	CLEC4C;FCER1A		0.0	0.0	0.0	0.0	0.0	0.0
infection_study_01	Myeloid_lineage	12	Mast Cell	8	657	0.49908054766586557	0.49908054766586557	0.0	0.4204363267376966	0.0	0.4204363267376966	0.0	0.0	0.0	0.0	0.0	0.0	0.0	0.0	0.952153110047847	0.9269406392694064	0.3099949264332826	0.0	0.0	CD3D;MS4A1;LST1			0.0	0.0	0.0	0.0	0.0	0.0
infection_study_01	Myeloid_lineage	12	Plasmacytoid DC	9	657	0.17773650863010707	0.17773650863010707	0.0669710806697108	0.4661917808219178	0.08675799086757989	0.5529497716894977	0.0	0.0	0.0	0.182648401826484	0.024733637747336376	0.0669710806697108	0.0045662100456621	0.0593607305936073	0.29782704750675576	1.0	0.39178082191780816	0.2465753424657534	0.0852359208523592	CD3D;MS4A1;CD1C;FCN1;S100A8	MZB1;XBP1;PRDM1		0.0	0.0	0.0	0.0	0.0	0.0
infection_study_01	Myeloid_lineage	12	Conventional DC 1	10	657	0.3425096496977642	0.3425096496977642	0.0441400304414003	0.4353500761035008	0.3657534246575342	0.6	0.0	0.0	0.0	0.3028919330289193	0.054540842212075086	0.0441400304414003	0.0015220700152207	0.0426179604261796	0.34946046246638535	0.9969558599695586	0.2568493150684932	0.8127853881278538	0.8127853881278538	CD1C;FCER1A;CLEC4C;S100A8	HLA-DRA		0.0	0.0	0.0	0.0	0.0	0.0
infection_study_01	Myeloid_lineage	13	Classical Monocyte	1	651	0.9597079600903066	1.0	1.0	0.1385099846390169	0.382258064516129	0.5207680491551459	0.47923195084485415	0.47923195084485415	0.0	1.0	0.988479262672811	1.0	1.0	1.0	1.0118304470398711	0.31336405529953915	0.08832565284178187	0.8494623655913979	0.8494623655913979	FCGR3A;MS4A7;CD1C;CLEC4C	HLA-DRA		0.0	0.0	0.9984639016897081	0.9969278033794163	0.0	3.073701996927803
infection_study_01	Myeloid_lineage	13	Neutrophil	2	651	0.9547556623698201	1.0	1.0	0.019610855094726064	0.44815668202764974	0.4677675371223758	0.5322324628776243	0.5322324628776243	0.0	1.0	0.6492575524833589	1.0	1.0	1.0	1.0122381144238517	0.043010752688172046	0.0148489503328213	0.9984639016897081	0.9907834101382489	CD3D;MS4A1;CD79A	FCN1;LST1		0.0	0.0	0.047619047619047616	0.05069124423963134	0.0	0.6591141833077319
infection_study_01	Myeloid_lineage	13	Eosinophil	3	651	0.9639501857111645	0.9639501857111645	1.0	0.45547363031234	0.0	0.45547363031234	0.54452636968766	0.54452636968766	0.0	0.8648233486943164	0.17844342037890426	0.8632872503840245	0.20583717357910905	0.8617511520737328	2.2197491739228625	1.0	0.34306195596518174	0.0	0.0	S100A8;CD3D;MS4A1			0.0	0.0	0.0	0.0	0.0	0.54452636968766
infection_study_01	Myeloid_lineage	13	Intermediate Monocyte	4	651	0.7038453135241425	0.9969278033794163	1.0	0.36451612903225805	0.3788018433179724	0.6	0.4	0.4	0.0	1.0	0.8243727598566309	0.9969278033794163	0.8617511520737328	0.9953917050691244	1.006725446505747	0.8018433179723502	0.271889400921659	0.9953917050691244	0.5345622119815668	CD1C;CLEC4C;NKG7	VCAN;FCGR3A		0.0	0.0	0.006144393241167435	0.0	0.0	0.4098310291858679
infection_study_01	Myeloid_lineage	13	Conventional DC 2	5	651	0.4680103415628869	0.4680103415628869	0.05222734254992319	0.49042242703533023	0.44815668202764974	0.6	0.0	0.0	0.0	0.9907834101382489	0.4564772145417307	0.05222734254992319	0.0030721966205837174	0.04608294930875576	0.36615142422929375	1.0	0.5019201228878648	0.9984639016897081	0.9907834101382489	CLEC4C;LILRA4;S100A8;S100A9	FCN1;LST1		0.0	0.0	0.007680491551459293	0.007680491551459293	0.0	0.019969278033794162
infection_study_01	Myeloid_lineage	13	Non-Classical Monocyte	6	651	0.5999198893015804	0.5999198893015804	0.3225806451612903	0.5	0.30357142857142855	0.6	0.0	0.0	0.0	0.9969278033794163	0.40040962621607784	0.3225806451612903	0.05837173579109063	0.26574500768049153	0.49938540999846653	1.0	0.750384024577573	0.804915514592934	0.4139784946236559	S100A8;S100A9;VCAN;CD1C	NKG7;GNLY		0.0	0.0	0.0	0.006144393241167435	0.0	0.006144393241167435
infection_study_01	Myeloid_lineage	13	Basophil	7	651	0.4769681742043551	0.4769681742043551	0.007750781764318618	0.44920634920634916	0.0035714285714285713	0.4527777777777777	0.0	0.0	0.0	0.05069124423963134	0.008448540706605223	0.0015360983102918587	0.0	0.0015360983102918587	1.024858733816107	0.9861751152073732	0.33845366103430613	0.009216589861751152	0.005376344086021506	CD3D;MS4A1;LST1	CLEC4C;FCER1A		0.0	0.0	0.0	0.0	0.0	0.0
infection_study_01	Myeloid_lineage	13	Mast Cell	8	651	0.49908054766586557	0.49908054766586557	0.0	0.44920634920634916	0.0	0.44920634920634916	0.0	0.0	0.0	0.0015360983102918587	0.0002560163850486431	0.0	0.0	0.0	0.952153110047847	0.9861751152073732	0.33845366103430613	0.0	0.0	CD3D;MS4A1;LST1			0.0	0.0	0.0	0.0	0.0	0.0
infection_study_01	Myeloid_lineage	13	Plasmacytoid DC	9	651	0.37435365231956885	0.37435365231956885	0.42753949785743706	0.4693517665130568	0.2007680491551459	0.6	0.0	0.0	0.0	0.642089093701997	0.114247311827957	0.33947772657450076	0.021505376344086023	0.31643625192012287	1.3522470851317452	1.0	0.40614439324116736	0.5591397849462365	0.2201740911418331	CD3D;MS4A1;CD1C;FCN1;S100A8	MZB1;XBP1;PRDM1		0.0	0.0	0.0	0.0	0.0	0.0
infection_study_01	Myeloid_lineage	13	Conventional DC 1	10	651	0.3425096496977642	0.3425096496977642	0.03225806451612903	0.4359293394777266	0.382258064516129	0.6	0.0	0.0	0.0	0.47619047619047616	0.09318996415770608	0.03225806451612903	0.0	0.026113671274961597	0.2727653207495841	1.0	0.25422427035330264	0.8494623655913979	0.8494623655913979	CD1C;FCER1A;CLEC4C;S100A8	HLA-DRA		0.0	0.0	0.0	0.0	0.0	0.0
infection_study_01	Myeloid_lineage	14	Classical Monocyte	1	622	0.9296209307406598	1.0	1.0	0.18216237942122188	0.4181672025723473	0.6	0.4	0.4	0.0	1.0	0.9557877813504824	1.0	0.9919614147909968	0.9983922829581994	1.0118304470398711	0.40514469453376206	0.12821543408360128	0.9292604501607717	0.9292604501607717	FCGR3A;MS4A7;CD1C;CLEC4C	HLA-DRA		0.0	0.0	1.0	0.9919614147909968	0.0	2.9919614147909965
infection_study_01	Myeloid_lineage	14	Neutrophil	2	622	0.9421200203918141	1.0	1.0	0.011661307609860665	0.4390273311897106	0.4506886387995713	0.5493113612004288	0.5493113612004288	0.0	1.0	0.6404072883172561	1.0	0.9951768488745981	0.9983922829581994	1.0122381144238517	0.02572347266881029	0.00857449088960343	0.9919614147909968	0.9429260450160772	CD3D;MS4A1;CD79A	FCN1;LST1		0.0	0.0	0.022508038585209004	0.022508038585209004	0.0	0.6078322615219722
infection_study_01	Myeloid_lineage	14	Intermediate Monocyte	3	622	0.8393416357148059	0.9887459807073955	1.0	0.14282958199356913	0.3573954983922829	0.500225080385852	0.499774919614148	0.499774919614148	0.0	1.0	0.8456591639871384	0.9887459807073955	0.9228295819935691	0.9758842443729904	0.998545268090694	0.3135048231511254	0.10771704180064308	0.9228295819935691	0.5369774919614148	CD1C;CLEC4C;NKG7	VCAN;FCGR3A		0.0	0.0	0.06109324758842444	0.0	0.0	0.5975241157556271
infection_study_01	Myeloid_lineage	14	Non-Classical Monocyte	4	622	0.8777401500254898	0.8777401500254898	0.44212218649517687	0.5	0.13106913183279742	0.6	0.0	0.0	0.0	0.9935691318327974	0.4595391211146838	0.44212218649517687	0.14308681672025725	0.32636655948553056	0.6788826311970134	1.0	0.7258842443729904	0.342443729903537	0.18890675241157556	S100A8;S100A9;VCAN;CD1C	NKG7;GNLY		0.0	0.0	0.04662379421221865	0.06752411575562701	0.0	0.14212218649517686
infection_study_01	Myeloid_lineage	14	Eosinophil	5	622	0.42322117835554585	0.4565916398713826	0.5030909895150317	0.4542550911039657	0.0	0.4542550911039657	0.048835898411066	0.048835898411066	0.0	0.4565916398713826	0.07770632368703108	0.4565916398713826	0.00964630225080386	0.454983922829582	1.1859973985745964	0.9983922829581994	0.3403001071811362	0.0	0.0	S100A8;CD3D;MS4A1			0.0	0.0	0.0	0.0	0.0	0.048835898411066
infection_study_01	Myeloid_lineage	14	Conventional DC 2	6	622	0.6413498652683708	0.6413498652683708	0.0707395498392283	0.4898231511254019	0.4390273311897106	0.6	0.0	0.0	0.0	0.9967845659163987	0.48606645230439444	0.0707395498392283	0.003215434083601286	0.06270096463022508	0.4750789597281617	1.0	0.4991961414790997	0.9919614147909968	0.9429260450160772	CLEC4C;LILRA4;S100A8;S100A9	FCN1;LST1		0.0	0.0	0.00482315112540193	0.00482315112540193	0.0	0.012540192926045017
infection_study_01	Myeloid_lineage	14	Basophil	7	622	0.4769681742043551	0.4769681742043551	0.0	0.4141693461950697	0.0012057877813504822	0.4153751339764202	0.0	0.0	0.0	0.07395498392282958	0.01232583065380493	0.0	0.0	0.0	0.8883928571428571	0.909967845659164	0.3108252947481243	0.003215434083601286	0.001607717041800643	CD3D;MS4A1;LST1	CLEC4C;FCER1A		0.0	0.0	0.0	0.0	0.0	0.0
infection_study_01	Myeloid_lineage	14	Mast Cell	8	622	0.49908054766586557	0.49908054766586557	0.0	0.4141693461950697	0.0	0.4141693461950697	0.0	0.0	0.0	0.001607717041800643	0.0002679528403001072	0.0	0.0	0.0	0.952153110047847	0.909967845659164	0.3108252947481243	0.0	0.0	CD3D;MS4A1;LST1			0.0	0.0	0.0	0.0	0.0	0.0
infection_study_01	Myeloid_lineage	14	Plasmacytoid DC	9	622	0.5768470978078799	0.5768470978078799	0.26257711133604633	0.46828295819935695	0.1920418006430868	0.6	0.0	0.0	0.0	0.8006430868167203	0.1342443729903537	0.25562700964630225	0.022508038585209004	0.2090032154340836	1.0278004067589763	1.0	0.4012861736334405	0.5369774919614148	0.20632368703108253	CD3D;MS4A1;CD1C;FCN1;S100A8	MZB1;XBP1;PRDM1		0.0	0.0	0.0	0.0	0.0	0.0
infection_study_01	Myeloid_lineage	14	Conventional DC 1	10	622	0.7023796518826014	0.7023796518826014	0.17373773613832938	0.43500803858520903	0.4181672025723473	0.6	0.0	0.0	0.0	0.5353697749196141	0.11843515541264737	0.15594855305466238	0.0	0.1527331189710611	1.071156732334668	0.9983922829581994	0.2528135048231511	0.9292604501607717	0.9292604501607717	CD1C;FCER1A;CLEC4C;S100A8	HLA-DRA		0.0	0.0	0.0	0.0	0.0	0.0
infection_study_01	Myeloid_lineage	15	Classical Monocyte	1	571	0.8279076542130944	1.0	1.0	0.34253064798598953	0.44999999999999996	0.6	0.4	0.4	0.0	1.0	0.9711033274956218	1.0	0.9807355516637478	1.0	1.0118304470398711	0.7495621716287215	0.26225919439579687	1.0	1.0	FCGR3A;MS4A7;CD1C;CLEC4C	HLA-DRA		0.0	0.0	1.0	0.9912434325744308	0.0	2.991243432574431
infection_study_01	Myeloid_lineage	15	Non-Classical Monocyte	2	571	0.8731519918432743	0.8731519918432743	0.961375100215224	0.5	0.32889667250437826	0.6	0.361375100215224	0.361375100215224	0.0	1.0	0.6196730881494454	0.8003502626970228	0.45359019264448336	0.6322241681260946	1.2167788597050293	1.0	0.7320490367775833	0.7950963222416813	0.6024518388791593	S100A8;S100A9;VCAN;CD1C	NKG7;GNLY		0.0	0.0	0.08056042031523643	0.10157618213660245	0.0	0.5918479548562048
infection_study_01	Myeloid_lineage	15	Intermediate Monocyte	3	571	0.9510414390794553	1.0	1.0	0.3152948044366608	0.3859019264448336	0.6	0.4	0.4	0.0	1.0	0.9279042615294805	1.0	0.9719789842381786	1.0	1.0097970257234727	0.6935201401050788	0.23525977816695853	0.9562171628721541	0.660245183887916	CD1C;CLEC4C;NKG7	VCAN;FCGR3A		0.0	0.0	0.0647985989492119	0.0	0.0	0.5036777583187391
infection_study_01	Myeloid_lineage	15	Neutrophil	4	571	0.8278348263054403	1.0	1.0	0.10464681844716871	0.44277583187390535	0.5474226503210741	0.45257734967892593	0.45257734967892593	0.0	1.0	0.6141272621132515	1.0	1.0	1.0	1.0122381144238517	0.22942206654991243	0.0793928779918272	0.9912434325744308	0.9693520140105079	CD3D;MS4A1;CD79A	FCN1;LST1		0.0	0.0	0.0	0.0	0.0	0.45257734967892593
infection_study_01	Myeloid_lineage	15	Eosinophil	5	571	0.8965479571771903	0.8965479571771903	0.7846021986153684	0.47015761821366026	0.0	0.47015761821366026	0.31444458040170814	0.31444458040170814	0.0	0.6287215411558669	0.10858143607705778	0.6287215411558669	0.02276707530647986	0.6287215411558669	1.6235226298380063	1.0	0.4098073555166375	0.0	0.0	S100A8;CD3D;MS4A1			0.0	0.0	0.0	0.0	0.0	0.31444458040170814
infection_study_01	Myeloid_lineage	15	Conventional DC 2	6	571	0.915956594567038	0.915956594567038	0.3878754164677322	0.4907705779334501	0.44277583187390535	0.6	0.0	0.0	0.0	1.0	0.5417396380618796	0.2521891418563923	0.0070052539404553416	0.2469352014010508	1.5427450984453597	1.0	0.5035026269702276	0.9912434325744308	0.9693520140105079	CLEC4C;LILRA4;S100A8;S100A9	FCN1;LST1		0.0	0.0	0.0035026269702276708	0.0035026269702276708	0.0	0.009106830122591943
infection_study_01	Myeloid_lineage	15	Basophil	7	571	0.4769681742043551	0.4769681742043551	0.0	0.46129597197898425	0.0	0.46129597197898425	0.0	0.0	0.0	0.07530647985989491	0.012551079976649152	0.0	0.0	0.0	0.8883928571428571	0.9807355516637478	0.4028021015761822	0.0	0.0	CD3D;MS4A1;LST1	CLEC4C;FCER1A		0.0	0.0	0.0	0.0	0.0	0.0
infection_study_01	Myeloid_lineage	15	Mast Cell	8	571	0.49908054766586557	0.49908054766586557	0.0	0.46129597197898425	0.0	0.46129597197898425	0.0	0.0	0.0	0.0	0.0	0.0	0.0	0.0	0.952153110047847	0.9807355516637478	0.4028021015761822	0.0	0.0	CD3D;MS4A1;LST1			0.0	0.0	0.0	0.0	0.0	0.0
infection_study_01	Myeloid_lineage	15	Plasmacytoid DC	9	571	0.5531825795644891	0.5531825795644891	0.24518388791593695	0.476861646234676	0.24938704028021014	0.6	0.0	0.0	0.0	0.809106830122592	0.16177758318739055	0.24518388791593695	0.02276707530647986	0.1786339754816112	0.9873924498400048	1.0	0.44028021015761815	0.6795096322241682	0.30356100408639813	CD3D;MS4A1;CD1C;FCN1;S100A8	MZB1;XBP1;PRDM1		0.0	0.0	0.0	0.0	0.0	0.0
infection_study_01	Myeloid_lineage	15	Conventional DC 1	10	571	0.7041184181778457	0.7041184181778457	0.18267909495209306	0.4356742556917688	0.44999999999999996	0.6	0.0	0.0	0.0	0.5446584938704028	0.11179217746643315	0.159369527145359	0.0	0.15586690017513136	1.0932382712269362	1.0	0.2530647985989492	1.0	1.0	CD1C;FCER1A;CLEC4C;S100A8	HLA-DRA		0.0	0.0	0.0	0.0	0.0	0.0
infection_study_01	Myeloid_lineage	16	Classical Monocyte	1	538	0.7760905979171219	0.9981412639405205	1.0	0.29141263940520445	0.4198884758364312	0.6	0.4	0.4	0.0	1.0	0.9632899628252788	0.9981412639405205	0.9684014869888475	0.9851301115241635	1.0099683423487897	0.6431226765799256	0.2137546468401487	0.9330855018587361	0.9330855018587361	FCGR3A;MS4A7;CD1C;CLEC4C	HLA-DRA		0.0	0.0	0.9776951672862454	0.9962825278810409	0.0	2.9605947955390337
infection_study_01	Myeloid_lineage	16	Intermediate Monocyte	2	538	0.7944523341344403	0.9814126394052045	1.0	0.11821561338289963	0.37472118959107803	0.4929368029739777	0.5070631970260223	0.5070631970260223	0.0	0.9981412639405205	0.8977695167286246	0.9814126394052045	0.9442379182156134	0.9721189591078067	0.991213400530726	0.258364312267658	0.09107806691449814	0.966542750929368	0.5650557620817844	CD1C;CLEC4C;NKG7	VCAN;FCGR3A		0.0	0.0	0.1524163568773234	0.0	0.0	0.7509293680297398
infection_study_01	Myeloid_lineage	16	Neutrophil	3	538	0.7839378049668633	0.9962825278810409	1.0	0.01600991325898389	0.4430297397769516	0.45903965303593547	0.5409603469640645	0.5409603469640645	0.0	1.0	0.6285625774473358	0.9962825278810409	0.9795539033457249	0.9907063197026023	1.0085124045544274	0.03531598513011153	0.011771995043370509	0.9925650557620818	0.9684014869888475	CD3D;MS4A1;CD79A	FCN1;LST1		0.0	0.0	0.0037174721189591076	0.0037174721189591076	0.0	0.5506257744733581
infection_study_01	Myeloid_lineage	16	Non-Classical Monocyte	4	538	0.7301999126065108	0.7301999126065108	0.6412639405204461	0.5	0.10985130111524163	0.6	0.04126394052044613	0.04126394052044613	0.0	0.983271375464684	0.5123915737298637	0.6412639405204461	0.19888475836431227	0.5762081784386617	0.9779032986008358	0.9981412639405205	0.7360594795539033	0.2862453531598513	0.15985130111524162	S100A8;S100A9;VCAN;CD1C	NKG7;GNLY		0.0	0.0	0.08550185873605948	0.1895910780669145	0.0	0.3676579925650558
infection_study_01	Myeloid_lineage	16	Conventional DC 2	5	538	0.8006518097735051	0.8006518097735051	0.16889244172626125	0.48756505576208176	0.4430297397769516	0.6	0.0	0.0	0.0	0.9944237918215614	0.5120817843866171	0.16356877323420074	0.026022304832713755	0.10780669144981413	1.021294673968242	0.9962825278810409	0.49535315985130113	0.9925650557620818	0.9684014869888475	CLEC4C;LILRA4;S100A8;S100A9	FCN1;LST1		0.0	0.0	0.020446096654275093	0.020446096654275093	0.0	0.05315985130111524
infection_study_01	Myeloid_lineage	16	Plasmacytoid DC	6	538	0.17773650863010707	0.20260223048327136	0.20260223048327136	0.4683048327137546	0.18438661710037174	0.6	0.0	0.0	0.0	0.49070631970260226	0.07760223048327138	0.20260223048327136	0.01858736059479554	0.15427509293680297	0.8226296687958585	0.9962825278810409	0.4078066914498141	0.5185873605947955	0.19206939281288724	CD3D;MS4A1;CD1C;FCN1;S100A8	MZB1;XBP1;PRDM1		0.0	0.0	0.0055762081784386614	0.0055762081784386614	0.0	0.014498141263940521
infection_study_01	Myeloid_lineage	16	Conventional DC 1	7	538	0.3425096496977642	0.3425096496977642	0.11152416356877323	0.4334386617100372	0.4198884758364312	0.6	0.0	0.0	0.0	0.48698884758364314	0.09944237918215613	0.11152416356877323	0.0018587360594795538	0.10966542750929369	0.7844083214461847	0.9851301115241635	0.26858736059479554	0.9330855018587361	0.9330855018587361	CD1C;FCER1A;CLEC4C;S100A8	HLA-DRA		0.0	0.0	0.0037174721189591076	0.0037174721189591076	0.0	0.009665427509293681
infection_study_01	Myeloid_lineage	16	Eosinophil	8	538	0.42322117835554585	0.42322117835554585	0.26022304832713755	0.448364312267658	0.0	0.448364312267658	0.0	0.0	0.0	0.2620817843866171	0.04553903345724907	0.26022304832713755	0.011152416356877323	0.26022304832713755	0.686861497216763	0.9851301115241635	0.33643122676579923	0.0	0.0	S100A8;CD3D;MS4A1			0.0	0.0	0.0	0.0	0.0	0.0
infection_study_01	Myeloid_lineage	16	Basophil	9	538	0.4769681742043551	0.4769681742043551	0.01523914630908129	0.4398017348203222	0.011849442379182156	0.4516511771995044	0.0	0.0	0.0	0.10037174721189591	0.017038413878562576	0.0018587360594795538	0.0	0.0018587360594795538	1.053521640998407	0.966542750929368	0.32961586121437425	0.031598513011152414	0.015799256505576207	CD3D;MS4A1;LST1	CLEC4C;FCER1A		0.0	0.0	0.0	0.0	0.0	0.0
infection_study_01	Myeloid_lineage	16	Mast Cell	10	538	0.49908054766586557	0.49908054766586557	0.0	0.4398017348203222	0.0	0.4398017348203222	0.0	0.0	0.0	0.0018587360594795538	0.0003097893432465923	0.0	0.0	0.0	0.952153110047847	0.966542750929368	0.32961586121437425	0.0	0.0	CD3D;MS4A1;LST1			0.0	0.0	0.0	0.0	0.0	0.0
infection_study_01	Myeloid_lineage	17	Non-Classical Monocyte	1	483	0.9784975602650936	1.0	1.0	0.5	0.12857142857142856	0.6	0.4	0.4	0.0	1.0	0.9092477570738441	1.0	0.9668737060041408	0.9668737060041408	1.5165622877838978	0.9834368530020704	0.6381987577639752	0.33540372670807456	0.18633540372670807	S100A8;S100A9;VCAN;CD1C	NKG7;GNLY		0.0	0.0	0.8757763975155279	0.9006211180124224	0.0	2.701863354037267
infection_study_01	Myeloid_lineage	17	Classical Monocyte	2	483	0.677372369091836	0.9834368530020704	1.0	0.49148033126293994	0.44906832298136645	0.6	0.4	0.4	0.0	1.0	0.9205486542443064	0.9834368530020704	0.8819875776397516	0.9668737060041408	0.9952372822564036	1.0	0.5067287784679089	0.9979296066252588	0.9979296066252588	FCGR3A;MS4A7;CD1C;CLEC4C	HLA-DRA		0.0	0.0	0.4306418219461698	0.9979296066252588	0.0	2.0869565217391304
infection_study_01	Myeloid_lineage	17	Intermediate Monocyte	3	483	0.875409656980555	1.0	1.0	0.14978605935127673	0.41630434782608694	0.5660904071773637	0.4339095928226363	0.4339095928226363	0.0	1.0	0.9641131815044858	1.0	1.0	0.9979296066252588	1.0097970257234727	0.3250517598343685	0.1193926846100759	0.9937888198757764	0.7877846790890269	CD1C;CLEC4C;NKG7	VCAN;FCGR3A		0.0	0.0	0.4472049689440994	0.0	0.0	1.1494375431331953
infection_study_01	Myeloid_lineage	17	Neutrophil	4	483	0.671418687641104	0.9813664596273292	1.0	0.028309178743961355	0.4475155279503106	0.4758247066942719	0.5241752933057281	0.5241752933057281	0.0	1.0	0.5862663906142167	0.9813664596273292	0.8695652173913043	0.9751552795031055	0.9935632829665516	0.062111801242236024	0.021394064872325744	1.0	0.9834368530020704	CD3D;MS4A1;CD79A	FCN1;LST1		0.0	0.0	0.0	0.0	0.0	0.5241752933057281
infection_study_01	Myeloid_lineage	17	Conventional DC 1	5	483	0.8008156725657272	0.8008156725657272	0.7945134575569358	0.3838405797101449	0.44906832298136645	0.6	0.19451345755693583	0.19451345755693583	0.0	0.7908902691511387	0.19496204278812976	0.5445134575569358	0.0	0.5445134575569358	3.5792467743701013	0.8695652173913043	0.2427536231884058	0.9979296066252588	0.9979296066252588	CD1C;FCER1A;CLEC4C;S100A8	HLA-DRA		0.0	0.0	0.0	0.0	0.0	0.19451345755693583
infection_study_01	Myeloid_lineage	17	Conventional DC 2	6	483	0.8741897895273468	0.8741897895273468	0.4349048916869604	0.4741511387163561	0.4475155279503106	0.6	0.0	0.0	0.0	1.0	0.5559006211180124	0.2712215320910973	0.06625258799171843	0.23395445134575568	1.6547334383834524	0.9813664596273292	0.4601449275362319	1.0	0.9834368530020704	CLEC4C;LILRA4;S100A8;S100A9	FCN1;LST1		0.0	0.0	0.039337474120082816	0.039337474120082816	0.0	0.10227743271221533
infection_study_01	Myeloid_lineage	17	Plasmacytoid DC	7	483	0.45389993445488314	0.4616977225672878	0.6679870808741626	0.46024844720496894	0.1424430641821946	0.6	0.06798708087416261	0.06798708087416261	0.0	0.7701863354037267	0.1555383022774327	0.4616977225672878	0.08695652173913043	0.2857142857142857	1.8251574332274991	0.9834368530020704	0.39337474120082816	0.40372670807453415	0.14216701173222912	CD3D;MS4A1;CD1C;FCN1;S100A8	MZB1;XBP1;PRDM1		0.0	0.0	0.004140786749482402	0.004140786749482402	0.0	0.07875312642281686
infection_study_01	Myeloid_lineage	17	Eosinophil	8	483	0.42322117835554585	0.42322117835554585	0.17391304347826086	0.3946031746031746	0.0	0.3946031746031746	0.0	0.0	0.0	0.17391304347826086	0.02933057280883368	0.17391304347826086	0.002070393374741201	0.16770186335403728	0.46747599504628834	0.865424430641822	0.29882677708764666	0.0	0.0	S100A8;CD3D;MS4A1			0.0	0.0	0.0	0.0	0.0	0.0
infection_study_01	Myeloid_lineage	17	Basophil	9	483	0.4769681742043551	0.4769681742043551	0.020151674800354916	0.4556107660455486	0.0007763975155279504	0.45638716356107656	0.0	0.0	0.0	0.28778467908902694	0.04796411318150448	0.002070393374741201	0.0	0.002070393374741201	1.0723251257024549	1.0	0.3436853002070393	0.002070393374741201	0.0010351966873706005	CD3D;MS4A1;LST1	CLEC4C;FCER1A		0.0	0.0	0.0	0.0	0.0	0.0
infection_study_01	Myeloid_lineage	17	Mast Cell	10	483	0.49908054766586557	0.49908054766586557	0.0	0.4556107660455486	0.0	0.4556107660455486	0.0	0.0	0.0	0.002070393374741201	0.0003450655624568668	0.0	0.0	0.0	0.952153110047847	1.0	0.3436853002070393	0.0	0.0	CD3D;MS4A1;LST1			0.0	0.0	0.0	0.0	0.0	0.0
infection_study_01	Myeloid_lineage	18	Conventional DC 2	1	455	0.9956485325176607	0.9956485325176607	1.0	0.41846153846153844	0.432032967032967	0.6	0.4	0.4	0.0	1.0	0.9333333333333332	0.9934065934065934	0.9076923076923077	0.8725274725274725	5.904136962977885	0.8747252747252747	0.3912087912087912	0.9978021978021978	0.8846153846153846	CLEC4C;LILRA4;S100A8;S100A9	FCN1;LST1		0.0	0.0	0.9868131868131869	0.9714285714285714	0.0	2.9503296703296704
infection_study_01	Myeloid_lineage	18	Classical Monocyte	2	455	0.6391741315272013	0.857967032967033	1.0	0.43665934065934064	0.44999999999999996	0.6	0.4	0.4	0.0	1.0	0.857967032967033	0.8549450549450549	0.701098901098901	0.7758241758241758	0.8665126154554266	0.9340659340659341	0.3714285714285714	1.0	1.0	FCGR3A;MS4A7;CD1C;CLEC4C	HLA-DRA		0.0	0.0	0.25054945054945055	0.189010989010989	0.0	0.98989010989011
infection_study_01	Myeloid_lineage	18	Neutrophil	3	455	0.6113720777802054	0.8681318681318682	1.0	0.03387545787545787	0.432032967032967	0.4659084249084249	0.5340915750915751	0.5340915750915751	0.0	0.978021978021978	0.5326007326007326	0.8681318681318682	0.6593406593406593	0.843956043956044	0.8800777687260363	0.07472527472527472	0.024908424908424907	0.9978021978021978	0.8846153846153846	CD3D;MS4A1;CD79A	FCN1;LST1		0.0	0.0	0.0	0.0	0.0	0.5340915750915751
infection_study_01	Myeloid_lineage	18	Intermediate Monocyte	4	455	0.7033173111936494	1.0	1.0	0.4413772893772894	0.2465934065934066	0.6	0.4	0.4	0.0	1.0	0.8326007326007326	1.0	0.8835164835164835	1.0	1.0097970257234727	0.9252747252747253	0.4080586080586081	0.6483516483516484	0.34725274725274724	CD1C;CLEC4C;NKG7	VCAN;FCGR3A		0.0	0.0	0.004395604395604396	0.0	0.0	0.40703296703296704
infection_study_01	Myeloid_lineage	18	Plasmacytoid DC	5	455	0.4326979098390503	0.49230769230769234	0.7282071224517268	0.4734857142857143	0.25472527472527473	0.6	0.12820712245172683	0.12820712245172683	0.0	0.832967032967033	0.18406593406593408	0.49230769230769234	0.06153846153846154	0.4	1.943597720576138	0.9714285714285714	0.4742857142857143	0.7054945054945055	0.2871794871794872	CD3D;MS4A1;CD1C;FCN1;S100A8	MZB1;XBP1;PRDM1		0.0	0.0	0.0	0.0	0.0	0.12820712245172683
infection_study_01	Myeloid_lineage	18	Conventional DC 1	6	455	0.7624080547665866	0.7624080547665866	0.6653846153846155	0.5	0.44999999999999996	0.6	0.06538461538461549	0.06538461538461549	0.0	0.8285714285714286	0.22087912087912087	0.4153846153846154	0.006593406593406593	0.4043956043956044	2.7457521395244395	0.9846153846153847	0.6076923076923078	1.0	1.0	CD1C;FCER1A;CLEC4C;S100A8	HLA-DRA		0.0	0.0	0.004395604395604396	0.004395604395604396	0.0	0.07681318681318691
infection_study_01	Myeloid_lineage	18	Non-Classical Monocyte	7	455	0.6785922365450441	0.6785922365450441	0.5956043956043956	0.5	0.1739010989010989	0.6	0.0	0.0	0.0	0.9956043956043956	0.5476190476190476	0.5956043956043956	0.1076923076923077	0.5428571428571428	0.9093433541483039	0.9846153846153847	0.7527472527472527	0.45274725274725275	0.25384615384615383	S100A8;S100A9;VCAN;CD1C	NKG7;GNLY		0.0	0.0	0.013186813186813187	0.008791208791208791	0.0	0.02989010989010989
infection_study_01	Myeloid_lineage	18	Eosinophil	8	455	0.42322117835554585	0.42322117835554585	0.3274725274725275	0.32057142857142856	0.0	0.32057142857142856	0.006901098901098912	0.006901098901098912	0.0	0.3274725274725275	0.05531135531135531	0.3274725274725275	0.004395604395604396	0.3252747252747253	0.8577983518588961	0.701098901098901	0.24615384615384617	0.0	0.0	S100A8;CD3D;MS4A1			0.0	0.0	0.0	0.0	0.0	0.006901098901098912
infection_study_01	Myeloid_lineage	18	Basophil	9	455	0.4769681742043551	0.4769681742043551	0.0	0.45437362637362644	0.3298351648351648	0.6	0.0	0.0	0.0	0.13406593406593406	0.022344322344322345	0.0	0.0	0.0	0.8883928571428571	0.9934065934065934	0.3494505494505495	0.8769230769230769	0.4450549450549451	CD3D;MS4A1;LST1	CLEC4C;FCER1A		0.0	0.0	0.0	0.0	0.0	0.0
infection_study_01	Myeloid_lineage	18	Mast Cell	10	455	0.49908054766586557	0.49908054766586557	0.0	0.45437362637362644	0.0	0.45437362637362644	0.0	0.0	0.0	0.01098901098901099	0.0018315018315018317	0.0	0.0	0.0	0.952153110047847	0.9934065934065934	0.3494505494505495	0.0	0.0	CD3D;MS4A1;LST1			0.0	0.0	0.0	0.0	0.0	0.0
infection_study_01	Myeloid_lineage	19	Classical Monocyte	1	382	0.6947600320442793	0.9319371727748691	1.0	0.2506413612565445	0.4181937172774869	0.6	0.4	0.4	0.0	0.9895287958115183	0.7977748691099477	0.9319371727748691	0.7722513089005235	0.856020942408377	0.9436442679329388	0.5523560209424084	0.18520942408376964	0.9293193717277487	0.9293193717277487	FCGR3A;MS4A7;CD1C;CLEC4C	HLA-DRA		0.0	0.0	0.9528795811518325	0.8612565445026178	0.0	2.7858638743455497
infection_study_01	Myeloid_lineage	19	Intermediate Monocyte	2	382	0.7403776127011871	0.981675392670157	1.0	0.18984293193717278	0.2927356020942408	0.4825785340314136	0.5174214659685864	0.5174214659685864	0.0	0.9895287958115183	0.7779232111692845	0.981675392670157	0.856020942408377	0.9293193717277487	0.9914761009915658	0.4162303664921466	0.14397905759162302	0.7513089005235603	0.4489528795811518	CD1C;CLEC4C;NKG7	VCAN;FCGR3A		0.0	0.0	0.13350785340314136	0.002617801047120419	0.0	0.7336518324607331
infection_study_01	Myeloid_lineage	19	Non-Classical Monocyte	3	382	0.772294443230646	0.772294443230646	0.56282722513089	0.4711256544502618	0.21655759162303664	0.6	0.0	0.0	0.0	0.9031413612565445	0.4092495636998255	0.56282722513089	0.1806282722513089	0.3612565445026178	0.8601268980687173	0.9162303664921466	0.5589005235602094	0.5340314136125655	0.3756544502617801	S100A8;S100A9;VCAN;CD1C	NKG7;GNLY		0.0	0.0	0.25392670157068065	0.2774869109947644	0.0	0.6837696335078535
infection_study_01	Myeloid_lineage	19	Neutrophil	4	382	0.6798576214405361	0.9057591623036649	1.0	0.0725479930191972	0.41407068062827224	0.48661867364746947	0.5133813263525305	0.5133813263525305	0.0	0.9267015706806283	0.4109947643979058	0.9057591623036649	0.7696335078534031	0.887434554973822	0.9177884432837898	0.15706806282722513	0.05846422338568936	0.9633507853403142	0.8337696335078535	CD3D;MS4A1;CD79A	FCN1;LST1		0.0	0.0	0.010471204188481676	0.010471204188481676	0.0	0.5406064572425829
infection_study_01	Myeloid_lineage	19	Conventional DC 2	5	382	0.8673530696963077	0.8673530696963077	0.10209424083769633	0.4381937172774869	0.41407068062827224	0.6	0.0	0.0	0.0	0.9921465968586387	0.48647469458987785	0.10209424083769633	0.010471204188481676	0.04712041884816754	0.6595728541307383	0.9083769633507853	0.42277486910994766	0.9633507853403142	0.8337696335078535	CLEC4C;LILRA4;S100A8;S100A9	FCN1;LST1		0.0	0.0	0.06806282722513089	0.049738219895287955	0.0	0.1586387434554974
infection_study_01	Myeloid_lineage	19	Conventional DC 1	6	382	0.3425096496977642	0.3425096496977642	0.10732984293193717	0.35802356020942405	0.4181937172774869	0.6	0.0	0.0	0.0	0.2879581151832461	0.06282722513089005	0.10732984293193717	0.020942408376963352	0.09424083769633508	0.7573350224928802	0.8167539267015707	0.21662303664921467	0.9293193717277487	0.9293193717277487	CD1C;FCER1A;CLEC4C;S100A8	HLA-DRA		0.0	0.0	0.031413612565445025	0.031413612565445025	0.0	0.08167539267015707
infection_study_01	Myeloid_lineage	19	Plasmacytoid DC	7	382	0.17773650863010707	0.17773650863010707	0.09947643979057591	0.4335706806282722	0.07905759162303665	0.5126282722513088	0.0	0.0	0.0	0.3298429319371728	0.051374345549738215	0.09947643979057591	0.015706806282722512	0.05759162303664921	0.4236012350442272	0.9345549738219895	0.356544502617801	0.22251308900523561	0.08202443280977313	CD3D;MS4A1;CD1C;FCN1;S100A8	MZB1;XBP1;PRDM1		0.0	0.0	0.007853403141361256	0.007853403141361256	0.0	0.020418848167539267
infection_study_01	Myeloid_lineage	19	Eosinophil	8	382	0.42322117835554585	0.42322117835554585	0.13612565445026178	0.37759162303664917	0.0	0.37759162303664917	0.0	0.0	0.0	0.13612565445026178	0.023996509598603843	0.13612565445026178	0.007853403141361256	0.13089005235602094	0.37142681358541446	0.819371727748691	0.3010471204188482	0.0	0.0	S100A8;CD3D;MS4A1			0.0	0.0	0.0	0.0	0.0	0.0
infection_study_01	Myeloid_lineage	19	Basophil	9	382	0.4769681742043551	0.4769681742043551	0.26570680628272253	0.38031413612565446	0.020615183246073296	0.40092931937172777	0.0	0.0	0.0	0.06282722513089005	0.012652705061082023	0.015706806282722512	0.0	0.015706806282722512	2.28377430815258	0.8219895287958116	0.3089005235602094	0.0549738219895288	0.0274869109947644	CD3D;MS4A1;LST1	CLEC4C;FCER1A		0.0	0.0	0.0	0.0	0.0	0.0
infection_study_01	Myeloid_lineage	19	Mast Cell	10	382	0.49908054766586557	0.49908054766586557	0.2683246073298429	0.38031413612565446	0.0	0.38031413612565446	0.0	0.0	0.0	0.01832460732984293	0.003926701570680628	0.01832460732984293	0.002617801047120419	0.015706806282722512	2.6969362959993988	0.8219895287958116	0.3089005235602094	0.0	0.0	CD3D;MS4A1;LST1			0.0	0.0	0.0	0.0	0.0	0.0
infection_study_01	Myeloid_lineage	2	Non-Classical Monocyte	1	1417	0.9778421090962056	0.9985885673959068	1.0	0.4762738179251941	0.14555398729710656	0.6	0.4	0.4	0.0	1.0	0.8826158550929194	0.9985885673959068	0.9703599153140438	0.9964714184897672	1.5144429556461587	0.9661256175017643	0.49611856033874385	0.3796753705010586	0.21100917431192662	S100A8;S100A9;VCAN;CD1C	NKG7;GNLY		0.0	0.0	0.9865913902611151	0.9922371206774877	0.0	2.970783345095272
infection_study_01	Myeloid_lineage	2	Classical Monocyte	2	1417	0.6533937804966863	0.9724770642201835	1.0	0.4881827805222301	0.4477769936485533	0.6	0.4	0.4	0.0	1.0	0.8594742413549754	0.9724770642201835	0.7424135497529993	0.9576570218772054	0.9842576307884441	0.9985885673959068	0.4941778405081158	0.995059985885674	0.995059985885674	FCGR3A;MS4A7;CD1C;CLEC4C	HLA-DRA		0.0	0.0	0.07410021171489062	1.0	0.0	1.518560338743825
infection_study_01	Myeloid_lineage	2	Intermediate Monocyte	3	1417	0.7731592746340398	1.0	1.0	0.1353610915078805	0.3951129146083274	0.5304740061162079	0.4695259938837921	0.4695259938837921	0.0	1.0	0.9396612561750176	1.0	0.9964714184897672	0.995059985885674	1.0097970257234727	0.29710656316160905	0.10209362502940485	0.9971771347918137	0.6397318278052223	CD1C;CLEC4C;NKG7	VCAN;FCGR3A		0.0	0.0	0.23500352858151025	0.0	0.0	0.8455316396142085
infection_study_01	Myeloid_lineage	2	Neutrophil	4	1417	0.6198747359988348	0.9647141848976711	1.0	0.03369560103505058	0.4468242766407904	0.480519877675841	0.519480122324159	0.519480122324159	0.0	0.9971771347918137	0.528463890849212	0.9647141848976711	0.7353563867325336	0.9541284403669725	0.9768741075475249	0.07410021171489062	0.025170548106327923	1.0	0.9788285109386027	CD3D;MS4A1;CD79A	FCN1;LST1		0.0	0.0	0.0	0.0	0.0	0.519480122324159
infection_study_01	Myeloid_lineage	2	Conventional DC 1	5	1417	0.7676789745830602	0.7676789745830602	0.8308045165843331	0.31947071277346506	0.4477769936485533	0.6	0.2308045165843331	0.2308045165843331	0.0	0.7339449541284404	0.1647847565278758	0.5808045165843331	0.0007057163020465773	0.5808045165843331	3.8134965553124323	0.7318278052223006	0.18807339449541285	0.995059985885674	0.995059985885674	CD1C;FCER1A;CLEC4C;S100A8	HLA-DRA		0.0	0.0	0.0	0.0	0.0	0.2308045165843331
infection_study_01	Myeloid_lineage	2	Plasmacytoid DC	6	1417	0.4497305367416794	0.460832745236415	0.6662853813536938	0.4462074805928017	0.15419901199717714	0.6	0.06628538135369377	0.06628538135369377	0.0	0.7706422018348624	0.1449364855328158	0.460832745236415	0.059280169371912494	0.35568101623147497	1.821810544469115	0.9724770642201835	0.3484827099505999	0.4361326746647848	0.15572806398494474	CD3D;MS4A1;CD1C;FCN1;S100A8	MZB1;XBP1;PRDM1		0.0	0.0	0.0	0.0	0.0	0.06628538135369377
infection_study_01	Myeloid_lineage	2	Conventional DC 2	7	1417	0.8484997451023232	0.8484997451023232	0.062103034580098804	0.4601376146788991	0.4468242766407904	0.6	0.0	0.0	0.0	1.0	0.5095271700776288	0.062103034580098804	0.0056457304163726185	0.043754410726887794	0.4242609071980976	0.9640084685956246	0.42642907551164433	1.0	0.9788285109386027	CLEC4C;LILRA4;S100A8;S100A9	FCN1;LST1		0.0	0.0	0.002117148906139732	0.002117148906139732	0.0	0.005504587155963303
infection_study_01	Myeloid_lineage	2	Eosinophil	8	1417	0.42322117835554585	0.42322117835554585	0.03669724770642202	0.3366596095036462	0.0	0.3366596095036462	0.0	0.0	0.0	0.03881439661256175	0.006469066102093625	0.03669724770642202	0.0	0.03599153140437544	0.11869654226054391	0.7381792519407199	0.2552340625735121	0.0	0.0	S100A8;CD3D;MS4A1			0.0	0.0	0.0	0.0	0.0	0.0
infection_study_01	Myeloid_lineage	2	Basophil	9	1417	0.4769681742043551	0.4769681742043551	0.021236862334912787	0.45607621736062104	0.0018525052928722655	0.4579287226534933	0.0	0.0	0.0	0.3570924488355681	0.060103505057633504	0.002117148906139732	0.0	0.002117148906139732	1.0764788537150922	1.0	0.34580098800282283	0.004940014114326041	0.0024700070571630206	CD3D;MS4A1;LST1	CLEC4C;FCER1A		0.0	0.0	0.0	0.0	0.0	0.0
infection_study_01	Myeloid_lineage	2	Mast Cell	10	1417	0.49908054766586557	0.49908054766586557	0.0	0.45607621736062104	0.0	0.45607621736062104	0.0	0.0	0.0	0.002117148906139732	0.00035285815102328866	0.0	0.0	0.0	0.952153110047847	1.0	0.34580098800282283	0.0	0.0	CD3D;MS4A1;LST1			0.0	0.0	0.0	0.0	0.0	0.0
infection_study_01	Myeloid_lineage	20	Classical Monocyte	1	349	0.7579746558881363	1.0	1.0	0.2874928366762178	0.3997134670487106	0.6	0.4	0.4	0.0	1.0	0.9337392550143266	1.0	0.9684813753581661	1.0	1.0118304470398711	0.6532951289398281	0.17836676217765043	0.8882521489971347	0.8882521489971347	FCGR3A;MS4A7;CD1C;CLEC4C	HLA-DRA		0.0	0.0	1.0	1.0	0.0	3.0
infection_study_01	Myeloid_lineage	20	Intermediate Monocyte	2	349	0.6936129924987255	0.9742120343839542	1.0	0.05715377268385864	0.36361031518624637	0.420764087870105	0.579235912129895	0.579235912129895	0.0	1.0	0.8615090735434575	0.9742120343839542	0.8825214899713467	0.8968481375358166	0.9840142425764012	0.12607449856733524	0.04202483285577841	0.9512893982808023	0.5214899713467048	CD1C;CLEC4C;NKG7	VCAN;FCGR3A		0.0	0.0	0.0028653295128939827	0.0	0.0	0.5838204393505254
infection_study_01	Myeloid_lineage	20	Neutrophil	3	349	0.8333151263564198	1.0	1.0	0.016886341929321872	0.43216332378223493	0.4490496657115568	0.5509503342884432	0.5509503342884432	0.0	1.0	0.6217765042979942	1.0	1.0	1.0	1.0122381144238517	0.03724928366762178	0.012416427889207259	0.9828080229226361	0.9154727793696276	CD3D;MS4A1;CD79A	FCN1;LST1		0.0	0.0	0.011461318051575931	0.011461318051575931	0.0	0.5807497612225406
infection_study_01	Myeloid_lineage	20	Non-Classical Monocyte	4	349	0.7502548976767898	0.7502548976767898	0.6418338108882522	0.5	0.04297994269340974	0.5429799426934098	0.09885386819484243	0.09885386819484243	0.0	0.9799426934097422	0.4283667621776504	0.6418338108882522	0.045845272206303724	0.5931232091690545	0.9787589856391925	1.0	0.7435530085959886	0.11461318051575932	0.05730659025787965	S100A8;S100A9;VCAN;CD1C	NKG7;GNLY		0.0	0.0	0.014326647564469915	0.014326647564469915	0.0	0.13610315186246422
infection_study_01	Myeloid_lineage	20	Eosinophil	5	349	0.42322117835554585	0.4813753581661891	0.5436237177110596	0.45480420248328557	0.0	0.45480420248328557	0.08881951522777398	0.08881951522777398	0.0	0.4813753581661891	0.0816618911174785	0.4813753581661891	0.008595988538681949	0.4785100286532951	1.2489934381794818	1.0	0.34001910219675263	0.0	0.0	S100A8;CD3D;MS4A1			0.0	0.0	0.0	0.0	0.0	0.08881951522777398
infection_study_01	Myeloid_lineage	20	Conventional DC 2	6	349	0.6062012963367562	0.6062012963367562	0.06303724928366762	0.49	0.43216332378223493	0.6	0.0	0.0	0.0	0.9856733524355301	0.4617956064947469	0.06303724928366762	0.0028653295128939827	0.04011461318051576	0.4297579126981033	1.0	0.5	0.9828080229226361	0.9154727793696276	CLEC4C;LILRA4;S100A8;S100A9	FCN1;LST1		0.0	0.0	0.008595988538681949	0.008595988538681949	0.0	0.022349570200573068
infection_study_01	Myeloid_lineage	20	Basophil	7	349	0.4769681742043551	0.4769681742043551	0.0	0.42492836676217766	0.0	0.42492836676217766	0.0	0.0	0.0	0.045845272206303724	0.007640878701050621	0.0	0.0	0.0	0.8883928571428571	0.9340974212034384	0.31805157593123207	0.0	0.0	CD3D;MS4A1;LST1	CLEC4C;FCER1A		0.0	0.0	0.0	0.0	0.0	0.0
infection_study_01	Myeloid_lineage	20	Mast Cell	8	349	0.49908054766586557	0.49908054766586557	0.0	0.42492836676217766	0.0	0.42492836676217766	0.0	0.0	0.0	0.0	0.0	0.0	0.0	0.0	0.952153110047847	0.9340974212034384	0.31805157593123207	0.0	0.0	CD3D;MS4A1;LST1			0.0	0.0	0.0	0.0	0.0	0.0
infection_study_01	Myeloid_lineage	20	Plasmacytoid DC	9	349	0.17773650863010707	0.25501432664756446	0.2613717590939252	0.4654785100286533	0.15343839541547274	0.6	0.0	0.0	0.0	0.3209169054441261	0.049068767908309455	0.25501432664756446	0.02005730659025788	0.22922636103151864	1.025429729785443	1.0	0.3885386819484241	0.42406876790830944	0.17478510028653294	CD3D;MS4A1;CD1C;FCN1;S100A8	MZB1;XBP1;PRDM1		0.0	0.0	0.0	0.0	0.0	0.0
infection_study_01	Myeloid_lineage	20	Conventional DC 1	10	349	0.3425096496977642	0.3425096496977642	0.0028653295128939827	0.43641833810888253	0.3997134670487106	0.6	0.0	0.0	0.0	0.3037249283667622	0.051098376313276024	0.0028653295128939827	0.0	0.0028653295128939827	0.08304250966804744	1.0	0.25644699140401145	0.8882521489971347	0.8882521489971347	CD1C;FCER1A;CLEC4C;S100A8	HLA-DRA		0.0	0.0	0.0	0.0	0.0	0.0
infection_study_01	Myeloid_lineage	21	Non-Classical Monocyte	1	319	0.9736362974291749	0.987460815047022	1.0	0.49097178683385584	0.2043103448275862	0.6	0.4	0.4	0.0	1.0	0.8740856844305119	0.987460815047022	0.9341692789968652	0.9780564263322884	1.4977341144975278	0.9780564263322884	0.542319749216301	0.5329153605015674	0.2962382445141066	S100A8;S100A9;VCAN;CD1C	NKG7;GNLY		0.0	0.0	0.9561128526645768	0.9561128526645768	0.0	2.8858934169278996
infection_study_01	Myeloid_lineage	21	Classical Monocyte	2	319	0.6539946107348336	0.987460815047022	1.0	0.483166144200627	0.4485893416927899	0.6	0.4	0.4	0.0	1.0	0.8714733542319749	0.987460815047022	0.8213166144200627	0.9592476489028213	0.999268537023547	0.987460815047022	0.49059561128526646	0.9968652037617555	0.9968652037617555	FCGR3A;MS4A7;CD1C;CLEC4C	HLA-DRA		0.0	0.0	0.18495297805642633	0.9623824451410659	0.0	1.658307210031348
infection_study_01	Myeloid_lineage	21	Intermediate Monocyte	3	319	0.8025817493263419	0.9968652037617555	1.0	0.22541274817136886	0.39733542319749215	0.6	0.4	0.4	0.0	1.0	0.9420062695924765	0.9968652037617555	0.9843260188087775	0.9968652037617555	1.006662859468395	0.49216300940438873	0.17450365726227793	0.9843260188087775	0.6802507836990596	CD1C;CLEC4C;NKG7	VCAN;FCGR3A		0.0	0.0	0.47648902821316613	0.0	0.0	1.1623824451410658
infection_study_01	Myeloid_lineage	21	Neutrophil	4	319	0.6384640594275727	0.9686520376175548	1.0	0.024158829676071056	0.4398902821316614	0.4640491118077325	0.5359508881922674	0.5359508881922674	0.0	0.9937304075235109	0.5480668756530825	0.9686520376175548	0.7711598746081505	0.9467084639498433	0.9808206863713407	0.05329153605015674	0.017763845350052248	0.9811912225705329	0.9702194357366771	CD3D;MS4A1;CD79A	FCN1;LST1		0.0	0.0	0.0	0.0	0.0	0.5359508881922674
infection_study_01	Myeloid_lineage	21	Conventional DC 1	5	319	0.7695907071589834	0.7695907071589834	0.707680250783699	0.34758620689655173	0.4485893416927899	0.6	0.10768025078369903	0.10768025078369903	0.0	0.7492163009404389	0.18704284221525602	0.45768025078369906	0.0	0.45768025078369906	3.018759971000847	0.7931034482758621	0.21003134796238243	0.9968652037617555	0.9968652037617555	CD1C;FCER1A;CLEC4C;S100A8	HLA-DRA		0.0	0.0	0.0	0.0	0.0	0.10768025078369903
infection_study_01	Myeloid_lineage	21	Plasmacytoid DC	6	319	0.4367307552254024	0.445141065830721	0.6354146031645411	0.45578683385579943	0.15	0.6	0.03541460316454115	0.03541460316454115	0.0	0.7648902821316614	0.15007836990595613	0.445141065830721	0.07523510971786834	0.28213166144200624	1.7610941493352807	0.987460815047022	0.36614420062695924	0.4169278996865204	0.16614420062695923	CD3D;MS4A1;CD1C;FCN1;S100A8	MZB1;XBP1;PRDM1		0.0	0.0	0.003134796238244514	0.003134796238244514	0.0	0.04356507338397689
infection_study_01	Myeloid_lineage	21	Conventional DC 2	7	319	0.9251511179083824	0.9251511179083824	0.34567176588577925	0.4646394984326019	0.4398902821316614	0.6	0.0	0.0	0.0	1.0	0.5412748171368861	0.23510971786833856	0.0219435736677116	0.20376175548589343	1.4422481920697627	0.9686520376175548	0.438871473354232	0.9811912225705329	0.9702194357366771	CLEC4C;LILRA4;S100A8;S100A9	FCN1;LST1		0.0	0.0	0.003134796238244514	0.003134796238244514	0.0	0.008150470219435737
infection_study_01	Myeloid_lineage	21	Eosinophil	8	319	0.42322117835554585	0.42322117835554585	0.13793103448275862	0.3601880877742947	0.0	0.3601880877742947	0.0	0.0	0.0	0.13793103448275862	0.022988505747126436	0.13793103448275862	0.0	0.13479623824451412	0.37601578569509475	0.7899686520376176	0.27272727272727276	0.0	0.0	S100A8;CD3D;MS4A1			0.0	0.0	0.0	0.0	0.0	0.0
infection_study_01	Myeloid_lineage	21	Basophil	9	319	0.4769681742043551	0.4769681742043551	0.0	0.4471055381400209	0.0	0.4471055381400209	0.0	0.0	0.0	0.22884012539184953	0.03814002089864159	0.0	0.0	0.0	0.8883928571428571	0.9811912225705329	0.3375130616509927	0.0	0.0	CD3D;MS4A1;LST1	CLEC4C;FCER1A		0.0	0.0	0.0	0.0	0.0	0.0
infection_study_01	Myeloid_lineage	21	Mast Cell	10	319	0.49908054766586557	0.49908054766586557	0.0	0.4471055381400209	0.0	0.4471055381400209	0.0	0.0	0.0	0.0	0.0	0.0	0.0	0.0	0.952153110047847	0.9811912225705329	0.3375130616509927	0.0	0.0	CD3D;MS4A1;LST1			0.0	0.0	0.0	0.0	0.0	0.0
infection_study_01	Myeloid_lineage	22	Classical Monocyte	1	249	0.7940244701769719	1.0	1.0	0.10899598393574297	0.2927710843373494	0.4017670682730924	0.5982329317269076	0.5982329317269076	0.0	1.0	0.8378514056224899	1.0	0.9397590361445783	0.9879518072289156	1.0118304470398711	0.24497991967871485	0.07228915662650602	0.6506024096385542	0.6506024096385542	FCGR3A;MS4A7;CD1C;CLEC4C	HLA-DRA		0.0	0.0	1.0	1.0	0.0	3.1982329317269076
infection_study_01	Myeloid_lineage	22	Neutrophil	2	249	0.8592418614813196	1.0	1.0	0.0	0.3521084337349397	0.3521084337349397	0.6478915662650603	0.6478915662650603	0.0	1.0	0.5174029451137885	1.0	0.9879518072289156	1.0	1.0122381144238517	0.0	0.0	0.8353413654618473	0.6767068273092369	CD3D;MS4A1;CD79A	FCN1;LST1		0.0	0.0	0.04819277108433735	0.04819277108433735	0.0	0.7731927710843374
infection_study_01	Myeloid_lineage	22	Intermediate Monocyte	3	249	0.6573264875100139	0.891566265060241	1.0	0.22423025435073626	0.33102409638554214	0.5552543507362784	0.4447456492637216	0.4447456492637216	0.0	1.0	0.6506024096385542	0.891566265060241	0.5461847389558233	0.7550200803212851	0.9013850821291598	0.4939759036144578	0.16599732262382863	0.8714859437751004	0.463855421686747	CD1C;CLEC4C;NKG7	VCAN;FCGR3A		0.0	0.0	0.0	0.0	0.0	0.4447456492637216
infection_study_01	Myeloid_lineage	22	Eosinophil	4	249	0.9545098681814872	0.9545098681814872	0.7218658770988925	0.4478714859437751	0.0	0.4478714859437751	0.27399439115511737	0.27399439115511737	0.0	0.5903614457831325	0.107095046854083	0.5903614457831325	0.05220883534136546	0.5903614457831325	1.5260177252630398	0.9879518072289156	0.3293172690763052	0.0	0.0	S100A8;CD3D;MS4A1			0.0	0.0	0.0	0.0	0.0	0.27399439115511737
infection_study_01	Myeloid_lineage	22	Non-Classical Monocyte	5	249	0.7971196562522759	0.7971196562522759	0.24497991967871485	0.5	0.20180722891566263	0.6	0.0	0.0	0.0	0.9799196787148594	0.32262382864792505	0.24497991967871485	0.040160642570281124	0.2289156626506024	0.3828642874523825	1.0	0.7158634538152611	0.5341365461847389	0.27710843373493976	S100A8;S100A9;VCAN;CD1C	NKG7;GNLY		0.0	0.0	0.004016064257028112	0.004016064257028112	0.0	0.010441767068273091
infection_study_01	Myeloid_lineage	22	Basophil	6	249	0.4769681742043551	0.4769681742043551	0.0	0.2712717536813922	0.0	0.2712717536813922	0.0	0.0	0.0	0.012048192771084338	0.002008032128514056	0.0	0.0	0.0	0.8883928571428571	0.5983935742971888	0.1994645247657296	0.0	0.0	CD3D;MS4A1;LST1	CLEC4C;FCER1A		0.0	0.0	0.0	0.0	0.0	0.0
infection_study_01	Myeloid_lineage	22	Mast Cell	7	249	0.49908054766586557	0.49908054766586557	0.0	0.2712717536813922	0.0	0.2712717536813922	0.0	0.0	0.0	0.0	0.0	0.0	0.0	0.0	0.952153110047847	0.5983935742971888	0.1994645247657296	0.0	0.0	CD3D;MS4A1;LST1			0.0	0.0	0.0	0.0	0.0	0.0
infection_study_01	Myeloid_lineage	22	Plasmacytoid DC	8	249	0.17773650863010707	0.17773650863010707	0.1686746987951807	0.45228915662650604	0.08674698795180723	0.5390361445783133	0.0	0.0	0.0	0.37349397590361444	0.061746987951807226	0.1686746987951807	0.008032128514056224	0.1686746987951807	0.6913526163764527	0.9879518072289156	0.3493975903614458	0.24096385542168675	0.09638554216867469	CD3D;MS4A1;CD1C;FCN1;S100A8	MZB1;XBP1;PRDM1		0.0	0.0	0.0	0.0	0.0	0.0
infection_study_01	Myeloid_lineage	22	Conventional DC 1	9	249	0.3425096496977642	0.3425096496977642	0.004016064257028112	0.42997991967871485	0.2927710843373494	0.6	0.0	0.0	0.0	0.1927710843373494	0.03547523427041499	0.004016064257028112	0.0	0.004016064257028112	0.09047021690394402	0.9879518072289156	0.24799196787148595	0.6506024096385542	0.6506024096385542	CD1C;FCER1A;CLEC4C;S100A8	HLA-DRA		0.0	0.0	0.0	0.0	0.0	0.0
infection_study_01	Myeloid_lineage	22	Conventional DC 2	10	249	0.531425242152793	0.531425242152793	0.012048192771084338	0.4893373493975903	0.3521084337349397	0.6	0.0	0.0	0.0	0.963855421686747	0.3748326639892905	0.012048192771084338	0.0	0.008032128514056224	0.12973360027929576	1.0	0.4969879518072289	0.8353413654618473	0.6767068273092369	CLEC4C;LILRA4;S100A8;S100A9	FCN1;LST1		0.0	0.0	0.0	0.0	0.0	0.0
infection_study_01	Myeloid_lineage	23	Classical Monocyte	1	232	0.748734615104508	0.9870689655172413	1.0	0.3931465517241379	0.4325431034482758	0.6	0.4	0.4	0.0	1.0	0.9676724137931034	0.9870689655172413	0.9439655172413793	0.9827586206896551	0.9988759773355368	0.8362068965517241	0.3426724137931035	0.9612068965517241	0.9612068965517241	FCGR3A;MS4A7;CD1C;CLEC4C	HLA-DRA		0.0	0.0	0.875	0.9094827586206896	0.0	2.7094827586206898
infection_study_01	Myeloid_lineage	23	Non-Classical Monocyte	2	232	0.8175842983031097	0.8362068965517241	1.0	0.5	0.3866379310344828	0.6	0.4	0.4	0.0	1.0	0.685344827586207	0.8362068965517241	0.5043103448275862	0.6896551724137931	1.270619274230688	0.9870689655172413	0.7295258620689655	0.8922413793103449	0.7931034482758621	S100A8;S100A9;VCAN;CD1C	NKG7;GNLY		0.0	0.0	0.19827586206896552	0.2413793103448276	0.0	0.9586206896551724
infection_study_01	Myeloid_lineage	23	Intermediate Monocyte	3	232	0.7738056223144709	0.9956896551724138	1.0	0.4071551724137931	0.3956896551724137	0.6	0.4	0.4	0.0	1.0	0.9224137931034484	0.9956896551724138	0.9612068965517241	0.9827586206896551	1.005487547122741	0.8793103448275862	0.33189655172413796	0.9612068965517241	0.7155172413793103	CD1C;CLEC4C;NKG7	VCAN;FCGR3A		0.0	0.0	0.1896551724137931	0.0	0.0	0.703448275862069
infection_study_01	Myeloid_lineage	23	Neutrophil	4	232	0.7588121768261598	0.978448275862069	1.0	0.24609195402298847	0.44806034482758617	0.6	0.4	0.4	0.0	0.9956896551724138	0.6321839080459769	0.978448275862069	0.9396551724137931	0.978448275862069	0.9906386326377504	0.5344827586206896	0.1954022988505747	1.0	0.9870689655172413	CD3D;MS4A1;CD79A	FCN1;LST1		0.0	0.0	0.004310344827586207	0.004310344827586207	0.0	0.41120689655172415
infection_study_01	Myeloid_lineage	23	Conventional DC 2	5	232	0.7915119073629014	0.7915119073629014	0.40376791941108103	0.47989224137931036	0.44806034482758617	0.6	0.0	0.0	0.0	1.0	0.5517241379310345	0.25862068965517243	0.07758620689655173	0.1939655172413793	1.5805889190236344	0.9827586206896551	0.4838362068965517	1.0	0.9870689655172413	CLEC4C;LILRA4;S100A8;S100A9	FCN1;LST1		0.0	0.0	0.06465517241379311	0.05603448275862069	0.0	0.15948275862068967
infection_study_01	Myeloid_lineage	23	Plasmacytoid DC	6	232	0.5285986089869639	0.5285986089869639	0.36174545917785805	0.4925344827586207	0.2976293103448276	0.6	0.0	0.0	0.0	0.8275862068965517	0.17995689655172414	0.30603448275862066	0.04310344827586207	0.21551724137931033	1.2228439056769496	0.9956896551724138	0.5189655172413793	0.7974137931034483	0.38936781609195403	CD3D;MS4A1;CD1C;FCN1;S100A8	MZB1;XBP1;PRDM1		0.0	0.0	0.004310344827586207	0.004310344827586207	0.0	0.011206896551724138
infection_study_01	Myeloid_lineage	23	Conventional DC 1	7	232	0.7030533100284029	0.7030533100284029	0.23930452872817568	0.42877155172413794	0.4325431034482758	0.6	0.0	0.0	0.0	0.6336206896551724	0.139367816091954	0.1810344827586207	0.004310344827586207	0.17672413793103448	1.23308018387822	0.9655172413793104	0.28125	0.9612068965517241	0.9612068965517241	CD1C;FCER1A;CLEC4C;S100A8	HLA-DRA		0.0	0.0	0.004310344827586207	0.004310344827586207	0.0	0.011206896551724138
infection_study_01	Myeloid_lineage	23	Eosinophil	8	232	0.42322117835554585	0.42322117835554585	0.3793103448275862	0.47922413793103447	0.0	0.47922413793103447	0.0	0.0	0.0	0.38362068965517243	0.07040229885057471	0.3793103448275862	0.03879310344827586	0.375	0.9895613567593519	0.9741379310344828	0.49568965517241376	0.0	0.0	S100A8;CD3D;MS4A1			0.0	0.0	0.0	0.0	0.0	0.0
infection_study_01	Myeloid_lineage	23	Basophil	9	232	0.4769681742043551	0.4769681742043551	0.07214054802955662	0.49152298850574716	0.024245689655172414	0.5157686781609195	0.0	0.0	0.0	0.1206896551724138	0.020114942528735632	0.004310344827586207	0.0	0.004310344827586207	1.2713208128078817	0.9956896551724138	0.514367816091954	0.06465517241379311	0.032327586206896554	CD3D;MS4A1;LST1	CLEC4C;FCER1A		0.0	0.0	0.0	0.0	0.0	0.0
infection_study_01	Myeloid_lineage	23	Mast Cell	10	232	0.49908054766586557	0.49908054766586557	0.0	0.49152298850574716	0.0	0.49152298850574716	0.0	0.0	0.0	0.008620689655172414	0.0014367816091954023	0.0	0.0	0.0	0.952153110047847	0.9956896551724138	0.514367816091954	0.0	0.0	CD3D;MS4A1;LST1			0.0	0.0	0.0	0.0	0.0	0.0
infection_study_01	Myeloid_lineage	24	Classical Monocyte	1	198	0.8793787779477096	1.0	1.0	0.3115151515151516	0.42954545454545456	0.6	0.4	0.4	0.0	1.0	0.9880050505050505	1.0	1.0	1.0	1.0118304470398711	0.696969696969697	0.21212121212121213	0.9545454545454546	0.9545454545454546	FCGR3A;MS4A7;CD1C;CLEC4C	HLA-DRA		0.0	0.0	0.9949494949494949	0.9949494949494949	0.0	2.9868686868686867
infection_study_01	Myeloid_lineage	24	Eosinophil	2	198	0.959280096132838	0.959280096132838	1.0	0.4548148148148148	0.0	0.4548148148148148	0.5451851851851852	0.5451851851851852	0.0	0.8636363636363636	0.15656565656565657	0.8636363636363636	0.0707070707070707	0.8585858585858586	2.220636561037634	1.0	0.34006734006734	0.0	0.0	S100A8;CD3D;MS4A1			0.0	0.0	0.0	0.0	0.0	0.5451851851851852
infection_study_01	Myeloid_lineage	24	Neutrophil	3	198	0.8781361517733596	1.0	1.0	0.013737373737373739	0.4484848484848485	0.4622222222222222	0.5377777777777778	0.5377777777777778	0.0	1.0	0.6498316498316499	1.0	1.0	1.0	1.0122381144238517	0.030303030303030304	0.010101010101010102	1.0	0.9898989898989898	CD3D;MS4A1;CD79A	FCN1;LST1		0.0	0.0	0.0	0.0	0.0	0.5377777777777778
infection_study_01	Myeloid_lineage	24	Intermediate Monocyte	4	198	0.8120129633675625	1.0	1.0	0.19572390572390572	0.38977272727272727	0.585496632996633	0.414503367003367	0.414503367003367	0.0	1.0	0.9183501683501684	1.0	0.9646464646464646	0.9949494949494949	1.0097970257234727	0.4292929292929293	0.14814814814814817	0.9949494949494949	0.6085858585858586	CD1C;CLEC4C;NKG7	VCAN;FCGR3A		0.0	0.0	0.0	0.0	0.0	0.414503367003367
infection_study_01	Myeloid_lineage	24	Non-Classical Monocyte	5	198	0.7559718884276454	0.7878787878787878	0.8373918769678219	0.5	0.16742424242424242	0.6	0.23739187696782194	0.23739187696782194	0.0	0.9949494949494949	0.5505050505050505	0.7878787878787878	0.35353535353535354	0.6060606060606061	1.1980523563561365	1.0	0.7537878787878788	0.4444444444444444	0.2272727272727273	S100A8;S100A9;VCAN;CD1C	NKG7;GNLY		0.0	0.0	0.0	0.0	0.0	0.23739187696782194
infection_study_01	Myeloid_lineage	24	Conventional DC 2	6	198	0.6542130944577962	0.6542130944577962	0.3637461247603176	0.49	0.4484848484848485	0.6	0.0	0.0	0.0	1.0	0.5286195286195287	0.24242424242424243	0.015151515151515152	0.23232323232323232	1.4852875293443006	1.0	0.5	1.0	0.9898989898989898	CLEC4C;LILRA4;S100A8;S100A9	FCN1;LST1		0.0	0.0	0.015151515151515152	0.005050505050505051	0.0	0.029292929292929298
infection_study_01	Myeloid_lineage	24	Basophil	7	198	0.4769681742043551	0.4769681742043551	0.0	0.447946127946128	0.001893939393939394	0.4498400673400674	0.0	0.0	0.0	0.020202020202020204	0.0033670033670033673	0.0	0.0	0.0	0.8883928571428571	0.9848484848484849	0.335016835016835	0.005050505050505051	0.0025252525252525255	CD3D;MS4A1;LST1	CLEC4C;FCER1A		0.0	0.0	0.0	0.0	0.0	0.0
infection_study_01	Myeloid_lineage	24	Mast Cell	8	198	0.49908054766586557	0.49908054766586557	0.0	0.447946127946128	0.0	0.447946127946128	0.0	0.0	0.0	0.0	0.0	0.0	0.0	0.0	0.952153110047847	0.9848484848484849	0.335016835016835	0.0	0.0	CD3D;MS4A1;LST1			0.0	0.0	0.0	0.0	0.0	0.0
infection_study_01	Myeloid_lineage	24	Plasmacytoid DC	9	198	0.3726239895127813	0.3726239895127813	0.2474747474747475	0.46955555555555556	0.12651515151515152	0.5960707070707071	0.0	0.0	0.0	0.5606060606060606	0.0827020202020202	0.2474747474747475	0.010101010101010102	0.24242424242424243	0.9962565574076365	1.0	0.4070707070707071	0.35353535353535354	0.13636363636363635	CD3D;MS4A1;CD1C;FCN1;S100A8	MZB1;XBP1;PRDM1		0.0	0.0	0.0	0.0	0.0	0.0
infection_study_01	Myeloid_lineage	24	Conventional DC 1	10	198	0.3425096496977642	0.3425096496977642	0.04040404040404041	0.4363888888888889	0.42954545454545456	0.6	0.0	0.0	0.0	0.41919191919191917	0.08164983164983165	0.04040404040404041	0.0	0.03535353535353535	0.32534557380486673	1.0	0.2563131313131313	0.9545454545454546	0.9545454545454546	CD1C;FCER1A;CLEC4C;S100A8	HLA-DRA		0.0	0.0	0.0	0.0	0.0	0.0
infection_study_01	Myeloid_lineage	25	Plasmacytoid DC	1	105	0.9990350302235816	0.9990350302235816	1.0	0.1658666666666667	0.3485714285714286	0.5144380952380952	0.48556190476190475	0.48556190476190475	0.0	1.0	0.8761904761904762	0.9809523809523809	0.9333333333333333	0.9333333333333333	3.8343286760552946	0.37142857142857144	0.11238095238095239	0.8761904761904762	0.5714285714285715	CD3D;MS4A1;CD1C;FCN1;S100A8	MZB1;XBP1;PRDM1		0.0	0.0	0.9047619047619048	0.8952380952380953	0.0	2.8284190476190476
infection_study_01	Myeloid_lineage	25	Conventional DC 2	2	105	0.965315708979681	0.965315708979681	0.830952380952381	0.49338095238095236	0.23142857142857143	0.6	0.23095238095238102	0.23095238095238102	0.0	1.0	0.6031746031746031	0.580952380952381	0.06666666666666667	0.5238095238095238	3.4772183267156658	0.9523809523809523	0.5976190476190476	0.5904761904761905	0.36190476190476195	CLEC4C;LILRA4;S100A8;S100A9	FCN1;LST1		0.0	0.0	0.8952380952380953	0.05714285714285714	0.0	1.7204761904761907
infection_study_01	Myeloid_lineage	25	Intermediate Monocyte	3	105	0.5938205520355401	0.9904761904761905	0.9905449730133211	0.4059047619047619	0.095	0.5009047619047619	0.48964021110855926	0.48964021110855926	0.0	1.0	0.5301587301587302	0.9904761904761905	0.24761904761904763	0.9904761904761905	1.0002751301485227	0.8476190476190476	0.38095238095238093	0.24761904761904763	0.1380952380952381	CD1C;CLEC4C;NKG7	VCAN;FCGR3A		0.0	0.0	0.0	0.0	0.0	0.48964021110855926
infection_study_01	Myeloid_lineage	25	Classical Monocyte	4	105	0.4788799067802782	0.4788799067802782	0.4095238095238095	0.37090476190476196	0.44571428571428573	0.6	0.0	0.0	0.0	0.9619047619047619	0.39642857142857146	0.4095238095238095	0.18095238095238095	0.3142857142857143	0.4202841225092534	0.8285714285714286	0.25476190476190474	0.9904761904761905	0.9904761904761905	FCGR3A;MS4A7;CD1C;CLEC4C	HLA-DRA		0.0	0.0	0.1619047619047619	0.0380952380952381	0.0	0.29714285714285715
infection_study_01	Myeloid_lineage	25	Neutrophil	5	105	0.3700385987910567	0.4857142857142857	0.49523809523809526	0.11295238095238096	0.23142857142857143	0.3443809523809524	0.15085714285714286	0.15085714285714286	0.0	0.7523809523809524	0.2587301587301587	0.4857142857142857	0.24761904761904763	0.41904761904761906	0.49681276620237136	0.24761904761904763	0.08571428571428573	0.5904761904761905	0.36190476190476195	CD3D;MS4A1;CD79A	FCN1;LST1		0.0	0.0	0.0	0.0	0.0	0.15085714285714286
infection_study_01	Myeloid_lineage	25	Conventional DC 1	6	105	0.990095404559027	0.990095404559027	0.047619047619047616	0.4328571428571429	0.44571428571428573	0.6	0.0	0.0	0.0	0.9523809523809523	0.1841269841269841	0.047619047619047616	0.009523809523809525	0.047619047619047616	0.37191665508240274	0.9047619047619048	0.40476190476190477	0.9904761904761905	0.9904761904761905	CD1C;FCER1A;CLEC4C;S100A8	HLA-DRA		0.0	0.0	0.009523809523809525	0.009523809523809525	0.0	0.024761904761904763
infection_study_01	Myeloid_lineage	25	Non-Classical Monocyte	7	105	0.3173020901609497	0.3173020901609497	0.21904761904761905	0.2441904761904762	0.19571428571428573	0.4399047619047619	0.0	0.0	0.0	0.7619047619047619	0.2587301587301587	0.21904761904761905	0.05714285714285714	0.1523809523809524	0.34392572391516024	0.5047619047619047	0.2380952380952381	0.49523809523809526	0.3142857142857143	S100A8;S100A9;VCAN;CD1C	NKG7;GNLY		0.0	0.0	0.0	0.0	0.0	0.0
infection_study_01	Myeloid_lineage	25	Eosinophil	8	105	0.42322117835554585	0.42322117835554585	0.10476190476190476	0.1495873015873016	0.0	0.1495873015873016	0.0	0.0	0.0	0.11428571428571428	0.020634920634920634	0.10476190476190476	0.009523809523809525	0.0761904761904762	0.2917054419161968	0.3238095238095238	0.12063492063492064	0.0	0.0	S100A8;CD3D;MS4A1			0.0	0.0	0.0	0.0	0.0	0.0
infection_study_01	Myeloid_lineage	25	Basophil	9	105	0.993354453426553	0.993354453426553	0.0	0.2611428571428571	0.3528571428571428	0.6	0.0	0.0	0.0	0.8761904761904762	0.14603174603174604	0.0	0.0	0.0	0.8883928571428571	0.5714285714285714	0.20000000000000004	0.8571428571428571	0.638095238095238	CD3D;MS4A1;LST1	CLEC4C;FCER1A		0.0	0.0	0.0	0.0	0.0	0.0
infection_study_01	Myeloid_lineage	25	Mast Cell	10	105	0.49908054766586557	0.49908054766586557	0.0	0.2611428571428571	0.0	0.2611428571428571	0.0	0.0	0.0	0.0	0.0	0.0	0.0	0.0	0.952153110047847	0.5714285714285714	0.20000000000000004	0.0	0.0	CD3D;MS4A1;LST1			0.0	0.0	0.0	0.0	0.0	0.0
infection_study_01	Myeloid_lineage	26	Classical Monocyte	1	70	0.6667121841089505	1.0	1.0	0.14292857142857143	0.0	0.14292857142857143	0.8570714285714286	0.8570714285714286	0.0	1.0	0.5839285714285715	1.0	0.32857142857142857	1.0	1.0118304470398711	0.32857142857142857	0.08214285714285714	0.0	0.0	FCGR3A;MS4A7;CD1C;CLEC4C	HLA-DRA		0.0	0.0	1.0	0.9857142857142858	0.0	3.4427857142857143
infection_study_01	Myeloid_lineage	26	Neutrophil	2	70	0.9992444104580875	1.0	1.0	0.0	0.32892857142857146	0.32892857142857146	0.6710714285714285	0.6710714285714285	0.0	1.0	0.9309523809523811	1.0	1.0	1.0	1.0122381144238517	0.0	0.0	0.8285714285714286	0.5357142857142857	CD3D;MS4A1;CD79A	FCN1;LST1		0.0	0.0	1.0	1.0	0.0	3.2710714285714286
infection_study_01	Myeloid_lineage	26	Intermediate Monocyte	3	70	0.5969521520646712	0.5969521520646712	0.3	0.019428571428571427	0.135	0.15442857142857144	0.14557142857142855	0.14557142857142855	0.0	1.0	0.35714285714285715	0.3	0.0	0.3	0.30993770096463025	0.04285714285714286	0.014285714285714285	0.35714285714285715	0.18571428571428572	CD1C;CLEC4C;NKG7	VCAN;FCGR3A		0.0	0.0	0.0	0.0	0.0	0.14557142857142855
infection_study_01	Myeloid_lineage	26	Non-Classical Monocyte	4	70	0.7448747359988348	0.7448747359988348	0.35714285714285715	0.4923571428571428	0.021428571428571425	0.5137857142857143	0.0	0.0	0.0	0.9142857142857143	0.2976190476190476	0.35714285714285715	0.014285714285714285	0.32857142857142857	0.5512821894773151	1.0	0.5107142857142857	0.05714285714285714	0.02857142857142857	S100A8;S100A9;VCAN;CD1C	NKG7;GNLY		0.0	0.0	0.0	0.0	0.0	0.0
infection_study_01	Myeloid_lineage	26	Eosinophil	5	70	0.42322117835554585	0.42322117835554585	0.014285714285714285	0.45333333333333337	0.0	0.45333333333333337	0.0	0.0	0.0	0.014285714285714285	0.0023809523809523807	0.014285714285714285	0.0	0.014285714285714285	0.06173019725197526	1.0	0.3333333333333333	0.0	0.0	S100A8;CD3D;MS4A1			0.0	0.0	0.0	0.0	0.0	0.0
infection_study_01	Myeloid_lineage	26	Basophil	6	70	0.4769681742043551	0.4769681742043551	0.0	0.34971428571428576	0.0	0.34971428571428576	0.0	0.0	0.0	0.014285714285714285	0.0023809523809523807	0.0	0.0	0.0	0.8883928571428571	0.7714285714285715	0.2571428571428572	0.0	0.0	CD3D;MS4A1;LST1	CLEC4C;FCER1A		0.0	0.0	0.0	0.0	0.0	0.0
infection_study_01	Myeloid_lineage	26	Mast Cell	7	70	0.49908054766586557	0.49908054766586557	0.0	0.34971428571428576	0.0	0.34971428571428576	0.0	0.0	0.0	0.014285714285714285	0.0023809523809523807	0.0	0.0	0.0	0.952153110047847	0.7714285714285715	0.2571428571428572	0.0	0.0	CD3D;MS4A1;LST1			0.0	0.0	0.0	0.0	0.0	0.0
infection_study_01	Myeloid_lineage	26	Plasmacytoid DC	8	70	0.17773650863010707	0.17773650863010707	0.0	0.43720000000000003	0.009999999999999998	0.44720000000000004	0.0	0.0	0.0	0.07142857142857142	0.008928571428571428	0.0	0.0	0.0	0.03869336962862143	1.0	0.26	0.02857142857142857	0.009523809523809523	CD3D;MS4A1;CD1C;FCN1;S100A8	MZB1;XBP1;PRDM1		0.0	0.0	0.0	0.0	0.0	0.0
infection_study_01	Myeloid_lineage	26	Conventional DC 1	9	70	0.3425096496977642	0.3425096496977642	0.0	0.435	0.0	0.435	0.0	0.0	0.0	0.0	0.0	0.0	0.0	0.0	0.06454751865066494	1.0	0.25	0.0	0.0	CD1C;FCER1A;CLEC4C;S100A8	HLA-DRA		0.0	0.0	0.0	0.0	0.0	0.0
infection_study_01	Myeloid_lineage	26	Conventional DC 2	10	70	0.0408746631709271	0.04285714285714285	0.0	0.49	0.32892857142857146	0.6	0.0	0.0	0.0	0.22857142857142856	0.04285714285714285	0.0	0.0	0.0	0.05884092253104672	1.0	0.5	0.8285714285714286	0.5357142857142857	CLEC4C;LILRA4;S100A8;S100A9	FCN1;LST1		0.0	0.0	0.0	0.0	0.0	0.0
infection_study_01	Myeloid_lineage	27	Classical Monocyte	1	46	0.7317110916903358	1.0	1.0	0.3667391304347827	0.44999999999999996	0.6	0.4	0.4	0.0	1.0	0.9782608695652174	1.0	0.9782608695652174	0.9782608695652174	1.0118304470398711	0.782608695652174	0.31521739130434784	1.0	1.0	FCGR3A;MS4A7;CD1C;CLEC4C	HLA-DRA		0.0	0.0	0.9130434782608695	0.9782608695652174	0.0	2.8391304347826085
infection_study_01	Myeloid_lineage	27	Non-Classical Monocyte	2	46	0.7239002985944214	0.782608695652174	0.8301434621857562	0.5	0.1385869565217391	0.6	0.2301434621857562	0.2301434621857562	0.0	0.9782608695652174	0.5833333333333334	0.782608695652174	0.32608695652173914	0.7608695652173914	1.190139066134329	1.0	0.7771739130434783	0.3695652173913043	0.18478260869565216	S100A8;S100A9;VCAN;CD1C	NKG7;GNLY		0.0	0.0	0.1956521739130435	0.21739130434782608	0.0	0.7605782447944519
infection_study_01	Myeloid_lineage	27	Intermediate Monocyte	3	46	0.8162415337557352	1.0	1.0	0.20347826086956522	0.39456521739130435	0.5980434782608696	0.40195652173913043	0.40195652173913043	0.0	1.0	0.9456521739130435	1.0	1.0	1.0	1.0097970257234727	0.43478260869565216	0.17391304347826086	1.0	0.6304347826086957	CD1C;CLEC4C;NKG7	VCAN;FCGR3A		0.0	0.0	0.13043478260869565	0.0	0.0	0.6106521739130435
infection_study_01	Myeloid_lineage	27	Neutrophil	4	46	0.7531316000291313	1.0	1.0	0.5	0.4467391304347826	0.6	0.4	0.4	0.0	1.0	0.6159420289855073	1.0	0.9565217391304348	1.0	1.0122381144238517	0.9782608695652174	0.608695652173913	1.0	0.9782608695652174	CD3D;MS4A1;CD79A	FCN1;LST1		0.0	0.0	0.0	0.0	0.0	0.4
infection_study_01	Myeloid_lineage	27	Plasmacytoid DC	5	46	0.5679256791202388	0.6304347826086957	0.8804347826086957	0.5	0.28260869565217395	0.6	0.2804347826086957	0.2804347826086957	0.0	0.9130434782608695	0.25	0.6304347826086957	0.06521739130434782	0.5869565217391305	2.4780579766504074	1.0	0.6086956521739131	0.7608695652173914	0.3623188405797102	CD3D;MS4A1;CD1C;FCN1;S100A8	MZB1;XBP1;PRDM1		0.0	0.0	0.0	0.0	0.0	0.2804347826086957
infection_study_01	Myeloid_lineage	27	Conventional DC 2	6	46	0.8400061903721506	0.8400061903721506	0.4630428354716786	0.49	0.4467391304347826	0.6	0.0	0.0	0.0	1.0	0.5543478260869565	0.2826086956521739	0.06521739130434782	0.1956521739130435	1.721736559278019	1.0	0.5	1.0	0.9782608695652174	CLEC4C;LILRA4;S100A8;S100A9	FCN1;LST1		0.0	0.0	0.021739130434782608	0.021739130434782608	0.0	0.05652173913043478
infection_study_01	Myeloid_lineage	27	Basophil	7	46	0.4769681742043551	0.4769681742043551	0.0	0.5	0.008152173913043478	0.5081521739130435	0.0	0.0	0.0	0.06521739130434782	0.010869565217391304	0.0	0.0	0.0	0.8883928571428571	1.0	0.6304347826086957	0.021739130434782608	0.010869565217391304	CD3D;MS4A1;LST1	CLEC4C;FCER1A		0.0	0.0	0.0	0.0	0.0	0.0
infection_study_01	Myeloid_lineage	27	Eosinophil	8	46	0.42322117835554585	0.43478260869565216	0.4674232369062627	0.5	0.0	0.5	0.0	0.0	0.0	0.43478260869565216	0.07246376811594203	0.43478260869565216	0.0	0.41304347826086957	1.1305625128424421	1.0	0.6231884057971014	0.0	0.0	S100A8;CD3D;MS4A1			0.0	0.0	0.0	0.0	0.0	0.0
infection_study_01	Myeloid_lineage	27	Mast Cell	9	46	0.49908054766586557	0.49908054766586557	0.0	0.5	0.0	0.5	0.0	0.0	0.0	0.0	0.0	0.0	0.0	0.0	0.952153110047847	1.0	0.6304347826086957	0.0	0.0	CD3D;MS4A1;LST1			0.0	0.0	0.0	0.0	0.0	0.0
infection_study_01	Myeloid_lineage	27	Conventional DC 1	10	46	0.7672829728351904	0.7672829728351904	0.16387200496410897	0.42804347826086964	0.44999999999999996	0.6	0.0	0.0	0.0	0.7391304347826086	0.15217391304347827	0.15217391304347827	0.0	0.15217391304347827	1.0467923676825228	0.9565217391304348	0.29347826086956524	1.0	1.0	CD1C;FCER1A;CLEC4C;S100A8	HLA-DRA		0.0	0.0	0.0	0.0	0.0	0.0
infection_study_01	Myeloid_lineage	28	Conventional DC 1	1	33	0.9996358604617289	1.0	1.0	0.23409090909090907	0.44999999999999996	0.6	0.4	0.4	0.0	1.0	0.9292929292929294	1.0	0.9696969696969697	1.0	6.519299383717159	0.5151515151515151	0.17424242424242425	1.0	1.0	CD1C;FCER1A;CLEC4C;S100A8	HLA-DRA		0.0	0.0	1.0	1.0	0.0	3.0
infection_study_01	Myeloid_lineage	28	Conventional DC 2	2	33	0.9916612045735926	0.9916612045735926	0.12121212121212122	0.37924242424242427	0.35227272727272724	0.6	0.0	0.0	0.0	1.0	0.5202020202020202	0.12121212121212122	0.0	0.12121212121212122	0.7720642259376737	0.8181818181818182	0.31060606060606066	0.9090909090909091	0.5303030303030303	CLEC4C;LILRA4;S100A8;S100A9	FCN1;LST1		0.0	0.0	1.0	0.0	0.0	1.6
infection_study_01	Myeloid_lineage	28	Intermediate Monocyte	3	33	0.6358240477751074	1.0	1.0	0.2105050505050505	0.022727272727272728	0.23323232323232324	0.7667676767676768	0.7667676767676768	0.0	1.0	0.601010101010101	1.0	0.36363636363636365	1.0	1.0097970257234727	0.45454545454545453	0.1717171717171717	0.06060606060606061	0.030303030303030304	CD1C;CLEC4C;NKG7	VCAN;FCGR3A		0.0	0.0	0.0	0.0	0.0	0.7667676767676768
infection_study_01	Myeloid_lineage	28	Plasmacytoid DC	4	33	0.417467773650863	0.696969696969697	0.946969696969697	0.19054545454545457	0.20303030303030303	0.3935757575757576	0.5533939393939394	0.5533939393939394	0.0	0.9090909090909091	0.2196969696969697	0.696969696969697	0.15151515151515152	0.48484848484848486	2.7355039801082968	0.42424242424242425	0.13333333333333336	0.5757575757575758	0.202020202020202	CD3D;MS4A1;CD1C;FCN1;S100A8	MZB1;XBP1;PRDM1		0.0	0.0	0.0	0.0	0.0	0.5533939393939394
infection_study_01	Myeloid_lineage	28	Neutrophil	5	33	0.3710035685674751	0.7272727272727273	0.7272727272727273	0.041212121212121214	0.35227272727272724	0.39348484848484844	0.33378787878787886	0.33378787878787886	0.0	0.9090909090909091	0.3383838383838384	0.7272727272727273	0.15151515151515152	0.5757575757575758	0.7389064903670061	0.09090909090909091	0.030303030303030304	0.9090909090909091	0.5303030303030303	CD3D;MS4A1;CD79A	FCN1;LST1		0.0	0.0	0.0	0.0	0.0	0.33378787878787886
infection_study_01	Myeloid_lineage	28	Classical Monocyte	6	33	0.5847170635787634	0.6174242424242424	0.30303030303030304	0.23242424242424242	0.44999999999999996	0.6	0.0	0.0	0.0	1.0	0.6174242424242424	0.30303030303030304	0.15151515151515152	0.30303030303030304	0.313597615299186	0.5151515151515151	0.16666666666666666	1.0	1.0	FCGR3A;MS4A7;CD1C;CLEC4C	HLA-DRA		0.0	0.0	0.0	0.0	0.0	0.0
infection_study_01	Myeloid_lineage	28	Non-Classical Monocyte	7	33	0.3971669943922511	0.3971669943922511	0.24242424242424243	0.34454545454545454	0.06818181818181818	0.4127272727272727	0.0	0.0	0.0	1.0	0.39393939393939387	0.24242424242424243	0.030303030303030304	0.24242424242424243	0.379026818399036	0.7575757575757576	0.25757575757575757	0.18181818181818182	0.09090909090909091	S100A8;S100A9;VCAN;CD1C	NKG7;GNLY		0.0	0.0	0.0	0.0	0.0	0.0
infection_study_01	Myeloid_lineage	28	Eosinophil	8	33	0.42322117835554585	0.42322117835554585	0.0	0.17858585858585857	0.0	0.17858585858585857	0.0	0.0	0.0	0.0	0.0	0.0	0.0	0.0	0.025418316515519224	0.3939393939393939	0.1313131313131313	0.0	0.0	S100A8;CD3D;MS4A1			0.0	0.0	0.0	0.0	0.0	0.0
infection_study_01	Myeloid_lineage	28	Basophil	9	33	0.4769681742043551	0.4769681742043551	0.0	0.4187878787878788	0.10227272727272725	0.5210606060606061	0.0	0.0	0.0	0.18181818181818182	0.030303030303030304	0.0	0.0	0.0	0.8883928571428571	0.9090909090909091	0.3333333333333333	0.2727272727272727	0.13636363636363635	CD3D;MS4A1;LST1	CLEC4C;FCER1A		0.0	0.0	0.0	0.0	0.0	0.0
infection_study_01	Myeloid_lineage	28	Mast Cell	10	33	0.49908054766586557	0.49908054766586557	0.0	0.4187878787878788	0.0	0.4187878787878788	0.0	0.0	0.0	0.15151515151515152	0.025252525252525252	0.0	0.0	0.0	0.952153110047847	0.9090909090909091	0.3333333333333333	0.0	0.0	CD3D;MS4A1;LST1			0.0	0.0	0.0	0.0	0.0	0.0
infection_study_01	Myeloid_lineage	29	Neutrophil	1	14	0.9992353069696307	1.0	1.0	0.0	0.3	0.3	0.7	0.7	0.0	1.0	0.8928571428571428	1.0	1.0	1.0	1.0122381144238517	0.0	0.0	0.7142857142857143	0.5714285714285714	CD3D;MS4A1;CD79A	FCN1;LST1		0.0	0.0	1.0	1.0	0.0	3.3
infection_study_01	Myeloid_lineage	29	Classical Monocyte	2	14	0.6809864540091763	1.0	1.0	0.18642857142857142	0.03214285714285714	0.21857142857142856	0.7814285714285715	0.7814285714285715	0.0	1.0	0.5892857142857143	1.0	0.5	1.0	1.0118304470398711	0.42857142857142855	0.10714285714285714	0.07142857142857142	0.07142857142857142	FCGR3A;MS4A7;CD1C;CLEC4C	HLA-DRA		0.0	0.0	1.0	0.7857142857142857	0.0	3.1671428571428573
infection_study_01	Myeloid_lineage	29	Intermediate Monocyte	3	14	0.6167613429466172	0.6167613429466172	0.5	0.03238095238095238	0.1607142857142857	0.19309523809523807	0.3069047619047619	0.3069047619047619	0.0	1.0	0.4047619047619047	0.5	0.07142857142857142	0.5	0.5098975080385852	0.07142857142857142	0.023809523809523808	0.42857142857142855	0.21428571428571427	CD1C;CLEC4C;NKG7	VCAN;FCGR3A		0.0	0.0	0.0	0.0	0.0	0.3069047619047619
infection_study_01	Myeloid_lineage	29	Non-Classical Monocyte	4	14	0.9108404340543297	0.9108404340543297	0.42857142857142855	0.49	0.02678571428571428	0.5167857142857143	0.0	0.0	0.0	1.0	0.3452380952380952	0.42857142857142855	0.0	0.42857142857142855	0.6585355337336021	1.0	0.5	0.07142857142857142	0.03571428571428571	S100A8;S100A9;VCAN;CD1C	NKG7;GNLY		0.0	0.0	0.0	0.0	0.0	0.0
infection_study_01	Myeloid_lineage	29	Eosinophil	5	14	0.42322117835554585	0.42322117835554585	0.0	0.45333333333333337	0.0	0.45333333333333337	0.0	0.0	0.0	0.0	0.0	0.0	0.0	0.0	0.025418316515519224	1.0	0.3333333333333333	0.0	0.0	S100A8;CD3D;MS4A1			0.0	0.0	0.0	0.0	0.0	0.0
infection_study_01	Myeloid_lineage	29	Basophil	6	14	0.4769681742043551	0.4769681742043551	0.0	0.2914285714285714	0.0	0.2914285714285714	0.0	0.0	0.0	0.0	0.0	0.0	0.0	0.0	0.8883928571428571	0.6428571428571429	0.2142857142857143	0.0	0.0	CD3D;MS4A1;LST1	CLEC4C;FCER1A		0.0	0.0	0.0	0.0	0.0	0.0
infection_study_01	Myeloid_lineage	29	Mast Cell	7	14	0.49908054766586557	0.49908054766586557	0.0	0.2914285714285714	0.0	0.2914285714285714	0.0	0.0	0.0	0.0	0.0	0.0	0.0	0.0	0.952153110047847	0.6428571428571429	0.2142857142857143	0.0	0.0	CD3D;MS4A1;LST1			0.0	0.0	0.0	0.0	0.0	0.0
infection_study_01	Myeloid_lineage	29	Plasmacytoid DC	8	14	0.17773650863010707	0.17773650863010707	0.0	0.446	0.024999999999999994	0.471	0.0	0.0	0.0	0.2857142857142857	0.03571428571428571	0.0	0.0	0.0	0.03869336962862143	1.0	0.3	0.07142857142857142	0.023809523809523808	CD3D;MS4A1;CD1C;FCN1;S100A8	MZB1;XBP1;PRDM1		0.0	0.0	0.0	0.0	0.0	0.0
infection_study_01	Myeloid_lineage	29	Conventional DC 1	9	14	0.3425096496977642	0.3425096496977642	0.07142857142857142	0.435	0.03214285714285714	0.46714285714285714	0.0	0.0	0.0	0.07142857142857142	0.011904761904761904	0.07142857142857142	0.0	0.07142857142857142	0.5256012232982715	1.0	0.25	0.07142857142857142	0.07142857142857142	CD1C;FCER1A;CLEC4C;S100A8	HLA-DRA		0.0	0.0	0.0	0.0	0.0	0.0
infection_study_01	Myeloid_lineage	29	Conventional DC 2	10	14	0.1858977860316073	0.1858977860316073	0.0	0.49	0.3	0.6	0.0	0.0	0.0	0.5714285714285714	0.09523809523809523	0.0	0.0	0.0	0.05884092253104672	1.0	0.5	0.7142857142857143	0.5714285714285714	CLEC4C;LILRA4;S100A8;S100A9	FCN1;LST1		0.0	0.0	0.0	0.0	0.0	0.0
infection_study_01	Myeloid_lineage	3	Classical Monocyte	1	1402	0.7956357876338213	1.0	1.0	0.3259950071326676	0.44550641940085595	0.6	0.4	0.4	0.0	1.0	0.9882310984308131	1.0	0.9964336661911555	0.9942938659058488	1.0118304470398711	0.7225392296718973	0.23377318116975748	0.9900142653352354	0.9900142653352354	FCGR3A;MS4A7;CD1C;CLEC4C	HLA-DRA		0.0	0.0	0.9971469329529244	0.9950071326676176	0.0	2.9904422253922966
infection_study_01	Myeloid_lineage	3	Intermediate Monocyte	2	1402	0.8617453208069332	0.9985734664764622	1.0	0.1380979553019496	0.37970756062767475	0.5178055159296243	0.4821944840703757	0.4821944840703757	0.0	1.0	0.9372325249643367	0.9985734664764622	0.9885877318116976	0.9942938659058488	1.008370778882717	0.29885877318116977	0.11150737042320495	0.985734664764622	0.5599144079885877	CD1C;CLEC4C;NKG7	VCAN;FCGR3A		0.0	0.0	0.04065620542082739	0.0	0.0	0.5472444127436995
infection_study_01	Myeloid_lineage	3	Neutrophil	3	1402	0.7964642050833879	0.9978601997146933	1.0	0.022092249167855446	0.4478601997146933	0.4699524488825488	0.5300475511174512	0.5300475511174512	0.0	1.0	0.6540656205420827	0.9978601997146933	0.9914407988587732	0.9964336661911555	1.010093572437671	0.04850213980028531	0.016642891107941035	0.9978601997146933	0.9900142653352354	CD3D;MS4A1;CD79A	FCN1;LST1		0.0	0.0	0.0	0.0	0.0	0.5300475511174512
infection_study_01	Myeloid_lineage	3	Non-Classical Monocyte	4	1402	0.7179830310975166	0.7179830310975166	0.735752505852038	0.5	0.1190798858773181	0.6	0.13575250585203802	0.13575250585203802	0.0	0.9964336661911555	0.49797907750832143	0.7139800285306704	0.15477888730385164	0.666904422253923	1.0870899092854704	0.9992867332382311	0.7717546362339515	0.3102710413694722	0.17332382310984307	S100A8;S100A9;VCAN;CD1C	NKG7;GNLY		0.0	0.0	0.030670470756062766	0.0456490727532097	0.0	0.23047433181494814
infection_study_01	Myeloid_lineage	3	Conventional DC 2	5	1402	0.8816546500619038	0.8816546500619038	0.29874731206833866	0.4896184022824536	0.4478601997146933	0.6	0.0	0.0	0.0	1.0	0.5427960057061341	0.2161198288159772	0.05206847360912981	0.1369472182596291	1.3305099330094459	0.9978601997146933	0.5019614835948645	0.9978601997146933	0.9900142653352354	CLEC4C;LILRA4;S100A8;S100A9	FCN1;LST1		0.0	0.0	0.043509272467902996	0.043509272467902996	0.0	0.1131241084165478
infection_study_01	Myeloid_lineage	3	Eosinophil	6	1402	0.42322117835554585	0.42322117835554585	0.3309557774607703	0.4529766999524488	0.0	0.4529766999524488	0.0	0.0	0.0	0.33166904422253923	0.05563480741797431	0.3309557774607703	0.0014265335235378032	0.3238231098430813	0.8666521869292796	0.992867332382311	0.34403233475986683	0.0	0.0	S100A8;CD3D;MS4A1			0.0	0.0	0.0	0.0	0.0	0.0
infection_study_01	Myeloid_lineage	3	Basophil	7	1402	0.4769681742043551	0.4769681742043551	0.0007132667617689016	0.4497432239657632	0.006686875891583452	0.45643009985734667	0.0	0.0	0.0	0.07275320970042796	0.012125534950071327	0.0007132667617689016	0.0	0.0007132667617689016	0.951758966782148	0.985734664764622	0.3416547788873039	0.01783166904422254	0.00891583452211127	CD3D;MS4A1;LST1	CLEC4C;FCER1A		0.0	0.0	0.0	0.0	0.0	0.0
infection_study_01	Myeloid_lineage	3	Mast Cell	8	1402	0.49908054766586557	0.49908054766586557	0.005730023411531046	0.4497432239657632	0.0	0.4497432239657632	0.0	0.0	0.0	0.0014265335235378032	0.00023775558725630053	0.0007132667617689016	0.0	0.0007132667617689016	1.0200670265990486	0.985734664764622	0.3416547788873039	0.0	0.0	CD3D;MS4A1;LST1			0.0	0.0	0.0	0.0	0.0	0.0
infection_study_01	Myeloid_lineage	3	Plasmacytoid DC	9	1402	0.3704072900735562	0.3704072900735562	0.21825962910128388	0.4742567760342368	0.2682239657631954	0.6	0.0	0.0	0.0	0.5370898716119828	0.08541369472182597	0.21825962910128388	0.011412268188302425	0.14265335235378032	0.883213420010801	0.9992867332382311	0.42967189728958627	0.739657631954351	0.30884450784593437	CD3D;MS4A1;CD1C;FCN1;S100A8	MZB1;XBP1;PRDM1		0.0	0.0	0.0	0.0	0.0	0.0
infection_study_01	Myeloid_lineage	3	Conventional DC 1	10	1402	0.7159165392178283	0.7159165392178283	0.10841654778887304	0.44039942938659055	0.44550641940085595	0.6	0.0	0.0	0.0	0.5641940085592011	0.11329053732762719	0.10841654778887304	0.0007132667617689016	0.10556348074179743	0.7643494326949638	0.9950071326676176	0.2831669044222539	0.9900142653352354	0.9900142653352354	CD1C;FCER1A;CLEC4C;S100A8	HLA-DRA		0.0	0.0	0.0	0.0	0.0	0.0
infection_study_01	Myeloid_lineage	4	Classical Monocyte	1	1203	0.8309664263345714	0.99833748960931	1.0	0.26391521197007484	0.38678304239401495	0.6	0.4	0.4	0.0	0.999168744804655	0.9722568578553616	0.99833748960931	0.9900249376558603	0.9966749792186201	1.0101649236420294	0.5893599334995844	0.18162926018287612	0.8595178719866999	0.8595178719866999	FCGR3A;MS4A7;CD1C;CLEC4C	HLA-DRA		0.0	0.0	0.99833748960931	1.0	0.0	2.997339983374896
infection_study_01	Myeloid_lineage	4	Neutrophil	2	1203	0.8897385478115214	0.99833748960931	1.0	0.01481850928234968	0.44301745635910217	0.45783596564145185	0.5421640343585481	0.5421640343585481	0.0	1.0	0.6471321695760598	0.99833748960931	0.9966749792186201	0.99833748960931	1.0105719199851566	0.032418952618453865	0.0113604876697146	0.9900249376558603	0.9733998337489609	CD3D;MS4A1;CD79A	FCN1;LST1		0.0	0.0	0.025768911055694097	0.025768911055694097	0.0	0.6091632031033527
infection_study_01	Myeloid_lineage	4	Intermediate Monocyte	3	1203	0.7738966571990387	0.9842061512884456	1.0	0.1719977833194791	0.37655860349127185	0.5485563868107509	0.4514436131892491	0.4514436131892491	0.0	0.99833748960931	0.8784981989470767	0.9842061512884456	0.8802992518703242	0.9758935993349959	0.9940063510168845	0.3773898586866168	0.12995289553893044	0.9750623441396509	0.5602660016625104	CD1C;CLEC4C;NKG7	VCAN;FCGR3A		0.0	0.0	0.00997506234413965	0.0	0.0	0.46740371293987254
infection_study_01	Myeloid_lineage	4	Eosinophil	4	1203	0.8517587939698492	0.8517587939698492	0.5774822427900106	0.4532889997229149	0.0	0.4532889997229149	0.12419324306709567	0.12419324306709567	0.0	0.5020781379883624	0.08700471044610696	0.5020781379883624	0.019118869492934332	0.5004156275976724	1.3016164192065924	0.9966749792186201	0.3388750346356331	0.0	0.0	S100A8;CD3D;MS4A1			0.0	0.0	0.0	0.0	0.0	0.12419324306709567
infection_study_01	Myeloid_lineage	4	Non-Classical Monocyte	5	1203	0.6639356201296337	0.6639356201296337	0.5976724854530341	0.5	0.13709476309226934	0.6	0.0	0.0	0.0	0.9825436408977556	0.4337766694375173	0.5976724854530341	0.13050706566916043	0.5386533665835411	0.9124486878831493	0.999168744804655	0.750831255195345	0.3632585203657523	0.18744804655029093	S100A8;S100A9;VCAN;CD1C	NKG7;GNLY		0.0	0.0	0.011637572734829594	0.01662510390689942	0.0	0.03524522028262677
infection_study_01	Myeloid_lineage	4	Conventional DC 2	6	1203	0.615177335955138	0.615177335955138	0.08229426433915212	0.4893225270157938	0.44301745635910217	0.6	0.0	0.0	0.0	0.9900249376558603	0.47755610972568574	0.08229426433915212	0.006650041562759767	0.05236907730673317	0.5430679658039996	0.99833748960931	0.4997921862011638	0.9900249376558603	0.9733998337489609	CLEC4C;LILRA4;S100A8;S100A9	FCN1;LST1		0.0	0.0	0.0033250207813798837	0.0033250207813798837	0.0	0.008645054031587699
infection_study_01	Myeloid_lineage	4	Basophil	7	1203	0.4769681742043551	0.4769681742043551	0.0	0.44160709337766696	0.0018703241895261845	0.44347741756719317	0.0	0.0	0.0	0.013300083125519535	0.0022166805209199226	0.0	0.0	0.0	0.8883928571428571	0.970906068162926	0.33028539761706843	0.004987531172069825	0.0024937655860349127	CD3D;MS4A1;LST1	CLEC4C;FCER1A		0.0	0.0	0.0	0.0	0.0	0.0
infection_study_01	Myeloid_lineage	4	Mast Cell	8	1203	0.49908054766586557	0.49908054766586557	0.0	0.44160709337766696	0.0	0.44160709337766696	0.0	0.0	0.0	0.0	0.0	0.0	0.0	0.0	0.952153110047847	0.970906068162926	0.33028539761706843	0.0	0.0	CD3D;MS4A1;LST1			0.0	0.0	0.0	0.0	0.0	0.0
infection_study_01	Myeloid_lineage	4	Plasmacytoid DC	9	1203	0.17773650863010707	0.17773650863010707	0.1396508728179551	0.4686118038237739	0.21862011637572737	0.6	0.0	0.0	0.0	0.4314214463840399	0.06535743973399834	0.1396508728179551	0.0008312551953449709	0.12635078969243557	0.5790496537190952	0.99833748960931	0.40565253532834583	0.6026600166251039	0.2521474092546412	CD3D;MS4A1;CD1C;FCN1;S100A8	MZB1;XBP1;PRDM1		0.0	0.0	0.0	0.0	0.0	0.0
infection_study_01	Myeloid_lineage	4	Conventional DC 1	10	1203	0.3425096496977642	0.3425096496977642	0.04821280133000831	0.43579384871155447	0.38678304239401495	0.6	0.0	0.0	0.0	0.3740648379052369	0.06982543640897756	0.04821280133000831	0.0	0.046550290939318374	0.3757491879556164	0.9966749792186201	0.2593516209476309	0.8595178719866999	0.8595178719866999	CD1C;FCER1A;CLEC4C;S100A8	HLA-DRA		0.0	0.0	0.0	0.0	0.0	0.0
infection_study_01	Myeloid_lineage	5	Classical Monocyte	1	1161	0.8808171291238802	1.0	1.0	0.12290267011197245	0.39651162790697675	0.5194142980189492	0.4805857019810508	0.4805857019810508	0.0	1.0	0.9275409130060293	1.0	0.9888027562446167	1.0	1.0118304470398711	0.28079242032730406	0.07364341085271318	0.8811369509043928	0.8811369509043928	FCGR3A;MS4A7;CD1C;CLEC4C	HLA-DRA		0.0	0.0	1.0	1.0	0.0	3.0805857019810508
infection_study_01	Myeloid_lineage	5	Neutrophil	2	1161	0.9210363411259195	1.0	1.0	0.038656330749354	0.43365633074935395	0.47231266149870793	0.5276873385012921	0.5276873385012921	0.0	1.0	0.589434395635946	1.0	0.9991386735572783	1.0	1.0122381144238517	0.08527131782945736	0.028423772609819115	0.983634797588286	0.9237726098191215	CD3D;MS4A1;CD79A	FCN1;LST1		0.0	0.0	0.02153316106804479	0.023255813953488372	0.0	0.5853962101636522
infection_study_01	Myeloid_lineage	5	Intermediate Monocyte	3	1161	0.812886898259413	0.9827734711455641	1.0	0.22536319265001437	0.3669896640826873	0.5923528567327017	0.40764714326729834	0.40764714326729834	0.0	1.0	0.8151019236290553	0.9827734711455641	0.8561584840654608	0.9285099052540913	0.9925739587920381	0.49698535745047373	0.16594889463106519	0.9681309216192937	0.5103359173126615	CD1C;CLEC4C;NKG7	VCAN;FCGR3A		0.0	0.0	0.0	0.0	0.0	0.40764714326729834
infection_study_01	Myeloid_lineage	5	Eosinophil	4	1161	0.9250782900007283	0.9250782900007283	0.6663509716574203	0.45939707149009473	0.0	0.45939707149009473	0.20695390016732557	0.20695390016732557	0.0	0.5564168819982773	0.09804766006316394	0.5564168819982773	0.03186907838070629	0.5555555555555556	1.4397363586365717	1.0	0.36089577950043067	0.0	0.0	S100A8;CD3D;MS4A1			0.0	0.0	0.0	0.0	0.0	0.20695390016732557
infection_study_01	Myeloid_lineage	5	Conventional DC 2	5	1161	0.6225693685820406	0.6225693685820406	0.009474590869939707	0.4902842377260982	0.43365633074935395	0.6	0.0	0.0	0.0	0.9931093884582257	0.46181452770600057	0.009474590869939707	0.0	0.009474590869939707	0.1145902892701952	1.0	0.5012919896640827	0.983634797588286	0.9237726098191215	CLEC4C;LILRA4;S100A8;S100A9	FCN1;LST1		0.0	0.0	0.002583979328165375	0.002583979328165375	0.0	0.006718346253229975
infection_study_01	Myeloid_lineage	5	Non-Classical Monocyte	6	1161	0.6493063141795936	0.6493063141795936	0.32385874246339363	0.5	0.2395348837209302	0.6	0.0	0.0	0.0	0.970714900947459	0.3330462245190927	0.32385874246339363	0.03617571059431524	0.24031007751937986	0.5013045329375638	1.0	0.741817398794143	0.6080964685615848	0.38070628768303183	S100A8;S100A9;VCAN;CD1C	NKG7;GNLY		0.0	0.0	0.0008613264427217916	0.0008613264427217916	0.0	0.002239448751076658
infection_study_01	Myeloid_lineage	5	Basophil	7	1161	0.4769681742043551	0.4769681742043551	0.0	0.42400229687051394	0.0006459948320413436	0.4246482917025553	0.0	0.0	0.0	0.015503875968992248	0.002583979328165375	0.0	0.0	0.0	0.8883928571428571	0.9224806201550387	0.33390755096181457	0.0017226528854435831	0.0008613264427217916	CD3D;MS4A1;LST1	CLEC4C;FCER1A		0.0	0.0	0.0	0.0	0.0	0.0
infection_study_01	Myeloid_lineage	5	Mast Cell	8	1161	0.49908054766586557	0.49908054766586557	0.009402470234783626	0.42400229687051394	0.0	0.42400229687051394	0.0	0.0	0.0	0.0008613264427217916	0.0001435544071202986	0.0008613264427217916	0.0	0.0008613264427217916	1.0341645751682473	0.9224806201550387	0.33390755096181457	0.0	0.0	CD3D;MS4A1;LST1			0.0	0.0	0.0	0.0	0.0	0.0
infection_study_01	Myeloid_lineage	5	Plasmacytoid DC	9	1161	0.41730391085864105	0.41730391085864105	0.12919896640826872	0.46849267872523687	0.14655469422911283	0.6	0.0	0.0	0.0	0.5107665805340224	0.08128768303186906	0.12919896640826872	0.006029285099052541	0.11369509043927649	0.5386077059157199	1.0	0.40223944875107664	0.4117140396210164	0.1536032156187195	CD3D;MS4A1;CD1C;FCN1;S100A8	MZB1;XBP1;PRDM1		0.0	0.0	0.0	0.0	0.0	0.0
infection_study_01	Myeloid_lineage	5	Conventional DC 1	10	1161	0.3425096496977642	0.3425096496977642	0.014642549526270457	0.4350947459086994	0.39651162790697675	0.6	0.0	0.0	0.0	0.18863049095607234	0.03316106804478897	0.014642549526270457	0.0	0.013781223083548665	0.15906154251468768	1.0	0.25043066322136087	0.8811369509043928	0.8811369509043928	CD1C;FCER1A;CLEC4C;S100A8	HLA-DRA		0.0	0.0	0.0	0.0	0.0	0.0
infection_study_01	Myeloid_lineage	6	Classical Monocyte	1	1157	0.8587684800815673	1.0	1.0	0.35883751080380294	0.44688850475367325	0.6	0.4	0.4	0.0	1.0	0.9880077787381158	1.0	0.9991356957649092	0.9982713915298185	1.0118304470398711	0.7925669835782195	0.26210025929127057	0.993085566119274	0.993085566119274	FCGR3A;MS4A7;CD1C;CLEC4C	HLA-DRA		0.0	0.0	1.0	1.0	0.0	3.0
infection_study_01	Myeloid_lineage	6	Intermediate Monocyte	2	1157	0.8824557570461	0.9991356957649092	1.0	0.1144396427542495	0.3919835782195332	0.5064232209737827	0.4935767790262173	0.4935767790262173	0.0	1.0	0.951022760011524	0.9991356957649092	0.9913569576490925	0.9956784788245462	1.0089328951829628	0.2497839239412273	0.08873523480265054	0.996542783059637	0.6201382886776146	CD1C;CLEC4C;NKG7	VCAN;FCGR3A		0.0	0.0	0.03111495246326707	0.0	0.0	0.5433607029674447
infection_study_01	Myeloid_lineage	6	Neutrophil	3	1157	0.7909656980554949	1.0	1.0	0.02233362143474503	0.4492221261884183	0.4715557476231633	0.5284442523768367	0.5284442523768367	0.0	1.0	0.6441947565543071	1.0	0.9974070872947277	0.9991356957649092	1.0122381144238517	0.049265341400172864	0.016421780466724288	1.0	0.9948141745894554	CD3D;MS4A1;CD79A	FCN1;LST1		0.0	0.0	0.0	0.0	0.0	0.5284442523768367
infection_study_01	Myeloid_lineage	6	Non-Classical Monocyte	4	1157	0.7967008957832642	0.8141745894554884	0.8735587728510256	0.5	0.11901469317199653	0.6	0.2735587728510256	0.2735587728510256	0.0	1.0	0.541774704696053	0.8141745894554884	0.30682800345721695	0.7312013828867762	1.2375367335821488	1.0	0.7655574762316336	0.3111495246326707	0.17113223854796888	S100A8;S100A9;VCAN;CD1C	NKG7;GNLY		0.0	0.0	0.003457216940363008	0.032843560933448576	0.0	0.311933880889055
infection_study_01	Myeloid_lineage	6	Conventional DC 2	5	1157	0.8299104216735853	0.8299104216735853	0.22388910583101237	0.48995246326707	0.4492221261884183	0.6	0.0	0.0	0.0	1.0	0.5328435609334486	0.18582541054451165	0.025064822817631807	0.13396715643906656	1.1522547811460029	1.0	0.4997839239412273	1.0	0.9948141745894554	CLEC4C;LILRA4;S100A8;S100A9	FCN1;LST1		0.0	0.0	0.032843560933448576	0.032843560933448576	0.0	0.0853932584269663
infection_study_01	Myeloid_lineage	6	Plasmacytoid DC	6	1157	0.40459544097298084	0.40459544097298084	0.30209306823970156	0.4726015557476232	0.15656871218668972	0.6	0.0	0.0	0.0	0.6611927398444253	0.11192739844425237	0.2757130509939499	0.020743301642178046	0.22990492653414002	1.1055200689830067	1.0	0.4209161624891962	0.44338807260155577	0.15701526937481994	CD3D;MS4A1;CD1C;FCN1;S100A8	MZB1;XBP1;PRDM1		0.0	0.0	0.003457216940363008	0.003457216940363008	0.0	0.008988764044943821
infection_study_01	Myeloid_lineage	6	Basophil	7	1157	0.4769681742043551	0.4769681742043551	0.052339602111371744	0.4535061941803515	0.002592912705272256	0.4560991068856237	0.0	0.0	0.0	0.0682800345721694	0.011524056467876692	0.003457216940363008	0.0	0.0025929127052722557	1.195529540684035	0.9939498703543648	0.3445692883895131	0.006914433880726016	0.003457216940363008	CD3D;MS4A1;LST1	CLEC4C;FCER1A		0.0	0.0	0.0	0.0	0.0	0.0
infection_study_01	Myeloid_lineage	6	Eosinophil	8	1157	0.42322117835554585	0.42322117835554585	0.42495578292837405	0.4554652837798905	0.0	0.4554652837798905	0.0	0.0	0.0	0.4096802074330164	0.07044079515989628	0.40881590319792566	0.01296456352636128	0.40363007778738114	1.0645595189217936	0.9982713915298185	0.34600979544799765	0.0	0.0	S100A8;CD3D;MS4A1			0.0	0.0	0.0	0.0	0.0	0.0
infection_study_01	Myeloid_lineage	6	Mast Cell	9	1157	0.49908054766586557	0.49908054766586557	0.0	0.4535061941803515	0.0	0.4535061941803515	0.0	0.0	0.0	0.003457216940363008	0.0005762028233938346	0.0	0.0	0.0	0.952153110047847	0.9939498703543648	0.3445692883895131	0.0	0.0	CD3D;MS4A1;LST1			0.0	0.0	0.0	0.0	0.0	0.0
infection_study_01	Myeloid_lineage	6	Conventional DC 1	10	1157	0.7115468647585755	0.7115468647585755	0.12705272255834055	0.4385263612791703	0.44688850475367325	0.6	0.0	0.0	0.0	0.5652549697493517	0.11956208585422068	0.12705272255834055	0.000864304235090752	0.12705272255834055	0.8846413165458894	0.9982713915298185	0.26901469317199656	0.993085566119274	0.993085566119274	CD1C;FCER1A;CLEC4C;S100A8	HLA-DRA		0.0	0.0	0.0	0.0	0.0	0.0
infection_study_01	Myeloid_lineage	7	Classical Monocyte	1	1073	0.7861226421964896	1.0	1.0	0.3232525629077353	0.4487418452935694	0.6	0.4	0.4	0.0	1.0	0.9864864864864864	1.0	0.9972041006523765	0.9972041006523765	1.0118304470398711	0.7138863000931966	0.23625349487418454	0.9972041006523765	0.9972041006523765	FCGR3A;MS4A7;CD1C;CLEC4C	HLA-DRA		0.0	0.0	0.9934762348555451	0.9990680335507922	0.0	2.9886300093196643
infection_study_01	Myeloid_lineage	7	Intermediate Monocyte	2	1073	0.8653229917704465	1.0	1.0	0.13483690587138863	0.3799627213420317	0.5147996272134203	0.4852003727865797	0.4852003727865797	0.0	1.0	0.9327430879155015	1.0	0.9925442684063374	0.9972041006523765	1.0097970257234727	0.2917054986020503	0.10904007455731594	0.9757688723205965	0.581547064305685	CD1C;CLEC4C;NKG7	VCAN;FCGR3A		0.0	0.0	0.08574091332712022	0.0	0.0	0.6223858341099721
infection_study_01	Myeloid_lineage	7	Neutrophil	3	1073	0.7564998907581385	0.9990680335507922	1.0	0.018235476856166513	0.4481826654240447	0.4664181422802112	0.5335818577197888	0.5335818577197888	0.0	1.0	0.6418142280211246	0.9990680335507922	0.994408201304753	0.9972041006523765	1.0113040827790474	0.04007455731593663	0.01366884125504815	0.9981360671015843	0.9916123019571295	CD3D;MS4A1;CD79A	FCN1;LST1		0.0	0.0	0.0	0.0	0.0	0.5335818577197888
infection_study_01	Myeloid_lineage	7	Non-Classical Monocyte	4	1073	0.7250746486053455	0.7250746486053455	0.711269121995906	0.5	0.12742311276794036	0.6	0.111269121995906	0.111269121995906	0.0	0.9972041006523765	0.49922336129232686	0.6961789375582479	0.16589002795899346	0.6206896551724138	1.0603607377506326	0.9990680335507922	0.7637465051258155	0.33271202236719477	0.18406337371854614	S100A8;S100A9;VCAN;CD1C	NKG7;GNLY		0.0	0.0	0.07455731593662628	0.09599254426840634	0.0	0.3265533717629144
infection_study_01	Myeloid_lineage	7	Conventional DC 2	5	1073	0.8965479571771903	0.8965479571771903	0.3934048217552163	0.4894920782851818	0.4481826654240447	0.6	0.0	0.0	0.0	1.0	0.5493942218080149	0.25442684063373716	0.048462255358807084	0.15284249767008387	1.5559119244859165	0.9990680335507922	0.49930102516309416	0.9981360671015843	0.9916123019571295	CLEC4C;LILRA4;S100A8;S100A9	FCN1;LST1		0.0	0.0	0.11649580615097857	0.11649580615097857	0.0	0.3028890959925443
infection_study_01	Myeloid_lineage	7	Plasmacytoid DC	6	1073	0.17773650863010707	0.19105312208760486	0.19105312208760486	0.47328984156570364	0.22022367194780987	0.6	0.0	0.0	0.0	0.4547996272134203	0.07117893755824792	0.19105312208760486	0.012115563839701771	0.13140726933830382	0.7779422767924047	1.0	0.42404473438956203	0.6188257222739981	0.2305063684374029	CD3D;MS4A1;CD1C;FCN1;S100A8	MZB1;XBP1;PRDM1		0.0	0.0	0.003727865796831314	0.003727865796831314	0.0	0.009692451071761417
infection_study_01	Myeloid_lineage	7	Basophil	7	1073	0.4769681742043551	0.4769681742043551	0.015359764012781243	0.4515936626281454	0.016775396085740912	0.4683690587138863	0.0	0.0	0.0	0.07082945013979497	0.011804908356632495	0.001863932898415657	0.0	0.001863932898415657	1.0539833244574623	0.9925442684063374	0.3383038210624418	0.04473438956197577	0.022367194780987882	CD3D;MS4A1;LST1	CLEC4C;FCER1A		0.0	0.0	0.0	0.0	0.0	0.0
infection_study_01	Myeloid_lineage	7	Eosinophil	8	1073	0.42322117835554585	0.42322117835554585	0.19757688723205966	0.45370611991301646	0.0	0.45370611991301646	0.0	0.0	0.0	0.19757688723205966	0.03355079217148183	0.19757688723205966	0.003727865796831314	0.195712954333644	0.5276255020970734	0.9972041006523765	0.33985709847778817	0.0	0.0	S100A8;CD3D;MS4A1			0.0	0.0	0.0	0.0	0.0	0.0
infection_study_01	Myeloid_lineage	7	Mast Cell	9	1073	0.49908054766586557	0.49908054766586557	0.0	0.4515936626281454	0.0	0.4515936626281454	0.0	0.0	0.0	0.001863932898415657	0.00031065548306927616	0.0	0.0	0.0	0.952153110047847	0.9925442684063374	0.3383038210624418	0.0	0.0	CD3D;MS4A1;LST1			0.0	0.0	0.0	0.0	0.0	0.0
infection_study_01	Myeloid_lineage	7	Conventional DC 1	10	1073	0.7358713859150826	0.7358713859150826	0.06710158434296365	0.4426467847157502	0.4487418452935694	0.6	0.0	0.0	0.0	0.6262814538676608	0.12208760484622554	0.06710158434296365	0.0	0.06710158434296365	0.49767159533732613	0.9981360671015843	0.28797763280521904	0.9972041006523765	0.9972041006523765	CD1C;FCER1A;CLEC4C;S100A8	HLA-DRA		0.0	0.0	0.0	0.0	0.0	0.0
infection_study_01	Myeloid_lineage	8	Classical Monocyte	1	975	0.9222380016022139	1.0	1.0	0.2842717948717949	0.44907692307692304	0.6	0.4	0.4	0.0	1.0	0.9910256410256411	1.0	1.0	1.0	1.0118304470398711	0.638974358974359	0.18846153846153846	0.997948717948718	0.997948717948718	FCGR3A;MS4A7;CD1C;CLEC4C	HLA-DRA		0.0	0.0	1.0	1.0	0.0	3.0
infection_study_01	Myeloid_lineage	8	Eosinophil	2	975	0.9674823392323939	0.9674823392323939	1.0	0.47273846153846155	0.0	0.47273846153846155	0.5272615384615384	0.5272615384615384	0.0	0.9302564102564103	0.1723076923076923	0.9302564102564103	0.10358974358974359	0.9302564102564103	2.3899735041643333	1.0	0.4215384615384615	0.0	0.0	S100A8;CD3D;MS4A1			0.0	0.0	0.0	0.0	0.0	0.5272615384615384
infection_study_01	Myeloid_lineage	8	Neutrophil	3	975	0.9031206758429831	1.0	1.0	0.1252102564102564	0.44899999999999995	0.5742102564102564	0.42578974358974364	0.42578974358974364	0.0	1.0	0.6442735042735043	1.0	1.0	1.0	1.0122381144238517	0.27487179487179486	0.09435897435897435	0.9989743589743589	0.9953846153846153	CD3D;MS4A1;CD79A	FCN1;LST1		0.0	0.0	0.0	0.0010256410256410256	0.0	0.42681538461538465
infection_study_01	Myeloid_lineage	8	Intermediate Monocyte	4	975	0.8986235525453353	1.0	1.0	0.40457435897435895	0.3879230769230769	0.6	0.4	0.4	0.0	1.0	0.9271794871794871	1.0	0.9969230769230769	0.9989743589743589	1.0097970257234727	0.8912820512820513	0.29948717948717946	1.0	0.5861538461538461	CD1C;CLEC4C;NKG7	VCAN;FCGR3A		0.0	0.0	0.0	0.0	0.0	0.4
infection_study_01	Myeloid_lineage	8	Non-Classical Monocyte	5	975	0.7078144344912971	0.7078144344912971	0.710176621838887	0.5	0.39692307692307693	0.6	0.11017662183888699	0.11017662183888699	0.0	1.0	0.5152136752136752	0.6953846153846154	0.20923076923076922	0.5743589743589743	1.0591680258170864	1.0	0.7507692307692307	0.9476923076923077	0.7507692307692309	S100A8;S100A9;VCAN;CD1C	NKG7;GNLY		0.0	0.0	0.0	0.0	0.0	0.11017662183888699
infection_study_01	Myeloid_lineage	8	Basophil	6	975	0.4769681742043551	0.4769681742043551	0.0	0.4697982905982906	0.0019230769230769232	0.4717213675213675	0.0	0.0	0.0	0.09435897435897436	0.015726495726495728	0.0	0.0	0.0	0.8883928571428571	0.9938461538461538	0.4188034188034188	0.005128205128205128	0.002564102564102564	CD3D;MS4A1;LST1	CLEC4C;FCER1A		0.0	0.0	0.0	0.0	0.0	0.0
infection_study_01	Myeloid_lineage	8	Mast Cell	7	975	0.49908054766586557	0.49908054766586557	0.0	0.4697982905982906	0.0	0.4697982905982906	0.0	0.0	0.0	0.0	0.0	0.0	0.0	0.0	0.952153110047847	0.9938461538461538	0.4188034188034188	0.0	0.0	CD3D;MS4A1;LST1			0.0	0.0	0.0	0.0	0.0	0.0
infection_study_01	Myeloid_lineage	8	Plasmacytoid DC	8	975	0.5295863374845241	0.5295863374845241	0.36904251235186486	0.47973333333333334	0.30358974358974355	0.6	0.0	0.0	0.0	0.8543589743589743	0.18205128205128204	0.30974358974358973	0.03076923076923077	0.22974358974358974	1.2371956904331005	1.0	0.4533333333333333	0.8266666666666667	0.3705982905982906	CD3D;MS4A1;CD1C;FCN1;S100A8	MZB1;XBP1;PRDM1		0.0	0.0	0.0	0.0	0.0	0.0
infection_study_01	Myeloid_lineage	8	Conventional DC 1	9	975	0.3425096496977642	0.3425096496977642	0.08102564102564103	0.4354512820512821	0.44907692307692304	0.6	0.0	0.0	0.0	0.4676923076923077	0.08905982905982907	0.08102564102564103	0.0010256410256410256	0.07692307692307693	0.5875479261791295	1.0	0.2520512820512821	0.997948717948718	0.997948717948718	CD1C;FCER1A;CLEC4C;S100A8	HLA-DRA		0.0	0.0	0.0	0.0	0.0	0.0
infection_study_01	Myeloid_lineage	8	Conventional DC 2	10	975	0.7477969557934601	0.7477969557934601	0.08717948717948718	0.4909025641025641	0.44899999999999995	0.6	0.0	0.0	0.0	1.0	0.514017094017094	0.08717948717948718	0.0	0.08307692307692308	0.5718130676735053	1.0	0.504102564102564	0.9989743589743589	0.9953846153846153	CLEC4C;LILRA4;S100A8;S100A9	FCN1;LST1		0.0	0.0	0.0	0.0	0.0	0.0
infection_study_01	Myeloid_lineage	9	Classical Monocyte	1	957	0.8539254242225621	1.0	1.0	0.31610240334378265	0.4452978056426332	0.6	0.4	0.4	0.0	1.0	0.9907262277951934	1.0	0.9968652037617555	0.9989550679205852	1.0118304470398711	0.6990595611285266	0.22936259143155693	0.9895506792058516	0.9895506792058516	FCGR3A;MS4A7;CD1C;CLEC4C	HLA-DRA		0.0	0.0	0.9979101358411703	0.9979101358411703	0.0	2.9945663531870426
infection_study_01	Myeloid_lineage	9	Intermediate Monocyte	2	957	0.843656689243318	0.9989550679205852	1.0	0.10906304423545803	0.3786833855799373	0.48774642981539534	0.5122535701846047	0.5122535701846047	0.0	1.0	0.9336468129571577	0.9989550679205852	0.9905956112852664	0.9937304075235109	1.008752303638447	0.23719958202716823	0.08603274120515499	0.9728317659352143	0.5788923719958202	CD1C;CLEC4C;NKG7	VCAN;FCGR3A		0.0	0.0	0.06269592476489028	0.0	0.0	0.6125670498084291
infection_study_01	Myeloid_lineage	9	Neutrophil	3	957	0.8237928774306315	1.0	1.0	0.02289097875304772	0.44921630094043885	0.4721072796934866	0.5278927203065134	0.5278927203065134	0.0	1.0	0.6536050156739812	1.0	0.9979101358411703	0.9989550679205852	1.0122381144238517	0.050156739811912224	0.017415534656913968	1.0	0.9947753396029257	CD3D;MS4A1;CD79A	FCN1;LST1		0.0	0.0	0.0	0.0	0.0	0.5278927203065134
infection_study_01	Myeloid_lineage	9	Non-Classical Monocyte	4	957	0.7275690044425024	0.7377220480668757	0.7684069638695397	0.5	0.09976489028213166	0.5997648902821316	0.16864207358740801	0.16864207358740801	0.0	1.0	0.5447579240682688	0.7377220480668757	0.2936259143155695	0.6290491118077325	1.122739663210656	1.0	0.759926854754441	0.2601880877742947	0.14472309299895506	S100A8;S100A9;VCAN;CD1C	NKG7;GNLY		0.0	0.0	0.04806687565308255	0.07314524555903866	0.0	0.3186943201913788
infection_study_01	Myeloid_lineage	9	Conventional DC 2	5	957	0.7924586701624062	0.7924586701624062	0.2578820227808788	0.4899425287356322	0.44921630094043885	0.6	0.0	0.0	0.0	1.0	0.5369209334726576	0.19958202716823406	0.03657262277951933	0.1452455590386625	1.2331999824505788	1.0	0.4997387669801463	1.0	0.9947753396029257	CLEC4C;LILRA4;S100A8;S100A9	FCN1;LST1		0.0	0.0	0.07628004179728318	0.07628004179728318	0.0	0.19832810867293627
infection_study_01	Myeloid_lineage	9	Plasmacytoid DC	6	957	0.17773650863010707	0.21003134796238246	0.21003134796238246	0.4731954022988506	0.14205851619644722	0.6	0.0	0.0	0.0	0.45454545454545453	0.07105538140020899	0.21003134796238246	0.013584117032392894	0.14315569487983282	0.8513754276592284	1.0	0.4236154649947753	0.400208986415883	0.14663880181121558	CD3D;MS4A1;CD1C;FCN1;S100A8	MZB1;XBP1;PRDM1		0.0	0.0	0.0041797283176593526	0.0041797283176593526	0.0	0.010867293625914317
infection_study_01	Myeloid_lineage	9	Conventional DC 1	7	957	0.7164263345714078	0.7164263345714078	0.2195038623170649	0.4402298850574713	0.4452978056426332	0.6	0.0	0.0	0.0	0.6071055381400209	0.1299198885405782	0.17345872518286312	0.0010449320794148381	0.1724137931034483	1.184180548536807	1.0	0.27377220480668757	0.9895506792058516	0.9895506792058516	CD1C;FCER1A;CLEC4C;S100A8	HLA-DRA		0.0	0.0	0.0020898641588296763	0.0020898641588296763	0.0	0.0054336468129571585
infection_study_01	Myeloid_lineage	9	Eosinophil	8	957	0.42322117835554585	0.42322117835554585	0.20480668756530826	0.4561685823754789	0.0	0.4561685823754789	0.0	0.0	0.0	0.20480668756530826	0.034134447927551374	0.20480668756530826	0.0	0.20376175548589343	0.5460024374185253	1.0	0.34622082897944967	0.0	0.0	S100A8;CD3D;MS4A1			0.0	0.0	0.0	0.0	0.0	0.0
infection_study_01	Myeloid_lineage	9	Basophil	9	957	0.4769681742043551	0.4769681742043551	0.020603588222122722	0.45435040055729714	0.003918495297805642	0.4582688958551028	0.0	0.0	0.0	0.08881922675026123	0.014977359804946013	0.0020898641588296763	0.0	0.0020898641588296763	1.0740548962531722	0.9958202716823407	0.34517589690003486	0.01044932079414838	0.00522466039707419	CD3D;MS4A1;LST1	CLEC4C;FCER1A		0.0	0.0	0.0	0.0	0.0	0.0
infection_study_01	Myeloid_lineage	9	Mast Cell	10	957	0.49908054766586557	0.49908054766586557	0.0	0.45435040055729714	0.0	0.45435040055729714	0.0	0.0	0.0	0.0020898641588296763	0.00034831069313827936	0.0	0.0	0.0	0.952153110047847	0.9958202716823407	0.34517589690003486	0.0	0.0	CD3D;MS4A1;LST1			0.0	0.0	0.0	0.0	0.0	0.0
