study	lineage	cluster	candidate_label	rank_within_cluster	n_cells	marker_pct	marker_decision_score	marker_base_score	negative_marker_penalty	confound_marker_penalty	marker_penalty	marker_discriminative_score	marker_gate_score	key_marker_bonus	marker_any_fraction	marker_mean_positive_fraction	key_marker_any_fraction	key_marker_two_fraction	key_marker_max_fraction	key_marker_enrichment	negative_marker_any_fraction	negative_marker_mean_positive_fraction	confound_marker_any_fraction	confound_marker_mean_positive_fraction	available_negative_markers	available_confound_markers	available_policy_required_markers	policy_required_any_fraction	policy_required_mean_positive_fraction	ref_fraction	raw_fraction	screfmapping_fraction	total_score
infection_study_01	T_NK_lineage	0	CD8 Cytotoxic / T Effector Memory	1	1329	0.9800087393489185	1.0	1.0	0.06031978931527464	0.4	0.4603197893152747	0.5396802106847254	0.5396802106847254	0.0	1.0	0.9655243176687872	1.0	0.9857035364936042	0.999247554552295	1.1959145989613387	0.1361926260346125	0.03893905191873589	0.9413092550790068	0.7840481565086531	CCR7;TCF7;LEF1;MS4A1	KLRD1;FCGR3A		0.0	0.0	0.9977426636568849	0.9796839729119639	0.0	3.115752445447705
infection_study_01	T_NK_lineage	0	CD8 Naive / T Central Memory	2	1329	0.8968938897385478	0.9480812641083521	1.0	0.5	0.020316027088036117	0.5203160270880361	0.47968397291196385	0.47968397291196385	0.0	0.9984951091045899	0.5366608143131846	0.9480812641083521	0.1038374717832957	0.9375470278404816	1.41833517585082	0.999247554552295	0.9571106094808127	0.045146726862302484	0.045146726862302484	NKG7;GNLY;GZMB;PRF1	CD4		0.0	0.0	0.029345372460496615	0.0	0.0	0.5266365688487584
infection_study_01	T_NK_lineage	0	CD4 T Effector Memory	3	1329	0.8663425824776054	1.0	1.0	0.05622648607975921	0.4433408577878104	0.4995673438675696	0.5004326561324304	0.5004326561324304	0.0	1.0	0.5540506646601455	1.0	0.28442437923250563	1.0	1.1714182360787684	0.127163280662152	0.03592927012791572	0.999247554552295	0.9571106094808127	CCR7;TCF7;LEF1;FOXP3	NKG7;GNLY;GZMB;PRF1		0.0	0.0	0.012039127163280662	0.0	0.0007524454477050414	0.5205981941309256
infection_study_01	T_NK_lineage	0	NKT Cell	4	1329	0.9730536741679412	1.0	1.0	0.11454477050413844	0.4246613995485327	0.5392061700526711	0.46079382994732887	0.46079382994732887	0.0	1.0	0.8140384822100398	1.0	0.9804364183596689	0.999247554552295	1.032439972103218	0.23325808878856283	0.11775771256583897	0.9563581640331076	0.918359668924003	MS4A1;LST1	CD8A;CD8B		0.0	0.0	0.0	0.0	0.0	0.46079382994732887
infection_study_01	T_NK_lineage	0	NK Cell	5	1329	0.8517770009467628	0.999247554552295	1.0	0.5	0.4246613995485327	0.6	0.4	0.4	0.0	1.0	0.8543077501881113	0.999247554552295	0.9751693002257337	0.999247554552295	1.232753150040066	0.9977426636568849	0.6329571106094808	0.9563581640331076	0.918359668924003	CD3D;CD3E;TRAC;MS4A1;LST1	CD8A;CD8B		0.0	0.0	0.012791572610985704	0.005267118133935289	0.0	0.42573363431151245
infection_study_01	T_NK_lineage	0	gdT Cell	6	1329	0.9126793387225985	0.9126793387225985	0.8074279293314621	0.11454477050413844	0.43961625282167044	0.5541610233258089	0.25326690600565327	0.25326690600565327	0.0	0.9984951091045899	0.4678956608979183	0.745673438675696	0.08201655379984951	0.7110609480812641	1.2470179626230646	0.23325808878856283	0.11775771256583897	0.999247554552295	0.9322799097065463	MS4A1;LST1	NKG7;GNLY		0.0	0.0	0.009029345372460496	0.002257336343115124	0.0	0.2699711949447052
infection_study_01	T_NK_lineage	0	Treg	7	1329	0.9242407690627048	0.9242407690627048	0.4298344620015049	0.5	0.04294582392776524	0.5429458239277652	0.0	0.0	0.0	0.9969902182091799	0.25477802859292703	0.17983446200150488	0.002257336343115124	0.17757712565838976	2.1626710860930936	1.0	0.9441309255079007	0.11361926260346125	0.059066967644845744	NKG7;GNLY;GZMB;CD8A	CCR7;TCF7		0.0	0.0	0.005267118133935289	0.005267118133935289	0.0	0.013694507148231753
infection_study_01	T_NK_lineage	0	CD4 Naive / T Central Memory	8	1329	0.7679975966790474	0.7679975966790474	0.1489841986455982	0.5	0.4246613995485327	0.6	0.0	0.0	0.0	0.9969902182091799	0.335515425131678	0.1489841986455982	0.012039127163280662	0.11136192626034612	0.3349853941150527	0.999247554552295	0.7658389766741912	0.9563581640331076	0.918359668924003	NKG7;GNLY;GZMB;PRF1;FOXP3	CD8A;CD8B		0.0	0.0	0.005267118133935289	0.0	0.0	0.008427389014296464
infection_study_01	T_NK_lineage	0	MAIT Cell	9	1329	0.8205338285631054	0.8205338285631054	0.15349887133182843	0.11454477050413844	0.4417231000752445	0.556267870579383	0.0	0.0	0.0	0.9962377727614747	0.37783510695474576	0.15349887133182843	0.0	0.15349887133182843	0.3688268809341189	0.23325808878856283	0.11775771256583897	0.999247554552295	0.9463255580637071	MS4A1;LST1	NKG7;GNLY;GZMB		0.0	0.0	0.0007524454477050414	0.0007524454477050414	0.0	0.0019563581640331075
infection_study_01	T_NK_lineage	1	NK Cell	1	1307	0.9627303182579564	1.0	1.0	0.4265707727620505	0.07597551644988523	0.5025462892119358	0.4974537107880642	0.4974537107880642	0.0	1.0	0.9852716143840856	1.0	0.9992348890589136	1.0	1.2336722302911973	0.9655700076511095	0.27115531752104055	0.2019892884468248	0.10252486610558531	CD3D;CD3E;TRAC;MS4A1;LST1	CD8A;CD8B		0.0	0.0	0.9992348890589136	0.9089517980107116	0.0	3.0051813312930378
infection_study_01	T_NK_lineage	1	CD8 Cytotoxic / T Effector Memory	2	1307	0.9120785084844513	1.0	1.0	0.07688599846977812	0.44443381790359604	0.5213198163733741	0.4786801836266259	0.4786801836266259	0.0	1.0	0.7392362801697154	1.0	0.9923488905891354	1.0	1.1959145989613387	0.17597551644988524	0.045524100994644226	0.9969395562356542	0.9690130068859985	CCR7;TCF7;LEF1;MS4A1	KLRD1;FCGR3A		0.0	0.0	0.4177505738332058	0.07957153787299158	0.0	1.2266526396327468
infection_study_01	T_NK_lineage	1	NKT Cell	3	1307	0.8754642779112957	1.0	1.0	0.06011476664116297	0.07597551644988523	0.1360902830910482	0.8639097169089518	0.8639097169089518	0.0	1.0	0.6050934528363756	1.0	0.06350420811017597	1.0	1.032439972103218	0.12165263963274675	0.06312165263963275	0.2019892884468248	0.10252486610558531	MS4A1;LST1	CD8A;CD8B		0.0	0.0	0.0	0.0	0.0	0.8639097169089518
infection_study_01	T_NK_lineage	1	gdT Cell	4	1307	0.8511943776855291	0.9747513389441469	1.0	0.06011476664116297	0.44919663351185923	0.5093114001530222	0.49068859984697777	0.49068859984697777	0.0	0.9969395562356542	0.4259117572047946	0.9747513389441469	0.495026778882938	0.9533282325937261	1.6250440276589808	0.12165263963274675	0.06312165263963275	1.0	0.9946442234123948	MS4A1;LST1	NKG7;GNLY		0.0	0.0	0.017597551644988524	0.0007651109410864575	0.0	0.5196097934200459
infection_study_01	T_NK_lineage	1	CD4 T Effector Memory	5	1307	0.7438642487801326	1.0	1.0	0.07047819433817903	0.4486801836266259	0.5191583779648049	0.4808416220351951	0.4808416220351951	0.0	1.0	0.41724049987248146	1.0	0.08416220351951033	1.0	1.1714182360787684	0.16143840856924255	0.04150726855394032	1.0	0.9912012241775057	CCR7;TCF7;LEF1;FOXP3	NKG7;GNLY;GZMB;PRF1		0.0	0.0	0.0007651109410864575	0.0	0.0	0.4820657995409334
infection_study_01	T_NK_lineage	1	MAIT Cell	6	1307	0.6687604690117253	0.7383320581484315	0.9103609331211079	0.06011476664116297	0.44919663351185923	0.5093114001530222	0.40104953296808565	0.40104953296808565	0.0	0.9831675592960979	0.24855175429008633	0.7383320581484315	0.0	0.7383320581484315	1.6881154998907055	0.12165263963274675	0.06312165263963275	1.0	0.9946442234123948	MS4A1;LST1	NKG7;GNLY;GZMB		0.0	0.0	0.0	0.0	0.0	0.40104953296808565
infection_study_01	T_NK_lineage	1	CD8 Naive / T Central Memory	7	1307	0.5844985798558008	0.5844985798558008	0.3114001530221882	0.5	0.005164498852333589	0.5051644988523336	0.0	0.0	0.0	0.9716908951798011	0.17249001105160247	0.3114001530221882	0.03366488140780413	0.20045906656465187	0.4757979929598665	1.0	0.9912012241775057	0.011476664116296864	0.011476664116296864	NKG7;GNLY;GZMB;PRF1	CD4		0.0	0.0	0.0007651109410864575	0.0	0.0	0.0012241775057383322
infection_study_01	T_NK_lineage	1	Treg	8	1307	0.7175005462093074	0.7175005462093074	0.00306044376434583	0.5	0.053768171384850794	0.5537681713848508	0.0	0.0	0.0	0.9785768936495792	0.16763580719204285	0.00306044376434583	0.0	0.0022953328232593728	0.14878986566976263	1.0	0.796097934200459	0.14307574598316755	0.07230298393267023	NKG7;GNLY;GZMB;CD8A	CCR7;TCF7		0.0	0.0	0.0	0.0	0.0	0.0
infection_study_01	T_NK_lineage	1	CD4 Naive / T Central Memory	9	1307	0.45757774379142085	0.45757774379142085	0.1530221882172915	0.5	0.07597551644988523	0.5759755164498852	0.0	0.0	0.0	0.9686304514154552	0.14483550114766638	0.1530221882172915	0.00306044376434583	0.13465952563121653	0.3434935825993779	1.0	0.7931140015302218	0.2019892884468248	0.10252486610558531	NKG7;GNLY;GZMB;PRF1;FOXP3	CD8A;CD8B		0.0	0.0	0.0	0.0	0.0	0.0
infection_study_01	T_NK_lineage	10	CD4 T Effector Memory	1	781	0.8163644308499017	0.8386683738796414	1.0	0.3900384122919335	0.17141485275288093	0.5614532650448144	0.4385467349551856	0.4385467349551856	0.0	1.0	0.6182956323801394	0.8386683738796414	0.5390524967989757	0.7157490396927016	0.9843025837088378	0.8373879641485276	0.32650448143405886	0.4827144686299616	0.177336747759283	CCR7;TCF7;LEF1;FOXP3	NKG7;GNLY;GZMB;PRF1		0.0	0.0	0.9539052496798975	0.5723431498079385	0.323943661971831	2.9258706786171578
infection_study_01	T_NK_lineage	10	CD4 Naive / T Central Memory	2	781	0.9023923967664409	0.9023923967664409	1.0	0.21518565941101153	0.1596991037131882	0.3748847631241997	0.6251152368758003	0.6251152368758003	0.0	1.0	0.5866837387964148	0.8399487836107554	0.3879641485275288	0.6862996158770807	1.7908724934994764	0.4839948783610755	0.14212548015364918	0.3725992317541613	0.31946222791293216	NKG7;GNLY;GZMB;PRF1;FOXP3	CD8A;CD8B		0.0	0.0	0.49039692701664533	0.03201024327784891	0.35723431498079383	1.8704417413572345
infection_study_01	T_NK_lineage	10	CD8 Cytotoxic / T Effector Memory	3	781	0.6054912242371276	0.6054912242371276	0.5172855313700384	0.3943085787451985	0.04196542893725992	0.4362740076824584	0.08101152368758002	0.08101152368758002	0.0	0.9910371318822023	0.40705389360959143	0.5160051216389244	0.2586427656850192	0.3508322663252241	0.6228289149469549	0.8425096030729834	0.33706786171574904	0.11139564660691421	0.05697823303457106	CCR7;TCF7;LEF1;MS4A1	KLRD1;FCGR3A		0.0	0.0	0.4084507042253521	0.2560819462227913	0.0	0.9906145966709347
infection_study_01	T_NK_lineage	10	CD8 Naive / T Central Memory	4	781	0.8207705192629816	0.8578745198463509	0.929072993774422	0.22244558258642766	0.11408450704225351	0.33653008962868114	0.5925429041457408	0.5925429041457408	0.0	1.0	0.5545596813202447	0.8578745198463509	0.4033290653008963	0.6862996158770807	1.2847938957122846	0.4827144686299616	0.177336747759283	0.2535211267605634	0.2535211267605634	NKG7;GNLY;GZMB;PRF1	CD4		0.0	0.0	0.12163892445582586	0.04737516005121639	0.0	0.8345403433262786
infection_study_01	T_NK_lineage	10	NKT Cell	5	781	0.5836064379870366	0.910371318822023	0.910371318822023	0.10450704225352113	0.1596991037131882	0.2642061459667093	0.6461651728553137	0.6461651728553137	0.0	0.9923175416133163	0.4671666361807207	0.910371318822023	0.3380281690140845	0.8693982074263764	0.9408199393358531	0.2112676056338028	0.11011523687580026	0.3725992317541613	0.31946222791293216	MS4A1;LST1	CD8A;CD8B		0.0	0.0	0.0	0.0	0.0	0.6461651728553137
infection_study_01	T_NK_lineage	10	Treg	6	781	0.763691646638992	0.763691646638992	0.1874341561451563	0.24765685019206146	0.3131562099871959	0.5608130601792574	0.0	0.0	0.0	0.9859154929577465	0.2390524967989757	0.10627400768245839	0.0076824583866837385	0.058898847631242	1.3246405938507917	0.5249679897567221	0.21895006402048656	0.7848911651728553	0.5179257362355953	NKG7;GNLY;GZMB;CD8A	CCR7;TCF7		0.0	0.0	0.02560819462227913	0.02560819462227913	0.0038412291933418692	0.07119078104993598
infection_study_01	T_NK_lineage	10	MAIT Cell	7	781	0.8620093219721797	0.8620093219721797	0.2407170294494238	0.10450704225352113	0.1534571062740077	0.2579641485275288	0.0	0.0	0.0	1.0	0.4543625388695811	0.2407170294494238	0.005121638924455826	0.23943661971830985	0.5655768704434916	0.2112676056338028	0.11011523687580026	0.4225352112676056	0.17797695262483995	MS4A1;LST1	NKG7;GNLY;GZMB		0.0	0.0	0.011523687580025609	0.008962868117797696	0.0	0.027400768245838668
infection_study_01	T_NK_lineage	10	gdT Cell	8	781	0.7004952297720487	0.7004952297720487	0.2740076824583867	0.10450704225352113	0.16017925736235594	0.2646862996158771	0.009321382842509607	0.009321382842509607	0.0	0.9846350832266325	0.34976525821596244	0.2740076824583867	0.020486555697823303	0.20614596670934698	0.46867160260286417	0.2112676056338028	0.11011523687580026	0.40973111395646605	0.24839948783610755	MS4A1;LST1	NKG7;GNLY		0.0	0.0	0.002560819462227913	0.002560819462227913	0.0	0.01597951344430218
infection_study_01	T_NK_lineage	10	NK Cell	9	781	0.20537469958488092	0.42509603072983354	0.42509603072983354	0.5	0.1596991037131882	0.6	0.0	0.0	0.0	0.5480153649167734	0.11731754161331626	0.42509603072983354	0.147247119078105	0.3508322663252241	0.5314513768527932	0.9923175416133163	0.5718309859154929	0.3725992317541613	0.31946222791293216	CD3D;CD3E;TRAC;MS4A1;LST1	CD8A;CD8B		0.0	0.0	0.0	0.0	0.0	0.0
infection_study_01	T_NK_lineage	11	CD8 Cytotoxic / T Effector Memory	1	767	0.9244046318549268	1.0	1.0	0.14060625814863104	0.3916232073011734	0.5322294654498044	0.46777053455019557	0.46777053455019557	0.0	1.0	0.9524712575560034	1.0	0.9986962190352021	1.0	1.1959145989613387	0.318122555410691	0.08963494132985658	0.9361147327249022	0.7385919165580181	CCR7;TCF7;LEF1;MS4A1	KLRD1;FCGR3A		0.0	0.0	1.0	0.9986962190352021	0.0	3.0664667535853978
infection_study_01	T_NK_lineage	11	NKT Cell	2	767	0.9203080620493773	1.0	1.0	0.04152542372881356	0.4328878748370274	0.47441329856584097	0.5255867014341591	0.5255867014341591	0.0	1.0	0.7940026075619295	1.0	0.9530638852672751	1.0	1.032439972103218	0.0847457627118644	0.0423728813559322	0.9791395045632334	0.9276401564537158	MS4A1;LST1	CD8A;CD8B		0.0	0.0	0.0	0.0	0.0	0.5255867014341591
infection_study_01	T_NK_lineage	11	CD8 Naive / T Central Memory	3	767	0.8479535357949166	0.9713168187744459	1.0	0.5	0.0035202086049543673	0.5035202086049544	0.4964797913950456	0.4964797913950456	0.0	0.9986962190352021	0.502679994205418	0.9713168187744459	0.24641460234680573	0.9647979139504563	1.452732889017663	1.0	0.9299217731421121	0.007822685788787484	0.007822685788787484	NKG7;GNLY;GZMB;PRF1	CD4		0.0	0.0	0.0	0.0	0.0	0.4964797913950456
infection_study_01	T_NK_lineage	11	NK Cell	4	767	0.7912752166630252	1.0	1.0	0.5	0.4328878748370274	0.6	0.4	0.4	0.0	1.0	0.7796610169491526	1.0	0.9830508474576272	1.0	1.2336722302911973	0.9960886571056062	0.5645371577574967	0.9791395045632334	0.9276401564537158	CD3D;CD3E;TRAC;MS4A1;LST1	CD8A;CD8B		0.0	0.0	0.01564537157757497	0.011734028683181226	0.0	0.4367666232073012
infection_study_01	T_NK_lineage	11	CD4 T Effector Memory	5	767	0.8002330493044935	1.0	1.0	0.13421773142112126	0.4394882659713168	0.5737059973924381	0.4262940026075619	0.4262940026075619	0.0	1.0	0.507460524409677	1.0	0.11603650586701435	1.0	1.1714182360787684	0.3050847457627119	0.083116036505867	1.0	0.9299217731421121	CCR7;TCF7;LEF1;FOXP3	NKG7;GNLY;GZMB;PRF1		0.0	0.0	0.003911342894393742	0.0	0.0	0.43255215123859186
infection_study_01	T_NK_lineage	11	gdT Cell	6	767	0.875081931396111	0.875081931396111	0.8885869949285197	0.04152542372881356	0.44520860495436765	0.4867340286831812	0.40185296624533845	0.40185296624533845	0.0	0.9960886571056062	0.4652325076053889	0.803129074315515	0.054758800521512385	0.7861799217731421	1.3418316824520191	0.0847457627118644	0.0423728813559322	1.0	0.9680573663624511	MS4A1;LST1	NKG7;GNLY		0.0	0.0	0.002607561929595828	0.0	0.0	0.4060250653326918
infection_study_01	T_NK_lineage	11	CD4 Naive / T Central Memory	7	767	0.6931214041220596	0.6931214041220596	0.25684485006518903	0.5	0.4328878748370274	0.6	0.0	0.0	0.0	0.9921773142112125	0.2830508474576271	0.25684485006518903	0.009126466753585397	0.24511082138200782	0.5622516453092454	1.0	0.7439374185136897	0.9791395045632334	0.9276401564537158	NKG7;GNLY;GZMB;PRF1;FOXP3	CD8A;CD8B		0.0	0.0	0.0	0.0	0.0	0.0
infection_study_01	T_NK_lineage	11	Treg	8	767	0.8172383657417522	0.8172383657417522	0.03129074315514994	0.5	0.09533898305084745	0.5953389830508474	0.0	0.0	0.0	0.9921773142112125	0.21121251629726207	0.03129074315514994	0.0	0.03129074315514994	0.47040087138778414	1.0	0.9608865710560626	0.2529335071707953	0.12972620599739243	NKG7;GNLY;GZMB;CD8A	CCR7;TCF7		0.0	0.0	0.0	0.0	0.0	0.0
infection_study_01	T_NK_lineage	11	MAIT Cell	9	767	0.7415519627121113	0.7415519627121113	0.08735332464146023	0.04152542372881356	0.4439374185136897	0.48546284224250325	0.0	0.0	0.0	0.9921773142112125	0.35071707953063885	0.08735332464146023	0.0	0.08735332464146023	0.21961327796081567	0.0847457627118644	0.0423728813559322	1.0	0.9595827900912646	MS4A1;LST1	NKG7;GNLY;GZMB		0.0	0.0	0.0	0.0	0.0	0.0
infection_study_01	T_NK_lineage	12	CD4 Naive / T Central Memory	1	747	0.9544461437622898	0.9625167336010709	1.0	0.09904149933065597	0.016867469879518072	0.11590896921017405	0.884091030789826	0.884091030789826	0.0	0.998661311914324	0.7251673360107095	0.9625167336010709	0.678714859437751	0.8607764390896921	2.049127548927381	0.23025435073627845	0.05247657295850068	0.0428380187416332	0.02677376171352075	NKG7;GNLY;GZMB;PRF1;FOXP3	CD8A;CD8B		0.0	0.0	0.9973226238286479	0.8072289156626506	0.9745649263721553	4.4565140562249
infection_study_01	T_NK_lineage	12	CD8 Naive / T Central Memory	2	747	0.8767751802490714	0.9531459170013387	1.0	0.10134538152610442	0.09216867469879517	0.1935140562248996	0.8064859437751004	0.8064859437751004	0.0	0.998661311914324	0.6156477762903465	0.9531459170013387	0.6184738955823293	0.8607764390896921	1.4258328439722008	0.2289156626506024	0.06526104417670683	0.20481927710843373	0.20481927710843373	NKG7;GNLY;GZMB;PRF1	CD4		0.0	0.0	0.020080321285140562	0.014725568942436412	0.0	0.8533400267737618
infection_study_01	T_NK_lineage	12	NKT Cell	3	747	0.5658546354963222	0.8741633199464525	0.8741633199464525	0.09358768406961178	0.016867469879518072	0.11045515394912986	0.7637081659973226	0.7637081659973226	0.0	0.9946452476572959	0.41480206540447506	0.8741633199464525	0.12985274431057564	0.8527443105756358	0.9038074785942615	0.19009370816599733	0.09705488621151272	0.0428380187416332	0.02677376171352075	MS4A1;LST1	CD8A;CD8B		0.0	0.0	0.0	0.0	0.0	0.7637081659973226
infection_study_01	T_NK_lineage	12	CD4 T Effector Memory	4	747	0.6090051707814435	0.6090051707814435	0.31057563587684067	0.48373493975903614	0.07846385542168674	0.5621987951807229	0.0	0.0	0.0	1.0	0.43001636174326935	0.31057563587684067	0.029451137884872823	0.20481927710843373	0.3718100454541369	0.9718875502008032	0.5200803212851406	0.2289156626506024	0.06526104417670683	CCR7;TCF7;LEF1;FOXP3	NKG7;GNLY;GZMB;PRF1		0.0	0.0	0.16733601070950468	0.13654618473895583	0.002677376171352075	0.40749665327978585
infection_study_01	T_NK_lineage	12	Treg	5	747	0.7413698929429757	0.7413698929429757	0.07228915662650602	0.09901606425702812	0.40311244979919675	0.5021285140562248	0.0	0.0	0.0	0.9879518072289156	0.21030789825970547	0.07228915662650602	0.002677376171352075	0.058902275769745646	0.9374714046057647	0.22356091030789826	0.0639223560910308	0.9531459170013387	0.7811244979919678	NKG7;GNLY;GZMB;CD8A	CCR7;TCF7		0.0	0.0	0.014725568942436412	0.014725568942436412	0.00535475234270415	0.04471218206157965
infection_study_01	T_NK_lineage	12	CD8 Cytotoxic / T Effector Memory	6	747	0.5093948000873935	0.5093948000873935	0.20615796519410978	0.48425033467202144	0.009136546184738956	0.4933868808567604	0.0	0.0	0.0	0.9933065595716198	0.20907873919922115	0.20615796519410978	0.024096385542168676	0.10575635876840696	0.25594699629446815	0.9718875502008032	0.5224230254350737	0.024096385542168676	0.012717536813922355	CCR7;TCF7;LEF1;MS4A1	KLRD1;FCGR3A		0.0	0.0	0.002677376171352075	0.002677376171352075	0.0	0.006961178045515395
infection_study_01	T_NK_lineage	12	NK Cell	7	747	0.09503131600029131	0.1994645247657296	0.1994645247657296	0.5	0.016867469879518072	0.516867469879518	0.0	0.0	0.0	0.36947791164658633	0.06074297188755021	0.1994645247657296	0.020080321285140562	0.10575635876840696	0.25585204696497366	0.9919678714859438	0.565194109772423	0.0428380187416332	0.02677376171352075	CD3D;CD3E;TRAC;MS4A1;LST1	CD8A;CD8B		0.0	0.0	0.0013386880856760374	0.0013386880856760374	0.0	0.0034805890227576977
infection_study_01	T_NK_lineage	12	gdT Cell	8	747	0.68267059937368	0.68267059937368	0.040160642570281124	0.09358768406961178	0.07339357429718876	0.16698125836680056	0.0	0.0	0.0	0.9879518072289156	0.3067826863007586	0.040160642570281124	0.002677376171352075	0.025435073627844713	0.08277546768280702	0.19009370816599733	0.09705488621151272	0.1927710843373494	0.1037483266398929	MS4A1;LST1	NKG7;GNLY		0.0	0.0	0.0	0.0	0.0	0.0
infection_study_01	T_NK_lineage	12	MAIT Cell	9	747	0.8217536960163134	0.8217536960163134	0.07362784471218206	0.09358768406961178	0.0751004016064257	0.1686880856760375	0.0	0.0	0.0	0.998661311914324	0.4163319946452476	0.07362784471218206	0.0	0.07362784471218206	0.1886508259854421	0.19009370816599733	0.09705488621151272	0.21151271753681392	0.07764390896921018	MS4A1;LST1	NKG7;GNLY;GZMB		0.0	0.0	0.0	0.0	0.0	0.0
infection_study_01	T_NK_lineage	13	NK Cell	1	717	0.9194887480882674	1.0	1.0	0.3096011157601116	0.05188284518828452	0.36148396094839613	0.6385160390516038	0.6385160390516038	0.0	1.0	0.9586820083682008	1.0	0.99302649930265	1.0	1.2336722302911973	0.701534170153417	0.19553695955369596	0.13668061366806136	0.07252440725244072	CD3D;CD3E;TRAC;MS4A1;LST1	CD8A;CD8B		0.0	0.0	0.9944211994421199	0.9344490934449093	0.0	3.164039051603905
infection_study_01	T_NK_lineage	13	CD8 Cytotoxic / T Effector Memory	2	717	0.85319714514602	1.0	1.0	0.08191073919107392	0.4326359832635983	0.5145467224546723	0.48545327754532774	0.48545327754532774	0.0	1.0	0.697476860656777	1.0	0.9707112970711297	1.0	1.1959145989613387	0.18688981868898186	0.0495118549511855	0.9846582984658299	0.9149232914923291	CCR7;TCF7;LEF1;MS4A1	KLRD1;FCGR3A		0.0	0.0	0.21617852161785217	0.15341701534170155	0.0	0.9847559274755928
infection_study_01	T_NK_lineage	13	NKT Cell	3	717	0.8135605564052145	1.0	1.0	0.056722454672245466	0.05188284518828452	0.10860529986052998	0.89139470013947	0.89139470013947	0.0	1.0	0.5558876270173342	1.0	0.2175732217573222	1.0	1.032439972103218	0.11576011157601115	0.05788005578800558	0.13668061366806136	0.07252440725244072	MS4A1;LST1	CD8A;CD8B		0.0	0.0	0.0	0.0	0.0	0.89139470013947
infection_study_01	T_NK_lineage	13	gdT Cell	4	717	0.6777547156070206	0.8410041841004184	0.9420875521027303	0.056722454672245466	0.4476987447698745	0.5044211994421199	0.4376663526606104	0.4376663526606104	0.0	0.9191073919107392	0.30427708042770807	0.8410041841004184	0.2496513249651325	0.793584379358438	1.4043334720092473	0.11576011157601115	0.05788005578800558	1.0	0.9846582984658299	MS4A1;LST1	NKG7;GNLY		0.0	0.0	0.03486750348675035	0.00697350069735007	0.0	0.500427858936761
infection_study_01	T_NK_lineage	13	CD4 T Effector Memory	5	717	0.7177736508630107	0.9679218967921897	1.0	0.08069735006973501	0.44581589958158996	0.526513249651325	0.47348675034867505	0.47348675034867505	0.0	1.0	0.3917557725089106	0.9679218967921897	0.07252440725244072	0.9651324965132496	1.1342134092704061	0.18410041841004185	0.04881450488145049	1.0	0.9721059972105996	CCR7;TCF7;LEF1;FOXP3	NKG7;GNLY;GZMB;PRF1		0.0	0.0	0.002789400278940028	0.0	0.0	0.47794979079497907
infection_study_01	T_NK_lineage	13	MAIT Cell	6	717	0.6150316801398296	0.6624825662482566	0.7917354096647242	0.056722454672245466	0.44686192468619246	0.5035843793584379	0.2881510303062863	0.2881510303062863	0.0	0.8786610878661087	0.20681410639569633	0.6624825662482566	0.001394700139470014	0.6624825662482566	1.5170113736658706	0.11576011157601115	0.05788005578800558	1.0	0.9790794979079497	MS4A1;LST1	NKG7;GNLY;GZMB		0.0	0.0	0.002789400278940028	0.001394700139470014	0.0	0.29400877089206034
infection_study_01	T_NK_lineage	13	CD8 Naive / T Central Memory	7	717	0.5386169980336465	0.5386169980336465	0.25662482566248257	0.5	0.004393305439330543	0.5043933054393306	0.0	0.0	0.0	0.8270571827057183	0.15078258174492484	0.25662482566248257	0.03347280334728033	0.14086471408647142	0.394709074437577	1.0	0.9721059972105996	0.009762900976290097	0.009762900976290097	NKG7;GNLY;GZMB;PRF1	CD4		0.0	0.0	0.0	0.0	0.0	0.0
infection_study_01	T_NK_lineage	13	CD4 Naive / T Central Memory	8	717	0.396602578107931	0.396602578107931	0.16736401673640167	0.5	0.05188284518828452	0.5518828451882846	0.0	0.0	0.0	0.800557880055788	0.13263598326359832	0.16736401673640167	0.00697350069735007	0.14086471408647142	0.3737123283598557	1.0	0.7776847977684798	0.13668061366806136	0.07252440725244072	NKG7;GNLY;GZMB;PRF1;FOXP3	CD8A;CD8B		0.0	0.0	0.0	0.0	0.0	0.0
infection_study_01	T_NK_lineage	13	Treg	9	717	0.6147858859514966	0.6147858859514966	0.0041841004184100415	0.5	0.06046025104602511	0.5604602510460251	0.0	0.0	0.0	0.7670850767085077	0.11297071129707112	0.0041841004184100415	0.0	0.002789400278940028	0.16159101742492452	1.0	0.7660390516039051	0.1603905160390516	0.08228730822873083	NKG7;GNLY;GZMB;CD8A	CCR7;TCF7		0.0	0.0	0.0	0.0	0.0	0.0
infection_study_01	T_NK_lineage	14	MAIT Cell	1	708	0.966499162479062	0.966499162479062	1.0	0.08398305084745762	0.4093926553672316	0.4933757062146892	0.5066242937853108	0.5066242937853108	0.0	0.998587570621469	0.5566989507667474	0.8940677966101694	0.10310734463276836	0.8912429378531074	2.0394300147795477	0.1694915254237288	0.08898305084745763	0.9915254237288136	0.7462335216572504	MS4A1;LST1	NKG7;GNLY;GZMB		0.0	0.0	0.9152542372881356	0.3601694915254237	0.0	2.3312005649717515
infection_study_01	T_NK_lineage	14	CD8 Cytotoxic / T Effector Memory	2	708	0.7104908600975894	0.9929378531073446	1.0	0.2704802259887006	0.2835805084745763	0.5540607344632769	0.44593926553672314	0.44593926553672314	0.0	1.0	0.6945300462249615	0.9929378531073446	0.7740112994350282	0.9887005649717514	1.1875524954277386	0.6087570621468926	0.17796610169491525	0.7245762711864406	0.4413841807909605	CCR7;TCF7;LEF1;MS4A1	KLRD1;FCGR3A		0.0	0.0	0.6652542372881356	0.4378531073446328	0.0	1.948199152542373
infection_study_01	T_NK_lineage	14	gdT Cell	3	708	0.975584443958925	0.975584443958925	1.0	0.08398305084745762	0.423728813559322	0.5077118644067796	0.4922881355932204	0.4922881355932204	0.0	0.9957627118644068	0.6701977401129944	0.923728813559322	0.7217514124293786	0.7344632768361582	1.5408462745068108	0.1694915254237288	0.08898305084745763	0.9915254237288136	0.8418079096045198	MS4A1;LST1	NKG7;GNLY		0.0	0.0	0.6765536723163842	0.1440677966101695	0.0	1.7188418079096048
infection_study_01	T_NK_lineage	14	NK Cell	4	708	0.7063851868035831	0.9915254237288136	1.0	0.4954124293785311	0.07838983050847458	0.5738022598870056	0.4261977401129944	0.4261977401129944	0.0	0.9957627118644068	0.5889830508474576	0.9915254237288136	0.8629943502824858	0.9887005649717514	1.2233208942424376	0.9957627118644068	0.5319209039548023	0.20056497175141244	0.12146892655367232	CD3D;CD3E;TRAC;MS4A1;LST1	CD8A;CD8B		0.0	0.0	0.22033898305084745	0.21610169491525424	0.0	0.9948418079096045
infection_study_01	T_NK_lineage	14	NKT Cell	5	708	0.8005425679120239	0.9971751412429378	1.0	0.08398305084745762	0.07838983050847458	0.1623728813559322	0.8376271186440678	0.8376271186440678	0.0	0.998587570621469	0.75181598062954	0.9971751412429378	0.9562146892655368	0.9887005649717514	1.0295523512157558	0.1694915254237288	0.08898305084745763	0.20056497175141244	0.12146892655367232	MS4A1;LST1	CD8A;CD8B		0.0	0.0	0.0	0.0	0.0	0.8376271186440678
infection_study_01	T_NK_lineage	14	CD4 T Effector Memory	6	708	0.9681924113320224	1.0	1.0	0.2645550847457627	0.4057203389830509	0.6	0.4	0.4	0.0	1.0	0.7360326428123039	1.0	0.7951977401129944	0.9915254237288136	1.1714182360787684	0.597457627118644	0.1705508474576271	0.9943502824858758	0.7161016949152542	CCR7;TCF7;LEF1;FOXP3	NKG7;GNLY;GZMB;PRF1		0.0	0.0	0.06638418079096045	0.005649717514124294	0.01977401129943503	0.535593220338983
infection_study_01	T_NK_lineage	14	CD8 Naive / T Central Memory	7	708	0.7740241060374335	0.7740241060374335	0.6638418079096046	0.5	0.008898305084745763	0.5088983050847458	0.1549435028248588	0.1549435028248588	0.0	0.998587570621469	0.4491525423728814	0.6638418079096046	0.1426553672316384	0.5508474576271186	0.9975495554717546	0.9943502824858758	0.7161016949152542	0.01977401129943503	0.01977401129943503	NKG7;GNLY;GZMB;PRF1	CD4		0.0	0.0	0.0	0.0	0.0	0.1549435028248588
infection_study_01	T_NK_lineage	14	CD4 Naive / T Central Memory	8	708	0.8406343310756682	0.8406343310756682	0.6501898515786002	0.5	0.07838983050847458	0.5783898305084746	0.07180002107012562	0.07180002107012562	0.0	0.998587570621469	0.44378531073446326	0.5861581920903954	0.04943502824858757	0.5508474576271186	1.256126637952819	0.9943502824858758	0.573728813559322	0.20056497175141244	0.12146892655367232	NKG7;GNLY;GZMB;PRF1;FOXP3	CD8A;CD8B		0.0	0.0	0.018361581920903956	0.0	0.0	0.10117855214357195
infection_study_01	T_NK_lineage	14	Treg	9	708	0.8073519772776928	0.8073519772776928	0.01977401129943503	0.5	0.22002118644067797	0.6	0.0	0.0	0.0	0.9943502824858758	0.207909604519774	0.01977401129943503	0.0014124293785310734	0.014124293785310734	0.33919759708217123	0.9929378531073446	0.6076977401129944	0.5790960451977402	0.3086158192090395	NKG7;GNLY;GZMB;CD8A	CCR7;TCF7		0.0	0.0	0.0	0.0	0.0	0.0
infection_study_01	T_NK_lineage	15	CD8 Cytotoxic / T Effector Memory	1	696	0.6815963877357804	0.7112068965517241	1.0	0.2757112068965517	0.17909482758620687	0.4548060344827586	0.5451939655172414	0.5451939655172414	0.0	0.9827586206896551	0.5706635318704284	0.7112068965517241	0.5632183908045977	0.6293103448275862	0.8539622341166404	0.5847701149425287	0.24317528735632182	0.4339080459770115	0.32614942528735635	CCR7;TCF7;LEF1;MS4A1	KLRD1;FCGR3A		0.0	0.0	0.4870689655172414	0.375	0.0	1.6995043103448277
infection_study_01	T_NK_lineage	15	CD4 Naive / T Central Memory	2	696	0.8258138518680358	0.8258138518680358	0.6349088773475833	0.3451551724137931	0.17661637931034482	0.5217715517241379	0.11313732562344536	0.11313732562344536	0.0	0.9324712643678161	0.4344827586206897	0.5761494252873564	0.23419540229885058	0.4583333333333333	1.2350378082409077	0.6767241379310345	0.4	0.4109195402298851	0.3556034482758621	NKG7;GNLY;GZMB;PRF1;FOXP3	CD8A;CD8B		0.0	0.0	0.36063218390804597	0.13505747126436782	0.2916666666666667	1.1752062911406869
infection_study_01	T_NK_lineage	15	CD4 T Effector Memory	3	696	0.7732412060301508	0.8979885057471264	0.9112643210397242	0.27195402298850574	0.2764547413793103	0.548408764367816	0.36285555667190816	0.36285555667190816	0.0	0.9899425287356322	0.5272988505747126	0.8979885057471264	0.3275862068965517	0.8548850574712644	1.0531032611703914	0.5775862068965517	0.23850574712643677	0.6724137931034483	0.49820402298850575	CCR7;TCF7;LEF1;FOXP3	NKG7;GNLY;GZMB;PRF1		0.0	0.0	0.2629310344827586	0.13793103448275862	0.05890804597701149	0.9921659014994944
infection_study_01	T_NK_lineage	15	NK Cell	4	696	0.6527474328162552	0.6594827586206896	0.9942528735632183	0.4486149425287356	0.17661637931034482	0.6	0.39425287356321836	0.39425287356321836	0.0	0.7068965517241379	0.42708333333333337	0.6594827586206896	0.49712643678160917	0.6293103448275862	0.8177448395733559	0.9037356321839081	0.4781609195402298	0.4109195402298851	0.3556034482758621	CD3D;CD3E;TRAC;MS4A1;LST1	CD8A;CD8B		0.0	0.0	0.23275862068965517	0.21982758620689655	0.0	0.9864942528735632
infection_study_01	T_NK_lineage	15	NKT Cell	5	696	0.6848827470686767	0.9367816091954023	0.9885057471264368	0.07158045977011494	0.17661637931034482	0.24819683908045975	0.740308908045977	0.740308908045977	0.0	0.9827586206896551	0.5439244663382594	0.9367816091954023	0.4942528735632184	0.7399425287356322	0.9678170081044962	0.14511494252873564	0.07471264367816093	0.4109195402298851	0.3556034482758621	MS4A1;LST1	CD8A;CD8B		0.0	0.0	0.0	0.0	0.0	0.740308908045977
infection_study_01	T_NK_lineage	15	CD8 Naive / T Central Memory	6	696	0.8026363702570825	0.8026363702570825	0.7615890349345282	0.36512212643678166	0.05495689655172413	0.4200790229885058	0.34151001194602243	0.34151001194602243	0.0	0.9410919540229885	0.46631545338441893	0.735632183908046	0.3290229885057471	0.4583333333333333	1.103827404105929	0.6724137931034483	0.49820402298850575	0.1221264367816092	0.1221264367816092	NKG7;GNLY;GZMB;PRF1	CD4		0.0	0.0	0.06465517241379311	0.034482758620689655	0.0	0.47944104642878105
infection_study_01	T_NK_lineage	15	gdT Cell	7	696	0.7387298812905105	0.7387298812905105	0.46695402298850575	0.07158045977011494	0.27715517241379306	0.348735632183908	0.11821839080459773	0.11821839080459773	0.0	0.9468390804597702	0.3709291187739463	0.46695402298850575	0.15660919540229884	0.30028735632183906	0.7870730974140427	0.14511494252873564	0.07471264367816093	0.6537356321839081	0.5402298850574713	MS4A1;LST1	NKG7;GNLY		0.0	0.0	0.021551724137931036	0.007183908045977011	0.0	0.1598850574712644
infection_study_01	T_NK_lineage	15	Treg	8	696	0.7674604908600976	0.7674604908600976	0.09915611814345988	0.3756681034482759	0.2170258620689655	0.5926939655172414	0.0	0.0	0.0	0.9238505747126436	0.20775862068965517	0.08333333333333333	0.005747126436781609	0.05747126436781609	1.0632911392405062	0.7126436781609196	0.4766522988505747	0.5431034482758621	0.36063218390804597	NKG7;GNLY;GZMB;CD8A	CCR7;TCF7		0.0	0.0	0.034482758620689655	0.033045977011494254	0.01293103448275862	0.10373563218390805
infection_study_01	T_NK_lineage	15	MAIT Cell	9	696	0.7900098317675333	0.7900098317675333	0.3563218390804598	0.07158045977011494	0.27241379310344827	0.3439942528735632	0.012327586206896557	0.012327586206896557	0.0	0.9669540229885057	0.3764367816091954	0.3563218390804598	0.0014367816091954023	0.3563218390804598	0.8263625322029632	0.14511494252873564	0.07471264367816093	0.6551724137931034	0.5057471264367815	MS4A1;LST1	NKG7;GNLY;GZMB		0.0	0.0	0.027298850574712645	0.021551724137931036	0.0	0.07755747126436782
infection_study_01	T_NK_lineage	16	CD8 Cytotoxic / T Effector Memory	1	616	0.7484979244046319	1.0	1.0	0.2675	0.27552759740259736	0.5430275974025973	0.4569724025974027	0.4569724025974027	0.0	1.0	0.7796635182998819	1.0	0.9074675324675324	0.9853896103896104	1.1959145989613387	0.5892857142857143	0.19805194805194806	0.7012987012987013	0.4342532467532468	CCR7;TCF7;LEF1;MS4A1	KLRD1;FCGR3A		0.0	0.0	0.9918831168831169	0.9512987012987013	0.0	2.9952840909090916
infection_study_01	T_NK_lineage	16	CD4 T Effector Memory	2	616	0.9221287597407326	0.9983766233766234	1.0	0.2640422077922078	0.38218344155844153	0.6	0.4	0.4	0.0	1.0	0.6406926406926408	0.9983766233766234	0.711038961038961	0.9983766233766234	1.1695354113454541	0.5844155844155844	0.19074675324675325	0.9886363636363636	0.5706168831168831	CCR7;TCF7;LEF1;FOXP3	NKG7;GNLY;GZMB;PRF1		0.0	0.0	0.14123376623376624	0.003246753246753247	0.006493506493506494	0.637012987012987
infection_study_01	T_NK_lineage	16	NKT Cell	3	616	0.7487528220814217	1.0	1.0	0.06222402597402597	0.3969155844155844	0.4591396103896104	0.5408603896103896	0.5408603896103896	0.0	1.0	0.6822820037105753	1.0	0.9448051948051948	0.9853896103896104	1.032439972103218	0.1266233766233766	0.06412337662337662	0.9042207792207793	0.8376623376623377	MS4A1;LST1	CD8A;CD8B		0.0	0.0	0.0	0.0	0.0	0.5408603896103896
infection_study_01	T_NK_lineage	16	CD8 Naive / T Central Memory	4	616	0.8935620129633676	0.9383116883116883	1.0	0.5	0.001461038961038961	0.501461038961039	0.498538961038961	0.498538961038961	0.0	0.9983766233766234	0.5766594516594516	0.9383116883116883	0.5113636363636364	0.8733766233766234	1.4038723807574989	0.9886363636363636	0.5706168831168831	0.003246753246753247	0.003246753246753247	NKG7;GNLY;GZMB;PRF1	CD4		0.0	0.0	0.016233766233766232	0.00487012987012987	0.0	0.5293831168831169
infection_study_01	T_NK_lineage	16	NK Cell	5	616	0.6848463331148495	0.9918831168831169	1.0	0.5	0.3969155844155844	0.6	0.4	0.4	0.0	0.9935064935064936	0.500202922077922	0.9918831168831169	0.7159090909090909	0.9853896103896104	1.2237578012834565	0.9951298701298701	0.5853896103896103	0.9042207792207793	0.8376623376623377	CD3D;CD3E;TRAC;MS4A1;LST1	CD8A;CD8B		0.0	0.0	0.04707792207792208	0.025974025974025976	0.0	0.5012987012987014
infection_study_01	T_NK_lineage	16	gdT Cell	6	616	0.8616906998761926	0.8616906998761926	0.7149359631265252	0.06222402597402597	0.39228896103896105	0.45451298701298704	0.26042297611353815	0.26042297611353815	0.0	0.9967532467532467	0.4650974025974026	0.6801948051948052	0.14285714285714285	0.5876623376623377	1.1389646317268798	0.1266233766233766	0.06412337662337662	0.9853896103896104	0.6444805194805194	MS4A1;LST1	NKG7;GNLY		0.0	0.0	0.06818181818181818	0.00974025974025974	0.0	0.379254144944707
infection_study_01	T_NK_lineage	16	MAIT Cell	7	616	0.8438114485470832	0.8438114485470832	0.3116883116883117	0.06222402597402597	0.38303571428571426	0.44525974025974024	0.0	0.0	0.0	0.9983766233766234	0.41604823747680886	0.3116883116883117	0.0016233766233766235	0.3116883116883117	0.7256765485075586	0.1266233766233766	0.06412337662337662	0.987012987012987	0.5795454545454545	MS4A1;LST1	NKG7;GNLY;GZMB		0.0	0.0	0.05519480519480519	0.01461038961038961	0.0	0.10292207792207793
infection_study_01	T_NK_lineage	16	CD4 Naive / T Central Memory	8	616	0.7911113538708032	0.7911113538708032	0.6153087476043076	0.47618181818181815	0.3969155844155844	0.6	0.015308747604307671	0.015308747604307671	0.0	0.9983766233766234	0.39123376623376627	0.5633116883116883	0.11201298701298701	0.5016233766233766	1.2079882371704773	0.9886363636363636	0.45681818181818173	0.9042207792207793	0.8376623376623377	NKG7;GNLY;GZMB;PRF1;FOXP3	CD8A;CD8B		0.0	0.0	0.0016233766233766235	0.0	0.0016233766233766235	0.019854202149762218
infection_study_01	T_NK_lineage	16	Treg	9	616	0.8439753113393053	0.8439753113393053	0.01461038961038961	0.5	0.2195211038961039	0.6	0.0	0.0	0.0	0.9967532467532467	0.22321428571428573	0.01461038961038961	0.0	0.012987012987012988	0.28037152720697023	1.0	0.6530032467532467	0.5633116883116883	0.33685064935064934	NKG7;GNLY;GZMB;CD8A	CCR7;TCF7		0.0	0.0	0.0	0.0	0.0	0.0
infection_study_01	T_NK_lineage	17	CD8 Cytotoxic / T Effector Memory	1	610	0.9332714296118272	0.9967213114754099	1.0	0.17745081967213117	0.30688524590163935	0.4843360655737705	0.5156639344262295	0.5156639344262295	0.0	1.0	0.9214605067064082	0.9967213114754099	0.9704918032786886	0.9950819672131147	1.1920323895831166	0.3950819672131147	0.12418032786885247	0.7475409836065574	0.5508196721311476	CCR7;TCF7;LEF1;MS4A1	KLRD1;FCGR3A		0.0	0.0	0.9983606557377049	0.9245901639344263	0.0	3.037631147540984
infection_study_01	T_NK_lineage	17	CD8 Naive / T Central Memory	2	610	0.9260523632656034	0.9704918032786886	1.0	0.5	0.010327868852459015	0.5103278688524591	0.48967213114754093	0.48967213114754093	0.0	1.0	0.5970856102003643	0.9704918032786886	0.3377049180327869	0.9459016393442623	1.4515115432486863	1.0	0.840983606557377	0.022950819672131147	0.022950819672131147	NKG7;GNLY;GZMB;PRF1	CD4		0.0	0.0	0.260655737704918	0.0	0.0	0.9067213114754098
infection_study_01	T_NK_lineage	17	NKT Cell	3	610	0.9126884422110553	0.9983606557377049	1.0	0.04757377049180328	0.42725409836065575	0.47482786885245903	0.525172131147541	0.525172131147541	0.0	1.0	0.7437939110070257	0.9983606557377049	0.9868852459016394	0.9950819672131147	1.0307642052275434	0.09672131147540984	0.04918032786885246	0.9606557377049181	0.9270491803278689	MS4A1;LST1	CD8A;CD8B		0.0	0.0	0.0	0.0	0.0	0.525172131147541
infection_study_01	T_NK_lineage	17	NK Cell	4	610	0.7639556478042386	0.9967213114754099	1.0	0.5	0.42725409836065575	0.6	0.4	0.4	0.0	1.0	0.6907786885245901	0.9967213114754099	0.7852459016393443	0.9950819672131147	1.2296674510985623	0.9967213114754099	0.6029508196721312	0.9606557377049181	0.9270491803278689	CD3D;CD3E;TRAC;MS4A1;LST1	CD8A;CD8B		0.0	0.0	0.03770491803278689	0.04426229508196721	0.0	0.5045901639344262
infection_study_01	T_NK_lineage	17	CD4 T Effector Memory	5	610	0.9372860680212658	1.0	1.0	0.17352459016393443	0.4261475409836065	0.5996721311475409	0.4003278688524591	0.4003278688524591	0.0	1.0	0.6475409836065574	1.0	0.6836065573770492	0.9983606557377049	1.1714182360787684	0.38688524590163936	0.12049180327868853	1.0	0.840983606557377	CCR7;TCF7;LEF1;FOXP3	NKG7;GNLY;GZMB;PRF1		0.0	0.0	0.013114754098360656	0.0	0.003278688524590164	0.42524590163934434
infection_study_01	T_NK_lineage	17	gdT Cell	6	610	0.8689643871531572	0.8689643871531572	0.5639344262295082	0.04757377049180328	0.42110655737704916	0.46868032786885244	0.09525409836065574	0.09525409836065574	0.0	0.9967213114754099	0.43825136612021853	0.5639344262295082	0.08524590163934426	0.4967213114754098	0.9471108844717654	0.09672131147540984	0.04918032786885246	0.9967213114754099	0.8139344262295082	MS4A1;LST1	NKG7;GNLY		0.0	0.0	0.003278688524590164	0.0	0.0	0.1005
infection_study_01	T_NK_lineage	17	Treg	7	610	0.9186967445925278	0.9186967445925278	0.5385245901639344	0.5	0.13745901639344263	0.6	0.0	0.0	0.0	0.9967213114754099	0.25999999999999995	0.28852459016393445	0.0	0.2836065573770492	3.400913052500519	0.9967213114754099	0.8524590163934427	0.3590163934426229	0.19836065573770492	NKG7;GNLY;GZMB;CD8A	CCR7;TCF7		0.0	0.0	0.011475409836065573	0.011475409836065573	0.0	0.02983606557377049
infection_study_01	T_NK_lineage	17	CD4 Naive / T Central Memory	8	610	0.7878067875609933	0.7878067875609933	0.36885245901639346	0.5	0.42725409836065575	0.6	0.0	0.0	0.0	0.9983606557377049	0.3854098360655738	0.36885245901639346	0.047540983606557376	0.34262295081967215	0.7982556843775819	1.0	0.6731147540983606	0.9606557377049181	0.9270491803278689	NKG7;GNLY;GZMB;PRF1;FOXP3	CD8A;CD8B		0.0	0.0	0.01639344262295082	0.0	0.001639344262295082	0.028196721311475412
infection_study_01	T_NK_lineage	17	MAIT Cell	9	610	0.8250127448838396	0.8250127448838396	0.14590163934426228	0.04757377049180328	0.42221311475409834	0.4697868852459016	0.0	0.0	0.0	0.9983606557377049	0.39882903981264634	0.14590163934426228	0.0	0.14262295081967213	0.3516887603166376	0.09672131147540984	0.04918032786885246	0.9967213114754099	0.8213114754098361	MS4A1;LST1	NKG7;GNLY;GZMB		0.0	0.0	0.0	0.0	0.0	0.0
infection_study_01	T_NK_lineage	18	CD8 Cytotoxic / T Effector Memory	1	589	0.8316764984342	0.99830220713073	1.0	0.1563327674023769	0.3171901528013582	0.4735229202037351	0.5264770797962649	0.5264770797962649	0.0	1.0	0.8365488501311931	0.99830220713073	0.8726655348047538	0.9949066213921901	1.1939042868045342	0.35144312393887944	0.1035653650254669	0.7843803056027164	0.5458404074702886	CCR7;TCF7;LEF1;MS4A1	KLRD1;FCGR3A		0.0	0.0	0.9966044142614601	0.9643463497453311	0.0	3.0853904923599322
infection_study_01	T_NK_lineage	18	CD4 T Effector Memory	2	589	0.8547265312067585	0.9966044142614601	1.0	0.15198641765704585	0.403204584040747	0.5551910016977928	0.4448089983022072	0.4448089983022072	0.0	0.99830220713073	0.544048292774948	0.9966044142614601	0.3701188455008489	0.9966044142614601	1.1674799677061993	0.34295415959252973	0.09847198641765706	0.9966044142614601	0.6948217317487266	CCR7;TCF7;LEF1;FOXP3	NKG7;GNLY;GZMB;PRF1		0.0	0.0	0.100169779286927	0.001697792869269949	0.010186757215619695	0.619002546689304
infection_study_01	T_NK_lineage	18	NKT Cell	3	589	0.8574211637899644	1.0	1.0	0.044465195246179964	0.39028013582342946	0.43474533106960944	0.5652546689303906	0.5652546689303906	0.0	1.0	0.7147707979626486	1.0	0.9745331069609507	0.9949066213921901	1.032439972103218	0.0899830220713073	0.0466893039049236	0.8896434634974533	0.8225806451612903	MS4A1;LST1	CD8A;CD8B		0.0	0.0	0.0	0.0	0.0	0.5652546689303906
infection_study_01	T_NK_lineage	18	CD8 Naive / T Central Memory	4	589	0.8698019080911805	0.8896434634974533	0.9725995544377712	0.5	0.019100169779286927	0.519100169779287	0.4534993846584843	0.4534993846584843	0.0	0.9966044142614601	0.501037540086776	0.8896434634974533	0.2597623089983022	0.8438030560271647	1.331824363761272	0.9966044142614601	0.6948217317487266	0.042444821731748725	0.042444821731748725	NKG7;GNLY;GZMB;PRF1	CD4		0.0	0.0	0.010186757215619695	0.0	0.0	0.4697981962034758
infection_study_01	T_NK_lineage	18	gdT Cell	5	589	0.9227113830019663	0.9227113830019663	0.869298048092535	0.044465195246179964	0.39804753820033956	0.44251273344651954	0.42678531464601543	0.42678531464601543	0.0	0.99830220713073	0.48585172608941707	0.7894736842105263	0.166383701188455	0.6740237691001698	1.3192974555280343	0.0899830220713073	0.0466893039049236	0.9949066213921901	0.66383701188455	MS4A1;LST1	NKG7;GNLY		0.0	0.0	0.013582342954159592	0.003395585738539898	0.0	0.4519126491112107
infection_study_01	T_NK_lineage	18	NK Cell	6	589	0.7414245138737164	0.9949066213921901	1.0	0.5	0.39028013582342946	0.6	0.4	0.4	0.0	0.9966044142614601	0.5995331069609507	0.9949066213921901	0.7911714770797963	0.9949066213921901	1.2274508840072227	1.0	0.601018675721562	0.8896434634974533	0.8225806451612903	CD3D;CD3E;TRAC;MS4A1;LST1	CD8A;CD8B		0.0	0.0	0.010186757215619695	0.006791171477079796	0.0	0.42308998302207135
infection_study_01	T_NK_lineage	18	CD4 Naive / T Central Memory	7	589	0.737728497560265	0.737728497560265	0.3361629881154499	0.5	0.39028013582342946	0.6	0.0	0.0	0.0	0.9949066213921901	0.3154499151103565	0.3361629881154499	0.027164685908319185	0.29541595925297115	0.7293777997421688	0.9966044142614601	0.5561969439728353	0.8896434634974533	0.8225806451612903	NKG7;GNLY;GZMB;PRF1;FOXP3	CD8A;CD8B		0.0	0.0	0.011884550084889643	0.0	0.0	0.01901528013582343
infection_study_01	T_NK_lineage	18	MAIT Cell	8	589	0.7963185492680795	0.7963185492680795	0.15959252971137522	0.044465195246179964	0.39702886247877756	0.44149405772495753	0.0	0.0	0.0	0.9949066213921901	0.3555663351928207	0.15959252971137522	0.0	0.15959252971137522	0.38257318386146383	0.0899830220713073	0.0466893039049236	0.9966044142614601	0.6536502546689303	MS4A1;LST1	NKG7;GNLY;GZMB		0.0	0.0	0.003395585738539898	0.001697792869269949	0.0	0.007130730050933787
infection_study_01	T_NK_lineage	18	Treg	9	589	0.8939807734323792	0.8939807734323792	0.025466893039049237	0.5	0.11523769100169778	0.6	0.0	0.0	0.0	0.9949066213921901	0.2293718166383701	0.025466893039049237	0.0	0.022071307300509338	0.4040532118372698	0.99830220713073	0.7011884550084889	0.30390492359932086	0.1604414261460102	NKG7;GNLY;GZMB;CD8A	CCR7;TCF7		0.0	0.0	0.001697792869269949	0.001697792869269949	0.0	0.004414261460101867
infection_study_01	T_NK_lineage	19	NK Cell	1	534	0.9061157235452626	1.0	1.0	0.2602621722846442	0.09747191011235956	0.35773408239700377	0.6422659176029962	0.6422659176029962	0.0	1.0	0.9157303370786517	1.0	0.9943820224719101	1.0	1.2336722302911973	0.599250936329588	0.14794007490636701	0.25842696629213485	0.13295880149812733	CD3D;CD3E;TRAC;MS4A1;LST1	CD8A;CD8B		0.0	0.0	0.9887640449438202	0.9868913857677902	0.0	3.211179775280899
infection_study_01	T_NK_lineage	19	NKT Cell	2	534	0.8148896657199038	1.0	1.0	0.061479400749063676	0.09747191011235956	0.15895131086142322	0.8410486891385768	0.8410486891385768	0.0	1.0	0.5567148207597646	1.0	0.4232209737827715	1.0	1.032439972103218	0.1254681647940075	0.06273408239700375	0.25842696629213485	0.13295880149812733	MS4A1;LST1	CD8A;CD8B		0.0	0.0	0.0	0.0	0.0	0.8410486891385768
infection_study_01	T_NK_lineage	19	MAIT Cell	3	534	0.6304120238875537	0.9194756554307116	1.0	0.061479400749063676	0.44578651685393256	0.5072659176029962	0.4927340823970038	0.4927340823970038	0.0	0.9737827715355806	0.2257891920813269	0.9194756554307116	0.013108614232209739	0.9176029962546817	2.0967460148452357	0.1254681647940075	0.06273408239700375	1.0	0.9719101123595507	MS4A1;LST1	NKG7;GNLY;GZMB		0.0	0.0	0.00749063670411985	0.003745318352059925	0.0	0.5084644194756555
infection_study_01	T_NK_lineage	19	CD8 Cytotoxic / T Effector Memory	4	534	0.796300342291166	1.0	1.0	0.14766853932584267	0.4276685393258427	0.5753370786516854	0.4246629213483146	0.4246629213483146	0.0	1.0	0.6625808648280558	1.0	0.9700374531835206	1.0	1.1959145989613387	0.3352059925093633	0.09222846441947564	0.9868913857677902	0.8773408239700374	CCR7;TCF7;LEF1;MS4A1	KLRD1;FCGR3A		0.0	0.0	0.028089887640449437	0.0149812734082397	0.0	0.4845880149812734
infection_study_01	T_NK_lineage	19	gdT Cell	5	534	0.6302572645837885	0.8539325842696629	0.9603495879451036	0.061479400749063676	0.4469101123595506	0.5083895131086142	0.45196007483648937	0.45196007483648937	0.0	0.9138576779026217	0.28714107365792757	0.8539325842696629	0.2902621722846442	0.7865168539325843	1.425668014701763	0.1254681647940075	0.06273408239700375	1.0	0.9794007490636705	MS4A1;LST1	NKG7;GNLY		0.0	0.0	0.013108614232209739	0.0056179775280898875	0.0	0.4785518351361148
infection_study_01	T_NK_lineage	19	CD4 T Effector Memory	6	534	0.6760432597771466	0.9250936329588015	0.94622871565412	0.14623595505617976	0.4452247191011236	0.5914606741573034	0.3547680414968166	0.3547680414968166	0.0	1.0	0.39492301290054105	0.9250936329588015	0.18164794007490637	0.9176029962546817	1.0845403307812738	0.3333333333333333	0.08895131086142322	1.0	0.9681647940074907	CCR7;TCF7;LEF1;FOXP3	NKG7;GNLY;GZMB;PRF1		0.0	0.0	0.0	0.0	0.0	0.3547680414968166
infection_study_01	T_NK_lineage	19	CD8 Naive / T Central Memory	7	534	0.4990441337120385	0.4990441337120385	0.48314606741573035	0.5	0.0033707865168539322	0.503370786516854	0.0	0.0	0.0	0.7940074906367042	0.17457344985434872	0.48314606741573035	0.08426966292134831	0.31086142322097376	0.7300491518317885	1.0	0.9681647940074907	0.00749063670411985	0.00749063670411985	NKG7;GNLY;GZMB;PRF1	CD4		0.0	0.0	0.0	0.0	0.0	0.0
infection_study_01	T_NK_lineage	19	CD4 Naive / T Central Memory	8	534	0.3117899279003714	0.3202247191011236	0.3202247191011236	0.5	0.09747191011235956	0.5974719101123596	0.0	0.0	0.0	0.7509363295880149	0.1445692883895131	0.3202247191011236	0.009363295880149813	0.31086142322097376	0.6957952967465248	1.0	0.7745318352059926	0.25842696629213485	0.13295880149812733	NKG7;GNLY;GZMB;PRF1;FOXP3	CD8A;CD8B		0.0	0.0	0.0	0.0	0.0	0.0
infection_study_01	T_NK_lineage	19	Treg	9	534	0.5250755589541912	0.5250755589541912	0.003745318352059925	0.5	0.11853932584269662	0.6	0.0	0.0	0.0	0.7097378277153558	0.11142322097378277	0.003745318352059925	0.0	0.0018726591760299626	0.1565922343905561	1.0	0.7907303370786518	0.3146067415730337	0.16104868913857678	NKG7;GNLY;GZMB;CD8A	CCR7;TCF7		0.0	0.0	0.0	0.0	0.0	0.0
infection_study_01	T_NK_lineage	2	CD4 Naive / T Central Memory	1	1219	0.9177408783045663	0.9177408783045663	1.0	0.1275406070549631	0.10588597210828547	0.23342657916324855	0.7665734208367514	0.7665734208367514	0.0	1.0	0.6319114027891715	0.8244462674323215	0.39950779327317476	0.694011484823626	1.7582081373178664	0.2945036915504512	0.07104183757178015	0.24938474159146842	0.20713699753896636	NKG7;GNLY;GZMB;PRF1;FOXP3	CD8A;CD8B		0.0	0.0	0.8285479901558654	0.04922067268252666	0.7112387202625102	2.9949573420836755
infection_study_01	T_NK_lineage	2	CD4 T Effector Memory	2	1219	0.6774634039764038	0.6774634039764038	0.5004101722723544	0.391214109926169	0.10139458572600492	0.4926086956521739	0.007801476620180492	0.007801476620180492	0.0	1.0	0.530033725275727	0.5004101722723544	0.17719442165709598	0.29204265791632483	0.591983944237566	0.8326497128794094	0.34003281378178835	0.2936833470057424	0.08859721082854799	CCR7;TCF7;LEF1;FOXP3	NKG7;GNLY;GZMB;PRF1		0.0	0.0	0.9433962264150944	0.815422477440525	0.14520098441345364	2.5068990976210004
infection_study_01	T_NK_lineage	2	CD8 Naive / T Central Memory	3	1219	0.8038198237564634	0.8146021328958163	0.8697855904431815	0.13109105824446268	0.11997538966365874	0.25106644790812144	0.61871914253506	0.61871914253506	0.0	1.0	0.5533679701029988	0.8146021328958163	0.3601312551271534	0.694011484823626	1.2207338301894606	0.2936833470057424	0.08859721082854799	0.2666119770303528	0.2666119770303528	NKG7;GNLY;GZMB;PRF1	CD4		0.0	0.0	0.15176374077112387	0.013125512715340444	0.0	0.8746666404841986
infection_study_01	T_NK_lineage	2	NKT Cell	4	1219	0.573811084407545	0.8958162428219852	0.8958162428219852	0.1117555373256768	0.10588597210828547	0.21764150943396227	0.678174733388023	0.678174733388023	0.0	0.9893355209187858	0.4353685690847299	0.8958162428219852	0.2059064807219032	0.8712059064807219	0.9259414816532399	0.22641509433962265	0.11689909762100083	0.24938474159146842	0.20713699753896636	MS4A1;LST1	CD8A;CD8B		0.0	0.0	0.0	0.0	0.0	0.678174733388023
infection_study_01	T_NK_lineage	2	Treg	5	1219	0.7814616561066201	0.7814616561066201	0.1888609671758341	0.17425758818703857	0.308552091878589	0.4828096800656276	0.0	0.0	0.0	0.9827727645611156	0.2506152584085316	0.1066447908121411	0.003281378178835111	0.05742411812961444	1.328864705454772	0.3863822805578343	0.12469237079573421	0.7727645611156686	0.5114848236259228	NKG7;GNLY;GZMB;CD8A	CCR7;TCF7		0.0	0.0	0.07054963084495489	0.07054963084495489	0.014766201804757998	0.2011484823625923
infection_study_01	T_NK_lineage	2	CD8 Cytotoxic / T Effector Memory	6	1219	0.5511069841963441	0.5511069841963441	0.37735849056603776	0.3940812141099262	0.014212469237079573	0.4082936833470058	0.0	0.0	0.0	0.9835931091058244	0.2868222835409054	0.37735849056603776	0.09351927809680066	0.20754716981132076	0.4586610632668837	0.8367514356029533	0.34598031173092697	0.03773584905660377	0.019278096800656275	CCR7;TCF7;LEF1;MS4A1	KLRD1;FCGR3A		0.0	0.0	0.06972928630024611	0.019688269073010665	0.0	0.13125512715340446
infection_study_01	T_NK_lineage	2	MAIT Cell	7	1219	0.8422001310902337	0.8422001310902337	0.2797374897456932	0.1117555373256768	0.09306808859721083	0.2048236259228876	0.07491386382280557	0.07491386382280557	0.0	0.9991796554552912	0.4524786124457987	0.2797374897456932	0.004101722723543888	0.27645611156685806	0.6536006870390071	0.22641509433962265	0.11689909762100083	0.2616899097621001	0.09707410445720537	MS4A1;LST1	NKG7;GNLY;GZMB		0.0	0.0	0.008203445447087777	0.008203445447087777	0.0	0.09624282198523379
infection_study_01	T_NK_lineage	2	NK Cell	8	1219	0.09503131600029131	0.2666119770303528	0.2666119770303528	0.5	0.10588597210828547	0.6	0.0	0.0	0.0	0.3502871205906481	0.05711648892534865	0.2666119770303528	0.029532403609515995	0.17883511074651354	0.3378698164636562	0.9868744872846595	0.5835931091058244	0.24938474159146842	0.20713699753896636	CD3D;CD3E;TRAC;MS4A1;LST1	CD8A;CD8B		0.0	0.0	0.0008203445447087777	0.0008203445447087777	0.0	0.002132895816242822
infection_study_01	T_NK_lineage	2	gdT Cell	9	1219	0.6901718738620639	0.6901718738620639	0.13699753896636588	0.1117555373256768	0.09585726004922067	0.20761279737489746	0.0	0.0	0.0	0.9794913863822805	0.3270440251572327	0.13699753896636588	0.01394585726004922	0.08777686628383921	0.24257643867129575	0.22641509433962265	0.11689909762100083	0.25102543068088595	0.13699753896636588	MS4A1;LST1	NKG7;GNLY		0.0	0.0	0.0	0.0	0.0	0.0
infection_study_01	T_NK_lineage	20	CD4 Naive / T Central Memory	1	532	0.9414008448037288	0.9414008448037288	0.9577337499085127	0.2062781954887218	0.09981203007518796	0.30609022556390975	0.6516435243446029	0.6516435243446029	0.0	0.9981203007518797	0.6481203007518797	0.7875939849624061	0.35150375939849626	0.6033834586466166	1.6805590597844264	0.4699248120300752	0.12593984962406013	0.2349624060150376	0.19548872180451127	NKG7;GNLY;GZMB;PRF1;FOXP3	CD8A;CD8B		0.0	0.0	0.6560150375939849	0.03571428571428571	0.4473684210526316	2.2738239754724225
infection_study_01	T_NK_lineage	20	Treg	2	532	0.9098481538125409	0.9098481538125409	1.0	0.17578947368421052	0.26940789473684207	0.4451973684210526	0.5548026315789474	0.5548026315789474	0.8	1.0	0.34229323308270676	0.424812030075188	0.13909774436090225	0.2462406015037594	4.953554773008471	0.38533834586466165	0.13345864661654133	0.6804511278195489	0.4351503759398496	NKG7;GNLY;GZMB;CD8A	CCR7;TCF7		0.0	0.0	0.462406015037594	0.45300751879699247	0.34398496240601506	2.1604417293233085
infection_study_01	T_NK_lineage	20	CD4 T Effector Memory	3	532	0.6702989585609205	0.6702989585609205	0.4924812030075188	0.40850563909774434	0.1258223684210526	0.5343280075187969	0.0	0.0	0.0	1.0	0.4809941520467836	0.4924812030075188	0.10902255639097744	0.325187969924812	0.5827877668215892	0.8609022556390977	0.3698308270676692	0.3609022556390977	0.1170112781954887	CCR7;TCF7;LEF1;FOXP3	NKG7;GNLY;GZMB;PRF1		0.0	0.0	0.8646616541353384	0.5	0.06390977443609022	1.9601503759398498
infection_study_01	T_NK_lineage	20	NKT Cell	4	532	0.6034156288689826	0.9417293233082706	0.9417293233082706	0.13223684210526315	0.09981203007518796	0.23204887218045112	0.7096804511278195	0.7096804511278195	0.0	0.9962406015037594	0.45837808807733615	0.9417293233082706	0.20864661654135339	0.9360902255639098	0.9728746495110947	0.2669172932330827	0.1400375939849624	0.2349624060150376	0.19548872180451127	MS4A1;LST1	CD8A;CD8B		0.0	0.0	0.0	0.0	0.0	0.7096804511278195
infection_study_01	T_NK_lineage	20	CD8 Naive / T Central Memory	5	532	0.8310574612191391	0.8310574612191391	0.7194654240136746	0.16288533834586466	0.1463345864661654	0.3092199248120301	0.41024549920164455	0.41024549920164455	0.0	0.9943609022556391	0.5576441102756893	0.7048872180451128	0.3007518796992481	0.6033834586466166	1.0583128238742472	0.3609022556390977	0.1170112781954887	0.325187969924812	0.325187969924812	NKG7;GNLY;GZMB;PRF1	CD4		0.0	0.0	0.11842105263157894	0.0	0.0	0.5997191834121709
infection_study_01	T_NK_lineage	20	CD8 Cytotoxic / T Effector Memory	6	532	0.5652629087466317	0.5652629087466317	0.37406015037593987	0.38218984962406016	0.02932330827067669	0.41151315789473686	0.0	0.0	0.0	0.9943609022556391	0.30502392344497603	0.37406015037593987	0.10902255639097744	0.18421052631578946	0.45475558486522133	0.8101503759398496	0.33787593984962405	0.07706766917293233	0.041353383458646614	CCR7;TCF7;LEF1;MS4A1	KLRD1;FCGR3A		0.0	0.0	0.09586466165413533	0.005639097744360902	0.0	0.15902255639097745
infection_study_01	T_NK_lineage	20	NK Cell	7	532	0.09503131600029131	0.29699248120300753	0.29699248120300753	0.5	0.09981203007518796	0.5998120300751879	0.0	0.0	0.0	0.4548872180451128	0.08458646616541352	0.29699248120300753	0.05263157894736842	0.18421052631578946	0.3749783158102404	0.9943609022556391	0.6176691729323308	0.2349624060150376	0.19548872180451127	CD3D;CD3E;TRAC;MS4A1;LST1	CD8A;CD8B		0.0	0.0	0.0	0.0	0.0	0.0
infection_study_01	T_NK_lineage	20	gdT Cell	8	532	0.7338367562449931	0.7338367562449931	0.14661654135338345	0.13223684210526315	0.10573308270676691	0.23796992481203005	0.0	0.0	0.0	0.9868421052631579	0.3414786967418546	0.14661654135338345	0.015037593984962405	0.10150375939849623	0.25844978838191435	0.2669172932330827	0.1400375939849624	0.2744360902255639	0.15601503759398494	MS4A1;LST1	NKG7;GNLY		0.0	0.0	0.0	0.0	0.0	0.0
infection_study_01	T_NK_lineage	20	MAIT Cell	9	532	0.8561375719175588	0.8561375719175588	0.15789473684210525	0.13223684210526315	0.10432330827067669	0.23656015037593986	0.0	0.0	0.0	0.9981203007518797	0.435016111707841	0.15789473684210525	0.0	0.15789473684210525	0.3787432390835935	0.2669172932330827	0.1400375939849624	0.2894736842105263	0.11654135338345863	MS4A1;LST1	NKG7;GNLY;GZMB		0.0	0.0	0.0	0.0	0.0	0.0
infection_study_01	T_NK_lineage	21	NK Cell	1	529	0.7571007209962858	0.9527410207939508	1.0	0.46167107750472586	0.28624763705103967	0.6	0.4	0.4	0.0	0.9678638941398866	0.7393667296786389	0.9527410207939508	0.8128544423440454	0.947069943289225	1.1759473884313836	0.9017013232514177	0.5410207939508507	0.6540642722117203	0.6001890359168242	CD3D;CD3E;TRAC;MS4A1;LST1	CD8A;CD8B		0.0	0.0	0.996219281663516	0.9546313799621928	0.0	2.9485822306238183
infection_study_01	T_NK_lineage	21	CD8 Cytotoxic / T Effector Memory	2	529	0.78725147476513	0.9527410207939508	1.0	0.2225897920604915	0.31460302457466915	0.5371928166351607	0.4628071833648393	0.4628071833648393	0.0	0.996219281663516	0.8205877298504896	0.9527410207939508	0.8809073724007561	0.947069943289225	1.139956477016265	0.48015122873345933	0.18241965973534974	0.7429111531190926	0.611531190926276	CCR7;TCF7;LEF1;MS4A1	KLRD1;FCGR3A		0.0	0.0	0.4839319470699433	0.005671077504725898	0.0	1.2427693761814744
infection_study_01	T_NK_lineage	21	NKT Cell	3	529	0.7799504770227952	0.996219281663516	1.0	0.1313421550094518	0.28624763705103967	0.41758979206049146	0.5824102079395086	0.5824102079395086	0.0	0.996219281663516	0.7051039697542534	0.996219281663516	0.7882797731568998	0.947069943289225	1.0285752545449511	0.2646502835538752	0.13988657844990549	0.6540642722117203	0.6001890359168242	MS4A1;LST1	CD8A;CD8B		0.0	0.0	0.0	0.0	0.0	0.5824102079395086
infection_study_01	T_NK_lineage	21	CD4 T Effector Memory	4	529	0.8123771029058335	0.9848771266540642	1.0	0.2168241965973535	0.41639886578449903	0.6	0.4	0.4	0.0	0.998109640831758	0.6305398025624869	0.9848771266540642	0.6843100189035917	0.9508506616257089	1.1538784245744726	0.46880907372400754	0.17580340264650285	0.9621928166351607	0.8516068052930057	CCR7;TCF7;LEF1;FOXP3	NKG7;GNLY;GZMB;PRF1		0.0	0.0	0.00945179584120983	0.0	0.011342155009451797	0.42873345935727786
infection_study_01	T_NK_lineage	21	CD8 Naive / T Central Memory	5	529	0.8053492098172019	0.8053492098172019	0.8155915436416686	0.5	0.07570888468809074	0.5757088846880908	0.23988265895357785	0.23988265895357785	0.0	0.9621928166351607	0.5124973745011552	0.775047258979206	0.30623818525519847	0.6351606805293005	1.1621771386498505	0.9621928166351607	0.8516068052930057	0.16824196597353497	0.16824196597353497	NKG7;GNLY;GZMB;PRF1	CD4		0.0	0.0	0.03780718336483932	0.0	0.0	0.3003741523373208
infection_study_01	T_NK_lineage	21	gdT Cell	6	529	0.7769099118782318	0.7769099118782318	0.798185596943221	0.1313421550094518	0.4134215500945179	0.5447637051039698	0.25342189183925123	0.25342189183925123	0.0	0.9773156899810964	0.4505356017643352	0.7391304347826086	0.2627599243856333	0.5103969754253308	1.2362206486424494	0.2646502835538752	0.13988657844990549	0.9527410207939508	0.8506616257088847	MS4A1;LST1	NKG7;GNLY		0.0	0.0	0.001890359168241966	0.0	0.0	0.2564464665084384
infection_study_01	T_NK_lineage	21	Treg	7	529	0.8080074284465807	0.8080074284465807	0.6810018903591682	0.5	0.1604914933837429	0.6	0.08100189035916827	0.08100189035916827	0.0	0.9300567107750473	0.2848771266540643	0.43100189035916825	0.02835538752362949	0.42533081285444235	5.024072168648752	0.9527410207939508	0.7863894139886578	0.4120982986767486	0.2457466918714556	NKG7;GNLY;GZMB;CD8A	CCR7;TCF7		0.0	0.0	0.04158790170132325	0.04158790170132325	0.005671077504725898	0.1959357277882798
infection_study_01	T_NK_lineage	21	CD4 Naive / T Central Memory	8	529	0.6992753623188406	0.6992753623188406	0.4970011404890057	0.5	0.28624763705103967	0.6	0.0	0.0	0.0	0.947069943289225	0.39206049149338373	0.48582230623818523	0.13988657844990549	0.39697542533081287	1.0447153370032818	0.9697542533081286	0.6839319470699433	0.6540642722117203	0.6001890359168242	NKG7;GNLY;GZMB;PRF1;FOXP3	CD8A;CD8B		0.0	0.0	0.026465028355387523	0.0	0.07372400756143667	0.13081285444234403
infection_study_01	T_NK_lineage	21	MAIT Cell	9	529	0.7027528949093292	0.7027528949093292	0.31568998109640833	0.1313421550094518	0.41134215500945176	0.5426843100189036	0.0	0.0	0.0	0.9697542533081286	0.3791520388873887	0.31568998109640833	0.005671077504725898	0.31190926275992437	0.7347036643175651	0.2646502835538752	0.13988657844990549	0.9527410207939508	0.8367989918084436	MS4A1;LST1	NKG7;GNLY;GZMB		0.0	0.0	0.0	0.0	0.0	0.0
infection_study_01	T_NK_lineage	22	NK Cell	1	498	0.9255698783773942	1.0	1.0	0.20195983935742973	0.0713855421686747	0.27334538152610444	0.7266546184738956	0.7266546184738956	0.0	1.0	0.9510542168674698	1.0	0.9939759036144579	0.9899598393574297	1.2336722302911973	0.4538152610441767	0.13413654618473897	0.1827309236947791	0.11044176706827309	CD3D;CD3E;TRAC;MS4A1;LST1	CD8A;CD8B		0.0	0.0	0.9899598393574297	0.9136546184738956	0.0	3.224244979919679
infection_study_01	T_NK_lineage	22	NKT Cell	2	498	0.801762435365232	0.9899598393574297	0.9955040246669651	0.040341365461847384	0.0713855421686747	0.11172690763052208	0.883777117036443	0.883777117036443	0.0	1.0	0.5332759609868044	0.9899598393574297	0.3393574297188755	0.9899598393574297	1.0221767412381417	0.0823293172690763	0.04116465863453815	0.1827309236947791	0.11044176706827309	MS4A1;LST1	CD8A;CD8B		0.0	0.0	0.0	0.0	0.0	0.883777117036443
infection_study_01	T_NK_lineage	22	CD8 Cytotoxic / T Effector Memory	3	498	0.8334425751948147	0.9979919678714859	1.0	0.08484939759036145	0.43057228915662654	0.515421686746988	0.48457831325301204	0.48457831325301204	0.0	1.0	0.6799926980649872	0.9979919678714859	0.9839357429718876	0.9899598393574297	1.1935369406072067	0.1927710843373494	0.05271084337349397	0.9859437751004017	0.8985943775100402	CCR7;TCF7;LEF1;MS4A1	KLRD1;FCGR3A		0.0	0.0	0.18473895582329317	0.08032128514056225	0.0	0.8604819277108433
infection_study_01	T_NK_lineage	22	gdT Cell	4	498	0.6244993081348773	0.8353413654618473	0.9340885270421926	0.040341365461847384	0.4478915662650602	0.4882329317269076	0.44585559531528496	0.44585559531528496	0.0	0.8614457831325302	0.3015394912985274	0.8353413654618473	0.41164658634538154	0.7429718875502008	1.394988646321381	0.0823293172690763	0.04116465863453815	0.9979919678714859	0.9899598393574297	MS4A1;LST1	NKG7;GNLY		0.0	0.0	0.0321285140562249	0.0	0.0	0.4972612178052448
infection_study_01	T_NK_lineage	22	CD4 T Effector Memory	5	498	0.6117453208069332	0.9377510040160643	0.9625561548493266	0.08189759036144578	0.44721385542168673	0.5291114457831325	0.43344470906619403	0.43344470906619403	0.0	0.9959839357429718	0.32262382864792505	0.9377510040160643	0.03413654618473896	0.9377510040160643	1.0992206033330492	0.18674698795180722	0.049698795180722885	1.0	0.981425702811245	CCR7;TCF7;LEF1;FOXP3	NKG7;GNLY;GZMB;PRF1		0.0	0.0	0.002008032128514056	0.0	0.0	0.43665756047181653
infection_study_01	T_NK_lineage	22	MAIT Cell	6	498	0.5630962784939189	0.5783132530120482	0.6600980236852603	0.040341365461847384	0.44809236947791165	0.48843373493975906	0.17166428874550121	0.17166428874550121	0.0	0.7690763052208835	0.153184165232358	0.5783132530120482	0.0	0.5783132530120482	1.3271390826928486	0.0823293172690763	0.04116465863453815	1.0	0.9872824631860776	MS4A1;LST1	NKG7;GNLY;GZMB		0.0	0.0	0.0	0.0	0.0	0.17166428874550121
infection_study_01	T_NK_lineage	22	CD8 Naive / T Central Memory	7	498	0.3133375209380235	0.3133375209380235	0.3112449799196787	0.5	0.0018072289156626504	0.5018072289156627	0.0	0.0	0.0	0.6024096385542169	0.11579651941097723	0.3112449799196787	0.028112449799196786	0.16666666666666666	0.4755682760476587	1.0	0.981425702811245	0.004016064257028112	0.004016064257028112	NKG7;GNLY;GZMB;PRF1	CD4		0.0	0.0	0.0	0.0	0.0	0.0
infection_study_01	T_NK_lineage	22	CD4 Naive / T Central Memory	8	498	0.15017569732721578	0.1746987951807229	0.1746987951807229	0.5	0.0713855421686747	0.5713855421686747	0.0	0.0	0.0	0.5481927710843374	0.09437751004016064	0.1746987951807229	0.004016064257028112	0.16666666666666666	0.38916696893954433	1.0	0.785140562248996	0.1827309236947791	0.11044176706827309	NKG7;GNLY;GZMB;PRF1;FOXP3	CD8A;CD8B		0.0	0.0	0.0	0.0	0.0	0.0
infection_study_01	T_NK_lineage	22	Treg	9	498	0.4851066928847134	0.4851066928847134	0.008032128514056224	0.5	0.06430722891566265	0.5643072289156627	0.0	0.0	0.0	0.6124497991967871	0.10522088353413654	0.008032128514056224	0.0	0.006024096385542169	0.20542931218545066	1.0	0.7821285140562249	0.1706827309236948	0.08734939759036144	NKG7;GNLY;GZMB;CD8A	CCR7;TCF7		0.0	0.0	0.0	0.0	0.0	0.0
infection_study_01	T_NK_lineage	23	CD8 Cytotoxic / T Effector Memory	1	460	0.9343638482266404	1.0	1.0	0.1657717391304348	0.3272282608695652	0.493	0.507	0.507	0.0	1.0	0.9391304347826086	1.0	0.9891304347826086	1.0	1.1959145989613387	0.3717391304347826	0.11141304347826086	0.8130434782608695	0.5554347826086956	CCR7;TCF7;LEF1;MS4A1	KLRD1;FCGR3A		0.0	0.0	0.9978260869565218	0.9586956521739131	0.0	3.062217391304348
infection_study_01	T_NK_lineage	23	NK Cell	2	460	0.7730045153302745	1.0	1.0	0.5	0.4309239130434782	0.6	0.4	0.4	0.0	1.0	0.7380434782608696	1.0	0.9478260869565217	1.0	1.2336722302911973	0.9956521739130435	0.5904347826086956	0.9717391304347827	0.9293478260869565	CD3D;CD3E;TRAC;MS4A1;LST1	CD8A;CD8B		0.0	0.0	0.07173913043478261	0.06739130434782609	0.0	0.5821739130434783
infection_study_01	T_NK_lineage	23	CD4 T Effector Memory	3	460	0.9542549705046974	1.0	1.0	0.16446739130434784	0.43394021739130434	0.5984076086956522	0.40159239130434776	0.40159239130434776	0.0	1.0	0.681159420289855	1.0	0.6847826086956522	1.0	1.1714182360787684	0.3695652173913043	0.1092391304347826	1.0	0.8929347826086956	CCR7;TCF7;LEF1;FOXP3	NKG7;GNLY;GZMB;PRF1		0.0	0.0	0.05434782608695652	0.002173913043478261	0.002173913043478261	0.49333152173913036
infection_study_01	T_NK_lineage	23	NKT Cell	4	460	0.9182961911004297	1.0	1.0	0.07717391304347827	0.4309239130434782	0.5080978260869565	0.4919021739130435	0.4919021739130435	0.0	1.0	0.782608695652174	1.0	0.9717391304347827	1.0	1.032439972103218	0.1565217391304348	0.08043478260869566	0.9717391304347827	0.9293478260869565	MS4A1;LST1	CD8A;CD8B		0.0	0.0	0.0	0.0	0.0	0.4919021739130435
infection_study_01	T_NK_lineage	23	CD8 Naive / T Central Memory	5	460	0.9555021484232757	0.9782608695652174	1.0	0.5	0.016630434782608696	0.5166304347826087	0.4833695652173913	0.4833695652173913	0.0	1.0	0.6314009661835748	0.9782608695652174	0.29782608695652174	0.9630434782608696	1.4630128014514083	1.0	0.8929347826086956	0.03695652173913044	0.03695652173913044	NKG7;GNLY;GZMB;PRF1	CD4		0.0	0.0	0.004347826086956522	0.0	0.0	0.4903260869565217
infection_study_01	T_NK_lineage	23	MAIT Cell	6	460	0.893625737382565	0.893625737382565	0.27391304347826084	0.07717391304347827	0.43902173913043474	0.516195652173913	0.0	0.0	0.0	0.9978260869565218	0.46677018633540374	0.27391304347826084	0.004347826086956522	0.27391304347826084	0.6404616828826692	0.1565217391304348	0.08043478260869566	1.0	0.9268115942028986	MS4A1;LST1	NKG7;GNLY;GZMB		0.0	0.0	0.015217391304347827	0.006521739130434782	0.0	0.030869565217391308
infection_study_01	T_NK_lineage	23	CD4 Naive / T Central Memory	7	460	0.8244028111572355	0.8244028111572355	0.32608695652173914	0.5	0.4309239130434782	0.6	0.0	0.0	0.0	1.0	0.4215217391304348	0.32608695652173914	0.03695652173913044	0.2891304347826087	0.7081472407099527	1.0	0.7152173913043478	0.9717391304347827	0.9293478260869565	NKG7;GNLY;GZMB;PRF1;FOXP3	CD8A;CD8B		0.0	0.0	0.004347826086956522	0.0	0.0	0.006956521739130435
infection_study_01	T_NK_lineage	23	Treg	8	460	0.8697381836719831	0.8697381836719831	0.364061640066043	0.5	0.11804347826086956	0.6	0.0	0.0	0.0	0.9934782608695653	0.22804347826086951	0.15217391304347827	0.002173913043478261	0.14782608695652175	1.847550908090259	1.0	0.9358695652173913	0.3108695652173913	0.16521739130434782	NKG7;GNLY;GZMB;CD8A	CCR7;TCF7		0.0	0.0	0.002173913043478261	0.002173913043478261	0.0	0.005652173913043478
infection_study_01	T_NK_lineage	23	gdT Cell	9	460	0.8262690262908747	0.8262690262908747	0.4108695652173913	0.07717391304347827	0.4425	0.5196739130434783	0.0	0.0	0.0	0.9956521739130435	0.40471014492753626	0.4108695652173913	0.05434782608695652	0.3565217391304348	0.6945221055634888	0.1565217391304348	0.08043478260869566	1.0	0.95	MS4A1;LST1	NKG7;GNLY		0.0	0.0	0.002173913043478261	0.0	0.0	0.0034782608695652175
infection_study_01	T_NK_lineage	24	CD8 Cytotoxic / T Effector Memory	1	427	0.8168196052727406	0.9859484777517564	1.0	0.13653395784543326	0.22851288056206087	0.36504683840749413	0.6349531615925059	0.6349531615925059	0.0	1.0	0.8062593144560357	0.9859484777517564	0.775175644028103	0.9859484777517564	1.179276558768958	0.3091334894613583	0.0866510538641686	0.5526932084309133	0.4180327868852459	CCR7;TCF7;LEF1;MS4A1	KLRD1;FCGR3A		0.0	0.0	0.9859484777517564	0.9133489461358314	0.0	3.1258196721311475
infection_study_01	T_NK_lineage	24	CD4 T Effector Memory	2	427	0.8558189498215716	0.990632318501171	1.0	0.1279976580796253	0.4166276346604215	0.5446252927400468	0.4553747072599532	0.4553747072599532	0.0	1.0	0.5677855841790268	0.990632318501171	0.3325526932084309	0.9882903981264637	1.1605534113881684	0.2903981264637002	0.08021077283372365	0.9882903981264637	0.8009367681498829	CCR7;TCF7;LEF1;FOXP3	NKG7;GNLY;GZMB;PRF1		0.0	0.0	0.24121779859484777	0.00234192037470726	0.00468384074941452	0.8492857142857143
infection_study_01	T_NK_lineage	24	NKT Cell	3	427	0.8404886752603598	0.9976580796252927	1.0	0.05330210772833724	0.2097189695550351	0.2630210772833723	0.7369789227166277	0.7369789227166277	0.0	1.0	0.6965540314486451	0.9976580796252927	0.9414519906323185	0.9859484777517564	1.0300460194236827	0.10772833723653395	0.05620608899297424	0.4847775175644028	0.4285714285714286	MS4A1;LST1	CD8A;CD8B		0.0	0.0	0.0	0.0	0.0	0.7369789227166277
infection_study_01	T_NK_lineage	24	NK Cell	4	427	0.7474874371859297	0.9859484777517564	1.0	0.5	0.2097189695550351	0.6	0.4	0.4	0.0	0.9882903981264637	0.6387587822014051	0.9859484777517564	0.7704918032786885	0.9859484777517564	1.2165088908941903	0.990632318501171	0.5676814988290397	0.4847775175644028	0.4285714285714286	CD3D;CD3E;TRAC;MS4A1;LST1	CD8A;CD8B		0.0	0.0	0.0468384074941452	0.03044496487119438	0.0	0.5053864168618267
infection_study_01	T_NK_lineage	24	gdT Cell	5	427	0.9035394363119947	0.9035394363119947	0.8623336607115077	0.05330210772833724	0.4171545667447306	0.4704566744730678	0.3918769862384399	0.3918769862384399	0.0	0.9953161592505855	0.5078064012490241	0.7845433255269321	0.3044496487119438	0.6487119437939111	1.3111613407383027	0.10772833723653395	0.05620608899297424	0.9859484777517564	0.8091334894613583	MS4A1;LST1	NKG7;GNLY		0.0	0.0	0.053864168618266976	0.00702576112412178	0.0	0.4850854171517889
infection_study_01	T_NK_lineage	24	CD4 Naive / T Central Memory	6	427	0.755544024470177	0.755544024470177	0.41217798594847777	0.5	0.2097189695550351	0.6	0.0	0.0	0.0	0.9929742388758782	0.33044496487119435	0.41217798594847777	0.04918032786885246	0.2459016393442623	0.8895441195694299	0.9882903981264637	0.6407494145199063	0.4847775175644028	0.4285714285714286	NKG7;GNLY;GZMB;PRF1;FOXP3	CD8A;CD8B		0.0	0.0	0.01639344262295082	0.0	0.01405152224824356	0.04309133489461359
infection_study_01	T_NK_lineage	24	MAIT Cell	7	427	0.829637317019882	0.829637317019882	0.3442622950819672	0.05330210772833724	0.4166276346604215	0.46992974238875873	0.0	0.0	0.0	0.990632318501171	0.39110070257611235	0.3442622950819672	0.00234192037470726	0.34192037470725994	0.7991581609298147	0.10772833723653395	0.05620608899297424	0.9859484777517564	0.8056206088992974	MS4A1;LST1	NKG7;GNLY;GZMB		0.0	0.0	0.00702576112412178	0.00234192037470726	0.0	0.013583138173302107
infection_study_01	T_NK_lineage	24	CD8 Naive / T Central Memory	8	427	0.7664955210836792	0.7664955210836792	0.594847775175644	0.5	0.08536299765807961	0.5853629976580796	0.00948477751756438	0.00948477751756438	0.0	0.9929742388758782	0.4064532916991933	0.594847775175644	0.1358313817330211	0.4613583138173302	0.8954113891008149	0.9882903981264637	0.8009367681498829	0.18969555035128804	0.18969555035128804	NKG7;GNLY;GZMB;PRF1	CD4		0.0	0.0	0.00234192037470726	0.0	0.0	0.013231850117095996
infection_study_01	T_NK_lineage	24	Treg	9	427	0.8615723545262545	0.8615723545262545	0.03278688524590164	0.5	0.09976580796252928	0.5997658079625293	0.0	0.0	0.0	0.990632318501171	0.23208430913348937	0.03278688524590164	0.0	0.03278688524590164	0.48744552811786684	0.9859484777517564	0.7195550351288056	0.2646370023419204	0.13583138173302106	NKG7;GNLY;GZMB;CD8A	CCR7;TCF7		0.0	0.0	0.00234192037470726	0.00234192037470726	0.0	0.006088992974238876
infection_study_01	T_NK_lineage	25	NK Cell	1	425	0.8314033937804967	0.9976470588235294	1.0	0.27710117647058824	0.06599999999999999	0.34310117647058824	0.6568988235294118	0.6568988235294118	0.0	1.0	0.8332352941176471	0.9976470588235294	0.9929411764705882	0.9905882352941177	1.230798212282365	0.6305882352941177	0.1703529411764706	0.17411764705882352	0.09176470588235294	CD3D;CD3E;TRAC;MS4A1;LST1	CD8A;CD8B		0.0	0.0	1.0	0.9976470588235294	0.0	3.254545882352941
infection_study_01	T_NK_lineage	25	NKT Cell	2	425	0.7994865632510378	0.9905882352941177	0.9962930099807183	0.07776470588235294	0.06599999999999999	0.14376470588235293	0.8525283040983654	0.8525283040983654	0.0	0.9976470588235294	0.5626890756302522	0.9905882352941177	0.3552941176470588	0.9905882352941177	1.022819098746403	0.15764705882352942	0.0811764705882353	0.17411764705882352	0.09176470588235294	MS4A1;LST1	CD8A;CD8B		0.0	0.0	0.0	0.0	0.0	0.8525283040983654
infection_study_01	T_NK_lineage	25	gdT Cell	3	425	0.6122551161605128	0.8752941176470588	0.9905238618753063	0.07776470588235294	0.44752941176470584	0.5252941176470588	0.4652297442282475	0.4652297442282475	0.0	0.9529411764705882	0.3074509803921569	0.8752941176470588	0.3411764705882353	0.7835294117647059	1.46091897691299	0.15764705882352942	0.0811764705882353	0.9976470588235294	0.9882352941176471	MS4A1;LST1	NKG7;GNLY		0.0	0.0	0.002352941176470588	0.0	0.0	0.4689944501106004
infection_study_01	T_NK_lineage	25	CD8 Cytotoxic / T Effector Memory	4	425	0.7285157672420072	0.9976470588235294	1.0	0.2968352941176471	0.3952941176470588	0.6	0.4	0.4	0.0	0.9976470588235294	0.6258823529411764	0.9976470588235294	0.9788235294117648	0.9905882352941177	1.1931285428193203	0.6541176470588236	0.21941176470588233	0.971764705882353	0.691764705882353	CCR7;TCF7;LEF1;MS4A1	KLRD1;FCGR3A		0.0	0.0	0.03058823529411765	0.004705882352941176	0.0	0.45364705882352946
infection_study_01	T_NK_lineage	25	CD4 T Effector Memory	5	425	0.7395491952516204	0.9858823529411764	1.0	0.2920823529411765	0.43773529411764706	0.6	0.4	0.4	0.0	1.0	0.5124183006535947	0.9858823529411764	0.6564705882352941	0.8894117647058823	1.1550443061626994	0.6470588235294118	0.21	0.9976470588235294	0.9229411764705883	CCR7;TCF7;LEF1;FOXP3	NKG7;GNLY;GZMB;PRF1		0.0	0.0	0.0	0.0	0.002352941176470588	0.40282352941176475
infection_study_01	T_NK_lineage	25	MAIT Cell	6	425	0.6184727987764912	0.6752941176470588	0.8117721555004307	0.07776470588235294	0.4391764705882353	0.5169411764705882	0.29483097902984245	0.29483097902984245	0.0	0.8964705882352941	0.25176470588235295	0.6752941176470588	0.02823529411764706	0.6752941176470588	1.5459121514134875	0.15764705882352942	0.0811764705882353	0.9976470588235294	0.9325490196078432	MS4A1;LST1	NKG7;GNLY;GZMB		0.0	0.0	0.0	0.0	0.0	0.29483097902984245
infection_study_01	T_NK_lineage	25	CD8 Naive / T Central Memory	7	425	0.6690335736654286	0.6776470588235294	0.6821437410562874	0.5	0.0042352941176470585	0.504235294117647	0.17790844693864039	0.17790844693864039	0.0	0.9552941176470588	0.313202614379085	0.6776470588235294	0.19058823529411764	0.5858823529411765	1.0179867289310323	0.9976470588235294	0.9229411764705883	0.009411764705882352	0.009411764705882352	NKG7;GNLY;GZMB;PRF1	CD4		0.0	0.0	0.0	0.0	0.0	0.17790844693864039
infection_study_01	T_NK_lineage	25	CD4 Naive / T Central Memory	8	425	0.6506536304711965	0.6506536304711965	0.7036543214648985	0.5	0.06599999999999999	0.566	0.13765432146489853	0.13765432146489853	0.0	0.9529411764705882	0.3	0.6211764705882353	0.11294117647058824	0.5858823529411765	1.3299114035066528	0.9976470588235294	0.7383529411764707	0.17411764705882352	0.09176470588235294	NKG7;GNLY;GZMB;PRF1;FOXP3	CD8A;CD8B		0.0	0.0	0.0	0.0	0.002352941176470588	0.14047785087666323
infection_study_01	T_NK_lineage	25	Treg	9	425	0.5646256645546573	0.5646256645546573	0.03294117647058824	0.5	0.24017647058823527	0.6	0.0	0.0	0.0	0.7929411764705883	0.128	0.03294117647058824	0.0	0.03058823529411765	0.48920327624720783	0.9976470588235294	0.74	0.6188235294117647	0.3635294117647059	NKG7;GNLY;GZMB;CD8A	CCR7;TCF7		0.0	0.0	0.0	0.0	0.0	0.0
infection_study_01	T_NK_lineage	26	CD8 Cytotoxic / T Effector Memory	1	408	0.8256226786104435	1.0	1.0	0.14074754901960784	0.4125	0.5532475490196078	0.4467524509803922	0.4467524509803922	0.0	1.0	0.8025846702317291	1.0	0.8137254901960784	1.0	1.1959145989613387	0.32107843137254904	0.08517156862745098	0.9656862745098039	0.8186274509803921	CCR7;TCF7;LEF1;MS4A1	KLRD1;FCGR3A		0.0	0.0	0.9558823529411765	0.8578431372549019	0.0	2.8340073529411764
infection_study_01	T_NK_lineage	26	NK Cell	2	408	0.7891176898987693	1.0	1.0	0.47337254901960785	0.16047794117647057	0.6	0.4	0.4	0.0	1.0	0.7922794117647058	1.0	0.9705882352941176	1.0	1.2336722302911973	0.9877450980392157	0.44558823529411756	0.3946078431372549	0.2806372549019608	CD3D;CD3E;TRAC;MS4A1;LST1	CD8A;CD8B		0.0	0.0	0.6470588235294118	0.15931372549019607	0.0	1.594607843137255
infection_study_01	T_NK_lineage	26	gdT Cell	3	408	0.9644872915301144	0.9644872915301144	1.0	0.0278921568627451	0.4259191176470588	0.4538112745098039	0.546188725490196	0.546188725490196	0.0	0.9975490196078431	0.5804738562091503	0.9387254901960784	0.6102941176470589	0.7524509803921569	1.5655939025013295	0.056372549019607844	0.029411764705882353	1.0	0.8394607843137255	MS4A1;LST1	NKG7;GNLY		0.0	0.0	0.4019607843137255	0.0392156862745098	0.0	1.2285416666666666
infection_study_01	T_NK_lineage	26	NKT Cell	4	408	0.8270064088558735	1.0	1.0	0.0278921568627451	0.16047794117647057	0.18837009803921567	0.8116299019607843	0.8116299019607843	0.0	1.0	0.682422969187675	1.0	0.8848039215686274	1.0	1.032439972103218	0.056372549019607844	0.029411764705882353	0.3946078431372549	0.2806372549019608	MS4A1;LST1	CD8A;CD8B		0.0	0.0	0.0	0.0	0.0	0.8116299019607843
infection_study_01	T_NK_lineage	26	CD4 T Effector Memory	5	408	0.8175023669069987	1.0	1.0	0.13621323529411766	0.43014705882352944	0.5663602941176471	0.4336397058823529	0.4336397058823529	0.0	1.0	0.49564270152505446	1.0	0.20098039215686275	1.0	1.1714182360787684	0.3112745098039216	0.08149509803921569	1.0	0.8676470588235294	CCR7;TCF7;LEF1;FOXP3	NKG7;GNLY;GZMB;PRF1		0.0	0.0	0.0	0.0	0.0	0.4336397058823529
infection_study_01	T_NK_lineage	26	CD8 Naive / T Central Memory	6	408	0.698528876265385	0.698528876265385	0.553921568627451	0.5	0.004411764705882353	0.5044117647058823	0.049509803921568674	0.049509803921568674	0.0	0.9926470588235294	0.315359477124183	0.553921568627451	0.11519607843137254	0.3602941176470588	0.8348245886528796	1.0	0.8676470588235294	0.00980392156862745	0.00980392156862745	NKG7;GNLY;GZMB;PRF1	CD4		0.0	0.0	0.0	0.0	0.0	0.049509803921568674
infection_study_01	T_NK_lineage	26	MAIT Cell	7	408	0.7466317092709926	0.7466317092709926	0.42892156862745096	0.0278921568627451	0.42965686274509807	0.45754901960784317	0.0	0.0	0.0	0.9975490196078431	0.334733893557423	0.42892156862745096	0.0	0.42892156862745096	0.9901357227293538	0.056372549019607844	0.029411764705882353	1.0	0.8643790849673203	MS4A1;LST1	NKG7;GNLY;GZMB		0.0	0.0	0.0024509803921568627	0.0	0.0	0.00392156862745098
infection_study_01	T_NK_lineage	26	Treg	8	408	0.8562286068021265	0.8562286068021265	0.0024509803921568627	0.5	0.11360294117647059	0.6	0.0	0.0	0.0	0.9901960784313726	0.2316176470588235	0.0024509803921568627	0.0	0.0024509803921568627	0.14184661206254653	1.0	0.7383578431372549	0.3014705882352941	0.15441176470588236	NKG7;GNLY;GZMB;CD8A	CCR7;TCF7		0.0	0.0	0.0	0.0	0.0	0.0
infection_study_01	T_NK_lineage	26	CD4 Naive / T Central Memory	9	408	0.6682506736581457	0.6682506736581457	0.30392156862745096	0.5	0.16047794117647057	0.6	0.0	0.0	0.0	0.9926470588235294	0.24289215686274512	0.30392156862745096	0.012254901960784314	0.2916666666666667	0.6614439754626128	1.0	0.6941176470588235	0.3946078431372549	0.2806372549019608	NKG7;GNLY;GZMB;PRF1;FOXP3	CD8A;CD8B		0.0	0.0	0.0	0.0	0.0	0.0
infection_study_01	T_NK_lineage	27	CD4 Naive / T Central Memory	1	396	0.9406361517733596	0.9406361517733596	1.0	0.13802020202020202	0.11250000000000002	0.25052020202020203	0.749479797979798	0.749479797979798	0.0	1.0	0.677020202020202	0.9015151515151515	0.5	0.6691919191919192	1.9205950331756385	0.3181818181818182	0.07777777777777778	0.26262626262626265	0.22474747474747475	NKG7;GNLY;GZMB;PRF1;FOXP3	CD8A;CD8B		0.0	0.0	0.7752525252525253	0.030303030303030304	0.73989898989899	2.9080656565656566
infection_study_01	T_NK_lineage	27	CD4 T Effector Memory	2	396	0.7421618964387153	0.7421618964387153	0.5505050505050505	0.4205934343434343	0.1099431818181818	0.5305366161616161	0.019968434343434427	0.019968434343434427	0.0	1.0	0.5636924803591471	0.5505050505050505	0.18181818181818182	0.3383838383838384	0.6500849876988785	0.8813131313131313	0.38952020202020204	0.3181818181818182	0.09659090909090909	CCR7;TCF7;LEF1;FOXP3	NKG7;GNLY;GZMB;PRF1		0.0	0.0	0.9772727272727273	0.8712121212121212	0.09595959595959595	2.569968434343435
infection_study_01	T_NK_lineage	27	CD8 Naive / T Central Memory	3	396	0.8491005753404705	0.8686868686868687	0.9943920199309344	0.1421590909090909	0.13295454545454546	0.2751136363636364	0.719278383567298	0.719278383567298	0.0	1.0	0.5959595959595959	0.8686868686868687	0.4595959595959596	0.6691919191919192	1.3008004029560605	0.3181818181818182	0.09659090909090909	0.29545454545454547	0.29545454545454547	NKG7;GNLY;GZMB;PRF1	CD4		0.0	0.0	0.18686868686868688	0.045454545454545456	0.0	1.0637228280117426
infection_study_01	T_NK_lineage	27	NKT Cell	4	396	0.589824120603015	0.9267676767676768	0.9267676767676768	0.11164141414141414	0.11250000000000002	0.22414141414141414	0.7026262626262627	0.7026262626262627	0.0	0.9949494949494949	0.457070707070707	0.9267676767676768	0.2702020202020202	0.9217171717171717	0.9575805881873433	0.22727272727272727	0.1148989898989899	0.26262626262626265	0.22474747474747475	MS4A1;LST1	CD8A;CD8B		0.0	0.0	0.0	0.0	0.0	0.7026262626262627
infection_study_01	T_NK_lineage	27	MAIT Cell	5	396	0.9076724200713713	0.9076724200713713	0.3611111111111111	0.11164141414141414	0.09204545454545454	0.2036868686868687	0.1574242424242424	0.1574242424242424	0.0	1.0	0.497113997113997	0.3611111111111111	0.010101010101010102	0.35858585858585856	0.8371663515236797	0.22727272727272727	0.1148989898989899	0.25757575757575757	0.0984848484848485	MS4A1;LST1	NKG7;GNLY;GZMB		0.0	0.0	0.007575757575757576	0.007575757575757576	0.0	0.17712121212121212
infection_study_01	T_NK_lineage	27	CD8 Cytotoxic / T Effector Memory	6	396	0.5561139028475712	0.5561139028475712	0.35858585858585856	0.4214267676767677	0.021022727272727273	0.4424494949494949	0.0	0.0	0.0	0.9924242424242424	0.3028007346189164	0.35858585858585856	0.12626262626262627	0.22474747474747475	0.4364328804490374	0.8813131313131313	0.39330808080808083	0.05555555555555555	0.02904040404040404	CCR7;TCF7;LEF1;MS4A1	KLRD1;FCGR3A		0.0	0.0	0.047979797979797977	0.020202020202020204	0.0	0.09696969696969697
infection_study_01	T_NK_lineage	27	Treg	7	396	0.8133784866360789	0.8133784866360789	0.2546349571666028	0.16967171717171717	0.34545454545454546	0.5151262626262626	0.0	0.0	0.0	0.9974747474747475	0.26237373737373737	0.12373737373737374	0.007575757575757576	0.08080808080808081	1.523590333716916	0.3712121212121212	0.13005050505050506	0.851010101010101	0.601010101010101	NKG7;GNLY;GZMB;CD8A	CCR7;TCF7		0.0	0.0	0.007575757575757576	0.007575757575757576	0.005050505050505051	0.02575757575757576
infection_study_01	T_NK_lineage	27	NK Cell	8	396	0.09503131600029131	0.25757575757575757	0.25757575757575757	0.5	0.11250000000000002	0.6	0.0	0.0	0.0	0.39646464646464646	0.06691919191919192	0.25757575757575757	0.047979797979797977	0.1994949494949495	0.32683245704984315	1.0	0.603030303030303	0.26262626262626265	0.22474747474747475	CD3D;CD3E;TRAC;MS4A1;LST1	CD8A;CD8B		0.0	0.0	0.0025252525252525255	0.0025252525252525255	0.0	0.006565656565656566
infection_study_01	T_NK_lineage	27	gdT Cell	9	396	0.7080738839123153	0.7080738839123153	0.14646464646464646	0.11164141414141414	0.09299242424242424	0.20463383838383836	0.0	0.0	0.0	0.9974747474747475	0.34259259259259256	0.14646464646464646	0.020202020202020204	0.11616161616161616	0.2581991303000085	0.22727272727272727	0.1148989898989899	0.24242424242424243	0.1351010101010101	MS4A1;LST1	NKG7;GNLY		0.0	0.0	0.0	0.0	0.0	0.0
infection_study_01	T_NK_lineage	28	NK Cell	1	392	0.8488547811521375	1.0	1.0	0.45035714285714284	0.053954081632653056	0.5043112244897959	0.49568877551020407	0.49568877551020407	0.0	1.0	0.8883928571428572	1.0	1.0	1.0	1.2336722302911973	0.9591836734693877	0.39030612244897955	0.14285714285714285	0.07397959183673469	CD3D;CD3E;TRAC;MS4A1;LST1	CD8A;CD8B		0.0	0.0	0.9668367346938775	0.6938775510204082	0.0	2.7365051020408164
infection_study_01	T_NK_lineage	28	CD8 Cytotoxic / T Effector Memory	2	392	0.8545171509722527	1.0	1.0	0.08905612244897959	0.4029336734693878	0.4919897959183674	0.5080102040816326	0.5080102040816326	0.0	1.0	0.7755102040816326	1.0	0.9974489795918368	1.0	1.1959145989613387	0.20408163265306123	0.05229591836734694	0.9438775510204082	0.7984693877551021	CCR7;TCF7;LEF1;MS4A1	KLRD1;FCGR3A		0.0	0.0	0.8163265306122449	0.7653061224489796	0.0	2.579438775510204
infection_study_01	T_NK_lineage	28	gdT Cell	3	392	0.9849701405578618	0.9849701405578618	1.0	0.03375	0.44980867346938774	0.48355867346938775	0.5164413265306123	0.5164413265306123	0.0	0.9846938775510204	0.6207482993197279	0.9132653061224489	0.7117346938775511	0.8494897959183674	1.5235793162441418	0.06887755102040816	0.034438775510204085	1.0	0.9987244897959184	MS4A1;LST1	NKG7;GNLY		0.0	0.0	0.6556122448979592	0.012755102040816327	0.0	1.5781760204081634
infection_study_01	T_NK_lineage	28	NKT Cell	4	392	0.9076086956521738	1.0	1.0	0.03375	0.053954081632653056	0.08770408163265306	0.9122959183673469	0.9122959183673469	0.0	1.0	0.6971574344023324	1.0	0.7091836734693877	1.0	1.032439972103218	0.06887755102040816	0.034438775510204085	0.14285714285714285	0.07397959183673469	MS4A1;LST1	CD8A;CD8B		0.0	0.0	0.0	0.0	0.0	0.9122959183673469
infection_study_01	T_NK_lineage	28	MAIT Cell	5	392	0.8219175588085355	0.8219175588085355	0.9724957350250244	0.03375	0.44681122448979593	0.48056122448979594	0.49193451053522846	0.49193451053522846	0.0	0.9821428571428571	0.35823615160349853	0.7780612244897959	0.002551020408163265	0.7780612244897959	1.7777380421409141	0.06887755102040816	0.034438775510204085	1.0	0.9787414965986395	MS4A1;LST1	NKG7;GNLY;GZMB		0.0	0.0	0.015306122448979591	0.002551020408163265	0.0	0.5189753268617591
infection_study_01	T_NK_lineage	28	CD4 T Effector Memory	6	392	0.8327416065836428	0.9974489795918368	1.0	0.08461734693877551	0.4436862244897959	0.5283035714285714	0.47169642857142857	0.47169642857142857	0.0	1.0	0.4988662131519274	0.9974489795918368	0.02806122448979592	0.9974489795918368	1.1684595114978458	0.19387755102040816	0.04974489795918367	1.0	0.9579081632653061	CCR7;TCF7;LEF1;FOXP3	NKG7;GNLY;GZMB;PRF1		0.0	0.0	0.007653061224489796	0.0	0.0	0.4839413265306122
infection_study_01	T_NK_lineage	28	CD8 Naive / T Central Memory	7	392	0.6781370621222053	0.6781370621222053	0.2857142857142857	0.5	0.0022959183673469385	0.502295918367347	0.0	0.0	0.0	0.9744897959183674	0.26162131519274373	0.2857142857142857	0.03826530612244898	0.17346938775510204	0.4377728582559333	1.0	0.9579081632653061	0.00510204081632653	0.00510204081632653	NKG7;GNLY;GZMB;PRF1	CD4		0.0	0.0	0.0	0.0	0.0	0.0
infection_study_01	T_NK_lineage	28	CD4 Naive / T Central Memory	8	392	0.6618145073192048	0.6618145073192048	0.1913265306122449	0.5	0.053954081632653056	0.553954081632653	0.0	0.0	0.0	0.9719387755102041	0.23367346938775507	0.1913265306122449	0.002551020408163265	0.17346938775510204	0.42420220234148615	1.0	0.7663265306122449	0.14285714285714285	0.07397959183673469	NKG7;GNLY;GZMB;PRF1;FOXP3	CD8A;CD8B		0.0	0.0	0.0	0.0	0.0	0.0
infection_study_01	T_NK_lineage	28	Treg	9	392	0.7922310829509869	0.7922310829509869	0.017857142857142856	0.5	0.07002551020408164	0.5700255102040817	0.0	0.0	0.0	0.9540816326530612	0.1762755102040816	0.017857142857142856	0.0	0.012755102040816327	0.3173598553345389	1.0	0.7678571428571429	0.18622448979591838	0.09438775510204081	NKG7;GNLY;GZMB;CD8A	CCR7;TCF7		0.0	0.0	0.0	0.0	0.0	0.0
infection_study_01	T_NK_lineage	29	NK Cell	1	383	0.954883111208215	1.0	1.0	0.15675195822454308	0.05639686684073107	0.21314882506527416	0.7868511749347258	0.7868511749347258	0.0	1.0	0.9627937336814621	1.0	1.0	1.0	1.2336722302911973	0.3629242819843342	0.08563968668407311	0.14882506527415143	0.0783289817232376	CD3D;CD3E;TRAC;MS4A1;LST1	CD8A;CD8B		0.0	0.0	1.0	1.0	0.0	3.386851174934726
infection_study_01	T_NK_lineage	29	NKT Cell	2	383	0.8197145146019955	1.0	1.0	0.04762402088772846	0.05639686684073107	0.10402088772845954	0.8959791122715405	0.8959791122715405	0.0	1.0	0.5203282357329355	1.0	0.42036553524804177	1.0	1.032439972103218	0.09660574412532637	0.04960835509138381	0.14882506527415143	0.0783289817232376	MS4A1;LST1	CD8A;CD8B		0.0	0.0	0.0	0.0	0.0	0.8959791122715405
infection_study_01	T_NK_lineage	29	MAIT Cell	3	383	0.5850447891632073	0.8511749347258486	1.0	0.04762402088772846	0.4466057441253264	0.4942297650130548	0.5057702349869452	0.5057702349869452	0.0	0.8981723237597912	0.15964192465497948	0.8511749347258486	0.0026109660574412533	0.8511749347258486	1.9426706895666872	0.09660574412532637	0.04960835509138381	1.0	0.9773716275021758	MS4A1;LST1	NKG7;GNLY;GZMB		0.0	0.0	0.0	0.0	0.0	0.5057702349869452
infection_study_01	T_NK_lineage	29	CD8 Cytotoxic / T Effector Memory	4	383	0.8197873425096497	1.0	1.0	0.06432114882506527	0.44295039164490857	0.5072715404699738	0.4927284595300262	0.4927284595300262	0.0	1.0	0.6472822216947545	1.0	0.9608355091383812	1.0	1.1959145989613387	0.1462140992167102	0.03981723237597911	0.9947780678851175	0.9634464751958225	CCR7;TCF7;LEF1;MS4A1	KLRD1;FCGR3A		0.0	0.0	0.0	0.0	0.0	0.4927284595300262
infection_study_01	T_NK_lineage	29	CD4 T Effector Memory	5	383	0.6429247687713932	0.9451697127937336	0.9721259553968771	0.06417754569190601	0.4473563968668407	0.5115339425587467	0.46059201283813034	0.46059201283813034	0.0	1.0	0.3379750507687845	0.9451697127937336	0.05221932114882506	0.9399477806788512	1.1078249704125736	0.1462140992167102	0.0391644908616188	1.0	0.9823759791122715	CCR7;TCF7;LEF1;FOXP3	NKG7;GNLY;GZMB;PRF1		0.0	0.0	0.0	0.0	0.0	0.46059201283813034
infection_study_01	T_NK_lineage	29	gdT Cell	6	383	0.5943121404122059	0.8224543080939948	0.9158848900512593	0.04762402088772846	0.4464751958224543	0.49409921671018275	0.42178567334107653	0.42178567334107653	0.0	0.856396866840731	0.2523933855526545	0.8224543080939948	0.36553524804177545	0.6710182767624021	1.3737223278290582	0.09660574412532637	0.04960835509138381	1.0	0.9765013054830287	MS4A1;LST1	NKG7;GNLY		0.0	0.0	0.0	0.0	0.0	0.42178567334107653
infection_study_01	T_NK_lineage	29	CD8 Naive / T Central Memory	7	383	0.09346551598572574	0.25326370757180156	0.25326370757180156	0.5	0.007049608355091383	0.5070496083550914	0.0	0.0	0.0	0.4699738903394256	0.07455758630693357	0.25326370757180156	0.02349869451697128	0.1462140992167102	0.38973330443059534	1.0	0.9823759791122715	0.015665796344647518	0.015665796344647518	NKG7;GNLY;GZMB;PRF1	CD4		0.0	0.0	0.0	0.0	0.0	0.0
infection_study_01	T_NK_lineage	29	CD4 Naive / T Central Memory	8	383	0.05650535285121258	0.1462140992167102	0.1462140992167102	0.5	0.05639686684073107	0.5563968668407311	0.0	0.0	0.0	0.4386422976501306	0.06318537859007833	0.1462140992167102	0.0026109660574412533	0.12532637075718014	0.3291486955196629	1.0	0.7864229765013054	0.14882506527415143	0.0783289817232376	NKG7;GNLY;GZMB;PRF1;FOXP3	CD8A;CD8B		0.0	0.0	0.0	0.0	0.0	0.0
infection_study_01	T_NK_lineage	29	Treg	9	383	0.4578326414682106	0.4578326414682106	0.007832898172323759	0.5	0.0491514360313316	0.5491514360313317	0.0	0.0	0.0	0.5900783289817232	0.07937336814621411	0.007832898172323759	0.0	0.005221932114882507	0.2031595994315365	1.0	0.7695822454308093	0.13054830287206268	0.06657963446475196	NKG7;GNLY;GZMB;CD8A	CCR7;TCF7		0.0	0.0	0.0	0.0	0.0	0.0
infection_study_01	T_NK_lineage	3	CD4 Naive / T Central Memory	1	1185	0.96274852523487	0.96274852523487	1.0	0.07438987341772152	0.01550632911392405	0.08989620253164557	0.9101037974683545	0.9101037974683545	0.0	0.99915611814346	0.7265822784810128	0.9518987341772152	0.7375527426160338	0.8270042194092827	2.02675504428846	0.1729957805907173	0.039324894514767936	0.038818565400843885	0.025738396624472575	NKG7;GNLY;GZMB;PRF1;FOXP3	CD8A;CD8B		0.0	0.0	1.0	0.8945147679324894	0.9780590717299578	4.578289451476794
infection_study_01	T_NK_lineage	3	CD8 Naive / T Central Memory	2	1185	0.8857148059136261	0.9476793248945148	1.0	0.07581856540084389	0.09797468354430378	0.17379324894514767	0.8262067510548523	0.8262067510548523	0.0	0.99915611814346	0.6177215189873417	0.9476793248945148	0.6810126582278481	0.8270042194092827	1.4177401485322658	0.17130801687763714	0.048734177215189876	0.21772151898734177	0.21772151898734177	NKG7;GNLY;GZMB;PRF1	CD4		0.0	0.0	0.03459915611814346	0.02531645569620253	0.0	0.9068818565400844
infection_study_01	T_NK_lineage	3	NKT Cell	3	1185	0.5555859005170781	0.8312236286919831	0.8312236286919831	0.07452320675105487	0.01550632911392405	0.09002953586497892	0.7411940928270042	0.7411940928270042	0.0	0.9738396624472574	0.37974683544303794	0.8312236286919831	0.08438818565400844	0.8210970464135021	0.8599137621181375	0.1518987341772152	0.07637130801687764	0.038818565400843885	0.025738396624472575	MS4A1;LST1	CD8A;CD8B		0.0	0.0	0.0	0.0	0.0	0.7411940928270042
infection_study_01	T_NK_lineage	3	CD4 T Effector Memory	4	1185	0.5685310611026145	0.5685310611026145	0.2759493670886076	0.49323628691983123	0.05870253164556962	0.5519388185654008	0.0	0.0	0.0	0.9966244725738397	0.38387248007501173	0.2759493670886076	0.016033755274261603	0.21772151898734177	0.3316498051512643	0.9746835443037974	0.5584388185654009	0.17130801687763714	0.048734177215189876	CCR7;TCF7;LEF1;FOXP3	NKG7;GNLY;GZMB;PRF1		0.0	0.0	0.05147679324894515	0.04725738396624472	0.0	0.12962025316455697
infection_study_01	T_NK_lineage	3	Treg	5	1185	0.7362901463840944	0.7362901463840944	0.09022592533247877	0.07132067510548523	0.40594936708860757	0.4772700421940928	0.0	0.0	0.0	0.9670886075949368	0.20447257383966244	0.0810126582278481	0.002531645569620253	0.04556962025316456	1.0368530684185226	0.16118143459915613	0.045780590717299584	0.9476793248945148	0.810970464135021	NKG7;GNLY;GZMB;CD8A	CCR7;TCF7		0.0	0.0	0.009282700421940928	0.009282700421940928	0.006751054852320675	0.03223628691983122
infection_study_01	T_NK_lineage	3	CD8 Cytotoxic / T Effector Memory	6	1185	0.5018024907144418	0.5018024907144418	0.1518987341772152	0.4937932489451477	0.010126582278481013	0.5039198312236287	0.0	0.0	0.0	0.9679324894514768	0.18711162255466052	0.1518987341772152	0.017721518987341773	0.0759493670886076	0.1917000591642502	0.9746835443037974	0.5609704641350212	0.0270042194092827	0.01350210970464135	CCR7;TCF7;LEF1;MS4A1	KLRD1;FCGR3A		0.0	0.0	0.002531645569620253	0.002531645569620253	0.0	0.006582278481012659
infection_study_01	T_NK_lineage	3	NK Cell	7	1185	0.09503131600029131	0.14936708860759493	0.14936708860759493	0.48517805907173	0.01550632911392405	0.5006843881856541	0.0	0.0	0.0	0.23966244725738398	0.035443037974683546	0.14936708860759493	0.016033755274261603	0.0759493670886076	0.19466015013618465	0.9729957805907173	0.5247257383966245	0.038818565400843885	0.025738396624472575	CD3D;CD3E;TRAC;MS4A1;LST1	CD8A;CD8B		0.0	0.0	0.0016877637130801688	0.0008438818565400844	0.0	0.0035443037974683548
infection_study_01	T_NK_lineage	3	gdT Cell	8	1185	0.6747505644162843	0.6747505644162843	0.04556962025316456	0.07452320675105487	0.05259493670886076	0.12711814345991562	0.0	0.0	0.0	0.9586497890295359	0.29353023909985937	0.04556962025316456	0.0016877637130801688	0.02109704641350211	0.09170140312630173	0.1518987341772152	0.07637130801687764	0.13755274261603376	0.07552742616033756	MS4A1;LST1	NKG7;GNLY		0.0	0.0	0.0008438818565400844	0.0	0.0	0.0013502109704641352
infection_study_01	T_NK_lineage	3	MAIT Cell	9	1185	0.8003422911659748	0.8003422911659748	0.0751054852320675	0.07452320675105487	0.052236286919831225	0.1267594936708861	0.0	0.0	0.0	0.9957805907172996	0.40795660036166365	0.0751054852320675	0.0	0.07426160337552742	0.19198414284354526	0.1518987341772152	0.07637130801687764	0.1468354430379747	0.054571026722925464	MS4A1;LST1	NKG7;GNLY;GZMB		0.0	0.0	0.0	0.0	0.0	0.0
infection_study_01	T_NK_lineage	30	NK Cell	1	376	0.9032572281698348	1.0	1.0	0.40532978723404256	0.03490691489361702	0.4402367021276596	0.5597632978723404	0.5597632978723404	0.0	1.0	0.9654255319148937	1.0	1.0	1.0	1.2336722302911973	0.9308510638297872	0.23457446808510637	0.09308510638297872	0.04654255319148936	CD3D;CD3E;TRAC;MS4A1;LST1	CD8A;CD8B		0.0	0.0	0.9973404255319149	0.8430851063829787	0.0	2.998593085106383
infection_study_01	T_NK_lineage	30	CD8 Cytotoxic / T Effector Memory	2	376	0.849810647440099	1.0	1.0	0.09183510638297872	0.4344414893617021	0.5262765957446809	0.4737234042553191	0.4737234042553191	0.0	1.0	0.7306576402321082	1.0	1.0	1.0	1.1959145989613387	0.21010638297872342	0.054521276595744676	0.9946808510638298	0.9069148936170213	CCR7;TCF7;LEF1;MS4A1	KLRD1;FCGR3A		0.0	0.0	0.3617021276595745	0.20212765957446807	0.0	1.2545744680851065
infection_study_01	T_NK_lineage	30	NKT Cell	3	376	0.8444304857621441	1.0	1.0	0.020851063829787235	0.03490691489361702	0.05575797872340425	0.9442420212765957	0.9442420212765957	0.0	1.0	0.5828267477203647	1.0	0.125	1.0	1.032439972103218	0.0425531914893617	0.02127659574468085	0.09308510638297872	0.04654255319148936	MS4A1;LST1	CD8A;CD8B		0.0	0.0	0.0	0.0	0.0	0.9442420212765957
infection_study_01	T_NK_lineage	30	gdT Cell	4	376	0.7600138373024543	0.8829787234042553	1.0	0.020851063829787235	0.44999999999999996	0.4708510638297872	0.5291489361702129	0.5291489361702129	0.0	0.9813829787234043	0.3741134751773049	0.8829787234042553	0.2898936170212766	0.8377659574468085	1.4736001708314828	0.0425531914893617	0.02127659574468085	1.0	1.0	MS4A1;LST1	NKG7;GNLY		0.0	0.0	0.034574468085106384	0.0	0.0	0.584468085106383
infection_study_01	T_NK_lineage	30	CD4 T Effector Memory	5	376	0.6919743645765057	0.9973404255319149	1.0	0.08821808510638297	0.44790558510638295	0.536123670212766	0.46387632978723403	0.46387632978723403	0.0	0.9973404255319149	0.39745862884160754	0.9973404255319149	0.02925531914893617	0.9973404255319149	1.1683336083241898	0.20212765957446807	0.05186170212765957	1.0	0.9860372340425532	CCR7;TCF7;LEF1;FOXP3	NKG7;GNLY;GZMB;PRF1		0.0	0.0	0.0	0.0	0.0	0.46387632978723403
infection_study_01	T_NK_lineage	30	MAIT Cell	6	376	0.6348772849756026	0.6348772849756026	0.6249680724757141	0.020851063829787235	0.44893617021276594	0.4697872340425532	0.15518083843316088	0.15518083843316088	0.0	0.9654255319148937	0.23594224924012155	0.5558510638297872	0.0	0.5558510638297872	1.2764680345837072	0.0425531914893617	0.02127659574468085	1.0	0.9929078014184397	MS4A1;LST1	NKG7;GNLY;GZMB		0.0	0.0	0.0	0.0	0.0	0.15518083843316088
infection_study_01	T_NK_lineage	30	CD8 Naive / T Central Memory	7	376	0.5745848809263709	0.5745848809263709	0.25	0.5	0.0071808510638297855	0.5071808510638298	0.0	0.0	0.0	0.9547872340425532	0.16489361702127658	0.25	0.007978723404255319	0.16489361702127658	0.38490174010908146	1.0	0.9860372340425532	0.015957446808510637	0.015957446808510637	NKG7;GNLY;GZMB;PRF1	CD4		0.0	0.0	0.0	0.0	0.0	0.0
infection_study_01	T_NK_lineage	30	CD4 Naive / T Central Memory	8	376	0.45402738329327796	0.45402738329327796	0.18617021276595744	0.5	0.03490691489361702	0.534906914893617	0.0	0.0	0.0	0.9441489361702128	0.14893617021276595	0.18617021276595744	0.0026595744680851063	0.16489361702127658	0.41333765617503665	1.0	0.7888297872340425	0.09308510638297872	0.04654255319148936	NKG7;GNLY;GZMB;PRF1;FOXP3	CD8A;CD8B		0.0	0.0	0.0	0.0	0.0	0.0
infection_study_01	T_NK_lineage	30	Treg	9	376	0.6568576578544898	0.6568576578544898	0.0026595744680851063	0.5	0.06482712765957448	0.5648271276595744	0.0	0.0	0.0	0.9574468085106383	0.14574468085106382	0.0026595744680851063	0.0	0.0026595744680851063	0.144223000269324	1.0	0.7659574468085106	0.17287234042553193	0.08643617021276595	NKG7;GNLY;GZMB;CD8A	CCR7;TCF7		0.0	0.0	0.0	0.0	0.0	0.0
infection_study_01	T_NK_lineage	31	NK Cell	1	375	0.7540965698055495	0.8133333333333334	1.0	0.12977066666666667	0.0682	0.19797066666666668	0.8020293333333333	0.8020293333333333	0.0	0.8426666666666667	0.5569999999999999	0.8133333333333334	0.704	0.7066666666666667	1.005666801590514	0.29333333333333333	0.0832	0.17866666666666667	0.09733333333333334	CD3D;CD3E;TRAC;MS4A1;LST1	CD8A;CD8B		0.0	0.0	0.7226666666666667	0.688	0.0	2.646296
infection_study_01	T_NK_lineage	31	CD8 Cytotoxic / T Effector Memory	2	375	0.677044643507392	0.8	1.0	0.09818666666666666	0.267	0.36518666666666666	0.6348133333333333	0.6348133333333333	0.0	0.8853333333333333	0.4353939393939395	0.8	0.6373333333333333	0.7066666666666667	0.9590998268897866	0.22133333333333333	0.064	0.664	0.45199999999999996	CCR7;TCF7;LEF1;MS4A1	KLRD1;FCGR3A		0.0	0.0	0.27466666666666667	0.088	0.0	1.16228
infection_study_01	T_NK_lineage	31	NKT Cell	3	375	0.6659748015439516	0.7306666666666667	0.7306666666666667	0.016986666666666664	0.0682	0.08518666666666666	0.64548	0.64548	0.0	0.8773333333333333	0.3740952380952381	0.7306666666666667	0.23733333333333334	0.6906666666666667	0.7571226462090267	0.034666666666666665	0.017333333333333333	0.17866666666666667	0.09733333333333334	MS4A1;LST1	CD8A;CD8B		0.0	0.0	0.0	0.0	0.0	0.64548
infection_study_01	T_NK_lineage	31	CD4 Naive / T Central Memory	4	375	0.20487400771975822	0.22133333333333333	0.22133333333333333	0.432832	0.0682	0.501032	0.0	0.0	0.0	0.52	0.09733333333333333	0.22133333333333333	0.029333333333333333	0.17866666666666667	0.4874276091510248	0.8293333333333334	0.5349333333333333	0.17866666666666667	0.09733333333333334	NKG7;GNLY;GZMB;PRF1;FOXP3	CD8A;CD8B		0.0	0.0	0.2693333333333333	0.016	0.16266666666666665	0.6421333333333333
infection_study_01	T_NK_lineage	31	CD4 T Effector Memory	5	375	0.49346369528803435	0.6	0.6	0.09702666666666668	0.348	0.4450266666666667	0.1549733333333333	0.1549733333333333	0.0	0.8693333333333333	0.2011851851851852	0.6	0.016	0.5706666666666667	0.7074902217901472	0.21866666666666668	0.06333333333333332	0.8266666666666667	0.6666666666666666	CCR7;TCF7;LEF1;FOXP3	NKG7;GNLY;GZMB;PRF1		0.0	0.0	0.048	0.034666666666666665	0.042666666666666665	0.3176399999999999
infection_study_01	T_NK_lineage	31	Treg	6	375	0.16480955502148423	0.16480955502148423	0.032	0.4323733333333334	0.0766	0.5089733333333334	0.0	0.0	0.0	0.39466666666666667	0.058933333333333324	0.032	0.0	0.021333333333333333	0.4784810126582279	0.8213333333333334	0.5466666666666666	0.2	0.11066666666666666	NKG7;GNLY;GZMB;CD8A	CCR7;TCF7		0.0	0.0	0.04533333333333334	0.04533333333333334	0.018666666666666668	0.14026666666666668
infection_study_01	T_NK_lineage	31	gdT Cell	7	375	0.250937659311048	0.256	0.256	0.016986666666666664	0.34159999999999996	0.3585866666666666	0.0	0.0	0.0	0.3973333333333333	0.09466666666666666	0.256	0.024	0.11466666666666667	0.4389551902724612	0.034666666666666665	0.017333333333333333	0.7893333333333333	0.6986666666666667	MS4A1;LST1	NKG7;GNLY		0.0	0.0	0.010666666666666666	0.008	0.0	0.025066666666666668
infection_study_01	T_NK_lineage	31	MAIT Cell	8	375	0.5622678610443522	0.5622678610443522	0.38133333333333336	0.016986666666666664	0.3449333333333333	0.36191999999999996	0.019413333333333394	0.019413333333333394	0.0	0.6826666666666666	0.12723809523809523	0.38133333333333336	0.0026666666666666666	0.38133333333333336	0.8827843982234731	0.034666666666666665	0.017333333333333333	0.8133333333333334	0.6728888888888888	MS4A1;LST1	NKG7;GNLY;GZMB		0.0	0.0	0.0	0.0	0.0	0.019413333333333394
infection_study_01	T_NK_lineage	31	CD8 Naive / T Central Memory	9	375	0.4137080329182143	0.4137080329182143	0.33866666666666667	0.4608	0.0156	0.4764	0.0	0.0	0.0	0.5866666666666667	0.11348148148148149	0.33866666666666667	0.050666666666666665	0.17866666666666667	0.5161631027616657	0.8266666666666667	0.6666666666666666	0.034666666666666665	0.034666666666666665	NKG7;GNLY;GZMB;PRF1	CD4		0.0	0.0	0.0	0.0	0.0	0.0
infection_study_01	T_NK_lineage	32	CD8 Naive / T Central Memory	1	360	0.9784520428228096	0.9972222222222222	1.0	0.14004166666666668	0.00125	0.14129166666666668	0.8587083333333333	0.8587083333333333	0.0	1.0	0.8537037037037037	0.9972222222222222	0.9583333333333334	0.9166666666666666	1.491083023114882	0.31666666666666665	0.08958333333333332	0.002777777777777778	0.002777777777777778	NKG7;GNLY;GZMB;PRF1	CD4		0.0	0.0	0.9777777777777777	0.9444444444444444	0.0	3.3675972222222224
infection_study_01	T_NK_lineage	32	CD4 Naive / T Central Memory	2	360	0.9438223727332313	0.9861111111111112	1.0	0.1361	0.42541666666666667	0.5615166666666667	0.43848333333333334	0.43848333333333334	0.0	1.0	0.7441666666666668	0.9861111111111112	0.7555555555555555	0.9166666666666666	2.0988417464163964	0.31666666666666665	0.07166666666666666	0.9777777777777777	0.8805555555555555	NKG7;GNLY;GZMB;PRF1;FOXP3	CD8A;CD8B		0.0	0.0	0.9944444444444445	0.027777777777777776	0.3972222222222222	2.5340388888888885
infection_study_01	T_NK_lineage	32	NKT Cell	3	360	0.5655178064234214	0.9333333333333333	0.9333333333333333	0.08574999999999999	0.42541666666666667	0.5111666666666667	0.4221666666666667	0.4221666666666667	0.0	1.0	0.42817460317460315	0.9333333333333333	0.16666666666666666	0.9138888888888889	0.9642921191591113	0.175	0.0875	0.9777777777777777	0.8805555555555555	MS4A1;LST1	CD8A;CD8B		0.0	0.0	0.0	0.0	0.0	0.4221666666666667
infection_study_01	T_NK_lineage	32	CD8 Cytotoxic / T Effector Memory	4	360	0.6028512125846625	0.8555555555555555	0.8617759825607487	0.5	0.007291666666666667	0.5072916666666667	0.354484315894082	0.354484315894082	0.0	1.0	0.380050505050505	0.8555555555555555	0.2	0.8194444444444444	1.024881708020773	0.9944444444444445	0.6020833333333333	0.019444444444444445	0.009722222222222222	CCR7;TCF7;LEF1;MS4A1	KLRD1;FCGR3A		0.0	0.0	0.011111111111111112	0.002777777777777778	0.0	0.3750398714496376
infection_study_01	T_NK_lineage	32	CD4 T Effector Memory	5	360	0.5687040273832933	0.5687040273832933	0.16666666666666666	0.5	0.10843749999999999	0.6	0.0	0.0	0.0	1.0	0.39969135802469136	0.16666666666666666	0.013888888888888888	0.15555555555555556	0.20490153964414098	0.9944444444444445	0.6	0.31666666666666665	0.08958333333333332	CCR7;TCF7;LEF1;FOXP3	NKG7;GNLY;GZMB;PRF1		0.0	0.0	0.008333333333333333	0.0	0.005555555555555556	0.02
infection_study_01	T_NK_lineage	32	Treg	6	360	0.7319568858786687	0.7319568858786687	0.016666666666666666	0.38756944444444447	0.42645833333333333	0.6	0.0	0.0	0.0	0.9972222222222222	0.19277777777777777	0.016666666666666666	0.0	0.016666666666666666	0.3037974683544304	0.8611111111111112	0.2743055555555555	0.9861111111111112	0.8708333333333333	NKG7;GNLY;GZMB;CD8A	CCR7;TCF7		0.0	0.0	0.0	0.0	0.002777777777777778	0.0033333333333333335
infection_study_01	T_NK_lineage	32	NK Cell	7	360	0.09503131600029131	0.24444444444444444	0.24444444444444444	0.5	0.42541666666666667	0.6	0.0	0.0	0.0	0.3888888888888889	0.057986111111111106	0.24444444444444444	0.025	0.17222222222222222	0.31079311412176475	1.0	0.5777777777777777	0.9777777777777777	0.8805555555555555	CD3D;CD3E;TRAC;MS4A1;LST1	CD8A;CD8B		0.0	0.0	0.0	0.0	0.0	0.0
infection_study_01	T_NK_lineage	32	gdT Cell	8	360	0.6935947855218119	0.6935947855218119	0.06111111111111111	0.08574999999999999	0.09020833333333333	0.17595833333333333	0.0	0.0	0.0	0.9972222222222222	0.32175925925925924	0.06111111111111111	0.0	0.041666666666666664	0.11734808762505228	0.175	0.0875	0.2361111111111111	0.12916666666666665	MS4A1;LST1	NKG7;GNLY		0.0	0.0	0.0	0.0	0.0	0.0
infection_study_01	T_NK_lineage	32	MAIT Cell	9	360	0.7987218702206685	0.7987218702206685	0.025	0.08574999999999999	0.0897222222222222	0.1754722222222222	0.0	0.0	0.0	1.0	0.4222222222222222	0.025	0.0	0.025	0.07895431159579615	0.175	0.0875	0.25277777777777777	0.09259259259259257	MS4A1;LST1	NKG7;GNLY;GZMB		0.0	0.0	0.0	0.0	0.0	0.0
infection_study_01	T_NK_lineage	33	CD8 Cytotoxic / T Effector Memory	1	341	0.7591581093875173	0.9442815249266863	1.0	0.13541055718475076	0.35080645161290325	0.486217008797654	0.5137829912023459	0.5137829912023459	0.0	0.9941348973607038	0.6795521194348174	0.9442815249266863	0.8651026392961877	0.9266862170087976	1.1299398090880324	0.30498533724340177	0.08870967741935484	0.8181818181818182	0.7023460410557185	CCR7;TCF7;LEF1;MS4A1	KLRD1;FCGR3A		0.0	0.0	0.7859237536656891	0.4838709677419355	0.0	2.255131964809384
infection_study_01	T_NK_lineage	33	NK Cell	2	341	0.830001456558153	0.9296187683284457	1.0	0.3070615835777126	0.125366568914956	0.43242815249266864	0.5675718475073314	0.5675718475073314	0.0	0.9472140762463344	0.7767595307917888	0.9296187683284457	0.8680351906158358	0.9266862170087976	1.1477045361853677	0.6392961876832844	0.29149560117302054	0.2961876832844575	0.2434017595307918	CD3D;CD3E;TRAC;MS4A1;LST1	CD8A;CD8B		0.0	0.0	0.592375366568915	0.4281524926686217	0.0	1.9435249266862171
infection_study_01	T_NK_lineage	33	NKT Cell	3	341	0.7467773650863011	0.9882697947214076	0.9933820816059757	0.020117302052785925	0.125366568914956	0.14548387096774193	0.8478982106382338	0.8478982106382338	0.0	0.9912023460410557	0.5668202764976958	0.9882697947214076	0.4046920821114369	0.9266862170087976	1.0204491475382726	0.04105571847507331	0.02052785923753666	0.2961876832844575	0.2434017595307918	MS4A1;LST1	CD8A;CD8B		0.0	0.0	0.0	0.0	0.0	0.8478982106382338
infection_study_01	T_NK_lineage	33	CD4 T Effector Memory	4	341	0.6779731993299832	0.9589442815249267	0.9898945293275354	0.1352492668621701	0.407991202346041	0.5432404692082111	0.4466540601193243	0.4466540601193243	0.0	0.9941348973607038	0.4131638970348648	0.9589442815249267	0.17595307917888564	0.9442815249266863	1.1238009912104348	0.30498533724340177	0.08797653958944282	0.9413489736070382	0.8372434017595307	CCR7;TCF7;LEF1;FOXP3	NKG7;GNLY;GZMB;PRF1		0.0	0.0	0.11143695014662756	0.02932551319648094	0.011730205278592375	0.6683549398847202
infection_study_01	T_NK_lineage	33	gdT Cell	5	341	0.6569805549486564	0.6569805549486564	0.6778764487178024	0.020117302052785925	0.4060117302052786	0.42612903225806453	0.25174741645973786	0.25174741645973786	0.0	0.8533724340175953	0.30303030303030304	0.6539589442815249	0.20234604105571846	0.36950146627565983	1.09567001774511	0.04105571847507331	0.02052785923753666	0.9296187683284457	0.847507331378299	MS4A1;LST1	NKG7;GNLY		0.0	0.0	0.0469208211143695	0.02346041055718475	0.0	0.3502811407999138
infection_study_01	T_NK_lineage	33	CD4 Naive / T Central Memory	6	341	0.400717354890394	0.400717354890394	0.3255131964809384	0.5	0.125366568914956	0.6	0.0	0.0	0.0	0.7155425219941349	0.19237536656891496	0.3255131964809384	0.04398826979472141	0.2844574780058651	0.7069383077780482	0.9413489736070382	0.6703812316715542	0.2961876832844575	0.2434017595307918	NKG7;GNLY;GZMB;PRF1;FOXP3	CD8A;CD8B		0.0	0.0	0.06158357771260997	0.011730205278592375	0.04985337243401759	0.17008797653958946
infection_study_01	T_NK_lineage	33	MAIT Cell	7	341	0.594148277619984	0.594148277619984	0.4527710424194109	0.020117302052785925	0.40659824046920817	0.4267155425219941	0.02605549989741679	0.02605549989741679	0.0	0.7947214076246334	0.23586091328026812	0.44574780058651026	0.0	0.44574780058651026	1.0280929673316026	0.04105571847507331	0.02052785923753666	0.9325513196480938	0.8455522971652004	MS4A1;LST1	NKG7;GNLY;GZMB		0.0	0.0	0.008797653958944282	0.005865102639296188	0.0	0.04599684887102383
infection_study_01	T_NK_lineage	33	Treg	8	341	0.6289236035248708	0.6289236035248708	0.05865102639296188	0.5	0.11348973607038124	0.6	0.0	0.0	0.0	0.7565982404692082	0.14486803519061583	0.05865102639296188	0.0	0.05278592375366569	0.7821003006793126	0.9472140762463344	0.7023460410557185	0.2991202346041056	0.1583577712609971	NKG7;GNLY;GZMB;CD8A	CCR7;TCF7		0.0	0.0	0.008797653958944282	0.008797653958944282	0.002932551319648094	0.02639296187683285
infection_study_01	T_NK_lineage	33	CD8 Naive / T Central Memory	9	341	0.5467373097370912	0.5467373097370912	0.46920821114369504	0.5	0.025073313782991203	0.5250733137829912	0.0	0.0	0.0	0.6950146627565983	0.2381883349625285	0.46920821114369504	0.11436950146627566	0.2844574780058651	0.7094156705529552	0.9413489736070382	0.8372434017595307	0.05571847507331378	0.05571847507331378	NKG7;GNLY;GZMB;PRF1	CD4		0.0	0.0	0.002932551319648094	0.0	0.0	0.00469208211143695
infection_study_01	T_NK_lineage	34	CD8 Cytotoxic / T Effector Memory	1	334	0.8650771975821134	1.0	1.0	0.19586826347305392	0.336377245508982	0.5322455089820359	0.46775449101796407	0.46775449101796407	0.0	1.0	0.8756124115405551	1.0	0.9281437125748503	1.0	1.1959145989613387	0.44610778443113774	0.11976047904191617	0.8263473053892215	0.5898203592814371	CCR7;TCF7;LEF1;MS4A1	KLRD1;FCGR3A		0.0	0.0	0.9970059880239521	0.9880239520958084	0.0	3.0509880239520957
infection_study_01	T_NK_lineage	34	NK Cell	2	334	0.7692993955283665	1.0	1.0	0.5	0.36422155688622754	0.6	0.4	0.4	0.0	1.0	0.6968562874251496	1.0	0.9281437125748503	1.0	1.2336722302911973	0.9970059880239521	0.5682634730538922	0.8323353293413174	0.7634730538922155	CD3D;CD3E;TRAC;MS4A1;LST1	CD8A;CD8B		0.0	0.0	0.09580838323353294	0.041916167664670656	0.0	0.5952095808383234
infection_study_01	T_NK_lineage	34	NKT Cell	3	334	0.9125427863957468	1.0	1.0	0.041077844311377246	0.36422155688622754	0.40529940119760477	0.5947005988023952	0.5947005988023952	0.0	1.0	0.7639007698887939	1.0	0.9161676646706587	1.0	1.032439972103218	0.08383233532934131	0.041916167664670656	0.8323353293413174	0.7634730538922155	MS4A1;LST1	CD8A;CD8B		0.0	0.0	0.0	0.0	0.0	0.5947005988023952
infection_study_01	T_NK_lineage	34	CD4 T Effector Memory	4	334	0.856538125409657	1.0	1.0	0.19196107784431138	0.42339071856287425	0.6	0.4	0.4	0.0	1.0	0.5485695276114437	1.0	0.38023952095808383	1.0	1.1714182360787684	0.437125748502994	0.11751497005988024	1.0	0.8226047904191618	CCR7;TCF7;LEF1;FOXP3	NKG7;GNLY;GZMB;PRF1		0.0	0.0	0.05688622754491018	0.0	0.0	0.4910179640718563
infection_study_01	T_NK_lineage	34	CD8 Naive / T Central Memory	5	334	0.8515403102468866	0.8922155688622755	0.9761235904090011	0.5	0.005389221556886228	0.5053892215568863	0.47073436885211484	0.47073436885211484	0.0	1.0	0.4936793080505655	0.8922155688622755	0.2904191616766467	0.7754491017964071	1.3356320861869024	1.0	0.8226047904191618	0.011976047904191617	0.011976047904191617	NKG7;GNLY;GZMB;PRF1	CD4		0.0	0.0	0.0	0.0	0.0	0.47073436885211484
infection_study_01	T_NK_lineage	34	gdT Cell	6	334	0.882091617507829	0.882091617507829	0.7902788369283885	0.041077844311377246	0.4336077844311377	0.4746856287425149	0.3155932081858736	0.3155932081858736	0.0	0.9970059880239521	0.46157684630738527	0.7335329341317365	0.12874251497005987	0.5299401197604791	1.2269836111866081	0.08383233532934131	0.041916167664670656	1.0	0.8907185628742516	MS4A1;LST1	NKG7;GNLY		0.0	0.0	0.020958083832335328	0.0029940119760479044	0.0	0.35212015429365806
infection_study_01	T_NK_lineage	34	MAIT Cell	7	334	0.768662151336392	0.768662151336392	0.23053892215568864	0.041077844311377246	0.4279940119760479	0.46907185628742515	0.0	0.0	0.0	1.0	0.35585970915312226	0.23053892215568864	0.0029940119760479044	0.23053892215568864	0.5426167145942055	0.08383233532934131	0.041916167664670656	1.0	0.8532934131736528	MS4A1;LST1	NKG7;GNLY;GZMB		0.0	0.0	0.017964071856287425	0.0029940119760479044	0.0	0.03173652694610778
infection_study_01	T_NK_lineage	34	Treg	8	334	0.8463786322918943	0.8463786322918943	0.005988023952095809	0.5	0.1529191616766467	0.6	0.0	0.0	0.0	0.9970059880239521	0.21646706586826348	0.005988023952095809	0.0	0.005988023952095809	0.18214204502387632	1.0	0.8338323353293413	0.40718562874251496	0.20508982035928144	NKG7;GNLY;GZMB;CD8A	CCR7;TCF7		0.0	0.0	0.0	0.0	0.0	0.0
infection_study_01	T_NK_lineage	34	CD4 Naive / T Central Memory	9	334	0.7355891777729225	0.7355891777729225	0.4101796407185629	0.5	0.36422155688622754	0.6	0.0	0.0	0.0	1.0	0.31706586826347305	0.4101796407185629	0.011976047904191617	0.40718562874251496	0.8853335346803416	1.0	0.6580838323353294	0.8323353293413174	0.7634730538922155	NKG7;GNLY;GZMB;PRF1;FOXP3	CD8A;CD8B		0.0	0.0	0.0	0.0	0.0	0.0
infection_study_01	T_NK_lineage	35	CD4 Naive / T Central Memory	1	329	0.9391340761779914	0.9391340761779914	1.0	0.2210455927051672	0.051747720364741644	0.27279331306990884	0.7272066869300912	0.7272066869300912	0.0	1.0	0.6942249240121581	0.9118541033434651	0.6352583586626139	0.7750759878419453	1.9423795745479837	0.48632218844984804	0.16474164133738603	0.12462006079027356	0.09574468085106383	NKG7;GNLY;GZMB;PRF1;FOXP3	CD8A;CD8B		0.0	0.0	0.8267477203647416	0.02735562310030395	0.6717325227963525	2.883437689969605
infection_study_01	T_NK_lineage	35	CD4 T Effector Memory	2	329	0.8005971888427645	0.8005971888427645	0.8571428571428571	0.4206382978723404	0.17553191489361702	0.5961702127659574	0.2609726443768997	0.2609726443768997	0.0	1.0	0.6545086119554205	0.7811550151975684	0.42857142857142855	0.5197568389057751	0.9175974379877294	0.8632218844984803	0.4209726443768997	0.48328267477203646	0.20364741641337386	CCR7;TCF7;LEF1;FOXP3	NKG7;GNLY;GZMB;PRF1		0.0	0.0	0.7446808510638298	0.5501519756838906	0.0972644376899696	2.1193313069908815
infection_study_01	T_NK_lineage	35	NKT Cell	3	329	0.6213495011288326	0.9969604863221885	1.0	0.12577507598784193	0.051747720364741644	0.17752279635258358	0.8224772036474164	0.8224772036474164	0.0	1.0	0.49674337820234477	0.9969604863221885	0.3617021276595745	0.9908814589665653	1.0293329271361615	0.2553191489361702	0.13069908814589665	0.12462006079027356	0.09574468085106383	MS4A1;LST1	CD8A;CD8B		0.0	0.0	0.0	0.0	0.0	0.8224772036474164
infection_study_01	T_NK_lineage	35	Treg	4	329	0.9327798412351613	0.9327798412351613	0.6208206686930091	0.19911854103343465	0.33738601823708203	0.5365045592705167	0.08431610942249246	0.08431610942249246	0.0	1.0	0.33313069908814597	0.3708206686930091	0.015197568389057751	0.3586626139817629	4.338463314224155	0.4316109422492401	0.1595744680851064	0.817629179331307	0.6139817629179332	NKG7;GNLY;GZMB;CD8A	CCR7;TCF7		0.0	0.0	0.2735562310030395	0.2735562310030395	0.0182370820668693	0.8174468085106384
infection_study_01	T_NK_lineage	35	CD8 Cytotoxic / T Effector Memory	5	329	0.579965042604326	0.579965042604326	0.41033434650455924	0.42411854103343466	0.018693009118541035	0.4428115501519757	0.0	0.0	0.0	1.0	0.37717601547388785	0.41033434650455924	0.1337386018237082	0.3495440729483283	0.49770691230661024	0.8693009118541033	0.4262917933130699	0.0486322188449848	0.02735562310030395	CCR7;TCF7;LEF1;MS4A1	KLRD1;FCGR3A		0.0	0.0	0.3829787234042553	0.0729483282674772	0.0	0.6857142857142857
infection_study_01	T_NK_lineage	35	CD8 Naive / T Central Memory	6	329	0.8543897021338577	0.8543897021338577	0.9190712050352092	0.2284498480243161	0.23389057750759878	0.4623404255319149	0.4567307795032943	0.4567307795032943	0.0	1.0	0.6055386693684567	0.8328267477203647	0.42857142857142855	0.7750759878419453	1.2477133915694083	0.48328267477203646	0.20364741641337386	0.5197568389057751	0.5197568389057751	NKG7;GNLY;GZMB;PRF1	CD4		0.0	0.0	0.02127659574468085	0.00911854103343465	0.0	0.49989187372821836
infection_study_01	T_NK_lineage	35	MAIT Cell	7	329	0.8872623989512781	0.8872623989512781	0.42857142857142855	0.12577507598784193	0.15273556231003038	0.2785106382978723	0.15006079027355623	0.15006079027355623	0.0	1.0	0.48632218844984804	0.42857142857142855	0.00303951367781155	0.42857142857142855	0.989345863669772	0.2553191489361702	0.13069908814589665	0.41641337386018235	0.18541033434650456	MS4A1;LST1	NKG7;GNLY;GZMB		0.0	0.0	0.00911854103343465	0.00911854103343465	0.0	0.1737689969604863
infection_study_01	T_NK_lineage	35	NK Cell	8	329	0.19410458087539145	0.4012158054711246	0.4012158054711246	0.5	0.051747720364741644	0.5517477203647416	0.0	0.0	0.0	0.5623100303951368	0.135258358662614	0.4012158054711246	0.09422492401215805	0.3495440729483283	0.5022826929371816	1.0	0.6382978723404256	0.12462006079027356	0.09574468085106383	CD3D;CD3E;TRAC;MS4A1;LST1	CD8A;CD8B		0.0	0.0	0.0060790273556231	0.0182370820668693	0.0	0.02796352583586626
infection_study_01	T_NK_lineage	35	gdT Cell	9	329	0.7713203699657709	0.7713203699657709	0.1762917933130699	0.12577507598784193	0.15478723404255318	0.2805623100303951	0.0	0.0	0.0	0.9969604863221885	0.36170212765957444	0.1762917933130699	0.0182370820668693	0.14893617021276595	0.30742011120276924	0.2553191489361702	0.13069908814589665	0.3951367781155015	0.24164133738601823	MS4A1;LST1	NKG7;GNLY		0.0	0.0	0.0	0.0	0.0	0.0
infection_study_01	T_NK_lineage	36	NK Cell	1	297	0.8768662151336392	1.0	1.0	0.39969023569023565	0.17525252525252524	0.5749427609427609	0.42505723905723913	0.42505723905723913	0.0	1.0	0.9170875420875422	1.0	0.9966329966329966	0.9966329966329966	1.2336722302911973	0.8619528619528619	0.32794612794612793	0.4377104377104377	0.29292929292929293	CD3D;CD3E;TRAC;MS4A1;LST1	CD8A;CD8B		0.0	0.0	0.7878787878787878	0.7104377104377104	0.0	2.3961010101010105
infection_study_01	T_NK_lineage	36	CD8 Cytotoxic / T Effector Memory	2	297	0.8850775617216518	1.0	1.0	0.11846801346801347	0.4131313131313131	0.5315993265993266	0.4684006734006734	0.4684006734006734	0.0	1.0	0.7949188858279768	1.0	0.9797979797979798	0.9966329966329966	1.1959145989613387	0.26936026936026936	0.07323232323232323	0.9696969696969697	0.8148148148148149	CCR7;TCF7;LEF1;MS4A1	KLRD1;FCGR3A		0.0	0.0	0.7138047138047138	0.38047138047138046	0.0	1.9909595959595958
infection_study_01	T_NK_lineage	36	NKT Cell	3	297	0.8986235525453353	0.9966329966329966	1.0	0.0296969696969697	0.17525252525252524	0.20494949494949494	0.795050505050505	0.795050505050505	0.0	1.0	0.6488696488696489	0.9966329966329966	0.5656565656565656	0.9966329966329966	1.0289981613484651	0.06060606060606061	0.030303030303030304	0.4377104377104377	0.29292929292929293	MS4A1;LST1	CD8A;CD8B		0.0	0.0	0.0	0.0	0.0	0.795050505050505
infection_study_01	T_NK_lineage	36	gdT Cell	4	297	0.8122496540674387	0.8585858585858586	0.9669225792846599	0.0296969696969697	0.44671717171717173	0.47641414141414146	0.4905084378705184	0.4905084378705184	0.0	0.9764309764309764	0.4298540965207632	0.8585858585858586	0.3468013468013468	0.632996632996633	1.4333468827952054	0.06060606060606061	0.030303030303030304	1.0	0.9781144781144782	MS4A1;LST1	NKG7;GNLY		0.0	0.0	0.08754208754208755	0.04377104377104377	0.0	0.6743468217089023
infection_study_01	T_NK_lineage	36	CD4 T Effector Memory	5	297	0.7633457140776345	1.0	1.0	0.11388888888888889	0.4446969696969697	0.5585858585858586	0.44141414141414137	0.44141414141414137	0.0	1.0	0.4511784511784512	1.0	0.05723905723905724	1.0	1.1714182360787684	0.25925925925925924	0.06986531986531987	1.0	0.9646464646464648	CCR7;TCF7;LEF1;FOXP3	NKG7;GNLY;GZMB;PRF1		0.0	0.0	0.003367003367003367	0.0	0.0	0.44680134680134675
infection_study_01	T_NK_lineage	36	MAIT Cell	6	297	0.7158801252640011	0.7158801252640011	0.7719498904143379	0.0296969696969697	0.44646464646464645	0.4761616161616162	0.29578827425272175	0.29578827425272175	0.0	0.9427609427609428	0.3035113035113035	0.6498316498316499	0.0	0.6498316498316499	1.4884729623307522	0.06060606060606061	0.030303030303030304	1.0	0.9764309764309765	MS4A1;LST1	NKG7;GNLY;GZMB		0.0	0.0	0.003367003367003367	0.0	0.0	0.30117547963992714
infection_study_01	T_NK_lineage	36	CD8 Naive / T Central Memory	7	297	0.6571808316947054	0.6571808316947054	0.5050505050505051	0.5	0.0015151515151515152	0.5015151515151515	0.0035353535353536136	0.0035353535353536136	0.0	0.8956228956228957	0.2768424990647213	0.5050505050505051	0.15151515151515152	0.4107744107744108	0.7624762909153872	1.0	0.9646464646464648	0.003367003367003367	0.003367003367003367	NKG7;GNLY;GZMB;PRF1	CD4		0.0	0.0	0.0	0.0	0.0	0.0035353535353536136
infection_study_01	T_NK_lineage	36	Treg	8	297	0.7170089578326415	0.7170089578326415	0.0	0.5	0.09292929292929292	0.5929292929292929	0.0	0.0	0.0	0.9023569023569024	0.17811447811447811	0.0	0.0	0.0	0.1139240506329114	1.0	0.8350168350168351	0.24579124579124578	0.12794612794612795	NKG7;GNLY;GZMB;CD8A	CCR7;TCF7		0.0	0.0	0.0	0.0	0.0	0.0
infection_study_01	T_NK_lineage	36	CD4 Naive / T Central Memory	9	297	0.583588231010123	0.583588231010123	0.24915824915824916	0.5	0.17525252525252524	0.6	0.0	0.0	0.0	0.8855218855218855	0.19865319865319866	0.24915824915824916	0.010101010101010102	0.2356902356902357	0.5460557022145719	1.0	0.7717171717171718	0.4377104377104377	0.29292929292929293	NKG7;GNLY;GZMB;PRF1;FOXP3	CD8A;CD8B		0.0	0.0	0.0	0.0	0.0	0.0
infection_study_01	T_NK_lineage	37	NK Cell	1	288	0.9364622023159275	1.0	1.0	0.36818055555555557	0.05572916666666667	0.42390972222222223	0.5760902777777778	0.5760902777777778	0.0	1.0	0.966579861111111	1.0	1.0	1.0	1.2336722302911973	0.8125	0.2701388888888888	0.14583333333333334	0.0798611111111111	CD3D;CD3E;TRAC;MS4A1;LST1	CD8A;CD8B		0.0	0.0	0.9895833333333334	0.8472222222222222	0.0	3.0066458333333337
infection_study_01	T_NK_lineage	37	CD8 Cytotoxic / T Effector Memory	2	288	0.8466699439225112	1.0	1.0	0.10743055555555556	0.44401041666666663	0.5514409722222222	0.4485590277777778	0.4485590277777778	0.0	1.0	0.7149621212121212	1.0	0.9409722222222222	1.0	1.1959145989613387	0.2465277777777778	0.0625	0.9965277777777778	0.9670138888888888	CCR7;TCF7;LEF1;MS4A1	KLRD1;FCGR3A		0.0	0.0	0.4201388888888889	0.125	0.0	1.24578125
infection_study_01	T_NK_lineage	37	NKT Cell	3	288	0.867134585973345	1.0	1.0	0.04423611111111111	0.05572916666666667	0.09996527777777778	0.9000347222222222	0.9000347222222222	0.0	1.0	0.6096230158730158	1.0	0.1875	1.0	1.032439972103218	0.09027777777777778	0.04513888888888889	0.14583333333333334	0.0798611111111111	MS4A1;LST1	CD8A;CD8B		0.0	0.0	0.0	0.0	0.0	0.9000347222222222
infection_study_01	T_NK_lineage	37	gdT Cell	4	288	0.8129597261670672	0.9652777777777778	1.0	0.04423611111111111	0.44505208333333335	0.48928819444444444	0.5107118055555555	0.5107118055555555	0.0	1.0	0.4392361111111111	0.9652777777777778	0.6388888888888888	0.9201388888888888	1.6094106861389006	0.09027777777777778	0.04513888888888889	1.0	0.9670138888888888	MS4A1;LST1	NKG7;GNLY		0.0	0.0	0.05555555555555555	0.024305555555555556	0.0	0.62390625
infection_study_01	T_NK_lineage	37	CD4 T Effector Memory	5	288	0.692939334352924	1.0	1.0	0.10743055555555556	0.44453125	0.5519618055555555	0.4480381944444445	0.4480381944444445	0.0	1.0	0.3838734567901235	1.0	0.16319444444444445	1.0	1.1714182360787684	0.2465277777777778	0.0625	1.0	0.9635416666666666	CCR7;TCF7;LEF1;FOXP3	NKG7;GNLY;GZMB;PRF1		0.0	0.0	0.0	0.0	0.0	0.4480381944444445
infection_study_01	T_NK_lineage	37	MAIT Cell	6	288	0.5976713276527565	0.5976713276527565	0.5484801069043186	0.04423611111111111	0.44357638888888884	0.4878124999999999	0.06066760690431866	0.06066760690431866	0.0	0.9027777777777778	0.20039682539682538	0.5069444444444444	0.0	0.5069444444444444	1.166142649839497	0.09027777777777778	0.04513888888888889	1.0	0.9571759259259259	MS4A1;LST1	NKG7;GNLY;GZMB		0.0	0.0	0.0	0.0	0.0	0.06066760690431866
infection_study_01	T_NK_lineage	37	CD8 Naive / T Central Memory	7	288	0.5339605636880052	0.5339605636880052	0.3333333333333333	0.5	0.0015625	0.5015625	0.0	0.0	0.0	0.84375	0.16319444444444445	0.3333333333333333	0.003472222222222222	0.20833333333333334	0.5082676824517358	1.0	0.9635416666666666	0.003472222222222222	0.003472222222222222	NKG7;GNLY;GZMB;PRF1	CD4		0.0	0.0	0.0	0.0	0.0	0.0
infection_study_01	T_NK_lineage	37	CD4 Naive / T Central Memory	8	288	0.39054420653994615	0.39054420653994615	0.2152777777777778	0.5	0.05572916666666667	0.5557291666666667	0.0	0.0	0.0	0.84375	0.14201388888888888	0.2152777777777778	0.0	0.20833333333333334	0.4746683369614327	1.0	0.7708333333333333	0.14583333333333334	0.0798611111111111	NKG7;GNLY;GZMB;PRF1;FOXP3	CD8A;CD8B		0.0	0.0	0.0	0.0	0.0	0.0
infection_study_01	T_NK_lineage	37	Treg	9	288	0.6293196052727406	0.6293196052727406	0.003472222222222222	0.5	0.07942708333333333	0.5794270833333334	0.0	0.0	0.0	0.84375	0.13576388888888885	0.003472222222222222	0.0	0.003472222222222222	0.15348101265822786	1.0	0.7491319444444444	0.21180555555555555	0.10590277777777778	NKG7;GNLY;GZMB;CD8A	CCR7;TCF7		0.0	0.0	0.0	0.0	0.0	0.0
infection_study_01	T_NK_lineage	38	NK Cell	1	264	0.9653612264219649	1.0	1.0	0.41569696969696973	0.1403409090909091	0.5560378787878788	0.4439621212121212	0.4439621212121212	0.0	1.0	0.9848484848484849	1.0	1.0	1.0	1.2336722302911973	0.8939393939393939	0.3454545454545455	0.3522727272727273	0.23106060606060608	CD3D;CD3E;TRAC;MS4A1;LST1	CD8A;CD8B		0.0	0.0	0.9848484848484849	0.9166666666666666	0.0	2.936386363636364
infection_study_01	T_NK_lineage	38	CD8 Cytotoxic / T Effector Memory	2	264	0.928191683052946	1.0	1.0	0.06632575757575758	0.44659090909090904	0.5129166666666666	0.4870833333333334	0.4870833333333334	0.0	1.0	0.7679063360881543	1.0	0.9772727272727273	1.0	1.1959145989613387	0.15151515151515152	0.03977272727272727	1.0	0.9772727272727273	CCR7;TCF7;LEF1;MS4A1	KLRD1;FCGR3A		0.0	0.0	0.3939393939393939	0.03409090909090909	0.0	1.1514772727272728
infection_study_01	T_NK_lineage	38	NKT Cell	3	264	0.8706576360061176	1.0	1.0	0.09136363636363636	0.1403409090909091	0.23170454545454544	0.7682954545454546	0.7682954545454546	0.0	1.0	0.6731601731601732	1.0	0.45454545454545453	1.0	1.032439972103218	0.1856060606060606	0.0946969696969697	0.3522727272727273	0.23106060606060608	MS4A1;LST1	CD8A;CD8B		0.0	0.0	0.0	0.0	0.0	0.7682954545454546
infection_study_01	T_NK_lineage	38	CD4 T Effector Memory	4	264	0.7206230427499818	0.9962121212121212	1.0	0.06282196969696971	0.44886363636363635	0.5116856060606061	0.4883143939393939	0.4883143939393939	0.0	1.0	0.4419191919191919	0.9962121212121212	0.20075757575757575	0.9924242424242424	1.1670249783677016	0.14393939393939395	0.036931818181818184	1.0	0.9924242424242424	CCR7;TCF7;LEF1;FOXP3	NKG7;GNLY;GZMB;PRF1		0.0	0.0	0.0	0.0	0.0	0.4883143939393939
infection_study_01	T_NK_lineage	38	gdT Cell	5	264	0.8470796009030661	0.9507575757575758	1.0	0.09136363636363636	0.44772727272727275	0.5390909090909091	0.46090909090909093	0.46090909090909093	0.0	0.9848484848484849	0.480429292929293	0.9507575757575758	0.6628787878787878	0.8371212121212122	1.5854493401217113	0.1856060606060606	0.0946969696969697	1.0	0.9848484848484849	MS4A1;LST1	NKG7;GNLY		0.0	0.0	0.007575757575757576	0.0	0.0	0.4730303030303031
infection_study_01	T_NK_lineage	38	CD8 Naive / T Central Memory	6	264	0.6312267861044352	0.6312267861044352	0.4015151515151515	0.5	0.013636363636363636	0.5136363636363637	0.0	0.0	0.0	0.9393939393939394	0.25841750841750843	0.4015151515151515	0.015151515151515152	0.29545454545454547	0.609203453459362	1.0	0.9924242424242424	0.030303030303030304	0.030303030303030304	NKG7;GNLY;GZMB;PRF1	CD4		0.0	0.0	0.015151515151515152	0.0	0.0	0.024242424242424246
infection_study_01	T_NK_lineage	38	CD4 Naive / T Central Memory	7	264	0.5468647585754862	0.5468647585754862	0.14772727272727273	0.5	0.1403409090909091	0.6	0.0	0.0	0.0	0.946969696969697	0.2125	0.14772727272727273	0.003787878787878788	0.12121212121212122	0.3323370062393351	1.0	0.793939393939394	0.3522727272727273	0.23106060606060608	NKG7;GNLY;GZMB;PRF1;FOXP3	CD8A;CD8B		0.0	0.0	0.0	0.0	0.0	0.0
infection_study_01	T_NK_lineage	38	Treg	8	264	0.6966763163644308	0.6966763163644308	0.05303030303030303	0.5	0.045454545454545456	0.5454545454545454	0.0	0.0	0.0	0.928030303030303	0.1878787878787879	0.05303030303030303	0.0	0.045454545454545456	0.7180667433831992	1.0	0.8162878787878788	0.12121212121212122	0.06060606060606061	NKG7;GNLY;GZMB;CD8A	CCR7;TCF7		0.0	0.0	0.0	0.0	0.0	0.0
infection_study_01	T_NK_lineage	38	MAIT Cell	9	264	0.6234341999854345	0.6234341999854345	0.4546820387152826	0.09136363636363636	0.4484848484848485	0.5398484848484848	0.0	0.0	0.0	0.8901515151515151	0.24621212121212124	0.44696969696969696	0.0	0.44696969696969696	1.0308493669823426	0.1856060606060606	0.0946969696969697	1.0	0.98989898989899	MS4A1;LST1	NKG7;GNLY;GZMB		0.0	0.0	0.0	0.0	0.0	0.0
infection_study_01	T_NK_lineage	39	MAIT Cell	1	250	0.9894672638555094	0.9894672638555094	1.0	0.17772	0.3776	0.55532	0.44467999999999996	0.44467999999999996	0.0	1.0	0.6222857142857142	0.988	0.308	0.988	2.251325799217273	0.36	0.186	0.996	0.5253333333333333	MS4A1;LST1	NKG7;GNLY;GZMB		0.0	0.0	0.976	0.936	0.0	2.9422800000000002
infection_study_01	T_NK_lineage	39	CD8 Cytotoxic / T Effector Memory	2	250	0.6775635423494283	1.0	1.0	0.25388	0.0984	0.35228	0.6477200000000001	0.6477200000000001	0.0	1.0	0.6869090909090908	1.0	0.784	0.996	1.1959145989613387	0.572	0.166	0.26	0.136	CCR7;TCF7;LEF1;MS4A1	KLRD1;FCGR3A		0.0	0.0	0.176	0.044	0.0	0.9733200000000001
infection_study_01	T_NK_lineage	39	NKT Cell	3	250	0.6842363993882457	1.0	1.0	0.17772	0.28590000000000004	0.46362000000000003	0.53638	0.53638	0.0	1.0	0.6685714285714285	1.0	0.94	0.996	1.032439972103218	0.36	0.186	0.68	0.546	MS4A1;LST1	CD8A;CD8B		0.0	0.0	0.0	0.0	0.0	0.53638
infection_study_01	T_NK_lineage	39	CD4 T Effector Memory	4	250	0.9803364649333625	1.0	1.0	0.24822000000000002	0.3876	0.6	0.4	0.4	0.0	1.0	0.776	1.0	0.972	1.0	1.1714182360787684	0.56	0.161	0.996	0.592	CCR7;TCF7;LEF1;FOXP3	NKG7;GNLY;GZMB;PRF1		0.0	0.0	0.056	0.008	0.024	0.5264000000000001
infection_study_01	T_NK_lineage	39	NK Cell	5	250	0.6362610152210327	0.996	1.0	0.5	0.28590000000000004	0.6	0.4	0.4	0.0	1.0	0.43	0.996	0.508	0.996	1.2287863996761828	1.0	0.5784	0.68	0.546	CD3D;CD3E;TRAC;MS4A1;LST1	CD8A;CD8B		0.0	0.0	0.02	0.02	0.0	0.452
infection_study_01	T_NK_lineage	39	CD8 Naive / T Central Memory	6	250	0.8292458670162406	0.84	0.9045831529737685	0.5	0.0108	0.5108	0.3937831529737684	0.3937831529737684	0.0	1.0	0.5222222222222223	0.84	0.372	0.668	1.258332611895074	0.996	0.592	0.024	0.024	NKG7;GNLY;GZMB;PRF1	CD4		0.0	0.0	0.0	0.0	0.0	0.3937831529737684
infection_study_01	T_NK_lineage	39	gdT Cell	7	250	0.8204974146092783	0.8204974146092783	0.7485620355775726	0.17772	0.4032	0.58092	0.16764203557757262	0.16764203557757262	0.0	0.992	0.43933333333333335	0.704	0.068	0.66	1.1782481423102904	0.36	0.186	0.996	0.696	MS4A1;LST1	NKG7;GNLY		0.0	0.0	0.008	0.004	0.0	0.18444203557757263
infection_study_01	T_NK_lineage	39	CD4 Naive / T Central Memory	8	250	0.8418086810865923	0.8418086810865923	0.5919314905327147	0.482672	0.28590000000000004	0.6	0.0	0.0	0.0	1.0	0.44239999999999996	0.548	0.076	0.512	1.1757259621308582	0.996	0.47359999999999997	0.68	0.546	NKG7;GNLY;GZMB;PRF1;FOXP3	CD8A;CD8B		0.0	0.0	0.004	0.0	0.004	0.0112
infection_study_01	T_NK_lineage	39	Treg	9	250	0.7811157235452626	0.7811157235452626	0.04	0.5	0.2073	0.6	0.0	0.0	0.0	0.996	0.2048	0.04	0.0	0.024	0.569620253164557	1.0	0.5609999999999999	0.54	0.302	NKG7;GNLY;GZMB;CD8A	CCR7;TCF7		0.0	0.0	0.004	0.004	0.0	0.0104
infection_study_01	T_NK_lineage	4	NK Cell	1	1015	0.9174131527201224	1.0	1.0	0.32060295566502467	0.051871921182266	0.3724748768472907	0.6275251231527093	0.6275251231527093	0.0	1.0	0.9535714285714285	1.0	0.9990147783251232	0.9990147783251232	1.2336722302911973	0.7241379310344828	0.20650246305418724	0.13694581280788176	0.07192118226600985	CD3D;CD3E;TRAC;MS4A1;LST1	CD8A;CD8B		0.0	0.0	1.0	0.9527093596059113	0.0	3.1802344827586206
infection_study_01	T_NK_lineage	4	CD8 Cytotoxic / T Effector Memory	2	1015	0.8644308499016823	1.0	1.0	0.06857142857142857	0.4282758620689655	0.49684729064039407	0.503152709359606	0.503152709359606	0.0	1.0	0.7126735333631885	1.0	0.9921182266009853	0.9990147783251232	1.1959145989613387	0.15763546798029557	0.039408866995073885	0.9793103448275862	0.896551724137931	CCR7;TCF7;LEF1;MS4A1	KLRD1;FCGR3A		0.0	0.0	0.18817733990147784	0.13891625615763548	0.0	0.943152709359606
infection_study_01	T_NK_lineage	4	NKT Cell	3	1015	0.8606073847498361	0.9990147783251232	1.0	0.029931034482758623	0.051871921182266	0.08180295566502463	0.9181970443349754	0.9181970443349754	0.0	1.0	0.5763546798029556	0.9990147783251232	0.31133004926108376	0.9990147783251232	1.0314328609759653	0.061083743842364535	0.030541871921182268	0.13694581280788176	0.07192118226600985	MS4A1;LST1	CD8A;CD8B		0.0	0.0	0.0	0.0	0.0	0.9181970443349754
infection_study_01	T_NK_lineage	4	gdT Cell	4	1015	0.7316928847134222	0.8630541871921182	0.9732343252156945	0.029931034482758623	0.44918719211822655	0.4791182266009852	0.49411609861470934	0.49411609861470934	0.0	0.9320197044334976	0.33267651888341543	0.8630541871921182	0.2512315270935961	0.8246305418719212	1.4407205520943054	0.061083743842364535	0.030541871921182268	1.0	0.9945812807881773	MS4A1;LST1	NKG7;GNLY		0.0	0.0	0.026600985221674877	0.0	0.0	0.5366776749693891
infection_study_01	T_NK_lineage	4	CD4 T Effector Memory	5	1015	0.7051744228388318	0.9822660098522168	1.0	0.06685714285714285	0.4472290640394089	0.5140862068965517	0.4859137931034483	0.4859137931034483	0.0	0.9990147783251232	0.3862068965517242	0.9822660098522168	0.0187192118226601	0.9822660098522168	1.1508499989920806	0.15369458128078817	0.03842364532019704	1.0	0.981527093596059	CCR7;TCF7;LEF1;FOXP3	NKG7;GNLY;GZMB;PRF1		0.0	0.0	0.0	0.0	0.0	0.4859137931034483
infection_study_01	T_NK_lineage	4	MAIT Cell	6	1015	0.6273213895564781	0.6650246305418719	0.7957110949321584	0.029931034482758623	0.44866995073891625	0.4786009852216749	0.31711010971048353	0.31711010971048353	0.0	0.9280788177339901	0.22125263898662914	0.6650246305418719	0.0	0.6650246305418719	1.5227458575611463	0.061083743842364535	0.030541871921182268	1.0	0.9911330049261083	MS4A1;LST1	NKG7;GNLY;GZMB		0.0	0.0	0.0	0.0	0.0	0.31711010971048353
infection_study_01	T_NK_lineage	4	CD8 Naive / T Central Memory	7	1015	0.5506062923312213	0.5506062923312213	0.2512315270935961	0.5	0.002216748768472906	0.5022167487684729	0.0	0.0	0.0	0.8068965517241379	0.15632183908045977	0.2512315270935961	0.024630541871921183	0.1399014778325123	0.38672488211414535	1.0	0.981527093596059	0.0049261083743842365	0.0049261083743842365	NKG7;GNLY;GZMB;PRF1	CD4		0.0	0.0	0.0	0.0	0.0	0.0
infection_study_01	T_NK_lineage	4	CD4 Naive / T Central Memory	8	1015	0.3988875537105819	0.3988875537105819	0.1497536945812808	0.5	0.051871921182266	0.551871921182266	0.0	0.0	0.0	0.780295566502463	0.134679802955665	0.1497536945812808	0.0	0.1399014778325123	0.33660674957981296	1.0	0.7854187192118226	0.13694581280788176	0.07192118226600985	NKG7;GNLY;GZMB;PRF1;FOXP3	CD8A;CD8B		0.0	0.0	0.0	0.0	0.0	0.0
infection_study_01	T_NK_lineage	4	Treg	9	1015	0.6298703663243755	0.6298703663243755	0.0019704433497536944	0.5	0.054310344827586204	0.5543103448275862	0.0	0.0	0.0	0.7714285714285715	0.11832512315270938	0.0019704433497536944	0.0	0.0009852216748768472	0.13637213942757376	1.0	0.7761083743842364	0.14482758620689656	0.07241379310344827	NKG7;GNLY;GZMB;CD8A	CCR7;TCF7		0.0	0.0	0.0	0.0	0.0	0.0
infection_study_01	T_NK_lineage	40	CD8 Cytotoxic / T Effector Memory	1	189	0.7251292695360863	0.9788359788359788	1.0	0.1761111111111111	0.1253968253968254	0.3015079365079365	0.6984920634920635	0.6984920634920635	0.0	1.0	0.7378547378547378	0.9788359788359788	0.6878306878306878	0.9629629629629629	1.1708548347209629	0.3968253968253968	0.11507936507936507	0.31216931216931215	0.21164021164021163	CCR7;TCF7;LEF1;MS4A1	KLRD1;FCGR3A		0.0	0.0	0.9894179894179894	0.8095238095238095	0.0	3.091084656084656
infection_study_01	T_NK_lineage	40	CD4 T Effector Memory	2	189	0.9324885296045444	1.0	1.0	0.16574074074074072	0.39821428571428574	0.5639550264550265	0.4360449735449735	0.4360449735449735	0.0	1.0	0.6807760141093474	1.0	0.5396825396825397	1.0	1.1714182360787684	0.37566137566137564	0.10449735449735449	0.9788359788359788	0.6970899470899471	CCR7;TCF7;LEF1;FOXP3	NKG7;GNLY;GZMB;PRF1		0.0	0.0	0.5714285714285714	0.047619047619047616	0.042328042328042326	1.4487433862433863
infection_study_01	T_NK_lineage	40	NKT Cell	3	189	0.7589032117107275	0.9947089947089947	1.0	0.06222222222222222	0.1349206349206349	0.19714285714285712	0.8028571428571429	0.8028571428571429	0.0	1.0	0.6530612244897959	0.9947089947089947	0.8783068783068783	0.9629629629629629	1.0270314123457494	0.12698412698412698	0.06349206349206349	0.31216931216931215	0.2751322751322751	MS4A1;LST1	CD8A;CD8B		0.0	0.0	0.0	0.0	0.0	0.8028571428571429
infection_study_01	T_NK_lineage	40	NK Cell	4	189	0.7012053018716772	0.9682539682539683	1.0	0.5	0.1349206349206349	0.6	0.4	0.4	0.0	0.9841269841269841	0.5304232804232804	0.9682539682539683	0.6666666666666666	0.9629629629629629	1.1948957968387002	0.9947089947089947	0.5746031746031746	0.31216931216931215	0.2751322751322751	CD3D;CD3E;TRAC;MS4A1;LST1	CD8A;CD8B		0.0	0.0	0.021164021164021163	0.021164021164021163	0.0	0.45502645502645506
infection_study_01	T_NK_lineage	40	MAIT Cell	5	189	0.9265712621076396	0.9265712621076396	0.48383231554596046	0.06222222222222222	0.40079365079365076	0.463015873015873	0.020816442530087464	0.020816442530087464	0.0	0.9947089947089947	0.47014361300075586	0.4656084656084656	0.010582010582010581	0.4656084656084656	1.0728953997499795	0.12698412698412698	0.06349206349206349	0.9682539682539683	0.7354497354497355	MS4A1;LST1	NKG7;GNLY;GZMB		0.0	0.0	0.047619047619047616	0.031746031746031744	0.0	0.1287529504665954
infection_study_01	T_NK_lineage	40	gdT Cell	6	189	0.815454082004224	0.815454082004224	0.49206349206349204	0.06222222222222222	0.4083333333333333	0.47055555555555556	0.021507936507936476	0.021507936507936476	0.0	1.0	0.41446208112874783	0.49206349206349204	0.08994708994708994	0.3915343915343915	0.82850893115634	0.12698412698412698	0.06349206349206349	0.9682539682539683	0.7857142857142857	MS4A1;LST1	NKG7;GNLY		0.0	0.0	0.010582010582010581	0.0	0.0	0.03843915343915341
infection_study_01	T_NK_lineage	40	Treg	7	189	0.8758284174495666	0.8758284174495666	0.22640814412966315	0.5	0.13412698412698412	0.6	0.0	0.0	0.0	0.9947089947089947	0.24603174603174605	0.1164021164021164	0.0	0.1164021164021164	1.440024110910187	0.9788359788359788	0.6296296296296297	0.3544973544973545	0.18518518518518517	NKG7;GNLY;GZMB;CD8A	CCR7;TCF7		0.0	0.0	0.005291005291005291	0.005291005291005291	0.0	0.013756613756613757
infection_study_01	T_NK_lineage	40	CD4 Naive / T Central Memory	8	189	0.8186949238948364	0.8186949238948364	0.5873108232536499	0.49464550264550267	0.1349206349206349	0.6	0.0	0.0	0.0	0.9947089947089947	0.4063492063492064	0.544973544973545	0.1164021164021164	0.328042328042328	1.1693491131204197	0.9788359788359788	0.5576719576719577	0.31216931216931215	0.2751322751322751	NKG7;GNLY;GZMB;PRF1;FOXP3	CD8A;CD8B		0.0	0.0	0.005291005291005291	0.0	0.0	0.008465608465608466
infection_study_01	T_NK_lineage	40	CD8 Naive / T Central Memory	9	189	0.783992425897604	0.783992425897604	0.5608465608465608	0.5	0.1333333333333333	0.6	0.0	0.0	0.0	0.9947089947089947	0.4368018812463257	0.5608465608465608	0.1111111111111111	0.328042328042328	0.845076286942792	0.9788359788359788	0.6970899470899471	0.2962962962962963	0.2962962962962963	NKG7;GNLY;GZMB;PRF1	CD4		0.0	0.0	0.0	0.0	0.0	0.0
infection_study_01	T_NK_lineage	41	CD4 Naive / T Central Memory	1	180	0.9676097880707888	0.9676097880707888	1.0	0.44764444444444446	0.1175	0.5651444444444444	0.43485555555555555	0.43485555555555555	0.0	1.0	0.7116666666666667	0.85	0.4	0.6111111111111112	1.8120507660081324	0.9277777777777778	0.4322222222222222	0.28888888888888886	0.20555555555555555	NKG7;GNLY;GZMB;PRF1;FOXP3	CD8A;CD8B		0.0	0.0	0.8388888888888889	0.022222222222222223	0.36666666666666664	2.2393
infection_study_01	T_NK_lineage	41	CD4 T Effector Memory	2	180	0.7683981501711457	0.8111111111111111	0.8111111111111111	0.40161111111111114	0.35583333333333333	0.6	0.21111111111111114	0.21111111111111114	0.0	1.0	0.615432098765432	0.8111111111111111	0.38333333333333336	0.6444444444444445	0.9523411182202528	0.8333333333333334	0.3861111111111111	0.9222222222222223	0.5277777777777778	CCR7;TCF7;LEF1;FOXP3	NKG7;GNLY;GZMB;PRF1		0.0	0.0	0.7055555555555556	0.6611111111111111	0.03888888888888889	2.047777777777778
infection_study_01	T_NK_lineage	41	Treg	3	180	0.9199257155341927	0.9199257155341927	1.0	0.45466666666666666	0.27541666666666664	0.6	0.4	0.4	0.8	1.0	0.3516666666666666	0.43333333333333335	0.06111111111111111	0.2833333333333333	5.050632911392405	0.9166666666666666	0.48333333333333334	0.6833333333333333	0.46944444444444444	NKG7;GNLY;GZMB;CD8A	CCR7;TCF7		0.0	0.0	0.2388888888888889	0.2388888888888889	0.044444444444444446	1.0744444444444445
infection_study_01	T_NK_lineage	41	CD8 Cytotoxic / T Effector Memory	4	180	0.6182452115650717	0.9055555555555556	1.0	0.39375000000000004	0.08791666666666666	0.4816666666666667	0.5183333333333333	0.5183333333333333	0.0	1.0	0.5616161616161617	0.9055555555555556	0.5333333333333333	0.8055555555555556	1.0840854010386614	0.8166666666666667	0.37916666666666665	0.23333333333333334	0.11944444444444445	CCR7;TCF7;LEF1;MS4A1	KLRD1;FCGR3A		0.0	0.0	0.14444444444444443	0.03333333333333333	0.0	0.7827777777777778
infection_study_01	T_NK_lineage	41	NKT Cell	5	180	0.6608586410312431	0.9944444444444445	1.0	0.19449999999999998	0.1175	0.31199999999999994	0.6880000000000001	0.6880000000000001	0.0	1.0	0.6452380952380953	0.9944444444444445	0.7944444444444444	0.9666666666666667	1.026760984357876	0.39444444444444443	0.20277777777777778	0.28888888888888886	0.20555555555555555	MS4A1;LST1	CD8A;CD8B		0.0	0.0	0.0	0.0	0.0	0.6880000000000001
infection_study_01	T_NK_lineage	41	NK Cell	6	180	0.3811175442429539	0.9	1.0	0.5	0.1175	0.6	0.4	0.4	0.0	0.9833333333333333	0.4076388888888889	0.9	0.5222222222222223	0.8055555555555556	1.1115264649158312	1.0	0.67	0.28888888888888886	0.20555555555555555	CD3D;CD3E;TRAC;MS4A1;LST1	CD8A;CD8B		0.0	0.0	0.005555555555555556	0.0	0.0	0.4088888888888889
infection_study_01	T_NK_lineage	41	CD8 Naive / T Central Memory	7	180	0.8573847498361372	0.8573847498361372	0.7584393847574524	0.46655555555555556	0.18999999999999997	0.6	0.15843938475745245	0.15843938475745245	0.0	1.0	0.6037037037037037	0.7333333333333333	0.35	0.6111111111111112	1.1004242056964764	0.9222222222222223	0.5277777777777778	0.4222222222222222	0.4222222222222222	NKG7;GNLY;GZMB;PRF1	CD4		0.0	0.0	0.08888888888888889	0.011111111111111112	0.0	0.31177271809078577
infection_study_01	T_NK_lineage	41	gdT Cell	8	180	0.7514019372223436	0.7514019372223436	0.19444444444444445	0.19449999999999998	0.3704166666666666	0.5649166666666666	0.0	0.0	0.0	1.0	0.3592592592592592	0.19444444444444445	0.011111111111111112	0.14444444444444443	0.33737575192202535	0.39444444444444443	0.20277777777777778	0.8944444444444445	0.6805555555555556	MS4A1;LST1	NKG7;GNLY		0.0	0.0	0.0	0.0	0.0	0.0
infection_study_01	T_NK_lineage	41	MAIT Cell	9	180	0.9004260432597772	0.9004260432597772	0.3111111111111111	0.19449999999999998	0.3597222222222222	0.5542222222222222	0.0	0.0	0.0	1.0	0.4841269841269841	0.3111111111111111	0.0	0.3111111111111111	0.7243744778153995	0.39444444444444443	0.20277777777777778	0.9111111111111111	0.575925925925926	MS4A1;LST1	NKG7;GNLY;GZMB		0.0	0.0	0.0	0.0	0.0	0.0
infection_study_01	T_NK_lineage	42	NK Cell	1	164	0.7916302527128396	0.9939024390243902	1.0	0.26224390243902435	0.037042682926829266	0.2992865853658536	0.7007134146341464	0.7007134146341464	0.0	1.0	0.6890243902439025	0.9939024390243902	0.9573170731707317	0.9817073170731707	1.2262243177683092	0.5792682926829268	0.19146341463414634	0.0975609756097561	0.05182926829268293	CD3D;CD3E;TRAC;MS4A1;LST1	CD8A;CD8B		0.0	0.0	0.926829268292683	0.8353658536585366	0.0	3.019006097560976
infection_study_01	T_NK_lineage	42	CD8 Cytotoxic / T Effector Memory	2	164	0.7230627776563979	0.9939024390243902	1.0	0.06765243902439023	0.30045731707317075	0.36810975609756097	0.631890243902439	0.631890243902439	0.0	1.0	0.5764966740576497	0.9939024390243902	0.926829268292683	0.9817073170731707	1.1886946363981816	0.1524390243902439	0.04420731707317073	0.7439024390243902	0.5152439024390244	CCR7;TCF7;LEF1;MS4A1	KLRD1;FCGR3A		0.0	0.0	0.4146341463414634	0.23780487804878048	0.0	1.533109756097561
infection_study_01	T_NK_lineage	42	NKT Cell	3	164	0.7430904522613065	0.9878048780487805	0.9927983534094582	0.09396341463414634	0.037042682926829266	0.13100609756097562	0.8617922558484826	0.8617922558484826	0.0	1.0	0.4712543554006969	0.9878048780487805	0.22560975609756098	0.9817073170731707	1.0199739014427107	0.18902439024390244	0.10060975609756097	0.0975609756097561	0.05182926829268293	MS4A1;LST1	CD8A;CD8B		0.0	0.0	0.0	0.0	0.0	0.8617922558484826
infection_study_01	T_NK_lineage	42	CD4 T Effector Memory	4	164	0.6135205010560046	0.9512195121951219	0.9799299244377219	0.06432926829268293	0.4209603658536585	0.4852896341463414	0.49464029029138046	0.49464029029138046	0.0	0.9939024390243902	0.31639566395663965	0.9512195121951219	0.12804878048780488	0.9390243902439024	1.1148416489703998	0.14634146341463414	0.039634146341463415	0.9939024390243902	0.8185975609756097	CCR7;TCF7;LEF1;FOXP3	NKG7;GNLY;GZMB;PRF1		0.0	0.0	0.06097560975609756	0.0	0.006097560975609756	0.5995183390718682
infection_study_01	T_NK_lineage	42	Treg	5	164	0.5919270264365305	0.5919270264365305	0.006097560975609756	0.5	0.04390243902439025	0.5439024390243903	0.0	0.0	0.0	0.5670731707317073	0.08475609756097562	0.006097560975609756	0.0	0.006097560975609756	0.18338993516517446	0.9939024390243902	0.6798780487804877	0.11585365853658537	0.06097560975609756	NKG7;GNLY;GZMB;CD8A	CCR7;TCF7		0.0	0.0	0.04878048780487805	0.04878048780487805	0.0	0.12682926829268293
infection_study_01	T_NK_lineage	42	gdT Cell	6	164	0.6218365377612701	0.6218365377612701	0.45121951219512196	0.09396341463414634	0.44176829268292683	0.5357317073170732	0.0	0.0	0.0	0.6951219512195121	0.20223577235772358	0.45121951219512196	0.11585365853658537	0.3902439024390244	0.7611078899736147	0.18902439024390244	0.10060975609756097	0.9939024390243902	0.9573170731707317	MS4A1;LST1	NKG7;GNLY		0.0	0.0	0.07317073170731707	0.0	0.0	0.11707317073170731
infection_study_01	T_NK_lineage	42	CD4 Naive / T Central Memory	7	164	0.4091062195033137	0.4091062195033137	0.1402439024390244	0.5	0.037042682926829266	0.5370426829268292	0.0	0.0	0.0	0.6280487804878049	0.1298780487804878	0.1402439024390244	0.024390243902439025	0.0975609756097561	0.3165692773287038	0.9939024390243902	0.6548780487804877	0.0975609756097561	0.05182926829268293	NKG7;GNLY;GZMB;PRF1;FOXP3	CD8A;CD8B		0.0	0.0	0.06097560975609756	0.0	0.0	0.0975609756097561
infection_study_01	T_NK_lineage	42	MAIT Cell	8	164	0.5981492607967374	0.5981492607967374	0.4329268292682927	0.09396341463414634	0.42987804878048774	0.5238414634146341	0.0	0.0	0.0	0.774390243902439	0.17247386759581884	0.4329268292682927	0.012195121951219513	0.4329268292682927	0.9991709397767651	0.18902439024390244	0.10060975609756097	0.9939024390243902	0.8780487804878048	MS4A1;LST1	NKG7;GNLY;GZMB		0.0	0.0	0.012195121951219513	0.006097560975609756	0.0	0.025609756097560978
infection_study_01	T_NK_lineage	42	CD8 Naive / T Central Memory	9	164	0.5416484596897531	0.5416484596897531	0.18902439024390244	0.5	0.019207317073170735	0.5192073170731707	0.0	0.0	0.0	0.6402439024390244	0.12872628726287264	0.18902439024390244	0.018292682926829267	0.0975609756097561	0.2946339774193344	0.9939024390243902	0.8185975609756097	0.042682926829268296	0.042682926829268296	NKG7;GNLY;GZMB;PRF1	CD4		0.0	0.0	0.0	0.0	0.0	0.0
infection_study_01	T_NK_lineage	43	CD8 Cytotoxic / T Effector Memory	1	91	0.7377649115140922	1.0	1.0	0.4523626373626374	0.4104395604395604	0.6	0.4	0.4	0.0	1.0	0.8171828171828172	1.0	0.967032967032967	1.0	1.1959145989613387	0.9120879120879121	0.4807692307692307	0.9560439560439561	0.8241758241758241	CCR7;TCF7;LEF1;MS4A1	KLRD1;FCGR3A		0.0	0.0	0.8241758241758241	0.7252747252747253	0.0	2.4439560439560437
infection_study_01	T_NK_lineage	43	NK Cell	2	91	0.7843565654358751	1.0	1.0	0.5	0.12857142857142856	0.6	0.4	0.4	0.0	1.0	0.8983516483516483	1.0	1.0	1.0	1.2336722302911973	1.0	0.6	0.31868131868131866	0.21978021978021978	CD3D;CD3E;TRAC;MS4A1;LST1	CD8A;CD8B		0.0	0.0	0.7692307692307693	0.7362637362637363	0.0	2.367032967032967
infection_study_01	T_NK_lineage	43	CD4 T Effector Memory	3	91	0.818185128541257	1.0	1.0	0.4523626373626374	0.44175824175824174	0.6	0.4	0.4	0.0	1.0	0.6984126984126984	1.0	0.4725274725274725	1.0	1.1714182360787684	0.9120879120879121	0.4807692307692307	1.0	0.945054945054945	CCR7;TCF7;LEF1;FOXP3	NKG7;GNLY;GZMB;PRF1		0.0	0.0	0.7472527472527473	0.0	0.0	1.5956043956043957
infection_study_01	T_NK_lineage	43	NKT Cell	4	91	0.8202971378632292	1.0	1.0	0.10769230769230768	0.12857142857142856	0.23626373626373626	0.7637362637362637	0.7637362637362637	0.0	1.0	0.8226059654631083	1.0	0.9120879120879121	1.0	1.032439972103218	0.21978021978021978	0.10989010989010989	0.31868131868131866	0.21978021978021978	MS4A1;LST1	CD8A;CD8B		0.0	0.0	0.0	0.0	0.0	0.7637362637362637
infection_study_01	T_NK_lineage	43	gdT Cell	5	91	0.78448401427427	0.8021978021978022	0.9202385577236802	0.10769230769230768	0.4434065934065934	0.551098901098901	0.3691396566247792	0.3691396566247792	0.0	1.0	0.5347985347985348	0.8021978021978022	0.4175824175824176	0.6593406593406593	1.34029489023538	0.21978021978021978	0.10989010989010989	1.0	0.956043956043956	MS4A1;LST1	NKG7;GNLY		0.0	0.0	0.10989010989010989	0.0	0.0	0.5449638324489551
infection_study_01	T_NK_lineage	43	CD4 Naive / T Central Memory	6	91	0.9098754642779113	0.9340659340659341	1.0	0.5	0.12857142857142856	0.6	0.4	0.4	0.0	1.0	0.7285714285714286	0.9340659340659341	0.6593406593406593	0.8351648351648352	1.9891806964957661	1.0	0.7604395604395604	0.31868131868131866	0.21978021978021978	NKG7;GNLY;GZMB;PRF1;FOXP3	CD8A;CD8B		0.0	0.0	0.06593406593406594	0.0	0.0	0.5054945054945055
infection_study_01	T_NK_lineage	43	MAIT Cell	7	91	0.8664518243390867	0.8664518243390867	0.9930579951687202	0.10769230769230768	0.4434065934065934	0.551098901098901	0.44195909406981915	0.44195909406981915	0.0	1.0	0.5416012558869702	0.7912087912087912	0.0	0.7912087912087912	1.8073968158397162	0.21978021978021978	0.10989010989010989	1.0	0.9560439560439561	MS4A1;LST1	NKG7;GNLY;GZMB		0.0	0.0	0.02197802197802198	0.0	0.0	0.4771239292346543
infection_study_01	T_NK_lineage	43	CD8 Naive / T Central Memory	8	91	0.7959362027528949	0.9120879120879121	1.0	0.5	0.178021978021978	0.6	0.4	0.4	0.0	1.0	0.641025641025641	0.9120879120879121	0.5824175824175825	0.8351648351648352	1.3650509303699503	1.0	0.945054945054945	0.3956043956043956	0.3956043956043956	NKG7;GNLY;GZMB;PRF1	CD4		0.0	0.0	0.01098901098901099	0.0	0.0	0.4175824175824176
infection_study_01	T_NK_lineage	43	Treg	9	91	0.7975020027674605	0.7975020027674605	0.412783419112533	0.5	0.3675824175824176	0.6	0.0	0.0	0.0	1.0	0.3142857142857143	0.16483516483516483	0.02197802197802198	0.14285714285714285	1.9917930171094729	1.0	0.7912087912087912	0.8791208791208791	0.6923076923076923	NKG7;GNLY;GZMB;CD8A	CCR7;TCF7		0.0	0.0	0.01098901098901099	0.01098901098901099	0.0	0.028571428571428574
infection_study_01	T_NK_lineage	44	NK Cell	1	61	0.686093511033428	0.819672131147541	0.9541720158052163	0.33154098360655737	0.18319672131147538	0.5147377049180327	0.43943431088718354	0.43943431088718354	0.0	0.9016393442622951	0.34426229508196726	0.819672131147541	0.47540983606557374	0.7868852459016393	1.013409374696275	0.7377049180327869	0.2327868852459017	0.47540983606557374	0.2704918032786885	CD3D;CD3E;TRAC;MS4A1;LST1	CD8A;CD8B		0.0	0.0	0.8688524590163934	0.7377049180327869	0.0	2.5673031633462
infection_study_01	T_NK_lineage	44	CD8 Cytotoxic / T Effector Memory	2	61	0.6752967737236909	0.8360655737704918	1.0	0.014262295081967214	0.075	0.08926229508196722	0.9107377049180327	0.9107377049180327	0.0	0.9180327868852459	0.44709388971684055	0.8360655737704918	0.6065573770491803	0.7868852459016393	1.0018041300502303	0.03278688524590164	0.00819672131147541	0.19672131147540983	0.10655737704918032	CCR7;TCF7;LEF1;MS4A1	KLRD1;FCGR3A		0.0	0.0	0.4262295081967213	0.08196721311475409	0.0	1.674672131147541
infection_study_01	T_NK_lineage	44	CD4 Naive / T Central Memory	3	61	0.4820752312286068	0.4820752312286068	0.01639344262295082	0.41888524590163934	0.18319672131147538	0.6	0.0	0.0	0.0	0.6721311475409836	0.1245901639344262	0.01639344262295082	0.0	0.01639344262295082	0.05561192781687177	0.8688524590163934	0.40327868852459015	0.47540983606557374	0.2704918032786885	NKG7;GNLY;GZMB;PRF1;FOXP3	CD8A;CD8B		0.0	0.0	0.4098360655737705	0.0	0.11475409836065574	0.7934426229508198
infection_study_01	T_NK_lineage	44	NKT Cell	4	61	0.6678683271429612	0.8852459016393442	0.8852459016393442	0.016065573770491805	0.18319672131147538	0.1992622950819672	0.685983606557377	0.685983606557377	0.0	0.8852459016393442	0.36533957845433257	0.8852459016393442	0.4262295081967213	0.7868852459016393	0.9151362908059851	0.03278688524590164	0.01639344262295082	0.47540983606557374	0.2704918032786885	MS4A1;LST1	CD8A;CD8B		0.0	0.0	0.0	0.0	0.0	0.685983606557377
infection_study_01	T_NK_lineage	44	CD4 T Effector Memory	5	61	0.6291420872478334	0.7704918032786885	0.7704918032786885	0.014262295081967214	0.33627049180327867	0.35053278688524586	0.41995901639344263	0.41995901639344263	0.0	0.9344262295081968	0.29508196721311475	0.7704918032786885	0.29508196721311475	0.7540983606557377	0.9052300311590676	0.03278688524590164	0.00819672131147541	0.8688524590163934	0.5040983606557377	CCR7;TCF7;LEF1;FOXP3	NKG7;GNLY;GZMB;PRF1		0.0	0.0	0.13114754098360656	0.0	0.03278688524590164	0.669139344262295
infection_study_01	T_NK_lineage	44	Treg	6	61	0.6425151117908382	0.6425151117908382	0.0	0.44114754098360653	0.006147540983606558	0.44729508196721307	0.0	0.0	0.0	0.6065573770491803	0.0819672131147541	0.0	0.0	0.0	0.1139240506329114	0.8524590163934426	0.5327868852459017	0.01639344262295082	0.00819672131147541	NKG7;GNLY;GZMB;CD8A	CCR7;TCF7		0.0	0.0	0.04918032786885246	0.04918032786885246	0.0	0.1278688524590164
infection_study_01	T_NK_lineage	44	CD8 Naive / T Central Memory	7	61	0.6338394872915302	0.6338394872915302	0.36065573770491804	0.44106557377049177	0.0	0.44106557377049177	0.0	0.0	0.0	0.8032786885245902	0.18397085610200362	0.36065573770491804	0.0	0.3442622950819672	0.548715532400147	0.8688524590163934	0.5040983606557377	0.0	0.0	NKG7;GNLY;GZMB;PRF1	CD4		0.0	0.0	0.06557377049180328	0.0	0.0	0.10491803278688526
infection_study_01	T_NK_lineage	44	gdT Cell	8	61	0.6323009977423348	0.6323009977423348	0.21311475409836064	0.016065573770491805	0.33934426229508197	0.35540983606557375	0.0	0.0	0.0	0.6721311475409836	0.1721311475409836	0.21311475409836064	0.0	0.11475409836065574	0.36818563660841835	0.03278688524590164	0.01639344262295082	0.819672131147541	0.6229508196721312	MS4A1;LST1	NKG7;GNLY		0.0	0.0	0.0	0.0	0.0	0.0
infection_study_01	T_NK_lineage	44	MAIT Cell	9	61	0.6004660986089869	0.6004660986089869	0.04918032786885246	0.016065573770491805	0.3401639344262295	0.3562295081967213	0.0	0.0	0.0	0.639344262295082	0.14519906323185014	0.04918032786885246	0.0	0.04918032786885246	0.13350120133996443	0.03278688524590164	0.01639344262295082	0.8360655737704918	0.5956284153005464	MS4A1;LST1	NKG7;GNLY;GZMB		0.0	0.0	0.0	0.0	0.0	0.0
infection_study_01	T_NK_lineage	5	CD8 Cytotoxic / T Effector Memory	1	990	0.7219339450877577	0.9959595959595959	1.0	0.2622373737373737	0.23772727272727273	0.49996464646464644	0.5000353535353536	0.5000353535353536	0.0	1.0	0.7506887052341596	0.9959595959595959	0.8747474747474747	0.9939393939393939	1.1911304621518124	0.5858585858585859	0.18005050505050507	0.6090909090909091	0.36666666666666664	CCR7;TCF7;LEF1;MS4A1	KLRD1;FCGR3A		0.0	0.0	1.0	0.9585858585858585	0.0	3.058621212121212
infection_study_01	T_NK_lineage	5	NKT Cell	2	990	0.7125072827907655	0.997979797979798	1.0	0.04856565656565657	0.37386363636363634	0.42242929292929293	0.577570707070707	0.577570707070707	0.0	0.997979797979798	0.6372294372294371	0.997979797979798	0.9101010101010101	0.9939393939393939	1.0303748856503663	0.09797979797979799	0.051515151515151514	0.8636363636363636	0.7651515151515151	MS4A1;LST1	CD8A;CD8B		0.0	0.0	0.0	0.0	0.0	0.577570707070707
infection_study_01	T_NK_lineage	5	CD8 Naive / T Central Memory	3	990	0.8490732648751002	0.9212121212121213	1.0	0.5	0.005454545454545455	0.5054545454545455	0.4945454545454545	0.4945454545454545	0.0	0.9949494949494949	0.5208754208754208	0.9212121212121213	0.4717171717171717	0.8323232323232324	1.3785583302508244	0.9939393939393939	0.567929292929293	0.012121212121212121	0.012121212121212121	NKG7;GNLY;GZMB;PRF1	CD4		0.0	0.0	0.0	0.0	0.0	0.4945454545454545
infection_study_01	T_NK_lineage	5	CD4 T Effector Memory	4	990	0.8787233267788217	0.998989898989899	1.0	0.252	0.3833712121212121	0.6	0.4	0.4	0.0	1.0	0.5968574635241302	0.998989898989899	0.7828282828282829	0.996969696969697	1.1702467006891504	0.5666666666666667	0.16666666666666669	0.9939393939393939	0.567929292929293	CCR7;TCF7;LEF1;FOXP3	NKG7;GNLY;GZMB;PRF1		0.0	0.0	0.03535353535353535	0.0	0.01616161616161616	0.475959595959596
infection_study_01	T_NK_lineage	5	NK Cell	5	990	0.6733577306823975	0.9939393939393939	1.0	0.4939717171717172	0.37386363636363634	0.6	0.4	0.4	0.0	0.9939393939393939	0.4659090909090909	0.9939393939393939	0.6555555555555556	0.9939393939393939	1.2262694566320842	0.9878787878787879	0.538989898989899	0.8636363636363636	0.7651515151515151	CD3D;CD3E;TRAC;MS4A1;LST1	CD8A;CD8B		0.0	0.0	0.012121212121212121	0.012121212121212121	0.0	0.4315151515151515
infection_study_01	T_NK_lineage	5	gdT Cell	6	990	0.844840142742699	0.844840142742699	0.6929731256009121	0.04856565656565657	0.3950757575757575	0.4436414141414141	0.24933171145949795	0.24933171145949795	0.0	0.9838383838383838	0.44360269360269355	0.6646464646464646	0.1202020202020202	0.598989898989899	1.1133066438177899	0.09797979797979799	0.051515151515151514	0.9939393939393939	0.645959595959596	MS4A1;LST1	NKG7;GNLY		0.0	0.0	0.06363636363636363	0.04242424242424243	0.0	0.3935741357019222
infection_study_01	T_NK_lineage	5	MAIT Cell	7	990	0.8045025853907217	0.8045025853907217	0.27575757575757576	0.04856565656565657	0.3831313131313131	0.4316969696969697	0.0	0.0	0.0	0.9878787878787879	0.38340548340548336	0.27575757575757576	0.0	0.27575757575757576	0.6446226479206559	0.09797979797979799	0.051515151515151514	0.9939393939393939	0.5663299663299664	MS4A1;LST1	NKG7;GNLY;GZMB		0.0	0.0	0.006060606060606061	0.00202020202020202	0.0	0.011717171717171716
infection_study_01	T_NK_lineage	5	CD4 Naive / T Central Memory	8	990	0.7614794989439954	0.7614794989439954	0.6019248217999604	0.4776525252525253	0.37386363636363634	0.6	0.0019248217999604522	0.0019248217999604522	0.0	0.990909090909091	0.3528282828282828	0.5545454545454546	0.06666666666666667	0.5212121212121212	1.1895174690180237	0.9939393939393939	0.4543434343434344	0.8636363636363636	0.7651515151515151	NKG7;GNLY;GZMB;PRF1;FOXP3	CD8A;CD8B		0.0	0.0	0.00404040404040404	0.0	0.00101010101010101	0.00960158947672813
infection_study_01	T_NK_lineage	5	Treg	9	990	0.8137699366397203	0.8137699366397203	0.021212121212121213	0.5	0.21136363636363636	0.6	0.0	0.0	0.0	0.9797979797979798	0.21595959595959596	0.021212121212121213	0.0	0.01919191919191919	0.35558112773302647	0.9959595959595959	0.6328282828282829	0.5515151515151515	0.3060606060606061	NKG7;GNLY;GZMB;CD8A	CCR7;TCF7		0.0	0.0	0.00101010101010101	0.00101010101010101	0.0	0.0026262626262626263
infection_study_01	T_NK_lineage	6	NK Cell	1	960	0.878504843055859	1.0	1.0	0.12172916666666667	0.141640625	0.26336979166666663	0.7366302083333334	0.7366302083333334	0.0	1.0	0.9130208333333334	1.0	0.9916666666666667	1.0	1.2336722302911973	0.278125	0.07291666666666667	0.37395833333333334	0.1963541666666667	CD3D;CD3E;TRAC;MS4A1;LST1	CD8A;CD8B		0.0	0.0	1.0	0.9989583333333333	0.0	3.3355885416666666
infection_study_01	T_NK_lineage	6	NKT Cell	2	960	0.7626720559318331	1.0	1.0	0.03623958333333333	0.141640625	0.17788020833333332	0.8221197916666667	0.8221197916666667	0.0	1.0	0.5092261904761904	1.0	0.484375	1.0	1.032439972103218	0.07395833333333333	0.03697916666666667	0.37395833333333334	0.1963541666666667	MS4A1;LST1	CD8A;CD8B		0.0	0.0	0.0	0.0	0.0	0.8221197916666667
infection_study_01	T_NK_lineage	6	MAIT Cell	3	960	0.6032608695652174	0.9270833333333334	1.0	0.03623958333333333	0.44369791666666664	0.47993749999999996	0.5200625000000001	0.5200625000000001	0.0	0.9458333333333333	0.17425595238095237	0.9270833333333334	0.0010416666666666667	0.9270833333333334	2.1139076997493516	0.07395833333333333	0.03697916666666667	1.0	0.9579861111111111	MS4A1;LST1	NKG7;GNLY;GZMB		0.0	0.0	0.0020833333333333333	0.0	0.0	0.5233958333333334
infection_study_01	T_NK_lineage	6	CD8 Cytotoxic / T Effector Memory	4	960	0.765530551307261	1.0	1.0	0.12377083333333333	0.42304687500000004	0.5468177083333334	0.45318229166666657	0.45318229166666657	0.0	1.0	0.6433712121212122	1.0	0.9375	1.0	1.1959145989613387	0.28229166666666666	0.075	0.98125	0.8578125000000001	CCR7;TCF7;LEF1;MS4A1	KLRD1;FCGR3A		0.0	0.0	0.014583333333333334	0.003125	0.0	0.47964062499999993
infection_study_01	T_NK_lineage	6	gdT Cell	5	960	0.5548075522540237	0.7145833333333333	0.7635115428742991	0.03623958333333333	0.441875	0.47811458333333334	0.2853969595409658	0.2853969595409658	0.0	0.7572916666666667	0.19756944444444446	0.7145833333333333	0.21458333333333332	0.51875	1.1957128381638629	0.07395833333333333	0.03697916666666667	1.0	0.9458333333333333	MS4A1;LST1	NKG7;GNLY		0.0	0.0	0.0010416666666666667	0.0	0.0	0.2870636262076324
infection_study_01	T_NK_lineage	6	CD4 T Effector Memory	6	960	0.6040255625955866	0.8416666666666667	0.8416666666666667	0.12019791666666668	0.44437499999999996	0.5645729166666666	0.27709375	0.27709375	0.0	0.9989583333333333	0.32337962962962963	0.8416666666666667	0.04375	0.8375	0.9877800637561891	0.275	0.07135416666666666	1.0	0.9625	CCR7;TCF7;LEF1;FOXP3	NKG7;GNLY;GZMB;PRF1		0.0	0.0	0.0	0.0	0.0	0.27709375
infection_study_01	T_NK_lineage	6	CD8 Naive / T Central Memory	7	960	0.33242753623188404	0.5291666666666667	0.5291666666666667	0.5	0.001875	0.501875	0.027291666666666714	0.027291666666666714	0.0	0.6864583333333333	0.12511574074074072	0.5291666666666667	0.10833333333333334	0.36875	0.7981776469569735	1.0	0.9625	0.004166666666666667	0.004166666666666667	NKG7;GNLY;GZMB;PRF1	CD4		0.0	0.0	0.0	0.0	0.0	0.027291666666666714
infection_study_01	T_NK_lineage	6	Treg	8	960	0.16480955502148423	0.16480955502148423	0.013541666666666667	0.5	0.100390625	0.6	0.0	0.0	0.0	0.46979166666666666	0.06375	0.013541666666666667	0.0	0.008333333333333333	0.2681962025316456	1.0	0.8106770833333333	0.26666666666666666	0.1359375	NKG7;GNLY;GZMB;CD8A	CCR7;TCF7		0.0	0.0	0.0	0.0	0.0	0.0
infection_study_01	T_NK_lineage	6	CD4 Naive / T Central Memory	9	960	0.14167303910858642	0.26979166666666665	0.26979166666666665	0.5	0.141640625	0.6	0.0	0.0	0.0	0.5270833333333333	0.0825	0.26979166666666665	0.005208333333333333	0.25625	0.5895310510535179	1.0	0.7702083333333334	0.37395833333333334	0.1963541666666667	NKG7;GNLY;GZMB;PRF1;FOXP3	CD8A;CD8B		0.0	0.0	0.0	0.0	0.0	0.0
infection_study_01	T_NK_lineage	7	CD8 Cytotoxic / T Effector Memory	1	876	0.7600866652101086	0.9942922374429224	1.0	0.13868721461187214	0.09803082191780821	0.23671803652968035	0.7632819634703196	0.7632819634703196	0.0	1.0	0.738895807388958	0.9942922374429224	0.8401826484018264	0.9897260273972602	1.1891561865163742	0.3150684931506849	0.08618721461187215	0.2465753424657534	0.1603881278538813	CCR7;TCF7;LEF1;MS4A1	KLRD1;FCGR3A		0.0	0.0	0.997716894977169	0.9611872146118722	0.0	3.3208162100456624
infection_study_01	T_NK_lineage	7	CD4 T Effector Memory	2	876	0.8951278129779332	0.9931506849315068	1.0	0.1348972602739726	0.41626712328767124	0.5511643835616439	0.4488356164383561	0.4488356164383561	0.0	0.9988584474885844	0.6314053779807205	0.9931506849315068	0.4897260273972603	0.9931506849315068	1.1634742632313604	0.3070776255707763	0.08276255707762557	0.9954337899543378	0.7842465753424657	CCR7;TCF7;LEF1;FOXP3	NKG7;GNLY;GZMB;PRF1		0.0	0.0	0.6267123287671232	0.00684931506849315	0.0182648401826484	1.4803424657534245
infection_study_01	T_NK_lineage	7	NKT Cell	3	876	0.8229644599810648	0.997716894977169	1.0	0.03480593607305936	0.075	0.10980593607305936	0.8901940639269407	0.8901940639269407	0.0	1.0	0.6614481409001957	0.997716894977169	0.910958904109589	0.9897260273972602	1.0301061415229404	0.07077625570776255	0.03595890410958904	0.182648401826484	0.13470319634703196	MS4A1;LST1	CD8A;CD8B		0.0	0.0	0.0	0.0	0.0	0.8901940639269407
infection_study_01	T_NK_lineage	7	NK Cell	4	876	0.7261397567547885	0.9920091324200914	1.0	0.4958219178082192	0.075	0.5708219178082192	0.4291780821917808	0.4291780821917808	0.0	0.9965753424657534	0.5592180365296804	0.9920091324200914	0.8481735159817352	0.9897260273972602	1.223911723925586	0.9908675799086758	0.5422374429223744	0.182648401826484	0.13470319634703196	CD3D;CD3E;TRAC;MS4A1;LST1	CD8A;CD8B		0.0	0.0	0.033105022831050226	0.030821917808219176	0.0	0.5129680365296803
infection_study_01	T_NK_lineage	7	gdT Cell	5	876	0.833469885660185	0.833469885660185	0.5536529680365296	0.03480593607305936	0.4333904109589041	0.4681963470319635	0.08545662100456614	0.08545662100456614	0.0	0.9908675799086758	0.41248097412480966	0.5536529680365296	0.07077625570776255	0.4885844748858447	0.9301443452335051	0.07077625570776255	0.03595890410958904	0.9920091324200914	0.9052511415525114	MS4A1;LST1	NKG7;GNLY		0.0	0.0	0.0091324200913242	0.001141552511415525	0.0	0.10121004566210037
infection_study_01	T_NK_lineage	7	MAIT Cell	6	876	0.8821098244847425	0.8821098244847425	0.4662056081597035	0.03480593607305936	0.4207191780821917	0.4555251141552511	0.010680494004452423	0.010680494004452423	0.0	0.9897260273972602	0.4321591650358774	0.454337899543379	0.0	0.454337899543379	1.047470834465298	0.07077625570776255	0.03595890410958904	0.9931506849315068	0.8184931506849314	MS4A1;LST1	NKG7;GNLY;GZMB		0.0	0.0	0.0045662100456621	0.001141552511415525	0.0	0.019127982588927308
infection_study_01	T_NK_lineage	7	CD4 Naive / T Central Memory	7	876	0.7878978224455612	0.7878978224455612	0.5691904509251982	0.5	0.075	0.575	0.0	0.0	0.0	0.9908675799086758	0.3627853881278539	0.5331050228310502	0.1187214611872146	0.386986301369863	1.1443417123765918	0.9954337899543378	0.6276255707762556	0.182648401826484	0.13470319634703196	NKG7;GNLY;GZMB;PRF1;FOXP3	CD8A;CD8B		0.0	0.0	0.00684931506849315	0.001141552511415525	0.0	0.012100456621004566
infection_study_01	T_NK_lineage	7	Treg	8	876	0.8806532663316583	0.8806532663316583	0.07191780821917808	0.5	0.09803082191780822	0.5980308219178082	0.0	0.0	0.0	0.9851598173515982	0.24474885844748856	0.07191780821917808	0.0	0.06963470319634703	0.9332408531298768	0.9942922374429224	0.6535388127853881	0.2602739726027397	0.1329908675799087	NKG7;GNLY;GZMB;CD8A	CCR7;TCF7		0.0	0.0	0.0045662100456621	0.0045662100456621	0.0	0.01187214611872146
infection_study_01	T_NK_lineage	7	CD8 Naive / T Central Memory	9	876	0.7326669579782973	0.7326669579782973	0.3812785388127854	0.5	0.17414383561643834	0.6	0.0	0.0	0.0	0.9931506849315068	0.3559107052257737	0.3812785388127854	0.03995433789954338	0.2545662100456621	0.5792453479091534	0.9954337899543378	0.7842465753424657	0.386986301369863	0.386986301369863	NKG7;GNLY;GZMB;PRF1	CD4		0.0	0.0	0.00228310502283105	0.0	0.0	0.0036529680365296802
infection_study_01	T_NK_lineage	8	CD4 T Effector Memory	1	847	0.8913407617799141	0.8913407617799141	1.0	0.3675619834710744	0.2000737898465171	0.5676357733175915	0.4323642266824085	0.4323642266824085	0.0	1.0	0.6483011937557391	0.8288075560802833	0.5950413223140496	0.7485242030696576	0.9728658096565426	0.7863046044864227	0.3125737898465172	0.564344746162928	0.2051357733175915	CCR7;TCF7;LEF1;FOXP3	NKG7;GNLY;GZMB;PRF1		0.0	0.0	0.9669421487603306	0.5100354191263282	0.16056670602125148	2.682187131050768
infection_study_01	T_NK_lineage	8	CD4 Naive / T Central Memory	2	847	0.8988784502221251	0.8988784502221251	0.9521600788753359	0.2510554899645809	0.22367178276269187	0.4747272727272728	0.47743280614806316	0.47743280614806316	0.0	1.0	0.565879574970484	0.7839433293978748	0.3447461629279811	0.5430932703659976	1.6728669979098443	0.5655253837072018	0.164344746162928	0.5159386068476978	0.4592680047225502	NKG7;GNLY;GZMB;PRF1;FOXP3	CD8A;CD8B		0.0	0.0	0.40968122786304606	0.01652892561983471	0.38134592680047225	1.6070668085093383
infection_study_01	T_NK_lineage	8	CD8 Cytotoxic / T Effector Memory	3	847	0.6228606802126575	0.6481700118063755	0.7603305785123967	0.375926800472255	0.03506493506493506	0.4109917355371901	0.3493388429752066	0.3493388429752066	0.0	1.0	0.4581946978641193	0.6481700118063755	0.38016528925619836	0.4852420306965762	0.7793219066512882	0.8016528925619835	0.3240850059031878	0.09327036599763873	0.047225501770956316	CCR7;TCF7;LEF1;MS4A1	KLRD1;FCGR3A		0.0	0.0	0.5100354191263282	0.3778040141676505	0.0	1.5431995277449824
infection_study_01	T_NK_lineage	8	CD8 Naive / T Central Memory	4	847	0.8698383220450077	0.8698383220450077	1.0	0.25958087367178273	0.07012987012987013	0.3297107438016529	0.6702892561983471	0.6702892561983471	0.0	1.0	0.588613406795225	0.8583234946871311	0.5029515938606848	0.5430932703659976	1.2854585541641366	0.564344746162928	0.2051357733175915	0.15584415584415584	0.15584415584415584	NKG7;GNLY;GZMB;PRF1	CD4		0.0	0.0	0.08500590318772137	0.031877213695395513	0.0	0.8381759149940968
infection_study_01	T_NK_lineage	8	NKT Cell	5	847	0.6076578544898406	0.9338842975206612	0.9338842975206612	0.11282172373081464	0.22367178276269187	0.3364935064935065	0.5973907910271546	0.5973907910271546	0.0	0.9964580873671782	0.49097655591162076	0.9338842975206612	0.4344746162927981	0.8736717827626919	0.9648553245553436	0.22786304604486424	0.1192443919716647	0.5159386068476978	0.4592680047225502	MS4A1;LST1	CD8A;CD8B		0.0	0.0	0.0	0.0	0.0	0.5973907910271546
infection_study_01	T_NK_lineage	8	Treg	6	847	0.7894909329254971	0.7894909329254971	0.06965761511216056	0.3103719008264463	0.29805194805194807	0.6	0.0	0.0	0.0	0.9964580873671782	0.23034238488783942	0.06965761511216056	0.0011806375442739079	0.04604486422668241	0.9074918177334748	0.6528925619834711	0.2830578512396694	0.7390791027154664	0.5088547815820543	NKG7;GNLY;GZMB;CD8A	CCR7;TCF7		0.0	0.0	0.020070838252656435	0.020070838252656435	0.004722550177095631	0.05785123966942149
infection_study_01	T_NK_lineage	8	MAIT Cell	7	847	0.8800342291165975	0.8800342291165975	0.27863046044864226	0.11282172373081464	0.19279811097992916	0.30561983471074383	0.0	0.0	0.0	1.0	0.45775004216562654	0.27863046044864226	0.0059031877213695395	0.2762691853600944	0.6511034088657204	0.22786304604486424	0.1192443919716647	0.5348288075560803	0.21566312475403385	MS4A1;LST1	NKG7;GNLY;GZMB		0.0	0.0	0.014167650531286895	0.0070838252656434475	0.0	0.02975206611570248
infection_study_01	T_NK_lineage	8	NK Cell	8	847	0.23256681960527273	0.538370720188902	0.538370720188902	0.5	0.22367178276269187	0.6	0.0	0.0	0.0	0.6989374262101535	0.15510625737898465	0.538370720188902	0.12868949232585597	0.45808736717827625	0.6698116132691414	0.9976387249114522	0.5874852420306966	0.5159386068476978	0.4592680047225502	CD3D;CD3E;TRAC;MS4A1;LST1	CD8A;CD8B		0.0	0.0	0.0	0.0	0.0	0.0
infection_study_01	T_NK_lineage	8	gdT Cell	9	847	0.7292986672492899	0.7292986672492899	0.22195985832349469	0.11282172373081464	0.20348288075560803	0.31630460448642267	0.0	0.0	0.0	0.9964580873671782	0.3482880755608028	0.22195985832349469	0.014167650531286895	0.18890200708382526	0.3827818937818149	0.22786304604486424	0.1192443919716647	0.526564344746163	0.30342384887839435	MS4A1;LST1	NKG7;GNLY		0.0	0.0	0.0	0.0	0.0	0.0
infection_study_01	T_NK_lineage	9	NK Cell	1	808	0.918487364358022	1.0	1.0	0.11731683168316832	0.11797648514851486	0.2352933168316832	0.7647066831683168	0.7647066831683168	0.0	1.0	0.9554455445544554	1.0	0.9962871287128713	0.9975247524752475	1.2336722302911973	0.27103960396039606	0.06509900990099012	0.3118811881188119	0.16274752475247525	CD3D;CD3E;TRAC;MS4A1;LST1	CD8A;CD8B		0.0	0.0	1.0	1.0	0.0	3.364706683168317
infection_study_01	T_NK_lineage	9	NKT Cell	2	808	0.7725220304420655	0.9987623762376238	1.0	0.05336633663366337	0.11797648514851486	0.17134282178217825	0.8286571782178218	0.8286571782178218	0.0	1.0	0.5037128712871287	0.9987623762376238	0.4084158415841584	0.9975247524752475	1.0311748510708398	0.10891089108910891	0.054455445544554455	0.3118811881188119	0.16274752475247525	MS4A1;LST1	CD8A;CD8B		0.0	0.0	0.0	0.0	0.0	0.8286571782178218
infection_study_01	T_NK_lineage	9	MAIT Cell	3	808	0.5895692229262253	0.9133663366336634	1.0	0.05336633663366337	0.4484529702970297	0.5018193069306931	0.4981806930693069	0.4981806930693069	0.0	0.931930693069307	0.15788543140028288	0.9133663366336634	0.0049504950495049506	0.9133663366336634	2.08296438456123	0.10891089108910891	0.054455445544554455	1.0	0.9896864686468647	MS4A1;LST1	NKG7;GNLY;GZMB		0.0	0.0	0.0	0.0	0.0	0.4981806930693069
infection_study_01	T_NK_lineage	9	CD8 Cytotoxic / T Effector Memory	4	808	0.7893634840871022	0.9987623762376238	1.0	0.08621287128712873	0.4351485148514851	0.5213613861386138	0.4786386138613862	0.4786386138613862	0.0	1.0	0.6493024302430244	0.9987623762376238	0.9839108910891089	0.9975247524752475	1.1944491610153511	0.1967821782178218	0.05198019801980199	0.9913366336633663	0.9183168316831682	CCR7;TCF7;LEF1;MS4A1	KLRD1;FCGR3A		0.0	0.0	0.006188118811881188	0.0	0.0	0.4885396039603961
infection_study_01	T_NK_lineage	9	gdT Cell	5	808	0.5748488820916176	0.8205445544554455	0.9131872639768239	0.05336633663366337	0.4475866336633663	0.5009529702970297	0.41223429367979425	0.41223429367979425	0.0	0.8378712871287128	0.20853960396039603	0.8205445544554455	0.2599009900990099	0.719059405940594	1.3705708380855135	0.10891089108910891	0.054455445544554455	0.9987623762376238	0.9863861386138614	MS4A1;LST1	NKG7;GNLY		0.0	0.0	0.0	0.0	0.0	0.41223429367979425
infection_study_01	T_NK_lineage	9	CD4 T Effector Memory	6	808	0.6168978952734688	0.8626237623762376	0.8656453931889085	0.08170173267326733	0.44791150990099005	0.5296132425742573	0.3360321506146512	0.3360321506146512	0.0	0.9938118811881188	0.3208195819581958	0.8626237623762376	0.022277227722772276	0.8626237623762376	1.0120865232506837	0.18688118811881188	0.048576732673267335	1.0	0.9860767326732673	CCR7;TCF7;LEF1;FOXP3	NKG7;GNLY;GZMB;PRF1		0.0	0.0	0.0	0.0	0.0	0.3360321506146512
infection_study_01	T_NK_lineage	9	CD8 Naive / T Central Memory	7	808	0.28711492243827835	0.42945544554455445	0.42945544554455445	0.5	0.0016707920792079205	0.501670792079208	0.0	0.0	0.0	0.594059405940594	0.0985973597359736	0.42945544554455445	0.05816831683168317	0.3056930693069307	0.6505660218865796	1.0	0.9860767326732673	0.0037128712871287127	0.0037128712871287127	NKG7;GNLY;GZMB;PRF1	CD4		0.0	0.0	0.0	0.0	0.0	0.0
infection_study_01	T_NK_lineage	9	CD4 Naive / T Central Memory	8	808	0.05650535285121258	0.18316831683168316	0.18316831683168316	0.5	0.11797648514851486	0.6	0.0	0.0	0.0	0.4752475247524752	0.06695544554455445	0.18316831683168316	0.0024752475247524753	0.16831683168316833	0.4070125540504106	1.0	0.7888613861386139	0.3118811881188119	0.16274752475247525	NKG7;GNLY;GZMB;PRF1;FOXP3	CD8A;CD8B		0.0	0.0	0.0	0.0	0.0	0.0
infection_study_01	T_NK_lineage	9	Treg	9	808	0.40717172820624864	0.40717172820624864	0.012376237623762377	0.5	0.06748143564356436	0.5674814356435643	0.0	0.0	0.0	0.5123762376237624	0.06856435643564357	0.012376237623762377	0.0012376237623762376	0.012376237623762377	0.25491916280235616	1.0	0.8186881188118812	0.17945544554455445	0.09096534653465348	NKG7;GNLY;GZMB;CD8A	CCR7;TCF7		0.0	0.0	0.0	0.0	0.0	0.0
