study	lineage	subcluster	candidate_label	marker_role	n_cells	positive_genes_present	key_genes_present	negative_genes_present	marker_score_mean	positive_mean	negative_mean	key_gene_present_fraction	marker_score_scaled	rank_within_subcluster
infection_study_01	Myeloid_lineage	Myeloid_lineage:0	Myeloid Cell	parent	1455	LYZ,LST1,TYROBP,CST3,FCER1G	LYZ,LST1	CD3D,CD79A,MS4A1,NKG7	3.1132848254486256	3.1501907604584583	0.07381187001966528	1.0	0.9140745167680074	4.0
infection_study_01	Myeloid_lineage	Myeloid_lineage:0	Monocyte	parent	1455	LYZ,LST1,FCN1,S100A8,S100A9,MS4A7,FCGR3A	LYZ,LST1	CD3D,MS4A1,CLEC4C	2.3294757470805543	2.333250753365724	0.007550012570339654	1.0	0.5538426026220891	9.0
infection_study_01	Myeloid_lineage	Myeloid_lineage:0	Classical Monocyte	terminal	1455	LYZ,LST1,FCN1,VCAN,S100A8,S100A9,CTSS,LGALS3	FCN1,VCAN,S100A8	FCGR3A,MS4A7,CD1C,CLEC4C	1.6458747790006223	2.193034337248487	1.0943191164957289	1.0	0.12132847581553044	11.0
infection_study_01	Myeloid_lineage	Myeloid_lineage:0	Non-Classical Monocyte	terminal	1455	FCGR3A,MS4A7,CX3CR1,LST1,IFITM3,RHOC	FCGR3A,MS4A7,CX3CR1	S100A8,S100A9,VCAN,CD1C	1.649621079635101	2.1405383908496005	0.9818346224289989	1.0	1.0	1.0
infection_study_01	Myeloid_lineage	Myeloid_lineage:0	Intermediate Monocyte	terminal	1455	FCN1,LST1,MS4A7,HLA-DRA,CD74,S100A8	FCN1,MS4A7,HLA-DRA	CD1C,CLEC4C,NKG7	2.5062666885887634	2.5498489567504308	0.08716453632333435	1.0	0.7592672489447092	6.0
infection_study_01	Myeloid_lineage	Myeloid_lineage:0	Granulocyte	parent	1455	S100A8,S100A9,CSF3R,FCGR3B	S100A8,S100A9	CD3D,MS4A1	1.0235760187442156	1.0292385281719703	0.01132501885550948	1.0	0.08958792933760584	12.0
infection_study_01	Myeloid_lineage	Myeloid_lineage:0	Neutrophil	terminal	1455	S100A8,S100A9,FCGR3B,CSF3R,CXCR2,NAMPT	S100A8,S100A9,FCGR3B	CD3D,MS4A1,CD79A	0.9206189872251069	0.928150142874368	0.015062311298522205	1.0	0.1250503966942985	10.0
infection_study_01	Myeloid_lineage	Myeloid_lineage:0	Eosinophil	terminal	1455	CLC,RNASE2,RNASE3,PRG2,SIGLEC8,IL5RA	CLC,RNASE2,RNASE3	S100A8,CD3D,MS4A1	-0.2157489924650012	0.0036185123871282205	0.4387350097042588	1.0	0.9276666139526589	2.0
infection_study_01	Myeloid_lineage	Myeloid_lineage:0	Basophil	terminal	1455	MS4A2,CPA3,HDC,GATA2,IL3RA,KIT	MS4A2,CPA3,HDC	CD3D,MS4A1,LST1	-0.5514137487077632	0.046601768191327754	1.1960310337981817	1.0	0.0	13.0
infection_study_01	Myeloid_lineage	Myeloid_lineage:0	Mast Cell	terminal	1455	TPSAB1,TPSB2,CPA3,KIT,MS4A2,HDC	TPSAB1,TPSB2,CPA3	CD3D,MS4A1,LST1	-0.5978025241798689	0.00021299271922204364	1.1960310337981817	1.0	0.0	14.0
infection_study_01	Myeloid_lineage	Myeloid_lineage:0	DC	parent	1455	HLA-DRA,CD74,CST3,FCER1A,CD1C,CLEC4C	HLA-DRA,CD74	CD3D,MS4A1,S100A8	1.3706562670628366	1.5900237719149661	0.4387350097042588	1.0	0.6590399285607458	8.0
infection_study_01	Myeloid_lineage	Myeloid_lineage:0	Plasmacytoid DC	terminal	1455	LILRA4,CLEC4C,IL3RA,TCF4,IRF7,GZMB,JCHAIN,SPIB	LILRA4,CLEC4C,IL3RA,TCF4	CD3D,MS4A1,CD1C,FCN1,S100A8	-0.2584882705794372	0.12088890847113125	0.758754358101137	1.0	0.810900731475112	5.0
infection_study_01	Myeloid_lineage	Myeloid_lineage:0	Conventional DC 1	terminal	1455	CLEC9A,XCR1,BATF3,CADM1,IRF8,C1orf54	CLEC9A,XCR1,BATF3	CD1C,FCER1A,CLEC4C,S100A8	-0.027244743273805782	0.13607052553184798	0.32663053761130756	1.0	0.9270106499413562	3.0
infection_study_01	Myeloid_lineage	Myeloid_lineage:0	Conventional DC 2	terminal	1455	CD1C,FCER1A,CLEC10A,CST3,HLA-DRA,CD74	CD1C,FCER1A,CLEC10A	CLEC4C,LILRA4,S100A8,S100A9	1.1414606972692485	1.5957483694759569	0.9085753444134165	1.0	0.7301284875652875	7.0
infection_study_01	Myeloid_lineage	Myeloid_lineage:1	Myeloid Cell	parent	1411	LYZ,LST1,TYROBP,CST3,FCER1G	LYZ,LST1	CD3D,CD79A,MS4A1,NKG7	2.921541242431361	3.0291598596697917	0.21523723447686133	1.0	0.7396188589129205	6.0
infection_study_01	Myeloid_lineage	Myeloid_lineage:1	Monocyte	parent	1411	LYZ,LST1,FCN1,S100A8,S100A9,MS4A7,FCGR3A	LYZ,LST1	CD3D,MS4A1,CLEC4C	3.0289138933580024	3.0474269319681357	0.037026077220267	1.0	0.9384019500710045	2.0
infection_study_01	Myeloid_lineage	Myeloid_lineage:1	Classical Monocyte	terminal	1411	LYZ,LST1,FCN1,VCAN,S100A8,S100A9,CTSS,LGALS3	FCN1,VCAN,S100A8	FCGR3A,MS4A7,CD1C,CLEC4C	3.406334879437843	3.472746015059703	0.13282227124371992	1.0	0.9382642550729539	3.0
infection_study_01	Myeloid_lineage	Myeloid_lineage:1	Non-Classical Monocyte	terminal	1411	FCGR3A,MS4A7,CX3CR1,LST1,IFITM3,RHOC	FCGR3A,MS4A7,CX3CR1	S100A8,S100A9,VCAN,CD1C	-1.0902007173948358	0.7212756188758406	3.6229526725413526	1.0	0.0	14.0
infection_study_01	Myeloid_lineage	Myeloid_lineage:1	Intermediate Monocyte	terminal	1411	FCN1,LST1,MS4A7,HLA-DRA,CD74,S100A8	FCN1,MS4A7,HLA-DRA	CD1C,CLEC4C,NKG7	2.5254903610451636	2.6499920321530324	0.2490033422157383	1.0	0.777931030657151	5.0
infection_study_01	Myeloid_lineage	Myeloid_lineage:1	Granulocyte	parent	1411	S100A8,S100A9,CSF3R,FCGR3B	S100A8,S100A9	CD3D,MS4A1	3.1577342695521597	3.18509302037477	0.05471750164521999	1.0	0.9451894659100865	1.0
infection_study_01	Myeloid_lineage	Myeloid_lineage:1	Neutrophil	terminal	1411	S100A8,S100A9,FCGR3B,CSF3R,CXCR2,NAMPT	S100A8,S100A9,FCGR3B	CD3D,MS4A1,CD79A	2.4379016957031254	2.457165385641557	0.038527379876863804	1.0	0.9172454156786418	4.0
infection_study_01	Myeloid_lineage	Myeloid_lineage:1	Eosinophil	terminal	1411	CLC,RNASE2,RNASE3,PRG2,SIGLEC8,IL5RA	CLC,RNASE2,RNASE3	S100A8,CD3D,MS4A1	-0.9015417280924846	0.14608182666742742	2.0952471095198244	1.0	0.01614836551517866	12.0
infection_study_01	Myeloid_lineage	Myeloid_lineage:1	Basophil	terminal	1411	MS4A2,CPA3,HDC,GATA2,IL3RA,KIT	MS4A2,CPA3,HDC	CD3D,MS4A1,LST1	-0.36098999812223936	0.003789595958613741	0.7295591881617064	1.0	0.48748048805952476	8.0
infection_study_01	Myeloid_lineage	Myeloid_lineage:1	Mast Cell	terminal	1411	TPSAB1,TPSB2,CPA3,KIT,MS4A2,HDC	TPSAB1,TPSB2,CPA3	CD3D,MS4A1,LST1	-0.3647795940808532	0.0	0.7295591881617064	1.0	0.5208885542015199	7.0
infection_study_01	Myeloid_lineage	Myeloid_lineage:1	DC	parent	1411	HLA-DRA,CD74,CST3,FCER1A,CD1C,CLEC4C	HLA-DRA,CD74	CD3D,MS4A1,S100A8	0.2414395967865846	1.2890631515464968	2.0952471095198244	1.0	0.17038345162711938	9.0
infection_study_01	Myeloid_lineage	Myeloid_lineage:1	Plasmacytoid DC	terminal	1411	LILRA4,CLEC4C,IL3RA,TCF4,IRF7,GZMB,JCHAIN,SPIB	LILRA4,CLEC4C,IL3RA,TCF4	CD3D,MS4A1,CD1C,FCN1,S100A8	-0.7458712350109805	0.11619257524577883	1.7241276205135188	1.0	0.07103189854422472	11.0
infection_study_01	Myeloid_lineage	Myeloid_lineage:1	Conventional DC 1	terminal	1411	CLEC9A,XCR1,BATF3,CADM1,IRF8,C1orf54	CLEC9A,XCR1,BATF3	CD1C,FCER1A,CLEC4C,S100A8	-0.7265878258681794	0.04565586833674492	1.5444873884098484	1.0	0.010689115517190284	13.0
infection_study_01	Myeloid_lineage	Myeloid_lineage:1	Conventional DC 2	terminal	1411	CD1C,FCER1A,CLEC10A,CST3,HLA-DRA,CD74	CD1C,FCER1A,CLEC10A	CLEC4C,LILRA4,S100A8,S100A9	-0.16933117550462237	1.2948480004639653	2.928358351937175	1.0	0.16862774597277627	10.0
infection_study_01	Myeloid_lineage	Myeloid_lineage:2	Myeloid Cell	parent	1354	LYZ,LST1,TYROBP,CST3,FCER1G	LYZ,LST1	CD3D,CD79A,MS4A1,NKG7	3.130407234281851	3.1519479725526383	0.04308147654157445	1.0	0.9296531403133658	2.0
infection_study_01	Myeloid_lineage	Myeloid_lineage:2	Monocyte	parent	1354	LYZ,LST1,FCN1,S100A8,S100A9,MS4A7,FCGR3A	LYZ,LST1	CD3D,MS4A1,CLEC4C	2.910976803495829	2.9155418521890306	0.009130097386403838	1.0	0.8735587461954315	4.0
infection_study_01	Myeloid_lineage	Myeloid_lineage:2	Classical Monocyte	terminal	1354	LYZ,LST1,FCN1,VCAN,S100A8,S100A9,CTSS,LGALS3	FCN1,VCAN,S100A8	FCGR3A,MS4A7,CD1C,CLEC4C	3.3661521452904144	3.4754519430037307	0.2185995954266327	1.0	0.9196175880878454	3.0
infection_study_01	Myeloid_lineage	Myeloid_lineage:2	Non-Classical Monocyte	terminal	1354	FCGR3A,MS4A7,CX3CR1,LST1,IFITM3,RHOC	FCGR3A,MS4A7,CX3CR1	S100A8,S100A9,VCAN,CD1C	-0.45026534284932274	1.1148102513891849	3.1301511884770155	1.0	0.2512988519877733	13.0
infection_study_01	Myeloid_lineage	Myeloid_lineage:2	Intermediate Monocyte	terminal	1354	FCN1,LST1,MS4A7,HLA-DRA,CD74,S100A8	FCN1,MS4A7,HLA-DRA	CD1C,CLEC4C,NKG7	2.6939394557779788	2.7197128854534243	0.05154685935089002	1.0	0.9414740342576416	1.0
infection_study_01	Myeloid_lineage	Myeloid_lineage:2	Granulocyte	parent	1354	S100A8,S100A9,CSF3R,FCGR3B	S100A8,S100A9	CD3D,MS4A1	2.870075043285351	2.8766531737155363	0.013156260860371272	1.0	0.8298645241397391	6.0
infection_study_01	Myeloid_lineage	Myeloid_lineage:2	Neutrophil	terminal	1354	S100A8,S100A9,FCGR3B,CSF3R,CXCR2,NAMPT	S100A8,S100A9,FCGR3B	CD3D,MS4A1,CD79A	2.27551156163201	2.2819800045742946	0.012936885884569996	1.0	0.8324592023879227	5.0
infection_study_01	Myeloid_lineage	Myeloid_lineage:2	Eosinophil	terminal	1354	CLC,RNASE2,RNASE3,PRG2,SIGLEC8,IL5RA	CLC,RNASE2,RNASE3	S100A8,CD3D,MS4A1	-0.7046336600275417	0.07052309096138329	1.55031350197785	1.0	0.27786781511176895	12.0
infection_study_01	Myeloid_lineage	Myeloid_lineage:2	Basophil	terminal	1354	MS4A2,CPA3,HDC,GATA2,IL3RA,KIT	MS4A2,CPA3,HDC	CD3D,MS4A1,LST1	-0.4135837324187416	0.008357875779131725	0.8438832163957467	1.0	0.3439231555007011	10.0
infection_study_01	Myeloid_lineage	Myeloid_lineage:2	Mast Cell	terminal	1354	TPSAB1,TPSB2,CPA3,KIT,MS4A2,HDC	TPSAB1,TPSB2,CPA3	CD3D,MS4A1,LST1	-0.4218750635665488	6.654463132457273e-05	0.8438832163957467	1.0	0.3770458166732768	7.0
infection_study_01	Myeloid_lineage	Myeloid_lineage:2	DC	parent	1354	HLA-DRA,CD74,CST3,FCER1A,CD1C,CLEC4C	HLA-DRA,CD74	CD3D,MS4A1,S100A8	0.709638495931832	1.484795246920757	1.55031350197785	1.0	0.37299153436517174	8.0
infection_study_01	Myeloid_lineage	Myeloid_lineage:2	Plasmacytoid DC	terminal	1354	LILRA4,CLEC4C,IL3RA,TCF4,IRF7,GZMB,JCHAIN,SPIB	LILRA4,CLEC4C,IL3RA,TCF4	CD3D,MS4A1,CD1C,FCN1,S100A8	-0.6534908770937115	0.09034255831784388	1.4876668708231107	1.0	0.2112693557103906	14.0
infection_study_01	Myeloid_lineage	Myeloid_lineage:2	Conventional DC 1	terminal	1354	CLEC9A,XCR1,BATF3,CADM1,IRF8,C1orf54	CLEC9A,XCR1,BATF3	CD1C,FCER1A,CLEC4C,S100A8	-0.48371232893264754	0.09767260794596154	1.162769873757218	1.0	0.3289192568669702	11.0
infection_study_01	Myeloid_lineage	Myeloid_lineage:2	Conventional DC 2	terminal	1354	CD1C,FCER1A,CLEC10A,CST3,HLA-DRA,CD74	CD1C,FCER1A,CLEC10A	CLEC4C,LILRA4,S100A8,S100A9	0.2615900160547608	1.496221142671984	2.4692622532344464	1.0	0.35322041369849694	9.0
infection_study_01	Myeloid_lineage	Myeloid_lineage:3	Myeloid Cell	parent	1295	LYZ,LST1,TYROBP,CST3,FCER1G	LYZ,LST1	CD3D,CD79A,MS4A1,NKG7	3.1392723635532334	3.1630034788510977	0.047462230595727684	1.0	0.9377189745627972	2.0
infection_study_01	Myeloid_lineage	Myeloid_lineage:3	Monocyte	parent	1295	LYZ,LST1,FCN1,S100A8,S100A9,MS4A7,FCGR3A	LYZ,LST1	CD3D,MS4A1,CLEC4C	2.725038399113783	2.730190064681214	0.01030333113486242	1.0	0.7713276170592628	4.0
infection_study_01	Myeloid_lineage	Myeloid_lineage:3	Classical Monocyte	terminal	1295	LYZ,LST1,FCN1,VCAN,S100A8,S100A9,CTSS,LGALS3	FCN1,VCAN,S100A8	FCGR3A,MS4A7,CD1C,CLEC4C	3.1319849232075065	3.255465970665907	0.24696209491680027	1.0	0.8109530509016086	3.0
infection_study_01	Myeloid_lineage	Myeloid_lineage:3	Non-Classical Monocyte	terminal	1295	FCGR3A,MS4A7,CX3CR1,LST1,IFITM3,RHOC	FCGR3A,MS4A7,CX3CR1	S100A8,S100A9,VCAN,CD1C	-0.5897243863582956	0.791620280608017	2.7626893339326255	1.0	0.19427822160419644	14.0
infection_study_01	Myeloid_lineage	Myeloid_lineage:3	Intermediate Monocyte	terminal	1295	FCN1,LST1,MS4A7,HLA-DRA,CD74,S100A8	FCN1,MS4A7,HLA-DRA	CD1C,CLEC4C,NKG7	2.713536468905755	2.754298483387614	0.08152402896371741	1.0	0.9605002830694759	1.0
infection_study_01	Myeloid_lineage	Myeloid_lineage:3	Granulocyte	parent	1295	S100A8,S100A9,CSF3R,FCGR3B	S100A8,S100A9	CD3D,MS4A1	2.526890111452824	2.534265837804001	0.0147514527023529	1.0	0.6922788718605465	6.0
infection_study_01	Myeloid_lineage	Myeloid_lineage:3	Neutrophil	terminal	1295	S100A8,S100A9,FCGR3B,CSF3R,CXCR2,NAMPT	S100A8,S100A9,FCGR3B	CD3D,MS4A1,CD79A	2.0485458345218364	2.0547590644586653	0.012426459873658506	1.0	0.7139571477001729	5.0
infection_study_01	Myeloid_lineage	Myeloid_lineage:3	Eosinophil	terminal	1295	CLC,RNASE2,RNASE3,PRG2,SIGLEC8,IL5RA	CLC,RNASE2,RNASE3	S100A8,CD3D,MS4A1	-0.6318499997929411	0.04825359423725148	1.360207188060385	1.0	0.3746078810898797	12.0
infection_study_01	Myeloid_lineage	Myeloid_lineage:3	Basophil	terminal	1295	MS4A2,CPA3,HDC,GATA2,IL3RA,KIT	MS4A2,CPA3,HDC	CD3D,MS4A1,LST1	-0.36221840539263944	0.008065721058937573	0.740568252903154	1.0	0.48412748653960364	10.0
infection_study_01	Myeloid_lineage	Myeloid_lineage:3	Mast Cell	terminal	1295	TPSAB1,TPSB2,CPA3,KIT,MS4A2,HDC	TPSAB1,TPSB2,CPA3	CD3D,MS4A1,LST1	-0.3700921024633344	0.00019202398824262192	0.740568252903154	1.0	0.5075045544593112	8.0
infection_study_01	Myeloid_lineage	Myeloid_lineage:3	DC	parent	1295	HLA-DRA,CD74,CST3,FCER1A,CD1C,CLEC4C	HLA-DRA,CD74	CD3D,MS4A1,S100A8	0.9991038001718974	1.6792073942020902	1.360207188060385	1.0	0.4982545591572752	9.0
infection_study_01	Myeloid_lineage	Myeloid_lineage:3	Plasmacytoid DC	terminal	1295	LILRA4,CLEC4C,IL3RA,TCF4,IRF7,GZMB,JCHAIN,SPIB	LILRA4,CLEC4C,IL3RA,TCF4	CD3D,MS4A1,CD1C,FCN1,S100A8	-0.632432681070389	0.06727443101984884	1.3994142241804757	1.0	0.24323662591150946	13.0
infection_study_01	Myeloid_lineage	Myeloid_lineage:3	Conventional DC 1	terminal	1295	CLEC9A,XCR1,BATF3,CADM1,IRF8,C1orf54	CLEC9A,XCR1,BATF3	CD1C,FCER1A,CLEC4C,S100A8	-0.4225339735787424	0.09687477117608106	1.038817489509647	1.0	0.4090788321121751	11.0
infection_study_01	Myeloid_lineage	Myeloid_lineage:3	Conventional DC 2	terminal	1295	CD1C,FCER1A,CLEC10A,CST3,HLA-DRA,CD74	CD1C,FCER1A,CLEC10A	CLEC4C,LILRA4,S100A8,S100A9	0.6222917693778585	1.7008609796813097	2.1571384206069024	1.0	0.5077333506425133	7.0
infection_study_01	Myeloid_lineage	Myeloid_lineage:4	Myeloid Cell	parent	1199	LYZ,LST1,TYROBP,CST3,FCER1G	LYZ,LST1	CD3D,CD79A,MS4A1,NKG7	3.0104794802835477	3.0596452769087787	0.09833159325046277	1.0	0.8205382750874809	5.0
infection_study_01	Myeloid_lineage	Myeloid_lineage:4	Monocyte	parent	1199	LYZ,LST1,FCN1,S100A8,S100A9,MS4A7,FCGR3A	LYZ,LST1	CD3D,MS4A1,CLEC4C	2.9014545519759647	2.9043074445624777	0.005705785173026927	1.0	0.8683232999301501	3.0
infection_study_01	Myeloid_lineage	Myeloid_lineage:4	Classical Monocyte	terminal	1199	LYZ,LST1,FCN1,VCAN,S100A8,S100A9,CTSS,LGALS3	FCN1,VCAN,S100A8	FCGR3A,MS4A7,CD1C,CLEC4C	3.265299992230383	3.37138134887049	0.2121627132802133	1.0	0.8728174747371232	2.0
infection_study_01	Myeloid_lineage	Myeloid_lineage:4	Non-Classical Monocyte	terminal	1199	FCGR3A,MS4A7,CX3CR1,LST1,IFITM3,RHOC	FCGR3A,MS4A7,CX3CR1	S100A8,S100A9,VCAN,CD1C	-0.9027669483177986	0.7137562469049795	3.2330463904455566	1.0	0.0662844840114651	14.0
infection_study_01	Myeloid_lineage	Myeloid_lineage:4	Intermediate Monocyte	terminal	1199	FCN1,LST1,MS4A7,HLA-DRA,CD74,S100A8	FCN1,MS4A7,HLA-DRA	CD1C,CLEC4C,NKG7	2.464949750265612	2.530722064088045	0.13154462764486527	1.0	0.7191536692091688	6.0
infection_study_01	Myeloid_lineage	Myeloid_lineage:4	Granulocyte	parent	1199	S100A8,S100A9,CSF3R,FCGR3B	S100A8,S100A9	CD3D,MS4A1	2.9172194177305033	2.9206088845298823	0.00677893359875858	1.0	0.8487650903000743	4.0
infection_study_01	Myeloid_lineage	Myeloid_lineage:4	Neutrophil	terminal	1199	S100A8,S100A9,FCGR3B,CSF3R,CXCR2,NAMPT	S100A8,S100A9,FCGR3B	CD3D,MS4A1,CD79A	2.3714885210904737	2.3760168815457825	0.009056720910617167	1.0	0.8825701466407081	1.0
infection_study_01	Myeloid_lineage	Myeloid_lineage:4	Eosinophil	terminal	1199	CLC,RNASE2,RNASE3,PRG2,SIGLEC8,IL5RA	CLC,RNASE2,RNASE3	S100A8,CD3D,MS4A1	-0.7573915211059731	0.10222679498396485	1.719236632179876	1.0	0.20774494762831744	11.0
infection_study_01	Myeloid_lineage	Myeloid_lineage:4	Basophil	terminal	1199	MS4A2,CPA3,HDC,GATA2,IL3RA,KIT	MS4A2,CPA3,HDC	CD3D,MS4A1,LST1	-0.3619222930356268	0.0012193861390803968	0.7262833583494144	1.0	0.48493574061547495	8.0
infection_study_01	Myeloid_lineage	Myeloid_lineage:4	Mast Cell	terminal	1199	TPSAB1,TPSB2,CPA3,KIT,MS4A2,HDC	TPSAB1,TPSB2,CPA3	CD3D,MS4A1,LST1	-0.3631416791747072	0.0	0.7262833583494144	1.0	0.5250150140775943	7.0
infection_study_01	Myeloid_lineage	Myeloid_lineage:4	DC	parent	1199	HLA-DRA,CD74,CST3,FCER1A,CD1C,CLEC4C	HLA-DRA,CD74	CD3D,MS4A1,S100A8	0.36351749203189865	1.2231358081218366	1.719236632179876	1.0	0.22321135947889914	9.0
infection_study_01	Myeloid_lineage	Myeloid_lineage:4	Plasmacytoid DC	terminal	1199	LILRA4,CLEC4C,IL3RA,TCF4,IRF7,GZMB,JCHAIN,SPIB	LILRA4,CLEC4C,IL3RA,TCF4	CD3D,MS4A1,CD1C,FCN1,S100A8	-0.7473606969020931	0.05627287589666046	1.6072671455975074	1.0	0.06877082971027852	13.0
infection_study_01	Myeloid_lineage	Myeloid_lineage:4	Conventional DC 1	terminal	1199	CLEC9A,XCR1,BATF3,CADM1,IRF8,C1orf54	CLEC9A,XCR1,BATF3	CD1C,FCER1A,CLEC4C,S100A8	-0.5848087354001069	0.06181753796108702	1.2932525467223879	1.0	0.19645664072815888	12.0
infection_study_01	Myeloid_lineage	Myeloid_lineage:4	Conventional DC 2	terminal	1199	CD1C,FCER1A,CLEC10A,CST3,HLA-DRA,CD74	CD1C,FCER1A,CLEC10A	CLEC4C,LILRA4,S100A8,S100A9	-0.05280245297653395	1.230657820125603	2.5669205462042743	1.0	0.21854487276872286	10.0
infection_study_01	Myeloid_lineage	Myeloid_lineage:5	Myeloid Cell	parent	1196	LYZ,LST1,TYROBP,CST3,FCER1G	LYZ,LST1	CD3D,CD79A,MS4A1,NKG7	3.0069115973734934	3.168870898194138	0.32391860164128816	1.0	0.8172920785241915	6.0
infection_study_01	Myeloid_lineage	Myeloid_lineage:5	Monocyte	parent	1196	LYZ,LST1,FCN1,S100A8,S100A9,MS4A7,FCGR3A	LYZ,LST1	CD3D,MS4A1,CLEC4C	3.1413490497089622	3.1716851102525516	0.06067212108717846	1.0	1.0	1.0
infection_study_01	Myeloid_lineage	Myeloid_lineage:5	Classical Monocyte	terminal	1196	LYZ,LST1,FCN1,VCAN,S100A8,S100A9,CTSS,LGALS3	FCN1,VCAN,S100A8	FCGR3A,MS4A7,CD1C,CLEC4C	3.5281814948770913	3.622595878694842	0.18882876763550135	1.0	0.9948067803531466	2.0
infection_study_01	Myeloid_lineage	Myeloid_lineage:5	Non-Classical Monocyte	terminal	1196	FCGR3A,MS4A7,CX3CR1,LST1,IFITM3,RHOC	FCGR3A,MS4A7,CX3CR1	S100A8,S100A9,VCAN,CD1C	-1.0480048513691975	0.7991652651757434	3.694340233089882	1.0	0.006901050860019828	14.0
infection_study_01	Myeloid_lineage	Myeloid_lineage:5	Intermediate Monocyte	terminal	1196	FCN1,LST1,MS4A7,HLA-DRA,CD74,S100A8	FCN1,MS4A7,HLA-DRA	CD1C,CLEC4C,NKG7	2.6652043246671373	2.8507510199021535	0.37109339047003215	1.0	0.9135758157591991	4.0
infection_study_01	Myeloid_lineage	Myeloid_lineage:5	Granulocyte	parent	1196	S100A8,S100A9,CSF3R,FCGR3B	S100A8,S100A9	CD3D,MS4A1	3.1271364309554017	3.1721647698930573	0.09005667787531148	1.0	0.9329225416043224	3.0
infection_study_01	Myeloid_lineage	Myeloid_lineage:5	Neutrophil	terminal	1196	S100A8,S100A9,FCGR3B,CSF3R,CXCR2,NAMPT	S100A8,S100A9,FCGR3B	CD3D,MS4A1,CD79A	2.3874126246142944	2.4187409691803294	0.06265668913207059	1.0	0.8908843490124044	5.0
infection_study_01	Myeloid_lineage	Myeloid_lineage:5	Eosinophil	terminal	1196	CLC,RNASE2,RNASE3,PRG2,SIGLEC8,IL5RA	CLC,RNASE2,RNASE3	S100A8,CD3D,MS4A1	-0.735829027305246	0.2670784658537461	2.005814986317984	1.0	0.23640463671528228	11.0
infection_study_01	Myeloid_lineage	Myeloid_lineage:5	Basophil	terminal	1196	MS4A2,CPA3,HDC,GATA2,IL3RA,KIT	MS4A2,CPA3,HDC	CD3D,MS4A1,LST1	-0.35588371244528094	0.01038563287211634	0.7325386906347945	1.0	0.5014183603340978	8.0
infection_study_01	Myeloid_lineage	Myeloid_lineage:5	Mast Cell	terminal	1196	TPSAB1,TPSB2,CPA3,KIT,MS4A2,HDC	TPSAB1,TPSB2,CPA3	CD3D,MS4A1,LST1	-0.3660663183749453	0.00020302694245192784	0.7325386906347945	1.0	0.5176468618820851	7.0
infection_study_01	Myeloid_lineage	Myeloid_lineage:5	DC	parent	1196	HLA-DRA,CD74,CST3,FCER1A,CD1C,CLEC4C	HLA-DRA,CD74	CD3D,MS4A1,S100A8	0.48304410407126547	1.4859515972302575	2.005814986317984	1.0	0.2749352267192584	9.0
infection_study_01	Myeloid_lineage	Myeloid_lineage:5	Plasmacytoid DC	terminal	1196	LILRA4,CLEC4C,IL3RA,TCF4,IRF7,GZMB,JCHAIN,SPIB	LILRA4,CLEC4C,IL3RA,TCF4	CD3D,MS4A1,CD1C,FCN1,S100A8	-0.7233671018498697	0.158841503597173	1.7644172108940852	1.0	0.10519416508436133	13.0
infection_study_01	Myeloid_lineage	Myeloid_lineage:5	Conventional DC 1	terminal	1196	CLEC9A,XCR1,BATF3,CADM1,IRF8,C1orf54	CLEC9A,XCR1,BATF3	CD1C,FCER1A,CLEC4C,S100A8	-0.6536648903683725	0.07675930649590333	1.4608483937285517	1.0	0.10623714882869488	12.0
infection_study_01	Myeloid_lineage	Myeloid_lineage:5	Conventional DC 2	terminal	1196	CD1C,FCER1A,CLEC10A,CST3,HLA-DRA,CD74	CD1C,FCER1A,CLEC10A	CLEC4C,LILRA4,S100A8,S100A9	0.035788099330288245	1.499715508907668	2.9278548191547595	1.0	0.2564941932150759	10.0
infection_study_01	Myeloid_lineage	Myeloid_lineage:6	Myeloid Cell	parent	1187	LYZ,LST1,TYROBP,CST3,FCER1G	LYZ,LST1	CD3D,CD79A,MS4A1,NKG7	3.0630394509920524	3.0839341269587908	0.0417893519334765	1.0	0.8683593501008267	3.0
infection_study_01	Myeloid_lineage	Myeloid_lineage:6	Monocyte	parent	1187	LYZ,LST1,FCN1,S100A8,S100A9,MS4A7,FCGR3A	LYZ,LST1	CD3D,MS4A1,CLEC4C	2.878917417986617	2.8833549978292896	0.008875159685345923	1.0	0.8559321176841729	4.0
infection_study_01	Myeloid_lineage	Myeloid_lineage:6	Classical Monocyte	terminal	1187	LYZ,LST1,FCN1,VCAN,S100A8,S100A9,CTSS,LGALS3	FCN1,VCAN,S100A8	FCGR3A,MS4A7,CD1C,CLEC4C	3.278395969947924	3.4280770483545226	0.2993621568131969	1.0	0.8788946205691476	2.0
infection_study_01	Myeloid_lineage	Myeloid_lineage:6	Non-Classical Monocyte	terminal	1187	FCGR3A,MS4A7,CX3CR1,LST1,IFITM3,RHOC	FCGR3A,MS4A7,CX3CR1	S100A8,S100A9,VCAN,CD1C	-0.6393145690809405	0.9030797074924725	3.0847885531468258	1.0	0.17400227958900513	14.0
infection_study_01	Myeloid_lineage	Myeloid_lineage:6	Intermediate Monocyte	terminal	1187	FCN1,LST1,MS4A7,HLA-DRA,CD74,S100A8	FCN1,MS4A7,HLA-DRA	CD1C,CLEC4C,NKG7	2.7500702641638632	2.7808510576095253	0.06156158689132268	1.0	0.9959700291011381	1.0
infection_study_01	Myeloid_lineage	Myeloid_lineage:6	Granulocyte	parent	1187	S100A8,S100A9,CSF3R,FCGR3B	S100A8,S100A9	CD3D,MS4A1	2.737870831547812	2.744527201311821	0.013312739528018884	1.0	0.7768627719682826	5.0
infection_study_01	Myeloid_lineage	Myeloid_lineage:6	Neutrophil	terminal	1187	S100A8,S100A9,FCGR3B,CSF3R,CXCR2,NAMPT	S100A8,S100A9,FCGR3B	CD3D,MS4A1,CD79A	2.029732769077429	2.035687502106399	0.0119094660579405	1.0	0.704134576959987	6.0
infection_study_01	Myeloid_lineage	Myeloid_lineage:6	Eosinophil	terminal	1187	CLC,RNASE2,RNASE3,PRG2,SIGLEC8,IL5RA	CLC,RNASE2,RNASE3	S100A8,CD3D,MS4A1	-0.6621858550529071	0.059776670362500124	1.4439250508308143	1.0	0.33428711912363274	12.0
infection_study_01	Myeloid_lineage	Myeloid_lineage:6	Basophil	terminal	1187	MS4A2,CPA3,HDC,GATA2,IL3RA,KIT	MS4A2,CPA3,HDC	CD3D,MS4A1,LST1	-0.4048969656923654	0.007148970578601271	0.8240918725419332	1.0	0.3676341369793874	11.0
infection_study_01	Myeloid_lineage	Myeloid_lineage:6	Mast Cell	terminal	1187	TPSAB1,TPSB2,CPA3,KIT,MS4A2,HDC	TPSAB1,TPSB2,CPA3	CD3D,MS4A1,LST1	-0.4116846170654058	0.0003613192055607672	0.8240918725419332	1.0	0.40271898714657944	9.0
infection_study_01	Myeloid_lineage	Myeloid_lineage:6	DC	parent	1187	HLA-DRA,CD74,CST3,FCER1A,CD1C,CLEC4C	HLA-DRA,CD74	CD3D,MS4A1,S100A8	0.8485206244735697	1.5704831498889766	1.4439250508308143	1.0	0.43309129504763305	7.0
infection_study_01	Myeloid_lineage	Myeloid_lineage:6	Plasmacytoid DC	terminal	1187	LILRA4,CLEC4C,IL3RA,TCF4,IRF7,GZMB,JCHAIN,SPIB	LILRA4,CLEC4C,IL3RA,TCF4	CD3D,MS4A1,CD1C,FCN1,S100A8	-0.6378480027786754	0.09227135960442637	1.4602387247662034	1.0	0.23501592875003138	13.0
infection_study_01	Myeloid_lineage	Myeloid_lineage:6	Conventional DC 1	terminal	1187	CLEC9A,XCR1,BATF3,CADM1,IRF8,C1orf54	CLEC9A,XCR1,BATF3	CD1C,FCER1A,CLEC4C,S100A8	-0.4484530761513657	0.09701263690322881	1.0909314261091891	1.0	0.37511805887890515	10.0
infection_study_01	Myeloid_lineage	Myeloid_lineage:6	Conventional DC 2	terminal	1187	CD1C,FCER1A,CLEC10A,CST3,HLA-DRA,CD74	CD1C,FCER1A,CLEC10A	CLEC4C,LILRA4,S100A8,S100A9	0.42637524669176574	1.5946946516612113	2.336638809938891	1.0	0.4238090640617063	8.0
infection_study_01	Myeloid_lineage	Myeloid_lineage:7	Myeloid Cell	parent	949	LYZ,LST1,TYROBP,CST3,FCER1G	LYZ,LST1	CD3D,CD79A,MS4A1,NKG7	3.141916468872976	3.165724232525921	0.04761552730588943	1.0	0.9401246828829152	2.0
infection_study_01	Myeloid_lineage	Myeloid_lineage:7	Monocyte	parent	949	LYZ,LST1,FCN1,S100A8,S100A9,MS4A7,FCGR3A	LYZ,LST1	CD3D,MS4A1,CLEC4C	2.6815692144379013	2.684894572287892	0.006650715699981379	1.0	0.7474277463100594	4.0
infection_study_01	Myeloid_lineage	Myeloid_lineage:7	Classical Monocyte	terminal	949	LYZ,LST1,FCN1,VCAN,S100A8,S100A9,CTSS,LGALS3	FCN1,VCAN,S100A8	FCGR3A,MS4A7,CD1C,CLEC4C	3.065775844909337	3.186449520568608	0.24134735131854126	1.0	0.7802289436298803	3.0
infection_study_01	Myeloid_lineage	Myeloid_lineage:7	Non-Classical Monocyte	terminal	949	FCGR3A,MS4A7,CX3CR1,LST1,IFITM3,RHOC	FCGR3A,MS4A7,CX3CR1	S100A8,S100A9,VCAN,CD1C	-0.47237765409567917	0.8216080579332272	2.587971424057813	1.0	0.2422577895024711	14.0
infection_study_01	Myeloid_lineage	Myeloid_lineage:7	Intermediate Monocyte	terminal	949	FCN1,LST1,MS4A7,HLA-DRA,CD74,S100A8	FCN1,MS4A7,HLA-DRA	CD1C,CLEC4C,NKG7	2.7194030736993398	2.7591816928874917	0.0795572383763039	1.0	0.9661960226067033	1.0
infection_study_01	Myeloid_lineage	Myeloid_lineage:7	Granulocyte	parent	949	S100A8,S100A9,CSF3R,FCGR3B	S100A8,S100A9	CD3D,MS4A1	2.423814839280129	2.428098481489999	0.008567284419740088	1.0	0.6509551503323059	5.0
infection_study_01	Myeloid_lineage	Myeloid_lineage:7	Neutrophil	terminal	949	S100A8,S100A9,FCGR3B,CSF3R,CXCR2,NAMPT	S100A8,S100A9,FCGR3B	CD3D,MS4A1,CD79A	1.8443248657111246	1.8489170749751902	0.00918441852813107	1.0	0.6073304568666059	6.0
infection_study_01	Myeloid_lineage	Myeloid_lineage:7	Eosinophil	terminal	949	CLC,RNASE2,RNASE3,PRG2,SIGLEC8,IL5RA	CLC,RNASE2,RNASE3	S100A8,CD3D,MS4A1	-0.6015644281380295	0.02434730435573389	1.2518234649875266	1.0	0.4148618088346147	11.0
infection_study_01	Myeloid_lineage	Myeloid_lineage:7	Basophil	terminal	949	MS4A2,CPA3,HDC,GATA2,IL3RA,KIT	MS4A2,CPA3,HDC	CD3D,MS4A1,LST1	-0.3902407586731574	0.009449770728412073	0.799381058803139	1.0	0.40763901613943854	12.0
infection_study_01	Myeloid_lineage	Myeloid_lineage:7	Mast Cell	terminal	949	TPSAB1,TPSB2,CPA3,KIT,MS4A2,HDC	TPSAB1,TPSB2,CPA3	CD3D,MS4A1,LST1	-0.39949138505985576	0.00019914434171367792	0.799381058803139	1.0	0.4334378495500969	10.0
infection_study_01	Myeloid_lineage	Myeloid_lineage:7	DC	parent	949	HLA-DRA,CD74,CST3,FCER1A,CD1C,CLEC4C	HLA-DRA,CD74	CD3D,MS4A1,S100A8	1.086494610242187	1.7124063427359506	1.2518234649875266	1.0	0.536072000654022	8.0
infection_study_01	Myeloid_lineage	Myeloid_lineage:7	Plasmacytoid DC	terminal	949	LILRA4,CLEC4C,IL3RA,TCF4,IRF7,GZMB,JCHAIN,SPIB	LILRA4,CLEC4C,IL3RA,TCF4	CD3D,MS4A1,CD1C,FCN1,S100A8	-0.6057815798207945	0.05799830842712154	1.3275597764958322	1.0	0.2836941728855994	13.0
infection_study_01	Myeloid_lineage	Myeloid_lineage:7	Conventional DC 1	terminal	949	CLEC9A,XCR1,BATF3,CADM1,IRF8,C1orf54	CLEC9A,XCR1,BATF3	CD1C,FCER1A,CLEC4C,S100A8	-0.36813806165120955	0.11266528301838619	0.9616066893391916	1.0	0.4803516404438603	9.0
infection_study_01	Myeloid_lineage	Myeloid_lineage:7	Conventional DC 2	terminal	949	CD1C,FCER1A,CLEC10A,CST3,HLA-DRA,CD74	CD1C,FCER1A,CLEC10A	CLEC4C,LILRA4,S100A8,S100A9	0.7145376625812008	1.7348973241173096	2.0407193230722176	1.0	0.5472485006204655	7.0
infection_study_01	Myeloid_lineage	Myeloid_lineage:8	Myeloid Cell	parent	919	LYZ,LST1,TYROBP,CST3,FCER1G	LYZ,LST1	CD3D,CD79A,MS4A1,NKG7	3.0217107559719465	3.037511229930168	0.03160094791644286	1.0	0.8307569199982472	2.0
infection_study_01	Myeloid_lineage	Myeloid_lineage:8	Monocyte	parent	919	LYZ,LST1,FCN1,S100A8,S100A9,MS4A7,FCGR3A	LYZ,LST1	CD3D,MS4A1,CLEC4C	2.7878263362288265	2.7896658890858497	0.0036791057140445815	1.0	0.8058491658954722	3.0
infection_study_01	Myeloid_lineage	Myeloid_lineage:8	Classical Monocyte	terminal	919	LYZ,LST1,FCN1,VCAN,S100A8,S100A9,CTSS,LGALS3	FCN1,VCAN,S100A8	FCGR3A,MS4A7,CD1C,CLEC4C	3.2293730508596905	3.300759656985125	0.14277321225086934	1.0	0.8561456945373259	1.0
infection_study_01	Myeloid_lineage	Myeloid_lineage:8	Non-Classical Monocyte	terminal	919	FCGR3A,MS4A7,CX3CR1,LST1,IFITM3,RHOC	FCGR3A,MS4A7,CX3CR1	S100A8,S100A9,VCAN,CD1C	-0.8663059581242742	0.6405396144762824	3.0136911452011135	1.0	0.08119229201683412	14.0
infection_study_01	Myeloid_lineage	Myeloid_lineage:8	Intermediate Monocyte	terminal	919	FCN1,LST1,MS4A7,HLA-DRA,CD74,S100A8	FCN1,MS4A7,HLA-DRA	CD1C,CLEC4C,NKG7	2.402847237190475	2.421938884958738	0.03818329553652553	1.0	0.6588598959742564	6.0
infection_study_01	Myeloid_lineage	Myeloid_lineage:8	Granulocyte	parent	919	S100A8,S100A9,CSF3R,FCGR3B	S100A8,S100A9	CD3D,MS4A1	2.7714041405326006	2.774163469818134	0.005518658571066872	1.0	0.7903065504148356	4.0
infection_study_01	Myeloid_lineage	Myeloid_lineage:8	Neutrophil	terminal	919	S100A8,S100A9,FCGR3B,CSF3R,CXCR2,NAMPT	S100A8,S100A9,FCGR3B	CD3D,MS4A1,CD79A	2.1813629757657536	2.1841799882624002	0.005634024993293216	1.0	0.7833028781571647	5.0
infection_study_01	Myeloid_lineage	Myeloid_lineage:8	Eosinophil	terminal	919	CLC,RNASE2,RNASE3,PRG2,SIGLEC8,IL5RA	CLC,RNASE2,RNASE3	S100A8,CD3D,MS4A1	-0.7961255500703175	0.0273755560070006	1.647002212154636	1.0	0.1562617918550195	12.0
infection_study_01	Myeloid_lineage	Myeloid_lineage:8	Basophil	terminal	919	MS4A2,CPA3,HDC,GATA2,IL3RA,KIT	MS4A2,CPA3,HDC	CD3D,MS4A1,LST1	-0.37109303824660306	0.0021359282081266397	0.7464579329094594	1.0	0.4599037146969063	8.0
infection_study_01	Myeloid_lineage	Myeloid_lineage:8	Mast Cell	terminal	919	TPSAB1,TPSB2,CPA3,KIT,MS4A2,HDC	TPSAB1,TPSB2,CPA3	CD3D,MS4A1,LST1	-0.3730291193665306	0.00019984708819909938	0.7464579329094594	1.0	0.5001052186568741	7.0
infection_study_01	Myeloid_lineage	Myeloid_lineage:8	DC	parent	919	HLA-DRA,CD74,CST3,FCER1A,CD1C,CLEC4C	HLA-DRA,CD74	CD3D,MS4A1,S100A8	0.39848402199816085	1.221985128075479	1.647002212154636	1.0	0.23834275258853835	10.0
infection_study_01	Myeloid_lineage	Myeloid_lineage:8	Plasmacytoid DC	terminal	919	LILRA4,CLEC4C,IL3RA,TCF4,IRF7,GZMB,JCHAIN,SPIB	LILRA4,CLEC4C,IL3RA,TCF4	CD3D,MS4A1,CD1C,FCN1,S100A8	-0.700101248735118	0.03930658271477453	1.4788156628997855	1.0	0.14051275610493563	13.0
infection_study_01	Myeloid_lineage	Myeloid_lineage:8	Conventional DC 1	terminal	919	CLEC9A,XCR1,BATF3,CADM1,IRF8,C1orf54	CLEC9A,XCR1,BATF3	CD1C,FCER1A,CLEC4C,S100A8	-0.5665585271227735	0.05161911005942684	1.2363552743644008	1.0	0.22036916559393535	11.0
infection_study_01	Myeloid_lineage	Myeloid_lineage:8	Conventional DC 2	terminal	919	CD1C,FCER1A,CLEC10A,CST3,HLA-DRA,CD74	CD1C,FCER1A,CLEC10A	CLEC4C,LILRA4,S100A8,S100A9	0.030858029856991417	1.2262276862036894	2.3907393126933956	1.0	0.2543823112886945	9.0
infection_study_01	Myeloid_lineage	Myeloid_lineage:9	Myeloid Cell	parent	894	LYZ,LST1,TYROBP,CST3,FCER1G	LYZ,LST1	CD3D,CD79A,MS4A1,NKG7	3.076991919392274	3.1134792618570177	0.0729746849294877	1.0	0.8810538403943755	1.0
infection_study_01	Myeloid_lineage	Myeloid_lineage:9	Monocyte	parent	894	LYZ,LST1,FCN1,S100A8,S100A9,MS4A7,FCGR3A	LYZ,LST1	CD3D,MS4A1,CLEC4C	2.6001598336262117	2.6057714817717494	0.011223296291076096	1.0	0.7026679079629741	4.0
infection_study_01	Myeloid_lineage	Myeloid_lineage:9	Classical Monocyte	terminal	894	LYZ,LST1,FCN1,VCAN,S100A8,S100A9,CTSS,LGALS3	FCN1,VCAN,S100A8	FCGR3A,MS4A7,CD1C,CLEC4C	3.035168347588555	3.131508162895205	0.19267963061330035	1.0	0.7660256341264938	3.0
infection_study_01	Myeloid_lineage	Myeloid_lineage:9	Non-Classical Monocyte	terminal	894	FCGR3A,MS4A7,CX3CR1,LST1,IFITM3,RHOC	FCGR3A,MS4A7,CX3CR1	S100A8,S100A9,VCAN,CD1C	-0.40265226613321825	0.9154573755642978	2.6362192833950324	1.0	0.2707664145103802	14.0
infection_study_01	Myeloid_lineage	Myeloid_lineage:9	Intermediate Monocyte	terminal	894	FCN1,LST1,MS4A7,HLA-DRA,CD74,S100A8	FCN1,MS4A7,HLA-DRA	CD1C,CLEC4C,NKG7	2.5838103454162793	2.635128552020485	0.10263641320841248	1.0	0.8345524415891261	2.0
infection_study_01	Myeloid_lineage	Myeloid_lineage:9	Granulocyte	parent	894	S100A8,S100A9,CSF3R,FCGR3B	S100A8,S100A9	CD3D,MS4A1	2.3901569233911415	2.3985743956094487	0.016834944436614145	1.0	0.6374614159564492	6.0
infection_study_01	Myeloid_lineage	Myeloid_lineage:9	Neutrophil	terminal	894	S100A8,S100A9,FCGR3B,CSF3R,CXCR2,NAMPT	S100A8,S100A9,FCGR3B	CD3D,MS4A1,CD79A	1.992506223920341	2.000415642167275	0.015818836493869046	1.0	0.6846980649094261	5.0
infection_study_01	Myeloid_lineage	Myeloid_lineage:9	Eosinophil	terminal	894	CLC,RNASE2,RNASE3,PRG2,SIGLEC8,IL5RA	CLC,RNASE2,RNASE3	S100A8,CD3D,MS4A1	-0.5874155354613159	0.050954633227797426	1.2767403373782267	1.0	0.4336677442142122	12.0
infection_study_01	Myeloid_lineage	Myeloid_lineage:9	Basophil	terminal	894	MS4A2,CPA3,HDC,GATA2,IL3RA,KIT	MS4A2,CPA3,HDC	CD3D,MS4A1,LST1	-0.37540887259530276	0.00441683619369952	0.7596514175780046	1.0	0.44812342042511727	10.0
infection_study_01	Myeloid_lineage	Myeloid_lineage:9	Mast Cell	terminal	894	TPSAB1,TPSB2,CPA3,KIT,MS4A2,HDC	TPSAB1,TPSB2,CPA3	CD3D,MS4A1,LST1	-0.37971072377307835	0.00011498501592390045	0.7596514175780046	1.0	0.4832720044355707	9.0
infection_study_01	Myeloid_lineage	Myeloid_lineage:9	DC	parent	894	HLA-DRA,CD74,CST3,FCER1A,CD1C,CLEC4C	HLA-DRA,CD74	CD3D,MS4A1,S100A8	1.031874064181075	1.6702442328701883	1.2767403373782267	1.0	0.5124355415855563	8.0
infection_study_01	Myeloid_lineage	Myeloid_lineage:9	Plasmacytoid DC	terminal	894	LILRA4,CLEC4C,IL3RA,TCF4,IRF7,GZMB,JCHAIN,SPIB	LILRA4,CLEC4C,IL3RA,TCF4	CD3D,MS4A1,CD1C,FCN1,S100A8	-0.5734089981822893	0.06953759818135759	1.2858931927272939	1.0	0.3328371793995353	13.0
infection_study_01	Myeloid_lineage	Myeloid_lineage:9	Conventional DC 1	terminal	894	CLEC9A,XCR1,BATF3,CADM1,IRF8,C1orf54	CLEC9A,XCR1,BATF3	CD1C,FCER1A,CLEC4C,S100A8	-0.40028644585669443	0.08255309161523845	0.9656790749438657	1.0	0.4382288862798449	11.0
infection_study_01	Myeloid_lineage	Myeloid_lineage:9	Conventional DC 2	terminal	894	CD1C,FCER1A,CLEC10A,CST3,HLA-DRA,CD74	CD1C,FCER1A,CLEC10A	CLEC4C,LILRA4,S100A8,S100A9	0.6706754555668761	1.6933269789477143	2.0453030467616764	1.0	0.5284593531760975	7.0
infection_study_01	Myeloid_lineage	Myeloid_lineage:10	Myeloid Cell	parent	859	LYZ,LST1,TYROBP,CST3,FCER1G	LYZ,LST1	CD3D,CD79A,MS4A1,NKG7	3.063482288221749	3.072353971753881	0.01774336706426285	1.0	0.8687622603782595	5.0
infection_study_01	Myeloid_lineage	Myeloid_lineage:10	Monocyte	parent	859	LYZ,LST1,FCN1,S100A8,S100A9,MS4A7,FCGR3A	LYZ,LST1	CD3D,MS4A1,CLEC4C	3.0112816304657355	3.01219829387124	0.001833326811007765	1.0	0.9287075238404852	3.0
infection_study_01	Myeloid_lineage	Myeloid_lineage:10	Classical Monocyte	terminal	859	LYZ,LST1,FCN1,VCAN,S100A8,S100A9,CTSS,LGALS3	FCN1,VCAN,S100A8	FCGR3A,MS4A7,CD1C,CLEC4C	3.4713998715348793	3.5636426654489273	0.1844855878280955	1.0	0.9684574528670812	1.0
infection_study_01	Myeloid_lineage	Myeloid_lineage:10	Non-Classical Monocyte	terminal	859	FCGR3A,MS4A7,CX3CR1,LST1,IFITM3,RHOC	FCGR3A,MS4A7,CX3CR1	S100A8,S100A9,VCAN,CD1C	-0.9941315549575039	0.7396526422248961	3.4675683943648	1.0	0.028928229915198205	11.0
infection_study_01	Myeloid_lineage	Myeloid_lineage:10	Intermediate Monocyte	terminal	859	FCN1,LST1,MS4A7,HLA-DRA,CD74,S100A8	FCN1,MS4A7,HLA-DRA	CD1C,CLEC4C,NKG7	2.33060288921918	2.3420679002572364	0.022930022076113443	1.0	0.5887196694617598	6.0
infection_study_01	Myeloid_lineage	Myeloid_lineage:10	Granulocyte	parent	859	S100A8,S100A9,CSF3R,FCGR3B	S100A8,S100A9	CD3D,MS4A1	3.0517406622349035	3.0531156573431595	0.0027499902165116475	1.0	0.9026957599006226	4.0
infection_study_01	Myeloid_lineage	Myeloid_lineage:10	Neutrophil	terminal	859	S100A8,S100A9,FCGR3B,CSF3R,CXCR2,NAMPT	S100A8,S100A9,FCGR3B	CD3D,MS4A1,CD79A	2.5266705905576985	2.527764093010843	0.0021870049062883575	1.0	0.9635929262326096	2.0
infection_study_01	Myeloid_lineage	Myeloid_lineage:10	Eosinophil	terminal	859	CLC,RNASE2,RNASE3,PRG2,SIGLEC8,IL5RA	CLC,RNASE2,RNASE3	S100A8,CD3D,MS4A1	-0.931915315734725	0.0441780904720678	1.9521868124135853	1.0	0.0	13.0
infection_study_01	Myeloid_lineage	Myeloid_lineage:10	Basophil	terminal	859	MS4A2,CPA3,HDC,GATA2,IL3RA,KIT	MS4A2,CPA3,HDC	CD3D,MS4A1,LST1	-0.347238368196084	0.0009394488364261483	0.6963556340650203	1.0	0.5250162770074156	8.0
infection_study_01	Myeloid_lineage	Myeloid_lineage:10	Mast Cell	terminal	859	TPSAB1,TPSB2,CPA3,KIT,MS4A2,HDC	TPSAB1,TPSB2,CPA3	CD3D,MS4A1,LST1	-0.34817781703251016	0.0	0.6963556340650203	1.0	0.5627140279208578	7.0
infection_study_01	Myeloid_lineage	Myeloid_lineage:10	DC	parent	859	HLA-DRA,CD74,CST3,FCER1A,CD1C,CLEC4C	HLA-DRA,CD74	CD3D,MS4A1,S100A8	-0.09385203851439668	0.8822413676923959	1.9521868124135853	1.0	0.025289570564055206	12.0
infection_study_01	Myeloid_lineage	Myeloid_lineage:10	Plasmacytoid DC	terminal	859	LILRA4,CLEC4C,IL3RA,TCF4,IRF7,GZMB,JCHAIN,SPIB	LILRA4,CLEC4C,IL3RA,TCF4	CD3D,MS4A1,CD1C,FCN1,S100A8	-0.8340019069932948	0.04055087836470121	1.7491055707159922	1.0	0.0	14.0
infection_study_01	Myeloid_lineage	Myeloid_lineage:10	Conventional DC 1	terminal	859	CLEC9A,XCR1,BATF3,CADM1,IRF8,C1orf54	CLEC9A,XCR1,BATF3	CD1C,FCER1A,CLEC4C,S100A8	-0.6633543986704259	0.06857536001680986	1.4638595173744717	1.0	0.09354136998118606	9.0
infection_study_01	Myeloid_lineage	Myeloid_lineage:10	Conventional DC 2	terminal	859	CD1C,FCER1A,CLEC10A,CST3,HLA-DRA,CD74	CD1C,FCER1A,CLEC10A	CLEC4C,LILRA4,S100A8,S100A9	-0.4404846749474108	0.887651014059701	2.6562713780142237	1.0	0.052474377779902284	10.0
infection_study_01	Myeloid_lineage	Myeloid_lineage:11	Myeloid Cell	parent	839	LYZ,LST1,TYROBP,CST3,FCER1G	LYZ,LST1	CD3D,CD79A,MS4A1,NKG7	3.099170337208903	3.1182037751211453	0.03806687582448498	1.0	0.901232614617222	2.0
infection_study_01	Myeloid_lineage	Myeloid_lineage:11	Monocyte	parent	839	LYZ,LST1,FCN1,S100A8,S100A9,MS4A7,FCGR3A	LYZ,LST1	CD3D,MS4A1,CLEC4C	2.8797200874920916	2.8838329169903667	0.008225658996549447	1.0	0.8563734348512239	4.0
infection_study_01	Myeloid_lineage	Myeloid_lineage:11	Classical Monocyte	terminal	839	LYZ,LST1,FCN1,VCAN,S100A8,S100A9,CTSS,LGALS3	FCN1,VCAN,S100A8	FCGR3A,MS4A7,CD1C,CLEC4C	3.296222140064576	3.4122078994175817	0.23197151870601082	1.0	0.8871667967870612	3.0
infection_study_01	Myeloid_lineage	Myeloid_lineage:11	Non-Classical Monocyte	terminal	839	FCGR3A,MS4A7,CX3CR1,LST1,IFITM3,RHOC	FCGR3A,MS4A7,CX3CR1	S100A8,S100A9,VCAN,CD1C	-0.663090327300981	0.8243532793734771	2.974887213348916	1.0	0.16428108340521666	14.0
infection_study_01	Myeloid_lineage	Myeloid_lineage:11	Intermediate Monocyte	terminal	839	FCN1,LST1,MS4A7,HLA-DRA,CD74,S100A8	FCN1,MS4A7,HLA-DRA	CD1C,CLEC4C,NKG7	2.694313218770493	2.723320342070487	0.05801424659998776	1.0	0.9418369113780407	1.0
infection_study_01	Myeloid_lineage	Myeloid_lineage:11	Granulocyte	parent	839	S100A8,S100A9,CSF3R,FCGR3B	S100A8,S100A9	CD3D,MS4A1	2.707997181986739	2.7138996058109264	0.011804847648373947	1.0	0.7648861809831458	6.0
infection_study_01	Myeloid_lineage	Myeloid_lineage:11	Neutrophil	terminal	839	S100A8,S100A9,FCGR3B,CSF3R,CXCR2,NAMPT	S100A8,S100A9,FCGR3B	CD3D,MS4A1,CD79A	2.152558894546012	2.157961317084591	0.010804845077156972	1.0	0.7682638550791328	5.0
infection_study_01	Myeloid_lineage	Myeloid_lineage:11	Eosinophil	terminal	839	CLC,RNASE2,RNASE3,PRG2,SIGLEC8,IL5RA	CLC,RNASE2,RNASE3	S100A8,CD3D,MS4A1	-0.7126182592076161	0.024465304668763354	1.4741671277527588	1.0	0.2672551219743336	12.0
infection_study_01	Myeloid_lineage	Myeloid_lineage:11	Basophil	terminal	839	MS4A2,CPA3,HDC,GATA2,IL3RA,KIT	MS4A2,CPA3,HDC	CD3D,MS4A1,LST1	-0.3875304870618256	0.009735932390889717	0.7945328389054307	1.0	0.41503684343269037	8.0
infection_study_01	Myeloid_lineage	Myeloid_lineage:11	Mast Cell	terminal	839	TPSAB1,TPSB2,CPA3,KIT,MS4A2,HDC	TPSAB1,TPSB2,CPA3	CD3D,MS4A1,LST1	-0.3969897523575659	0.000276667095149468	0.7945328389054307	1.0	0.4397403057594762	7.0
infection_study_01	Myeloid_lineage	Myeloid_lineage:11	DC	parent	839	HLA-DRA,CD74,CST3,FCER1A,CD1C,CLEC4C	HLA-DRA,CD74	CD3D,MS4A1,S100A8	0.7643149726012892	1.5013985364776687	1.4741671277527588	1.0	0.3966521968081945	9.0
infection_study_01	Myeloid_lineage	Myeloid_lineage:11	Plasmacytoid DC	terminal	839	LILRA4,CLEC4C,IL3RA,TCF4,IRF7,GZMB,JCHAIN,SPIB	LILRA4,CLEC4C,IL3RA,TCF4	CD3D,MS4A1,CD1C,FCN1,S100A8	-0.6779518762645583	0.05050634144537852	1.4569164354198738	1.0	0.17413648027235326	13.0
infection_study_01	Myeloid_lineage	Myeloid_lineage:11	Conventional DC 1	terminal	839	CLEC9A,XCR1,BATF3,CADM1,IRF8,C1orf54	CLEC9A,XCR1,BATF3	CD1C,FCER1A,CLEC4C,S100A8	-0.45413019626971557	0.10292577278794018	1.1141119381153115	1.0	0.36767955330499086	11.0
infection_study_01	Myeloid_lineage	Myeloid_lineage:11	Conventional DC 2	terminal	839	CD1C,FCER1A,CLEC10A,CST3,HLA-DRA,CD74	CD1C,FCER1A,CLEC10A	CLEC4C,LILRA4,S100A8,S100A9	0.3377134062565884	1.5202853438763755	2.3651438752395744	1.0	0.3858292060923723	10.0
infection_study_01	Myeloid_lineage	Myeloid_lineage:12	Myeloid Cell	parent	662	LYZ,LST1,TYROBP,CST3,FCER1G	LYZ,LST1	CD3D,CD79A,MS4A1,NKG7	2.5848610851716733	2.723108524840404	0.276494879337461	1.0	0.433294353042993	8.0
infection_study_01	Myeloid_lineage	Myeloid_lineage:12	Monocyte	parent	662	LYZ,LST1,FCN1,S100A8,S100A9,MS4A7,FCGR3A	LYZ,LST1	CD3D,MS4A1,CLEC4C	3.191442992088563	3.195291586959856	0.007697189742584843	1.0	1.0	1.0
infection_study_01	Myeloid_lineage	Myeloid_lineage:12	Classical Monocyte	terminal	662	LYZ,LST1,FCN1,VCAN,S100A8,S100A9,CTSS,LGALS3	FCN1,VCAN,S100A8	FCGR3A,MS4A7,CD1C,CLEC4C	3.6761767852663136	3.7098999504517662	0.06744633037090482	1.0	1.0	2.0
infection_study_01	Myeloid_lineage	Myeloid_lineage:12	Non-Classical Monocyte	terminal	662	FCGR3A,MS4A7,CX3CR1,LST1,IFITM3,RHOC	FCGR3A,MS4A7,CX3CR1	S100A8,S100A9,VCAN,CD1C	-1.3342039051811772	0.6161822094567952	3.900772229275945	1.0	0.0	10.0
infection_study_01	Myeloid_lineage	Myeloid_lineage:12	Intermediate Monocyte	terminal	662	FCN1,LST1,MS4A7,HLA-DRA,CD74,S100A8	FCN1,MS4A7,HLA-DRA	CD1C,CLEC4C,NKG7	2.1970108171056464	2.3788490388748746	0.3636764435384569	1.0	0.4590184753691777	7.0
infection_study_01	Myeloid_lineage	Myeloid_lineage:12	Granulocyte	parent	662	S100A8,S100A9,CSF3R,FCGR3B	S100A8,S100A9	CD3D,MS4A1	3.4339412195703685	3.4385315358379906	0.009180632535244404	1.0	1.0	3.0
infection_study_01	Myeloid_lineage	Myeloid_lineage:12	Neutrophil	terminal	662	S100A8,S100A9,FCGR3B,CSF3R,CXCR2,NAMPT	S100A8,S100A9,FCGR3B	CD3D,MS4A1,CD79A	2.603654348834494	2.608379514312066	0.009450330955144262	1.0	1.0	4.0
infection_study_01	Myeloid_lineage	Myeloid_lineage:12	Eosinophil	terminal	662	CLC,RNASE2,RNASE3,PRG2,SIGLEC8,IL5RA	CLC,RNASE2,RNASE3	S100A8,CD3D,MS4A1	-0.8131316440650763	0.2621351494477294	2.150533587025612	1.0	0.13365822053447707	9.0
infection_study_01	Myeloid_lineage	Myeloid_lineage:12	Basophil	terminal	662	MS4A2,CPA3,HDC,GATA2,IL3RA,KIT	MS4A2,CPA3,HDC	CD3D,MS4A1,LST1	-0.33730153070925945	0.00351563927390184	0.6816343399663225	1.0	0.5521393916285793	6.0
infection_study_01	Myeloid_lineage	Myeloid_lineage:12	Mast Cell	terminal	662	TPSAB1,TPSB2,CPA3,KIT,MS4A2,HDC	TPSAB1,TPSB2,CPA3	CD3D,MS4A1,LST1	-0.3407218569565155	9.53130266457526e-05	0.6816343399663225	1.0	0.5814981051496307	5.0
infection_study_01	Myeloid_lineage	Myeloid_lineage:12	DC	parent	662	HLA-DRA,CD74,CST3,FCER1A,CD1C,CLEC4C	HLA-DRA,CD74	CD3D,MS4A1,S100A8	-0.23995367643936405	0.8353131170734419	2.150533587025612	1.0	0.0	11.0
infection_study_01	Myeloid_lineage	Myeloid_lineage:12	Plasmacytoid DC	terminal	662	LILRA4,CLEC4C,IL3RA,TCF4,IRF7,GZMB,JCHAIN,SPIB	LILRA4,CLEC4C,IL3RA,TCF4	CD3D,MS4A1,CD1C,FCN1,S100A8	-0.8507304347331249	0.07579682000949303	1.8530545094852358	1.0	0.0	12.0
infection_study_01	Myeloid_lineage	Myeloid_lineage:12	Conventional DC 1	terminal	662	CLEC9A,XCR1,BATF3,CADM1,IRF8,C1orf54	CLEC9A,XCR1,BATF3	CD1C,FCER1A,CLEC4C,S100A8	-0.7486877917872005	0.05862072264364839	1.6146170288616977	1.0	0.0	13.0
infection_study_01	Myeloid_lineage	Myeloid_lineage:12	Conventional DC 2	terminal	662	CD1C,FCER1A,CLEC10A,CST3,HLA-DRA,CD74	CD1C,FCER1A,CLEC10A	CLEC4C,LILRA4,S100A8,S100A9	-0.7467308774354144	0.8390060504532653	3.1714738557773594	1.0	0.0	14.0
infection_study_01	Myeloid_lineage	Myeloid_lineage:13	Myeloid Cell	parent	643	LYZ,LST1,TYROBP,CST3,FCER1G	LYZ,LST1	CD3D,CD79A,MS4A1,NKG7	3.1095336688563666	3.132123295385767	0.04517925305880061	1.0	0.9106615707871186	3.0
infection_study_01	Myeloid_lineage	Myeloid_lineage:13	Monocyte	parent	643	LYZ,LST1,FCN1,S100A8,S100A9,MS4A7,FCGR3A	LYZ,LST1	CD3D,MS4A1,CLEC4C	3.0082653949108513	3.0089989284943592	0.0014670671670161239	1.0	0.9270491619354163	2.0
infection_study_01	Myeloid_lineage	Myeloid_lineage:13	Classical Monocyte	terminal	643	LYZ,LST1,FCN1,VCAN,S100A8,S100A9,CTSS,LGALS3	FCN1,VCAN,S100A8	FCGR3A,MS4A7,CD1C,CLEC4C	3.425319949527087	3.553052287716795	0.2554646763794159	1.0	0.9470742150508947	1.0
infection_study_01	Myeloid_lineage	Myeloid_lineage:13	Non-Classical Monocyte	terminal	643	FCGR3A,MS4A7,CX3CR1,LST1,IFITM3,RHOC	FCGR3A,MS4A7,CX3CR1	S100A8,S100A9,VCAN,CD1C	-0.834235754236772	0.8388912141431238	3.3462539367597914	1.0	0.09430483887061746	13.0
infection_study_01	Myeloid_lineage	Myeloid_lineage:13	Intermediate Monocyte	terminal	643	FCN1,LST1,MS4A7,HLA-DRA,CD74,S100A8	FCN1,MS4A7,HLA-DRA	CD1C,CLEC4C,NKG7	2.548797816138554	2.583978625778215	0.07036161927932158	1.0	0.8005596545645852	6.0
infection_study_01	Myeloid_lineage	Myeloid_lineage:13	Granulocyte	parent	643	S100A8,S100A9,CSF3R,FCGR3B	S100A8,S100A9	CD3D,MS4A1	2.89494153924437	2.896041839619632	0.002200600750524186	1.0	0.8398337062018731	5.0
infection_study_01	Myeloid_lineage	Myeloid_lineage:13	Neutrophil	terminal	643	S100A8,S100A9,FCGR3B,CSF3R,CXCR2,NAMPT	S100A8,S100A9,FCGR3B	CD3D,MS4A1,CD79A	2.3182496681322764	2.319144189319134	0.0017890423737145756	1.0	0.8547733795028093	4.0
infection_study_01	Myeloid_lineage	Myeloid_lineage:13	Eosinophil	terminal	643	CLC,RNASE2,RNASE3,PRG2,SIGLEC8,IL5RA	CLC,RNASE2,RNASE3	S100A8,CD3D,MS4A1	-0.7680075894664643	0.08798464731795606	1.7119844735688408	1.0	0.19363464937852112	12.0
infection_study_01	Myeloid_lineage	Myeloid_lineage:13	Basophil	terminal	643	MS4A2,CPA3,HDC,GATA2,IL3RA,KIT	MS4A2,CPA3,HDC	CD3D,MS4A1,LST1	-0.3336427216937098	0.005089464653891687	0.6774643726952031	1.0	0.5621263010891882	8.0
infection_study_01	Myeloid_lineage	Myeloid_lineage:13	Mast Cell	terminal	643	TPSAB1,TPSB2,CPA3,KIT,MS4A2,HDC	TPSAB1,TPSB2,CPA3	CD3D,MS4A1,LST1	-0.33855902006924	0.0001731662783615326	0.6774643726952031	1.0	0.5869470204750528	7.0
infection_study_01	Myeloid_lineage	Myeloid_lineage:13	DC	parent	643	HLA-DRA,CD74,CST3,FCER1A,CD1C,CLEC4C	HLA-DRA,CD74	CD3D,MS4A1,S100A8	0.3975524335728834	1.2535446703573037	1.7119844735688408	1.0	0.23793961762796706	11.0
infection_study_01	Myeloid_lineage	Myeloid_lineage:13	Plasmacytoid DC	terminal	643	LILRA4,CLEC4C,IL3RA,TCF4,IRF7,GZMB,JCHAIN,SPIB	LILRA4,CLEC4C,IL3RA,TCF4	CD3D,MS4A1,CD1C,FCN1,S100A8	-0.7651036582273051	0.06672296050825906	1.663653237471128	1.0	0.041836231978218605	14.0
infection_study_01	Myeloid_lineage	Myeloid_lineage:13	Conventional DC 1	terminal	643	CLEC9A,XCR1,BATF3,CADM1,IRF8,C1orf54	CLEC9A,XCR1,BATF3	CD1C,FCER1A,CLEC4C,S100A8	-0.5524217214622666	0.09348917752890588	1.291821797982345	1.0	0.23889206197640417	10.0
infection_study_01	Myeloid_lineage	Myeloid_lineage:13	Conventional DC 2	terminal	643	CD1C,FCER1A,CLEC10A,CST3,HLA-DRA,CD74	CD1C,FCER1A,CLEC10A	CLEC4C,LILRA4,S100A8,S100A9	0.010996651369836932	1.2808547994984192	2.5397162962571644	1.0	0.2458743406632841	9.0
infection_study_01	Myeloid_lineage	Myeloid_lineage:14	Myeloid Cell	parent	571	LYZ,LST1,TYROBP,CST3,FCER1G	LYZ,LST1	CD3D,CD79A,MS4A1,NKG7	3.1699671515284824	3.1903282537978086	0.04072220453865265	1.0	0.9656462686327236	2.0
infection_study_01	Myeloid_lineage	Myeloid_lineage:14	Monocyte	parent	571	LYZ,LST1,FCN1,S100A8,S100A9,MS4A7,FCGR3A	LYZ,LST1	CD3D,MS4A1,CLEC4C	2.749543452012351	2.7532240780765247	0.0073612521283472065	1.0	0.7848007843465048	4.0
infection_study_01	Myeloid_lineage	Myeloid_lineage:14	Classical Monocyte	terminal	571	LYZ,LST1,FCN1,VCAN,S100A8,S100A9,CTSS,LGALS3	FCN1,VCAN,S100A8	FCGR3A,MS4A7,CD1C,CLEC4C	3.1179368093205313	3.2520879361315282	0.2683022536219941	1.0	0.8044340693793902	3.0
infection_study_01	Myeloid_lineage	Myeloid_lineage:14	Non-Classical Monocyte	terminal	571	FCGR3A,MS4A7,CX3CR1,LST1,IFITM3,RHOC	FCGR3A,MS4A7,CX3CR1	S100A8,S100A9,VCAN,CD1C	-0.4555554798039267	0.8632203963717311	2.6375517523513157	1.0	0.24913587326386166	13.0
infection_study_01	Myeloid_lineage	Myeloid_lineage:14	Intermediate Monocyte	terminal	571	FCN1,LST1,MS4A7,HLA-DRA,CD74,S100A8	FCN1,MS4A7,HLA-DRA	CD1C,CLEC4C,NKG7	2.757875914131419	2.797872944961705	0.07999406166057174	1.0	1.0	1.0
infection_study_01	Myeloid_lineage	Myeloid_lineage:14	Granulocyte	parent	571	S100A8,S100A9,CSF3R,FCGR3B	S100A8,S100A9	CD3D,MS4A1	2.441219342425596	2.4467402815218566	0.01104187819252081	1.0	0.6579327583090829	5.0
infection_study_01	Myeloid_lineage	Myeloid_lineage:14	Neutrophil	terminal	571	S100A8,S100A9,FCGR3B,CSF3R,CXCR2,NAMPT	S100A8,S100A9,FCGR3B	CD3D,MS4A1,CD79A	1.8184702980869776	1.8240486896062416	0.011156783038527383	1.0	0.5938314170532619	6.0
infection_study_01	Myeloid_lineage	Myeloid_lineage:14	Eosinophil	terminal	571	CLC,RNASE2,RNASE3,PRG2,SIGLEC8,IL5RA	CLC,RNASE2,RNASE3	S100A8,CD3D,MS4A1	-0.5888200625907728	0.04713638361719569	1.2719128924159369	1.0	0.43180092346442095	10.0
infection_study_01	Myeloid_lineage	Myeloid_lineage:14	Basophil	terminal	571	MS4A2,CPA3,HDC,GATA2,IL3RA,KIT	MS4A2,CPA3,HDC	CD3D,MS4A1,LST1	-0.39306545560288975	0.008645479242772439	0.8034218696913243	1.0	0.3999288589896648	12.0
infection_study_01	Myeloid_lineage	Myeloid_lineage:14	Mast Cell	terminal	571	TPSAB1,TPSB2,CPA3,KIT,MS4A2,HDC	TPSAB1,TPSB2,CPA3	CD3D,MS4A1,LST1	-0.40152488280929327	0.0001860520363689095	0.8034218696913243	1.0	0.428314783119933	11.0
infection_study_01	Myeloid_lineage	Myeloid_lineage:14	DC	parent	571	HLA-DRA,CD74,CST3,FCER1A,CD1C,CLEC4C	HLA-DRA,CD74	CD3D,MS4A1,S100A8	1.0920608495837825	1.7280172957917506	1.2719128924159369	1.0	0.5384807313945698	8.0
infection_study_01	Myeloid_lineage	Myeloid_lineage:14	Plasmacytoid DC	terminal	571	LILRA4,CLEC4C,IL3RA,TCF4,IRF7,GZMB,JCHAIN,SPIB	LILRA4,CLEC4C,IL3RA,TCF4	CD3D,MS4A1,CD1C,FCN1,S100A8	-0.6383539988103138	0.057955416875211246	1.3926188313710501	1.0	0.23424780446026952	14.0
infection_study_01	Myeloid_lineage	Myeloid_lineage:14	Conventional DC 1	terminal	571	CLEC9A,XCR1,BATF3,CADM1,IRF8,C1orf54	CLEC9A,XCR1,BATF3	CD1C,FCER1A,CLEC4C,S100A8	-0.3633544330082299	0.1296414684132394	0.9859918028429385	1.0	0.486619439536102	9.0
infection_study_01	Myeloid_lineage	Myeloid_lineage:14	Conventional DC 2	terminal	571	CD1C,FCER1A,CLEC10A,CST3,HLA-DRA,CD74	CD1C,FCER1A,CLEC10A	CLEC4C,LILRA4,S100A8,S100A9	0.7282275860369101	1.761358970596786	2.066262769119752	1.0	0.5531128199928909	7.0
infection_study_01	Myeloid_lineage	Myeloid_lineage:15	Myeloid Cell	parent	550	LYZ,LST1,TYROBP,CST3,FCER1G	LYZ,LST1	CD3D,CD79A,MS4A1,NKG7	3.146297271842306	3.1796413732333613	0.06668820278211074	1.0	0.9441105052604972	2.0
infection_study_01	Myeloid_lineage	Myeloid_lineage:15	Monocyte	parent	550	LYZ,LST1,FCN1,S100A8,S100A9,MS4A7,FCGR3A	LYZ,LST1	CD3D,MS4A1,CLEC4C	2.5832377793159322	2.585380130928832	0.004284703225800485	1.0	0.6933639627925675	6.0
infection_study_01	Myeloid_lineage	Myeloid_lineage:15	Classical Monocyte	terminal	550	LYZ,LST1,FCN1,VCAN,S100A8,S100A9,CTSS,LGALS3	FCN1,VCAN,S100A8	FCGR3A,MS4A7,CD1C,CLEC4C	1.847013538943773	2.437161824208769	1.180296570529992	1.0	0.21466626265444852	12.0
infection_study_01	Myeloid_lineage	Myeloid_lineage:15	Non-Classical Monocyte	terminal	550	FCGR3A,MS4A7,CX3CR1,LST1,IFITM3,RHOC	FCGR3A,MS4A7,CX3CR1	S100A8,S100A9,VCAN,CD1C	1.4506517326617332	2.1711938017155186	1.4410841381075707	1.0	1.0	1.0
infection_study_01	Myeloid_lineage	Myeloid_lineage:15	Intermediate Monocyte	terminal	550	FCN1,LST1,MS4A7,HLA-DRA,CD74,S100A8	FCN1,MS4A7,HLA-DRA	CD1C,CLEC4C,NKG7	2.6584824160960587	2.7023394228111615	0.08771401343020525	1.0	0.9070496832241104	3.0
infection_study_01	Myeloid_lineage	Myeloid_lineage:15	Granulocyte	parent	550	S100A8,S100A9,CSF3R,FCGR3B	S100A8,S100A9	CD3D,MS4A1	1.382982384264469	1.3861959116838196	0.006427054838700728	1.0	0.23367688735027603	11.0
infection_study_01	Myeloid_lineage	Myeloid_lineage:15	Neutrophil	terminal	550	S100A8,S100A9,FCGR3B,CSF3R,CXCR2,NAMPT	S100A8,S100A9,FCGR3B	CD3D,MS4A1,CD79A	1.2200049723639634	1.224461195017352	0.008912445306777953	1.0	0.2813641046509583	10.0
infection_study_01	Myeloid_lineage	Myeloid_lineage:15	Eosinophil	terminal	550	CLC,RNASE2,RNASE3,PRG2,SIGLEC8,IL5RA	CLC,RNASE2,RNASE3	S100A8,CD3D,MS4A1	-0.33877356142708753	0.022005658583207563	0.7215584400205901	1.0	0.7641490760882599	5.0
infection_study_01	Myeloid_lineage	Myeloid_lineage:15	Basophil	terminal	550	MS4A2,CPA3,HDC,GATA2,IL3RA,KIT	MS4A2,CPA3,HDC	CD3D,MS4A1,LST1	-0.536945940671545	0.03333614571528001	1.1405641727736504	1.0	0.007199593422008001	13.0
infection_study_01	Myeloid_lineage	Myeloid_lineage:15	Mast Cell	terminal	550	TPSAB1,TPSB2,CPA3,KIT,MS4A2,HDC	TPSAB1,TPSB2,CPA3	CD3D,MS4A1,LST1	-0.5701371791146018	0.0001449072722232703	1.1405641727736504	1.0	0.003523560629762787	14.0
infection_study_01	Myeloid_lineage	Myeloid_lineage:15	DC	parent	550	HLA-DRA,CD74,CST3,FCER1A,CD1C,CLEC4C	HLA-DRA,CD74	CD3D,MS4A1,S100A8	1.2580546290179093	1.6188338490282046	0.7215584400205901	1.0	0.6103127699982277	9.0
infection_study_01	Myeloid_lineage	Myeloid_lineage:15	Plasmacytoid DC	terminal	550	LILRA4,CLEC4C,IL3RA,TCF4,IRF7,GZMB,JCHAIN,SPIB	LILRA4,CLEC4C,IL3RA,TCF4	CD3D,MS4A1,CD1C,FCN1,S100A8	-0.34169645078480243	0.11794283332472498	0.9192785682190548	1.0	0.6845870445561397	8.0
infection_study_01	Myeloid_lineage	Myeloid_lineage:15	Conventional DC 1	terminal	550	CLEC9A,XCR1,BATF3,CADM1,IRF8,C1orf54	CLEC9A,XCR1,BATF3	CD1C,FCER1A,CLEC4C,S100A8	-0.11778164728685764	0.15432466278473536	0.5442126201431859	1.0	0.8083837315202995	4.0
infection_study_01	Myeloid_lineage	Myeloid_lineage:15	Conventional DC 2	terminal	550	CD1C,FCER1A,CLEC10A,CST3,HLA-DRA,CD74	CD1C,FCER1A,CLEC10A	CLEC4C,LILRA4,S100A8,S100A9	1.0354240370790164	1.6479145558088115	1.2249810374595902	1.0	0.6847058201155635	7.0
infection_study_01	Myeloid_lineage	Myeloid_lineage:16	Myeloid Cell	parent	543	LYZ,LST1,TYROBP,CST3,FCER1G	LYZ,LST1	CD3D,CD79A,MS4A1,NKG7	3.1789934812384635	3.2189807304800326	0.07997449848313797	1.0	0.973858769217058	4.0
infection_study_01	Myeloid_lineage	Myeloid_lineage:16	Monocyte	parent	543	LYZ,LST1,FCN1,S100A8,S100A9,MS4A7,FCGR3A	LYZ,LST1	CD3D,MS4A1,CLEC4C	3.1406817729889926	3.1442323061187967	0.007101066259608962	1.0	0.999853249353719	2.0
infection_study_01	Myeloid_lineage	Myeloid_lineage:16	Classical Monocyte	terminal	543	LYZ,LST1,FCN1,VCAN,S100A8,S100A9,CTSS,LGALS3	FCN1,VCAN,S100A8	FCGR3A,MS4A7,CD1C,CLEC4C	3.556159385591471	3.6323006716153787	0.15228257204781578	1.0	1.0	1.0
infection_study_01	Myeloid_lineage	Myeloid_lineage:16	Non-Classical Monocyte	terminal	543	FCGR3A,MS4A7,CX3CR1,LST1,IFITM3,RHOC	FCGR3A,MS4A7,CX3CR1	S100A8,S100A9,VCAN,CD1C	-0.6107952056019273	1.1162754090524585	3.454141229308771	1.0	0.18566299403816927	11.0
infection_study_01	Myeloid_lineage	Myeloid_lineage:16	Intermediate Monocyte	terminal	543	FCN1,LST1,MS4A7,HLA-DRA,CD74,S100A8	FCN1,MS4A7,HLA-DRA	CD1C,CLEC4C,NKG7	2.6633143580402603	2.7139734614290587	0.10131820677759605	1.0	0.911740894536533	6.0
infection_study_01	Myeloid_lineage	Myeloid_lineage:16	Granulocyte	parent	543	S100A8,S100A9,CSF3R,FCGR3B	S100A8,S100A9	CD3D,MS4A1	3.196573706415806	3.2015761298643732	0.010004846897134026	1.0	0.960760514517923	5.0
infection_study_01	Myeloid_lineage	Myeloid_lineage:16	Neutrophil	terminal	543	S100A8,S100A9,FCGR3B,CSF3R,CXCR2,NAMPT	S100A8,S100A9,FCGR3B	CD3D,MS4A1,CD79A	2.5706489196286166	2.5744237876271385	0.007549735997043701	1.0	0.986554641302956	3.0
infection_study_01	Myeloid_lineage	Myeloid_lineage:16	Eosinophil	terminal	543	CLC,RNASE2,RNASE3,PRG2,SIGLEC8,IL5RA	CLC,RNASE2,RNASE3	S100A8,CD3D,MS4A1	-0.8716597267185859	0.09059568460255477	1.9245108226422816	1.0	0.05586588968408134	14.0
infection_study_01	Myeloid_lineage	Myeloid_lineage:16	Basophil	terminal	543	MS4A2,CPA3,HDC,GATA2,IL3RA,KIT	MS4A2,CPA3,HDC	CD3D,MS4A1,LST1	-0.3702830069082657	0.008328123709919848	0.7572222612363712	1.0	0.4621147373553315	8.0
infection_study_01	Myeloid_lineage	Myeloid_lineage:16	Mast Cell	terminal	543	TPSAB1,TPSB2,CPA3,KIT,MS4A2,HDC	TPSAB1,TPSB2,CPA3	CD3D,MS4A1,LST1	-0.37848514008368356	0.00012599053450198608	0.7572222612363712	1.0	0.48635966295805083	7.0
infection_study_01	Myeloid_lineage	Myeloid_lineage:16	DC	parent	543	HLA-DRA,CD74,CST3,FCER1A,CD1C,CLEC4C	HLA-DRA,CD74	CD3D,MS4A1,S100A8	0.33271591277522056	1.2949713240963612	1.9245108226422816	1.0	0.209882304391643	9.0
infection_study_01	Myeloid_lineage	Myeloid_lineage:16	Plasmacytoid DC	terminal	543	LILRA4,CLEC4C,IL3RA,TCF4,IRF7,GZMB,JCHAIN,SPIB	LILRA4,CLEC4C,IL3RA,TCF4	CD3D,MS4A1,CD1C,FCN1,S100A8	-0.7100925562817527	0.18143999506590774	1.7830651026953213	1.0	0.12534551064611232	13.0
infection_study_01	Myeloid_lineage	Myeloid_lineage:16	Conventional DC 1	terminal	543	CLEC9A,XCR1,BATF3,CADM1,IRF8,C1orf54	CLEC9A,XCR1,BATF3	CD1C,FCER1A,CLEC4C,S100A8	-0.6045638806820648	0.11554121401245568	1.4402101893890409	1.0	0.17057225652808616	12.0
infection_study_01	Myeloid_lineage	Myeloid_lineage:16	Conventional DC 2	terminal	543	CD1C,FCER1A,CLEC10A,CST3,HLA-DRA,CD74	CD1C,FCER1A,CLEC10A	CLEC4C,LILRA4,S100A8,S100A9	-0.12318565376317889	1.3029178485704243	2.8522070046672066	1.0	0.18839499141973046	10.0
infection_study_01	Myeloid_lineage	Myeloid_lineage:17	Myeloid Cell	parent	522	LYZ,LST1,TYROBP,CST3,FCER1G	LYZ,LST1	CD3D,CD79A,MS4A1,NKG7	3.005882397649446	3.0334206804461865	0.055076565593481064	1.0	0.8163556731848441	1.0
infection_study_01	Myeloid_lineage	Myeloid_lineage:17	Monocyte	parent	522	LYZ,LST1,FCN1,S100A8,S100A9,MS4A7,FCGR3A	LYZ,LST1	CD3D,MS4A1,CLEC4C	2.751987069003764	2.755952061331853	0.007929984656178023	1.0	0.7861443138074503	2.0
infection_study_01	Myeloid_lineage	Myeloid_lineage:17	Classical Monocyte	terminal	522	LYZ,LST1,FCN1,VCAN,S100A8,S100A9,CTSS,LGALS3	FCN1,VCAN,S100A8	FCGR3A,MS4A7,CD1C,CLEC4C	3.0697830338816074	3.1948743533642814	0.25018263896534726	1.0	0.782088466628942	3.0
infection_study_01	Myeloid_lineage	Myeloid_lineage:17	Non-Classical Monocyte	terminal	522	FCGR3A,MS4A7,CX3CR1,LST1,IFITM3,RHOC	FCGR3A,MS4A7,CX3CR1	S100A8,S100A9,VCAN,CD1C	-0.5334159517006551	0.888757410025079	2.8443467234514683	1.0	0.21730105583068046	14.0
infection_study_01	Myeloid_lineage	Myeloid_lineage:17	Intermediate Monocyte	terminal	522	FCN1,LST1,MS4A7,HLA-DRA,CD74,S100A8	FCN1,MS4A7,HLA-DRA	CD1C,CLEC4C,NKG7	2.5082121781747917	2.543950973590063	0.07147759083054227	1.0	0.7611560760166338	4.0
infection_study_01	Myeloid_lineage	Myeloid_lineage:17	Granulocyte	parent	522	S100A8,S100A9,CSF3R,FCGR3B	S100A8,S100A9	CD3D,MS4A1	2.6184171103940157	2.624364598886149	0.011894976984267034	1.0	0.7289727959883868	5.0
infection_study_01	Myeloid_lineage	Myeloid_lineage:17	Neutrophil	terminal	522	S100A8,S100A9,FCGR3B,CSF3R,CXCR2,NAMPT	S100A8,S100A9,FCGR3B	CD3D,MS4A1,CD79A	2.066375428242169	2.0722483189759884	0.011745781467639929	1.0	0.7232662337767751	6.0
infection_study_01	Myeloid_lineage	Myeloid_lineage:17	Eosinophil	terminal	522	CLC,RNASE2,RNASE3,PRG2,SIGLEC8,IL5RA	CLC,RNASE2,RNASE3	S100A8,CD3D,MS4A1	-0.6913354285775016	0.04808280566566901	1.4788364684863415	1.0	0.29554309804920886	12.0
infection_study_01	Myeloid_lineage	Myeloid_lineage:17	Basophil	terminal	522	MS4A2,CPA3,HDC,GATA2,IL3RA,KIT	MS4A2,CPA3,HDC	CD3D,MS4A1,LST1	-0.37899463075673445	0.013277402554435292	0.7845440666223394	1.0	0.43833590706936	8.0
infection_study_01	Myeloid_lineage	Myeloid_lineage:17	Mast Cell	terminal	522	TPSAB1,TPSB2,CPA3,KIT,MS4A2,HDC	TPSAB1,TPSB2,CPA3	CD3D,MS4A1,LST1	-0.391967768042252	0.00030426526891774144	0.7845440666223394	1.0	0.4523923774255063	7.0
infection_study_01	Myeloid_lineage	Myeloid_lineage:17	DC	parent	522	HLA-DRA,CD74,CST3,FCER1A,CD1C,CLEC4C	HLA-DRA,CD74	CD3D,MS4A1,S100A8	0.6441388490537269	1.3835570832968977	1.4788364684863415	1.0	0.3446472603862715	10.0
infection_study_01	Myeloid_lineage	Myeloid_lineage:17	Plasmacytoid DC	terminal	522	LILRA4,CLEC4C,IL3RA,TCF4,IRF7,GZMB,JCHAIN,SPIB	LILRA4,CLEC4C,IL3RA,TCF4	CD3D,MS4A1,CD1C,FCN1,S100A8	-0.6457038641389874	0.06633865955317843	1.4240850473843316	1.0	0.22309038477230936	13.0
infection_study_01	Myeloid_lineage	Myeloid_lineage:17	Conventional DC 1	terminal	522	CLEC9A,XCR1,BATF3,CADM1,IRF8,C1orf54	CLEC9A,XCR1,BATF3	CD1C,FCER1A,CLEC4C,S100A8	-0.4783725043994257	0.07926698679896607	1.1152789823967835	1.0	0.33591581739872806	11.0
infection_study_01	Myeloid_lineage	Myeloid_lineage:17	Conventional DC 2	terminal	522	CD1C,FCER1A,CLEC10A,CST3,HLA-DRA,CD74	CD1C,FCER1A,CLEC10A	CLEC4C,LILRA4,S100A8,S100A9	0.2581636825455103	1.3968941739464171	2.2774609828018137	1.0	0.3517526835070393	9.0
infection_study_01	Myeloid_lineage	Myeloid_lineage:18	Myeloid Cell	parent	435	LYZ,LST1,TYROBP,CST3,FCER1G	LYZ,LST1	CD3D,CD79A,MS4A1,NKG7	2.69300433322616	2.837066786974326	0.28812490749633174	1.0	0.5316872232765312	7.0
infection_study_01	Myeloid_lineage	Myeloid_lineage:18	Monocyte	parent	435	LYZ,LST1,FCN1,S100A8,S100A9,MS4A7,FCGR3A	LYZ,LST1	CD3D,MS4A1,CLEC4C	2.153212560051833	2.1917006064714077	0.07697609283914966	1.0	0.45693102217170956	9.0
infection_study_01	Myeloid_lineage	Myeloid_lineage:18	Classical Monocyte	terminal	435	LYZ,LST1,FCN1,VCAN,S100A8,S100A9,CTSS,LGALS3	FCN1,VCAN,S100A8	FCGR3A,MS4A7,CD1C,CLEC4C	2.10071762505619	2.333512518649129	0.46558978718587724	1.0	0.33239681800050014	12.0
infection_study_01	Myeloid_lineage	Myeloid_lineage:18	Non-Classical Monocyte	terminal	435	FCGR3A,MS4A7,CX3CR1,LST1,IFITM3,RHOC	FCGR3A,MS4A7,CX3CR1	S100A8,S100A9,VCAN,CD1C	0.288472250292356	1.059169902061594	1.541395303538476	1.0	0.5533465513632148	6.0
infection_study_01	Myeloid_lineage	Myeloid_lineage:18	Intermediate Monocyte	terminal	435	FCN1,LST1,MS4A7,HLA-DRA,CD74,S100A8	FCN1,MS4A7,HLA-DRA	CD1C,CLEC4C,NKG7	2.214765064949277	2.378514292505052	0.32749845511155107	1.0	0.4762556295588181	8.0
infection_study_01	Myeloid_lineage	Myeloid_lineage:18	Granulocyte	parent	435	S100A8,S100A9,CSF3R,FCGR3B	S100A8,S100A9	CD3D,MS4A1	1.380012886996927	1.4323646952023452	0.1047036164108364	1.0	0.23248639155457068	13.0
infection_study_01	Myeloid_lineage	Myeloid_lineage:18	Neutrophil	terminal	435	S100A8,S100A9,FCGR3B,CSF3R,CXCR2,NAMPT	S100A8,S100A9,FCGR3B	CD3D,MS4A1,CD79A	1.0180749445354345	1.0710798726228006	0.10600985617473208	1.0	0.17593354689445825	14.0
infection_study_01	Myeloid_lineage	Myeloid_lineage:18	Eosinophil	terminal	435	CLC,RNASE2,RNASE3,PRG2,SIGLEC8,IL5RA	CLC,RNASE2,RNASE3	S100A8,CD3D,MS4A1	-0.39806558738723113	0.016853242199082942	0.8298376591726281	1.0	0.6853413535187735	2.0
infection_study_01	Myeloid_lineage	Myeloid_lineage:18	Basophil	terminal	435	MS4A2,CPA3,HDC,GATA2,IL3RA,KIT	MS4A2,CPA3,HDC	CD3D,MS4A1,LST1	-0.40735782537880527	0.018873645176832703	0.852462941111276	1.0	0.36091709250417986	11.0
infection_study_01	Myeloid_lineage	Myeloid_lineage:18	Mast Cell	terminal	435	TPSAB1,TPSB2,CPA3,KIT,MS4A2,HDC	TPSAB1,TPSB2,CPA3	CD3D,MS4A1,LST1	-0.426231470555638	0.0	0.852462941111276	1.0	0.36607055869322375	10.0
infection_study_01	Myeloid_lineage	Myeloid_lineage:18	DC	parent	435	HLA-DRA,CD74,CST3,FCER1A,CD1C,CLEC4C	HLA-DRA,CD74	CD3D,MS4A1,S100A8	1.2822988814549428	1.6972177110412567	0.8298376591726281	1.0	0.620804211803521	5.0
infection_study_01	Myeloid_lineage	Myeloid_lineage:18	Plasmacytoid DC	terminal	435	LILRA4,CLEC4C,IL3RA,TCF4,IRF7,GZMB,JCHAIN,SPIB	LILRA4,CLEC4C,IL3RA,TCF4	CD3D,MS4A1,CD1C,FCN1,S100A8	-0.37770071808291583	0.11847916127278887	0.9923597587114094	1.0	0.6299309790585356	4.0
infection_study_01	Myeloid_lineage	Myeloid_lineage:18	Conventional DC 1	terminal	435	CLEC9A,XCR1,BATF3,CADM1,IRF8,C1orf54	CLEC9A,XCR1,BATF3	CD1C,FCER1A,CLEC4C,S100A8	-0.21204774198746773	0.11130536436121125	0.646706212697358	1.0	0.6848706022850782	3.0
infection_study_01	Myeloid_lineage	Myeloid_lineage:18	Conventional DC 2	terminal	435	CD1C,FCER1A,CLEC10A,CST3,HLA-DRA,CD74	CD1C,FCER1A,CLEC10A	CLEC4C,LILRA4,S100A8,S100A9	1.0573112465926513	1.7192483290401914	1.3238741648950796	1.0	0.6940815910739915	1.0
infection_study_01	Myeloid_lineage	Myeloid_lineage:19	Myeloid Cell	parent	429	LYZ,LST1,TYROBP,CST3,FCER1G	LYZ,LST1	CD3D,CD79A,MS4A1,NKG7	2.916390360380352	2.94527865389844	0.05777658703617561	1.0	0.7349323890837746	5.0
infection_study_01	Myeloid_lineage	Myeloid_lineage:19	Monocyte	parent	429	LYZ,LST1,FCN1,S100A8,S100A9,MS4A7,FCGR3A	LYZ,LST1	CD3D,MS4A1,CLEC4C	1.6224670339156988	1.6290514948286299	0.013168921825861688	1.0	0.1651208681521992	12.0
infection_study_01	Myeloid_lineage	Myeloid_lineage:19	Classical Monocyte	terminal	429	LYZ,LST1,FCN1,VCAN,S100A8,S100A9,CTSS,LGALS3	FCN1,VCAN,S100A8	FCGR3A,MS4A7,CD1C,CLEC4C	1.7480822328069965	1.950496162055603	0.4048278584972128	1.0	0.1687575120660484	11.0
infection_study_01	Myeloid_lineage	Myeloid_lineage:19	Non-Classical Monocyte	terminal	429	FCGR3A,MS4A7,CX3CR1,LST1,IFITM3,RHOC	FCGR3A,MS4A7,CX3CR1	S100A8,S100A9,VCAN,CD1C	0.016169469132035295	0.728341472616655	1.4243440069692397	1.0	0.44201009123638435	9.0
infection_study_01	Myeloid_lineage	Myeloid_lineage:19	Intermediate Monocyte	terminal	429	FCN1,LST1,MS4A7,HLA-DRA,CD74,S100A8	FCN1,MS4A7,HLA-DRA	CD1C,CLEC4C,NKG7	2.157632765271169	2.3873501963502415	0.45943486215814466	1.0	0.4207873119238591	10.0
infection_study_01	Myeloid_lineage	Myeloid_lineage:19	Granulocyte	parent	429	S100A8,S100A9,CSF3R,FCGR3B	S100A8,S100A9	CD3D,MS4A1	1.088832536681896	1.0944721710570764	0.011279268750360796	1.0	0.11574980229042542	13.0
infection_study_01	Myeloid_lineage	Myeloid_lineage:19	Neutrophil	terminal	429	S100A8,S100A9,FCGR3B,CSF3R,CXCR2,NAMPT	S100A8,S100A9,FCGR3B	CD3D,MS4A1,CD79A	0.8970168561565384	0.9021765869559477	0.010319461598818674	1.0	0.11272738624577697	14.0
infection_study_01	Myeloid_lineage	Myeloid_lineage:19	Eosinophil	terminal	429	CLC,RNASE2,RNASE3,PRG2,SIGLEC8,IL5RA	CLC,RNASE2,RNASE3	S100A8,CD3D,MS4A1	-0.18729358307131522	0.04195882014716051	0.45850480643695146	1.0	0.965487989977256	3.0
infection_study_01	Myeloid_lineage	Myeloid_lineage:19	Basophil	terminal	429	MS4A2,CPA3,HDC,GATA2,IL3RA,KIT	MS4A2,CPA3,HDC	CD3D,MS4A1,LST1	-0.31962603130887995	0.013538774956819525	0.6663296125313989	1.0	0.6003855863417834	7.0
infection_study_01	Myeloid_lineage	Myeloid_lineage:19	Mast Cell	terminal	429	TPSAB1,TPSB2,CPA3,KIT,MS4A2,HDC	TPSAB1,TPSB2,CPA3	CD3D,MS4A1,LST1	-0.3323646772887323	0.0008001289769671366	0.6663296125313989	1.0	0.6025526583787706	6.0
infection_study_01	Myeloid_lineage	Myeloid_lineage:19	DC	parent	429	HLA-DRA,CD74,CST3,FCER1A,CD1C,CLEC4C	HLA-DRA,CD74	CD3D,MS4A1,S100A8	2.441141012798425	2.6703934160169	0.45850480643695146	1.0	1.0	1.0
infection_study_01	Myeloid_lineage	Myeloid_lineage:19	Plasmacytoid DC	terminal	429	LILRA4,CLEC4C,IL3RA,TCF4,IRF7,GZMB,JCHAIN,SPIB	LILRA4,CLEC4C,IL3RA,TCF4	CD3D,MS4A1,CD1C,FCN1,S100A8	-0.26486202464601794	0.126019598890122	0.78176324707228	1.0	0.8012250917281836	4.0
infection_study_01	Myeloid_lineage	Myeloid_lineage:19	Conventional DC 1	terminal	429	CLEC9A,XCR1,BATF3,CADM1,IRF8,C1orf54	CLEC9A,XCR1,BATF3	CD1C,FCER1A,CLEC4C,S100A8	-0.3762053684320622	0.14507747472791405	1.0425656863199526	1.0	0.469781367980911	8.0
infection_study_01	Myeloid_lineage	Myeloid_lineage:19	Conventional DC 2	terminal	429	CD1C,FCER1A,CLEC10A,CST3,HLA-DRA,CD74	CD1C,FCER1A,CLEC10A	CLEC4C,LILRA4,S100A8,S100A9	2.4329299316643835	2.892277940308853	0.9186960172889393	1.0	1.0	2.0
infection_study_01	Myeloid_lineage	Myeloid_lineage:20	Myeloid Cell	parent	350	LYZ,LST1,TYROBP,CST3,FCER1G	LYZ,LST1	CD3D,CD79A,MS4A1,NKG7	3.3795214326551988	3.3909619637557444	0.02288106220109122	1.0	1.0	1.0
infection_study_01	Myeloid_lineage	Myeloid_lineage:20	Monocyte	parent	350	LYZ,LST1,FCN1,S100A8,S100A9,MS4A7,FCGR3A	LYZ,LST1	CD3D,MS4A1,CLEC4C	2.9169074863681987	2.917690380179152	0.0015657876219068254	1.0	0.8768195056313633	3.0
infection_study_01	Myeloid_lineage	Myeloid_lineage:20	Classical Monocyte	terminal	350	LYZ,LST1,FCN1,VCAN,S100A8,S100A9,CTSS,LGALS3	FCN1,VCAN,S100A8	FCGR3A,MS4A7,CD1C,CLEC4C	3.3820663317399364	3.470655352941581	0.17717804240328924	1.0	0.9270025145085915	2.0
infection_study_01	Myeloid_lineage	Myeloid_lineage:20	Non-Classical Monocyte	terminal	350	FCGR3A,MS4A7,CX3CR1,LST1,IFITM3,RHOC	FCGR3A,MS4A7,CX3CR1	S100A8,S100A9,VCAN,CD1C	-0.7934781390144711	0.71823356260856	3.023423403246062	1.0	0.11096940829853941	13.0
infection_study_01	Myeloid_lineage	Myeloid_lineage:20	Intermediate Monocyte	terminal	350	FCN1,LST1,MS4A7,HLA-DRA,CD74,S100A8	FCN1,MS4A7,HLA-DRA	CD1C,CLEC4C,NKG7	2.597519953052203	2.6169085007054464	0.03877709530648731	1.0	0.8478627559871911	4.0
infection_study_01	Myeloid_lineage	Myeloid_lineage:20	Granulocyte	parent	350	S100A8,S100A9,CSF3R,FCGR3B	S100A8,S100A9	CD3D,MS4A1	2.674316596899714	2.6754909376161438	0.002348681432860238	1.0	0.751383358339975	5.0
infection_study_01	Myeloid_lineage	Myeloid_lineage:20	Neutrophil	terminal	350	S100A8,S100A9,FCGR3B,CSF3R,CXCR2,NAMPT	S100A8,S100A9,FCGR3B	CD3D,MS4A1,CD79A	1.9022478139116652	1.9060033589317686	0.007511090040206909	1.0	0.6375728571740508	6.0
infection_study_01	Myeloid_lineage	Myeloid_lineage:20	Eosinophil	terminal	350	CLC,RNASE2,RNASE3,PRG2,SIGLEC8,IL5RA	CLC,RNASE2,RNASE3	S100A8,CD3D,MS4A1	-0.6603877006258283	0.10336169100943066	1.5274987832705178	1.0	0.336677127778786	11.0
infection_study_01	Myeloid_lineage	Myeloid_lineage:20	Basophil	terminal	350	MS4A2,CPA3,HDC,GATA2,IL3RA,KIT	MS4A2,CPA3,HDC	CD3D,MS4A1,LST1	-0.3926887147483371	0.0026354532298587616	0.790648335956392	1.0	0.40095719274213437	8.0
infection_study_01	Myeloid_lineage	Myeloid_lineage:20	Mast Cell	terminal	350	TPSAB1,TPSB2,CPA3,KIT,MS4A2,HDC	TPSAB1,TPSB2,CPA3	CD3D,MS4A1,LST1	-0.395324167978196	0.0	0.790648335956392	1.0	0.4439364743674403	7.0
infection_study_01	Myeloid_lineage	Myeloid_lineage:20	DC	parent	350	HLA-DRA,CD74,CST3,FCER1A,CD1C,CLEC4C	HLA-DRA,CD74	CD3D,MS4A1,S100A8	0.7039830368473415	1.4677324284826005	1.5274987832705178	1.0	0.3705441947319432	10.0
infection_study_01	Myeloid_lineage	Myeloid_lineage:20	Plasmacytoid DC	terminal	350	LILRA4,CLEC4C,IL3RA,TCF4,IRF7,GZMB,JCHAIN,SPIB	LILRA4,CLEC4C,IL3RA,TCF4	CD3D,MS4A1,CD1C,FCN1,S100A8	-0.735582244775125	0.0355207191833428	1.5422059279169356	1.0	0.08665103945268571	14.0
infection_study_01	Myeloid_lineage	Myeloid_lineage:20	Conventional DC 1	terminal	350	CLEC9A,XCR1,BATF3,CADM1,IRF8,C1orf54	CLEC9A,XCR1,BATF3	CD1C,FCER1A,CLEC4C,S100A8	-0.4955895855526129	0.08277704633417585	1.1567332637735777	1.0	0.3133569580731052	12.0
infection_study_01	Myeloid_lineage	Myeloid_lineage:20	Conventional DC 2	terminal	350	CD1C,FCER1A,CLEC10A,CST3,HLA-DRA,CD74	CD1C,FCER1A,CLEC10A	CLEC4C,LILRA4,S100A8,S100A9	0.31225304885279564	1.485273226187343	2.346040354669094	1.0	0.3749228144215214	9.0
infection_study_01	Myeloid_lineage	Myeloid_lineage:21	Myeloid Cell	parent	343	LYZ,LST1,TYROBP,CST3,FCER1G	LYZ,LST1	CD3D,CD79A,MS4A1,NKG7	2.7883230106367485	2.80327671133742	0.02990740140134322	1.0	0.6184118078069232	5.0
infection_study_01	Myeloid_lineage	Myeloid_lineage:21	Monocyte	parent	343	LYZ,LST1,FCN1,S100A8,S100A9,MS4A7,FCGR3A	LYZ,LST1	CD3D,MS4A1,CLEC4C	2.7091767736711256	2.7126597954749267	0.006966043607602429	1.0	0.7626067081952389	3.0
infection_study_01	Myeloid_lineage	Myeloid_lineage:21	Classical Monocyte	terminal	343	LYZ,LST1,FCN1,VCAN,S100A8,S100A9,CTSS,LGALS3	FCN1,VCAN,S100A8	FCGR3A,MS4A7,CD1C,CLEC4C	2.9708634621895436	3.0984143483352033	0.2551017722913197	1.0	0.7361851613714148	4.0
infection_study_01	Myeloid_lineage	Myeloid_lineage:21	Non-Classical Monocyte	terminal	343	FCGR3A,MS4A7,CX3CR1,LST1,IFITM3,RHOC	FCGR3A,MS4A7,CX3CR1	S100A8,S100A9,VCAN,CD1C	-0.7226997020105	0.7893362980339569	3.024072000088914	1.0	0.13990859355310514	14.0
infection_study_01	Myeloid_lineage	Myeloid_lineage:21	Intermediate Monocyte	terminal	343	FCN1,LST1,MS4A7,HLA-DRA,CD74,S100A8	FCN1,MS4A7,HLA-DRA	CD1C,CLEC4C,NKG7	2.2910595275715093	2.3094882313723235	0.036857407601628055	1.0	0.5503280108625958	8.0
infection_study_01	Myeloid_lineage	Myeloid_lineage:21	Granulocyte	parent	343	S100A8,S100A9,CSF3R,FCGR3B	S100A8,S100A9	CD3D,MS4A1	2.7768483816621603	2.782072914367862	0.010449065411403644	1.0	0.792489191310448	1.0
infection_study_01	Myeloid_lineage	Myeloid_lineage:21	Neutrophil	terminal	343	S100A8,S100A9,FCGR3B,CSF3R,CXCR2,NAMPT	S100A8,S100A9,FCGR3B	CD3D,MS4A1,CD79A	2.1925185473655704	2.19924311529559	0.013449135860039032	1.0	0.7891273617592766	2.0
infection_study_01	Myeloid_lineage	Myeloid_lineage:21	Eosinophil	terminal	343	CLC,RNASE2,RNASE3,PRG2,SIGLEC8,IL5RA	CLC,RNASE2,RNASE3	S100A8,CD3D,MS4A1	-0.7137487825980108	0.09931431597766653	1.6261261971513548	1.0	0.26575249202931495	9.0
infection_study_01	Myeloid_lineage	Myeloid_lineage:21	Basophil	terminal	343	MS4A2,CPA3,HDC,GATA2,IL3RA,KIT	MS4A2,CPA3,HDC	CD3D,MS4A1,LST1	-0.33685059299506065	0.006194777142318043	0.6860907402747574	1.0	0.5533702495675802	7.0
infection_study_01	Myeloid_lineage	Myeloid_lineage:21	Mast Cell	terminal	343	TPSAB1,TPSB2,CPA3,KIT,MS4A2,HDC	TPSAB1,TPSB2,CPA3	CD3D,MS4A1,LST1	-0.3430453701373787	0.0	0.6860907402747574	1.0	0.5756443920682093	6.0
infection_study_01	Myeloid_lineage	Myeloid_lineage:21	DC	parent	343	HLA-DRA,CD74,CST3,FCER1A,CD1C,CLEC4C	HLA-DRA,CD74	CD3D,MS4A1,S100A8	0.35370814510638326	1.1667712436820605	1.6261261971513548	1.0	0.21896646916172965	13.0
infection_study_01	Myeloid_lineage	Myeloid_lineage:21	Plasmacytoid DC	terminal	343	LILRA4,CLEC4C,IL3RA,TCF4,IRF7,GZMB,JCHAIN,SPIB	LILRA4,CLEC4C,IL3RA,TCF4	CD3D,MS4A1,CD1C,FCN1,S100A8	-0.6465649305253612	0.04825565155932229	1.3896411641693671	1.0	0.22178324802594096	12.0
infection_study_01	Myeloid_lineage	Myeloid_lineage:21	Conventional DC 1	terminal	343	CLEC9A,XCR1,BATF3,CADM1,IRF8,C1orf54	CLEC9A,XCR1,BATF3	CD1C,FCER1A,CLEC4C,S100A8	-0.5571361576560866	0.053960153020273946	1.2221926213527212	1.0	0.23271492300901764	10.0
infection_study_01	Myeloid_lineage	Myeloid_lineage:21	Conventional DC 2	terminal	343	CD1C,FCER1A,CLEC10A,CST3,HLA-DRA,CD74	CD1C,FCER1A,CLEC10A	CLEC4C,LILRA4,S100A8,S100A9	-0.029090796690524726	1.17201058287083	2.4022027591227095	1.0	0.2287021775747146	11.0
infection_study_01	Myeloid_lineage	Myeloid_lineage:22	Myeloid Cell	parent	261	LYZ,LST1,TYROBP,CST3,FCER1G	LYZ,LST1	CD3D,CD79A,MS4A1,NKG7	2.5094271140993785	2.577613665774408	0.13637310335005837	1.0	0.36466163615643155	7.0
infection_study_01	Myeloid_lineage	Myeloid_lineage:22	Monocyte	parent	261	LYZ,LST1,FCN1,S100A8,S100A9,MS4A7,FCGR3A	LYZ,LST1	CD3D,MS4A1,CLEC4C	2.6504715298066452	2.6504715298066452	0.0	1.0	0.7303298722912976	5.0
infection_study_01	Myeloid_lineage	Myeloid_lineage:22	Classical Monocyte	terminal	261	LYZ,LST1,FCN1,VCAN,S100A8,S100A9,CTSS,LGALS3	FCN1,VCAN,S100A8	FCGR3A,MS4A7,CD1C,CLEC4C	2.966829044266222	3.0123271945564225	0.09099630058040108	1.0	0.7343130028662488	4.0
infection_study_01	Myeloid_lineage	Myeloid_lineage:22	Non-Classical Monocyte	terminal	261	FCGR3A,MS4A7,CX3CR1,LST1,IFITM3,RHOC	FCGR3A,MS4A7,CX3CR1	S100A8,S100A9,VCAN,CD1C	-0.7722929289628719	0.7857307134003475	3.116047284726439	1.0	0.1196314068434595	13.0
infection_study_01	Myeloid_lineage	Myeloid_lineage:22	Intermediate Monocyte	terminal	261	FCN1,LST1,MS4A7,HLA-DRA,CD74,S100A8	FCN1,MS4A7,HLA-DRA	CD1C,CLEC4C,NKG7	1.8779623015934783	1.9688777038268503	0.1818308044667445	1.0	0.14926226917584773	12.0
infection_study_01	Myeloid_lineage	Myeloid_lineage:22	Granulocyte	parent	261	S100A8,S100A9,CSF3R,FCGR3B	S100A8,S100A9	CD3D,MS4A1	2.719234446227779	2.719234446227779	0.0	1.0	0.7693912923299097	3.0
infection_study_01	Myeloid_lineage	Myeloid_lineage:22	Neutrophil	terminal	261	S100A8,S100A9,FCGR3B,CSF3R,CXCR2,NAMPT	S100A8,S100A9,FCGR3B	CD3D,MS4A1,CD79A	2.04185605620059	2.04185605620059	0.0	1.0	0.7104643186877624	6.0
infection_study_01	Myeloid_lineage	Myeloid_lineage:22	Eosinophil	terminal	261	CLC,RNASE2,RNASE3,PRG2,SIGLEC8,IL5RA	CLC,RNASE2,RNASE3	S100A8,CD3D,MS4A1	-0.6789310074400627	0.13325179628028724	1.6243656074407	1.0	0.31203037713613835	8.0
infection_study_01	Myeloid_lineage	Myeloid_lineage:22	Basophil	terminal	261	MS4A2,CPA3,HDC,GATA2,IL3RA,KIT	MS4A2,CPA3,HDC	CD3D,MS4A1,LST1	-0.18986543796071603	0.0010206456537599918	0.38177216722895213	1.0	0.9545738732448398	2.0
infection_study_01	Myeloid_lineage	Myeloid_lineage:22	Mast Cell	terminal	261	TPSAB1,TPSB2,CPA3,KIT,MS4A2,HDC	TPSAB1,TPSB2,CPA3	CD3D,MS4A1,LST1	-0.19088608361447607	0.0	0.38177216722895213	1.0	0.958984935739228	1.0
infection_study_01	Myeloid_lineage	Myeloid_lineage:22	DC	parent	261	HLA-DRA,CD74,CST3,FCER1A,CD1C,CLEC4C	HLA-DRA,CD74	CD3D,MS4A1,S100A8	0.2081077423132242	1.0202905460335743	1.6243656074407	1.0	0.1559594469118578	11.0
infection_study_01	Myeloid_lineage	Myeloid_lineage:22	Plasmacytoid DC	terminal	261	LILRA4,CLEC4C,IL3RA,TCF4,IRF7,GZMB,JCHAIN,SPIB	LILRA4,CLEC4C,IL3RA,TCF4	CD3D,MS4A1,CD1C,FCN1,S100A8	-0.6303746803053494	0.07184309772147986	1.4044355560536586	1.0	0.24636076182786562	9.0
infection_study_01	Myeloid_lineage	Myeloid_lineage:22	Conventional DC 1	terminal	261	CLEC9A,XCR1,BATF3,CADM1,IRF8,C1orf54	CLEC9A,XCR1,BATF3	CD1C,FCER1A,CLEC4C,S100A8	-0.5625567793998377	0.04658032339042479	1.218274205580525	1.0	0.22561249709334164	10.0
infection_study_01	Myeloid_lineage	Myeloid_lineage:22	Conventional DC 2	terminal	261	CD1C,FCER1A,CLEC10A,CST3,HLA-DRA,CD74	CD1C,FCER1A,CLEC10A	CLEC4C,LILRA4,S100A8,S100A9	-0.2859250046741003	1.0243952329131378	2.6206404751744765	1.0	0.11868272960245702	14.0
infection_study_01	Myeloid_lineage	Myeloid_lineage:23	Myeloid Cell	parent	232	LYZ,LST1,TYROBP,CST3,FCER1G	LYZ,LST1	CD3D,CD79A,MS4A1,NKG7	2.625704649203168	2.951699991061769	0.6519906837172036	1.0	0.47045539238593254	5.0
infection_study_01	Myeloid_lineage	Myeloid_lineage:23	Monocyte	parent	232	LYZ,LST1,FCN1,S100A8,S100A9,MS4A7,FCGR3A	LYZ,LST1	CD3D,MS4A1,CLEC4C	2.552655703499791	2.6513524942210154	0.19739358144244928	1.0	0.6765495765854654	1.0
infection_study_01	Myeloid_lineage	Myeloid_lineage:23	Classical Monocyte	terminal	232	LYZ,LST1,FCN1,VCAN,S100A8,S100A9,CTSS,LGALS3	FCN1,VCAN,S100A8	FCGR3A,MS4A7,CD1C,CLEC4C	2.7919605195297508	2.9903341587151178	0.3967472783707339	1.0	0.6531658331645862	2.0
infection_study_01	Myeloid_lineage	Myeloid_lineage:23	Non-Classical Monocyte	terminal	232	FCGR3A,MS4A7,CX3CR1,LST1,IFITM3,RHOC	FCGR3A,MS4A7,CX3CR1	S100A8,S100A9,VCAN,CD1C	-0.25124960362739945	1.0429815634357176	2.588462334126234	1.0	0.33267043335787977	11.0
infection_study_01	Myeloid_lineage	Myeloid_lineage:23	Intermediate Monocyte	terminal	232	FCN1,LST1,MS4A7,HLA-DRA,CD74,S100A8	FCN1,MS4A7,HLA-DRA	CD1C,CLEC4C,NKG7	2.187054601786979	2.5372514920416234	0.7003937805092884	1.0	0.44935223548649555	6.0
infection_study_01	Myeloid_lineage	Myeloid_lineage:23	Granulocyte	parent	232	S100A8,S100A9,CSF3R,FCGR3B	S100A8,S100A9	CD3D,MS4A1	2.1801488053310534	2.32819399141289	0.29609037216367395	1.0	0.5532674399769818	3.0
infection_study_01	Myeloid_lineage	Myeloid_lineage:23	Neutrophil	terminal	232	S100A8,S100A9,FCGR3B,CSF3R,CXCR2,NAMPT	S100A8,S100A9,FCGR3B	CD3D,MS4A1,CD79A	1.7232910574724278	1.8258061285034335	0.20503014206201178	1.0	0.5441369732266447	4.0
infection_study_01	Myeloid_lineage	Myeloid_lineage:23	Eosinophil	terminal	232	CLC,RNASE2,RNASE3,PRG2,SIGLEC8,IL5RA	CLC,RNASE2,RNASE3	S100A8,CD3D,MS4A1	-0.698454371599973	0.06461774637044847	1.5261442359408428	1.0	0.28608098779714847	12.0
infection_study_01	Myeloid_lineage	Myeloid_lineage:23	Basophil	terminal	232	MS4A2,CPA3,HDC,GATA2,IL3RA,KIT	MS4A2,CPA3,HDC	CD3D,MS4A1,LST1	-0.46714149188550036	0.009209305005169461	0.9527015937813397	1.0	0.1977344661117769	14.0
infection_study_01	Myeloid_lineage	Myeloid_lineage:23	Mast Cell	terminal	232	TPSAB1,TPSB2,CPA3,KIT,MS4A2,HDC	TPSAB1,TPSB2,CPA3	CD3D,MS4A1,LST1	-0.47586448212293375	0.000486314767736128	0.9527015937813397	1.0	0.24102826864953766	13.0
infection_study_01	Myeloid_lineage	Myeloid_lineage:23	DC	parent	232	HLA-DRA,CD74,CST3,FCER1A,CD1C,CLEC4C	HLA-DRA,CD74	CD3D,MS4A1,S100A8	0.7248119174706182	1.4878840354410394	1.5261442359408428	1.0	0.379557670791725	9.0
infection_study_01	Myeloid_lineage	Myeloid_lineage:23	Plasmacytoid DC	terminal	232	LILRA4,CLEC4C,IL3RA,TCF4,IRF7,GZMB,JCHAIN,SPIB	LILRA4,CLEC4C,IL3RA,TCF4	CD3D,MS4A1,CD1C,FCN1,S100A8	-0.5518445805485906	0.16511484152027245	1.4339188441377262	1.0	0.36557291632888755	10.0
infection_study_01	Myeloid_lineage	Myeloid_lineage:23	Conventional DC 1	terminal	232	CLEC9A,XCR1,BATF3,CADM1,IRF8,C1orf54	CLEC9A,XCR1,BATF3	CD1C,FCER1A,CLEC4C,S100A8	-0.43040139929808935	0.09230966621945644	1.0454221310350915	1.0	0.3987704558851931	8.0
infection_study_01	Myeloid_lineage	Myeloid_lineage:23	Conventional DC 2	terminal	232	CD1C,FCER1A,CLEC10A,CST3,HLA-DRA,CD74	CD1C,FCER1A,CLEC10A	CLEC4C,LILRA4,S100A8,S100A9	0.4807551273722844	1.512677456990912	2.0638446592372555	1.0	0.4471036419150213	7.0
infection_study_01	Myeloid_lineage	Myeloid_lineage:24	Myeloid Cell	parent	186	LYZ,LST1,TYROBP,CST3,FCER1G	LYZ,LST1	CD3D,CD79A,MS4A1,NKG7	2.9058041773295855	2.958221454197361	0.10483455373555102	1.0	0.725300674169333	6.0
infection_study_01	Myeloid_lineage	Myeloid_lineage:24	Monocyte	parent	186	LYZ,LST1,FCN1,S100A8,S100A9,MS4A7,FCGR3A	LYZ,LST1	CD3D,MS4A1,CLEC4C	2.9596575327213763	2.962988181414509	0.006661297386265142	1.0	0.900323985643621	2.0
infection_study_01	Myeloid_lineage	Myeloid_lineage:24	Classical Monocyte	terminal	186	LYZ,LST1,FCN1,VCAN,S100A8,S100A9,CTSS,LGALS3	FCN1,VCAN,S100A8	FCGR3A,MS4A7,CD1C,CLEC4C	3.395319022158141	3.517236223824883	0.2438344033334845	1.0	0.9331523823592544	1.0
infection_study_01	Myeloid_lineage	Myeloid_lineage:24	Non-Classical Monocyte	terminal	186	FCGR3A,MS4A7,CX3CR1,LST1,IFITM3,RHOC	FCGR3A,MS4A7,CX3CR1	S100A8,S100A9,VCAN,CD1C	-0.781576461168707	0.8596496246354555	3.282452171608325	1.0	0.11583564828063173	13.0
infection_study_01	Myeloid_lineage	Myeloid_lineage:24	Intermediate Monocyte	terminal	186	FCN1,LST1,MS4A7,HLA-DRA,CD74,S100A8	FCN1,MS4A7,HLA-DRA	CD1C,CLEC4C,NKG7	2.5755377566728965	2.642769689227731	0.13446386510966926	1.0	0.8265207925452986	5.0
infection_study_01	Myeloid_lineage	Myeloid_lineage:24	Granulocyte	parent	186	S100A8,S100A9,CSF3R,FCGR3B	S100A8,S100A9	CD3D,MS4A1	2.877423195348632	2.882419168388331	0.009991946079397714	1.0	0.832810458535153	4.0
infection_study_01	Myeloid_lineage	Myeloid_lineage:24	Neutrophil	terminal	186	S100A8,S100A9,FCGR3B,CSF3R,CXCR2,NAMPT	S100A8,S100A9,FCGR3B	CD3D,MS4A1,CD79A	2.3274171976205693	2.331520284589473	0.0082061739378078	1.0	0.8595598778636209	3.0
infection_study_01	Myeloid_lineage	Myeloid_lineage:24	Eosinophil	terminal	186	CLC,RNASE2,RNASE3,PRG2,SIGLEC8,IL5RA	CLC,RNASE2,RNASE3	S100A8,CD3D,MS4A1	-0.6001425764413291	0.25483592225766094	1.70995699739798	1.0	0.4167516564529747	9.0
infection_study_01	Myeloid_lineage	Myeloid_lineage:24	Basophil	terminal	186	MS4A2,CPA3,HDC,GATA2,IL3RA,KIT	MS4A2,CPA3,HDC	CD3D,MS4A1,LST1	-0.36838984430690824	0.0026346676879458954	0.7420490239897082	1.0	0.4672822231173964	8.0
infection_study_01	Myeloid_lineage	Myeloid_lineage:24	Mast Cell	terminal	186	TPSAB1,TPSB2,CPA3,KIT,MS4A2,HDC	TPSAB1,TPSB2,CPA3	CD3D,MS4A1,LST1	-0.3710245119948541	0.0	0.7420490239897082	1.0	0.505155500484988	7.0
infection_study_01	Myeloid_lineage	Myeloid_lineage:24	DC	parent	186	HLA-DRA,CD74,CST3,FCER1A,CD1C,CLEC4C	HLA-DRA,CD74	CD3D,MS4A1,S100A8	0.41804470169928765	1.2730232003982775	1.70995699739798	1.0	0.2468074282179207	11.0
infection_study_01	Myeloid_lineage	Myeloid_lineage:24	Plasmacytoid DC	terminal	186	LILRA4,CLEC4C,IL3RA,TCF4,IRF7,GZMB,JCHAIN,SPIB	LILRA4,CLEC4C,IL3RA,TCF4	CD3D,MS4A1,CD1C,FCN1,S100A8	-0.7365629063899157	0.06556056099393034	1.6042469347676922	1.0	0.08516235187559408	14.0
infection_study_01	Myeloid_lineage	Myeloid_lineage:24	Conventional DC 1	terminal	186	CLEC9A,XCR1,BATF3,CADM1,IRF8,C1orf54	CLEC9A,XCR1,BATF3	CD1C,FCER1A,CLEC4C,S100A8	-0.574181061491744	0.06644408271304167	1.2812502884095716	1.0	0.21038166080120244	12.0
infection_study_01	Myeloid_lineage	Myeloid_lineage:24	Conventional DC 2	terminal	186	CD1C,FCER1A,CLEC10A,CST3,HLA-DRA,CD74	CD1C,FCER1A,CLEC10A	CLEC4C,LILRA4,S100A8,S100A9	0.05934507234228982	1.3215610806606575	2.5244320166367356	1.0	0.26658523672141254	10.0
infection_study_01	Myeloid_lineage	Myeloid_lineage:25	Myeloid Cell	parent	119	LYZ,LST1,TYROBP,CST3,FCER1G	LYZ,LST1	CD3D,CD79A,MS4A1,NKG7	3.250822811918099	3.280152139142782	0.05865865444936672	1.0	1.0	1.0
infection_study_01	Myeloid_lineage	Myeloid_lineage:25	Monocyte	parent	119	LYZ,LST1,FCN1,S100A8,S100A9,MS4A7,FCGR3A	LYZ,LST1	CD3D,MS4A1,CLEC4C	2.683097817495662	2.684423305085298	0.0026509751792715376	1.0	0.748268190311476	5.0
infection_study_01	Myeloid_lineage	Myeloid_lineage:25	Classical Monocyte	terminal	119	LYZ,LST1,FCN1,VCAN,S100A8,S100A9,CTSS,LGALS3	FCN1,VCAN,S100A8	FCGR3A,MS4A7,CD1C,CLEC4C	2.1198486260318457	2.5998580205340347	0.960018789004378	1.0	0.3412744967312708	11.0
infection_study_01	Myeloid_lineage	Myeloid_lineage:25	Non-Classical Monocyte	terminal	119	FCGR3A,MS4A7,CX3CR1,LST1,IFITM3,RHOC	FCGR3A,MS4A7,CX3CR1	S100A8,S100A9,VCAN,CD1C	1.3343679727334268	2.1503223336878277	1.6319087219088018	1.0	0.9809820198743643	3.0
infection_study_01	Myeloid_lineage	Myeloid_lineage:25	Intermediate Monocyte	terminal	119	FCN1,LST1,MS4A7,HLA-DRA,CD74,S100A8	FCN1,MS4A7,HLA-DRA	CD1C,CLEC4C,NKG7	2.7517846060567206	2.7881108608816847	0.07265250964992856	1.0	0.9976344406718904	2.0
infection_study_01	Myeloid_lineage	Myeloid_lineage:25	Granulocyte	parent	119	S100A8,S100A9,CSF3R,FCGR3B	S100A8,S100A9	CD3D,MS4A1	1.6358561646662841	1.6378443960507376	0.003976462768907307	1.0	0.3350560587349549	12.0
infection_study_01	Myeloid_lineage	Myeloid_lineage:25	Neutrophil	terminal	119	S100A8,S100A9,FCGR3B,CSF3R,CXCR2,NAMPT	S100A8,S100A9,FCGR3B	CD3D,MS4A1,CD79A	1.4047254470049166	1.4098872876718267	0.01032368133381969	1.0	0.37780930836765697	10.0
infection_study_01	Myeloid_lineage	Myeloid_lineage:25	Eosinophil	terminal	119	CLC,RNASE2,RNASE3,PRG2,SIGLEC8,IL5RA	CLC,RNASE2,RNASE3	S100A8,CD3D,MS4A1	-0.3979801995580604	0.02528814065690134	0.8465366804299236	1.0	0.685454846357703	6.0
infection_study_01	Myeloid_lineage	Myeloid_lineage:25	Basophil	terminal	119	MS4A2,CPA3,HDC,GATA2,IL3RA,KIT	MS4A2,CPA3,HDC	CD3D,MS4A1,LST1	-0.5435400570557566	0.03009363762637814	1.1472673893642693	1.0	0.0	13.0
infection_study_01	Myeloid_lineage	Myeloid_lineage:25	Mast Cell	terminal	119	TPSAB1,TPSB2,CPA3,KIT,MS4A2,HDC	TPSAB1,TPSB2,CPA3	CD3D,MS4A1,LST1	-0.5736336946821347	0.0	1.1472673893642693	1.0	0.0	14.0
infection_study_01	Myeloid_lineage	Myeloid_lineage:25	DC	parent	119	HLA-DRA,CD74,CST3,FCER1A,CD1C,CLEC4C	HLA-DRA,CD74	CD3D,MS4A1,S100A8	1.2487865950213093	1.6720549352362712	0.8465366804299236	1.0	0.6063021270808046	9.0
infection_study_01	Myeloid_lineage	Myeloid_lineage:25	Plasmacytoid DC	terminal	119	LILRA4,CLEC4C,IL3RA,TCF4,IRF7,GZMB,JCHAIN,SPIB	LILRA4,CLEC4C,IL3RA,TCF4	CD3D,MS4A1,CD1C,FCN1,S100A8	-0.391982699047868	0.1365102725807859	1.0569859432573079	1.0	0.6082503021378624	8.0
infection_study_01	Myeloid_lineage	Myeloid_lineage:25	Conventional DC 1	terminal	119	CLEC9A,XCR1,BATF3,CADM1,IRF8,C1orf54	CLEC9A,XCR1,BATF3	CD1C,FCER1A,CLEC4C,S100A8	-0.1407990237744916	0.1774448600887251	0.6364877677264333	1.0	0.7782249750150882	4.0
infection_study_01	Myeloid_lineage	Myeloid_lineage:25	Conventional DC 2	terminal	119	CD1C,FCER1A,CLEC10A,CST3,HLA-DRA,CD74	CD1C,FCER1A,CLEC10A	CLEC4C,LILRA4,S100A8,S100A9	0.9723187909573734	1.6926413753620384	1.4406451688093298	1.0	0.657673578589152	7.0
infection_study_01	Myeloid_lineage	Myeloid_lineage:26	Myeloid Cell	parent	88	LYZ,LST1,TYROBP,CST3,FCER1G	LYZ,LST1	CD3D,CD79A,MS4A1,NKG7	2.7036242786117572	2.8470422010530125	0.2868358448825099	1.0	0.5413496564566945	7.0
infection_study_01	Myeloid_lineage	Myeloid_lineage:26	Monocyte	parent	88	LYZ,LST1,FCN1,S100A8,S100A9,MS4A7,FCGR3A	LYZ,LST1	CD3D,MS4A1,CLEC4C	2.9971869776581794	2.9971869776581794	0.0	1.0	0.9209581173846887	4.0
infection_study_01	Myeloid_lineage	Myeloid_lineage:26	Classical Monocyte	terminal	88	LYZ,LST1,FCN1,VCAN,S100A8,S100A9,CTSS,LGALS3	FCN1,VCAN,S100A8	FCGR3A,MS4A7,CD1C,CLEC4C	3.424026692201468	3.4949006553400648	0.14174792627719315	1.0	0.9464740831985327	3.0
infection_study_01	Myeloid_lineage	Myeloid_lineage:26	Non-Classical Monocyte	terminal	88	FCGR3A,MS4A7,CX3CR1,LST1,IFITM3,RHOC	FCGR3A,MS4A7,CX3CR1	S100A8,S100A9,VCAN,CD1C	-0.7957122632951447	1.0131728364098251	3.61777019940994	1.0	0.11005594172345087	11.0
infection_study_01	Myeloid_lineage	Myeloid_lineage:26	Intermediate Monocyte	terminal	88	FCN1,LST1,MS4A7,HLA-DRA,CD74,S100A8	FCN1,MS4A7,HLA-DRA	CD1C,CLEC4C,NKG7	2.2448403295693975	2.4360642261577374	0.38244779317667993	1.0	0.5054549500885942	8.0
infection_study_01	Myeloid_lineage	Myeloid_lineage:26	Granulocyte	parent	88	S100A8,S100A9,CSF3R,FCGR3B	S100A8,S100A9	CD3D,MS4A1	3.201456174085086	3.201456174085086	0.0	1.0	0.9627179358284186	2.0
infection_study_01	Myeloid_lineage	Myeloid_lineage:26	Neutrophil	terminal	88	S100A8,S100A9,FCGR3B,CSF3R,CXCR2,NAMPT	S100A8,S100A9,FCGR3B	CD3D,MS4A1,CD79A	2.591564888078155	2.591564888078155	0.0	1.0	0.9974751678009999	1.0
infection_study_01	Myeloid_lineage	Myeloid_lineage:26	Eosinophil	terminal	88	CLC,RNASE2,RNASE3,PRG2,SIGLEC8,IL5RA	CLC,RNASE2,RNASE3	S100A8,CD3D,MS4A1	-0.753025042626894	0.2477347626153267	2.001519610484441	1.0	0.21354863233992122	9.0
infection_study_01	Myeloid_lineage	Myeloid_lineage:26	Basophil	terminal	88	MS4A2,CPA3,HDC,GATA2,IL3RA,KIT	MS4A2,CPA3,HDC	CD3D,MS4A1,LST1	-0.2987977775434653	0.0022901369992530704	0.6021758290854368	1.0	0.6572373880329224	6.0
infection_study_01	Myeloid_lineage	Myeloid_lineage:26	Mast Cell	terminal	88	TPSAB1,TPSB2,CPA3,KIT,MS4A2,HDC	TPSAB1,TPSB2,CPA3	CD3D,MS4A1,LST1	-0.3010879145427184	0.0	0.6021758290854368	1.0	0.6813493687821267	5.0
infection_study_01	Myeloid_lineage	Myeloid_lineage:26	DC	parent	88	HLA-DRA,CD74,CST3,FCER1A,CD1C,CLEC4C	HLA-DRA,CD74	CD3D,MS4A1,S100A8	0.10053466305588231	1.101294468298103	2.001519610484441	1.0	0.10940834356166139	12.0
infection_study_01	Myeloid_lineage	Myeloid_lineage:26	Plasmacytoid DC	terminal	88	LILRA4,CLEC4C,IL3RA,TCF4,IRF7,GZMB,JCHAIN,SPIB	LILRA4,CLEC4C,IL3RA,TCF4	CD3D,MS4A1,CD1C,FCN1,S100A8	-0.7159279047342187	0.1233351004140621	1.6785260102965613	1.0	0.1164871943643632	10.0
infection_study_01	Myeloid_lineage	Myeloid_lineage:26	Conventional DC 1	terminal	88	CLEC9A,XCR1,BATF3,CADM1,IRF8,C1orf54	CLEC9A,XCR1,BATF3	CD1C,FCER1A,CLEC4C,S100A8	-0.7087485125909248	0.04182134134074053	1.5011397078633308	1.0	0.03406326094327514	14.0
infection_study_01	Myeloid_lineage	Myeloid_lineage:26	Conventional DC 2	terminal	88	CD1C,FCER1A,CLEC10A,CST3,HLA-DRA,CD74	CD1C,FCER1A,CLEC10A	CLEC4C,LILRA4,S100A8,S100A9	-0.3563117364590819	1.1054489074105567	2.923521287739277	1.0	0.0885313356882544	13.0
infection_study_01	Myeloid_lineage	Myeloid_lineage:27	Myeloid Cell	parent	85	LYZ,LST1,TYROBP,CST3,FCER1G	LYZ,LST1	CD3D,CD79A,MS4A1,NKG7	3.1513994679380866	3.272129480418037	0.2414600249599008	1.0	0.9487526787423336	2.0
infection_study_01	Myeloid_lineage	Myeloid_lineage:27	Monocyte	parent	85	LYZ,LST1,FCN1,S100A8,S100A9,MS4A7,FCGR3A	LYZ,LST1	CD3D,MS4A1,CLEC4C	2.856179785169139	2.8816949909474667	0.05103041155665529	1.0	0.8434306988162437	3.0
infection_study_01	Myeloid_lineage	Myeloid_lineage:27	Classical Monocyte	terminal	85	LYZ,LST1,FCN1,VCAN,S100A8,S100A9,CTSS,LGALS3	FCN1,VCAN,S100A8	FCGR3A,MS4A7,CD1C,CLEC4C	2.7926197687492653	3.079419732006157	0.5735999265137841	1.0	0.6534717556190259	4.0
infection_study_01	Myeloid_lineage	Myeloid_lineage:27	Non-Classical Monocyte	terminal	85	FCGR3A,MS4A7,CX3CR1,LST1,IFITM3,RHOC	FCGR3A,MS4A7,CX3CR1	S100A8,S100A9,VCAN,CD1C	0.08927987042595356	1.41499046402819	2.6514211872044733	1.0	0.4719027469185329	9.0
infection_study_01	Myeloid_lineage	Myeloid_lineage:27	Intermediate Monocyte	terminal	85	FCN1,LST1,MS4A7,HLA-DRA,CD74,S100A8	FCN1,MS4A7,HLA-DRA	CD1C,CLEC4C,NKG7	2.8582439611355466	2.9971793397968893	0.2778707573226854	1.0	1.0	1.0
infection_study_01	Myeloid_lineage	Myeloid_lineage:27	Granulocyte	parent	85	S100A8,S100A9,CSF3R,FCGR3B	S100A8,S100A9	CD3D,MS4A1	2.3429662956910975	2.3812391043585888	0.07654561733498293	1.0	0.6185423064870873	6.0
infection_study_01	Myeloid_lineage	Myeloid_lineage:27	Neutrophil	terminal	85	S100A8,S100A9,FCGR3B,CSF3R,CXCR2,NAMPT	S100A8,S100A9,FCGR3B	CD3D,MS4A1,CD79A	1.8962321945265224	1.9227612483150816	0.05305810757711822	1.0	0.6344320161914259	5.0
infection_study_01	Myeloid_lineage	Myeloid_lineage:27	Eosinophil	terminal	85	CLC,RNASE2,RNASE3,PRG2,SIGLEC8,IL5RA	CLC,RNASE2,RNASE3	S100A8,CD3D,MS4A1	-0.6731201468729505	0.11969174573234484	1.5856237852105908	1.0	0.3197538556317252	14.0
infection_study_01	Myeloid_lineage	Myeloid_lineage:27	Basophil	terminal	85	MS4A2,CPA3,HDC,GATA2,IL3RA,KIT	MS4A2,CPA3,HDC	CD3D,MS4A1,LST1	-0.38462255895137787	0.010206071769489962	0.7896572614417355	1.0	0.4229741844181251	11.0
infection_study_01	Myeloid_lineage	Myeloid_lineage:27	Mast Cell	terminal	85	TPSAB1,TPSB2,CPA3,KIT,MS4A2,HDC	TPSAB1,TPSB2,CPA3	CD3D,MS4A1,LST1	-0.39482863072086777	0.0	0.7896572614417355	1.0	0.4451848997903924	10.0
infection_study_01	Myeloid_lineage	Myeloid_lineage:27	DC	parent	85	HLA-DRA,CD74,CST3,FCER1A,CD1C,CLEC4C	HLA-DRA,CD74	CD3D,MS4A1,S100A8	1.0742859565159855	1.8670978491212806	1.5856237852105908	1.0	0.5307888358947834	8.0
infection_study_01	Myeloid_lineage	Myeloid_lineage:27	Plasmacytoid DC	terminal	85	LILRA4,CLEC4C,IL3RA,TCF4,IRF7,GZMB,JCHAIN,SPIB	LILRA4,CLEC4C,IL3RA,TCF4	CD3D,MS4A1,CD1C,FCN1,S100A8	-0.571214648423826	0.15343493008438278	1.4492991570164175	1.0	0.3361682991007133	13.0
infection_study_01	Myeloid_lineage	Myeloid_lineage:27	Conventional DC 1	terminal	85	CLEC9A,XCR1,BATF3,CADM1,IRF8,C1orf54	CLEC9A,XCR1,BATF3	CD1C,FCER1A,CLEC4C,S100A8	-0.4277429603770667	0.151097866600635	1.1576816539554036	1.0	0.40225370308090075	12.0
infection_study_01	Myeloid_lineage	Myeloid_lineage:27	Conventional DC 2	terminal	85	CD1C,FCER1A,CLEC10A,CST3,HLA-DRA,CD74	CD1C,FCER1A,CLEC10A	CLEC4C,LILRA4,S100A8,S100A9	0.8465263982321702	1.9916765722573975	2.290300348050454	1.0	0.6037881958148242	7.0
infection_study_01	Myeloid_lineage	Myeloid_lineage:28	Myeloid Cell	parent	83	LYZ,LST1,TYROBP,CST3,FCER1G	LYZ,LST1	CD3D,CD79A,MS4A1,NKG7	1.947803397386907	1.9612605367798401	0.026914278785866427	1.0	0.0	9.0
infection_study_01	Myeloid_lineage	Myeloid_lineage:28	Monocyte	parent	83	LYZ,LST1,FCN1,S100A8,S100A9,MS4A7,FCGR3A	LYZ,LST1	CD3D,MS4A1,CLEC4C	2.414853092930609	2.414853092930609	0.0	1.0	0.6007840749763772	3.0
infection_study_01	Myeloid_lineage	Myeloid_lineage:28	Classical Monocyte	terminal	83	LYZ,LST1,FCN1,VCAN,S100A8,S100A9,CTSS,LGALS3	FCN1,VCAN,S100A8	FCGR3A,MS4A7,CD1C,CLEC4C	2.2362529445125396	2.3278082041855317	0.1831105193459844	1.0	0.39529154182268617	6.0
infection_study_01	Myeloid_lineage	Myeloid_lineage:28	Non-Classical Monocyte	terminal	83	FCGR3A,MS4A7,CX3CR1,LST1,IFITM3,RHOC	FCGR3A,MS4A7,CX3CR1	S100A8,S100A9,VCAN,CD1C	-0.6083826403541259	0.8421415870926946	2.901048454893641	1.0	0.1866494197859	8.0
infection_study_01	Myeloid_lineage	Myeloid_lineage:28	Intermediate Monocyte	terminal	83	FCN1,LST1,MS4A7,HLA-DRA,CD74,S100A8	FCN1,MS4A7,HLA-DRA	CD1C,CLEC4C,NKG7	1.493612412468018	1.5115552649919288	0.0358857050478219	1.0	0.0	10.0
infection_study_01	Myeloid_lineage	Myeloid_lineage:28	Granulocyte	parent	83	S100A8,S100A9,CSF3R,FCGR3B	S100A8,S100A9	CD3D,MS4A1	4.391869068145752	4.391869068145752	0.0	1.0	1.0	1.0
infection_study_01	Myeloid_lineage	Myeloid_lineage:28	Neutrophil	terminal	83	S100A8,S100A9,FCGR3B,CSF3R,CXCR2,NAMPT	S100A8,S100A9,FCGR3B	CD3D,MS4A1,CD79A	3.9099826657149683	3.9099826657149683	0.0	1.0	1.0	2.0
infection_study_01	Myeloid_lineage	Myeloid_lineage:28	Eosinophil	terminal	83	CLC,RNASE2,RNASE3,PRG2,SIGLEC8,IL5RA	CLC,RNASE2,RNASE3	S100A8,CD3D,MS4A1	-0.9983997541259091	0.0034093751486046725	2.0036182585490274	1.0	0.0	11.0
infection_study_01	Myeloid_lineage	Myeloid_lineage:28	Basophil	terminal	83	MS4A2,CPA3,HDC,GATA2,IL3RA,KIT	MS4A2,CPA3,HDC	CD3D,MS4A1,LST1	-0.3452779983420927	0.003473795082674448	0.6975035868495343	1.0	0.5303672084602225	5.0
infection_study_01	Myeloid_lineage	Myeloid_lineage:28	Mast Cell	terminal	83	TPSAB1,TPSB2,CPA3,KIT,MS4A2,HDC	TPSAB1,TPSB2,CPA3	CD3D,MS4A1,LST1	-0.3452779983420927	0.003473795082674448	0.6975035868495343	1.0	0.570019648883826	4.0
infection_study_01	Myeloid_lineage	Myeloid_lineage:28	DC	parent	83	HLA-DRA,CD74,CST3,FCER1A,CD1C,CLEC4C	HLA-DRA,CD74	CD3D,MS4A1,S100A8	-0.8882246185019312	0.1135845107725825	2.0036182585490274	1.0	0.0	12.0
infection_study_01	Myeloid_lineage	Myeloid_lineage:28	Plasmacytoid DC	terminal	83	LILRA4,CLEC4C,IL3RA,TCF4,IRF7,GZMB,JCHAIN,SPIB	LILRA4,CLEC4C,IL3RA,TCF4	CD3D,MS4A1,CD1C,FCN1,S100A8	-0.6479875926870897	0.02511475441685642	1.3462046942078922	1.0	0.2196235841269767	7.0
infection_study_01	Myeloid_lineage	Myeloid_lineage:28	Conventional DC 1	terminal	83	CLEC9A,XCR1,BATF3,CADM1,IRF8,C1orf54	CLEC9A,XCR1,BATF3	CD1C,FCER1A,CLEC4C,S100A8	-0.7469828474713137	0.004373999484571587	1.5027136939117707	1.0	0.0	13.0
infection_study_01	Myeloid_lineage	Myeloid_lineage:28	Conventional DC 2	terminal	83	CD1C,FCER1A,CLEC10A,CST3,HLA-DRA,CD74	CD1C,FCER1A,CLEC10A	CLEC4C,LILRA4,S100A8,S100A9	-1.3173489367148004	0.1135845107725825	2.861866894974766	1.0	0.0	14.0
infection_study_01	Myeloid_lineage	Myeloid_lineage:29	Myeloid Cell	parent	82	LYZ,LST1,TYROBP,CST3,FCER1G	LYZ,LST1	CD3D,CD79A,MS4A1,NKG7	1.7893069668877415	1.8502065790862572	0.12179922439703127	1.0	0.0	9.0
infection_study_01	Myeloid_lineage	Myeloid_lineage:29	Monocyte	parent	82	LYZ,LST1,FCN1,S100A8,S100A9,MS4A7,FCGR3A	LYZ,LST1	CD3D,MS4A1,CLEC4C	0.3341284473442865	0.5007899520912237	0.3333230094938743	1.0	0.0	10.0
infection_study_01	Myeloid_lineage	Myeloid_lineage:29	Classical Monocyte	terminal	82	LYZ,LST1,FCN1,VCAN,S100A8,S100A9,CTSS,LGALS3	FCN1,VCAN,S100A8	FCGR3A,MS4A7,CD1C,CLEC4C	0.5354493320351694	0.684209761959387	0.29752085984843535	1.0	0.0	11.0
infection_study_01	Myeloid_lineage	Myeloid_lineage:29	Non-Classical Monocyte	terminal	82	FCGR3A,MS4A7,CX3CR1,LST1,IFITM3,RHOC	FCGR3A,MS4A7,CX3CR1	S100A8,S100A9,VCAN,CD1C	-2.8190452878070843e-05	0.24282375686779256	0.4857038946413412	1.0	0.43538735285362096	8.0
infection_study_01	Myeloid_lineage	Myeloid_lineage:29	Intermediate Monocyte	terminal	82	FCN1,LST1,MS4A7,HLA-DRA,CD74,S100A8	FCN1,MS4A7,HLA-DRA	CD1C,CLEC4C,NKG7	1.4625728377481786	1.6711709969412019	0.41719631838604687	1.0	0.0	12.0
infection_study_01	Myeloid_lineage	Myeloid_lineage:29	Granulocyte	parent	82	S100A8,S100A9,CSF3R,FCGR3B	S100A8,S100A9	CD3D,MS4A1	0.46491988502988	0.4741033004006235	0.018366830741486897	1.0	0.0	13.0
infection_study_01	Myeloid_lineage	Myeloid_lineage:29	Neutrophil	terminal	82	S100A8,S100A9,FCGR3B,CSF3R,CXCR2,NAMPT	S100A8,S100A9,FCGR3B	CD3D,MS4A1,CD79A	0.35725294126243123	0.3918803009560438	0.06925471938722501	1.0	0.0	14.0
infection_study_01	Myeloid_lineage	Myeloid_lineage:29	Eosinophil	terminal	82	CLC,RNASE2,RNASE3,PRG2,SIGLEC8,IL5RA	CLC,RNASE2,RNASE3	S100A8,CD3D,MS4A1	-0.12237967211541122	0.012362157426229337	0.2694836590832811	1.0	1.0	1.0
infection_study_01	Myeloid_lineage	Myeloid_lineage:29	Basophil	terminal	82	MS4A2,CPA3,HDC,GATA2,IL3RA,KIT	MS4A2,CPA3,HDC	CD3D,MS4A1,LST1	0.13993551975827875	0.24861669419257623	0.21736234886859493	1.0	1.0	2.0
infection_study_01	Myeloid_lineage	Myeloid_lineage:29	Mast Cell	terminal	82	TPSAB1,TPSB2,CPA3,KIT,MS4A2,HDC	TPSAB1,TPSB2,CPA3	CD3D,MS4A1,LST1	-0.10868117443429746	0.0	0.21736234886859493	1.0	1.0	3.0
infection_study_01	Myeloid_lineage	Myeloid_lineage:29	DC	parent	82	HLA-DRA,CD74,CST3,FCER1A,CD1C,CLEC4C	HLA-DRA,CD74	CD3D,MS4A1,S100A8	1.9837810600676187	2.1185228896092596	0.2694836590832811	1.0	0.9243631469977174	6.0
infection_study_01	Myeloid_lineage	Myeloid_lineage:29	Plasmacytoid DC	terminal	82	LILRA4,CLEC4C,IL3RA,TCF4,IRF7,GZMB,JCHAIN,SPIB	LILRA4,CLEC4C,IL3RA,TCF4	CD3D,MS4A1,CD1C,FCN1,S100A8	1.8791357634271064	1.9867546051377203	0.21523768342122798	1.0	1.0	4.0
infection_study_01	Myeloid_lineage	Myeloid_lineage:29	Conventional DC 1	terminal	82	CLEC9A,XCR1,BATF3,CADM1,IRF8,C1orf54	CLEC9A,XCR1,BATF3	CD1C,FCER1A,CLEC4C,S100A8	0.11202022854269035	0.39666881515243185	0.569297173219483	1.0	1.0	5.0
infection_study_01	Myeloid_lineage	Myeloid_lineage:29	Conventional DC 2	terminal	82	CD1C,FCER1A,CLEC10A,CST3,HLA-DRA,CD74	CD1C,FCER1A,CLEC10A	CLEC4C,LILRA4,S100A8,S100A9	1.3909338763574275	1.959188225610954	1.1365086985070532	1.0	0.8369947094079823	7.0
infection_study_01	Myeloid_lineage	Myeloid_lineage:30	Myeloid Cell	parent	73	LYZ,LST1,TYROBP,CST3,FCER1G	LYZ,LST1	CD3D,CD79A,MS4A1,NKG7	2.8762195670543464	2.936857725496161	0.12127631688362932	1.0	0.6983834623036901	5.0
infection_study_01	Myeloid_lineage	Myeloid_lineage:30	Monocyte	parent	73	LYZ,LST1,FCN1,S100A8,S100A9,MS4A7,FCGR3A	LYZ,LST1	CD3D,MS4A1,CLEC4C	2.790587144792663	2.8060247326842025	0.030875175783078964	1.0	0.8073670910263661	2.0
infection_study_01	Myeloid_lineage	Myeloid_lineage:30	Classical Monocyte	terminal	73	LYZ,LST1,FCN1,VCAN,S100A8,S100A9,CTSS,LGALS3	FCN1,VCAN,S100A8	FCGR3A,MS4A7,CD1C,CLEC4C	3.1316884456278933	3.241519486557131	0.2196620818584749	1.0	0.8108154714458325	1.0
infection_study_01	Myeloid_lineage	Myeloid_lineage:30	Non-Classical Monocyte	terminal	73	FCGR3A,MS4A7,CX3CR1,LST1,IFITM3,RHOC	FCGR3A,MS4A7,CX3CR1	S100A8,S100A9,VCAN,CD1C	-0.8138455459040052	0.7374214312257288	3.1025339542594677	1.0	0.10264178499854655	14.0
infection_study_01	Myeloid_lineage	Myeloid_lineage:30	Intermediate Monocyte	terminal	73	FCN1,LST1,MS4A7,HLA-DRA,CD74,S100A8	FCN1,MS4A7,HLA-DRA	CD1C,CLEC4C,NKG7	2.3952380293920705	2.4667648622366394	0.1430536656891374	1.0	0.651472306861087	6.0
infection_study_01	Myeloid_lineage	Myeloid_lineage:30	Granulocyte	parent	73	S100A8,S100A9,CSF3R,FCGR3B	S100A8,S100A9	CD3D,MS4A1	2.741113368983138	2.762892212055317	0.04355768614435849	1.0	0.7781627318053793	4.0
infection_study_01	Myeloid_lineage	Myeloid_lineage:30	Neutrophil	terminal	73	S100A8,S100A9,FCGR3B,CSF3R,CXCR2,NAMPT	S100A8,S100A9,FCGR3B	CD3D,MS4A1,CD79A	2.1779121478942978	2.192431376609084	0.029038457429572326	1.0	0.7815011515337316	3.0
infection_study_01	Myeloid_lineage	Myeloid_lineage:30	Eosinophil	terminal	73	CLC,RNASE2,RNASE3,PRG2,SIGLEC8,IL5RA	CLC,RNASE2,RNASE3	S100A8,CD3D,MS4A1	-0.7504470078232082	0.09739567264574303	1.6956853609379021	1.0	0.21697521539714243	12.0
infection_study_01	Myeloid_lineage	Myeloid_lineage:30	Basophil	terminal	73	MS4A2,CPA3,HDC,GATA2,IL3RA,KIT	MS4A2,CPA3,HDC	CD3D,MS4A1,LST1	-0.3635782166022688	0.005971839438834691	0.739100112082207	1.0	0.48041581113474535	8.0
infection_study_01	Myeloid_lineage	Myeloid_lineage:30	Mast Cell	terminal	73	TPSAB1,TPSB2,CPA3,KIT,MS4A2,HDC	TPSAB1,TPSB2,CPA3	CD3D,MS4A1,LST1	-0.3695500560411035	0.0	0.739100112082207	1.0	0.5088701521493453	7.0
infection_study_01	Myeloid_lineage	Myeloid_lineage:30	DC	parent	73	HLA-DRA,CD74,CST3,FCER1A,CD1C,CLEC4C	HLA-DRA,CD74	CD3D,MS4A1,S100A8	0.38600405050467135	1.2338467309736225	1.6956853609379021	1.0	0.23294217795767608	10.0
infection_study_01	Myeloid_lineage	Myeloid_lineage:30	Plasmacytoid DC	terminal	73	LILRA4,CLEC4C,IL3RA,TCF4,IRF7,GZMB,JCHAIN,SPIB	LILRA4,CLEC4C,IL3RA,TCF4	CD3D,MS4A1,CD1C,FCN1,S100A8	-0.6859091626403675	0.07617538894386325	1.5241691031684614	1.0	0.16205696864840174	13.0
infection_study_01	Myeloid_lineage	Myeloid_lineage:30	Conventional DC 1	terminal	73	CLEC9A,XCR1,BATF3,CADM1,IRF8,C1orf54	CLEC9A,XCR1,BATF3	CD1C,FCER1A,CLEC4C,S100A8	-0.5688746235244078	0.061751455476839245	1.2612521580024942	1.0	0.21733447623839525	11.0
infection_study_01	Myeloid_lineage	Myeloid_lineage:30	Conventional DC 2	terminal	73	CD1C,FCER1A,CLEC10A,CST3,HLA-DRA,CD74	CD1C,FCER1A,CLEC10A	CLEC4C,LILRA4,S100A8,S100A9	-0.004068959946637831	1.236652911185674	2.4814437422646236	1.0	0.23942072121197974	9.0
infection_study_01	Myeloid_lineage	Myeloid_lineage:31	Myeloid Cell	parent	49	LYZ,LST1,TYROBP,CST3,FCER1G	LYZ,LST1	CD3D,CD79A,MS4A1,NKG7	2.5343601187729106	2.836049712920675	0.6033791882955298	1.0	0.3873466390346419	9.0
infection_study_01	Myeloid_lineage	Myeloid_lineage:31	Monocyte	parent	49	LYZ,LST1,FCN1,S100A8,S100A9,MS4A7,FCGR3A	LYZ,LST1	CD3D,MS4A1,CLEC4C	2.373706747407584	2.5322287287725995	0.31704396273003144	1.0	0.5781613286070859	3.0
infection_study_01	Myeloid_lineage	Myeloid_lineage:31	Classical Monocyte	terminal	49	LYZ,LST1,FCN1,VCAN,S100A8,S100A9,CTSS,LGALS3	FCN1,VCAN,S100A8	FCGR3A,MS4A7,CD1C,CLEC4C	2.730322683990306	2.9070171867782366	0.3533890055758612	1.0	0.6245629962155116	2.0
infection_study_01	Myeloid_lineage	Myeloid_lineage:31	Non-Classical Monocyte	terminal	49	FCGR3A,MS4A7,CX3CR1,LST1,IFITM3,RHOC	FCGR3A,MS4A7,CX3CR1	S100A8,S100A9,VCAN,CD1C	-0.31109032634214884	0.9182795043401167	2.458739661364531	1.0	0.30820335222818385	11.0
infection_study_01	Myeloid_lineage	Myeloid_lineage:31	Intermediate Monocyte	terminal	49	FCN1,LST1,MS4A7,HLA-DRA,CD74,S100A8	FCN1,MS4A7,HLA-DRA	CD1C,CLEC4C,NKG7	2.609781387205026	2.660966867492312	0.10237096057457179	1.0	0.8597670750515528	1.0
infection_study_01	Myeloid_lineage	Myeloid_lineage:31	Granulocyte	parent	49	S100A8,S100A9,CSF3R,FCGR3B	S100A8,S100A9	CD3D,MS4A1	1.951406190894088	2.1891891629416116	0.47556594409504716	1.0	0.4615626508322304	6.0
infection_study_01	Myeloid_lineage	Myeloid_lineage:31	Neutrophil	terminal	49	S100A8,S100A9,FCGR3B,CSF3R,CXCR2,NAMPT	S100A8,S100A9,FCGR3B	CD3D,MS4A1,CD79A	1.392806806937367	1.7645788102531108	0.7435440066314879	1.0	0.37158641579673246	10.0
infection_study_01	Myeloid_lineage	Myeloid_lineage:31	Eosinophil	terminal	49	CLC,RNASE2,RNASE3,PRG2,SIGLEC8,IL5RA	CLC,RNASE2,RNASE3	S100A8,CD3D,MS4A1	-0.7089846985173873	0.05416244151843648	1.5262942800716475	1.0	0.27208465239057256	12.0
infection_study_01	Myeloid_lineage	Myeloid_lineage:31	Basophil	terminal	49	MS4A2,CPA3,HDC,GATA2,IL3RA,KIT	MS4A2,CPA3,HDC	CD3D,MS4A1,LST1	-0.5242957682633885	0.007599667626984267	1.0637908717807456	1.0	0.041728896800356415	14.0
infection_study_01	Myeloid_lineage	Myeloid_lineage:31	Mast Cell	terminal	49	TPSAB1,TPSB2,CPA3,KIT,MS4A2,HDC	TPSAB1,TPSB2,CPA3	CD3D,MS4A1,LST1	-0.5318954358903728	0.0	1.0637908717807456	1.0	0.09986740511997025	13.0
infection_study_01	Myeloid_lineage	Myeloid_lineage:31	DC	parent	49	HLA-DRA,CD74,CST3,FCER1A,CD1C,CLEC4C	HLA-DRA,CD74	CD3D,MS4A1,S100A8	0.866096854919479	1.6292439949553028	1.5262942800716475	1.0	0.4406972214154845	7.0
infection_study_01	Myeloid_lineage	Myeloid_lineage:31	Plasmacytoid DC	terminal	49	LILRA4,CLEC4C,IL3RA,TCF4,IRF7,GZMB,JCHAIN,SPIB	LILRA4,CLEC4C,IL3RA,TCF4	CD3D,MS4A1,CD1C,FCN1,S100A8	-0.5243873359521434	0.20011440272994188	1.4490034773641702	1.0	0.4072542244533218	8.0
infection_study_01	Myeloid_lineage	Myeloid_lineage:31	Conventional DC 1	terminal	49	CLEC9A,XCR1,BATF3,CADM1,IRF8,C1orf54	CLEC9A,XCR1,BATF3	CD1C,FCER1A,CLEC4C,S100A8	-0.348985106665261	0.12468247206843627	0.9473351574673945	1.0	0.5054469985567548	5.0
infection_study_01	Myeloid_lineage	Myeloid_lineage:31	Conventional DC 2	terminal	49	CD1C,FCER1A,CLEC10A,CST3,HLA-DRA,CD74	CD1C,FCER1A,CLEC10A	CLEC4C,LILRA4,S100A8,S100A9	0.6720034868082626	1.6416126127247095	1.939218251832894	1.0	0.5290282387042925	4.0
infection_study_01	Myeloid_lineage	Myeloid_lineage:32	Myeloid Cell	parent	34	LYZ,LST1,TYROBP,CST3,FCER1G	LYZ,LST1	CD3D,CD79A,MS4A1,NKG7	2.215845781389405	2.2376678649116966	0.04364416704458349	1.0	0.09755009205182374	10.0
infection_study_01	Myeloid_lineage	Myeloid_lineage:32	Monocyte	parent	34	LYZ,LST1,FCN1,S100A8,S100A9,MS4A7,FCGR3A	LYZ,LST1	CD3D,MS4A1,CLEC4C	0.8716607234057259	0.8956315236933091	0.047941600575166596	1.0	0.0	11.0
infection_study_01	Myeloid_lineage	Myeloid_lineage:32	Classical Monocyte	terminal	34	LYZ,LST1,FCN1,VCAN,S100A8,S100A9,CTSS,LGALS3	FCN1,VCAN,S100A8	FCGR3A,MS4A7,CD1C,CLEC4C	0.9922311691129032	1.0476937029949005	0.11092506776399472	1.0	0.0	12.0
infection_study_01	Myeloid_lineage	Myeloid_lineage:32	Non-Classical Monocyte	terminal	34	FCGR3A,MS4A7,CX3CR1,LST1,IFITM3,RHOC	FCGR3A,MS4A7,CX3CR1	S100A8,S100A9,VCAN,CD1C	0.2412127147008683	0.36842688421408337	0.2544283390264301	1.0	0.5340235412287853	8.0
infection_study_01	Myeloid_lineage	Myeloid_lineage:32	Intermediate Monocyte	terminal	34	FCN1,LST1,MS4A7,HLA-DRA,CD74,S100A8	FCN1,MS4A7,HLA-DRA	CD1C,CLEC4C,NKG7	1.9266083105375955	1.972104171473606	0.09099172187202119	1.0	0.19649145986111782	9.0
infection_study_01	Myeloid_lineage	Myeloid_lineage:32	Granulocyte	parent	34	S100A8,S100A9,CSF3R,FCGR3B	S100A8,S100A9	CD3D,MS4A1	0.25312969877439384	0.26474657238406296	0.023233747219338137	1.0	0.0	13.0
infection_study_01	Myeloid_lineage	Myeloid_lineage:32	Neutrophil	terminal	34	S100A8,S100A9,FCGR3B,CSF3R,CXCR2,NAMPT	S100A8,S100A9,FCGR3B	CD3D,MS4A1,CD79A	0.27426043912476183	0.2820050215312079	0.015489164812892094	1.0	0.0	14.0
infection_study_01	Myeloid_lineage	Myeloid_lineage:32	Eosinophil	terminal	34	CLC,RNASE2,RNASE3,PRG2,SIGLEC8,IL5RA	CLC,RNASE2,RNASE3	S100A8,CD3D,MS4A1	-0.06260729332764944	0.0020294351612820346	0.1292734569778629	1.0	1.0	1.0
infection_study_01	Myeloid_lineage	Myeloid_lineage:32	Basophil	terminal	34	MS4A2,CPA3,HDC,GATA2,IL3RA,KIT	MS4A2,CPA3,HDC	CD3D,MS4A1,LST1	-0.14825959313733905	0.010546545918081322	0.3176122781108408	1.0	1.0	2.0
infection_study_01	Myeloid_lineage	Myeloid_lineage:32	Mast Cell	terminal	34	TPSAB1,TPSB2,CPA3,KIT,MS4A2,HDC	TPSAB1,TPSB2,CPA3	CD3D,MS4A1,LST1	-0.15018583016068326	0.008620308894737095	0.3176122781108408	1.0	1.0	3.0
infection_study_01	Myeloid_lineage	Myeloid_lineage:32	DC	parent	34	HLA-DRA,CD74,CST3,FCER1A,CD1C,CLEC4C	HLA-DRA,CD74	CD3D,MS4A1,S100A8	2.42074649145498	2.4853832199439116	0.1292734569778629	1.0	1.0	4.0
infection_study_01	Myeloid_lineage	Myeloid_lineage:32	Plasmacytoid DC	terminal	34	LILRA4,CLEC4C,IL3RA,TCF4,IRF7,GZMB,JCHAIN,SPIB	LILRA4,CLEC4C,IL3RA,TCF4	CD3D,MS4A1,CD1C,FCN1,S100A8	0.05293099038741168	0.11585111543536186	0.12584025009590039	1.0	1.0	5.0
infection_study_01	Myeloid_lineage	Myeloid_lineage:32	Conventional DC 1	terminal	34	CLEC9A,XCR1,BATF3,CADM1,IRF8,C1orf54	CLEC9A,XCR1,BATF3	CD1C,FCER1A,CLEC4C,S100A8	1.314937530359363	1.3757148889057778	0.1215547170928296	1.0	1.0	6.0
infection_study_01	Myeloid_lineage	Myeloid_lineage:32	Conventional DC 2	terminal	34	CD1C,FCER1A,CLEC10A,CST3,HLA-DRA,CD74	CD1C,FCER1A,CLEC10A	CLEC4C,LILRA4,S100A8,S100A9	2.3422505634964677	2.469157002062774	0.25381287713261214	1.0	1.0	7.0
