study	lineage	subcluster	candidate_label	marker_role	n_cells	positive_genes_present	key_genes_present	negative_genes_present	marker_score_mean	positive_mean	negative_mean	key_gene_present_fraction	marker_score_scaled	rank_within_subcluster
infection_study_01	T_NK_lineage	T_NK_lineage:0	NK Cell	terminal	1634	NKG7,GNLY,KLRD1,FCGR3A,PRF1,GZMB,GZMH,TYROBP	NKG7,GNLY,KLRD1	CD3D,CD3E,TRAC,MS4A1,LST1	-0.4152626147313611	0.04334964669301577	0.9172245228487538	1.0	7.137343050680972e-06	9.0
infection_study_01	T_NK_lineage	T_NK_lineage:0	T Cell	parent	1634	CD3D,CD3E,CD247,TRAC,LCK	CD3D,CD3E,TRAC	MS4A1,CD79A,LST1,S100A8	1.1548120521578933	1.2033132598369474	0.09700241535810829	1.0	0.5725519354853719	6.0
infection_study_01	T_NK_lineage	T_NK_lineage:0	CD4 T Cell (ab)	parent	1634	CD3D,CD3E,TRAC,CD4,IL7R	CD3D,CD3E,CD4	CD8A,CD8B,MS4A1,LST1	1.214047627626591	1.3076741947173487	0.18725313418151554	1.0	0.8171471567629986	4.0
infection_study_01	T_NK_lineage	T_NK_lineage:0	CD4 Naive / T Central Memory	terminal	1634	CD3D,CD3E,CD4,IL7R,CCR7,SELL,TCF7,LEF1,LTB,MAL	CD4,CCR7,TCF7	NKG7,GNLY,GZMB,PRF1,FOXP3	1.233846480726758	1.2588502026574557	0.05000744386139523	1.0	1.0	1.0
infection_study_01	T_NK_lineage	T_NK_lineage:0	CD4 T Effector Memory	terminal	1634	CD3D,CD3E,CD4,IL7R,GZMK,CCL5,ANXA1,CXCR3,KLRB1	CD4,GZMK,CCL5	CCR7,TCF7,LEF1,FOXP3	0.25437909089242633	0.6841482125454722	0.8595382433060916	1.0	0.0	10.0
infection_study_01	T_NK_lineage	T_NK_lineage:0	Treg	terminal	1634	CD3D,CD3E,CD4,FOXP3,IL2RA,CTLA4,IKZF2,TIGIT,TNFRSF18,CCR8	FOXP3,IL2RA,CTLA4	NKG7,GNLY,GZMB,CD8A	0.29557063402095063	0.34818265725524505	0.10522404646858884	1.0	0.9872832120092335	3.0
infection_study_01	T_NK_lineage	T_NK_lineage:0	CD8 T Cell (ab)	parent	1634	CD3D,CD3E,TRAC,CD8A,CD8B	CD3D,CD3E,CD8A	CD4,MS4A1,LST1	0.9415163566650588	1.0006673538115791	0.11830199429304052	1.0	0.44071319025511446	7.0
infection_study_01	T_NK_lineage	T_NK_lineage:0	CD8 Naive / T Central Memory	terminal	1634	CD3D,CD3E,CD8A,CD8B,CCR7,TCF7,LEF1,SELL,IL7R	CD8A,CCR7,TCF7	NKG7,GNLY,GZMB,PRF1	1.0806874305077732	1.1112848762531728	0.061194891490799125	1.0	1.0	2.0
infection_study_01	T_NK_lineage	T_NK_lineage:0	CD8 Cytotoxic / T Effector Memory	terminal	1634	CD3D,CD3E,CD8A,CD8B,NKG7,GNLY,PRF1,GZMB,GZMH,CCL5,CST7	CD8A,NKG7,GNLY	CCR7,TCF7,LEF1,MS4A1	-0.05362702810709264	0.37700035646135	0.8612547691368853	1.0	0.0	11.0
infection_study_01	T_NK_lineage	T_NK_lineage:0	ydT Cell	terminal	1634	CD3D,CD3E,TRDC,TRGC1,TRGC2,TRDV2	TRDC,TRGC1,TRGC2	MS4A1,LST1	0.4921550972593142	0.533629894998306	0.08294959547798374	1.0	0.3354143141514842	8.0
infection_study_01	T_NK_lineage	T_NK_lineage:0	MAIT Cell	terminal	1634	CD3D,CD3E,TRAV1-2,SLC4A10,KLRB1,DPP4,IL7R	SLC4A10,KLRB1	MS4A1,LST1	0.7153023236505602	0.7567771213895521	0.08294959547798374	1.0	0.6963670442668042	5.0
infection_study_01	T_NK_lineage	T_NK_lineage:0	NKT Cell	terminal	1634	CD3D,CD3E,TRAC,NKG7,GNLY,KLRD1,ZBTB16	CD3D,NKG7,ZBTB16	MS4A1,LST1	0.6218862939573215	0.6633610916963134	0.08294959547798374	1.0	0.0	12.0
infection_study_01	T_NK_lineage	T_NK_lineage:1	NK Cell	terminal	1571	NKG7,GNLY,KLRD1,FCGR3A,PRF1,GZMB,GZMH,TYROBP	NKG7,GNLY,KLRD1	CD3D,CD3E,TRAC,MS4A1,LST1	2.31010973270743	2.622027843853875	0.6238362222928897	1.0	0.854143884478089	4.0
infection_study_01	T_NK_lineage	T_NK_lineage:1	T Cell	parent	1571	CD3D,CD3E,CD247,TRAC,LCK	CD3D,CD3E,TRAC	MS4A1,CD79A,LST1,S100A8	1.1673034655922618	1.1894901824483137	0.044373433712103956	1.0	0.5866069492914855	5.0
infection_study_01	T_NK_lineage	T_NK_lineage:1	CD4 T Cell (ab)	parent	1571	CD3D,CD3E,TRAC,CD4,IL7R	CD3D,CD3E,CD4	CD8A,CD8B,MS4A1,LST1	0.569689348431092	0.6246007579743369	0.10982281908649005	1.0	0.34481791586570415	8.0
infection_study_01	T_NK_lineage	T_NK_lineage:1	CD4 Naive / T Central Memory	terminal	1571	CD3D,CD3E,CD4,IL7R,CCR7,SELL,TCF7,LEF1,LTB,MAL	CD4,CCR7,TCF7	NKG7,GNLY,GZMB,PRF1,FOXP3	-0.948424798758602	0.3485311996246279	2.5939119967664603	1.0	0.12980762595399817	12.0
infection_study_01	T_NK_lineage	T_NK_lineage:1	CD4 T Effector Memory	terminal	1571	CD3D,CD3E,CD4,IL7R,GZMK,CCL5,ANXA1,CXCR3,KLRB1	CD4,GZMK,CCL5	CCR7,TCF7,LEF1,FOXP3	1.0553408130567064	1.0847244020255031	0.05876717793759383	1.0	0.5830489526603051	6.0
infection_study_01	T_NK_lineage	T_NK_lineage:1	Treg	terminal	1571	CD3D,CD3E,CD4,FOXP3,IL2RA,CTLA4,IKZF2,TIGIT,TNFRSF18,CCR8	FOXP3,IL2RA,CTLA4	NKG7,GNLY,GZMB,CD8A	-1.0806952265229368	0.3200195635829588	2.8014295802117912	1.0	0.17228995551613768	10.0
infection_study_01	T_NK_lineage	T_NK_lineage:1	CD8 T Cell (ab)	parent	1571	CD3D,CD3E,TRAC,CD8A,CD8B	CD3D,CD3E,CD8A	CD4,MS4A1,LST1	0.6624636234497027	0.6780801724203829	0.031233097941359974	1.0	0.2772424106422335	9.0
infection_study_01	T_NK_lineage	T_NK_lineage:1	CD8 Naive / T Central Memory	terminal	1571	CD3D,CD3E,CD8A,CD8B,CCR7,TCF7,LEF1,SELL,IL7R	CD8A,CCR7,TCF7	NKG7,GNLY,GZMB,PRF1	-1.2079122838235463	0.4131987615634633	3.2422220907740193	1.0	0.1360273288379833	11.0
infection_study_01	T_NK_lineage	T_NK_lineage:1	CD8 Cytotoxic / T Effector Memory	terminal	1571	CD3D,CD3E,CD8A,CD8B,NKG7,GNLY,PRF1,GZMB,GZMH,CCL5,CST7	CD8A,NKG7,GNLY	CCR7,TCF7,LEF1,MS4A1	2.279592779412151	2.310401116909718	0.06161667499513401	1.0	0.9350077526354729	2.0
infection_study_01	T_NK_lineage	T_NK_lineage:1	ydT Cell	terminal	1571	CD3D,CD3E,TRDC,TRGC1,TRGC2,TRDV2	TRDC,TRGC1,TRGC2	MS4A1,LST1	0.8650144363775037	0.8860233770910657	0.04201788142712385	1.0	0.8974653336104816	3.0
infection_study_01	T_NK_lineage	T_NK_lineage:1	MAIT Cell	terminal	1571	CD3D,CD3E,TRAV1-2,SLC4A10,KLRB1,DPP4,IL7R	SLC4A10,KLRB1	MS4A1,LST1	0.5516916320515165	0.5727005727650784	0.04201788142712385	1.0	0.4166481563063468	7.0
infection_study_01	T_NK_lineage	T_NK_lineage:1	NKT Cell	terminal	1571	CD3D,CD3E,TRAC,NKG7,GNLY,KLRD1,ZBTB16	CD3D,NKG7,ZBTB16	MS4A1,LST1	1.898116151790809	1.9191250925043708	0.04201788142712385	1.0	0.9914551600514871	1.0
infection_study_01	T_NK_lineage	T_NK_lineage:2	NK Cell	terminal	1342	NKG7,GNLY,KLRD1,FCGR3A,PRF1,GZMB,GZMH,TYROBP	NKG7,GNLY,KLRD1	CD3D,CD3E,TRAC,MS4A1,LST1	2.7794049955149434	3.0408238059217902	0.5228376208136938	1.0	1.0	1.0
infection_study_01	T_NK_lineage	T_NK_lineage:2	T Cell	parent	1342	CD3D,CD3E,CD247,TRAC,LCK	CD3D,CD3E,TRAC	MS4A1,CD79A,LST1,S100A8	1.0900687714391866	1.1277265127742697	0.07531548267016645	1.0	0.49970447837928894	6.0
infection_study_01	T_NK_lineage	T_NK_lineage:2	CD4 T Cell (ab)	parent	1342	CD3D,CD3E,TRAC,CD4,IL7R	CD3D,CD3E,CD4	CD8A,CD8B,MS4A1,LST1	0.449089369504267	0.5037610515663414	0.10934336412414886	1.0	0.2564153945698548	8.0
infection_study_01	T_NK_lineage	T_NK_lineage:2	CD4 Naive / T Central Memory	terminal	1342	CD3D,CD3E,CD4,IL7R,CCR7,SELL,TCF7,LEF1,LTB,MAL	CD4,CCR7,TCF7	NKG7,GNLY,GZMB,PRF1,FOXP3	-1.1534671524064908	0.2745906041693581	2.8561155131516975	1.0	0.04430400437223893	11.0
infection_study_01	T_NK_lineage	T_NK_lineage:2	CD4 T Effector Memory	terminal	1342	CD3D,CD3E,CD4,IL7R,GZMK,CCL5,ANXA1,CXCR3,KLRB1	CD4,GZMK,CCL5	CCR7,TCF7,LEF1,FOXP3	1.034449336487423	1.058928160699793	0.04895764842473981	1.0	0.5631512928599429	5.0
infection_study_01	T_NK_lineage	T_NK_lineage:2	Treg	terminal	1342	CD3D,CD3E,CD4,FOXP3,IL2RA,CTLA4,IKZF2,TIGIT,TNFRSF18,CCR8	FOXP3,IL2RA,CTLA4	NKG7,GNLY,GZMB,CD8A	-1.1825283177929824	0.31559608531158123	2.996248806209127	1.0	0.1119867211976355	10.0
infection_study_01	T_NK_lineage	T_NK_lineage:2	CD8 T Cell (ab)	parent	1342	CD3D,CD3E,TRAC,CD8A,CD8B	CD3D,CD3E,CD8A	CD4,MS4A1,LST1	0.52416553015414	0.5512795145305542	0.054227968752828336	1.0	0.19622655077407983	9.0
infection_study_01	T_NK_lineage	T_NK_lineage:2	CD8 Naive / T Central Memory	terminal	1342	CD3D,CD3E,CD8A,CD8B,CCR7,TCF7,LEF1,SELL,IL7R	CD8A,CCR7,TCF7	NKG7,GNLY,GZMB,PRF1	-1.4622315194536113	0.3226739165107429	3.5698108719287083	1.0	0.03331670921847031	12.0
infection_study_01	T_NK_lineage	T_NK_lineage:2	CD8 Cytotoxic / T Effector Memory	terminal	1342	CD3D,CD3E,CD8A,CD8B,NKG7,GNLY,PRF1,GZMB,GZMH,CCL5,CST7	CD8A,NKG7,GNLY	CCR7,TCF7,LEF1,MS4A1	2.413075603291346	2.439583528039417	0.053015849496142166	1.0	0.9961639591388021	2.0
infection_study_01	T_NK_lineage	T_NK_lineage:2	ydT Cell	terminal	1342	CD3D,CD3E,TRDC,TRGC1,TRGC2,TRDV2	TRDC,TRGC1,TRGC2	MS4A1,LST1	0.7937208097215264	0.830616308210563	0.07379099697807329	1.0	0.789996775527189	4.0
infection_study_01	T_NK_lineage	T_NK_lineage:2	MAIT Cell	terminal	1342	CD3D,CD3E,TRAV1-2,SLC4A10,KLRB1,DPP4,IL7R	SLC4A10,KLRB1	MS4A1,LST1	0.46796146864640553	0.5048569671354421	0.07379099697807329	1.0	0.2734979259178462	7.0
infection_study_01	T_NK_lineage	T_NK_lineage:2	NKT Cell	terminal	1342	CD3D,CD3E,TRAC,NKG7,GNLY,KLRD1,ZBTB16	CD3D,NKG7,ZBTB16	MS4A1,LST1	1.8738359407110752	1.9107314392001118	0.07379099697807329	1.0	0.9718668049268795	3.0
infection_study_01	T_NK_lineage	T_NK_lineage:3	NK Cell	terminal	1327	NKG7,GNLY,KLRD1,FCGR3A,PRF1,GZMB,GZMH,TYROBP	NKG7,GNLY,KLRD1	CD3D,CD3E,TRAC,MS4A1,LST1	-0.41549035247300203	0.09698798058283625	1.0249566661116767	1.0	0.0	12.0
infection_study_01	T_NK_lineage	T_NK_lineage:3	T Cell	parent	1327	CD3D,CD3E,CD247,TRAC,LCK	CD3D,CD3E,TRAC	MS4A1,CD79A,LST1,S100A8	1.2184366778768851	1.2683657492294111	0.09985814270505172	1.0	0.6441407110541029	6.0
infection_study_01	T_NK_lineage	T_NK_lineage:3	CD4 T Cell (ab)	parent	1327	CD3D,CD3E,TRAC,CD4,IL7R	CD3D,CD3E,CD4	CD8A,CD8B,MS4A1,LST1	1.355727149784767	1.4758199882624106	0.2401856769552874	1.0	0.9210014615997636	4.0
infection_study_01	T_NK_lineage	T_NK_lineage:3	CD4 Naive / T Central Memory	terminal	1327	CD3D,CD3E,CD4,IL7R,CCR7,SELL,TCF7,LEF1,LTB,MAL	CD4,CCR7,TCF7	NKG7,GNLY,GZMB,PRF1,FOXP3	1.0604311228606964	1.1192955127517892	0.11772877978218527	1.0	0.9675099517348321	3.0
infection_study_01	T_NK_lineage	T_NK_lineage:3	CD4 T Effector Memory	terminal	1327	CD3D,CD3E,CD4,IL7R,GZMK,CCL5,ANXA1,CXCR3,KLRB1	CD4,GZMK,CCL5	CCR7,TCF7,LEF1,FOXP3	0.8128194572135929	1.0175479933698104	0.40945707231243483	1.0	0.35206444484509825	9.0
infection_study_01	T_NK_lineage	T_NK_lineage:3	Treg	terminal	1327	CD3D,CD3E,CD4,FOXP3,IL2RA,CTLA4,IKZF2,TIGIT,TNFRSF18,CCR8	FOXP3,IL2RA,CTLA4	NKG7,GNLY,GZMB,CD8A	0.30507089579484925	0.40795643582502167	0.20577108006034475	1.0	0.9929090503756569	1.0
infection_study_01	T_NK_lineage	T_NK_lineage:3	CD8 T Cell (ab)	parent	1327	CD3D,CD3E,TRAC,CD8A,CD8B	CD3D,CD3E,CD8A	CD4,MS4A1,LST1	1.0208174542127857	1.1139953523402657	0.18635579625495982	1.0	0.4871682530345198	7.0
infection_study_01	T_NK_lineage	T_NK_lineage:3	CD8 Naive / T Central Memory	terminal	1327	CD3D,CD3E,CD8A,CD8B,CCR7,TCF7,LEF1,SELL,IL7R	CD8A,CCR7,TCF7	NKG7,GNLY,GZMB,PRF1	0.8617642934834236	0.9351159718945371	0.14670335682222693	1.0	0.9718971093543469	2.0
infection_study_01	T_NK_lineage	T_NK_lineage:3	CD8 Cytotoxic / T Effector Memory	terminal	1327	CD3D,CD3E,CD8A,CD8B,NKG7,GNLY,PRF1,GZMB,GZMH,CCL5,CST7	CD8A,NKG7,GNLY	CCR7,TCF7,LEF1,MS4A1	0.29971677054432044	0.5071103973074907	0.4147872535263405	1.0	0.027911974088788434	11.0
infection_study_01	T_NK_lineage	T_NK_lineage:3	ydT Cell	terminal	1327	CD3D,CD3E,TRDC,TRGC1,TRGC2,TRDV2	TRDC,TRGC1,TRGC2	MS4A1,LST1	0.5235004467944409	0.5879441063792165	0.12888731916955115	1.0	0.3826645337736674	8.0
infection_study_01	T_NK_lineage	T_NK_lineage:3	MAIT Cell	terminal	1327	CD3D,CD3E,TRAV1-2,SLC4A10,KLRB1,DPP4,IL7R	SLC4A10,KLRB1	MS4A1,LST1	0.8160641611116491	0.8805078206964247	0.12888731916955115	1.0	0.8686356707728294	5.0
infection_study_01	T_NK_lineage	T_NK_lineage:3	NKT Cell	terminal	1327	CD3D,CD3E,TRAC,NKG7,GNLY,KLRD1,ZBTB16	CD3D,NKG7,ZBTB16	MS4A1,LST1	0.711591104540197	0.7760347641249725	0.12888731916955115	1.0	0.03421167013856193	10.0
infection_study_01	T_NK_lineage	T_NK_lineage:4	NK Cell	terminal	1327	NKG7,GNLY,KLRD1,FCGR3A,PRF1,GZMB,GZMH,TYROBP	NKG7,GNLY,KLRD1	CD3D,CD3E,TRAC,MS4A1,LST1	1.6726719319786714	2.398506051725297	1.4516682394932514	1.0	0.6543696957779512	9.0
infection_study_01	T_NK_lineage	T_NK_lineage:4	T Cell	parent	1327	CD3D,CD3E,CD247,TRAC,LCK	CD3D,CD3E,TRAC	MS4A1,CD79A,LST1,S100A8	1.6218080536193569	1.9862599719801428	0.7289038367215727	1.0	1.0	1.0
infection_study_01	T_NK_lineage	T_NK_lineage:4	CD4 T Cell (ab)	parent	1327	CD3D,CD3E,TRAC,CD4,IL7R	CD3D,CD3E,CD4	CD8A,CD8B,MS4A1,LST1	1.0604251446956157	1.5445304832605822	0.968210677129933	1.0	0.7045383906614145	8.0
infection_study_01	T_NK_lineage	T_NK_lineage:4	CD4 Naive / T Central Memory	terminal	1327	CD3D,CD3E,CD4,IL7R,CCR7,SELL,TCF7,LEF1,LTB,MAL	CD4,CCR7,TCF7	NKG7,GNLY,GZMB,PRF1,FOXP3	-0.6380506940483598	0.6306026191687171	2.537306626434154	1.0	0.2592350809445643	11.0
infection_study_01	T_NK_lineage	T_NK_lineage:4	CD4 T Effector Memory	terminal	1327	CD3D,CD3E,CD4,IL7R,GZMK,CCL5,ANXA1,CXCR3,KLRB1	CD4,GZMK,CCL5	CCR7,TCF7,LEF1,FOXP3	1.3294932429674762	1.3447645887960835	0.03054269165721439	1.0	0.844159830377181	6.0
infection_study_01	T_NK_lineage	T_NK_lineage:4	Treg	terminal	1327	CD3D,CD3E,CD4,FOXP3,IL2RA,CTLA4,IKZF2,TIGIT,TNFRSF18,CCR8	FOXP3,IL2RA,CTLA4	NKG7,GNLY,GZMB,CD8A	-0.9677082658319339	0.5178249061085177	2.9710663438809033	1.0	0.2391982569386748	12.0
infection_study_01	T_NK_lineage	T_NK_lineage:4	CD8 T Cell (ab)	parent	1327	CD3D,CD3E,TRAC,CD8A,CD8B	CD3D,CD3E,CD8A	CD4,MS4A1,LST1	2.088518020553345	2.133279005189362	0.08952196927203572	1.0	1.0	2.0
infection_study_01	T_NK_lineage	T_NK_lineage:4	CD8 Naive / T Central Memory	terminal	1327	CD3D,CD3E,CD8A,CD8B,CCR7,TCF7,LEF1,SELL,IL7R	CD8A,CCR7,TCF7	NKG7,GNLY,GZMB,PRF1	-0.5270572679207312	1.058759373600615	3.1716332830426923	1.0	0.411000790366288	10.0
infection_study_01	T_NK_lineage	T_NK_lineage:4	CD8 Cytotoxic / T Effector Memory	terminal	1327	CD3D,CD3E,CD8A,CD8B,NKG7,GNLY,PRF1,GZMB,GZMH,CCL5,CST7	CD8A,NKG7,GNLY	CCR7,TCF7,LEF1,MS4A1	2.781285905393744	2.798148402250931	0.03372499371437355	1.0	1.0	3.0
infection_study_01	T_NK_lineage	T_NK_lineage:4	ydT Cell	terminal	1327	CD3D,CD3E,TRDC,TRGC1,TRGC2,TRDV2	TRDC,TRGC1,TRGC2	MS4A1,LST1	0.9321170981970602	0.9902157082019575	0.11619722000979443	1.0	0.9986163992463596	5.0
infection_study_01	T_NK_lineage	T_NK_lineage:4	MAIT Cell	terminal	1327	CD3D,CD3E,TRAV1-2,SLC4A10,KLRB1,DPP4,IL7R	SLC4A10,KLRB1	MS4A1,LST1	0.7357442348053309	0.7938428448102282	0.11619722000979443	1.0	0.7313157911984035	7.0
infection_study_01	T_NK_lineage	T_NK_lineage:4	NKT Cell	terminal	1327	CD3D,CD3E,TRAC,NKG7,GNLY,KLRD1,ZBTB16	CD3D,NKG7,ZBTB16	MS4A1,LST1	2.2229344925684464	2.281033102573344	0.11619722000979443	1.0	1.0	4.0
infection_study_01	T_NK_lineage	T_NK_lineage:5	NK Cell	terminal	1175	NKG7,GNLY,KLRD1,FCGR3A,PRF1,GZMB,GZMH,TYROBP	NKG7,GNLY,KLRD1	CD3D,CD3E,TRAC,MS4A1,LST1	1.2872185600412653	1.8333537094390138	1.092270298795497	1.0	0.5335678942963127	9.0
infection_study_01	T_NK_lineage	T_NK_lineage:5	T Cell	parent	1175	CD3D,CD3E,CD247,TRAC,LCK	CD3D,CD3E,TRAC	MS4A1,CD79A,LST1,S100A8	1.4580942193840412	1.4779224539716194	0.039656469175156125	1.0	0.9137971492402429	2.0
infection_study_01	T_NK_lineage	T_NK_lineage:5	CD4 T Cell (ab)	parent	1175	CD3D,CD3E,TRAC,CD4,IL7R	CD3D,CD3E,CD4	CD8A,CD8B,MS4A1,LST1	0.9710131141746299	1.2773983872900618	0.612770546230864	1.0	0.6389973432866671	8.0
infection_study_01	T_NK_lineage	T_NK_lineage:5	CD4 Naive / T Central Memory	terminal	1175	CD3D,CD3E,CD4,IL7R,CCR7,SELL,TCF7,LEF1,LTB,MAL	CD4,CCR7,TCF7	NKG7,GNLY,GZMB,PRF1,FOXP3	-0.4412476347963861	0.5740613960255967	2.0306180616439655	1.0	0.34130287818274024	11.0
infection_study_01	T_NK_lineage	T_NK_lineage:5	CD4 T Effector Memory	terminal	1175	CD3D,CD3E,CD4,IL7R,GZMK,CCL5,ANXA1,CXCR3,KLRB1	CD4,GZMK,CCL5	CCR7,TCF7,LEF1,FOXP3	1.251836934095297	1.304101559766359	0.10452925134212412	1.0	0.7701976664216503	6.0
infection_study_01	T_NK_lineage	T_NK_lineage:5	Treg	terminal	1175	CD3D,CD3E,CD4,FOXP3,IL2RA,CTLA4,IKZF2,TIGIT,TNFRSF18,CCR8	FOXP3,IL2RA,CTLA4	NKG7,GNLY,GZMB,CD8A	-0.8335099807229448	0.4384472321347987	2.543914425715487	1.0	0.3186674209514635	12.0
infection_study_01	T_NK_lineage	T_NK_lineage:5	CD8 T Cell (ab)	parent	1175	CD3D,CD3E,TRAC,CD8A,CD8B	CD3D,CD3E,CD8A	CD4,MS4A1,LST1	1.5061888290161782	1.5510520326025943	0.08972640717283209	1.0	0.771501741284762	5.0
infection_study_01	T_NK_lineage	T_NK_lineage:5	CD8 Naive / T Central Memory	terminal	1175	CD3D,CD3E,CD8A,CD8B,CCR7,TCF7,LEF1,SELL,IL7R	CD8A,CCR7,TCF7	NKG7,GNLY,GZMB,PRF1	-0.41801744258079687	0.8509069120066668	2.537848709174927	1.0	0.45503815150462945	10.0
infection_study_01	T_NK_lineage	T_NK_lineage:5	CD8 Cytotoxic / T Effector Memory	terminal	1175	CD3D,CD3E,CD8A,CD8B,NKG7,GNLY,PRF1,GZMB,GZMH,CCL5,CST7	CD8A,NKG7,GNLY	CCR7,TCF7,LEF1,MS4A1	2.2241954441999794	2.2790352792527737	0.1096796701055892	1.0	0.9096270274341852	3.0
infection_study_01	T_NK_lineage	T_NK_lineage:5	ydT Cell	terminal	1175	CD3D,CD3E,TRDC,TRGC1,TRGC2,TRDV2	TRDC,TRGC1,TRGC2	MS4A1,LST1	0.8647972611924435	0.8844439506784398	0.03929337897199266	1.0	0.8971379620755402	4.0
infection_study_01	T_NK_lineage	T_NK_lineage:5	MAIT Cell	terminal	1175	CD3D,CD3E,TRAV1-2,SLC4A10,KLRB1,DPP4,IL7R	SLC4A10,KLRB1	MS4A1,LST1	0.741376877345575	0.7610235668315714	0.03929337897199266	1.0	0.7409457028639382	7.0
infection_study_01	T_NK_lineage	T_NK_lineage:5	NKT Cell	terminal	1175	CD3D,CD3E,TRAC,NKG7,GNLY,KLRD1,ZBTB16	CD3D,NKG7,ZBTB16	MS4A1,LST1	1.9259218490377386	1.945568538523735	0.03929337897199266	1.0	1.0	1.0
infection_study_01	T_NK_lineage	T_NK_lineage:6	NK Cell	terminal	1000	NKG7,GNLY,KLRD1,FCGR3A,PRF1,GZMB,GZMH,TYROBP	NKG7,GNLY,KLRD1	CD3D,CD3E,TRAC,MS4A1,LST1	0.7866065605416894	1.2888420873954891	1.0044710537075996	1.0	0.3766751654069298	12.0
infection_study_01	T_NK_lineage	T_NK_lineage:6	T Cell	parent	1000	CD3D,CD3E,CD247,TRAC,LCK	CD3D,CD3E,TRAC	MS4A1,CD79A,LST1,S100A8	1.3611604551896452	1.3814958135485649	0.04067071671783924	1.0	0.8047297965992433	3.0
infection_study_01	T_NK_lineage	T_NK_lineage:6	CD4 T Cell (ab)	parent	1000	CD3D,CD3E,TRAC,CD4,IL7R	CD3D,CD3E,CD4	CD8A,CD8B,MS4A1,LST1	0.8941149276688696	1.1761289016127587	0.5640279478877783	1.0	0.5826292275483351	9.0
infection_study_01	T_NK_lineage	T_NK_lineage:6	CD4 Naive / T Central Memory	terminal	1000	CD3D,CD3E,CD4,IL7R,CCR7,SELL,TCF7,LEF1,LTB,MAL	CD4,CCR7,TCF7	NKG7,GNLY,GZMB,PRF1,FOXP3	-0.05882809849977493	0.6272190324366093	1.3720942618727685	1.0	0.5007736154974743	11.0
infection_study_01	T_NK_lineage	T_NK_lineage:6	CD4 T Effector Memory	terminal	1000	CD3D,CD3E,CD4,IL7R,GZMK,CCL5,ANXA1,CXCR3,KLRB1	CD4,GZMK,CCL5	CCR7,TCF7,LEF1,FOXP3	1.3086109017183383	1.407330231507619	0.19743865957856177	1.0	0.8242708713257496	2.0
infection_study_01	T_NK_lineage	T_NK_lineage:6	Treg	terminal	1000	CD3D,CD3E,CD4,FOXP3,IL2RA,CTLA4,IKZF2,TIGIT,TNFRSF18,CCR8	FOXP3,IL2RA,CTLA4	NKG7,GNLY,GZMB,CD8A	-0.48551952842921015	0.412582880538702	1.7962048179358243	1.0	0.5247394307819595	10.0
infection_study_01	T_NK_lineage	T_NK_lineage:6	CD8 T Cell (ab)	parent	1000	CD3D,CD3E,TRAC,CD8A,CD8B	CD3D,CD3E,CD8A	CD4,MS4A1,LST1	1.404971085594098	1.422830177640915	0.03571818409363429	1.0	0.7122077747386802	6.0
infection_study_01	T_NK_lineage	T_NK_lineage:6	CD8 Naive / T Central Memory	terminal	1000	CD3D,CD3E,CD8A,CD8B,CCR7,TCF7,LEF1,SELL,IL7R	CD8A,CCR7,TCF7	NKG7,GNLY,GZMB,PRF1	0.015658712556792635	0.8732176262272728	1.7151178273409604	1.0	0.630184740389407	8.0
infection_study_01	T_NK_lineage	T_NK_lineage:6	CD8 Cytotoxic / T Effector Memory	terminal	1000	CD3D,CD3E,CD8A,CD8B,NKG7,GNLY,PRF1,GZMB,GZMH,CCL5,CST7	CD8A,NKG7,GNLY	CCR7,TCF7,LEF1,MS4A1	1.7649357501661238	1.8674530852978883	0.2050346702635288	1.0	0.6992135834362573	7.0
infection_study_01	T_NK_lineage	T_NK_lineage:6	ydT Cell	terminal	1000	CD3D,CD3E,TRDC,TRGC1,TRGC2,TRDV2	TRDC,TRGC1,TRGC2	MS4A1,LST1	0.9278924691577752	0.9484319906433424	0.04107904297113418	1.0	0.9922481611220796	1.0
infection_study_01	T_NK_lineage	T_NK_lineage:6	MAIT Cell	terminal	1000	CD3D,CD3E,TRAV1-2,SLC4A10,KLRB1,DPP4,IL7R	SLC4A10,KLRB1	MS4A1,LST1	0.7635025109095233	0.7840420323950904	0.04107904297113418	1.0	0.778773045047023	4.0
infection_study_01	T_NK_lineage	T_NK_lineage:6	NKT Cell	terminal	1000	CD3D,CD3E,TRAC,NKG7,GNLY,KLRD1,ZBTB16	CD3D,NKG7,ZBTB16	MS4A1,LST1	1.5646272552822318	1.5851667767677988	0.04107904297113418	1.0	0.7224089432178913	5.0
infection_study_01	T_NK_lineage	T_NK_lineage:7	NK Cell	terminal	999	NKG7,GNLY,KLRD1,FCGR3A,PRF1,GZMB,GZMH,TYROBP	NKG7,GNLY,KLRD1	CD3D,CD3E,TRAC,MS4A1,LST1	2.7750729995185845	2.860758060333995	0.17137012163082044	1.0	0.9998642344422253	1.0
infection_study_01	T_NK_lineage	T_NK_lineage:7	T Cell	parent	999	CD3D,CD3E,CD247,TRAC,LCK	CD3D,CD3E,TRAC	MS4A1,CD79A,LST1,S100A8	0.7663390776312148	0.8092829874029627	0.0858878195434958	1.0	0.13545223904493528	6.0
infection_study_01	T_NK_lineage	T_NK_lineage:7	CD4 T Cell (ab)	parent	999	CD3D,CD3E,TRAC,CD4,IL7R	CD3D,CD3E,CD4	CD8A,CD8B,MS4A1,LST1	0.10449010269032105	0.16072153274242107	0.11246286010420001	1.0	0.0038163120978928536	8.0
infection_study_01	T_NK_lineage	T_NK_lineage:7	CD4 Naive / T Central Memory	terminal	999	CD3D,CD3E,CD4,IL7R,CCR7,SELL,TCF7,LEF1,LTB,MAL	CD4,CCR7,TCF7	NKG7,GNLY,GZMB,PRF1,FOXP3	-1.315705324809353	0.14099418773009134	2.913399025078889	1.0	0.0	11.0
infection_study_01	T_NK_lineage	T_NK_lineage:7	CD4 T Effector Memory	terminal	999	CD3D,CD3E,CD4,IL7R,GZMK,CCL5,ANXA1,CXCR3,KLRB1	CD4,GZMK,CCL5	CCR7,TCF7,LEF1,FOXP3	0.8286610483951695	0.8621411145747723	0.06696013235920542	1.0	0.3671524445363637	4.0
infection_study_01	T_NK_lineage	T_NK_lineage:7	Treg	terminal	999	CD3D,CD3E,CD4,FOXP3,IL2RA,CTLA4,IKZF2,TIGIT,TNFRSF18,CCR8	FOXP3,IL2RA,CTLA4	NKG7,GNLY,GZMB,CD8A	-1.3709231629818528	0.13583148479819657	3.013509295560099	1.0	0.00042359027298092384	10.0
infection_study_01	T_NK_lineage	T_NK_lineage:7	CD8 T Cell (ab)	parent	999	CD3D,CD3E,TRAC,CD8A,CD8B	CD3D,CD3E,CD8A	CD4,MS4A1,LST1	0.1910651545386176	0.21297877200014953	0.04382723492306393	1.0	0.001094335211116642	9.0
infection_study_01	T_NK_lineage	T_NK_lineage:7	CD8 Naive / T Central Memory	terminal	999	CD3D,CD3E,CD8A,CD8B,CCR7,TCF7,LEF1,SELL,IL7R	CD8A,CCR7,TCF7	NKG7,GNLY,GZMB,PRF1	-1.6449220236082152	0.17584060188355935	3.6415252509835483	1.0	0.0	12.0
infection_study_01	T_NK_lineage	T_NK_lineage:7	CD8 Cytotoxic / T Effector Memory	terminal	999	CD3D,CD3E,CD8A,CD8B,NKG7,GNLY,PRF1,GZMB,GZMH,CCL5,CST7	CD8A,NKG7,GNLY	CCR7,TCF7,LEF1,MS4A1	2.08917063850303	2.123466505468114	0.06859173393016821	1.0	0.8477643498229605	2.0
infection_study_01	T_NK_lineage	T_NK_lineage:7	ydT Cell	terminal	999	CD3D,CD3E,TRDC,TRGC1,TRGC2,TRDV2	TRDC,TRGC1,TRGC2	MS4A1,LST1	0.391719200912817	0.4219452244840863	0.06045204714253858	1.0	0.1840164758531834	5.0
infection_study_01	T_NK_lineage	T_NK_lineage:7	MAIT Cell	terminal	999	CD3D,CD3E,TRAV1-2,SLC4A10,KLRB1,DPP4,IL7R	SLC4A10,KLRB1	MS4A1,LST1	0.353520197772799	0.38374622134406833	0.06045204714253858	1.0	0.07784209980596767	7.0
infection_study_01	T_NK_lineage	T_NK_lineage:7	NKT Cell	terminal	999	CD3D,CD3E,TRAC,NKG7,GNLY,KLRD1,ZBTB16	CD3D,NKG7,ZBTB16	MS4A1,LST1	1.6949152598778408	1.72514128344911	0.06045204714253858	1.0	0.827520373020308	3.0
infection_study_01	T_NK_lineage	T_NK_lineage:8	NK Cell	terminal	901	NKG7,GNLY,KLRD1,FCGR3A,PRF1,GZMB,GZMH,TYROBP	NKG7,GNLY,KLRD1	CD3D,CD3E,TRAC,MS4A1,LST1	1.1142722851395208	1.559043923721594	0.8895432771641458	1.0	0.47936621106116867	10.0
infection_study_01	T_NK_lineage	T_NK_lineage:8	T Cell	parent	901	CD3D,CD3E,CD247,TRAC,LCK	CD3D,CD3E,TRAC	MS4A1,CD79A,LST1,S100A8	1.2836744664660702	1.3066415664358488	0.04593419993955737	1.0	0.7175445755662271	6.0
infection_study_01	T_NK_lineage	T_NK_lineage:8	CD4 T Cell (ab)	parent	901	CD3D,CD3E,TRAC,CD4,IL7R	CD3D,CD3E,CD4	CD8A,CD8B,MS4A1,LST1	0.8151993791118974	1.067328157991204	0.5042575577586128	1.0	0.524782339647017	8.0
infection_study_01	T_NK_lineage	T_NK_lineage:8	CD4 Naive / T Central Memory	terminal	901	CD3D,CD3E,CD4,IL7R,CCR7,SELL,TCF7,LEF1,LTB,MAL	CD4,CCR7,TCF7	NKG7,GNLY,GZMB,PRF1,FOXP3	-0.274844756811758	0.5656754692704247	1.6810404521643652	1.0	0.4106936574836186	12.0
infection_study_01	T_NK_lineage	T_NK_lineage:8	CD4 T Effector Memory	terminal	901	CD3D,CD3E,CD4,IL7R,GZMK,CCL5,ANXA1,CXCR3,KLRB1	CD4,GZMK,CCL5	CCR7,TCF7,LEF1,FOXP3	1.2191758398589112	1.3017522678935052	0.165152856069188	1.0	0.7390902748656752	5.0
infection_study_01	T_NK_lineage	T_NK_lineage:8	Treg	terminal	901	CD3D,CD3E,CD4,FOXP3,IL2RA,CTLA4,IKZF2,TIGIT,TNFRSF18,CCR8	FOXP3,IL2RA,CTLA4	NKG7,GNLY,GZMB,CD8A	-0.661334121146226	0.3891091976988726	2.100886637690197	1.0	0.42062603847502394	11.0
infection_study_01	T_NK_lineage	T_NK_lineage:8	CD8 T Cell (ab)	parent	901	CD3D,CD3E,TRAC,CD8A,CD8B	CD3D,CD3E,CD8A	CD4,MS4A1,LST1	1.2335200939736808	1.2540111184384797	0.04098204892959764	1.0	0.6117707464299075	7.0
infection_study_01	T_NK_lineage	T_NK_lineage:8	CD8 Naive / T Central Memory	terminal	901	CD3D,CD3E,CD8A,CD8B,CCR7,TCF7,LEF1,SELL,IL7R	CD8A,CCR7,TCF7	NKG7,GNLY,GZMB,PRF1	-0.25078329429782	0.7998669883049083	2.1013005652054564	1.0	0.5225781586501034	9.0
infection_study_01	T_NK_lineage	T_NK_lineage:8	CD8 Cytotoxic / T Effector Memory	terminal	901	CD3D,CD3E,CD8A,CD8B,NKG7,GNLY,PRF1,GZMB,GZMH,CCL5,CST7	CD8A,NKG7,GNLY	CCR7,TCF7,LEF1,MS4A1	1.8766385487585902	1.9640939049854993	0.17491071245381887	1.0	0.7503910999076137	4.0
infection_study_01	T_NK_lineage	T_NK_lineage:8	ydT Cell	terminal	901	CD3D,CD3E,TRDC,TRGC1,TRGC2,TRDV2	TRDC,TRGC1,TRGC2	MS4A1,LST1	0.8455346176801148	0.8698709957629629	0.04867275616569604	1.0	0.8681013059220846	1.0
infection_study_01	T_NK_lineage	T_NK_lineage:8	MAIT Cell	terminal	901	CD3D,CD3E,TRAV1-2,SLC4A10,KLRB1,DPP4,IL7R	SLC4A10,KLRB1	MS4A1,LST1	0.7677826416370549	0.792119019719903	0.04867275616569604	1.0	0.7860906194410275	2.0
infection_study_01	T_NK_lineage	T_NK_lineage:8	NKT Cell	terminal	901	CD3D,CD3E,TRAC,NKG7,GNLY,KLRD1,ZBTB16	CD3D,NKG7,ZBTB16	MS4A1,LST1	1.6245841493773086	1.6489205274601566	0.04867275616569604	1.0	0.7707798955891888	3.0
infection_study_01	T_NK_lineage	T_NK_lineage:9	NK Cell	terminal	880	NKG7,GNLY,KLRD1,FCGR3A,PRF1,GZMB,GZMH,TYROBP	NKG7,GNLY,KLRD1	CD3D,CD3E,TRAC,MS4A1,LST1	1.8559635670313779	2.2188016099516643	0.7256760858405719	1.0	0.7118136340670099	4.0
infection_study_01	T_NK_lineage	T_NK_lineage:9	T Cell	parent	880	CD3D,CD3E,CD247,TRAC,LCK	CD3D,CD3E,TRAC	MS4A1,CD79A,LST1,S100A8	1.182969720333137	1.2368292415277526	0.10771904238923029	1.0	0.6042342120372106	5.0
infection_study_01	T_NK_lineage	T_NK_lineage:9	CD4 T Cell (ab)	parent	880	CD3D,CD3E,TRAC,CD4,IL7R	CD3D,CD3E,CD4	CD8A,CD8B,MS4A1,LST1	0.6865832744149322	0.8332235390218821	0.2932805292138999	1.0	0.4305038162538953	8.0
infection_study_01	T_NK_lineage	T_NK_lineage:9	CD4 Naive / T Central Memory	terminal	880	CD3D,CD3E,CD4,IL7R,CCR7,SELL,TCF7,LEF1,LTB,MAL	CD4,CCR7,TCF7	NKG7,GNLY,GZMB,PRF1,FOXP3	-0.7082941694693132	0.41546815298497675	2.2475246449085797	1.0	0.2299432227790323	12.0
infection_study_01	T_NK_lineage	T_NK_lineage:9	CD4 T Effector Memory	terminal	880	CD3D,CD3E,CD4,IL7R,GZMK,CCL5,ANXA1,CXCR3,KLRB1	CD4,GZMK,CCL5	CCR7,TCF7,LEF1,FOXP3	1.0653610269172173	1.1079682430986202	0.08521443236280571	1.0	0.5925925005211808	6.0
infection_study_01	T_NK_lineage	T_NK_lineage:9	Treg	terminal	880	CD3D,CD3E,CD4,FOXP3,IL2RA,CTLA4,IKZF2,TIGIT,TNFRSF18,CCR8	FOXP3,IL2RA,CTLA4	NKG7,GNLY,GZMB,CD8A	-0.9161587905985388	0.3295824863693931	2.491482553935864	1.0	0.26972468057194865	10.0
infection_study_01	T_NK_lineage	T_NK_lineage:9	CD8 T Cell (ab)	parent	880	CD3D,CD3E,TRAC,CD8A,CD8B	CD3D,CD3E,CD8A	CD4,MS4A1,LST1	0.8705165924764039	0.9102764292061328	0.07951967345945762	1.0	0.399121098787252	9.0
infection_study_01	T_NK_lineage	T_NK_lineage:9	CD8 Naive / T Central Memory	terminal	880	CD3D,CD3E,CD8A,CD8B,CCR7,TCF7,LEF1,SELL,IL7R	CD8A,CCR7,TCF7	NKG7,GNLY,GZMB,PRF1	-0.8778438287787139	0.5268590742891485	2.8094058061357248	1.0	0.2693304014526855	11.0
infection_study_01	T_NK_lineage	T_NK_lineage:9	CD8 Cytotoxic / T Effector Memory	terminal	880	CD3D,CD3E,CD8A,CD8B,NKG7,GNLY,PRF1,GZMB,GZMH,CCL5,CST7	CD8A,NKG7,GNLY	CCR7,TCF7,LEF1,MS4A1	2.1063870040045605	2.1530375939816975	0.09330117995427413	1.0	0.8556521632003675	2.0
infection_study_01	T_NK_lineage	T_NK_lineage:9	ydT Cell	terminal	880	CD3D,CD3E,TRDC,TRGC1,TRGC2,TRDV2	TRDC,TRGC1,TRGC2	MS4A1,LST1	0.7642995092340491	0.7955645592375236	0.06253010000694882	1.0	0.7456468821547867	3.0
infection_study_01	T_NK_lineage	T_NK_lineage:9	MAIT Cell	terminal	880	CD3D,CD3E,TRAV1-2,SLC4A10,KLRB1,DPP4,IL7R	SLC4A10,KLRB1	MS4A1,LST1	0.5604252485340679	0.5916902985375423	0.06253010000694882	1.0	0.4315796834974872	7.0
infection_study_01	T_NK_lineage	T_NK_lineage:9	NKT Cell	terminal	880	CD3D,CD3E,TRAC,NKG7,GNLY,KLRD1,ZBTB16	CD3D,NKG7,ZBTB16	MS4A1,LST1	1.7335316978443367	1.764796747847811	0.06253010000694882	1.0	0.8586746532714581	1.0
infection_study_01	T_NK_lineage	T_NK_lineage:10	NK Cell	terminal	846	NKG7,GNLY,KLRD1,FCGR3A,PRF1,GZMB,GZMH,TYROBP	NKG7,GNLY,KLRD1	CD3D,CD3E,TRAC,MS4A1,LST1	-0.1731635390479232	0.33658549518943115	1.0194980684747088	1.0	0.07588143656788175	12.0
infection_study_01	T_NK_lineage	T_NK_lineage:10	T Cell	parent	846	CD3D,CD3E,CD247,TRAC,LCK	CD3D,CD3E,TRAC	MS4A1,CD79A,LST1,S100A8	1.155688903656905	1.2531762531604047	0.19497469900699935	1.0	0.5735385460070133	8.0
infection_study_01	T_NK_lineage	T_NK_lineage:10	CD4 T Cell (ab)	parent	846	CD3D,CD3E,TRAC,CD4,IL7R	CD3D,CD3E,CD4	CD8A,CD8B,MS4A1,LST1	1.1747083354098435	1.4377034437290037	0.5259902166383205	1.0	0.7883105628522752	5.0
infection_study_01	T_NK_lineage	T_NK_lineage:10	CD4 Naive / T Central Memory	terminal	846	CD3D,CD3E,CD4,IL7R,CCR7,SELL,TCF7,LEF1,LTB,MAL	CD4,CCR7,TCF7	NKG7,GNLY,GZMB,PRF1,FOXP3	0.7576044165355377	0.9520696707298852	0.38893050838869514	1.0	0.8412297972115301	4.0
infection_study_01	T_NK_lineage	T_NK_lineage:10	CD4 T Effector Memory	terminal	846	CD3D,CD3E,CD4,IL7R,GZMK,CCL5,ANXA1,CXCR3,KLRB1	CD4,GZMK,CCL5	CCR7,TCF7,LEF1,FOXP3	1.2337281070532202	1.423504190617795	0.37955216712915024	1.0	0.7529502842812885	6.0
infection_study_01	T_NK_lineage	T_NK_lineage:10	Treg	terminal	846	CD3D,CD3E,CD4,FOXP3,IL2RA,CTLA4,IKZF2,TIGIT,TNFRSF18,CCR8	FOXP3,IL2RA,CTLA4	NKG7,GNLY,GZMB,CD8A	0.05429260394146257	0.38796862286315176	0.6673520378433785	1.0	0.844403865007913	3.0
infection_study_01	T_NK_lineage	T_NK_lineage:10	CD8 T Cell (ab)	parent	846	CD3D,CD3E,TRAC,CD8A,CD8B	CD3D,CD3E,CD8A	CD4,MS4A1,LST1	1.2625243886307151	1.333870334334971	0.14269189140851146	1.0	0.628761637739501	7.0
infection_study_01	T_NK_lineage	T_NK_lineage:10	CD8 Naive / T Central Memory	terminal	846	CD3D,CD3E,CD8A,CD8B,CCR7,TCF7,LEF1,SELL,IL7R	CD8A,CCR7,TCF7	NKG7,GNLY,GZMB,PRF1	0.7937085999130403	1.0366069447393018	0.485796689652523	1.0	0.9444118016153068	1.0
infection_study_01	T_NK_lineage	T_NK_lineage:10	CD8 Cytotoxic / T Effector Memory	terminal	846	CD3D,CD3E,CD8A,CD8B,NKG7,GNLY,PRF1,GZMB,GZMH,CCL5,CST7	CD8A,NKG7,GNLY	CCR7,TCF7,LEF1,MS4A1	0.8091392535143852	1.004975034553672	0.391671562078574	1.0	0.26130789470664556	10.0
infection_study_01	T_NK_lineage	T_NK_lineage:10	ydT Cell	terminal	846	CD3D,CD3E,TRDC,TRGC1,TRGC2,TRDV2	TRDC,TRGC1,TRGC2	MS4A1,LST1	0.5669309487015924	0.6334433908580889	0.13302488431299267	1.0	0.44813200451011287	9.0
infection_study_01	T_NK_lineage	T_NK_lineage:10	MAIT Cell	terminal	846	CD3D,CD3E,TRAV1-2,SLC4A10,KLRB1,DPP4,IL7R	SLC4A10,KLRB1	MS4A1,LST1	0.8265811929788109	0.8930936351353074	0.13302488431299267	1.0	0.886616234449784	2.0
infection_study_01	T_NK_lineage	T_NK_lineage:10	NKT Cell	terminal	846	CD3D,CD3E,TRAC,NKG7,GNLY,KLRD1,ZBTB16	CD3D,NKG7,ZBTB16	MS4A1,LST1	0.8707791429965409	0.9372915851530372	0.13302488431299267	1.0	0.162638553192939	11.0
infection_study_01	T_NK_lineage	T_NK_lineage:11	NK Cell	terminal	831	NKG7,GNLY,KLRD1,FCGR3A,PRF1,GZMB,GZMH,TYROBP	NKG7,GNLY,KLRD1	CD3D,CD3E,TRAC,MS4A1,LST1	2.694995829651287	2.7566850909024083	0.12337852250224274	1.0	0.9747679009248951	1.0
infection_study_01	T_NK_lineage	T_NK_lineage:11	T Cell	parent	831	CD3D,CD3E,CD247,TRAC,LCK	CD3D,CD3E,TRAC	MS4A1,CD79A,LST1,S100A8	0.65241352420493	0.7059098957964947	0.1069927431831291	1.0	0.007266166693027074	6.0
infection_study_01	T_NK_lineage	T_NK_lineage:11	CD4 T Cell (ab)	parent	831	CD3D,CD3E,TRAC,CD4,IL7R	CD3D,CD3E,CD4	CD8A,CD8B,MS4A1,LST1	0.052427429382192824	0.12456633287216351	0.14427780697994141	1.0	0.0	8.0
infection_study_01	T_NK_lineage	T_NK_lineage:11	CD4 Naive / T Central Memory	terminal	831	CD3D,CD3E,CD4,IL7R,CCR7,SELL,TCF7,LEF1,LTB,MAL	CD4,CCR7,TCF7	NKG7,GNLY,GZMB,PRF1,FOXP3	-1.2667946322730301	0.1398717670807913	2.813332798707643	1.0	0.0	9.0
infection_study_01	T_NK_lineage	T_NK_lineage:11	CD4 T Effector Memory	terminal	831	CD3D,CD3E,CD4,IL7R,GZMK,CCL5,ANXA1,CXCR3,KLRB1	CD4,GZMK,CCL5	CCR7,TCF7,LEF1,FOXP3	0.8091600713448213	0.8472494212107347	0.07617869973182678	1.0	0.34857913757858705	4.0
infection_study_01	T_NK_lineage	T_NK_lineage:11	Treg	terminal	831	CD3D,CD3E,CD4,FOXP3,IL2RA,CTLA4,IKZF2,TIGIT,TNFRSF18,CCR8	FOXP3,IL2RA,CTLA4	NKG7,GNLY,GZMB,CD8A	-1.4062359717509807	0.10493119701868646	3.022334337539334	1.0	0.0	10.0
infection_study_01	T_NK_lineage	T_NK_lineage:11	CD8 T Cell (ab)	parent	831	CD3D,CD3E,TRAC,CD8A,CD8B	CD3D,CD3E,CD8A	CD4,MS4A1,LST1	0.16848530694035418	0.18975025002276424	0.04252988616482015	1.0	0.0	11.0
infection_study_01	T_NK_lineage	T_NK_lineage:11	CD8 Naive / T Central Memory	terminal	831	CD3D,CD3E,CD8A,CD8B,CCR7,TCF7,LEF1,SELL,IL7R	CD8A,CCR7,TCF7	NKG7,GNLY,GZMB,PRF1	-1.5710079490496904	0.18732505014258635	3.516665998384554	1.0	0.0	12.0
infection_study_01	T_NK_lineage	T_NK_lineage:11	CD8 Cytotoxic / T Effector Memory	terminal	831	CD3D,CD3E,CD8A,CD8B,NKG7,GNLY,PRF1,GZMB,GZMH,CCL5,CST7	CD8A,NKG7,GNLY	CCR7,TCF7,LEF1,MS4A1	2.03100485719407	2.0710395666183885	0.08006941884863678	1.0	0.8211152392499208	2.0
infection_study_01	T_NK_lineage	T_NK_lineage:11	ydT Cell	terminal	831	CD3D,CD3E,TRDC,TRGC1,TRGC2,TRDV2	TRDC,TRGC1,TRGC2	MS4A1,LST1	0.31164071999110715	0.3422972937807519	0.06131314757928952	1.0	0.06330556126212335	5.0
infection_study_01	T_NK_lineage	T_NK_lineage:11	MAIT Cell	terminal	831	CD3D,CD3E,TRAV1-2,SLC4A10,KLRB1,DPP4,IL7R	SLC4A10,KLRB1	MS4A1,LST1	0.3088497499717108	0.33950632376135553	0.06131314757928952	1.0	0.0014707584132081222	7.0
infection_study_01	T_NK_lineage	T_NK_lineage:11	NKT Cell	terminal	831	CD3D,CD3E,TRAC,NKG7,GNLY,KLRD1,ZBTB16	CD3D,NKG7,ZBTB16	MS4A1,LST1	1.6262965965807918	1.6569531703704365	0.06131314757928952	1.0	0.7721614331649461	3.0
infection_study_01	T_NK_lineage	T_NK_lineage:12	NK Cell	terminal	765	NKG7,GNLY,KLRD1,FCGR3A,PRF1,GZMB,GZMH,TYROBP	NKG7,GNLY,KLRD1	CD3D,CD3E,TRAC,MS4A1,LST1	0.8749656118637597	1.2799632323528427	0.8099952409781663	1.0	0.40436705592863986	12.0
infection_study_01	T_NK_lineage	T_NK_lineage:12	T Cell	parent	765	CD3D,CD3E,CD247,TRAC,LCK	CD3D,CD3E,TRAC	MS4A1,CD79A,LST1,S100A8	1.118462594754361	1.1789173718371422	0.12090955416556277	1.0	0.53165247055807	6.0
infection_study_01	T_NK_lineage	T_NK_lineage:12	CD4 T Cell (ab)	parent	765	CD3D,CD3E,TRAC,CD4,IL7R	CD3D,CD3E,CD4	CD8A,CD8B,MS4A1,LST1	0.8727900971092429	1.0361226098210203	0.3266650254235548	1.0	0.5669976428295549	3.0
infection_study_01	T_NK_lineage	T_NK_lineage:12	CD4 Naive / T Central Memory	terminal	765	CD3D,CD3E,CD4,IL7R,CCR7,SELL,TCF7,LEF1,LTB,MAL	CD4,CCR7,TCF7	NKG7,GNLY,GZMB,PRF1,FOXP3	0.024882001385969264	0.6927484210643893	1.3357328393568402	1.0	0.5356811191222779	5.0
infection_study_01	T_NK_lineage	T_NK_lineage:12	CD4 T Effector Memory	terminal	765	CD3D,CD3E,CD4,IL7R,GZMK,CCL5,ANXA1,CXCR3,KLRB1	CD4,GZMK,CCL5	CCR7,TCF7,LEF1,FOXP3	0.9651524654952789	1.1099029429078362	0.28950095482511456	1.0	0.497150904631828	10.0
infection_study_01	T_NK_lineage	T_NK_lineage:12	Treg	terminal	765	CD3D,CD3E,CD4,FOXP3,IL2RA,CTLA4,IKZF2,TIGIT,TNFRSF18,CCR8	FOXP3,IL2RA,CTLA4	NKG7,GNLY,GZMB,CD8A	-0.44829213890959235	0.3392761832164004	1.5751366442519854	1.0	0.5467846418746333	4.0
infection_study_01	T_NK_lineage	T_NK_lineage:12	CD8 T Cell (ab)	parent	765	CD3D,CD3E,TRAC,CD8A,CD8B	CD3D,CD3E,CD8A	CD4,MS4A1,LST1	0.9584123278339445	1.0065135773334628	0.09620249899903674	1.0	0.4506109524001745	11.0
infection_study_01	T_NK_lineage	T_NK_lineage:12	CD8 Naive / T Central Memory	terminal	765	CD3D,CD3E,CD8A,CD8B,CCR7,TCF7,LEF1,SELL,IL7R	CD8A,CCR7,TCF7	NKG7,GNLY,GZMB,PRF1	-0.08714573816622868	0.7471227983936679	1.668537073119793	1.0	0.5886656283676778	2.0
infection_study_01	T_NK_lineage	T_NK_lineage:12	CD8 Cytotoxic / T Effector Memory	terminal	765	CD3D,CD3E,CD8A,CD8B,NKG7,GNLY,PRF1,GZMB,GZMH,CCL5,CST7	CD8A,NKG7,GNLY	CCR7,TCF7,LEF1,MS4A1	1.3424003955815709	1.4902503842267691	0.2956999772903966	1.0	0.5056256846417522	8.0
infection_study_01	T_NK_lineage	T_NK_lineage:12	ydT Cell	terminal	765	CD3D,CD3E,TRDC,TRGC1,TRGC2,TRDV2	TRDC,TRGC1,TRGC2	MS4A1,LST1	0.6187028118532987	0.6592113643430156	0.08101710497943404	1.0	0.5261733069823155	7.0
infection_study_01	T_NK_lineage	T_NK_lineage:12	MAIT Cell	terminal	765	CD3D,CD3E,TRAV1-2,SLC4A10,KLRB1,DPP4,IL7R	SLC4A10,KLRB1	MS4A1,LST1	0.6564947117193073	0.6970032642090243	0.08101710497943404	1.0	0.5958259387177073	1.0
infection_study_01	T_NK_lineage	T_NK_lineage:12	NKT Cell	terminal	765	CD3D,CD3E,TRAC,NKG7,GNLY,KLRD1,ZBTB16	CD3D,NKG7,ZBTB16	MS4A1,LST1	1.2888823172096666	1.329390869699384	0.08101710497943404	1.0	0.4999483660408344	9.0
infection_study_01	T_NK_lineage	T_NK_lineage:13	NK Cell	terminal	734	NKG7,GNLY,KLRD1,FCGR3A,PRF1,GZMB,GZMH,TYROBP	NKG7,GNLY,KLRD1	CD3D,CD3E,TRAC,MS4A1,LST1	1.5672884604464759	2.084120398869469	1.033663876845986	1.0	0.6213423203953187	7.0
infection_study_01	T_NK_lineage	T_NK_lineage:13	T Cell	parent	734	CD3D,CD3E,CD247,TRAC,LCK	CD3D,CD3E,TRAC	MS4A1,CD79A,LST1,S100A8	1.5250292441926958	1.5982583407485194	0.14645819311164704	1.0	0.9891106998437144	2.0
infection_study_01	T_NK_lineage	T_NK_lineage:13	CD4 T Cell (ab)	parent	734	CD3D,CD3E,TRAC,CD4,IL7R	CD3D,CD3E,CD4	CD8A,CD8B,MS4A1,LST1	0.8361996741402051	1.1105538760771219	0.5487084038738334	1.0	0.5401760324567441	9.0
infection_study_01	T_NK_lineage	T_NK_lineage:13	CD4 Naive / T Central Memory	terminal	734	CD3D,CD3E,CD4,IL7R,CCR7,SELL,TCF7,LEF1,LTB,MAL	CD4,CCR7,TCF7	NKG7,GNLY,GZMB,PRF1,FOXP3	-0.5007772703018111	0.47894880317699684	1.959452146957616	1.0	0.3164787414295269	12.0
infection_study_01	T_NK_lineage	T_NK_lineage:13	CD4 T Effector Memory	terminal	734	CD3D,CD3E,CD4,IL7R,GZMK,CCL5,ANXA1,CXCR3,KLRB1	CD4,GZMK,CCL5	CCR7,TCF7,LEF1,FOXP3	1.1649044070538337	1.2111492261466492	0.09248963818563102	1.0	0.687400558092789	6.0
infection_study_01	T_NK_lineage	T_NK_lineage:13	Treg	terminal	734	CD3D,CD3E,CD4,FOXP3,IL2RA,CTLA4,IKZF2,TIGIT,TNFRSF18,CCR8	FOXP3,IL2RA,CTLA4	NKG7,GNLY,GZMB,CD8A	-0.6943235686388912	0.3999631799777782	2.188573497233339	1.0	0.40109044000327954	11.0
infection_study_01	T_NK_lineage	T_NK_lineage:13	CD8 T Cell (ab)	parent	734	CD3D,CD3E,TRAC,CD8A,CD8B	CD3D,CD3E,CD8A	CD4,MS4A1,LST1	1.4203684525501716	1.4412794782777572	0.041822051455171184	1.0	0.7212276454681043	5.0
infection_study_01	T_NK_lineage	T_NK_lineage:13	CD8 Naive / T Central Memory	terminal	734	CD3D,CD3E,CD8A,CD8B,CCR7,TCF7,LEF1,SELL,IL7R	CD8A,CCR7,TCF7	NKG7,GNLY,GZMB,PRF1	-0.4866088349445459	0.7378767979098134	2.448971265708718	1.0	0.4273364938113293	10.0
infection_study_01	T_NK_lineage	T_NK_lineage:13	CD8 Cytotoxic / T Effector Memory	terminal	734	CD3D,CD3E,CD8A,CD8B,NKG7,GNLY,PRF1,GZMB,GZMH,CCL5,CST7	CD8A,NKG7,GNLY	CCR7,TCF7,LEF1,MS4A1	2.1649672679099257	2.211476340317803	0.09301814481575417	1.0	0.8824911722376525	4.0
infection_study_01	T_NK_lineage	T_NK_lineage:13	ydT Cell	terminal	734	CD3D,CD3E,TRDC,TRGC1,TRGC2,TRDV2	TRDC,TRGC1,TRGC2	MS4A1,LST1	0.9412957749496146	0.9608902259916743	0.03918890208411931	1.0	1.0	1.0
infection_study_01	T_NK_lineage	T_NK_lineage:13	MAIT Cell	terminal	734	CD3D,CD3E,TRAV1-2,SLC4A10,KLRB1,DPP4,IL7R	SLC4A10,KLRB1	MS4A1,LST1	0.6399681115223536	0.6595625625644133	0.03918890208411931	1.0	0.5675710478931641	8.0
infection_study_01	T_NK_lineage	T_NK_lineage:13	NKT Cell	terminal	734	CD3D,CD3E,TRAC,NKG7,GNLY,KLRD1,ZBTB16	CD3D,NKG7,ZBTB16	MS4A1,LST1	1.8687509945269314	1.8883454455689912	0.03918890208411931	1.0	0.9677644628460207	3.0
infection_study_01	T_NK_lineage	T_NK_lineage:14	NK Cell	terminal	730	NKG7,GNLY,KLRD1,FCGR3A,PRF1,GZMB,GZMH,TYROBP	NKG7,GNLY,KLRD1	CD3D,CD3E,TRAC,MS4A1,LST1	-0.3005635874157082	0.15417327737971528	0.909473729590847	1.0	0.0359540251813353	12.0
infection_study_01	T_NK_lineage	T_NK_lineage:14	T Cell	parent	730	CD3D,CD3E,CD247,TRAC,LCK	CD3D,CD3E,TRAC	MS4A1,CD79A,LST1,S100A8	1.1295270207585537	1.161959799969033	0.06486555842095859	1.0	0.5441018751881164	6.0
infection_study_01	T_NK_lineage	T_NK_lineage:14	CD4 T Cell (ab)	parent	730	CD3D,CD3E,TRAC,CD4,IL7R	CD3D,CD3E,CD4	CD8A,CD8B,MS4A1,LST1	1.224649926244396	1.3595677363545928	0.26983562022039337	1.0	0.8249188822449256	5.0
infection_study_01	T_NK_lineage	T_NK_lineage:14	CD4 Naive / T Central Memory	terminal	730	CD3D,CD3E,CD4,IL7R,CCR7,SELL,TCF7,LEF1,LTB,MAL	CD4,CCR7,TCF7	NKG7,GNLY,GZMB,PRF1,FOXP3	0.9213911131881687	1.0205965992930817	0.19841097220982593	1.0	0.9095296166466996	3.0
infection_study_01	T_NK_lineage	T_NK_lineage:14	CD4 T Effector Memory	terminal	730	CD3D,CD3E,CD4,IL7R,GZMK,CCL5,ANXA1,CXCR3,KLRB1	CD4,GZMK,CCL5	CCR7,TCF7,LEF1,FOXP3	0.8927012289643197	1.1124971550530676	0.4395918521774958	1.0	0.4281462054269767	8.0
infection_study_01	T_NK_lineage	T_NK_lineage:14	Treg	terminal	730	CD3D,CD3E,CD4,FOXP3,IL2RA,CTLA4,IKZF2,TIGIT,TNFRSF18,CCR8	FOXP3,IL2RA,CTLA4	NKG7,GNLY,GZMB,CD8A	0.19098559092373063	0.36113250859796187	0.3402938353484624	1.0	0.9253503345776959	2.0
infection_study_01	T_NK_lineage	T_NK_lineage:14	CD8 T Cell (ab)	parent	730	CD3D,CD3E,TRAC,CD8A,CD8B	CD3D,CD3E,CD8A	CD4,MS4A1,LST1	0.9929291607936224	1.0587725490413302	0.13168677649541533	1.0	0.4708311220027836	7.0
infection_study_01	T_NK_lineage	T_NK_lineage:14	CD8 Naive / T Central Memory	terminal	730	CD3D,CD3E,CD8A,CD8B,CCR7,TCF7,LEF1,SELL,IL7R	CD8A,CCR7,TCF7	NKG7,GNLY,GZMB,PRF1	0.8085700815115436	0.9320105160298776	0.24688086903666798	1.0	0.950413832801287	1.0
infection_study_01	T_NK_lineage	T_NK_lineage:14	CD8 Cytotoxic / T Effector Memory	terminal	730	CD3D,CD3E,CD8A,CD8B,NKG7,GNLY,PRF1,GZMB,GZMH,CCL5,CST7	CD8A,NKG7,GNLY	CCR7,TCF7,LEF1,MS4A1	0.42835113085147597	0.652384754336192	0.44806724696943206	1.0	0.08684681884070711	10.0
infection_study_01	T_NK_lineage	T_NK_lineage:14	ydT Cell	terminal	730	CD3D,CD3E,TRDC,TRGC1,TRGC2,TRDV2	TRDC,TRGC1,TRGC2	MS4A1,LST1	0.5206334314117693	0.5622394793654142	0.08321209590728969	1.0	0.3783427728585562	9.0
infection_study_01	T_NK_lineage	T_NK_lineage:14	MAIT Cell	terminal	730	CD3D,CD3E,TRAV1-2,SLC4A10,KLRB1,DPP4,IL7R	SLC4A10,KLRB1	MS4A1,LST1	0.7939975192285564	0.8356035671822012	0.08321209590728969	1.0	0.8309091843908329	4.0
infection_study_01	T_NK_lineage	T_NK_lineage:14	NKT Cell	terminal	730	CD3D,CD3E,TRAC,NKG7,GNLY,KLRD1,ZBTB16	CD3D,NKG7,ZBTB16	MS4A1,LST1	0.7215430290265091	0.763149076980154	0.08321209590728969	1.0	0.04224050606469908	11.0
infection_study_01	T_NK_lineage	T_NK_lineage:15	NK Cell	terminal	666	NKG7,GNLY,KLRD1,FCGR3A,PRF1,GZMB,GZMH,TYROBP	NKG7,GNLY,KLRD1	CD3D,CD3E,TRAC,MS4A1,LST1	0.8803229288150509	1.5379670449328404	1.315288232235579	1.0	0.4060460489948341	12.0
infection_study_01	T_NK_lineage	T_NK_lineage:15	T Cell	parent	666	CD3D,CD3E,CD247,TRAC,LCK	CD3D,CD3E,TRAC	MS4A1,CD79A,LST1,S100A8	1.7837821544010988	1.8114633064549248	0.05536230410765241	1.0	1.0	1.0
infection_study_01	T_NK_lineage	T_NK_lineage:15	CD4 T Cell (ab)	parent	666	CD3D,CD3E,TRAC,CD4,IL7R	CD3D,CD3E,CD4	CD8A,CD8B,MS4A1,LST1	1.0622072941659986	1.4903485372170313	0.8562824861020655	1.0	0.7058447466650379	8.0
infection_study_01	T_NK_lineage	T_NK_lineage:15	CD4 Naive / T Central Memory	terminal	666	CD3D,CD3E,CD4,IL7R,CCR7,SELL,TCF7,LEF1,LTB,MAL	CD4,CCR7,TCF7	NKG7,GNLY,GZMB,PRF1,FOXP3	-0.1369445628411061	0.7458647381257009	1.7656186019336138	1.0	0.4681986840868831	10.0
infection_study_01	T_NK_lineage	T_NK_lineage:15	CD4 T Effector Memory	terminal	666	CD3D,CD3E,CD4,IL7R,GZMK,CCL5,ANXA1,CXCR3,KLRB1	CD4,GZMK,CCL5	CCR7,TCF7,LEF1,FOXP3	1.436636230431952	1.5206359289549254	0.16799939704594669	1.0	0.9462059785990411	3.0
infection_study_01	T_NK_lineage	T_NK_lineage:15	Treg	terminal	666	CD3D,CD3E,CD4,FOXP3,IL2RA,CTLA4,IKZF2,TIGIT,TNFRSF18,CCR8	FOXP3,IL2RA,CTLA4	NKG7,GNLY,GZMB,CD8A	-0.6152595602468148	0.5346575834103175	2.2998342873142645	1.0	0.44791034269663776	11.0
infection_study_01	T_NK_lineage	T_NK_lineage:15	CD8 T Cell (ab)	parent	666	CD3D,CD3E,TRAC,CD8A,CD8B	CD3D,CD3E,CD8A	CD4,MS4A1,LST1	1.9335969104288935	1.9669899859227935	0.06678615098779982	1.0	1.0	2.0
infection_study_01	T_NK_lineage	T_NK_lineage:15	CD8 Naive / T Central Memory	terminal	666	CD3D,CD3E,CD8A,CD8B,CCR7,TCF7,LEF1,SELL,IL7R	CD8A,CCR7,TCF7	NKG7,GNLY,GZMB,PRF1	0.025837097812939937	1.1292635670176019	2.206852938409324	1.0	0.6342954332113439	9.0
infection_study_01	T_NK_lineage	T_NK_lineage:15	CD8 Cytotoxic / T Effector Memory	terminal	666	CD3D,CD3E,CD8A,CD8B,NKG7,GNLY,PRF1,GZMB,GZMH,CCL5,CST7	CD8A,NKG7,GNLY	CCR7,TCF7,LEF1,MS4A1	2.1609951748303944	2.2465878430486472	0.1711853364365058	1.0	0.8806713265259517	6.0
infection_study_01	T_NK_lineage	T_NK_lineage:15	ydT Cell	terminal	666	CD3D,CD3E,TRDC,TRGC1,TRGC2,TRDV2	TRDC,TRGC1,TRGC2	MS4A1,LST1	0.862488289256473	0.8833159362529969	0.041655293993047765	1.0	0.8936574001199685	5.0
infection_study_01	T_NK_lineage	T_NK_lineage:15	MAIT Cell	terminal	666	CD3D,CD3E,TRAV1-2,SLC4A10,KLRB1,DPP4,IL7R	SLC4A10,KLRB1	MS4A1,LST1	0.7973307571675531	0.8181584041640769	0.041655293993047765	1.0	0.8366078927117334	7.0
infection_study_01	T_NK_lineage	T_NK_lineage:15	NKT Cell	terminal	666	CD3D,CD3E,TRAC,NKG7,GNLY,KLRD1,ZBTB16	CD3D,NKG7,ZBTB16	MS4A1,LST1	1.8339766064960012	1.8548042534925246	0.041655293993047765	1.0	0.9397098030346269	4.0
infection_study_01	T_NK_lineage	T_NK_lineage:16	NK Cell	terminal	641	NKG7,GNLY,KLRD1,FCGR3A,PRF1,GZMB,GZMH,TYROBP	NKG7,GNLY,KLRD1	CD3D,CD3E,TRAC,MS4A1,LST1	2.5680033889835965	2.610643289251	0.08527980053480627	1.0	0.9349682345473538	1.0
infection_study_01	T_NK_lineage	T_NK_lineage:16	T Cell	parent	641	CD3D,CD3E,CD247,TRAC,LCK	CD3D,CD3E,TRAC	MS4A1,CD79A,LST1,S100A8	0.6640533137828251	0.6881970925003802	0.048287557435110096	1.0	0.020362955465341195	6.0
infection_study_01	T_NK_lineage	T_NK_lineage:16	CD4 T Cell (ab)	parent	641	CD3D,CD3E,TRAC,CD4,IL7R	CD3D,CD3E,CD4	CD8A,CD8B,MS4A1,LST1	-0.0027567921883416423	0.08870914579367675	0.1829318759640368	1.0	0.0	10.0
infection_study_01	T_NK_lineage	T_NK_lineage:16	CD4 Naive / T Central Memory	terminal	641	CD3D,CD3E,CD4,IL7R,CCR7,SELL,TCF7,LEF1,LTB,MAL	CD4,CCR7,TCF7	NKG7,GNLY,GZMB,PRF1,FOXP3	-1.2589234566353784	0.09977858802085733	2.717404089312472	1.0	0.00032823170976721794	8.0
infection_study_01	T_NK_lineage	T_NK_lineage:16	CD4 T Effector Memory	terminal	641	CD3D,CD3E,CD4,IL7R,GZMK,CCL5,ANXA1,CXCR3,KLRB1	CD4,GZMK,CCL5	CCR7,TCF7,LEF1,FOXP3	0.6891227924683248	0.7331567463273089	0.08806790771796812	1.0	0.2342520850830507	4.0
infection_study_01	T_NK_lineage	T_NK_lineage:16	Treg	terminal	641	CD3D,CD3E,CD4,FOXP3,IL2RA,CTLA4,IKZF2,TIGIT,TNFRSF18,CCR8	FOXP3,IL2RA,CTLA4	NKG7,GNLY,GZMB,CD8A	-1.3780762630463947	0.07804754816239784	2.9122476224175853	1.0	0.0	11.0
infection_study_01	T_NK_lineage	T_NK_lineage:16	CD8 T Cell (ab)	parent	641	CD3D,CD3E,TRAC,CD8A,CD8B	CD3D,CD3E,CD8A	CD4,MS4A1,LST1	0.18956599494658344	0.2022187522718575	0.025305514650548176	1.0	0.00021611845097179445	9.0
infection_study_01	T_NK_lineage	T_NK_lineage:16	CD8 Naive / T Central Memory	terminal	641	CD3D,CD3E,CD8A,CD8B,CCR7,TCF7,LEF1,SELL,IL7R	CD8A,CCR7,TCF7	NKG7,GNLY,GZMB,PRF1	-1.5237067216414166	0.17467083417887827	3.3967551116405894	1.0	0.008489031153532457	7.0
infection_study_01	T_NK_lineage	T_NK_lineage:16	CD8 Cytotoxic / T Effector Memory	terminal	641	CD3D,CD3E,CD8A,CD8B,NKG7,GNLY,PRF1,GZMB,GZMH,CCL5,CST7	CD8A,NKG7,GNLY	CCR7,TCF7,LEF1,MS4A1	1.9155931933232864	1.9620867832943556	0.09298717994213848	1.0	0.7682384769560525	2.0
infection_study_01	T_NK_lineage	T_NK_lineage:16	ydT Cell	terminal	641	CD3D,CD3E,TRDC,TRGC1,TRGC2,TRDV2	TRDC,TRGC1,TRGC2	MS4A1,LST1	0.2585615783201427	0.27694067146650403	0.036758186292722705	1.0	0.0	12.0
infection_study_01	T_NK_lineage	T_NK_lineage:16	MAIT Cell	terminal	641	CD3D,CD3E,TRAV1-2,SLC4A10,KLRB1,DPP4,IL7R	SLC4A10,KLRB1	MS4A1,LST1	0.3697688344036627	0.38814792755002403	0.036758186292722705	1.0	0.10562176704432377	5.0
infection_study_01	T_NK_lineage	T_NK_lineage:16	NKT Cell	terminal	641	CD3D,CD3E,TRAC,NKG7,GNLY,KLRD1,ZBTB16	CD3D,NKG7,ZBTB16	MS4A1,LST1	1.55504060884826	1.5734197019946212	0.036758186292722705	1.0	0.7146747997960725	3.0
infection_study_01	T_NK_lineage	T_NK_lineage:17	NK Cell	terminal	640	NKG7,GNLY,KLRD1,FCGR3A,PRF1,GZMB,GZMH,TYROBP	NKG7,GNLY,KLRD1	CD3D,CD3E,TRAC,MS4A1,LST1	-0.40112640776438635	0.0759591512964107	0.9541711181215942	1.0	0.004437450818178749	9.0
infection_study_01	T_NK_lineage	T_NK_lineage:17	T Cell	parent	640	CD3D,CD3E,CD247,TRAC,LCK	CD3D,CD3E,TRAC	MS4A1,CD79A,LST1,S100A8	1.1026999953598715	1.2050848358124493	0.20476968090515585	1.0	0.5139168033116206	6.0
infection_study_01	T_NK_lineage	T_NK_lineage:17	CD4 T Cell (ab)	parent	640	CD3D,CD3E,TRAC,CD4,IL7R	CD3D,CD3E,CD4	CD8A,CD8B,MS4A1,LST1	1.2888585542351938	1.3611348552070557	0.14455260194372385	1.0	0.8719852636310936	4.0
infection_study_01	T_NK_lineage	T_NK_lineage:17	CD4 Naive / T Central Memory	terminal	640	CD3D,CD3E,CD4,IL7R,CCR7,SELL,TCF7,LEF1,LTB,MAL	CD4,CCR7,TCF7	NKG7,GNLY,GZMB,PRF1,FOXP3	1.1827641314454378	1.2143383220210673	0.06314838115125895	1.0	1.0	1.0
infection_study_01	T_NK_lineage	T_NK_lineage:17	CD4 T Effector Memory	terminal	640	CD3D,CD3E,CD4,IL7R,GZMK,CCL5,ANXA1,CXCR3,KLRB1	CD4,GZMK,CCL5	CCR7,TCF7,LEF1,FOXP3	0.3904800636913731	0.7758446887238986	0.770729250065051	1.0	0.0	10.0
infection_study_01	T_NK_lineage	T_NK_lineage:17	Treg	terminal	640	CD3D,CD3E,CD4,FOXP3,IL2RA,CTLA4,IKZF2,TIGIT,TNFRSF18,CCR8	FOXP3,IL2RA,CTLA4	NKG7,GNLY,GZMB,CD8A	0.29888399951625616	0.35107838639989497	0.10438877376727759	1.0	0.9892453114933432	3.0
infection_study_01	T_NK_lineage	T_NK_lineage:17	CD8 T Cell (ab)	parent	640	CD3D,CD3E,TRAC,CD8A,CD8B	CD3D,CD3E,CD8A	CD4,MS4A1,LST1	0.9137315984784316	0.9821325366199016	0.13680187628294033	1.0	0.4244367107890699	7.0
infection_study_01	T_NK_lineage	T_NK_lineage:17	CD8 Naive / T Central Memory	terminal	640	CD3D,CD3E,CD8A,CD8B,CCR7,TCF7,LEF1,SELL,IL7R	CD8A,CCR7,TCF7	NKG7,GNLY,GZMB,PRF1	1.0190450893482192	1.0581803554669023	0.07827053223736584	1.0	1.0	2.0
infection_study_01	T_NK_lineage	T_NK_lineage:17	CD8 Cytotoxic / T Effector Memory	terminal	640	CD3D,CD3E,CD8A,CD8B,NKG7,GNLY,PRF1,GZMB,GZMH,CCL5,CST7	CD8A,NKG7,GNLY	CCR7,TCF7,LEF1,MS4A1	-0.009103751478886061	0.37733050722798167	0.7728685174137354	1.0	0.0	11.0
infection_study_01	T_NK_lineage	T_NK_lineage:17	ydT Cell	terminal	640	CD3D,CD3E,TRDC,TRGC1,TRGC2,TRDV2	TRDC,TRGC1,TRGC2	MS4A1,LST1	0.48583866934447234	0.5406390837548921	0.10960082882083952	1.0	0.32589288240386527	8.0
infection_study_01	T_NK_lineage	T_NK_lineage:17	MAIT Cell	terminal	640	CD3D,CD3E,TRAV1-2,SLC4A10,KLRB1,DPP4,IL7R	SLC4A10,KLRB1	MS4A1,LST1	0.7204685965320096	0.7752690109424293	0.10960082882083952	1.0	0.7051996217174317	5.0
infection_study_01	T_NK_lineage	T_NK_lineage:17	NKT Cell	terminal	640	CD3D,CD3E,TRAC,NKG7,GNLY,KLRD1,ZBTB16	CD3D,NKG7,ZBTB16	MS4A1,LST1	0.6428053626690858	0.6976057770795057	0.10960082882083952	1.0	0.0	12.0
infection_study_01	T_NK_lineage	T_NK_lineage:18	NK Cell	terminal	592	NKG7,GNLY,KLRD1,FCGR3A,PRF1,GZMB,GZMH,TYROBP	NKG7,GNLY,KLRD1	CD3D,CD3E,TRAC,MS4A1,LST1	1.6558341702345658	1.7324723788864307	0.1532764173037297	1.0	0.6490927100263857	1.0
infection_study_01	T_NK_lineage	T_NK_lineage:18	T Cell	parent	592	CD3D,CD3E,CD247,TRAC,LCK	CD3D,CD3E,TRAC	MS4A1,CD79A,LST1,S100A8	0.4690409692860133	0.5121757972079355	0.08626965584384429	1.0	0.0	9.0
infection_study_01	T_NK_lineage	T_NK_lineage:18	CD4 T Cell (ab)	parent	592	CD3D,CD3E,TRAC,CD4,IL7R	CD3D,CD3E,CD4	CD8A,CD8B,MS4A1,LST1	0.1813550376811543	0.23672662763982208	0.11074317991733551	1.0	0.06016005372121575	7.0
infection_study_01	T_NK_lineage	T_NK_lineage:18	CD4 Naive / T Central Memory	terminal	592	CD3D,CD3E,CD4,IL7R,CCR7,SELL,TCF7,LEF1,LTB,MAL	CD4,CCR7,TCF7	NKG7,GNLY,GZMB,PRF1,FOXP3	-0.7227559981313912	0.20175018246109422	1.8490123611849707	1.0	0.22391257250944938	6.0
infection_study_01	T_NK_lineage	T_NK_lineage:18	CD4 T Effector Memory	terminal	592	CD3D,CD3E,CD4,IL7R,GZMK,CCL5,ANXA1,CXCR3,KLRB1	CD4,GZMK,CCL5	CCR7,TCF7,LEF1,FOXP3	0.44902516579865154	0.5202229616565031	0.14239559171570315	1.0	0.005576008573854743	8.0
infection_study_01	T_NK_lineage	T_NK_lineage:18	Treg	terminal	592	CD3D,CD3E,CD4,FOXP3,IL2RA,CTLA4,IKZF2,TIGIT,TNFRSF18,CCR8	FOXP3,IL2RA,CTLA4	NKG7,GNLY,GZMB,CD8A	-0.8402209860247535	0.10745203037922446	1.8953460328079559	1.0	0.3146933166580517	4.0
infection_study_01	T_NK_lineage	T_NK_lineage:18	CD8 T Cell (ab)	parent	592	CD3D,CD3E,TRAC,CD8A,CD8B	CD3D,CD3E,CD8A	CD4,MS4A1,LST1	0.18587674573735075	0.2085304987591666	0.04530750604363175	1.0	0.0	10.0
infection_study_01	T_NK_lineage	T_NK_lineage:18	CD8 Naive / T Central Memory	terminal	592	CD3D,CD3E,CD8A,CD8B,CCR7,TCF7,LEF1,SELL,IL7R	CD8A,CCR7,TCF7	NKG7,GNLY,GZMB,PRF1	-0.9264052794916224	0.227728970930562	2.308268500844369	1.0	0.24971813468887474	5.0
infection_study_01	T_NK_lineage	T_NK_lineage:18	CD8 Cytotoxic / T Effector Memory	terminal	592	CD3D,CD3E,CD8A,CD8B,NKG7,GNLY,PRF1,GZMB,GZMH,CCL5,CST7	CD8A,NKG7,GNLY	CCR7,TCF7,LEF1,MS4A1	1.307039607215572	1.3784860126875542	0.14289281094396436	1.0	0.4894248611006748	2.0
infection_study_01	T_NK_lineage	T_NK_lineage:18	ydT Cell	terminal	592	CD3D,CD3E,TRDC,TRGC1,TRGC2,TRDV2	TRDC,TRGC1,TRGC2	MS4A1,LST1	0.16516920951035644	0.18600699855937614	0.041675578098039366	1.0	0.0	11.0
infection_study_01	T_NK_lineage	T_NK_lineage:18	MAIT Cell	terminal	592	CD3D,CD3E,TRAV1-2,SLC4A10,KLRB1,DPP4,IL7R	SLC4A10,KLRB1	MS4A1,LST1	0.249557848746482	0.2703956377955017	0.041675578098039366	1.0	0.0	12.0
infection_study_01	T_NK_lineage	T_NK_lineage:18	NKT Cell	terminal	592	CD3D,CD3E,TRAC,NKG7,GNLY,KLRD1,ZBTB16	CD3D,NKG7,ZBTB16	MS4A1,LST1	1.125542998687871	1.1463807877368908	0.041675578098039366	1.0	0.3681723873844161	3.0
infection_study_01	T_NK_lineage	T_NK_lineage:19	NK Cell	terminal	588	NKG7,GNLY,KLRD1,FCGR3A,PRF1,GZMB,GZMH,TYROBP	NKG7,GNLY,KLRD1	CD3D,CD3E,TRAC,MS4A1,LST1	1.1721729224281652	1.7642921679938326	1.184238491131335	1.0	0.49751237814811533	10.0
infection_study_01	T_NK_lineage	T_NK_lineage:19	T Cell	parent	588	CD3D,CD3E,CD247,TRAC,LCK	CD3D,CD3E,TRAC	MS4A1,CD79A,LST1,S100A8	1.4787101294363842	1.5599490264848788	0.1624777940969889	1.0	0.9369936355252977	6.0
infection_study_01	T_NK_lineage	T_NK_lineage:19	CD4 T Cell (ab)	parent	588	CD3D,CD3E,TRAC,CD4,IL7R	CD3D,CD3E,CD4	CD8A,CD8B,MS4A1,LST1	0.9493228419474802	1.449628973797876	1.0006122637007917	1.0	0.6230978815327243	8.0
infection_study_01	T_NK_lineage	T_NK_lineage:19	CD4 Naive / T Central Memory	terminal	588	CD3D,CD3E,CD4,IL7R,CCR7,SELL,TCF7,LEF1,LTB,MAL	CD4,CCR7,TCF7	NKG7,GNLY,GZMB,PRF1,FOXP3	-0.2422329029765259	0.7282112373482613	1.9408882806495744	1.0	0.4242929532378792	11.0
infection_study_01	T_NK_lineage	T_NK_lineage:19	CD4 T Effector Memory	terminal	588	CD3D,CD3E,CD4,IL7R,GZMK,CCL5,ANXA1,CXCR3,KLRB1	CD4,GZMK,CCL5	CCR7,TCF7,LEF1,FOXP3	1.5581234666763137	1.6142007382368375	0.11215454312104757	1.0	1.0	1.0
infection_study_01	T_NK_lineage	T_NK_lineage:19	Treg	terminal	588	CD3D,CD3E,CD4,FOXP3,IL2RA,CTLA4,IKZF2,TIGIT,TNFRSF18,CCR8	FOXP3,IL2RA,CTLA4	NKG7,GNLY,GZMB,CD8A	-0.8654157621215801	0.46378587971941954	2.658403283681999	1.0	0.2997735448273006	12.0
infection_study_01	T_NK_lineage	T_NK_lineage:19	CD8 T Cell (ab)	parent	588	CD3D,CD3E,TRAC,CD8A,CD8B	CD3D,CD3E,CD8A	CD4,MS4A1,LST1	1.892096672306796	1.923561654873446	0.06292996513329935	1.0	0.9975688909397981	3.0
infection_study_01	T_NK_lineage	T_NK_lineage:19	CD8 Naive / T Central Memory	terminal	588	CD3D,CD3E,CD8A,CD8B,CCR7,TCF7,LEF1,SELL,IL7R	CD8A,CCR7,TCF7	NKG7,GNLY,GZMB,PRF1	-0.02812268222996843	1.1845328509131798	2.4253110662862962	1.0	0.6125029705649023	9.0
infection_study_01	T_NK_lineage	T_NK_lineage:19	CD8 Cytotoxic / T Effector Memory	terminal	588	CD3D,CD3E,CD8A,CD8B,NKG7,GNLY,PRF1,GZMB,GZMH,CCL5,CST7	CD8A,NKG7,GNLY	CCR7,TCF7,LEF1,MS4A1	2.372844938340844	2.429956169659589	0.11422246263748935	1.0	0.9777319633060961	5.0
infection_study_01	T_NK_lineage	T_NK_lineage:19	ydT Cell	terminal	588	CD3D,CD3E,TRDC,TRGC1,TRGC2,TRDV2	TRDC,TRGC1,TRGC2	MS4A1,LST1	0.802420837563925	0.8406499920755016	0.07645830902315322	1.0	0.8031112640356605	7.0
infection_study_01	T_NK_lineage	T_NK_lineage:19	MAIT Cell	terminal	588	CD3D,CD3E,TRAV1-2,SLC4A10,KLRB1,DPP4,IL7R	SLC4A10,KLRB1	MS4A1,LST1	0.8856874747985595	0.9239166293101363	0.07645830902315322	1.0	0.987667964385715	4.0
infection_study_01	T_NK_lineage	T_NK_lineage:19	NKT Cell	terminal	588	CD3D,CD3E,TRAC,NKG7,GNLY,KLRD1,ZBTB16	CD3D,NKG7,ZBTB16	MS4A1,LST1	1.9067949889765365	1.9450241434881133	0.07645830902315322	1.0	0.9984569173387037	2.0
infection_study_01	T_NK_lineage	T_NK_lineage:20	NK Cell	terminal	558	NKG7,GNLY,KLRD1,FCGR3A,PRF1,GZMB,GZMH,TYROBP	NKG7,GNLY,KLRD1	CD3D,CD3E,TRAC,MS4A1,LST1	1.386063740827063	1.6826067091796988	0.5930859367052714	1.0	0.5645461572355759	3.0
infection_study_01	T_NK_lineage	T_NK_lineage:20	T Cell	parent	558	CD3D,CD3E,CD247,TRAC,LCK	CD3D,CD3E,TRAC	MS4A1,CD79A,LST1,S100A8	0.8633383364126247	0.9130454364216029	0.09941420001795642	1.0	0.24459328449336173	12.0
infection_study_01	T_NK_lineage	T_NK_lineage:20	CD4 T Cell (ab)	parent	558	CD3D,CD3E,TRAC,CD4,IL7R	CD3D,CD3E,CD4	CD8A,CD8B,MS4A1,LST1	0.5309266898046685	0.6775767363955043	0.29330009318167166	1.0	0.31640400746207725	10.0
infection_study_01	T_NK_lineage	T_NK_lineage:20	CD4 Naive / T Central Memory	terminal	558	CD3D,CD3E,CD4,IL7R,CCR7,SELL,TCF7,LEF1,LTB,MAL	CD4,CCR7,TCF7	NKG7,GNLY,GZMB,PRF1,FOXP3	-0.5579958836023953	0.3452874736546615	1.8065667145141138	1.0	0.2926183117570911	11.0
infection_study_01	T_NK_lineage	T_NK_lineage:20	CD4 T Effector Memory	terminal	558	CD3D,CD3E,CD4,IL7R,GZMK,CCL5,ANXA1,CXCR3,KLRB1	CD4,GZMK,CCL5	CCR7,TCF7,LEF1,FOXP3	0.8914063025513691	0.9360034403241712	0.08919427554560391	1.0	0.42691287923550597	5.0
infection_study_01	T_NK_lineage	T_NK_lineage:20	Treg	terminal	558	CD3D,CD3E,CD4,FOXP3,IL2RA,CTLA4,IKZF2,TIGIT,TNFRSF18,CCR8	FOXP3,IL2RA,CTLA4	NKG7,GNLY,GZMB,CD8A	-0.7927740086764631	0.2558191398459096	2.0971862970447455	1.0	0.34279033460235775	7.0
infection_study_01	T_NK_lineage	T_NK_lineage:20	CD8 T Cell (ab)	parent	558	CD3D,CD3E,TRAC,CD8A,CD8B	CD3D,CD3E,CD8A	CD4,MS4A1,LST1	0.7684878676382016	0.7889780955929909	0.040980455909578606	1.0	0.3393520544205107	8.0
infection_study_01	T_NK_lineage	T_NK_lineage:20	CD8 Naive / T Central Memory	terminal	558	CD3D,CD3E,CD8A,CD8B,CCR7,TCF7,LEF1,SELL,IL7R	CD8A,CCR7,TCF7	NKG7,GNLY,GZMB,PRF1	-0.6447531189821433	0.4843510775891778	2.258208393142642	1.0	0.3634675640288679	6.0
infection_study_01	T_NK_lineage	T_NK_lineage:20	CD8 Cytotoxic / T Effector Memory	terminal	558	CD3D,CD3E,CD8A,CD8B,NKG7,GNLY,PRF1,GZMB,GZMH,CCL5,CST7	CD8A,NKG7,GNLY	CCR7,TCF7,LEF1,MS4A1	1.7282260651319354	1.775663254605943	0.09487437894801512	1.0	0.682394752268475	1.0
infection_study_01	T_NK_lineage	T_NK_lineage:20	ydT Cell	terminal	558	CD3D,CD3E,TRDC,TRGC1,TRGC2,TRDV2	TRDC,TRGC1,TRGC2	MS4A1,LST1	0.5965991378578234	0.6208165851438344	0.048434894572022144	1.0	0.4928540597500281	4.0
infection_study_01	T_NK_lineage	T_NK_lineage:20	MAIT Cell	terminal	558	CD3D,CD3E,TRAV1-2,SLC4A10,KLRB1,DPP4,IL7R	SLC4A10,KLRB1	MS4A1,LST1	0.4969961304299597	0.5212135777159708	0.048434894572022144	1.0	0.3231373671244577	9.0
infection_study_01	T_NK_lineage	T_NK_lineage:20	NKT Cell	terminal	558	CD3D,CD3E,TRAC,NKG7,GNLY,KLRD1,ZBTB16	CD3D,NKG7,ZBTB16	MS4A1,LST1	1.4760313072664826	1.5002487545524936	0.048434894572022144	1.0	0.6509330863303736	2.0
infection_study_01	T_NK_lineage	T_NK_lineage:21	NK Cell	terminal	554	NKG7,GNLY,KLRD1,FCGR3A,PRF1,GZMB,GZMH,TYROBP	NKG7,GNLY,KLRD1	CD3D,CD3E,TRAC,MS4A1,LST1	0.3773239618200903	0.9377419470476545	1.1208359704551283	1.0	0.24840524006642797	12.0
infection_study_01	T_NK_lineage	T_NK_lineage:21	T Cell	parent	554	CD3D,CD3E,CD247,TRAC,LCK	CD3D,CD3E,TRAC	MS4A1,CD79A,LST1,S100A8	1.4475885761451204	1.47833454673471	0.06149194117917911	1.0	0.901976472457672	2.0
infection_study_01	T_NK_lineage	T_NK_lineage:21	CD4 T Cell (ab)	parent	554	CD3D,CD3E,TRAC,CD4,IL7R	CD3D,CD3E,CD4	CD8A,CD8B,MS4A1,LST1	1.1384957434710397	1.421489714952152	0.5659879429622248	1.0	0.7617659111986425	6.0
infection_study_01	T_NK_lineage	T_NK_lineage:21	CD4 Naive / T Central Memory	terminal	554	CD3D,CD3E,CD4,IL7R,CCR7,SELL,TCF7,LEF1,LTB,MAL	CD4,CCR7,TCF7	NKG7,GNLY,GZMB,PRF1,FOXP3	0.3126625538195083	0.8003703906863174	0.9754156737336184	1.0	0.6556869570191758	9.0
infection_study_01	T_NK_lineage	T_NK_lineage:21	CD4 T Effector Memory	terminal	554	CD3D,CD3E,CD4,IL7R,GZMK,CCL5,ANXA1,CXCR3,KLRB1	CD4,GZMK,CCL5	CCR7,TCF7,LEF1,FOXP3	1.2926417693504717	1.4410097469204743	0.2967359551400054	1.0	0.8090613976387655	4.0
infection_study_01	T_NK_lineage	T_NK_lineage:21	Treg	terminal	554	CD3D,CD3E,CD4,FOXP3,IL2RA,CTLA4,IKZF2,TIGIT,TNFRSF18,CCR8	FOXP3,IL2RA,CTLA4	NKG7,GNLY,GZMB,CD8A	-0.2390503879434796	0.4356611515640782	1.3494230790151156	1.0	0.6706928349811582	8.0
infection_study_01	T_NK_lineage	T_NK_lineage:21	CD8 T Cell (ab)	parent	554	CD3D,CD3E,TRAC,CD8A,CD8B	CD3D,CD3E,CD8A	CD4,MS4A1,LST1	1.4876819178013736	1.5265622716733265	0.07776070774390523	1.0	0.7606602807133089	7.0
infection_study_01	T_NK_lineage	T_NK_lineage:21	CD8 Naive / T Central Memory	terminal	554	CD3D,CD3E,CD8A,CD8B,CCR7,TCF7,LEF1,SELL,IL7R	CD8A,CCR7,TCF7	NKG7,GNLY,GZMB,PRF1	0.39058459191360817	0.9998173507948837	1.2184655177625507	1.0	0.7816041534146357	5.0
infection_study_01	T_NK_lineage	T_NK_lineage:21	CD8 Cytotoxic / T Effector Memory	terminal	554	CD3D,CD3E,CD8A,CD8B,NKG7,GNLY,PRF1,GZMB,GZMH,CCL5,CST7	CD8A,NKG7,GNLY	CCR7,TCF7,LEF1,MS4A1	1.419749066637096	1.5708236027280347	0.30214907218187725	1.0	0.5410635871550437	11.0
infection_study_01	T_NK_lineage	T_NK_lineage:21	ydT Cell	terminal	554	CD3D,CD3E,TRDC,TRGC1,TRGC2,TRDV2	TRDC,TRGC1,TRGC2	MS4A1,LST1	0.8281769709914888	0.8575920042112274	0.058830066439477115	1.0	0.8419362565503189	3.0
infection_study_01	T_NK_lineage	T_NK_lineage:21	MAIT Cell	terminal	554	CD3D,CD3E,TRAV1-2,SLC4A10,KLRB1,DPP4,IL7R	SLC4A10,KLRB1	MS4A1,LST1	0.8544140365848902	0.8838290698046288	0.058830066439477115	1.0	0.9342009734798544	1.0
infection_study_01	T_NK_lineage	T_NK_lineage:21	NKT Cell	terminal	554	CD3D,CD3E,TRAC,NKG7,GNLY,KLRD1,ZBTB16	CD3D,NKG7,ZBTB16	MS4A1,LST1	1.3773724218007213	1.40678745502046	0.058830066439477115	1.0	0.5713388324602169	10.0
infection_study_01	T_NK_lineage	T_NK_lineage:22	NK Cell	terminal	550	NKG7,GNLY,KLRD1,FCGR3A,PRF1,GZMB,GZMH,TYROBP	NKG7,GNLY,KLRD1	CD3D,CD3E,TRAC,MS4A1,LST1	0.8837718526937745	1.4151308724284173	1.0627180394692854	1.0	0.40712694813349953	12.0
infection_study_01	T_NK_lineage	T_NK_lineage:22	T Cell	parent	550	CD3D,CD3E,CD247,TRAC,LCK	CD3D,CD3E,TRAC	MS4A1,CD79A,LST1,S100A8	1.4131820327734406	1.4580746727314864	0.08978527991609139	1.0	0.8632631239122556	4.0
infection_study_01	T_NK_lineage	T_NK_lineage:22	CD4 T Cell (ab)	parent	550	CD3D,CD3E,TRAC,CD4,IL7R	CD3D,CD3E,CD4	CD8A,CD8B,MS4A1,LST1	1.1091178332865237	1.2871175165934996	0.3559993666139516	1.0	0.7402312363684751	6.0
infection_study_01	T_NK_lineage	T_NK_lineage:22	CD4 Naive / T Central Memory	terminal	550	CD3D,CD3E,CD4,IL7R,CCR7,SELL,TCF7,LEF1,LTB,MAL	CD4,CCR7,TCF7	NKG7,GNLY,GZMB,PRF1,FOXP3	-0.010705269022421401	0.7575037649328059	1.5364180679104544	1.0	0.5208410607246254	10.0
infection_study_01	T_NK_lineage	T_NK_lineage:22	CD4 T Effector Memory	terminal	550	CD3D,CD3E,CD4,IL7R,GZMK,CCL5,ANXA1,CXCR3,KLRB1	CD4,GZMK,CCL5	CCR7,TCF7,LEF1,FOXP3	1.4858941374102026	1.5842586243754688	0.1967289739305323	1.0	0.9931206651833383	3.0
infection_study_01	T_NK_lineage	T_NK_lineage:22	Treg	terminal	550	CD3D,CD3E,CD4,FOXP3,IL2RA,CTLA4,IKZF2,TIGIT,TNFRSF18,CCR8	FOXP3,IL2RA,CTLA4	NKG7,GNLY,GZMB,CD8A	-0.49884065635637803	0.4251442770578644	1.847969866828485	1.0	0.5168509626154723	11.0
infection_study_01	T_NK_lineage	T_NK_lineage:22	CD8 T Cell (ab)	parent	550	CD3D,CD3E,TRAC,CD8A,CD8B	CD3D,CD3E,CD8A	CD4,MS4A1,LST1	1.2184616806669668	1.2612936132170938	0.08566386510025371	1.0	0.6029494367992227	8.0
infection_study_01	T_NK_lineage	T_NK_lineage:22	CD8 Naive / T Central Memory	terminal	550	CD3D,CD3E,CD8A,CD8B,CCR7,TCF7,LEF1,SELL,IL7R	CD8A,CCR7,TCF7	NKG7,GNLY,GZMB,PRF1	-0.09910716022355387	0.8611541322204802	1.920522584888068	1.0	0.5838348295175843	9.0
infection_study_01	T_NK_lineage	T_NK_lineage:22	CD8 Cytotoxic / T Effector Memory	terminal	550	CD3D,CD3E,CD8A,CD8B,NKG7,GNLY,PRF1,GZMB,GZMH,CCL5,CST7	CD8A,NKG7,GNLY	CCR7,TCF7,LEF1,MS4A1	1.7190543683279644	1.8211384379321878	0.20416813920844684	1.0	0.6781926671804549	7.0
infection_study_01	T_NK_lineage	T_NK_lineage:22	ydT Cell	terminal	550	CD3D,CD3E,TRDC,TRGC1,TRGC2,TRDV2	TRDC,TRGC1,TRGC2	MS4A1,LST1	1.0573047363080763	1.1111946860226718	0.10777989942919124	1.0	1.0	1.0
infection_study_01	T_NK_lineage	T_NK_lineage:22	MAIT Cell	terminal	550	CD3D,CD3E,TRAV1-2,SLC4A10,KLRB1,DPP4,IL7R	SLC4A10,KLRB1	MS4A1,LST1	0.9578189239970276	1.0117088737116233	0.10777989942919124	1.0	1.0	2.0
infection_study_01	T_NK_lineage	T_NK_lineage:22	NKT Cell	terminal	550	CD3D,CD3E,TRAC,NKG7,GNLY,KLRD1,ZBTB16	CD3D,NKG7,ZBTB16	MS4A1,LST1	1.6729793411280427	1.7268692908426384	0.10777989942919124	1.0	0.8098233041997558	5.0
infection_study_01	T_NK_lineage	T_NK_lineage:23	NK Cell	terminal	505	NKG7,GNLY,KLRD1,FCGR3A,PRF1,GZMB,GZMH,TYROBP	NKG7,GNLY,KLRD1	CD3D,CD3E,TRAC,MS4A1,LST1	2.5710666667706894	2.665794971024636	0.18945660850789287	1.0	0.9359282714858284	1.0
infection_study_01	T_NK_lineage	T_NK_lineage:23	T Cell	parent	505	CD3D,CD3E,CD247,TRAC,LCK	CD3D,CD3E,TRAC	MS4A1,CD79A,LST1,S100A8	0.7583774102530857	0.7792888299545438	0.04182283940291641	1.0	0.12649397779553925	7.0
infection_study_01	T_NK_lineage	T_NK_lineage:23	CD4 T Cell (ab)	parent	505	CD3D,CD3E,TRAC,CD4,IL7R	CD3D,CD3E,CD4	CD8A,CD8B,MS4A1,LST1	0.12734888545947498	0.18277148591409814	0.11084520090924631	1.0	0.020572318595816423	9.0
infection_study_01	T_NK_lineage	T_NK_lineage:23	CD4 Naive / T Central Memory	terminal	505	CD3D,CD3E,CD4,IL7R,CCR7,SELL,TCF7,LEF1,LTB,MAL	CD4,CCR7,TCF7	NKG7,GNLY,GZMB,PRF1,FOXP3	-1.21758978306657	0.15049727103497723	2.7361741082030946	1.0	0.017564567132840152	11.0
infection_study_01	T_NK_lineage	T_NK_lineage:23	CD4 T Effector Memory	terminal	505	CD3D,CD3E,CD4,IL7R,GZMK,CCL5,ANXA1,CXCR3,KLRB1	CD4,GZMK,CCL5	CCR7,TCF7,LEF1,FOXP3	0.8653626635605091	0.9050030201312864	0.07928071314155466	1.0	0.40210814765585795	4.0
infection_study_01	T_NK_lineage	T_NK_lineage:23	Treg	terminal	505	CD3D,CD3E,CD4,FOXP3,IL2RA,CTLA4,IKZF2,TIGIT,TNFRSF18,CCR8	FOXP3,IL2RA,CTLA4	NKG7,GNLY,GZMB,CD8A	-1.3405578101625537	0.12387380098352338	2.9288632222921542	1.0	0.018405259722357778	10.0
infection_study_01	T_NK_lineage	T_NK_lineage:23	CD8 T Cell (ab)	parent	505	CD3D,CD3E,TRAC,CD8A,CD8B	CD3D,CD3E,CD8A	CD4,MS4A1,LST1	0.22901666375276677	0.24371780253873013	0.02940227757192681	1.0	0.023326558946171597	8.0
infection_study_01	T_NK_lineage	T_NK_lineage:23	CD8 Naive / T Central Memory	terminal	505	CD3D,CD3E,CD8A,CD8B,CCR7,TCF7,LEF1,SELL,IL7R	CD8A,CCR7,TCF7	NKG7,GNLY,GZMB,PRF1	-1.5169397155771687	0.19316910204976567	3.4202176352538687	1.0	0.011221987565995595	12.0
infection_study_01	T_NK_lineage	T_NK_lineage:23	CD8 Cytotoxic / T Effector Memory	terminal	505	CD3D,CD3E,CD8A,CD8B,NKG7,GNLY,PRF1,GZMB,GZMH,CCL5,CST7	CD8A,NKG7,GNLY	CCR7,TCF7,LEF1,MS4A1	2.030815553591393	2.0710466729532375	0.08046223872368878	1.0	0.8210285083142042	2.0
infection_study_01	T_NK_lineage	T_NK_lineage:23	ydT Cell	terminal	505	CD3D,CD3E,TRDC,TRGC1,TRGC2,TRDV2	TRDC,TRGC1,TRGC2	MS4A1,LST1	0.3633768277199748	0.3848861819053247	0.04301870837069974	1.0	0.14129296573647737	6.0
infection_study_01	T_NK_lineage	T_NK_lineage:23	MAIT Cell	terminal	505	CD3D,CD3E,TRAV1-2,SLC4A10,KLRB1,DPP4,IL7R	SLC4A10,KLRB1	MS4A1,LST1	0.39637841933856083	0.41788777352391077	0.04301870837069974	1.0	0.15111514791285466	5.0
infection_study_01	T_NK_lineage	T_NK_lineage:23	NKT Cell	terminal	505	CD3D,CD3E,TRAC,NKG7,GNLY,KLRD1,ZBTB16	CD3D,NKG7,ZBTB16	MS4A1,LST1	1.6632903676053254	1.6847997217906754	0.04301870837069974	1.0	0.8020066071565278	3.0
infection_study_01	T_NK_lineage	T_NK_lineage:24	NK Cell	terminal	504	NKG7,GNLY,KLRD1,FCGR3A,PRF1,GZMB,GZMH,TYROBP	NKG7,GNLY,KLRD1	CD3D,CD3E,TRAC,MS4A1,LST1	0.9395375623973826	1.5117722752223175	1.14446942564987	1.0	0.42460402495666444	12.0
infection_study_01	T_NK_lineage	T_NK_lineage:24	T Cell	parent	504	CD3D,CD3E,CD247,TRAC,LCK	CD3D,CD3E,TRAC	MS4A1,CD79A,LST1,S100A8	1.4491073994291208	1.5076153828984216	0.1170159669386016	1.0	0.9036854129501016	3.0
infection_study_01	T_NK_lineage	T_NK_lineage:24	CD4 T Cell (ab)	parent	504	CD3D,CD3E,TRAC,CD4,IL7R	CD3D,CD3E,CD4	CD8A,CD8B,MS4A1,LST1	1.2626147076487542	1.4472945778615889	0.36935974042566994	1.0	0.8527479285387681	5.0
infection_study_01	T_NK_lineage	T_NK_lineage:24	CD4 Naive / T Central Memory	terminal	504	CD3D,CD3E,CD4,IL7R,CCR7,SELL,TCF7,LEF1,LTB,MAL	CD4,CCR7,TCF7	NKG7,GNLY,GZMB,PRF1,FOXP3	-0.1020539578464296	0.7347845816896076	1.6736770790720743	1.0	0.4827482297448817	11.0
infection_study_01	T_NK_lineage	T_NK_lineage:24	CD4 T Effector Memory	terminal	504	CD3D,CD3E,CD4,IL7R,GZMK,CCL5,ANXA1,CXCR3,KLRB1	CD4,GZMK,CCL5	CCR7,TCF7,LEF1,FOXP3	1.3909172659486901	1.4636564960923357	0.14547846028729092	1.0	0.9026618854519673	4.0
infection_study_01	T_NK_lineage	T_NK_lineage:24	Treg	terminal	504	CD3D,CD3E,CD4,FOXP3,IL2RA,CTLA4,IKZF2,TIGIT,TNFRSF18,CCR8	FOXP3,IL2RA,CTLA4	NKG7,GNLY,GZMB,CD8A	-0.5087951748084927	0.482455753002848	1.9825018556226814	1.0	0.5109561238036577	10.0
infection_study_01	T_NK_lineage	T_NK_lineage:24	CD8 T Cell (ab)	parent	504	CD3D,CD3E,TRAC,CD8A,CD8B	CD3D,CD3E,CD8A	CD4,MS4A1,LST1	1.303948074433381	1.3818032632271446	0.15571037758752782	1.0	0.6530278835295931	8.0
infection_study_01	T_NK_lineage	T_NK_lineage:24	CD8 Naive / T Central Memory	terminal	504	CD3D,CD3E,CD8A,CD8B,CCR7,TCF7,LEF1,SELL,IL7R	CD8A,CCR7,TCF7	NKG7,GNLY,GZMB,PRF1	-0.19715289697642363	0.848546845335809	2.0913994846244655	1.0	0.5442375951676537	9.0
infection_study_01	T_NK_lineage	T_NK_lineage:24	CD8 Cytotoxic / T Effector Memory	terminal	504	CD3D,CD3E,CD8A,CD8B,NKG7,GNLY,PRF1,GZMB,GZMH,CCL5,CST7	CD8A,NKG7,GNLY	CCR7,TCF7,LEF1,MS4A1	1.9062816510138252	1.9828635987114769	0.15316389539530353	1.0	0.7639723205488637	7.0
infection_study_01	T_NK_lineage	T_NK_lineage:24	ydT Cell	terminal	504	CD3D,CD3E,TRDC,TRGC1,TRGC2,TRDV2	TRDC,TRGC1,TRGC2	MS4A1,LST1	0.9115082507844641	0.9478544725115021	0.07269244345407637	1.0	0.9675504650377142	2.0
infection_study_01	T_NK_lineage	T_NK_lineage:24	MAIT Cell	terminal	504	CD3D,CD3E,TRAV1-2,SLC4A10,KLRB1,DPP4,IL7R	SLC4A10,KLRB1	MS4A1,LST1	0.8807239857694459	0.9170702074964842	0.07269244345407637	1.0	0.9791820786648109	1.0
infection_study_01	T_NK_lineage	T_NK_lineage:24	NKT Cell	terminal	504	CD3D,CD3E,TRAC,NKG7,GNLY,KLRD1,ZBTB16	CD3D,NKG7,ZBTB16	MS4A1,LST1	1.713355988652663	1.749702210379701	0.07269244345407637	1.0	0.842397654886251	6.0
infection_study_01	T_NK_lineage	T_NK_lineage:25	NK Cell	terminal	474	NKG7,GNLY,KLRD1,FCGR3A,PRF1,GZMB,GZMH,TYROBP	NKG7,GNLY,KLRD1	CD3D,CD3E,TRAC,MS4A1,LST1	-0.4144515189440441	0.16338247104787626	1.1556679799838407	1.0	0.00026133626674819204	12.0
infection_study_01	T_NK_lineage	T_NK_lineage:25	T Cell	parent	474	CD3D,CD3E,CD247,TRAC,LCK	CD3D,CD3E,TRAC	MS4A1,CD79A,LST1,S100A8	1.401199882315621	1.4646659702188356	0.12693217580642882	1.0	0.8497811195741215	5.0
infection_study_01	T_NK_lineage	T_NK_lineage:25	CD4 T Cell (ab)	parent	474	CD3D,CD3E,TRAC,CD4,IL7R	CD3D,CD3E,CD4	CD8A,CD8B,MS4A1,LST1	1.4537918861656751	1.5712427435670724	0.23490171480279431	1.0	0.9928851387233324	2.0
infection_study_01	T_NK_lineage	T_NK_lineage:25	CD4 Naive / T Central Memory	terminal	474	CD3D,CD3E,CD4,IL7R,CCR7,SELL,TCF7,LEF1,LTB,MAL	CD4,CCR7,TCF7	NKG7,GNLY,GZMB,PRF1,FOXP3	1.0481768196267922	1.1620768192573943	0.2277999992612042	1.0	0.962399849905533	3.0
infection_study_01	T_NK_lineage	T_NK_lineage:25	CD4 T Effector Memory	terminal	474	CD3D,CD3E,CD4,IL7R,GZMK,CCL5,ANXA1,CXCR3,KLRB1	CD4,GZMK,CCL5	CCR7,TCF7,LEF1,FOXP3	0.7471662171471444	0.9641081981615903	0.43388396202889173	1.0	0.28953435841002	9.0
infection_study_01	T_NK_lineage	T_NK_lineage:25	Treg	terminal	474	CD3D,CD3E,CD4,FOXP3,IL2RA,CTLA4,IKZF2,TIGIT,TNFRSF18,CCR8	FOXP3,IL2RA,CTLA4	NKG7,GNLY,GZMB,CD8A	0.4097760677494831	0.5402152808846803	0.26087842627039437	1.0	1.0	1.0
infection_study_01	T_NK_lineage	T_NK_lineage:25	CD8 T Cell (ab)	parent	474	CD3D,CD3E,TRAC,CD8A,CD8B	CD3D,CD3E,CD8A	CD4,MS4A1,LST1	1.1225095948317048	1.2288658537693669	0.212712517875324	1.0	0.5467401243289975	7.0
infection_study_01	T_NK_lineage	T_NK_lineage:25	CD8 Naive / T Central Memory	terminal	474	CD3D,CD3E,CD8A,CD8B,CCR7,TCF7,LEF1,SELL,IL7R	CD8A,CCR7,TCF7	NKG7,GNLY,GZMB,PRF1	0.8372528552764522	0.9535580085746793	0.23261030659645418	1.0	0.9619977991438304	4.0
infection_study_01	T_NK_lineage	T_NK_lineage:25	CD8 Cytotoxic / T Effector Memory	terminal	474	CD3D,CD3E,CD8A,CD8B,NKG7,GNLY,PRF1,GZMB,GZMH,CCL5,CST7	CD8A,NKG7,GNLY	CCR7,TCF7,LEF1,MS4A1	0.3813663853820389	0.5754499727389252	0.38816717471377254	1.0	0.06532038785183503	11.0
infection_study_01	T_NK_lineage	T_NK_lineage:25	ydT Cell	terminal	474	CD3D,CD3E,TRDC,TRGC1,TRGC2,TRDV2	TRDC,TRGC1,TRGC2	MS4A1,LST1	0.5708486380477327	0.6425508243331762	0.1434043725708869	1.0	0.4540375593934352	8.0
infection_study_01	T_NK_lineage	T_NK_lineage:25	MAIT Cell	terminal	474	CD3D,CD3E,TRAV1-2,SLC4A10,KLRB1,DPP4,IL7R	SLC4A10,KLRB1	MS4A1,LST1	0.7965874721382021	0.8682896584236456	0.1434043725708869	1.0	0.835337126970108	6.0
infection_study_01	T_NK_lineage	T_NK_lineage:25	NKT Cell	terminal	474	CD3D,CD3E,TRAC,NKG7,GNLY,KLRD1,ZBTB16	CD3D,NKG7,ZBTB16	MS4A1,LST1	0.8274104097895122	0.8991125960749556	0.1434043725708869	1.0	0.12765030104908834	10.0
infection_study_01	T_NK_lineage	T_NK_lineage:26	NK Cell	terminal	440	NKG7,GNLY,KLRD1,FCGR3A,PRF1,GZMB,GZMH,TYROBP	NKG7,GNLY,KLRD1	CD3D,CD3E,TRAC,MS4A1,LST1	2.713980347365141	2.9023494732650845	0.3767382517998869	1.0	0.9807176839779436	1.0
infection_study_01	T_NK_lineage	T_NK_lineage:26	T Cell	parent	440	CD3D,CD3E,CD247,TRAC,LCK	CD3D,CD3E,TRAC	MS4A1,CD79A,LST1,S100A8	0.9226025656983257	1.014044347974387	0.1828835645521229	1.0	0.31127585530055524	6.0
infection_study_01	T_NK_lineage	T_NK_lineage:26	CD4 T Cell (ab)	parent	440	CD3D,CD3E,TRAC,CD4,IL7R	CD3D,CD3E,CD4	CD8A,CD8B,MS4A1,LST1	0.3075749538161538	0.36173686439340763	0.10832382115450773	1.0	0.152682116522362	7.0
infection_study_01	T_NK_lineage	T_NK_lineage:26	CD4 Naive / T Central Memory	terminal	440	CD3D,CD3E,CD4,IL7R,CCR7,SELL,TCF7,LEF1,LTB,MAL	CD4,CCR7,TCF7	NKG7,GNLY,GZMB,PRF1,FOXP3	-1.1645616275749422	0.2198734242807735	2.7688701037114316	1.0	0.039677556277127234	11.0
infection_study_01	T_NK_lineage	T_NK_lineage:26	CD4 T Effector Memory	terminal	440	CD3D,CD3E,CD4,IL7R,GZMK,CCL5,ANXA1,CXCR3,KLRB1	CD4,GZMK,CCL5	CCR7,TCF7,LEF1,FOXP3	1.0156144563202756	1.0417998833337216	0.05237085402689197	1.0	0.5452123962623941	4.0
infection_study_01	T_NK_lineage	T_NK_lineage:26	Treg	terminal	440	CD3D,CD3E,CD4,FOXP3,IL2RA,CTLA4,IKZF2,TIGIT,TNFRSF18,CCR8	FOXP3,IL2RA,CTLA4	NKG7,GNLY,GZMB,CD8A	-1.2618934363871814	0.20711637839674948	2.9380196295678616	1.0	0.06498850790948107	10.0
infection_study_01	T_NK_lineage	T_NK_lineage:26	CD8 T Cell (ab)	parent	440	CD3D,CD3E,TRAC,CD8A,CD8B	CD3D,CD3E,CD8A	CD4,MS4A1,LST1	0.36615617720466676	0.39623846495693377	0.060164575504534176	1.0	0.10366371573156014	9.0
infection_study_01	T_NK_lineage	T_NK_lineage:26	CD8 Naive / T Central Memory	terminal	440	CD3D,CD3E,CD8A,CD8B,CCR7,TCF7,LEF1,SELL,IL7R	CD8A,CCR7,TCF7	NKG7,GNLY,GZMB,PRF1	-1.470229810831899	0.2603140039877458	3.4610876296392896	1.0	0.030086479852114753	12.0
infection_study_01	T_NK_lineage	T_NK_lineage:26	CD8 Cytotoxic / T Effector Memory	terminal	440	CD3D,CD3E,CD8A,CD8B,NKG7,GNLY,PRF1,GZMB,GZMH,CCL5,CST7	CD8A,NKG7,GNLY	CCR7,TCF7,LEF1,MS4A1	2.323852130642915	2.3506630248890437	0.05362178849225695	1.0	0.9552855228002817	2.0
infection_study_01	T_NK_lineage	T_NK_lineage:26	ydT Cell	terminal	440	CD3D,CD3E,TRDC,TRGC1,TRGC2,TRDV2	TRDC,TRGC1,TRGC2	MS4A1,LST1	0.5176820813593539	0.5596563587134535	0.08394855470819906	1.0	0.3738938852172716	5.0
infection_study_01	T_NK_lineage	T_NK_lineage:26	MAIT Cell	terminal	440	CD3D,CD3E,TRAV1-2,SLC4A10,KLRB1,DPP4,IL7R	SLC4A10,KLRB1	MS4A1,LST1	0.38549093570705356	0.4274652130611531	0.08394855470819906	1.0	0.132501237144992	8.0
infection_study_01	T_NK_lineage	T_NK_lineage:26	NKT Cell	terminal	440	CD3D,CD3E,TRAC,NKG7,GNLY,KLRD1,ZBTB16	CD3D,NKG7,ZBTB16	MS4A1,LST1	1.750968782386029	1.7929430597401284	0.08394855470819906	1.0	0.8727422329650123	3.0
infection_study_01	T_NK_lineage	T_NK_lineage:27	NK Cell	terminal	343	NKG7,GNLY,KLRD1,FCGR3A,PRF1,GZMB,GZMH,TYROBP	NKG7,GNLY,KLRD1	CD3D,CD3E,TRAC,MS4A1,LST1	1.8081582846777084	2.087947437479962	0.5595783056045065	1.0	0.6968313699357225	3.0
infection_study_01	T_NK_lineage	T_NK_lineage:27	T Cell	parent	343	CD3D,CD3E,CD247,TRAC,LCK	CD3D,CD3E,TRAC	MS4A1,CD79A,LST1,S100A8	1.0124961026599386	1.0591186323944402	0.09324505946900337	1.0	0.41242172720001674	5.0
infection_study_01	T_NK_lineage	T_NK_lineage:27	CD4 T Cell (ab)	parent	343	CD3D,CD3E,TRAC,CD4,IL7R	CD3D,CD3E,CD4	CD8A,CD8B,MS4A1,LST1	0.5509993876382144	0.6718628974072093	0.24172701953798967	1.0	0.33111775047833325	7.0
infection_study_01	T_NK_lineage	T_NK_lineage:27	CD4 Naive / T Central Memory	terminal	343	CD3D,CD3E,CD4,IL7R,CCR7,SELL,TCF7,LEF1,LTB,MAL	CD4,CCR7,TCF7	NKG7,GNLY,GZMB,PRF1,FOXP3	-0.6413614680051108	0.34188243868399637	1.9664878133782142	1.0	0.2578544727019038	11.0
infection_study_01	T_NK_lineage	T_NK_lineage:27	CD4 T Effector Memory	terminal	343	CD3D,CD3E,CD4,IL7R,GZMK,CCL5,ANXA1,CXCR3,KLRB1	CD4,GZMK,CCL5	CCR7,TCF7,LEF1,FOXP3	0.930614073694737	0.9851182060871921	0.10900826478491024	1.0	0.4642555193860941	4.0
infection_study_01	T_NK_lineage	T_NK_lineage:27	Treg	terminal	343	CD3D,CD3E,CD4,FOXP3,IL2RA,CTLA4,IKZF2,TIGIT,TNFRSF18,CCR8	FOXP3,IL2RA,CTLA4	NKG7,GNLY,GZMB,CD8A	-0.823692042591273	0.2585169954654427	2.164418076113431	1.0	0.32448138001226356	8.0
infection_study_01	T_NK_lineage	T_NK_lineage:27	CD8 T Cell (ab)	parent	343	CD3D,CD3E,TRAC,CD8A,CD8B	CD3D,CD3E,CD8A	CD4,MS4A1,LST1	0.7198362716606684	0.737730648044942	0.03578875276854712	1.0	0.3108516551152636	9.0
infection_study_01	T_NK_lineage	T_NK_lineage:27	CD8 Naive / T Central Memory	terminal	343	CD3D,CD3E,CD8A,CD8B,CCR7,TCF7,LEF1,SELL,IL7R	CD8A,CCR7,TCF7	NKG7,GNLY,GZMB,PRF1	-0.7897180918571552	0.43842748268005105	2.4562911490744126	1.0	0.30492129579150695	10.0
infection_study_01	T_NK_lineage	T_NK_lineage:27	CD8 Cytotoxic / T Effector Memory	terminal	343	CD3D,CD3E,CD8A,CD8B,NKG7,GNLY,PRF1,GZMB,GZMH,CCL5,CST7	CD8A,NKG7,GNLY	CCR7,TCF7,LEF1,MS4A1	1.8165923460563675	1.8701871696246448	0.10718964713655478	1.0	0.7228804594710485	1.0
infection_study_01	T_NK_lineage	T_NK_lineage:27	ydT Cell	terminal	343	CD3D,CD3E,TRDC,TRGC1,TRGC2,TRDV2	TRDC,TRGC1,TRGC2	MS4A1,LST1	0.5395452817657599	0.5490635775094824	0.019036591487445218	1.0	0.40685064072222554	6.0
infection_study_01	T_NK_lineage	T_NK_lineage:27	MAIT Cell	terminal	343	CD3D,CD3E,TRAV1-2,SLC4A10,KLRB1,DPP4,IL7R	SLC4A10,KLRB1	MS4A1,LST1	0.45709589955981506	0.4666141953035377	0.019036591487445218	1.0	0.2549214816020496	12.0
infection_study_01	T_NK_lineage	T_NK_lineage:27	NKT Cell	terminal	343	CD3D,CD3E,TRAC,NKG7,GNLY,KLRD1,ZBTB16	CD3D,NKG7,ZBTB16	MS4A1,LST1	1.5515000431587773	1.5610183389024999	0.019036591487445218	1.0	0.7118184054327849	2.0
infection_study_01	T_NK_lineage	T_NK_lineage:28	NK Cell	terminal	335	NKG7,GNLY,KLRD1,FCGR3A,PRF1,GZMB,GZMH,TYROBP	NKG7,GNLY,KLRD1	CD3D,CD3E,TRAC,MS4A1,LST1	-0.4555348519647299	0.12610788538829604	1.163285474706052	1.0	0.0	12.0
infection_study_01	T_NK_lineage	T_NK_lineage:28	T Cell	parent	335	CD3D,CD3E,CD247,TRAC,LCK	CD3D,CD3E,TRAC	MS4A1,CD79A,LST1,S100A8	1.4608345970778323	1.5256755946999165	0.1296819952441685	1.0	0.9168805510123937	6.0
infection_study_01	T_NK_lineage	T_NK_lineage:28	CD4 T Cell (ab)	parent	335	CD3D,CD3E,TRAC,CD4,IL7R	CD3D,CD3E,CD4	CD8A,CD8B,MS4A1,LST1	1.5508538372792413	1.6062965084011873	0.11088534224389204	1.0	1.0	1.0
infection_study_01	T_NK_lineage	T_NK_lineage:28	CD4 Naive / T Central Memory	terminal	335	CD3D,CD3E,CD4,IL7R,CCR7,SELL,TCF7,LEF1,LTB,MAL	CD4,CCR7,TCF7	NKG7,GNLY,GZMB,PRF1,FOXP3	1.1334084662661623	1.2079486378716	0.1490803432108751	1.0	0.9979418456512397	3.0
infection_study_01	T_NK_lineage	T_NK_lineage:28	CD4 T Effector Memory	terminal	335	CD3D,CD3E,CD4,IL7R,GZMK,CCL5,ANXA1,CXCR3,KLRB1	CD4,GZMK,CCL5	CCR7,TCF7,LEF1,FOXP3	0.8406369903812163	1.1147352185217698	0.5481964562811069	1.0	0.3785586856719278	9.0
infection_study_01	T_NK_lineage	T_NK_lineage:28	Treg	terminal	335	CD3D,CD3E,CD4,FOXP3,IL2RA,CTLA4,IKZF2,TIGIT,TNFRSF18,CCR8	FOXP3,IL2RA,CTLA4	NKG7,GNLY,GZMB,CD8A	0.40312666237799083	0.49333273275574635	0.18041214075551104	1.0	1.0	2.0
infection_study_01	T_NK_lineage	T_NK_lineage:28	CD8 T Cell (ab)	parent	335	CD3D,CD3E,TRAC,CD8A,CD8B	CD3D,CD3E,CD8A	CD4,MS4A1,LST1	1.0478854656249137	1.168366958596813	0.24096298594379897	1.0	0.5030248579031634	8.0
infection_study_01	T_NK_lineage	T_NK_lineage:28	CD8 Naive / T Central Memory	terminal	335	CD3D,CD3E,CD8A,CD8B,CCR7,TCF7,LEF1,SELL,IL7R	CD8A,CCR7,TCF7	NKG7,GNLY,GZMB,PRF1	0.9216051777154454	1.013355812899904	0.18350127036891767	1.0	0.9960647437168179	4.0
infection_study_01	T_NK_lineage	T_NK_lineage:28	CD8 Cytotoxic / T Effector Memory	terminal	335	CD3D,CD3E,CD8A,CD8B,NKG7,GNLY,PRF1,GZMB,GZMH,CCL5,CST7	CD8A,NKG7,GNLY	CCR7,TCF7,LEF1,MS4A1	0.26633885620690106	0.5415973195389135	0.5505169266640251	1.0	0.012619619892588288	11.0
infection_study_01	T_NK_lineage	T_NK_lineage:28	ydT Cell	terminal	335	CD3D,CD3E,TRDC,TRGC1,TRGC2,TRDV2	TRDC,TRGC1,TRGC2	MS4A1,LST1	0.605619479367389	0.6578862230576092	0.10453348738044056	1.0	0.506451391530184	7.0
infection_study_01	T_NK_lineage	T_NK_lineage:28	MAIT Cell	terminal	335	CD3D,CD3E,TRAV1-2,SLC4A10,KLRB1,DPP4,IL7R	SLC4A10,KLRB1	MS4A1,LST1	0.88284329148625	0.9351100351764702	0.10453348738044056	1.0	0.9828053738942293	5.0
infection_study_01	T_NK_lineage	T_NK_lineage:28	NKT Cell	terminal	335	CD3D,CD3E,TRAC,NKG7,GNLY,KLRD1,ZBTB16	CD3D,NKG7,ZBTB16	MS4A1,LST1	0.8304532241147718	0.8827199678049921	0.10453348738044056	1.0	0.13010512845506503	10.0
infection_study_01	T_NK_lineage	T_NK_lineage:29	NK Cell	terminal	309	NKG7,GNLY,KLRD1,FCGR3A,PRF1,GZMB,GZMH,TYROBP	NKG7,GNLY,KLRD1	CD3D,CD3E,TRAC,MS4A1,LST1	1.022708616502776	1.5397559331826456	1.0340946333597394	1.0	0.4506699875309648	9.0
infection_study_01	T_NK_lineage	T_NK_lineage:29	T Cell	parent	309	CD3D,CD3E,CD247,TRAC,LCK	CD3D,CD3E,TRAC	MS4A1,CD79A,LST1,S100A8	1.386504604906736	1.4834518685888705	0.19389452736426904	1.0	0.833246375291439	1.0
infection_study_01	T_NK_lineage	T_NK_lineage:29	CD4 T Cell (ab)	parent	309	CD3D,CD3E,TRAC,CD4,IL7R	CD3D,CD3E,CD4	CD8A,CD8B,MS4A1,LST1	0.8003398985092597	1.1184540700372367	0.6362283430559542	1.0	0.513890003163136	8.0
infection_study_01	T_NK_lineage	T_NK_lineage:29	CD4 Naive / T Central Memory	terminal	309	CD3D,CD3E,CD4,IL7R,CCR7,SELL,TCF7,LEF1,LTB,MAL	CD4,CCR7,TCF7	NKG7,GNLY,GZMB,PRF1,FOXP3	-0.3215666521352665	0.5592592186020223	1.7616517414745771	1.0	0.3912104083584934	12.0
infection_study_01	T_NK_lineage	T_NK_lineage:29	CD4 T Effector Memory	terminal	309	CD3D,CD3E,CD4,IL7R,GZMK,CCL5,ANXA1,CXCR3,KLRB1	CD4,GZMK,CCL5	CCR7,TCF7,LEF1,FOXP3	1.103471540814451	1.163591176282155	0.12023927093540773	1.0	0.6288900804375316	5.0
infection_study_01	T_NK_lineage	T_NK_lineage:29	Treg	terminal	309	CD3D,CD3E,CD4,FOXP3,IL2RA,CTLA4,IKZF2,TIGIT,TNFRSF18,CCR8	FOXP3,IL2RA,CTLA4	NKG7,GNLY,GZMB,CD8A	-0.667796697144466	0.41599479937100103	2.167582993030934	1.0	0.41679904834968706	11.0
infection_study_01	T_NK_lineage	T_NK_lineage:29	CD8 T Cell (ab)	parent	309	CD3D,CD3E,TRAC,CD8A,CD8B	CD3D,CD3E,CD8A	CD4,MS4A1,LST1	1.4190049268506233	1.4729909874474731	0.10797212119369962	1.0	0.7204288838628726	3.0
infection_study_01	T_NK_lineage	T_NK_lineage:29	CD8 Naive / T Central Memory	terminal	309	CD3D,CD3E,CD8A,CD8B,CCR7,TCF7,LEF1,SELL,IL7R	CD8A,CCR7,TCF7	NKG7,GNLY,GZMB,PRF1	-0.26563810195716236	0.8343205135108025	2.19991723093593	1.0	0.5165788228340776	7.0
infection_study_01	T_NK_lineage	T_NK_lineage:29	CD8 Cytotoxic / T Effector Memory	terminal	309	CD3D,CD3E,CD8A,CD8B,NKG7,GNLY,PRF1,GZMB,GZMH,CCL5,CST7	CD8A,NKG7,GNLY	CCR7,TCF7,LEF1,MS4A1	1.8023591442351485	1.8641165121622596	0.12351473585422178	1.0	0.7163594060164871	4.0
infection_study_01	T_NK_lineage	T_NK_lineage:29	ydT Cell	terminal	309	CD3D,CD3E,TRDC,TRGC1,TRGC2,TRDV2	TRDC,TRGC1,TRGC2	MS4A1,LST1	0.6562663544744992	0.7000703046976426	0.08760790044628687	1.0	0.5827968784199212	6.0
infection_study_01	T_NK_lineage	T_NK_lineage:29	MAIT Cell	terminal	309	CD3D,CD3E,TRAV1-2,SLC4A10,KLRB1,DPP4,IL7R	SLC4A10,KLRB1	MS4A1,LST1	0.5530789807452627	0.5968829309684062	0.08760790044628687	1.0	0.41902005284950866	10.0
infection_study_01	T_NK_lineage	T_NK_lineage:29	NKT Cell	terminal	309	CD3D,CD3E,TRAC,NKG7,GNLY,KLRD1,ZBTB16	CD3D,NKG7,ZBTB16	MS4A1,LST1	1.5727986047768616	1.616602555000005	0.08760790044628687	1.0	0.7290012786478618	2.0
infection_study_01	T_NK_lineage	T_NK_lineage:30	NK Cell	terminal	296	NKG7,GNLY,KLRD1,FCGR3A,PRF1,GZMB,GZMH,TYROBP	NKG7,GNLY,KLRD1	CD3D,CD3E,TRAC,MS4A1,LST1	1.4840969236630546	1.8711112060873594	0.7740285648486099	1.0	0.5952699385117448	4.0
infection_study_01	T_NK_lineage	T_NK_lineage:30	T Cell	parent	296	CD3D,CD3E,CD247,TRAC,LCK	CD3D,CD3E,TRAC	MS4A1,CD79A,LST1,S100A8	1.1846317462925169	1.2477633530022325	0.12626321341943098	1.0	0.6061042804588458	3.0
infection_study_01	T_NK_lineage	T_NK_lineage:30	CD4 T Cell (ab)	parent	296	CD3D,CD3E,TRAC,CD4,IL7R	CD3D,CD3E,CD4	CD8A,CD8B,MS4A1,LST1	0.6044267009264109	0.8319357287642117	0.45501805567560166	1.0	0.37028118353005535	8.0
infection_study_01	T_NK_lineage	T_NK_lineage:30	CD4 Naive / T Central Memory	terminal	296	CD3D,CD3E,CD4,IL7R,CCR7,SELL,TCF7,LEF1,LTB,MAL	CD4,CCR7,TCF7	NKG7,GNLY,GZMB,PRF1,FOXP3	-0.5988074964868861	0.411475146989766	2.020565286953304	1.0	0.2755996780839271	12.0
infection_study_01	T_NK_lineage	T_NK_lineage:30	CD4 T Effector Memory	terminal	296	CD3D,CD3E,CD4,IL7R,GZMK,CCL5,ANXA1,CXCR3,KLRB1	CD4,GZMK,CCL5	CCR7,TCF7,LEF1,FOXP3	1.0478236899360198	1.0885893446155586	0.08153130935907767	1.0	0.5758894224070545	5.0
infection_study_01	T_NK_lineage	T_NK_lineage:30	Treg	terminal	296	CD3D,CD3E,CD4,FOXP3,IL2RA,CTLA4,IKZF2,TIGIT,TNFRSF18,CCR8	FOXP3,IL2RA,CTLA4	NKG7,GNLY,GZMB,CD8A	-0.8590187270622197	0.32952785386729083	2.377093161859021	1.0	0.30356172310331214	11.0
infection_study_01	T_NK_lineage	T_NK_lineage:30	CD8 T Cell (ab)	parent	296	CD3D,CD3E,TRAC,CD8A,CD8B	CD3D,CD3E,CD8A	CD4,MS4A1,LST1	1.0784762019778158	1.104370821166683	0.05178923837773435	1.0	0.520945096357455	7.0
infection_study_01	T_NK_lineage	T_NK_lineage:30	CD8 Naive / T Central Memory	terminal	296	CD3D,CD3E,CD8A,CD8B,CCR7,TCF7,LEF1,SELL,IL7R	CD8A,CCR7,TCF7	NKG7,GNLY,GZMB,PRF1	-0.6434056334828192	0.6190081486036559	2.5248275641729503	1.0	0.3640117661621473	9.0
infection_study_01	T_NK_lineage	T_NK_lineage:30	CD8 Cytotoxic / T Effector Memory	terminal	296	CD3D,CD3E,CD8A,CD8B,NKG7,GNLY,PRF1,GZMB,GZMH,CCL5,CST7	CD8A,NKG7,GNLY	CCR7,TCF7,LEF1,MS4A1	1.9306810039767188	1.9720071768594098	0.08265234576538205	1.0	0.7751510761743574	1.0
infection_study_01	T_NK_lineage	T_NK_lineage:30	ydT Cell	terminal	296	CD3D,CD3E,TRDC,TRGC1,TRGC2,TRDV2	TRDC,TRGC1,TRGC2	MS4A1,LST1	0.6384975995348247	0.6595427171738298	0.04209023527801037	1.0	0.5560121213263205	6.0
infection_study_01	T_NK_lineage	T_NK_lineage:30	MAIT Cell	terminal	296	CD3D,CD3E,TRAV1-2,SLC4A10,KLRB1,DPP4,IL7R	SLC4A10,KLRB1	MS4A1,LST1	0.49270349911065286	0.513748616749658	0.04209023527801037	1.0	0.3157984209509194	10.0
infection_study_01	T_NK_lineage	T_NK_lineage:30	NKT Cell	terminal	296	CD3D,CD3E,TRAC,NKG7,GNLY,KLRD1,ZBTB16	CD3D,NKG7,ZBTB16	MS4A1,LST1	1.6027956087983655	1.6238407264373707	0.04209023527801037	1.0	0.7532017258975956	2.0
infection_study_01	T_NK_lineage	T_NK_lineage:31	NK Cell	terminal	290	NKG7,GNLY,KLRD1,FCGR3A,PRF1,GZMB,GZMH,TYROBP	NKG7,GNLY,KLRD1	CD3D,CD3E,TRAC,MS4A1,LST1	1.849921141919391	1.9779621402508225	0.2560819966628634	1.0	0.7099199268329106	1.0
infection_study_01	T_NK_lineage	T_NK_lineage:31	T Cell	parent	290	CD3D,CD3E,CD247,TRAC,LCK	CD3D,CD3E,TRAC	MS4A1,CD79A,LST1,S100A8	0.5878353647682173	0.6351658922639386	0.09466105499144258	1.0	0.0	12.0
infection_study_01	T_NK_lineage	T_NK_lineage:31	CD4 T Cell (ab)	parent	290	CD3D,CD3E,TRAC,CD4,IL7R	CD3D,CD3E,CD4	CD8A,CD8B,MS4A1,LST1	0.36731350200957263	0.42327284669053966	0.111918689361934	1.0	0.19647182797874746	10.0
infection_study_01	T_NK_lineage	T_NK_lineage:31	CD4 Naive / T Central Memory	terminal	290	CD3D,CD3E,CD4,IL7R,CCR7,SELL,TCF7,LEF1,LTB,MAL	CD4,CCR7,TCF7	NKG7,GNLY,GZMB,PRF1,FOXP3	-0.4833946754192484	0.5928884861181523	2.1525663230748013	1.0	0.32372736488953646	6.0
infection_study_01	T_NK_lineage	T_NK_lineage:31	CD4 T Effector Memory	terminal	290	CD3D,CD3E,CD4,IL7R,GZMK,CCL5,ANXA1,CXCR3,KLRB1	CD4,GZMK,CCL5	CCR7,TCF7,LEF1,FOXP3	0.8637675248429008	1.0530299866336514	0.3785249235815015	1.0	0.40058889039167667	4.0
infection_study_01	T_NK_lineage	T_NK_lineage:31	Treg	terminal	290	CD3D,CD3E,CD4,FOXP3,IL2RA,CTLA4,IKZF2,TIGIT,TNFRSF18,CCR8	FOXP3,IL2RA,CTLA4	NKG7,GNLY,GZMB,CD8A	-0.9989997804987019	0.19571915877276452	2.389437878542933	1.0	0.22066813556460224	8.0
infection_study_01	T_NK_lineage	T_NK_lineage:31	CD8 T Cell (ab)	parent	290	CD3D,CD3E,TRAC,CD8A,CD8B	CD3D,CD3E,CD8A	CD4,MS4A1,LST1	0.22649635952094505	0.26390371211643876	0.07481470519098743	1.0	0.02185014947728606	11.0
infection_study_01	T_NK_lineage	T_NK_lineage:31	CD8 Naive / T Central Memory	terminal	290	CD3D,CD3E,CD8A,CD8B,CCR7,TCF7,LEF1,SELL,IL7R	CD8A,CCR7,TCF7	NKG7,GNLY,GZMB,PRF1	-0.742387693729323	0.6029662581924278	2.6907079038435016	1.0	0.3240363835924912	5.0
infection_study_01	T_NK_lineage	T_NK_lineage:31	CD8 Cytotoxic / T Effector Memory	terminal	290	CD3D,CD3E,CD8A,CD8B,NKG7,GNLY,PRF1,GZMB,GZMH,CCL5,CST7	CD8A,NKG7,GNLY	CCR7,TCF7,LEF1,MS4A1	1.294957644917468	1.488572681529395	0.38723007322385394	1.0	0.4838894149676427	3.0
infection_study_01	T_NK_lineage	T_NK_lineage:31	ydT Cell	terminal	290	CD3D,CD3E,TRDC,TRGC1,TRGC2,TRDV2	TRDC,TRGC1,TRGC2	MS4A1,LST1	0.4008565039299	0.45192727645238245	0.10214154504496475	1.0	0.19779011630430643	9.0
infection_study_01	T_NK_lineage	T_NK_lineage:31	MAIT Cell	terminal	290	CD3D,CD3E,TRAV1-2,SLC4A10,KLRB1,DPP4,IL7R	SLC4A10,KLRB1	MS4A1,LST1	0.46078510034113684	0.5118558728636191	0.10214154504496475	1.0	0.2612287658628064	7.0
infection_study_01	T_NK_lineage	T_NK_lineage:31	NKT Cell	terminal	290	CD3D,CD3E,TRAC,NKG7,GNLY,KLRD1,ZBTB16	CD3D,NKG7,ZBTB16	MS4A1,LST1	1.5476810784689312	1.5987518509914136	0.10214154504496475	1.0	0.7087374092953385	2.0
infection_study_01	T_NK_lineage	T_NK_lineage:32	NK Cell	terminal	283	NKG7,GNLY,KLRD1,FCGR3A,PRF1,GZMB,GZMH,TYROBP	NKG7,GNLY,KLRD1	CD3D,CD3E,TRAC,MS4A1,LST1	1.5665713267486423	1.9354022323242768	0.7376618111512686	1.0	0.6211175693646919	5.0
infection_study_01	T_NK_lineage	T_NK_lineage:32	T Cell	parent	283	CD3D,CD3E,CD247,TRAC,LCK	CD3D,CD3E,TRAC	MS4A1,CD79A,LST1,S100A8	1.1328673093879182	1.2174562912105251	0.1691779636452139	1.0	0.5478602811562473	7.0
infection_study_01	T_NK_lineage	T_NK_lineage:32	CD4 T Cell (ab)	parent	283	CD3D,CD3E,TRAC,CD4,IL7R	CD3D,CD3E,CD4	CD8A,CD8B,MS4A1,LST1	0.7151948216315294	0.889628597325234	0.34886755138740944	1.0	0.45147672963771207	8.0
infection_study_01	T_NK_lineage	T_NK_lineage:32	CD4 Naive / T Central Memory	terminal	283	CD3D,CD3E,CD4,IL7R,CCR7,SELL,TCF7,LEF1,LTB,MAL	CD4,CCR7,TCF7	NKG7,GNLY,GZMB,PRF1,FOXP3	-0.4640043353655313	0.47742660466858017	1.882861880068223	1.0	0.33181322748718195	12.0
infection_study_01	T_NK_lineage	T_NK_lineage:32	CD4 T Effector Memory	terminal	283	CD3D,CD3E,CD4,IL7R,GZMK,CCL5,ANXA1,CXCR3,KLRB1	CD4,GZMK,CCL5	CCR7,TCF7,LEF1,FOXP3	1.2074912629544758	1.2535567422871687	0.0921309586653861	1.0	0.7279615384460839	3.0
infection_study_01	T_NK_lineage	T_NK_lineage:32	Treg	terminal	283	CD3D,CD3E,CD4,FOXP3,IL2RA,CTLA4,IKZF2,TIGIT,TNFRSF18,CCR8	FOXP3,IL2RA,CTLA4	NKG7,GNLY,GZMB,CD8A	-0.7661588896921582	0.3134478090087432	2.159213397401803	1.0	0.3585512010997638	11.0
infection_study_01	T_NK_lineage	T_NK_lineage:32	CD8 T Cell (ab)	parent	283	CD3D,CD3E,TRAC,CD8A,CD8B	CD3D,CD3E,CD8A	CD4,MS4A1,LST1	0.9318023820647924	0.9630762264501078	0.06254768877063117	1.0	0.4350226851568548	9.0
infection_study_01	T_NK_lineage	T_NK_lineage:32	CD8 Naive / T Central Memory	terminal	283	CD3D,CD3E,CD8A,CD8B,CCR7,TCF7,LEF1,SELL,IL7R	CD8A,CCR7,TCF7	NKG7,GNLY,GZMB,PRF1	-0.5522615175897532	0.6245271574528861	2.3535773500852786	1.0	0.40082167790498846	10.0
infection_study_01	T_NK_lineage	T_NK_lineage:32	CD8 Cytotoxic / T Effector Memory	terminal	283	CD3D,CD3E,CD8A,CD8B,NKG7,GNLY,PRF1,GZMB,GZMH,CCL5,CST7	CD8A,NKG7,GNLY	CCR7,TCF7,LEF1,MS4A1	1.9179744827777978	1.9676824510001765	0.09941593644475769	1.0	0.7693294834645461	1.0
infection_study_01	T_NK_lineage	T_NK_lineage:32	ydT Cell	terminal	283	CD3D,CD3E,TRDC,TRGC1,TRGC2,TRDV2	TRDC,TRGC1,TRGC2	MS4A1,LST1	0.6838737812915595	0.7174235474234897	0.06709953226386027	1.0	0.624412524748817	4.0
infection_study_01	T_NK_lineage	T_NK_lineage:32	MAIT Cell	terminal	283	CD3D,CD3E,TRAV1-2,SLC4A10,KLRB1,DPP4,IL7R	SLC4A10,KLRB1	MS4A1,LST1	0.637830757646474	0.6713805237784042	0.06709953226386027	1.0	0.5639168964224024	6.0
infection_study_01	T_NK_lineage	T_NK_lineage:32	NKT Cell	terminal	283	CD3D,CD3E,TRAC,NKG7,GNLY,KLRD1,ZBTB16	CD3D,NKG7,ZBTB16	MS4A1,LST1	1.5848274733880625	1.6183772395199927	0.06709953226386027	1.0	0.7387057144672078	2.0
infection_study_01	T_NK_lineage	T_NK_lineage:33	NK Cell	terminal	256	NKG7,GNLY,KLRD1,FCGR3A,PRF1,GZMB,GZMH,TYROBP	NKG7,GNLY,KLRD1	CD3D,CD3E,TRAC,MS4A1,LST1	0.34882575140800326	0.8413394127273932	0.9850273226387799	1.0	0.23947384808124658	12.0
infection_study_01	T_NK_lineage	T_NK_lineage:33	T Cell	parent	256	CD3D,CD3E,CD247,TRAC,LCK	CD3D,CD3E,TRAC	MS4A1,CD79A,LST1,S100A8	1.1002053989213891	1.223066679900512	0.24572256195824593	1.0	0.5111099482213004	10.0
infection_study_01	T_NK_lineage	T_NK_lineage:33	CD4 T Cell (ab)	parent	256	CD3D,CD3E,TRAC,CD4,IL7R	CD3D,CD3E,CD4	CD8A,CD8B,MS4A1,LST1	1.0986112932907417	1.3807085333857685	0.5641944801900536	1.0	0.7325297041295152	4.0
infection_study_01	T_NK_lineage	T_NK_lineage:33	CD4 Naive / T Central Memory	terminal	256	CD3D,CD3E,CD4,IL7R,CCR7,SELL,TCF7,LEF1,LTB,MAL	CD4,CCR7,TCF7	NKG7,GNLY,GZMB,PRF1,FOXP3	0.31825236943550406	0.8332676619989797	1.0300305851269513	1.0	0.6580179363053513	5.0
infection_study_01	T_NK_lineage	T_NK_lineage:33	CD4 T Effector Memory	terminal	256	CD3D,CD3E,CD4,IL7R,GZMK,CCL5,ANXA1,CXCR3,KLRB1	CD4,GZMK,CCL5	CCR7,TCF7,LEF1,FOXP3	1.691191328825274	1.792888165296366	0.2033936729421839	1.0	1.0	1.0
infection_study_01	T_NK_lineage	T_NK_lineage:33	Treg	terminal	256	CD3D,CD3E,CD4,FOXP3,IL2RA,CTLA4,IKZF2,TIGIT,TNFRSF18,CCR8	FOXP3,IL2RA,CTLA4	NKG7,GNLY,GZMB,CD8A	-0.2727793577418197	0.37534703258424995	1.2962527806521393	1.0	0.6507193082650022	6.0
infection_study_01	T_NK_lineage	T_NK_lineage:33	CD8 T Cell (ab)	parent	256	CD3D,CD3E,TRAC,CD8A,CD8B	CD3D,CD3E,CD8A	CD4,MS4A1,LST1	1.1737026097252965	1.2554996330291033	0.16359404660761356	1.0	0.5767293022129171	8.0
infection_study_01	T_NK_lineage	T_NK_lineage:33	CD8 Naive / T Central Memory	terminal	256	CD3D,CD3E,CD8A,CD8B,CCR7,TCF7,LEF1,SELL,IL7R	CD8A,CCR7,TCF7	NKG7,GNLY,GZMB,PRF1	0.31953911069043295	0.9633082263947775	1.2875382314086892	1.0	0.7529113753024317	3.0
infection_study_01	T_NK_lineage	T_NK_lineage:33	CD8 Cytotoxic / T Effector Memory	terminal	256	CD3D,CD3E,CD8A,CD8B,NKG7,GNLY,PRF1,GZMB,GZMH,CCL5,CST7	CD8A,NKG7,GNLY	CCR7,TCF7,LEF1,MS4A1	1.363506402629851	1.4672241874928162	0.2074355697259307	1.0	0.5152955679120784	9.0
infection_study_01	T_NK_lineage	T_NK_lineage:33	ydT Cell	terminal	256	CD3D,CD3E,TRDC,TRGC1,TRGC2,TRDV2	TRDC,TRGC1,TRGC2	MS4A1,LST1	0.6626678446579414	0.775719890759016	0.22610409220214933	1.0	0.5924465336817945	7.0
infection_study_01	T_NK_lineage	T_NK_lineage:33	MAIT Cell	terminal	256	CD3D,CD3E,TRAV1-2,SLC4A10,KLRB1,DPP4,IL7R	SLC4A10,KLRB1	MS4A1,LST1	1.2144872746347186	1.3275393207357928	0.22610409220214933	1.0	1.0	2.0
infection_study_01	T_NK_lineage	T_NK_lineage:33	NKT Cell	terminal	256	CD3D,CD3E,TRAC,NKG7,GNLY,KLRD1,ZBTB16	CD3D,NKG7,ZBTB16	MS4A1,LST1	1.185348288546915	1.2984003346479898	0.22610409220214933	1.0	0.416421031197355	11.0
infection_study_01	T_NK_lineage	T_NK_lineage:34	NK Cell	terminal	253	NKG7,GNLY,KLRD1,FCGR3A,PRF1,GZMB,GZMH,TYROBP	NKG7,GNLY,KLRD1	CD3D,CD3E,TRAC,MS4A1,LST1	-0.3610284681141141	0.11799529065256534	0.9580475175333588	1.0	0.017004219455090595	11.0
infection_study_01	T_NK_lineage	T_NK_lineage:34	T Cell	parent	253	CD3D,CD3E,CD247,TRAC,LCK	CD3D,CD3E,TRAC	MS4A1,CD79A,LST1,S100A8	1.1560141735515104	1.2164232599876614	0.1208181728723021	1.0	0.5739045312402627	6.0
infection_study_01	T_NK_lineage	T_NK_lineage:34	CD4 T Cell (ab)	parent	253	CD3D,CD3E,TRAC,CD4,IL7R	CD3D,CD3E,CD4	CD8A,CD8B,MS4A1,LST1	1.4055922337671514	1.4725500983683018	0.13391572920230066	1.0	0.9575536997336257	2.0
infection_study_01	T_NK_lineage	T_NK_lineage:34	CD4 Naive / T Central Memory	terminal	253	CD3D,CD3E,CD4,IL7R,CCR7,SELL,TCF7,LEF1,LTB,MAL	CD4,CCR7,TCF7	NKG7,GNLY,GZMB,PRF1,FOXP3	1.0347204952607514	1.1028583209505196	0.13627565137953626	1.0	0.9567884996356703	3.0
infection_study_01	T_NK_lineage	T_NK_lineage:34	CD4 T Effector Memory	terminal	253	CD3D,CD3E,CD4,IL7R,GZMK,CCL5,ANXA1,CXCR3,KLRB1	CD4,GZMK,CCL5	CCR7,TCF7,LEF1,FOXP3	0.9719569334072349	1.1911805835427764	0.43844730027108325	1.0	0.5036316809994328	7.0
infection_study_01	T_NK_lineage	T_NK_lineage:34	Treg	terminal	253	CD3D,CD3E,CD4,FOXP3,IL2RA,CTLA4,IKZF2,TIGIT,TNFRSF18,CCR8	FOXP3,IL2RA,CTLA4	NKG7,GNLY,GZMB,CD8A	0.3074806676551759	0.3918837694075739	0.16880620350479608	1.0	0.994336062315833	1.0
infection_study_01	T_NK_lineage	T_NK_lineage:34	CD8 T Cell (ab)	parent	253	CD3D,CD3E,TRAC,CD8A,CD8B	CD3D,CD3E,CD8A	CD4,MS4A1,LST1	0.8541771456893724	0.9656209426906269	0.22288759400250882	1.0	0.3895493519925059	8.0
infection_study_01	T_NK_lineage	T_NK_lineage:34	CD8 Naive / T Central Memory	terminal	253	CD3D,CD3E,CD8A,CD8B,CCR7,TCF7,LEF1,SELL,IL7R	CD8A,CCR7,TCF7	NKG7,GNLY,GZMB,PRF1	0.7758144004549382	0.8605046926698614	0.16938058442984644	1.0	0.9371849620513099	4.0
infection_study_01	T_NK_lineage	T_NK_lineage:34	CD8 Cytotoxic / T Effector Memory	terminal	253	CD3D,CD3E,CD8A,CD8B,NKG7,GNLY,PRF1,GZMB,GZMH,CCL5,CST7	CD8A,NKG7,GNLY	CCR7,TCF7,LEF1,MS4A1	0.3445459652452472	0.5694598026554919	0.4498276748204891	1.0	0.04845082252511629	10.0
infection_study_01	T_NK_lineage	T_NK_lineage:34	ydT Cell	terminal	253	CD3D,CD3E,TRDC,TRGC1,TRGC2,TRDV2	TRDC,TRGC1,TRGC2	MS4A1,LST1	0.49596798149022187	0.5581924553680797	0.12444894775571559	1.0	0.3411618850025431	9.0
infection_study_01	T_NK_lineage	T_NK_lineage:34	MAIT Cell	terminal	253	CD3D,CD3E,TRAV1-2,SLC4A10,KLRB1,DPP4,IL7R	SLC4A10,KLRB1	MS4A1,LST1	0.8308879682265183	0.8931124421043761	0.12444894775571559	1.0	0.8939793619520907	5.0
infection_study_01	T_NK_lineage	T_NK_lineage:34	NKT Cell	terminal	253	CD3D,CD3E,TRAC,NKG7,GNLY,KLRD1,ZBTB16	CD3D,NKG7,ZBTB16	MS4A1,LST1	0.6721160290000264	0.7343405028778842	0.12444894775571559	1.0	0.0023646735983632963	12.0
infection_study_01	T_NK_lineage	T_NK_lineage:35	NK Cell	terminal	198	NKG7,GNLY,KLRD1,FCGR3A,PRF1,GZMB,GZMH,TYROBP	NKG7,GNLY,KLRD1	CD3D,CD3E,TRAC,MS4A1,LST1	-0.11239439396921433	0.5440023648881852	1.312793517714799	1.0	0.09492659931508737	12.0
infection_study_01	T_NK_lineage	T_NK_lineage:35	T Cell	parent	198	CD3D,CD3E,CD247,TRAC,LCK	CD3D,CD3E,TRAC	MS4A1,CD79A,LST1,S100A8	1.3540286636036454	1.7218008284616952	0.7355443297160996	1.0	0.7967052900267715	6.0
infection_study_01	T_NK_lineage	T_NK_lineage:35	CD4 T Cell (ab)	parent	198	CD3D,CD3E,TRAC,CD4,IL7R	CD3D,CD3E,CD4	CD8A,CD8B,MS4A1,LST1	1.6326273235257227	1.756725424347502	0.24819620164355846	1.0	1.0	1.0
infection_study_01	T_NK_lineage	T_NK_lineage:35	CD4 Naive / T Central Memory	terminal	198	CD3D,CD3E,CD4,IL7R,CCR7,SELL,TCF7,LEF1,LTB,MAL	CD4,CCR7,TCF7	NKG7,GNLY,GZMB,PRF1,FOXP3	0.976945492504823	1.279060594391341	0.6042302037730362	1.0	0.932696052955063	4.0
infection_study_01	T_NK_lineage	T_NK_lineage:35	CD4 T Effector Memory	terminal	198	CD3D,CD3E,CD4,IL7R,GZMK,CCL5,ANXA1,CXCR3,KLRB1	CD4,GZMK,CCL5	CCR7,TCF7,LEF1,FOXP3	0.9549583962728615	1.1605484446826337	0.41118009681954526	1.0	0.48744177178540987	9.0
infection_study_01	T_NK_lineage	T_NK_lineage:35	Treg	terminal	198	CD3D,CD3E,CD4,FOXP3,IL2RA,CTLA4,IKZF2,TIGIT,TNFRSF18,CCR8	FOXP3,IL2RA,CTLA4	NKG7,GNLY,GZMB,CD8A	0.20496967341186423	0.5448505255158501	0.6797617042079719	1.0	0.9336313893163263	3.0
infection_study_01	T_NK_lineage	T_NK_lineage:35	CD8 T Cell (ab)	parent	198	CD3D,CD3E,TRAC,CD8A,CD8B	CD3D,CD3E,CD8A	CD4,MS4A1,LST1	1.2358218763713484	1.3684473956474146	0.26525103855213333	1.0	0.6131191444861113	7.0
infection_study_01	T_NK_lineage	T_NK_lineage:35	CD8 Naive / T Central Memory	terminal	198	CD3D,CD3E,CD8A,CD8B,CCR7,TCF7,LEF1,SELL,IL7R	CD8A,CCR7,TCF7	NKG7,GNLY,GZMB,PRF1	0.6431688124441471	1.0131905691825716	0.7400435134768486	1.0	0.8836140612870408	5.0
infection_study_01	T_NK_lineage	T_NK_lineage:35	CD8 Cytotoxic / T Effector Memory	terminal	198	CD3D,CD3E,CD8A,CD8B,NKG7,GNLY,PRF1,GZMB,GZMH,CCL5,CST7	CD8A,NKG7,GNLY	CCR7,TCF7,LEF1,MS4A1	0.6992871929558729	0.8995759060094943	0.40057742610724284	1.0	0.2109783084340876	11.0
infection_study_01	T_NK_lineage	T_NK_lineage:35	ydT Cell	terminal	198	CD3D,CD3E,TRDC,TRGC1,TRGC2,TRDV2	TRDC,TRGC1,TRGC2	MS4A1,LST1	0.6072284153314552	0.6965428424453495	0.1786288542277885	1.0	0.5088767139077496	8.0
infection_study_01	T_NK_lineage	T_NK_lineage:35	MAIT Cell	terminal	198	CD3D,CD3E,TRAV1-2,SLC4A10,KLRB1,DPP4,IL7R	SLC4A10,KLRB1	MS4A1,LST1	0.8645227858406984	0.9538372129545928	0.1786288542277885	1.0	0.9514835121261387	2.0
infection_study_01	T_NK_lineage	T_NK_lineage:35	NKT Cell	terminal	198	CD3D,CD3E,TRAC,NKG7,GNLY,KLRD1,ZBTB16	CD3D,NKG7,ZBTB16	MS4A1,LST1	1.116626113104872	1.2059405402187662	0.1786288542277885	1.0	0.36097858166206503	10.0
infection_study_01	T_NK_lineage	T_NK_lineage:36	NK Cell	terminal	189	NKG7,GNLY,KLRD1,FCGR3A,PRF1,GZMB,GZMH,TYROBP	NKG7,GNLY,KLRD1	CD3D,CD3E,TRAC,MS4A1,LST1	2.8832744965241073	3.156282524149569	0.5460160552509247	1.0	1.0	1.0
infection_study_01	T_NK_lineage	T_NK_lineage:36	T Cell	parent	189	CD3D,CD3E,CD247,TRAC,LCK	CD3D,CD3E,TRAC	MS4A1,CD79A,LST1,S100A8	0.8940736596073422	1.2546574754689737	0.7211676317232626	1.0	0.2791758714925691	6.0
infection_study_01	T_NK_lineage	T_NK_lineage:36	CD4 T Cell (ab)	parent	189	CD3D,CD3E,TRAC,CD4,IL7R	CD3D,CD3E,CD4	CD8A,CD8B,MS4A1,LST1	0.4550555876244312	0.5521443899346408	0.19417760462041886	1.0	0.2607887678416986	7.0
infection_study_01	T_NK_lineage	T_NK_lineage:36	CD4 Naive / T Central Memory	terminal	189	CD3D,CD3E,CD4,IL7R,CCR7,SELL,TCF7,LEF1,LTB,MAL	CD4,CCR7,TCF7	NKG7,GNLY,GZMB,PRF1,FOXP3	-1.2239224628165917	0.3198671820617857	3.087579289756755	1.0	0.014923810024315356	11.0
infection_study_01	T_NK_lineage	T_NK_lineage:36	CD4 T Effector Memory	terminal	189	CD3D,CD3E,CD4,IL7R,GZMK,CCL5,ANXA1,CXCR3,KLRB1	CD4,GZMK,CCL5	CCR7,TCF7,LEF1,FOXP3	0.9826708059541132	0.9998248869149142	0.034308161921602076	1.0	0.5138358898965513	5.0
infection_study_01	T_NK_lineage	T_NK_lineage:36	Treg	terminal	189	CD3D,CD3E,CD4,FOXP3,IL2RA,CTLA4,IKZF2,TIGIT,TNFRSF18,CCR8	FOXP3,IL2RA,CTLA4	NKG7,GNLY,GZMB,CD8A	-1.244623530833494	0.2944810142908147	3.0782090902486177	1.0	0.07521535213343472	10.0
infection_study_01	T_NK_lineage	T_NK_lineage:36	CD8 T Cell (ab)	parent	189	CD3D,CD3E,TRAC,CD8A,CD8B	CD3D,CD3E,CD8A	CD4,MS4A1,LST1	0.574534409607529	0.6129593803769066	0.07684994153875523	1.0	0.2257329451304409	8.0
infection_study_01	T_NK_lineage	T_NK_lineage:36	CD8 Naive / T Central Memory	terminal	189	CD3D,CD3E,CD8A,CD8B,CCR7,TCF7,LEF1,SELL,IL7R	CD8A,CCR7,TCF7	NKG7,GNLY,GZMB,PRF1	-1.541806008559441	0.38793104753853086	3.8594741121959433	1.0	0.001179363957435167	12.0
infection_study_01	T_NK_lineage	T_NK_lineage:36	CD8 Cytotoxic / T Effector Memory	terminal	189	CD3D,CD3E,CD8A,CD8B,NKG7,GNLY,PRF1,GZMB,GZMH,CCL5,CST7	CD8A,NKG7,GNLY	CCR7,TCF7,LEF1,MS4A1	2.496803093262594	2.5158033886742515	0.038000590823314806	1.0	1.0	2.0
infection_study_01	T_NK_lineage	T_NK_lineage:36	ydT Cell	terminal	189	CD3D,CD3E,TRDC,TRGC1,TRGC2,TRDV2	TRDC,TRGC1,TRGC2	MS4A1,LST1	0.7231180932786729	0.7783673173851438	0.11049844821294148	1.0	0.6835697007833224	4.0
infection_study_01	T_NK_lineage	T_NK_lineage:36	MAIT Cell	terminal	189	CD3D,CD3E,TRAV1-2,SLC4A10,KLRB1,DPP4,IL7R	SLC4A10,KLRB1	MS4A1,LST1	0.3531647627090561	0.4084139868155268	0.11049844821294148	1.0	0.07723442618879371	9.0
infection_study_01	T_NK_lineage	T_NK_lineage:36	NKT Cell	terminal	189	CD3D,CD3E,TRAC,NKG7,GNLY,KLRD1,ZBTB16	CD3D,NKG7,ZBTB16	MS4A1,LST1	1.863826548318834	1.9190757724253047	0.11049844821294148	1.0	0.963791606069798	3.0
infection_study_01	T_NK_lineage	T_NK_lineage:37	NK Cell	terminal	94	NKG7,GNLY,KLRD1,FCGR3A,PRF1,GZMB,GZMH,TYROBP	NKG7,GNLY,KLRD1	CD3D,CD3E,TRAC,MS4A1,LST1	1.164557494128004	1.6091785613209644	0.8892421343859204	1.0	0.4951256887981435	1.0
infection_study_01	T_NK_lineage	T_NK_lineage:37	T Cell	parent	94	CD3D,CD3E,CD247,TRAC,LCK	CD3D,CD3E,TRAC	MS4A1,CD79A,LST1,S100A8	0.6971550147901189	1.0757122670716426	0.7571145045630475	1.0	0.0576081292887691	10.0
infection_study_01	T_NK_lineage	T_NK_lineage:37	CD4 T Cell (ab)	parent	94	CD3D,CD3E,TRAC,CD4,IL7R	CD3D,CD3E,CD4	CD8A,CD8B,MS4A1,LST1	0.6330712598530537	0.8726717845556585	0.4792010494052096	1.0	0.39127829524646135	6.0
infection_study_01	T_NK_lineage	T_NK_lineage:37	CD4 Naive / T Central Memory	terminal	94	CD3D,CD3E,CD4,IL7R,CCR7,SELL,TCF7,LEF1,LTB,MAL	CD4,CCR7,TCF7	NKG7,GNLY,GZMB,PRF1,FOXP3	-0.1619302566698257	0.6888339503965479	1.701528414132747	1.0	0.45777953276482386	3.0
infection_study_01	T_NK_lineage	T_NK_lineage:37	CD4 T Effector Memory	terminal	94	CD3D,CD3E,CD4,IL7R,GZMK,CCL5,ANXA1,CXCR3,KLRB1	CD4,GZMK,CCL5	CCR7,TCF7,LEF1,FOXP3	0.8515777396606217	1.0084960763970165	0.31383667347279	1.0	0.3889789786751874	7.0
infection_study_01	T_NK_lineage	T_NK_lineage:37	Treg	terminal	94	CD3D,CD3E,CD4,FOXP3,IL2RA,CTLA4,IKZF2,TIGIT,TNFRSF18,CCR8	FOXP3,IL2RA,CTLA4	NKG7,GNLY,GZMB,CD8A	-0.6352398924371029	0.3144270437511992	1.8993338723766042	1.0	0.4360784456305132	5.0
infection_study_01	T_NK_lineage	T_NK_lineage:37	CD8 T Cell (ab)	parent	94	CD3D,CD3E,TRAC,CD8A,CD8B	CD3D,CD3E,CD8A	CD4,MS4A1,LST1	0.5416437286857173	0.7855089885757327	0.48773051978003046	1.0	0.20646538523115232	9.0
infection_study_01	T_NK_lineage	T_NK_lineage:37	CD8 Naive / T Central Memory	terminal	94	CD3D,CD3E,CD8A,CD8B,CCR7,TCF7,LEF1,SELL,IL7R	CD8A,CCR7,TCF7	NKG7,GNLY,GZMB,PRF1	-0.41242398479270875	0.6496047830257573	2.1240575356369322	1.0	0.4572971529278085	4.0
infection_study_01	T_NK_lineage	T_NK_lineage:37	CD8 Cytotoxic / T Effector Memory	terminal	94	CD3D,CD3E,CD8A,CD8B,NKG7,GNLY,PRF1,GZMB,GZMH,CCL5,CST7	CD8A,NKG7,GNLY	CCR7,TCF7,LEF1,MS4A1	1.3099168615354446	1.5278662315766172	0.43589874008234514	1.0	0.4907430978163437	2.0
infection_study_01	T_NK_lineage	T_NK_lineage:37	ydT Cell	terminal	94	CD3D,CD3E,TRDC,TRGC1,TRGC2,TRDV2	TRDC,TRGC1,TRGC2	MS4A1,LST1	0.27087583398142606	0.5753095748153982	0.6088674816679447	1.0	0.0018562603164699173	11.0
infection_study_01	T_NK_lineage	T_NK_lineage:37	MAIT Cell	terminal	94	CD3D,CD3E,TRAV1-2,SLC4A10,KLRB1,DPP4,IL7R	SLC4A10,KLRB1	MS4A1,LST1	0.30024712027749756	0.6046808611114698	0.6088674816679447	1.0	0.0	12.0
infection_study_01	T_NK_lineage	T_NK_lineage:37	NKT Cell	terminal	94	CD3D,CD3E,TRAC,NKG7,GNLY,KLRD1,ZBTB16	CD3D,NKG7,ZBTB16	MS4A1,LST1	1.1366074518682747	1.4410411927022477	0.6088674816679447	1.0	0.377098769344013	8.0
infection_study_01	T_NK_lineage	T_NK_lineage:38	NK Cell	terminal	64	NKG7,GNLY,KLRD1,FCGR3A,PRF1,GZMB,GZMH,TYROBP	NKG7,GNLY,KLRD1	CD3D,CD3E,TRAC,MS4A1,LST1	2.0052051534759814	2.365692921623122	0.7209755362942816	1.0	0.7585862239859108	3.0
infection_study_01	T_NK_lineage	T_NK_lineage:38	T Cell	parent	64	CD3D,CD3E,CD247,TRAC,LCK	CD3D,CD3E,TRAC	MS4A1,CD79A,LST1,S100A8	1.0759244833607227	1.250871722586453	0.3498944784514606	1.0	0.4837896929737006	6.0
infection_study_01	T_NK_lineage	T_NK_lineage:38	CD4 T Cell (ab)	parent	64	CD3D,CD3E,TRAC,CD4,IL7R	CD3D,CD3E,CD4	CD8A,CD8B,MS4A1,LST1	0.5778474192135037	0.7420750189572574	0.32845519948750734	1.0	0.35079796687809106	8.0
infection_study_01	T_NK_lineage	T_NK_lineage:38	CD4 Naive / T Central Memory	terminal	64	CD3D,CD3E,CD4,IL7R,CCR7,SELL,TCF7,LEF1,LTB,MAL	CD4,CCR7,TCF7	NKG7,GNLY,GZMB,PRF1,FOXP3	-0.8549712889362127	0.3452014263253659	2.4003454305231573	1.0	0.16877817714588883	12.0
infection_study_01	T_NK_lineage	T_NK_lineage:38	CD4 T Effector Memory	terminal	64	CD3D,CD3E,CD4,IL7R,GZMK,CCL5,ANXA1,CXCR3,KLRB1	CD4,GZMK,CCL5	CCR7,TCF7,LEF1,FOXP3	1.0371870546756932	1.065372838328282	0.05637156730517745	1.0	0.565758776584648	5.0
infection_study_01	T_NK_lineage	T_NK_lineage:38	Treg	terminal	64	CD3D,CD3E,CD4,FOXP3,IL2RA,CTLA4,IKZF2,TIGIT,TNFRSF18,CCR8	FOXP3,IL2RA,CTLA4	NKG7,GNLY,GZMB,CD8A	-0.9660877384478226	0.32076003537513315	2.5736955476459116	1.0	0.2401578962989734	10.0
infection_study_01	T_NK_lineage	T_NK_lineage:38	CD8 T Cell (ab)	parent	64	CD3D,CD3E,TRAC,CD8A,CD8B	CD3D,CD3E,CD8A	CD4,MS4A1,LST1	0.9311482962220907	0.9526912039145827	0.043085815384984016	1.0	0.43463951771245035	7.0
infection_study_01	T_NK_lineage	T_NK_lineage:38	CD8 Naive / T Central Memory	terminal	64	CD3D,CD3E,CD8A,CD8B,CCR7,TCF7,LEF1,SELL,IL7R	CD8A,CCR7,TCF7	NKG7,GNLY,GZMB,PRF1	-1.0042016961508327	0.49601419792614054	3.0004317881539464	1.0	0.21829889052730309	11.0
infection_study_01	T_NK_lineage	T_NK_lineage:38	CD8 Cytotoxic / T Effector Memory	terminal	64	CD3D,CD3E,CD8A,CD8B,NKG7,GNLY,PRF1,GZMB,GZMH,CCL5,CST7	CD8A,NKG7,GNLY	CCR7,TCF7,LEF1,MS4A1	2.114377031166276	2.1459770387207917	0.06320001510903239	1.0	0.8593128570399832	2.0
infection_study_01	T_NK_lineage	T_NK_lineage:38	ydT Cell	terminal	64	CD3D,CD3E,TRDC,TRGC1,TRGC2,TRDV2	TRDC,TRGC1,TRGC2	MS4A1,LST1	0.743126042264824	0.7625313497458894	0.038810614962130785	1.0	0.7137298361082021	4.0
infection_study_01	T_NK_lineage	T_NK_lineage:38	MAIT Cell	terminal	64	CD3D,CD3E,TRAV1-2,SLC4A10,KLRB1,DPP4,IL7R	SLC4A10,KLRB1	MS4A1,LST1	0.452077650897471	0.4714829583785364	0.038810614962130785	1.0	0.2463419754486257	9.0
infection_study_01	T_NK_lineage	T_NK_lineage:38	NKT Cell	terminal	64	CD3D,CD3E,TRAC,NKG7,GNLY,KLRD1,ZBTB16	CD3D,NKG7,ZBTB16	MS4A1,LST1	1.7605446850149227	1.779949992495988	0.038810614962130785	1.0	0.8804677086916216	1.0
