study	lineage	cluster	candidate_label	rank_within_cluster	n_cells	marker_pct	marker_decision_score	marker_gate_score	key_marker_bonus	marker_any_fraction	marker_mean_positive_fraction	key_marker_any_fraction	key_marker_two_fraction	key_marker_max_fraction	key_marker_enrichment	ref_fraction	raw_fraction	screfmapping_fraction	total_score
infection_study_01	B_lineage	0	Naive B Cell	1	491	0.9646602578107931	1.0	1.0	0.0	1.0	0.8496266123557366	1.0	0.0	0.8496266123557366	1.0071752219738883	0.9959266802443992	0.9898167006109979	0.0	3.583299389002037
infection_study_01	B_lineage	0	Memory B Cell	2	491	0.24362755808025635	0.24362755808025635	0.24362755808025635	0.0	0.8533604887983707	0.09048588885656095	0.1690427698574338	0.010183299389002037	0.12016293279022404	0.4203353218568524	0.11405295315682282	0.109979633401222	0.0	0.5360919165323949
infection_study_01	B_lineage	0	Plasma Cell	3	491	0.4783336974728716	0.5173116089613035	0.5173116089613035	0.0	0.6680244399185336	0.12118126272912422	0.5173116089613035	0.1364562118126273	0.2606924643584521	0.8227749980257684	0.0	0.0	0.0	0.5173116089613035
infection_study_01	B_lineage	1	Naive B Cell	1	464	0.9437222343602067	0.9956896551724138	0.9956896551724138	0.0	0.9956896551724138	0.7368893678160919	0.9956896551724138	0.0	0.7368893678160919	1.0028769323615039	0.9956896551724138	0.9827586206896551	0.0	3.571551724137931
infection_study_01	B_lineage	1	Plasma Cell	2	464	0.19173767387662952	0.3879310344827586	0.3879310344827586	0.0	0.5258620689655172	0.08343596059113301	0.3879310344827586	0.07112068965517242	0.14655172413793102	0.6208998636610148	0.0	0.0	0.0	0.3879310344827586
infection_study_01	B_lineage	1	Memory B Cell	3	464	0.24362755808025635	0.24362755808025635	0.24362755808025635	0.0	0.8081896551724138	0.073121921182266	0.10129310344827586	0.0	0.08189655172413793	0.2612807123997735	0.0603448275862069	0.04741379310344827	0.0	0.38759307532163567
infection_study_01	B_lineage	10	Naive B Cell	1	286	0.9567402228533974	1.0	1.0	0.0	1.0	0.8152680652680653	1.0	0.0	0.8152680652680653	1.0071752219738883	0.9965034965034965	0.9685314685314685	0.0	3.562937062937063
infection_study_01	B_lineage	10	Plasma Cell	2	286	0.7472826086956522	0.8461538461538461	0.8461538461538461	0.0	0.8601398601398601	0.1940559440559441	0.8461538461538461	0.3916083916083916	0.6293706293706294	1.3358742100644296	0.0	0.0	0.0	0.8461538461538461
infection_study_01	B_lineage	10	Memory B Cell	3	286	0.24362755808025635	0.32867132867132864	0.32867132867132864	0.0	0.8286713286713286	0.10514485514485515	0.32867132867132864	0.006993006993006993	0.3006993006993007	0.7950922679206989	0.16083916083916083	0.16083916083916083	0.0	0.7468531468531467
infection_study_01	B_lineage	11	Naive B Cell	1	277	0.94343092272959	1.0	1.0	0.0	1.0	0.7490974729241877	1.0	0.0	0.7490974729241877	1.0071752219738883	0.9783393501805054	0.9530685920577617	0.0	3.5184115523465707
infection_study_01	B_lineage	11	Memory B Cell	2	277	0.24362755808025635	0.24362755808025635	0.24362755808025635	0.0	0.8194945848375451	0.0783909231562661	0.1263537906137184	0.007220216606498195	0.09386281588447654	0.32011521330717124	0.22021660649819494	0.21299638989169675	0.0	0.8089705183690651
infection_study_01	B_lineage	11	Plasma Cell	3	277	0.5040237418978952	0.5234657039711191	0.5234657039711191	0.0	0.628158844765343	0.11217122227952554	0.5234657039711191	0.1299638989169675	0.23826714801444043	0.8323773572826135	0.0	0.0	0.0	0.5234657039711191
infection_study_01	B_lineage	12	Naive B Cell	1	275	0.9774051416502804	1.0	1.0	0.0	1.0	0.8893939393939393	1.0	0.0	0.8893939393939393	1.0071752219738883	0.9927272727272727	0.9854545454545455	0.0	3.573818181818182
infection_study_01	B_lineage	12	Plasma Cell	2	275	0.4031935037506372	0.5018181818181818	0.5018181818181818	0.0	0.5527272727272727	0.10545454545454545	0.5018181818181818	0.14545454545454545	0.23636363636363636	0.7986002894275555	0.0	0.0	0.0	0.5018181818181818
infection_study_01	B_lineage	12	Memory B Cell	3	275	0.24362755808025635	0.3018181818181818	0.3018181818181818	0.0	0.9127272727272727	0.11610389610389611	0.3018181818181818	0.01818181818181818	0.26181818181818184	0.7320496433323139	0.05818181818181818	0.05454545454545454	0.0	0.44945454545454544
infection_study_01	B_lineage	13	Naive B Cell	1	236	0.9499672274415556	1.0	1.0	0.0	1.0	0.7383474576271186	1.0	0.0	0.7383474576271186	1.0071752219738883	0.7627118644067796	0.7372881355932204	0.0	2.957627118644068
infection_study_01	B_lineage	13	Memory B Cell	2	236	0.24362755808025635	0.2584745762711864	0.2584745762711864	0.0	0.864406779661017	0.13044794188861986	0.2584745762711864	0.08898305084745763	0.13559322033898305	0.630292681001247	0.3559322033898305	0.3516949152542373	0.0	1.1796610169491526
infection_study_01	B_lineage	13	Plasma Cell	3	236	0.4808735707523123	0.559322033898305	0.559322033898305	0.0	0.7288135593220338	0.13922518159806294	0.559322033898305	0.1440677966101695	0.2923728813559322	0.8883247160808846	0.0	0.0	0.0	0.559322033898305
infection_study_01	B_lineage	14	Naive B Cell	1	229	0.9493663972034083	1.0	1.0	0.0	1.0	0.7514556040756913	1.0	0.0	0.7514556040756913	1.0071752219738883	0.8384279475982532	0.8034934497816594	0.0	3.1449781659388645
infection_study_01	B_lineage	14	Memory B Cell	2	229	0.24362755808025635	0.37554585152838427	0.37554585152838427	0.0	0.9039301310043668	0.15470991890205862	0.37554585152838427	0.13100436681222707	0.22270742358078602	0.9051386979870777	0.31877729257641924	0.31877729257641924	0.0	1.2043668122270743
infection_study_01	B_lineage	14	Plasma Cell	3	229	0.5130544024470177	0.6026200873362445	0.6026200873362445	0.0	0.6943231441048034	0.1584529008109794	0.6026200873362445	0.24017467248908297	0.35807860262008734	0.9558835470007905	0.0	0.0	0.0	0.6026200873362445
infection_study_01	B_lineage	15	Memory B Cell	1	221	0.9544825577161168	0.9544825577161168	0.9544825577161168	0.0	0.9819004524886877	0.44570135746606326	0.9140271493212669	0.7149321266968326	0.746606334841629	2.1693210483936123	1.0	0.9909502262443439	0.0	3.545432783960461
infection_study_01	B_lineage	15	Naive B Cell	2	221	0.9069805549486564	1.0	1.0	0.0	1.0	0.5113122171945702	1.0	0.0	0.5113122171945702	1.0071752219738883	0.06787330316742081	0.058823529411764705	0.0	1.167420814479638
infection_study_01	B_lineage	15	Plasma Cell	3	221	0.7267678974583061	0.8506787330316742	0.8506787330316742	0.0	0.9592760180995475	0.32546864899806077	0.8506787330316742	0.5203619909502263	0.5248868778280543	1.3429344828304803	0.0	0.0	0.0	0.8506787330316742
infection_study_01	B_lineage	16	Naive B Cell	1	221	0.9765858276891705	1.0	1.0	0.0	1.0	0.8895173453996984	1.0	0.0	0.8895173453996984	1.0071752219738883	0.995475113122172	0.9864253393665159	0.0	3.579185520361991
infection_study_01	B_lineage	16	Memory B Cell	2	221	0.24362755808025635	0.24362755808025635	0.24362755808025635	0.0	0.8687782805429864	0.08274078862314156	0.14027149321266968	0.004524886877828055	0.09954751131221719	0.3527895402632186	0.09502262443438914	0.09049773755656108	0.0	0.4861614947318401
infection_study_01	B_lineage	16	Plasma Cell	3	221	0.19173767387662952	0.4343891402714932	0.4343891402714932	0.0	0.5565610859728507	0.10051712992889465	0.4343891402714932	0.14479638009049775	0.22624434389140272	0.6933893883538272	0.0	0.0	0.0	0.4343891402714932
infection_study_01	B_lineage	17	Memory B Cell	1	208	0.9573228461146311	0.9573228461146311	0.9573228461146311	0.0	0.9855769230769231	0.373282967032967	0.8990384615384616	0.6105769230769231	0.6923076923076923	2.1341323897931335	0.9711538461538461	0.9663461538461539	0.0	3.477515153806939
infection_study_01	B_lineage	17	Naive B Cell	2	208	0.8955829874007719	1.0	1.0	0.0	1.0	0.4451121794871795	1.0	0.0	0.4451121794871795	1.0071752219738883	0.11538461538461539	0.09615384615384616	0.0	1.2807692307692307
infection_study_01	B_lineage	17	Plasma Cell	3	208	0.4419060884130799	0.5480769230769231	0.5480769230769231	0.0	0.9230769230769231	0.19574175824175824	0.5480769230769231	0.13942307692307693	0.4230769230769231	0.870778741600848	0.0	0.0	0.0	0.5480769230769231
infection_study_01	B_lineage	18	Naive B Cell	1	172	0.9798448765566965	1.0	1.0	0.0	1.0	0.8798449612403102	1.0	0.0	0.8798449612403102	1.0071752219738883	0.9825581395348837	0.9767441860465116	0.0	3.5488372093023255
infection_study_01	B_lineage	18	Memory B Cell	2	172	0.24362755808025635	0.4476744186046512	0.4476744186046512	0.0	0.9011627906976745	0.13745847176079734	0.4476744186046512	0.05232558139534884	0.38372093023255816	1.0744735696561076	0.2558139534883721	0.2558139534883721	0.0	1.1127906976744186
infection_study_01	B_lineage	18	Plasma Cell	3	172	0.7522212511834535	0.8604651162790697	0.8604651162790697	0.0	0.8837209302325582	0.21760797342192695	0.8604651162790697	0.47674418604651164	0.6337209302325582	1.3582043750919386	0.0	0.0	0.0	0.8604651162790697
infection_study_01	B_lineage	19	Naive B Cell	1	165	0.9820479207632364	1.0	1.0	0.0	1.0	0.897979797979798	1.0	0.0	0.897979797979798	1.0071752219738883	0.9878787878787879	0.9818181818181818	0.0	3.5624242424242425
infection_study_01	B_lineage	19	Plasma Cell	2	165	0.56622787852305	0.6242424242424243	0.6242424242424243	0.0	0.703030303030303	0.13766233766233765	0.6242424242424243	0.21212121212121213	0.4303030303030303	0.9896213178045433	0.0	0.0	0.0	0.6242424242424243
infection_study_01	B_lineage	19	Memory B Cell	3	165	0.24362755808025635	0.24362755808025635	0.24362755808025635	0.0	0.8848484848484849	0.10216450216450217	0.24242424242424243	0.012121212121212121	0.18181818181818182	0.5926116160309208	0.048484848484848485	0.048484848484848485	0.0	0.3696881641408624
infection_study_01	B_lineage	2	Naive B Cell	1	431	0.9670453717864685	1.0	1.0	0.0	1.0	0.8754833720030936	1.0	0.0	0.8754833720030936	1.0071752219738883	1.0	0.9953596287703016	0.0	3.595359628770302
infection_study_01	B_lineage	2	Plasma Cell	2	431	0.5312704828490278	0.5568445475638051	0.5568445475638051	0.0	0.6403712296983759	0.1206496519721578	0.5568445475638051	0.16473317865429235	0.2877030162412993	0.8844590439065277	0.0	0.0	0.0	0.5568445475638051
infection_study_01	B_lineage	2	Memory B Cell	3	431	0.24362755808025635	0.24362755808025635	0.24362755808025635	0.0	0.9350348027842227	0.09081869406695393	0.16241299303944315	0.004640371229698376	0.12296983758700696	0.40477072031026007	0.02088167053364269	0.016241299303944315	0.0	0.293279530238029
infection_study_01	B_lineage	20	Naive B Cell	1	118	0.9107220887043915	0.9661016949152542	0.9661016949152542	0.0	0.9661016949152542	0.5988700564971752	0.9661016949152542	0.0	0.5988700564971752	0.9733717240053067	0.5084745762711864	0.4915254237288136	0.0	2.2711864406779663
infection_study_01	B_lineage	20	Memory B Cell	2	118	0.5915310246886607	0.6610169491525424	0.6610169491525424	0.0	0.9067796610169492	0.25726392251815977	0.6610169491525424	0.2966101694915254	0.3728813559322034	1.5753337904570313	0.6101694915254238	0.6101694915254238	0.0	2.2474576271186444
infection_study_01	B_lineage	20	Plasma Cell	3	118	0.5737610152210326	0.7711864406779662	0.7711864406779662	0.0	0.8813559322033898	0.24636803874092011	0.7711864406779662	0.3728813559322034	0.5423728813559322	1.218901046864185	0.00847457627118644	0.0	0.0	0.7847457627118645
infection_study_01	B_lineage	21	Naive B Cell	1	95	0.936748962202316	1.0	1.0	0.0	1.0	0.7280701754385964	1.0	0.0	0.7280701754385964	1.0071752219738883	1.0	0.9894736842105263	0.0	3.5894736842105264
infection_study_01	B_lineage	21	Plasma Cell	2	95	0.6145400917631636	0.6145400917631636	0.6145400917631636	0.0	0.6421052631578947	0.12105263157894738	0.5789473684210527	0.1368421052631579	0.28421052631578947	0.9189465235639693	0.0	0.0	0.0	0.6145400917631636
infection_study_01	B_lineage	21	Memory B Cell	3	95	0.24362755808025635	0.24362755808025635	0.24362755808025635	0.0	0.8105263157894737	0.06842105263157895	0.07368421052631578	0.0	0.06315789473684211	0.19646383707046447	0.021052631578947368	0.021052631578947368	0.0	0.2983644001855195
infection_study_01	B_lineage	22	Plasma Cell	1	85	0.9991988930158037	1.0	1.0	0.0	1.0	0.8327731092436974	1.0	1.0	1.0	1.5759234841101493	1.0	1.0	0.0	3.6
infection_study_01	B_lineage	22	Naive B Cell	2	85	0.84822664044862	0.9882352941176471	0.9882352941176471	0.0	0.9882352941176471	0.2647058823529412	0.9882352941176471	0.0	0.2647058823529412	0.9954434197377335	0.0	0.0	0.0	0.9882352941176471
infection_study_01	B_lineage	22	Memory B Cell	3	85	0.9795535649260797	0.9795535649260797	0.9795535649260797	0.0	0.9529411764705882	0.4235294117647059	0.9529411764705882	0.8705882352941177	0.9176470588235294	2.260678773363913	0.0	0.0	0.0	0.9795535649260797
infection_study_01	B_lineage	23	Memory B Cell	1	81	0.8976676862573738	0.8976676862573738	0.8976676862573738	0.0	1.0	0.31040564373897706	0.7654320987654321	0.3333333333333333	0.6049382716049383	1.8204672608239894	1.0	1.0	0.0	3.497667686257374
infection_study_01	B_lineage	23	Naive B Cell	2	81	0.8716226057825359	1.0	1.0	0.0	1.0	0.4187242798353909	1.0	0.0	0.4187242798353909	1.0071752219738883	0.07407407407407407	0.04938271604938271	0.0	1.1679012345679012
infection_study_01	B_lineage	23	Plasma Cell	3	81	0.7836920107785303	0.8395061728395061	0.8395061728395061	0.0	1.0	0.30511463844797176	0.8395061728395061	0.5061728395061729	0.6419753086419753	1.3255017105686269	0.0	0.0	0.0	0.8395061728395061
infection_study_01	B_lineage	24	Plasma Cell	1	56	0.9978879906780278	0.9978879906780278	0.9978879906780278	0.0	1.0	0.7295918367346941	0.9821428571428571	0.9464285714285714	0.9464285714285714	1.5480606219441282	0.7321428571428571	1.0	0.0	3.1693165621065997
infection_study_01	B_lineage	24	Memory B Cell	2	56	0.8958560920544754	0.9642857142857143	0.9642857142857143	0.0	0.9642857142857143	0.45153061224489793	0.9642857142857143	0.8214285714285714	0.8214285714285714	2.2873121300620656	0.05357142857142857	0.017857142857142856	0.0	1.0678571428571428
infection_study_01	B_lineage	24	Naive B Cell	3	56	0.8475893962566455	0.8928571428571429	0.8928571428571429	0.0	0.8928571428571429	0.2797619047619047	0.8928571428571429	0.0	0.2797619047619047	0.9003320230374786	0.0	0.0	0.0	0.8928571428571429
infection_study_01	B_lineage	25	Plasma Cell	1	42	0.9957304639137717	0.9957304639137717	0.9957304639137717	0.0	0.9047619047619048	0.3010204081632653	0.8809523809523809	0.5714285714285714	0.7380952380952381	1.3901710696700091	0.7380952380952381	0.9761904761904762	0.0	3.152873321056629
infection_study_01	B_lineage	25	Naive B Cell	2	42	0.4237582841744957	0.4237582841744957	0.4237582841744957	0.0	0.3333333333333333	0.041666666666666664	0.3333333333333333	0.0	0.041666666666666664	0.34237309525845044	0.0	0.0	0.0	0.4237582841744957
infection_study_01	B_lineage	25	Memory B Cell	3	42	0.24362755808025635	0.24362755808025635	0.24362755808025635	0.0	0.2619047619047619	0.03401360544217687	0.16666666666666666	0.0	0.09523809523809523	0.4147569893709806	0.047619047619047616	0.023809523809523808	0.0	0.34362755808025636
infection_study_01	B_lineage	26	Naive B Cell	1	37	0.9290474109678829	0.972972972972973	0.972972972972973	0.0	0.972972972972973	0.6779279279279279	0.972972972972973	0.0	0.6779279279279279	0.9802237844043435	0.5945945945945946	0.5945945945945946	0.0	2.518918918918919
infection_study_01	B_lineage	26	Memory B Cell	2	37	0.24362755808025635	0.43243243243243246	0.43243243243243246	0.0	0.918918918918919	0.17181467181467183	0.43243243243243246	0.16216216216216217	0.2972972972972973	1.0386902472212574	0.43243243243243246	0.43243243243243246	0.0	1.5567567567567568
infection_study_01	B_lineage	26	Plasma Cell	3	37	0.45684946471487875	0.5675675675675675	0.5675675675675675	0.0	0.7297297297297297	0.17760617760617764	0.5675675675675675	0.2702702702702703	0.32432432432432434	0.9011903894951536	0.0	0.0	0.0	0.5675675675675675
infection_study_01	B_lineage	3	Naive B Cell	1	396	0.9599446507901828	1.0	1.0	0.0	1.0	0.8604797979797981	1.0	0.0	0.8604797979797981	1.0071752219738883	1.0	1.0	0.0	3.6
infection_study_01	B_lineage	3	Plasma Cell	2	396	0.5200959507683345	0.5353535353535354	0.5353535353535354	0.0	0.5782828282828283	0.1075036075036075	0.5353535353535354	0.1388888888888889	0.30303030303030304	0.8509261816892386	0.0	0.0	0.0	0.5353535353535354
infection_study_01	B_lineage	3	Memory B Cell	3	396	0.24362755808025635	0.24362755808025635	0.24362755808025635	0.0	0.8914141414141414	0.09776334776334776	0.23232323232323232	0.010101010101010102	0.21717171717171718	0.5688976658095954	0.025252525252525252	0.012626262626262626	0.0	0.29665786111055936
infection_study_01	B_lineage	4	Memory B Cell	1	351	0.586728934527711	0.586728934527711	0.586728934527711	0.0	0.9458689458689459	0.17643467643467645	0.49572649572649574	0.09116809116809117	0.33903133903133903	1.1872845215810799	0.9458689458689459	0.9458689458689459	0.0	3.0459881937869704
infection_study_01	B_lineage	4	Naive B Cell	2	351	0.9000801106984196	0.9886039886039886	0.9886039886039886	0.0	0.9886039886039886	0.4515669515669516	0.9886039886039886	0.0	0.4515669515669516	0.9958110830556757	0.21652421652421652	0.18518518518518517	0.0	1.5202279202279203
infection_study_01	B_lineage	4	Plasma Cell	3	351	0.6230791639356201	0.6638176638176638	0.6638176638176638	0.0	0.8575498575498576	0.19271469271469271	0.6638176638176638	0.23931623931623933	0.4415954415954416	1.0513713667509843	0.002849002849002849	0.0	0.0	0.6683760683760683
infection_study_01	B_lineage	5	Naive B Cell	1	342	0.9678646857475784	1.0	1.0	0.0	1.0	0.8647660818713452	1.0	0.0	0.8647660818713452	1.0071752219738883	0.9824561403508771	0.9736842105263158	0.0	3.5456140350877194
infection_study_01	B_lineage	5	Memory B Cell	2	342	0.24362755808025635	0.2543859649122807	0.2543859649122807	0.0	0.9005847953216374	0.10651629072681704	0.2543859649122807	0.017543859649122806	0.12573099415204678	0.620693925503543	0.15789473684210525	0.15204678362573099	0.0	0.6590643274853801
infection_study_01	B_lineage	5	Plasma Cell	3	342	0.49866178719685383	0.5672514619883041	0.5672514619883041	0.0	0.6812865497076024	0.13721804511278196	0.5672514619883041	0.19005847953216373	0.3128654970760234	0.9006971635487977	0.0	0.0	0.0	0.5672514619883041
infection_study_01	B_lineage	6	Memory B Cell	1	321	0.955411113538708	0.955411113538708	0.955411113538708	0.0	0.9968847352024922	0.4047619047619047	0.8691588785046729	0.5389408099688473	0.6697819314641744	2.0639846582681085	1.0	1.0	0.0	3.555411113538708
infection_study_01	B_lineage	6	Naive B Cell	2	321	0.4237582841744957	0.9968847352024922	0.9968847352024922	0.0	0.9968847352024922	0.3543613707165109	0.9968847352024922	0.0	0.3543613707165109	1.0040686699798909	0.012461059190031152	0.012461059190031152	0.0	1.0292834890965732
infection_study_01	B_lineage	6	Plasma Cell	3	321	0.6889702133857695	0.7757009345794392	0.7757009345794392	0.0	0.9719626168224299	0.2926123720516244	0.7757009345794392	0.3956386292834891	0.48598130841121495	1.2259451032584459	0.0	0.0	0.0	0.7757009345794392
infection_study_01	B_lineage	7	Memory B Cell	1	317	0.6331294151919016	0.6435331230283912	0.6435331230283912	0.0	0.9716088328075709	0.22622803064443442	0.6435331230283912	0.22082018927444794	0.5078864353312302	1.5342873428007746	0.9873817034700315	0.9873817034700315	0.0	3.2107255520504734
infection_study_01	B_lineage	7	Naive B Cell	2	317	0.9112956084771685	1.0	1.0	0.0	1.0	0.5315457413249212	1.0	0.0	0.5315457413249212	1.0071752219738883	0.1640378548895899	0.0946372239747634	0.0	1.3570977917981073
infection_study_01	B_lineage	7	Plasma Cell	3	317	0.695470104143908	0.7602523659305994	0.7602523659305994	0.0	0.886435331230284	0.2415502478593961	0.7602523659305994	0.38485804416403785	0.5425867507886435	1.2018403882786495	0.0031545741324921135	0.0	0.0	0.7652996845425868
infection_study_01	B_lineage	8	Memory B Cell	1	309	0.9476185274197072	0.9476185274197072	0.9476185274197072	0.0	0.9902912621359223	0.34974572353213135	0.8673139158576052	0.5501618122977346	0.6537216828478964	2.0596532743832046	0.9805825242718447	0.9805825242718447	0.0	3.4971330905265035
infection_study_01	B_lineage	8	Naive B Cell	2	309	0.9231483504478917	1.0	1.0	0.0	1.0	0.6167745415318232	1.0	0.0	0.6167745415318232	1.0071752219738883	0.1941747572815534	0.13915857605177995	0.0	1.4498381877022655
infection_study_01	B_lineage	8	Plasma Cell	3	309	0.4933908673803802	0.6440129449838188	0.6440129449838188	0.0	0.919093851132686	0.2196024040684235	0.6440129449838188	0.22006472491909385	0.3333333333333333	1.0204696622891476	0.0	0.0	0.0	0.6440129449838188
infection_study_01	B_lineage	9	Memory B Cell	1	306	0.7477332313742626	0.7477332313742626	0.7477332313742626	0.0	0.9803921568627451	0.2483660130718954	0.6928104575163399	0.22549019607843138	0.5555555555555556	1.6499748082523693	1.0	1.0	0.0	3.3477332313742627
infection_study_01	B_lineage	9	Naive B Cell	2	306	0.4237582841744957	1.0	1.0	0.0	1.0	0.33197167755991286	1.0	0.0	0.33197167755991286	1.0071752219738883	0.02287581699346405	0.0	0.0	1.0366013071895426
infection_study_01	B_lineage	9	Plasma Cell	3	306	0.792044461437623	0.8594771241830066	0.8594771241830066	0.0	0.9803921568627451	0.2894491129785247	0.8594771241830066	0.42810457516339867	0.6895424836601307	1.35666279098669	0.0	0.0	0.0	0.8594771241830066
infection_study_01	T_NK_lineage	0	NK Cell	1	1315	0.9442138227368728	1.0	1.0	0.0	1.0	0.9826615969581749	1.0	0.0	0.9826615969581749	1.2134308445113124	0.9992395437262357	0.9049429657794676	0.0	3.503726235741445
infection_study_01	T_NK_lineage	0	CD8 Cytotoxic / T Effector Memory	2	1315	0.91114995266186	1.0	1.0	0.0	1.0	0.7373166757197175	1.0	0.0	0.7373166757197175	1.1676751410426567	0.41977186311787074	0.0	0.0	1.671634980988593
infection_study_01	T_NK_lineage	0	CD4 T Effector Memory	3	1315	0.7552071953972762	1.0	1.0	0.0	1.0	0.6014039192746417	1.0	1.0	1.0	1.161955618588227	0.0007604562737642585	0.0	0.0	1.0012167300380228
infection_study_01	T_NK_lineage	0	ydT Cell	4	1315	0.9285103051489331	0.9756653992395438	0.9756653992395438	0.0	0.9756653992395438	0.5282636248415716	0.9756653992395438	0.0	0.5282636248415716	1.626635958200991	0.0007604562737642585	0.0007604562737642585	0.0	0.9776425855513309
infection_study_01	T_NK_lineage	0	CD4 Naive / T Central Memory	5	1315	0.12324302672784211	0.9695817490494296	0.9695817490494296	0.0	0.9695817490494296	0.12162230671736375	0.9695817490494296	0.0	0.12162230671736375	1.0728209115847591	0.0	0.0	0.0	0.9695817490494296
infection_study_01	T_NK_lineage	0	MAIT Cell	6	1315	0.8418724055057898	0.8418724055057898	0.8418724055057898	0.0	0.7346007604562738	0.18403041825095057	0.7346007604562738	0.0	0.18403041825095057	1.5208639588161383	0.0	0.0	0.0	0.8418724055057898
infection_study_01	T_NK_lineage	0	Treg	7	1315	0.4674095113247396	0.4674095113247396	0.4674095113247396	0.0	0.6653992395437263	0.06519184237815417	0.003041825095057034	0.0	0.0022813688212927757	0.15026204394154624	0.0	0.0	0.0	0.4674095113247396
infection_study_01	T_NK_lineage	0	CD8 Naive / T Central Memory	8	1315	0.2781024688660695	0.3239543726235741	0.3239543726235741	0.0	0.3239543726235741	0.07346007604562738	0.3239543726235741	0.0	0.07346007604562738	0.47539819503748726	0.0	0.0	0.0	0.3239543726235741
infection_study_01	T_NK_lineage	1	CD4 T Effector Memory	1	1297	0.6086592382200859	0.6086592382200859	0.6086592382200859	0.0	0.9969159599074788	0.28717157938437815	0.4202004626060139	0.18581341557440248	0.27833461835003853	0.4949245986577349	0.9452582883577486	0.0	0.0	2.1210724995924837
infection_study_01	T_NK_lineage	1	CD4 Naive / T Central Memory	2	1297	0.8974218920690409	1.0	1.0	0.0	1.0	0.5918786944230274	1.0	0.0	0.5918786944230274	1.1061344515167473	0.4818812644564379	0.0	0.0	1.7710100231303008
infection_study_01	T_NK_lineage	1	CD8 Naive / T Central Memory	3	1297	0.7559900954045591	0.8735543562066307	0.8735543562066307	0.0	0.8735543562066307	0.35774865073245954	0.8735543562066307	0.0	0.35774865073245954	1.257777051572255	0.08866615265998458	0.0	0.0	1.015420200462606
infection_study_01	T_NK_lineage	1	Treg	4	1297	0.4674095113247396	0.4674095113247396	0.4674095113247396	0.0	0.36314572089437164	0.05158757972944558	0.11488049344641481	0.0038550501156515036	0.06013878180416345	1.4388168877375285	0.16037008481110254	0.06322282189668466	0.0	0.7872244689191883
infection_study_01	T_NK_lineage	1	MAIT Cell	5	1297	0.37886898259413004	0.37886898259413004	0.37886898259413004	0.0	0.3562066306861989	0.1010023130300694	0.3562066306861989	0.0	0.1010023130300694	0.7479853576147919	0.09252120277563608	0.010023130300693909	0.0	0.5369260373358417
infection_study_01	T_NK_lineage	1	CD8 Cytotoxic / T Effector Memory	6	1297	0.19699038671618965	0.4456437933693138	0.4456437933693138	0.0	0.4456437933693138	0.11499063773543342	0.4456437933693138	0.0	0.11499063773543342	0.5267761689977472	0.051657671549730146	0.0	0.0	0.5282960678488821
infection_study_01	T_NK_lineage	1	ydT Cell	7	1297	0.3500837520938023	0.3500837520938023	0.3500837520938023	0.0	0.14649190439475712	0.053713698278077614	0.14649190439475712	0.0	0.053713698278077614	0.2582573752231306	0.05551272166538165	0.0	0.0	0.43890410675841296
infection_study_01	T_NK_lineage	1	NK Cell	8	1297	0.183362464496395	0.3107170393215112	0.3107170393215112	0.0	0.3107170393215112	0.07802621434078644	0.3107170393215112	0.0	0.07802621434078644	0.3853147998743258	0.0015420200462606013	0.0015420200462606013	0.0	0.31472629144178876
infection_study_01	T_NK_lineage	10	CD4 T Effector Memory	1	810	0.7440281115723546	0.7440281115723546	0.7440281115723546	0.0	1.0	0.3546058879392213	0.6024691358024692	0.30246913580246915	0.4703703703703704	0.7046157956015394	0.9839506172839506	0.0	0.0	2.3183490992266758
infection_study_01	T_NK_lineage	10	CD4 Naive / T Central Memory	2	810	0.9102213968392687	1.0	1.0	0.0	1.0	0.5976954732510288	1.0	0.0	0.5976954732510288	1.1061344515167473	0.3888888888888889	0.0	0.0	1.6222222222222222
infection_study_01	T_NK_lineage	10	CD8 Naive / T Central Memory	3	810	0.7590306605491224	0.8530864197530864	0.8530864197530864	0.0	0.8530864197530864	0.3525925925925926	0.8530864197530864	0.0	0.3525925925925926	1.2286400770517123	0.10246913580246914	0.0	0.0	1.017037037037037
infection_study_01	T_NK_lineage	10	MAIT Cell	4	810	0.37886898259413004	0.47160493827160493	0.47160493827160493	0.0	0.47160493827160493	0.13703703703703704	0.47160493827160493	0.0	0.13703703703703704	0.9836890208872785	0.15555555555555556	0.006172839506172839	0.0	0.7266666666666667
infection_study_01	T_NK_lineage	10	Treg	5	810	0.4674095113247396	0.4674095113247396	0.4674095113247396	0.0	0.3333333333333333	0.04736251402918069	0.11358024691358025	0.007407407407407408	0.05925925925925926	1.4238360318966017	0.09012345679012346	0.019753086419753086	0.0	0.6313601286086903
infection_study_01	T_NK_lineage	10	CD8 Cytotoxic / T Effector Memory	6	810	0.19699038671618965	0.4469135802469136	0.4469135802469136	0.0	0.4469135802469136	0.11093474426807759	0.4469135802469136	0.0	0.11093474426807759	0.5282441873852673	0.10740740740740741	0.0	0.0	0.6187654320987654
infection_study_01	T_NK_lineage	10	ydT Cell	7	810	0.3500837520938023	0.3500837520938023	0.3500837520938023	0.0	0.1469135802469136	0.05267489711934156	0.1469135802469136	0.0	0.05267489711934156	0.2589532636091406	0.04691358024691358	0.0	0.0	0.4251454804888641
infection_study_01	T_NK_lineage	10	NK Cell	8	810	0.183362464496395	0.34074074074074073	0.34074074074074073	0.0	0.34074074074074073	0.08098765432098766	0.34074074074074073	0.0	0.08098765432098766	0.42138577548669337	0.0012345679012345679	0.0012345679012345679	0.0	0.3439506172839506
infection_study_01	T_NK_lineage	11	CD8 Cytotoxic / T Effector Memory	1	767	0.6972543878814361	0.7757496740547588	0.7757496740547588	0.0	0.7757496740547588	0.4958092754702924	0.7757496740547588	0.0	0.4958092754702924	0.908416199481299	0.5254237288135594	0.0	0.0	1.616427640156454
infection_study_01	T_NK_lineage	11	CD4 Naive / T Central Memory	2	767	0.771720923457869	0.9491525423728814	0.9491525423728814	0.0	0.9491525423728814	0.41668839634941335	0.9491525423728814	0.0	0.41668839634941335	1.050447199384674	0.27509778357235987	0.0	0.0	1.389308996088657
infection_study_01	T_NK_lineage	11	CD4 T Effector Memory	3	767	0.7947527492535139	0.8930899608865711	0.8930899608865711	0.0	0.9986962190352021	0.5060675960284826	0.8930899608865711	0.7001303780964798	0.8657105606258149	1.0389608456859143	0.24902216427640156	0.0	0.0	1.2915254237288136
infection_study_01	T_NK_lineage	11	NK Cell	4	767	0.6794843784138082	0.7157757496740548	0.7157757496740548	0.0	0.7157757496740548	0.46936114732724904	0.7157757496740548	0.0	0.46936114732724904	0.8719590899532863	0.21642764015645372	0.20599739243807041	0.0	1.2680573663624513
infection_study_01	T_NK_lineage	11	CD8 Naive / T Central Memory	5	767	0.8089906051999126	0.8089906051999126	0.8089906051999126	0.0	0.7900912646675359	0.3434159061277705	0.7900912646675359	0.0	0.3434159061277705	1.1389638054445914	0.07040417209908735	0.0	0.0	0.9216372805584524
infection_study_01	T_NK_lineage	11	Treg	6	767	0.4674095113247396	0.4674095113247396	0.4674095113247396	0.0	0.3350717079530639	0.0490695744933033	0.09908735332464146	0.005215123859191656	0.07431551499348109	1.2568554293023642	0.04954367666232073	0.027379400260756193	0.0	0.574058794245209
infection_study_01	T_NK_lineage	11	ydT Cell	7	767	0.3500837520938023	0.48239895697522817	0.48239895697522817	0.0	0.48239895697522817	0.2246849196001738	0.48239895697522817	0.0	0.2246849196001738	0.8126021769806643	0.04432855280312908	0.007822685788787484	0.0	0.5611473272490222
infection_study_01	T_NK_lineage	11	MAIT Cell	8	767	0.37886898259413004	0.4015645371577575	0.4015645371577575	0.0	0.4015645371577575	0.10625814863102999	0.4015645371577575	0.0	0.10625814863102999	0.8406299113991252	0.05345501955671447	0.020860495436766623	0.0	0.5079530638852673
infection_study_01	T_NK_lineage	12	CD8 Cytotoxic / T Effector Memory	1	727	0.7604508047483796	1.0	1.0	0.0	1.0	0.7015130674002751	1.0	0.0	0.7015130674002751	1.1676751410426567	0.8885832187070152	0.0	0.0	2.4217331499312245
infection_study_01	T_NK_lineage	12	NK Cell	2	727	0.7535685674750564	1.0	1.0	0.0	1.0	0.694910591471802	1.0	0.0	0.694910591471802	1.2134308445113124	0.31361760660247595	0.30536451169188444	0.0	1.807152682255846
infection_study_01	T_NK_lineage	12	CD4 T Effector Memory	3	727	0.7716480955502149	1.0	1.0	0.0	1.0	0.5779282615596234	1.0	1.0	0.9986244841815681	1.161955618588227	0.07702888583218707	0.0	0.0	1.1232462173314994
infection_study_01	T_NK_lineage	12	ydT Cell	4	727	0.8199967227441556	0.8199967227441556	0.8199967227441556	0.0	0.7744154057771664	0.3397524071526823	0.7744154057771664	0.0	0.3397524071526823	1.2945146559759346	0.06052269601100413	0.059147180192572216	0.0	0.9759802165543344
infection_study_01	T_NK_lineage	12	CD4 Naive / T Central Memory	5	727	0.33668341708542715	0.9477303988995873	0.9477303988995873	0.0	0.9477303988995873	0.23915635029802845	0.9477303988995873	0.0	0.23915635029802845	1.0488896925620896	0.0	0.0	0.0	0.9477303988995873
infection_study_01	T_NK_lineage	12	CD8 Naive / T Central Memory	6	727	0.8010159493117762	0.8010159493117762	0.8010159493117762	0.0	0.7661623108665749	0.3092159559834938	0.7661623108665749	0.0	0.3092159559834938	1.1048999261285544	0.016506189821182942	0.0	0.0	0.827425853025669
infection_study_01	T_NK_lineage	12	MAIT Cell	7	727	0.7852851212584663	0.7852851212584663	0.7852851212584663	0.0	0.5075653370013755	0.1282668500687758	0.5075653370013755	0.0	0.1282668500687758	1.0571389517458671	0.002751031636863824	0.0	0.0	0.7896867718774484
infection_study_01	T_NK_lineage	12	Treg	8	727	0.4674095113247396	0.4674095113247396	0.4674095113247396	0.0	0.32737276478679506	0.04451669376016006	0.015130674002751032	0.0	0.015130674002751032	0.2895443247980114	0.002751031636863824	0.0	0.0	0.47181116194372175
infection_study_01	T_NK_lineage	13	MAIT Cell	1	705	0.9297119656252276	0.9297119656252276	0.9297119656252276	0.0	0.8921985815602836	0.27695035460992906	0.8921985815602836	0.0	0.27695035460992906	1.8427610865576796	0.8992907801418439	0.34609929078014184	0.0	2.71467650463232
infection_study_01	T_NK_lineage	13	CD8 Cytotoxic / T Effector Memory	2	705	0.6891158692010778	0.9985815602836879	0.9985815602836879	0.0	0.9985815602836879	0.5412360688956434	0.9985815602836879	0.0	0.5412360688956434	1.1660352630270079	0.6652482269503546	0.0	0.0	2.0629787234042554
infection_study_01	T_NK_lineage	13	NK Cell	3	705	0.7226167067220158	0.9985815602836879	0.9985815602836879	0.0	0.9985815602836879	0.6431205673758866	0.9985815602836879	0.0	0.6431205673758866	1.2117267073797746	0.2226950354609929	0.2198581560283688	0.0	1.5747517730496454
infection_study_01	T_NK_lineage	13	ydT Cell	4	705	0.9693758648314034	0.9693758648314034	0.9693758648314034	0.0	0.9290780141843972	0.6647754137115839	0.9290780141843972	0.0	0.6647754137115839	1.5497531582287867	0.15886524822695036	0.14893617021276595	0.0	1.37249643220729
infection_study_01	T_NK_lineage	13	CD4 T Effector Memory	5	705	0.9511870948947637	1.0	1.0	0.0	1.0	0.7230769230769233	1.0	1.0	0.9971631205673759	1.161955618588227	0.23120567375886525	0.0	0.0	1.3699290780141844
infection_study_01	T_NK_lineage	13	CD4 Naive / T Central Memory	6	705	0.7797319932998324	0.9985815602836879	0.9985815602836879	0.0	0.9985815602836879	0.4208983451536643	0.9985815602836879	0.0	0.4208983451536643	1.1045810009844577	0.011347517730496455	0.0	0.0	1.0167375886524823
infection_study_01	T_NK_lineage	13	CD8 Naive / T Central Memory	7	705	0.649169761852742	0.6921985815602837	0.6921985815602837	0.0	0.6921985815602837	0.19574468085106383	0.6921985815602837	0.0	0.19574468085106383	0.9996094245123763	0.00425531914893617	0.0	0.0	0.6990070921985816
infection_study_01	T_NK_lineage	13	Treg	8	705	0.4674095113247396	0.4674095113247396	0.4674095113247396	0.0	0.150354609929078	0.020502901353965184	0.01702127659574468	0.0014184397163120568	0.01276595744680851	0.3113269976857258	0.0	0.0	0.0	0.4674095113247396
infection_study_01	T_NK_lineage	14	CD8 Cytotoxic / T Effector Memory	1	701	0.7416794115505062	1.0	1.0	0.0	1.0	0.7112288567352761	1.0	0.0	0.7112288567352761	1.1676751410426567	0.9700427960057061	0.0	0.0	2.55206847360913
infection_study_01	T_NK_lineage	14	NK Cell	2	701	0.7381472580292768	1.0	1.0	0.0	1.0	0.7383737517831669	1.0	0.0	0.7383737517831669	1.2134308445113124	0.37089871611982883	0.11126961483594865	0.0	1.704707560627675
infection_study_01	T_NK_lineage	14	CD4 T Effector Memory	3	701	0.8099009540455903	1.0	1.0	0.0	1.0	0.5792823439043127	1.0	1.0	1.0	1.161955618588227	0.03138373751783167	0.0	0.0	1.0502139800285306
infection_study_01	T_NK_lineage	14	CD4 Naive / T Central Memory	4	701	0.28416539217828274	0.9885877318116976	0.9885877318116976	0.0	0.9885877318116976	0.22738944365192584	0.9885877318116976	0.0	0.22738944365192584	1.0936359336820642	0.0	0.0	0.0	0.9885877318116976
infection_study_01	T_NK_lineage	14	ydT Cell	5	701	0.8896384094384968	0.8896384094384968	0.8896384094384968	0.0	0.884450784593438	0.46600095102234906	0.884450784593438	0.0	0.46600095102234906	1.476105187605539	0.037089871611982884	0.037089871611982884	0.0	0.9860720756296524
infection_study_01	T_NK_lineage	14	CD8 Naive / T Central Memory	6	701	0.7595768698565291	0.7595768698565291	0.7595768698565291	0.0	0.7332382310984308	0.2833095577746077	0.7332382310984308	0.0	0.2833095577746077	1.0580311039835346	0.0014265335235378032	0.0	0.0	0.7618593234941895
infection_study_01	T_NK_lineage	14	Treg	7	701	0.4674095113247396	0.4674095113247396	0.4674095113247396	0.0	0.35520684736091296	0.04979898845804695	0.005706134094151213	0.0	0.0028530670470756064	0.18095901411081192	0.0	0.0	0.0	0.4674095113247396
infection_study_01	T_NK_lineage	14	MAIT Cell	8	701	0.37886898259413004	0.38516405135520687	0.38516405135520687	0.0	0.38516405135520687	0.09664764621968616	0.38516405135520687	0.0	0.09664764621968616	0.8071315467870739	0.0014265335235378032	0.0	0.0	0.38744650499286737
infection_study_01	T_NK_lineage	15	CD4 Naive / T Central Memory	1	698	0.9606547228898114	0.998567335243553	0.998567335243553	0.0	0.998567335243553	0.7054441260744985	0.998567335243553	0.0	0.7054441260744985	1.1045654219676582	0.998567335243553	0.0	0.0	2.596275071633238
infection_study_01	T_NK_lineage	15	CD8 Naive / T Central Memory	2	698	0.8428191683052946	0.9742120343839542	0.9742120343839542	0.0	0.9742120343839542	0.42979942693409745	0.9742120343839542	0.0	0.42979942693409745	1.4010675201061171	0.14613180515759314	0.0	0.0	1.2080229226361032
infection_study_01	T_NK_lineage	15	CD4 T Effector Memory	3	698	0.45273468793241567	0.45273468793241567	0.45273468793241567	0.0	0.9914040114613181	0.18393211373154067	0.24068767908309455	0.02865329512893983	0.10315186246418338	0.28840391804103366	0.12034383954154727	0.0	0.0	0.6452848311988914
infection_study_01	T_NK_lineage	15	Treg	4	698	0.4674095113247396	0.4674095113247396	0.4674095113247396	0.0	0.08452722063037249	0.014456889815056002	0.06303724928366762	0.0028653295128939827	0.05300859598853868	0.8415023419836881	0.04727793696275072	0.014326647564469915	0.0	0.5573808580296107
infection_study_01	T_NK_lineage	15	ydT Cell	5	698	0.3500837520938023	0.3500837520938023	0.3500837520938023	0.0	0.03581661891117478	0.013849092645654251	0.03581661891117478	0.0	0.013849092645654251	0.07561081058704826	0.0830945558739255	0.0	0.0	0.4830350414920831
infection_study_01	T_NK_lineage	15	MAIT Cell	6	698	0.37886898259413004	0.37886898259413004	0.37886898259413004	0.0	0.14183381088825214	0.037965616045845266	0.14183381088825214	0.0	0.037965616045845266	0.3101240060084636	0.04154727793696275	0.0	0.0	0.44534462729327046
infection_study_01	T_NK_lineage	15	CD8 Cytotoxic / T Effector Memory	7	698	0.19699038671618965	0.2722063037249284	0.2722063037249284	0.0	0.2722063037249284	0.048096602537863284	0.2722063037249284	0.0	0.048096602537863284	0.32626265891597284	0.0	0.0	0.0	0.2722063037249284
infection_study_01	T_NK_lineage	15	NK Cell	8	698	0.183362464496395	0.22492836676217765	0.22492836676217765	0.0	0.22492836676217765	0.052148997134670486	0.22492836676217765	0.0	0.052148997134670486	0.2822468579008837	0.0014326647564469914	0.0014326647564469914	0.0	0.2286532951289398
infection_study_01	T_NK_lineage	16	NK Cell	1	685	0.9054147549340907	1.0	1.0	0.0	1.0	0.9503649635036495	1.0	0.0	0.9503649635036495	1.2134308445113124	0.9927007299270073	0.9357664233576642	0.0	3.524087591240876
infection_study_01	T_NK_lineage	16	CD8 Cytotoxic / T Effector Memory	2	685	0.8629560847716845	1.0	1.0	0.0	1.0	0.7157455683003128	1.0	0.0	0.7157455683003128	1.1676751410426567	0.21021897810218979	0.0	0.0	1.3363503649635038
infection_study_01	T_NK_lineage	16	CD4 T Effector Memory	3	685	0.7908018352632729	1.0	1.0	0.0	1.0	0.5933745087029758	1.0	1.0	1.0	1.161955618588227	0.0	0.0	0.0	1.0
infection_study_01	T_NK_lineage	16	ydT Cell	4	685	0.8441573811084407	0.8441573811084407	0.8441573811084407	0.0	0.8379562043795621	0.3669099756690997	0.8379562043795621	0.0	0.3669099756690997	1.3993755427425862	0.010218978102189781	0.010218978102189781	0.0	0.8707267241741342
infection_study_01	T_NK_lineage	16	MAIT Cell	5	685	0.8220176971815599	0.8220176971815599	0.8220176971815599	0.0	0.637956204379562	0.16058394160583941	0.637956204379562	0.0	0.16058394160583941	1.3234652587895788	0.00291970802919708	0.00145985401459854	0.0	0.8281490840428738
infection_study_01	T_NK_lineage	16	CD4 Naive / T Central Memory	6	685	0.12324302672784211	0.8102189781021898	0.8102189781021898	0.0	0.8102189781021898	0.12009732360097324	0.8102189781021898	0.0	0.12009732360097324	0.8982895737293987	0.0	0.0	0.0	0.8102189781021898
infection_study_01	T_NK_lineage	16	Treg	7	685	0.4674095113247396	0.4674095113247396	0.4674095113247396	0.0	0.38394160583941606	0.039150630391506305	0.00145985401459854	0.0	0.00145985401459854	0.1320352845521565	0.0	0.0	0.0	0.4674095113247396
infection_study_01	T_NK_lineage	16	CD8 Naive / T Central Memory	8	685	0.2781024688660695	0.2934306569343066	0.2934306569343066	0.0	0.2934306569343066	0.06948905109489051	0.2934306569343066	0.0	0.06948905109489051	0.43194639283314357	0.0	0.0	0.0	0.2934306569343066
infection_study_01	T_NK_lineage	17	CD8 Cytotoxic / T Effector Memory	1	648	0.7133038380307334	0.9969135802469136	0.9969135802469136	0.0	0.9969135802469136	0.66005291005291	0.9969135802469136	0.0	0.66005291005291	1.1641068879530507	0.9814814814814815	0.0	0.0	2.567283950617284
infection_study_01	T_NK_lineage	17	CD4 T Effector Memory	2	648	0.9154650061903722	1.0	1.0	0.0	1.0	0.6120607787274455	1.0	0.9984567901234568	0.9984567901234568	1.161955618588227	0.25925925925925924	0.0	0.0	1.4148148148148147
infection_study_01	T_NK_lineage	17	NK Cell	3	648	0.6923840215570607	0.9907407407407407	0.9907407407407407	0.0	0.9907407407407407	0.5342592592592592	0.9907407407407407	0.0	0.5342592592592592	1.2023066160137756	0.038580246913580245	0.026234567901234566	0.0	1.0787037037037037
infection_study_01	T_NK_lineage	17	CD4 Naive / T Central Memory	4	648	0.6669033573665428	0.9969135802469136	0.9969135802469136	0.0	0.9969135802469136	0.36388888888888893	0.9969135802469136	0.0	0.36388888888888893	1.1027542582288952	0.0015432098765432098	0.0	0.0	0.9993827160493827
infection_study_01	T_NK_lineage	17	CD8 Naive / T Central Memory	5	648	0.8952325030951861	0.8952325030951861	0.8952325030951861	0.0	0.8703703703703703	0.4200617283950618	0.8703703703703703	0.0	0.4200617283950618	1.2532445128673666	0.05864197530864197	0.0	0.0	0.9890596635890132
infection_study_01	T_NK_lineage	17	ydT Cell	6	648	0.762776746049086	0.762776746049086	0.762776746049086	0.0	0.6466049382716049	0.26697530864197533	0.6466049382716049	0.0	0.26697530864197533	1.08359003344234	0.010802469135802469	0.006172839506172839	0.0	0.7862335361725428
infection_study_01	T_NK_lineage	17	MAIT Cell	7	648	0.37886898259413004	0.38271604938271603	0.38271604938271603	0.0	0.38271604938271603	0.10069444444444445	0.38271604938271603	0.0	0.10069444444444445	0.8021314471782705	0.06327160493827161	0.024691358024691357	0.0	0.508641975308642
infection_study_01	T_NK_lineage	17	Treg	8	648	0.4674095113247396	0.4674095113247396	0.4674095113247396	0.0	0.25308641975308643	0.0281986531986532	0.032407407407407406	0.0	0.032407407407407406	0.4885990778786041	0.0030864197530864196	0.0015432098765432098	0.0	0.4738909928062211
infection_study_01	T_NK_lineage	18	CD8 Cytotoxic / T Effector Memory	1	608	0.8600065545116888	1.0	1.0	0.0	1.0	0.8634868421052632	1.0	0.0	0.8634868421052632	1.1676751410426567	0.9983552631578947	0.0	0.0	2.5973684210526313
infection_study_01	T_NK_lineage	18	CD4 T Effector Memory	2	608	0.9196435073920326	1.0	1.0	0.0	1.0	0.680921052631579	1.0	1.0	1.0	1.161955618588227	0.06907894736842106	0.0	0.0	1.1105263157894738
infection_study_01	T_NK_lineage	18	NK Cell	3	608	0.7565454082004224	1.0	1.0	0.0	1.0	0.7098684210526315	1.0	0.0	0.7098684210526315	1.2134308445113124	0.027960526315789474	0.024671052631578948	0.0	1.0694078947368422
infection_study_01	T_NK_lineage	18	CD4 Naive / T Central Memory	4	608	0.5273013618818732	1.0	1.0	0.0	1.0	0.36359649122807014	1.0	0.0	0.36359649122807014	1.1061344515167473	0.0	0.0	0.0	1.0
infection_study_01	T_NK_lineage	18	CD8 Naive / T Central Memory	5	608	0.9171491515548758	0.962171052631579	0.962171052631579	0.0	0.962171052631579	0.455921052631579	0.962171052631579	0.0	0.455921052631579	1.383926672550841	0.006578947368421052	0.0	0.0	0.9726973684210527
infection_study_01	T_NK_lineage	18	ydT Cell	6	608	0.7151472944432307	0.7151472944432307	0.7151472944432307	0.0	0.5723684210526315	0.2220394736842105	0.5723684210526315	0.0	0.2220394736842105	0.9610780852567244	0.001644736842105263	0.001644736842105263	0.0	0.7194236102327043
infection_study_01	T_NK_lineage	18	Treg	7	608	0.4674095113247396	0.4674095113247396	0.4674095113247396	0.0	0.5032894736842105	0.08358253588516747	0.28125	0.0	0.27631578947368424	3.35565152722085	0.018092105263157895	0.013157894736842105	0.0	0.5095147744826344
infection_study_01	T_NK_lineage	18	MAIT Cell	8	608	0.37886898259413004	0.37886898259413004	0.37886898259413004	0.0	0.2944078947368421	0.08018092105263158	0.2944078947368421	0.0	0.08018092105263158	0.6217600363457421	0.001644736842105263	0.001644736842105263	0.0	0.3831452983836037
infection_study_01	T_NK_lineage	19	CD8 Cytotoxic / T Effector Memory	1	602	0.6540947491078581	0.96843853820598	0.96843853820598	0.0	0.96843853820598	0.47721879449454196	0.96843853820598	0.0	0.47721879449454196	1.1311864931695432	0.9368770764119602	0.0	0.0	2.4674418604651165
infection_study_01	T_NK_lineage	19	CD4 T Effector Memory	2	602	0.9412369820115067	0.9983388704318937	0.9983388704318937	0.0	1.0	0.5695118834653718	0.9983388704318937	0.9518272425249169	0.9900332225913622	1.1600445702368762	0.6461794019933554	0.0	0.0	2.0322259136212626
infection_study_01	T_NK_lineage	19	CD8 Naive / T Central Memory	3	602	0.9144272085062997	0.9634551495016611	0.9634551495016611	0.0	0.9634551495016611	0.5332225913621262	0.9634551495016611	0.0	0.5332225913621262	1.3857546388370572	0.19767441860465115	0.0	0.0	1.279734219269103
infection_study_01	T_NK_lineage	19	CD4 Naive / T Central Memory	4	602	0.8493008520865195	0.9950166112956811	0.9950166112956811	0.0	0.9950166112956811	0.4772978959025471	0.9950166112956811	0.0	0.4772978959025471	1.1006767307928398	0.03322259136212625	0.0	0.0	1.048172757475083
infection_study_01	T_NK_lineage	19	NK Cell	5	602	0.6188096278493919	0.8986710963455149	0.8986710963455149	0.0	0.8986710963455149	0.35315614617940205	0.8986710963455149	0.0	0.35315614617940205	1.0916926097243151	0.0	0.0	0.0	0.8986710963455149
infection_study_01	T_NK_lineage	19	Treg	6	602	0.4674095113247396	0.4674095113247396	0.4674095113247396	0.0	0.21760797342192692	0.025520990637269706	0.03322259136212625	0.0	0.02823920265780731	0.497991260823216	0.0033222591362126247	0.0016611295681063123	0.0	0.4743862555107861
infection_study_01	T_NK_lineage	19	ydT Cell	7	602	0.3500837520938023	0.40365448504983387	0.40365448504983387	0.0	0.40365448504983387	0.15005537098560354	0.40365448504983387	0.0	0.15005537098560354	0.6826507861311761	0.023255813953488372	0.0033222591362126247	0.0	0.4441860465116279
infection_study_01	T_NK_lineage	19	MAIT Cell	8	602	0.37886898259413004	0.37886898259413004	0.37886898259413004	0.0	0.19269102990033224	0.050664451827242524	0.19269102990033224	0.0	0.050664451827242524	0.41400103051444875	0.02159468438538206	0.008305647840531562	0.0	0.4217261254512729
infection_study_01	T_NK_lineage	2	CD8 Cytotoxic / T Effector Memory	1	1295	0.9756754788434928	1.0	1.0	0.0	1.0	0.955322669608384	1.0	0.0	0.955322669608384	1.1676751410426567	0.9992277992277993	0.0	0.0	2.598764478764479
infection_study_01	T_NK_lineage	2	NK Cell	2	1295	0.8508848590779987	1.0	1.0	0.0	1.0	0.8875675675675675	1.0	0.0	0.8875675675675675	1.2134308445113124	0.006177606177606178	0.003861003861003861	0.0	1.0137451737451737
infection_study_01	T_NK_lineage	2	CD4 T Effector Memory	3	1295	0.8443667613429466	1.0	1.0	0.0	1.0	0.6208494208494209	1.0	1.0	1.0	1.161955618588227	0.003088803088803089	0.0	0.0	1.004942084942085
infection_study_01	T_NK_lineage	2	CD4 Naive / T Central Memory	4	1295	0.3363738984778967	0.9969111969111969	0.9969111969111969	0.0	0.9969111969111969	0.2876705276705277	0.9969111969111969	0.0	0.2876705276705277	1.102751648041028	0.0	0.0	0.0	0.9969111969111969
infection_study_01	T_NK_lineage	2	CD8 Naive / T Central Memory	5	1295	0.8909402082878158	0.9667953667953668	0.9667953667953668	0.0	0.9667953667953668	0.3964478764478765	0.9667953667953668	0.0	0.3964478764478765	1.3905095796392564	0.0	0.0	0.0	0.9667953667953668
infection_study_01	T_NK_lineage	2	ydT Cell	6	1295	0.7903102468866069	0.7903102468866069	0.7903102468866069	0.0	0.7467181467181467	0.2785070785070785	0.7467181467181467	0.0	0.2785070785070785	1.2488060843209199	0.0	0.0	0.0	0.7903102468866069
infection_study_01	T_NK_lineage	2	Treg	7	1295	0.4674095113247396	0.4674095113247396	0.4674095113247396	0.0	0.4471042471042471	0.06416286416286417	0.1722007722007722	0.0007722007722007722	0.17065637065637065	2.09923536307756	0.0015444015444015444	0.0015444015444015444	0.0	0.47142495534018364
infection_study_01	T_NK_lineage	2	MAIT Cell	8	1295	0.37886898259413004	0.37886898259413004	0.37886898259413004	0.0	0.20617760617760617	0.052509652509652505	0.20617760617760617	0.0	0.052509652509652505	0.4415476687630611	0.0	0.0	0.0	0.37886898259413004
infection_study_01	T_NK_lineage	20	CD8 Cytotoxic / T Effector Memory	1	587	0.7725948583497196	1.0	1.0	0.0	1.0	0.7602823071306888	1.0	0.0	0.7602823071306888	1.1676751410426567	0.9982964224872232	0.0	0.0	2.597274275979557
infection_study_01	T_NK_lineage	20	CD4 T Effector Memory	2	587	0.8186949238948364	1.0	1.0	0.0	1.0	0.5452758485126458	1.0	0.9965928449744463	0.9982964224872232	1.161955618588227	0.07155025553662692	0.0	0.0	1.114480408858603
infection_study_01	T_NK_lineage	20	NK Cell	3	587	0.7351431068385406	0.9965928449744463	0.9965928449744463	0.0	0.9965928449744463	0.6466780238500851	0.9965928449744463	0.0	0.6466780238500851	1.2093374316399872	0.010221465076660987	0.005110732538330494	0.0	1.0180579216354344
infection_study_01	T_NK_lineage	20	CD4 Naive / T Central Memory	4	587	0.32488529604544464	0.9982964224872232	0.9982964224872232	0.0	0.9982964224872232	0.27325383304940376	0.9982964224872232	0.0	0.27325383304940376	1.1042687230239634	0.0	0.0	0.0	0.9982964224872232
infection_study_01	T_NK_lineage	20	CD8 Naive / T Central Memory	5	587	0.8977678246303984	0.9267461669505963	0.9267461669505963	0.0	0.9267461669505963	0.40613287904599654	0.9267461669505963	0.0	0.40613287904599654	1.3334978472599945	0.008517887563884156	0.0	0.0	0.940374787052811
infection_study_01	T_NK_lineage	20	ydT Cell	6	587	0.8246486053455684	0.8246486053455684	0.8246486053455684	0.0	0.7989778534923339	0.32424758659852354	0.7989778534923339	0.0	0.32424758659852354	1.3350498728007807	0.005110732538330494	0.0034071550255536627	0.0	0.8362329324324509
infection_study_01	T_NK_lineage	20	Treg	7	587	0.4674095113247396	0.4674095113247396	0.4674095113247396	0.0	0.27938671209540034	0.0337618088895772	0.030664395229982964	0.0	0.027257240204429302	0.4685168753888569	0.005110732538330494	0.0017035775127768314	0.0	0.47729026089884524
infection_study_01	T_NK_lineage	20	MAIT Cell	8	587	0.37886898259413004	0.37886898259413004	0.37886898259413004	0.0	0.20442930153321975	0.05238500851788756	0.20442930153321975	0.0	0.05238500851788756	0.4379767168329975	0.0034071550255536627	0.0017035775127768314	0.0	0.38602400814779275
infection_study_01	T_NK_lineage	21	CD4 T Effector Memory	1	546	0.7895182433908674	0.7895182433908674	0.7895182433908674	0.0	1.0	0.3927867004790081	0.6996336996336996	0.4194139194139194	0.5970695970695971	0.8163988756722054	0.9560439560439561	0.0	0.0	2.319188573061197
infection_study_01	T_NK_lineage	21	CD4 Naive / T Central Memory	2	546	0.9043678537615614	1.0	1.0	0.0	1.0	0.5601953601953601	1.0	0.0	0.5601953601953601	1.1061344515167473	0.3516483516483517	0.0	0.0	1.5626373626373629
infection_study_01	T_NK_lineage	21	CD8 Naive / T Central Memory	3	546	0.7262717573374118	0.8315018315018315	0.8315018315018315	0.0	0.8315018315018315	0.2816849816849817	0.8315018315018315	0.0	0.2816849816849817	1.1979135013980968	0.040293040293040296	0.0	0.0	0.895970695970696
infection_study_01	T_NK_lineage	21	CD8 Cytotoxic / T Effector Memory	4	546	0.19699038671618965	0.4065934065934066	0.4065934065934066	0.0	0.4065934065934066	0.09419152276295133	0.4065934065934066	0.0	0.09419152276295133	0.481629470100393	0.21978021978021978	0.0	0.0	0.7582417582417582
infection_study_01	T_NK_lineage	21	Treg	5	546	0.4674095113247396	0.4674095113247396	0.4674095113247396	0.0	0.3131868131868132	0.04911754911754911	0.1391941391941392	0.01282051282051282	0.07875457875457875	1.7189477803921487	0.1282051282051282	0.056776556776556776	0.0	0.7293142732295015
infection_study_01	T_NK_lineage	21	MAIT Cell	6	546	0.37886898259413004	0.4175824175824176	0.4175824175824176	0.0	0.4175824175824176	0.12545787545787546	0.4175824175824176	0.0	0.12545787545787546	0.8733467958400761	0.13186813186813187	0.01098901098901099	0.0	0.6395604395604396
infection_study_01	T_NK_lineage	21	ydT Cell	7	546	0.3500837520938023	0.3500837520938023	0.3500837520938023	0.0	0.2032967032967033	0.07326007326007326	0.2032967032967033	0.0	0.07326007326007326	0.35200189396505904	0.0695970695970696	0.0	0.0	0.4614390634491137
infection_study_01	T_NK_lineage	21	NK Cell	8	546	0.183362464496395	0.34615384615384615	0.34615384615384615	0.0	0.34615384615384615	0.09047619047619047	0.34615384615384615	0.0	0.09047619047619047	0.42788917060833026	0.0	0.0	0.0	0.34615384615384615
infection_study_01	T_NK_lineage	22	CD8 Cytotoxic / T Effector Memory	1	524	0.7595859733449858	0.9980916030534351	0.9980916030534351	0.0	0.9980916030534351	0.7022900763358779	0.9980916030534351	0.0	0.7022900763358779	1.1654688166132057	0.9885496183206107	0.0	0.0	2.5797709923664125
infection_study_01	T_NK_lineage	22	NK Cell	2	524	0.7353069696307625	0.9980916030534351	0.9980916030534351	0.0	0.9980916030534351	0.6427480916030535	0.9980916030534351	0.0	0.6427480916030535	1.2111380645919727	0.07251908396946564	0.04770992366412214	0.0	1.1618320610687023
infection_study_01	T_NK_lineage	22	CD4 T Effector Memory	3	524	0.8501656834899134	1.0	1.0	0.0	1.0	0.5926306517909571	1.0	0.9980916030534351	0.9980916030534351	1.161955618588227	0.061068702290076333	0.0	0.0	1.0977099236641221
infection_study_01	T_NK_lineage	22	CD4 Naive / T Central Memory	4	524	0.5068958925060083	0.9904580152671756	0.9904580152671756	0.0	0.9904580152671756	0.2997455470737913	0.9904580152671756	0.0	0.2997455470737913	1.0956842356268226	0.0019083969465648854	0.0	0.0	0.9935114503816794
infection_study_01	T_NK_lineage	22	ydT Cell	5	524	0.815759048867526	0.815759048867526	0.815759048867526	0.0	0.7614503816793893	0.3708651399491094	0.7614503816793893	0.0	0.3708651399491094	1.273118577334382	0.009541984732824428	0.007633587786259542	0.0	0.8386598122263047
infection_study_01	T_NK_lineage	22	CD8 Naive / T Central Memory	6	524	0.6832077051926299	0.6832077051926299	0.6832077051926299	0.0	0.6221374045801527	0.22900763358778628	0.6221374045801527	0.0	0.22900763358778628	0.8998743714364309	0.0019083969465648854	0.0	0.0	0.6862611403071337
infection_study_01	T_NK_lineage	22	Treg	7	524	0.4674095113247396	0.4674095113247396	0.4674095113247396	0.0	0.22137404580152673	0.026197085357390702	0.030534351145038167	0.0	0.02862595419847328	0.4670185659219005	0.0	0.0	0.0	0.4674095113247396
infection_study_01	T_NK_lineage	22	MAIT Cell	8	524	0.37886898259413004	0.37886898259413004	0.37886898259413004	0.0	0.37213740458015265	0.09446564885496184	0.37213740458015265	0.0	0.09446564885496184	0.7805243249890887	0.009541984732824428	0.0057251908396946565	0.0	0.3998613490063438
infection_study_01	T_NK_lineage	23	Treg	1	515	0.4674095113247396	0.4674095113247396	1.0	0.8	0.6407766990291263	0.17793468667255075	0.4174757281553398	0.13592233009708737	0.2407766990291262	4.925183107413943	0.4893203883495146	0.4563106796116505	0.0	2.5066328122956136
infection_study_01	T_NK_lineage	23	CD4 T Effector Memory	2	515	0.5907071589833224	0.5907071589833224	0.5907071589833224	0.0	0.9786407766990292	0.24256908140403283	0.42524271844660194	0.13203883495145632	0.22330097087378642	0.5007254674739038	0.8679611650485437	0.0	0.0	1.9794450230609923
infection_study_01	T_NK_lineage	23	CD4 Naive / T Central Memory	3	515	0.9074539363484088	0.9980582524271845	0.9980582524271845	0.0	0.9980582524271845	0.5979288025889968	0.9980582524271845	0.0	0.5979288025889968	1.1040078833123508	0.3320388349514563	0.0	0.0	1.5293203883495146
infection_study_01	T_NK_lineage	23	CD8 Naive / T Central Memory	4	515	0.7449384604180322	0.8174757281553398	0.8174757281553398	0.0	0.8174757281553398	0.3386407766990291	0.8174757281553398	0.0	0.3386407766990291	1.1779467491680027	0.09902912621359224	0.0	0.0	0.9759223300970874
infection_study_01	T_NK_lineage	23	CD8 Cytotoxic / T Effector Memory	5	515	0.19699038671618965	0.47572815533980584	0.47572815533980584	0.0	0.47572815533980584	0.12454923717059639	0.47572815533980584	0.0	0.12454923717059639	0.5615571210839577	0.08932038834951456	0.0	0.0	0.6186407766990292
infection_study_01	T_NK_lineage	23	ydT Cell	6	515	0.3500837520938023	0.3500837520938023	0.3500837520938023	0.0	0.13592233009708737	0.0511326860841424	0.13592233009708737	0.0	0.0511326860841424	0.24081448879460102	0.05825242718446602	0.0	0.0	0.44328763558894796
infection_study_01	T_NK_lineage	23	MAIT Cell	7	515	0.37886898259413004	0.37886898259413004	0.37886898259413004	0.0	0.26796116504854367	0.07233009708737864	0.26796116504854367	0.0	0.07233009708737864	0.5677419905048557	0.02912621359223301	0.0	0.0	0.42547092434170286
infection_study_01	T_NK_lineage	23	NK Cell	8	515	0.183362464496395	0.3766990291262136	0.3766990291262136	0.0	0.3766990291262136	0.09825242718446603	0.3766990291262136	0.0	0.09825242718446603	0.4645866628557683	0.0	0.0	0.0	0.3766990291262136
infection_study_01	T_NK_lineage	24	NK Cell	1	511	0.8412351613138155	0.9960861056751468	0.9960861056751468	0.0	0.9960861056751468	0.849706457925636	0.9960861056751468	0.0	0.849706457925636	1.2087286265945452	0.9921722113502935	0.9863013698630136	0.0	3.5698630136986305
infection_study_01	T_NK_lineage	24	CD8 Cytotoxic / T Effector Memory	2	511	0.781425242152793	0.9960861056751468	0.9960861056751468	0.0	0.9960861056751468	0.6480290746435561	0.9960861056751468	0.0	0.6480290746435561	1.1631502330151329	0.07240704500978473	0.0	0.0	1.1119373776908024
infection_study_01	T_NK_lineage	24	CD4 T Effector Memory	3	511	0.8438933799431942	0.9960861056751468	0.9960861056751468	0.0	1.0	0.7165437302423604	0.9960861056751468	0.9882583170254403	0.9882583170254403	1.1574528745275101	0.003913894324853229	0.0	0.0	1.002348336594912
infection_study_01	T_NK_lineage	24	CD4 Naive / T Central Memory	4	511	0.7789673002694633	0.9471624266144814	0.9471624266144814	0.0	0.9471624266144814	0.32954990215264185	0.9471624266144814	0.0	0.32954990215264185	1.04826765918381	0.0	0.0	0.0	0.9471624266144814
infection_study_01	T_NK_lineage	24	ydT Cell	5	511	0.8363738984778968	0.87279843444227	0.87279843444227	0.0	0.87279843444227	0.4227005870841487	0.87279843444227	0.0	0.4227005870841487	1.4568754045898606	0.0019569471624266144	0.0019569471624266144	0.0	0.8778864970645792
infection_study_01	T_NK_lineage	24	MAIT Cell	6	511	0.8401245357220887	0.8401245357220887	0.8401245357220887	0.0	0.7064579256360078	0.18835616438356165	0.7064579256360078	0.0	0.18835616438356165	1.4633815797344534	0.003913894324853229	0.0	0.0	0.8463867666418539
infection_study_01	T_NK_lineage	24	CD8 Naive / T Central Memory	7	511	0.6910093948000874	0.7162426614481409	0.7162426614481409	0.0	0.7162426614481409	0.21135029354207435	0.7162426614481409	0.0	0.21135029354207435	1.03383719068961	0.0	0.0	0.0	0.7162426614481409
infection_study_01	T_NK_lineage	24	Treg	8	511	0.4674095113247396	0.4674095113247396	0.4674095113247396	0.0	0.5733855185909981	0.06778153353495818	0.029354207436399216	0.0	0.025440313111545987	0.45342148081208294	0.003913894324853229	0.0	0.0	0.4736717422445048
infection_study_01	T_NK_lineage	25	NK Cell	1	473	0.7586483140339378	0.9661733615221987	0.9661733615221987	0.0	0.9661733615221987	0.7695560253699789	0.9661733615221987	0.0	0.7695560253699789	1.1727909568924042	0.9936575052854123	0.3171247357293869	0.0	2.8731501057082456
infection_study_01	T_NK_lineage	25	CD8 Cytotoxic / T Effector Memory	2	473	0.8079346005389265	0.9661733615221987	0.9661733615221987	0.0	0.9661733615221987	0.7937179099969798	0.9661733615221987	0.0	0.7937179099969798	1.1285676906906115	0.6215644820295984	0.0	0.0	1.9606765327695561
infection_study_01	T_NK_lineage	25	CD4 T Effector Memory	3	473	0.8123224819750928	0.9830866807610994	0.9830866807610994	0.0	1.0	0.6993006993006994	0.9830866807610994	0.9513742071881607	0.9556025369978859	1.1424976717381112	0.03805496828752643	0.0	0.0	1.0439746300211417
infection_study_01	T_NK_lineage	25	CD4 Naive / T Central Memory	4	473	0.42418614813196415	0.9556025369978859	0.9556025369978859	0.0	0.9556025369978859	0.38675123326286104	0.9556025369978859	0.0	0.38675123326286104	1.057511121431026	0.006342494714587738	0.0	0.0	0.9657505285412262
infection_study_01	T_NK_lineage	25	CD8 Naive / T Central Memory	5	473	0.8442028985507246	0.8442028985507246	0.8442028985507246	0.0	0.8118393234672304	0.3788583509513742	0.8118393234672304	0.0	0.3788583509513742	1.1699230883481806	0.008456659619450317	0.0	0.0	0.8577335539418451
infection_study_01	T_NK_lineage	25	MAIT Cell	6	473	0.758520865195543	0.758520865195543	0.758520865195543	0.0	0.5539112050739958	0.1559196617336152	0.5539112050739958	0.0	0.1559196617336152	1.1518014395312728	0.0021141649048625794	0.0	0.0	0.761903529043323
infection_study_01	T_NK_lineage	25	ydT Cell	7	473	0.7229626392833733	0.7505285412262156	0.7505285412262156	0.0	0.7505285412262156	0.36011275546159266	0.7505285412262156	0.0	0.36011275546159266	1.2550943488035102	0.0021141649048625794	0.0	0.0	0.7539112050739957
infection_study_01	T_NK_lineage	25	Treg	8	473	0.4674095113247396	0.4674095113247396	0.4674095113247396	0.0	0.6617336152219874	0.13799730924466655	0.4164904862579281	0.02536997885835095	0.41014799154334036	4.913831593327311	0.0613107822410148	0.046511627906976744	0.0	0.61201839081734
infection_study_01	T_NK_lineage	26	NK Cell	1	448	0.8453135241424514	1.0	1.0	0.0	1.0	0.890625	1.0	0.0	0.890625	1.2134308445113124	0.9375	0.6674107142857143	0.0	3.1674107142857144
infection_study_01	T_NK_lineage	26	CD8 Cytotoxic / T Effector Memory	2	448	0.8043114121331294	1.0	1.0	0.0	1.0	0.7056760204081632	1.0	0.0	0.7056760204081632	1.1676751410426567	0.8013392857142857	0.0	0.0	2.2821428571428575
infection_study_01	T_NK_lineage	26	ydT Cell	3	448	0.9808280533100284	0.9808280533100284	0.9808280533100284	0.0	0.8995535714285714	0.6517857142857143	0.8995535714285714	0.0	0.6517857142857143	1.5010291995004743	0.013392857142857142	0.013392857142857142	0.0	1.015649481881457
infection_study_01	T_NK_lineage	26	CD4 T Effector Memory	4	448	0.7362355254533537	1.0	1.0	0.0	1.0	0.5908310439560439	1.0	0.9977678571428571	1.0	1.161955618588227	0.0	0.0	0.0	1.0
infection_study_01	T_NK_lineage	26	CD4 Naive / T Central Memory	5	448	0.12324302672784211	0.9642857142857143	0.9642857142857143	0.0	0.9642857142857143	0.19940476190476186	0.9642857142857143	0.0	0.19940476190476186	1.0670207863287435	0.0	0.0	0.0	0.9642857142857143
infection_study_01	T_NK_lineage	26	MAIT Cell	6	448	0.8787688442211055	0.8787688442211055	0.8787688442211055	0.0	0.734375	0.18526785714285715	0.734375	0.0	0.18526785714285715	1.5204028379584826	0.03125	0.002232142857142857	0.0	0.9310009870782483
infection_study_01	T_NK_lineage	26	Treg	7	448	0.4674095113247396	0.4674095113247396	0.4674095113247396	0.0	0.15625	0.020089285714285712	0.013392857142857142	0.0	0.008928571428571428	0.26952198042055875	0.0	0.0	0.0	0.4674095113247396
infection_study_01	T_NK_lineage	26	CD8 Naive / T Central Memory	8	448	0.2781024688660695	0.32589285714285715	0.32589285714285715	0.0	0.32589285714285715	0.07901785714285714	0.32589285714285715	0.0	0.07901785714285714	0.4781577098608311	0.0	0.0	0.0	0.32589285714285715
infection_study_01	T_NK_lineage	27	CD8 Cytotoxic / T Effector Memory	1	421	0.6512817711747142	0.9833729216152018	0.9833729216152018	0.0	0.9833729216152018	0.4662368510349508	0.9833729216152018	0.0	0.4662368510349508	1.1484523429257294	0.9667458432304038	0.0	0.0	2.530166270783848
infection_study_01	T_NK_lineage	27	CD4 T Effector Memory	2	421	0.9689388973854781	0.9928741092636579	0.9928741092636579	0.0	1.0	0.5899872099397039	0.9928741092636579	0.9501187648456056	0.9928741092636579	1.153757629698585	0.9263657957244655	0.0	0.0	2.4750593824228027
infection_study_01	T_NK_lineage	27	CD8 Naive / T Central Memory	3	421	0.9405178064234214	0.9548693586698337	0.9548693586698337	0.0	0.9548693586698337	0.5486935866983373	0.9548693586698337	0.0	0.5486935866983373	1.3735324019118322	0.19477434679334918	0.0	0.0	1.2665083135391924
infection_study_01	T_NK_lineage	27	CD4 Naive / T Central Memory	4	421	0.8627193940718083	1.0	1.0	0.0	1.0	0.4834520981789391	1.0	0.0	0.4834520981789391	1.1061344515167473	0.011876484560570071	0.0	0.0	1.0190023752969122
infection_study_01	T_NK_lineage	27	NK Cell	5	421	0.5804748379579054	0.8456057007125891	0.8456057007125891	0.0	0.8456057007125891	0.29691211401425177	0.8456057007125891	0.0	0.29691211401425177	1.0279389584003664	0.0	0.0	0.0	0.8456057007125891
infection_study_01	T_NK_lineage	27	Treg	6	421	0.4674095113247396	0.4674095113247396	0.4674095113247396	0.0	0.24465558194774348	0.029367307277045996	0.0665083135391924	0.0	0.06175771971496437	0.8814943834262062	0.009501187648456057	0.004750593824228029	0.0	0.4873620053864973
infection_study_01	T_NK_lineage	27	MAIT Cell	7	421	0.37886898259413004	0.37886898259413004	0.37886898259413004	0.0	0.22802850356294538	0.062351543942992874	0.22802850356294538	0.0	0.062351543942992874	0.48617862278033647	0.007125890736342043	0.0	0.0	0.39027040777227734
infection_study_01	T_NK_lineage	27	ydT Cell	8	421	0.3500837520938023	0.3500837520938023	0.3500837520938023	0.0	0.332541567695962	0.11718131433095803	0.332541567695962	0.0	0.11718131433095803	0.5652936905593642	0.014251781472684086	0.0	0.0	0.37288660245009686
infection_study_01	T_NK_lineage	28	NK Cell	1	418	0.9352104726531207	1.0	1.0	0.0	1.0	0.9564593301435407	1.0	0.0	0.9564593301435407	1.2134308445113124	0.9880382775119617	0.9090909090909091	0.0	3.489952153110048
infection_study_01	T_NK_lineage	28	CD8 Cytotoxic / T Effector Memory	2	418	0.8934072536596023	1.0	1.0	0.0	1.0	0.7358168147641831	1.0	0.0	0.7358168147641831	1.1676751410426567	0.19138755980861244	0.0	0.0	1.30622009569378
infection_study_01	T_NK_lineage	28	CD4 T Effector Memory	3	418	0.6914827761998398	1.0	1.0	0.0	1.0	0.5697460434302539	1.0	1.0	0.9976076555023924	1.161955618588227	0.0	0.0	0.0	1.0
infection_study_01	T_NK_lineage	28	ydT Cell	4	418	0.8867161896438716	0.8867161896438716	0.8867161896438716	0.0	0.8636363636363636	0.4712918660287082	0.8636363636363636	0.0	0.4712918660287082	1.441755310249561	0.0023923444976076554	0.0	0.0	0.8905439408400438
infection_study_01	T_NK_lineage	28	MAIT Cell	5	418	0.8315035321535212	0.8315035321535212	0.8315035321535212	0.0	0.5980861244019139	0.14952153110047847	0.5980861244019139	0.0	0.14952153110047847	1.2420297152159123	0.0	0.0	0.0	0.8315035321535212
infection_study_01	T_NK_lineage	28	CD4 Naive / T Central Memory	6	418	0.12324302672784211	0.5478468899521531	0.5478468899521531	0.0	0.5478468899521531	0.0821371610845295	0.5478468899521531	0.0	0.0821371610845295	0.610944221433216	0.0	0.0	0.0	0.5478468899521531
infection_study_01	T_NK_lineage	28	Treg	7	418	0.4674095113247396	0.4674095113247396	0.4674095113247396	0.0	0.4473684210526316	0.07068290561113527	0.004784688995215311	0.0	0.0023923444976076554	0.17034253804731175	0.0	0.0	0.0	0.4674095113247396
infection_study_01	T_NK_lineage	28	CD8 Naive / T Central Memory	8	418	0.2781024688660695	0.33014354066985646	0.33014354066985646	0.0	0.33014354066985646	0.08086124401913876	0.33014354066985646	0.0	0.08086124401913876	0.4842087379115667	0.0	0.0	0.0	0.33014354066985646
infection_study_01	T_NK_lineage	29	CD8 Cytotoxic / T Effector Memory	1	410	0.8958196781006482	1.0	1.0	0.0	1.0	0.9174216027874564	1.0	0.0	0.9174216027874564	1.1676751410426567	0.9975609756097561	0.0	0.0	2.59609756097561
infection_study_01	T_NK_lineage	29	NK Cell	2	410	0.769690845532008	1.0	1.0	0.0	1.0	0.7565853658536584	1.0	0.0	0.7565853658536584	1.2134308445113124	0.03170731707317073	0.02926829268292683	0.0	1.08
infection_study_01	T_NK_lineage	29	CD4 T Effector Memory	3	410	0.9562395309882747	1.0	1.0	0.0	1.0	0.7180112570356473	1.0	1.0	1.0	1.161955618588227	0.04878048780487805	0.0	0.0	1.078048780487805
infection_study_01	T_NK_lineage	29	CD4 Naive / T Central Memory	4	410	0.7655123443303473	1.0	1.0	0.0	1.0	0.4040650406504065	1.0	0.0	0.4040650406504065	1.1061344515167473	0.0024390243902439024	0.0	0.0	1.0039024390243902
infection_study_01	T_NK_lineage	29	CD8 Naive / T Central Memory	5	410	0.9408546354963222	0.9902439024390244	0.9902439024390244	0.0	0.9902439024390244	0.4609756097560975	0.9902439024390244	0.0	0.4609756097560975	1.423889563358865	0.0024390243902439024	0.0	0.0	0.9941463414634146
infection_study_01	T_NK_lineage	29	Treg	6	410	0.4674095113247396	0.4674095113247396	0.4674095113247396	0.0	0.23658536585365852	0.03791574279379157	0.14878048780487804	0.0024390243902439024	0.14390243902439023	1.8293973781813238	0.0	0.0	0.0	0.4674095113247396
infection_study_01	T_NK_lineage	29	MAIT Cell	7	410	0.37886898259413004	0.37886898259413004	0.37886898259413004	0.0	0.35853658536585364	0.10304878048780489	0.35853658536585364	0.0	0.10304878048780489	0.7527443429478051	0.00975609756097561	0.007317073170731708	0.0	0.40179581186242275
infection_study_01	T_NK_lineage	29	ydT Cell	8	410	0.3500837520938023	0.3975609756097561	0.3975609756097561	0.0	0.3975609756097561	0.14308943089430895	0.3975609756097561	0.0	0.14308943089430895	0.6725947147965073	0.0	0.0	0.0	0.3975609756097561
infection_study_01	T_NK_lineage	3	NK Cell	1	1247	0.9417376738766295	1.0	1.0	0.0	1.0	0.9573376102646352	1.0	0.0	0.9573376102646352	1.2134308445113124	1.0	1.0	0.0	3.6
infection_study_01	T_NK_lineage	3	CD8 Cytotoxic / T Effector Memory	2	1247	0.8683453499380963	1.0	1.0	0.0	1.0	0.7074120746935503	1.0	0.0	0.7074120746935503	1.1676751410426567	0.012028869286287089	0.0	0.0	1.0192461908580595
infection_study_01	T_NK_lineage	3	CD4 T Effector Memory	3	1247	0.6945415483213168	1.0	1.0	0.0	1.0	0.5948430078341865	1.0	0.9991980753809142	1.0	1.161955618588227	0.0016038492381716118	0.0	0.0	1.0025661587810746
infection_study_01	T_NK_lineage	3	MAIT Cell	4	1247	0.9064161386643361	0.9064161386643361	0.9064161386643361	0.0	0.8740978348035284	0.21952686447473935	0.8740978348035284	0.0	0.21952686447473935	1.8057899003435558	0.0	0.0	0.0	0.9064161386643361
infection_study_01	T_NK_lineage	3	ydT Cell	5	1247	0.845532007865414	0.845532007865414	0.845532007865414	0.0	0.8195669607056937	0.38251804330392947	0.8195669607056937	0.0	0.38251804330392947	1.3690279166342614	0.0	0.0	0.0	0.845532007865414
infection_study_01	T_NK_lineage	3	CD4 Naive / T Central Memory	6	1247	0.12324302672784211	0.5902165196471532	0.5902165196471532	0.0	0.5902165196471532	0.09612403100775194	0.5902165196471532	0.0	0.09612403100775194	0.6573467037140542	0.0	0.0	0.0	0.5902165196471532
infection_study_01	T_NK_lineage	3	Treg	7	1247	0.4674095113247396	0.4674095113247396	0.4674095113247396	0.0	0.41058540497193263	0.05168768681198513	0.006415396952686447	0.0	0.00400962309542903	0.18913082181706015	0.0	0.0	0.0	0.4674095113247396
infection_study_01	T_NK_lineage	3	CD8 Naive / T Central Memory	8	1247	0.2781024688660695	0.3608660785886127	0.3608660785886127	0.0	0.3608660785886127	0.08612670408981557	0.3608660785886127	0.0	0.08612670408981557	0.5279435719812807	0.0	0.0	0.0	0.3608660785886127
infection_study_01	T_NK_lineage	30	CD4 Naive / T Central Memory	1	364	0.9613192775471561	1.0	1.0	0.0	1.0	0.73003663003663	1.0	0.0	0.73003663003663	1.1061344515167473	0.989010989010989	0.0	0.0	2.5824175824175826
infection_study_01	T_NK_lineage	30	CD8 Naive / T Central Memory	2	364	0.9878468429102032	1.0	1.0	0.0	1.0	0.8296703296703297	1.0	0.0	0.8296703296703297	1.4377777814847745	0.978021978021978	0.0	0.0	2.5648351648351646
infection_study_01	T_NK_lineage	30	CD8 Cytotoxic / T Effector Memory	3	364	0.6053910858641032	0.9835164835164835	0.9835164835164835	0.0	0.9835164835164835	0.3021978021978022	0.9835164835164835	0.0	0.3021978021978022	1.148618316849816	0.0027472527472527475	0.0	0.0	0.9879120879120878
infection_study_01	T_NK_lineage	30	Treg	4	364	0.4674095113247396	0.4674095113247396	0.4674095113247396	0.0	0.0521978021978022	0.007992007992007992	0.013736263736263736	0.0	0.013736263736263736	0.2734785567626104	0.0027472527472527475	0.0	0.0	0.471805115720344
infection_study_01	T_NK_lineage	30	CD4 T Effector Memory	5	364	0.30749763309300127	0.3708791208791209	0.3708791208791209	0.0	0.9917582417582418	0.17561284868977176	0.3708791208791209	0.07417582417582418	0.16758241758241757	0.438182806443999	0.01098901098901099	0.0	0.0	0.38846153846153847
infection_study_01	T_NK_lineage	30	MAIT Cell	6	364	0.37886898259413004	0.37886898259413004	0.37886898259413004	0.0	0.1401098901098901	0.0364010989010989	0.1401098901098901	0.0	0.0364010989010989	0.30660285867837167	0.0027472527472527475	0.0	0.0	0.3832645869897344
infection_study_01	T_NK_lineage	30	ydT Cell	7	364	0.3500837520938023	0.3500837520938023	0.3500837520938023	0.0	0.06868131868131869	0.022893772893772896	0.06868131868131869	0.0	0.022893772893772896	0.12984716954094913	0.019230769230769232	0.0	0.0	0.3808529828630331
infection_study_01	T_NK_lineage	30	NK Cell	8	364	0.183362464496395	0.3131868131868132	0.3131868131868132	0.0	0.3131868131868132	0.07087912087912088	0.3131868131868132	0.0	0.07087912087912088	0.38828202738633116	0.0	0.0	0.0	0.3131868131868132
infection_study_01	T_NK_lineage	31	NK Cell	1	362	0.7696544315781808	0.8480662983425414	0.8480662983425414	0.0	0.8480662983425414	0.5646408839779005	0.8480662983425414	0.0	0.5646408839779005	1.030895161430184	0.7375690607734806	0.6795580110497238	0.0	2.7077348066298343
infection_study_01	T_NK_lineage	31	CD8 Cytotoxic / T Effector Memory	2	362	0.7200131090233777	0.8453038674033149	0.8453038674033149	0.0	0.8453038674033149	0.4494869771112865	0.8453038674033149	0.0	0.4494869771112865	0.9888287762420747	0.2596685082872928	0.0	0.0	1.2607734806629833
infection_study_01	T_NK_lineage	31	CD4 Naive / T Central Memory	3	362	0.12324302672784211	0.5386740331491713	0.5386740331491713	0.0	0.5386740331491713	0.09834254143646408	0.5386740331491713	0.0	0.09834254143646408	0.6008982680385546	0.24033149171270718	0.0	0.0	0.9232044198895029
infection_study_01	T_NK_lineage	31	CD4 T Effector Memory	4	362	0.43272977204864904	0.8176795580110497	0.8176795580110497	0.0	0.9640883977900553	0.3648533786655334	0.8176795580110497	0.6878453038674033	0.6878453038674033	0.9522048641797619	0.024861878453038673	0.0	0.0	0.8574585635359117
infection_study_01	T_NK_lineage	31	Treg	5	362	0.4674095113247396	0.4674095113247396	0.4674095113247396	0.0	0.19060773480662985	0.028628829733802107	0.03314917127071823	0.0027624309392265192	0.022099447513812154	0.4971453475464366	0.055248618784530384	0.052486187845303865	0.0	0.6082934892252921
infection_study_01	T_NK_lineage	31	ydT Cell	6	362	0.3500837520938023	0.3500837520938023	0.3500837520938023	0.0	0.27348066298342544	0.10405156537753223	0.27348066298342544	0.0	0.10405156537753223	0.4678259379088052	0.013812154696132596	0.008287292817679558	0.0	0.380470492425294
infection_study_01	T_NK_lineage	31	MAIT Cell	7	362	0.37886898259413004	0.37886898259413004	0.37886898259413004	0.0	0.292817679558011	0.07320441988950276	0.292817679558011	0.0	0.07320441988950276	0.6185119857383743	0.0	0.0	0.0	0.37886898259413004
infection_study_01	T_NK_lineage	31	CD8 Naive / T Central Memory	8	362	0.2781024688660695	0.2781024688660695	0.2781024688660695	0.0	0.27348066298342544	0.06906077348066297	0.27348066298342544	0.0	0.06906077348066297	0.4035467314041014	0.0027624309392265192	0.0	0.0	0.28252235836883194
infection_study_01	T_NK_lineage	32	CD4 T Effector Memory	1	332	0.6624790619765495	0.6624790619765495	0.6624790619765495	0.0	1.0	0.378822984244671	0.5692771084337349	0.3042168674698795	0.3885542168674699	0.6664299909545741	0.8132530120481928	0.0	0.0	1.9636838812536581
infection_study_01	T_NK_lineage	32	CD4 Naive / T Central Memory	2	332	0.9376593110479936	1.0	1.0	0.0	1.0	0.7230923694779118	1.0	0.0	0.7230923694779118	1.1061344515167473	0.5060240963855421	0.0	0.0	1.8096385542168676
infection_study_01	T_NK_lineage	32	Treg	3	332	0.4674095113247396	0.4674095113247396	0.4674095113247396	0.0	0.5481927710843374	0.10569550930996713	0.34036144578313254	0.012048192771084338	0.32831325301204817	4.036707023593043	0.31626506024096385	0.26506024096385544	0.0	1.2384938486741373
infection_study_01	T_NK_lineage	32	CD8 Naive / T Central Memory	4	332	0.7944887480882674	0.9246987951807228	0.9246987951807228	0.0	0.9246987951807228	0.4054216867469879	0.9246987951807228	0.0	0.4054216867469879	1.3305833268231992	0.09337349397590361	0.0	0.0	1.0740963855421686
infection_study_01	T_NK_lineage	32	CD8 Cytotoxic / T Effector Memory	5	332	0.19699038671618965	0.45180722891566266	0.45180722891566266	0.0	0.45180722891566266	0.12693631669535285	0.45180722891566266	0.0	0.12693631669535285	0.5339018031273415	0.29518072289156627	0.0	0.0	0.9240963855421687
infection_study_01	T_NK_lineage	32	MAIT Cell	6	332	0.37886898259413004	0.46987951807228917	0.46987951807228917	0.0	0.46987951807228917	0.12650602409638556	0.46987951807228917	0.0	0.12650602409638556	0.9801648109558454	0.0963855421686747	0.0030120481927710845	0.0	0.6271084337349397
infection_study_01	T_NK_lineage	32	ydT Cell	7	332	0.3500837520938023	0.3500837520938023	0.3500837520938023	0.0	0.13253012048192772	0.04718875502008032	0.13253012048192772	0.0	0.04718875502008032	0.23521635159506965	0.060240963855421686	0.0	0.0	0.44646929426247706
infection_study_01	T_NK_lineage	32	NK Cell	8	332	0.183362464496395	0.4126506024096386	0.4126506024096386	0.0	0.4126506024096386	0.12710843373493977	0.4126506024096386	0.0	0.12710843373493977	0.5077794825892502	0.006024096385542169	0.0	0.0	0.42228915662650607
infection_study_01	T_NK_lineage	33	NK Cell	1	303	0.8395965333915957	0.9438943894389439	0.9438943894389439	0.0	0.9438943894389439	0.8151815181518153	0.9438943894389439	0.0	0.8151815181518153	1.1460246282688122	0.6501650165016502	0.46204620462046203	0.0	2.4462046204620465
infection_study_01	T_NK_lineage	33	CD8 Cytotoxic / T Effector Memory	2	303	0.783300560774889	0.9636963696369637	0.9636963696369637	0.0	0.9636963696369637	0.6859971711456861	0.9636963696369637	0.0	0.6859971711456861	1.1257040056916479	0.7821782178217822	0.0	0.0	2.2151815181518155
infection_study_01	T_NK_lineage	33	CD4 T Effector Memory	3	303	0.7505644162843201	0.9636963696369637	0.9636963696369637	0.0	1.0	0.5554709317085555	0.9636963696369637	0.9438943894389439	0.9504950495049505	1.1201900668303257	0.039603960396039604	0.0	0.0	1.027062706270627
infection_study_01	T_NK_lineage	33	ydT Cell	4	303	0.7846114631126647	0.7846114631126647	0.7846114631126647	0.0	0.6567656765676567	0.30583058305830585	0.6567656765676567	0.0	0.30583058305830585	1.1003582209905478	0.026402640264026403	0.0231023102310231	0.0	0.84995799776613
infection_study_01	T_NK_lineage	33	CD4 Naive / T Central Memory	5	303	0.12324302672784211	0.6798679867986799	0.6798679867986799	0.0	0.6798679867986799	0.16259625962596258	0.6798679867986799	0.0	0.16259625962596258	0.755531432867842	0.0297029702970297	0.0	0.0	0.7273927392739274
infection_study_01	T_NK_lineage	33	Treg	6	303	0.4674095113247396	0.4674095113247396	0.4674095113247396	0.0	0.42574257425742573	0.04770477047704771	0.036303630363036306	0.0	0.0297029702970297	0.5334896066732789	0.0165016501650165	0.009900990099009901	0.0	0.5037131416877759
infection_study_01	T_NK_lineage	33	CD8 Naive / T Central Memory	7	303	0.2781024688660695	0.4884488448844885	0.4884488448844885	0.0	0.4884488448844885	0.17029702970297028	0.4884488448844885	0.0	0.17029702970297028	0.7095630439422459	0.0	0.0	0.0	0.4884488448844885
infection_study_01	T_NK_lineage	33	MAIT Cell	8	303	0.37886898259413004	0.45544554455445546	0.45544554455445546	0.0	0.45544554455445546	0.11798679867986799	0.45544554455445546	0.0	0.11798679867986799	0.9506830923334683	0.013201320132013201	0.0033003300330033004	0.0	0.47986798679867987
infection_study_01	T_NK_lineage	34	NK Cell	1	288	0.9455611390284757	1.0	1.0	0.0	1.0	0.9673611111111111	1.0	0.0	0.9673611111111111	1.2134308445113124	0.9930555555555556	0.8402777777777778	0.0	3.4291666666666667
infection_study_01	T_NK_lineage	34	CD8 Cytotoxic / T Effector Memory	2	288	0.8525963149078727	1.0	1.0	0.0	1.0	0.7108134920634921	1.0	0.0	0.7108134920634921	1.1676751410426567	0.4201388888888889	0.0	0.0	1.6722222222222223
infection_study_01	T_NK_lineage	34	ydT Cell	3	288	0.9382874517515112	0.9652777777777778	0.9652777777777778	0.0	0.9652777777777778	0.5775462962962964	0.9652777777777778	0.0	0.5775462962962964	1.609493347125341	0.020833333333333332	0.020833333333333332	0.0	1.0194444444444444
infection_study_01	T_NK_lineage	34	CD4 T Effector Memory	4	288	0.7311011579637317	1.0	1.0	0.0	1.0	0.5811965811965811	1.0	1.0	1.0	1.161955618588227	0.0	0.0	0.0	1.0
infection_study_01	T_NK_lineage	34	CD4 Naive / T Central Memory	5	288	0.12324302672784211	0.8368055555555556	0.8368055555555556	0.0	0.8368055555555556	0.12291666666666669	0.8368055555555556	0.0	0.12291666666666669	0.9274067314215633	0.0	0.0	0.0	0.8368055555555556
infection_study_01	T_NK_lineage	34	MAIT Cell	6	288	0.7916302527128396	0.7916302527128396	0.7916302527128396	0.0	0.5243055555555556	0.1310763888888889	0.5243055555555556	0.0	0.1310763888888889	1.0913312282164909	0.0	0.0	0.0	0.7916302527128396
infection_study_01	T_NK_lineage	34	Treg	7	288	0.4674095113247396	0.4674095113247396	0.4674095113247396	0.0	0.4201388888888889	0.046085858585858584	0.003472222222222222	0.0	0.003472222222222222	0.15522088609462203	0.0	0.0	0.0	0.4674095113247396
infection_study_01	T_NK_lineage	34	CD8 Naive / T Central Memory	8	288	0.2781024688660695	0.3680555555555556	0.3680555555555556	0.0	0.3680555555555556	0.07986111111111112	0.3680555555555556	0.0	0.07986111111111112	0.5381780969749115	0.0	0.0	0.0	0.3680555555555556
infection_study_01	T_NK_lineage	35	MAIT Cell	1	271	0.9854890393998981	0.9854890393998981	0.9854890393998981	0.0	0.981549815498155	0.37177121771217714	0.981549815498155	0.0	0.37177121771217714	2.025263010526421	0.948339483394834	0.9003690036900369	0.0	3.403201216521669
infection_study_01	T_NK_lineage	35	CD4 T Effector Memory	2	271	0.9597261670672201	0.992619926199262	0.992619926199262	0.0	1.0	0.7178541016179393	0.992619926199262	0.981549815498155	0.988929889298893	1.1534652045106393	0.5719557195571956	0.0	0.0	1.907749077490775
infection_study_01	T_NK_lineage	35	CD8 Cytotoxic / T Effector Memory	3	271	0.6618964387153157	0.985239852398524	0.985239852398524	0.0	0.985239852398524	0.5144965735371639	0.985239852398524	0.0	0.5144965735371639	1.1506107277432864	0.3210332103321033	0.0	0.0	1.4988929889298892
infection_study_01	T_NK_lineage	35	NK Cell	4	271	0.6671946689971597	0.981549815498155	0.981549815498155	0.0	0.981549815498155	0.4767527675276753	0.981549815498155	0.0	0.4767527675276753	1.191264485143527	0.01845018450184502	0.01845018450184502	0.0	1.029520295202952
infection_study_01	T_NK_lineage	35	CD4 Naive / T Central Memory	5	271	0.8148350447891632	0.996309963099631	0.996309963099631	0.0	0.996309963099631	0.4108241082410824	0.996309963099631	0.0	0.4108241082410824	1.1020931872168798	0.01845018450184502	0.0	0.0	1.0258302583025831
infection_study_01	T_NK_lineage	35	CD8 Naive / T Central Memory	6	271	0.7994137353433836	0.8376383763837638	0.8376383763837638	0.0	0.8376383763837638	0.3380073800738007	0.8376383763837638	0.0	0.3380073800738007	1.206649132968717	0.01107011070110701	0.0	0.0	0.855350553505535
infection_study_01	T_NK_lineage	35	ydT Cell	7	271	0.7419252057388391	0.7419252057388391	0.7419252057388391	0.0	0.6826568265682657	0.24846248462484624	0.6826568265682657	0.0	0.24846248462484624	1.14308618488444	0.0036900369003690036	0.0036900369003690036	0.0	0.7515193016797985
infection_study_01	T_NK_lineage	35	Treg	8	271	0.4674095113247396	0.4674095113247396	0.4674095113247396	0.0	0.15498154981549817	0.023817510902381753	0.04428044280442804	0.0	0.02952029520295203	0.6253948525146883	0.007380073800738007	0.0036900369003690036	0.0	0.48290766630628945
infection_study_01	T_NK_lineage	36	NK Cell	1	265	0.9619110042968465	1.0	1.0	0.0	1.0	0.9849056603773585	1.0	0.0	0.9849056603773585	1.2134308445113124	0.969811320754717	0.8226415094339623	0.0	3.37433962264151
infection_study_01	T_NK_lineage	36	CD8 Cytotoxic / T Effector Memory	2	265	0.9384786250091035	1.0	1.0	0.0	1.0	0.7725067385444745	1.0	0.0	0.7725067385444745	1.1676751410426567	0.4	0.0	0.0	1.6400000000000001
infection_study_01	T_NK_lineage	36	CD4 T Effector Memory	3	265	0.7836464933362465	1.0	1.0	0.0	1.0	0.6208998548621191	1.0	1.0	1.0	1.161955618588227	0.0	0.0	0.0	1.0
infection_study_01	T_NK_lineage	36	ydT Cell	4	265	0.9240131818512854	0.9547169811320755	0.9547169811320755	0.0	0.9547169811320755	0.610062893081761	0.9547169811320755	0.0	0.610062893081761	1.5920649463877263	0.0	0.0	0.0	0.9547169811320755
infection_study_01	T_NK_lineage	36	CD4 Naive / T Central Memory	5	265	0.28807989221469665	0.9433962264150944	0.9433962264150944	0.0	0.9433962264150944	0.19396226415094342	0.9433962264150944	0.0	0.19396226415094342	1.0441429821621753	0.0	0.0	0.0	0.9433962264150944
infection_study_01	T_NK_lineage	36	MAIT Cell	6	265	0.37886898259413004	0.4716981132075472	0.4716981132075472	0.0	0.4716981132075472	0.1179245283018868	0.4716981132075472	0.0	0.1179245283018868	0.9838793328094054	0.0	0.0	0.0	0.4716981132075472
infection_study_01	T_NK_lineage	36	Treg	7	265	0.4674095113247396	0.4674095113247396	0.4674095113247396	0.0	0.6264150943396226	0.07821612349914236	0.052830188679245285	0.0	0.045283018867924525	0.7239011797324758	0.0	0.0	0.0	0.4674095113247396
infection_study_01	T_NK_lineage	36	CD8 Naive / T Central Memory	8	265	0.2781024688660695	0.46037735849056605	0.46037735849056605	0.0	0.46037735849056605	0.12377358490566037	0.46037735849056605	0.0	0.12377358490566037	0.6696020940111233	0.0	0.0	0.0	0.46037735849056605
infection_study_01	T_NK_lineage	37	Treg	1	203	0.4674095113247396	0.4674095113247396	1.0	0.8	0.7241379310344828	0.15629198387819077	0.45320197044334976	0.06403940886699508	0.2561576354679803	5.33680480525299	0.33004926108374383	0.23645320197044334	0.0	2.0319415310291733
infection_study_01	T_NK_lineage	37	CD4 T Effector Memory	2	203	0.7488347534775326	0.9605911330049262	0.9605911330049262	0.0	0.9950738916256158	0.5320197044334976	0.9605911330049262	0.7931034482758621	0.8226600985221675	1.1166176439079079	0.645320197044335	0.0	0.0	1.993103448275862
infection_study_01	T_NK_lineage	37	CD4 Naive / T Central Memory	3	203	0.912697545699512	1.0	1.0	0.0	1.0	0.6614121510673235	1.0	0.0	0.6614121510673235	1.1061344515167473	0.3448275862068966	0.0	0.0	1.5517241379310347
infection_study_01	T_NK_lineage	37	CD8 Cytotoxic / T Effector Memory	4	203	0.6053637753987328	0.9605911330049262	0.9605911330049262	0.0	0.9605911330049262	0.46727656579873333	0.9605911330049262	0.0	0.46727656579873333	1.1221139981448307	0.2413793103448276	0.0	0.0	1.3467980295566504
infection_study_01	T_NK_lineage	37	CD8 Naive / T Central Memory	5	203	0.7485980627776564	0.8571428571428571	0.8571428571428571	0.0	0.8571428571428571	0.3891625615763547	0.8571428571428571	0.0	0.3891625615763547	1.2344145874982433	0.059113300492610835	0.0	0.0	0.9517241379310344
infection_study_01	T_NK_lineage	37	NK Cell	6	203	0.5684036122642196	0.916256157635468	0.916256157635468	0.0	0.916256157635468	0.4403940886699507	0.916256157635468	0.0	0.4403940886699507	1.1128195956370388	0.0049261083743842365	0.0	0.0	0.9241379310344827
infection_study_01	T_NK_lineage	37	MAIT Cell	7	203	0.37886898259413004	0.458128078817734	0.458128078817734	0.0	0.458128078817734	0.13177339901477833	0.458128078817734	0.0	0.13177339901477833	0.9561622294710798	0.019704433497536946	0.0049261083743842365	0.0	0.4945812807881773
infection_study_01	T_NK_lineage	37	ydT Cell	8	203	0.3500837520938023	0.3500837520938023	0.3500837520938023	0.0	0.2660098522167488	0.10344827586206896	0.2660098522167488	0.0	0.10344827586206896	0.45549691688466554	0.019704433497536946	0.009852216748768473	0.0	0.39146306243862994
infection_study_01	T_NK_lineage	38	NK Cell	1	80	0.7784028839851431	1.0	1.0	0.0	1.0	0.9025000000000001	1.0	0.0	0.9025000000000001	1.2134308445113124	0.75	0.75	0.0	2.95
infection_study_01	T_NK_lineage	38	CD4 T Effector Memory	2	80	0.8388773578035102	1.0	1.0	0.0	1.0	0.7182692307692308	1.0	1.0	1.0	1.161955618588227	0.775	0.0	0.0	2.24
infection_study_01	T_NK_lineage	38	CD8 Cytotoxic / T Effector Memory	3	80	0.736954701041439	1.0	1.0	0.0	1.0	0.7232142857142857	1.0	0.0	0.7232142857142857	1.1676751410426567	0.7625	0.0	0.0	2.2199999999999998
infection_study_01	T_NK_lineage	38	CD4 Naive / T Central Memory	4	80	0.9054147549340907	1.0	1.0	0.0	1.0	0.6983333333333334	1.0	0.0	0.6983333333333334	1.1061344515167473	0.05	0.0	0.0	1.08
infection_study_01	T_NK_lineage	38	CD8 Naive / T Central Memory	5	80	0.7775289490932926	0.95	0.95	0.0	0.95	0.4625	0.95	0.0	0.4625	1.3666006635894885	0.0375	0.0	0.0	1.01
infection_study_01	T_NK_lineage	38	MAIT Cell	6	80	0.8221269390430412	0.8625	0.8625	0.0	0.8625	0.23125	0.8625	0.0	0.23125	1.7821010594374826	0.0375	0.0	0.0	0.9225000000000001
infection_study_01	T_NK_lineage	38	ydT Cell	7	80	0.7755398368654869	0.7755398368654869	0.7755398368654869	0.0	0.775	0.4041666666666666	0.775	0.0	0.4041666666666666	1.2954794072845952	0.0	0.0	0.0	0.7755398368654869
infection_study_01	T_NK_lineage	38	Treg	8	80	0.4674095113247396	0.4674095113247396	0.4674095113247396	0.0	0.625	0.09659090909090909	0.1625	0.025	0.1375	1.9874674281393876	0.0125	0.0125	0.0	0.4999095113247396
infection_study_01	T_NK_lineage	39	NK Cell	1	57	0.7565180977350521	0.9649122807017544	0.9649122807017544	0.0	0.9649122807017544	0.6736842105263158	0.9649122807017544	0.0	0.6736842105263158	1.171275873362752	0.6666666666666666	0.6491228070175439	0.0	2.680701754385965
infection_study_01	T_NK_lineage	39	CD8 Cytotoxic / T Effector Memory	2	57	0.7075777437914209	0.9649122807017544	0.9649122807017544	0.0	0.9649122807017544	0.5413533834586465	0.9649122807017544	0.0	0.5413533834586465	1.1271097374976626	0.2631578947368421	0.0	0.0	1.3859649122807016
infection_study_01	T_NK_lineage	39	CD4 T Effector Memory	3	57	0.6986199111499527	0.9824561403508771	0.9824561403508771	0.0	0.9824561403508771	0.5695006747638326	0.9824561403508771	0.9473684210526315	0.9298245614035088	1.1417722658248393	0.03508771929824561	0.0	0.0	1.03859649122807
infection_study_01	T_NK_lineage	39	CD4 Naive / T Central Memory	4	57	0.45449166120457357	0.8771929824561403	0.8771929824561403	0.0	0.8771929824561403	0.23976608187134504	0.8771929824561403	0.0	0.23976608187134504	0.9716383396422078	0.05263157894736842	0.0	0.0	0.9614035087719298
infection_study_01	T_NK_lineage	39	Treg	5	57	0.4674095113247396	0.4674095113247396	0.4674095113247396	0.0	0.22807017543859648	0.03508771929824561	0.03508771929824561	0.0	0.017543859649122806	0.519480426170173	0.17543859649122806	0.17543859649122806	0.0	0.9235498622019326
infection_study_01	T_NK_lineage	39	MAIT Cell	6	57	0.37886898259413004	0.42105263157894735	0.42105263157894735	0.0	0.42105263157894735	0.11403508771929824	0.42105263157894735	0.0	0.11403508771929824	0.8804347867165122	0.05263157894736842	0.03508771929824561	0.0	0.5403508771929825
infection_study_01	T_NK_lineage	39	ydT Cell	7	57	0.3500837520938023	0.43859649122807015	0.43859649122807015	0.0	0.43859649122807015	0.20467836257309938	0.43859649122807015	0.0	0.20467836257309938	0.7403153077275024	0.017543859649122806	0.017543859649122806	0.0	0.4842105263157894
infection_study_01	T_NK_lineage	39	CD8 Naive / T Central Memory	8	57	0.2781024688660695	0.47368421052631576	0.47368421052631576	0.0	0.47368421052631576	0.1192982456140351	0.47368421052631576	0.0	0.1192982456140351	0.6885449615343969	0.0	0.0	0.0	0.47368421052631576
infection_study_01	T_NK_lineage	4	CD4 Naive / T Central Memory	1	1178	0.9646147403685092	0.99830220713073	0.99830220713073	0.0	0.99830220713073	0.7085455574419922	0.99830220713073	0.0	0.7085455574419922	1.1042750582650254	0.9957555178268251	0.0	0.0	2.5915110356536504
infection_study_01	T_NK_lineage	4	CD8 Naive / T Central Memory	2	1178	0.8664336173621732	0.9728353140916808	0.9728353140916808	0.0	0.9728353140916808	0.4541595925297114	0.9728353140916808	0.0	0.4541595925297114	1.3991077004550774	0.11629881154499151	0.0	0.0	1.1589134125636673
infection_study_01	T_NK_lineage	4	Treg	3	1178	0.4674095113247396	0.4674095113247396	0.4674095113247396	0.0	0.10611205432937182	0.018752893965118075	0.08234295415959253	0.0025466893039049238	0.04499151103565365	1.0639339919441084	0.038200339558573854	0.011035653650254669	0.0	0.5395657082687124
infection_study_01	T_NK_lineage	4	ydT Cell	4	1178	0.3500837520938023	0.3500837520938023	0.3500837520938023	0.0	0.04584040747028863	0.016129032258064516	0.04584040747028863	0.0	0.016129032258064516	0.09215299104731184	0.06621392190152801	0.0	0.0	0.4560260271362472
infection_study_01	T_NK_lineage	4	MAIT Cell	5	1178	0.37886898259413004	0.37886898259413004	0.37886898259413004	0.0	0.1833616298811545	0.04711375212224109	0.1833616298811545	0.0	0.04711375212224109	0.3949455191584686	0.035653650254668934	0.0	0.0	0.43591482300160034
infection_study_01	T_NK_lineage	4	CD4 T Effector Memory	6	1178	0.32705192629815744	0.32705192629815744	0.32705192629815744	0.0	0.9745331069609507	0.15410735274911844	0.18166383701188454	0.015280135823429542	0.07809847198641766	0.2204998735605321	0.0466893039049236	0.0	0.0	0.4017548125460352
infection_study_01	T_NK_lineage	4	CD8 Cytotoxic / T Effector Memory	7	1178	0.19699038671618965	0.20628183361629882	0.20628183361629882	0.0	0.20628183361629882	0.03638127577007034	0.20628183361629882	0.0	0.03638127577007034	0.25004645601274866	0.0025466893039049238	0.0	0.0	0.21035653650254668
infection_study_01	T_NK_lineage	4	NK Cell	8	1178	0.183362464496395	0.183362464496395	0.183362464496395	0.0	0.1833616298811545	0.041935483870967745	0.1833616298811545	0.0	0.041935483870967745	0.23230788697304272	0.001697792869269949	0.0008488964346349745	0.0	0.1869278295218619
infection_study_01	T_NK_lineage	40	NK Cell	1	52	0.6780460272376374	0.8269230769230769	0.8269230769230769	0.0	0.8269230769230769	0.34615384615384615	0.8269230769230769	0.0	0.34615384615384615	1.005493342595817	0.8846153846153846	0.4230769230769231	0.0	2.6653846153846157
infection_study_01	T_NK_lineage	40	CD8 Cytotoxic / T Effector Memory	2	52	0.6997032262763091	0.8846153846153846	0.8846153846153846	0.0	0.8846153846153846	0.423076923076923	0.8846153846153846	0.0	0.423076923076923	1.034277371692772	0.5	0.0	0.0	1.6846153846153846
infection_study_01	T_NK_lineage	40	CD4 T Effector Memory	3	52	0.6493791420872479	0.8653846153846154	0.8653846153846154	0.0	0.9615384615384616	0.3668639053254437	0.8653846153846154	0.8269230769230769	0.8076923076923077	1.0070872002691564	0.057692307692307696	0.0	0.0	0.9576923076923077
infection_study_01	T_NK_lineage	40	CD4 Naive / T Central Memory	4	52	0.12324302672784211	0.6346153846153846	0.6346153846153846	0.0	0.6346153846153846	0.09743589743589745	0.6346153846153846	0.0	0.09743589743589745	0.7059715692087084	0.11538461538461539	0.0	0.0	0.8192307692307692
infection_study_01	T_NK_lineage	40	CD8 Naive / T Central Memory	5	52	0.7562632000582623	0.7562632000582623	0.7562632000582623	0.0	0.5192307692307693	0.11923076923076925	0.5192307692307693	0.0	0.11923076923076925	0.7533824171070258	0.0	0.0	0.0	0.7562632000582623
infection_study_01	T_NK_lineage	40	Treg	6	52	0.4674095113247396	0.4674095113247396	0.4674095113247396	0.0	0.019230769230769232	0.0017482517482517483	0.0	0.0	0.0	0.11521550308054421	0.057692307692307696	0.057692307692307696	0.0	0.6174095113247396
infection_study_01	T_NK_lineage	40	ydT Cell	7	52	0.3500837520938023	0.3500837520938023	0.3500837520938023	0.0	0.25	0.08333333333333333	0.25	0.0	0.08333333333333333	0.42907598203056657	0.019230769230769232	0.0	0.0	0.3808529828630331
infection_study_01	T_NK_lineage	40	MAIT Cell	8	52	0.37886898259413004	0.37886898259413004	0.37886898259413004	0.0	0.09615384615384616	0.02403846153846154	0.09615384615384616	0.0	0.02403846153846154	0.2168216409101808	0.0	0.0	0.0	0.37886898259413004
infection_study_01	T_NK_lineage	41	NK Cell	1	13	0.183362464496395	0.183362464496395	0.183362464496395	0.0	0.07692307692307693	0.015384615384615385	0.07692307692307693	0.0	0.015384615384615385	0.10443083429533762	0.9230769230769231	0.9230769230769231	0.0	2.5833624644963953
infection_study_01	T_NK_lineage	41	Treg	2	13	0.4674095113247396	0.4674095113247396	0.4674095113247396	0.0	0.0	0.0	0.0	0.0	0.0	0.11521550308054421	0.0	0.0	0.0	0.4674095113247396
infection_study_01	T_NK_lineage	41	MAIT Cell	3	13	0.37886898259413004	0.37886898259413004	0.37886898259413004	0.0	0.0	0.0	0.0	0.0	0.0	0.02042522704226341	0.0	0.0	0.0	0.37886898259413004
infection_study_01	T_NK_lineage	41	ydT Cell	4	13	0.3500837520938023	0.3500837520938023	0.3500837520938023	0.0	0.0	0.0	0.0	0.0	0.0	0.01650292238579102	0.0	0.0	0.0	0.3500837520938023
infection_study_01	T_NK_lineage	41	CD8 Cytotoxic / T Effector Memory	5	13	0.19699038671618965	0.19699038671618965	0.19699038671618965	0.0	0.15384615384615385	0.02197802197802198	0.15384615384615385	0.0	0.02197802197802198	0.18942483247683617	0.07692307692307693	0.0	0.0	0.3200673097931127
infection_study_01	T_NK_lineage	41	CD8 Naive / T Central Memory	6	13	0.2781024688660695	0.2781024688660695	0.2781024688660695	0.0	0.15384615384615385	0.03076923076923077	0.15384615384615385	0.0	0.03076923076923077	0.23324194017993677	0.0	0.0	0.0	0.2781024688660695
infection_study_01	T_NK_lineage	41	CD4 Naive / T Central Memory	7	13	0.12324302672784211	0.15384615384615385	0.15384615384615385	0.0	0.15384615384615385	0.020512820512820513	0.15384615384615385	0.0	0.020512820512820513	0.17944146090865742	0.0	0.0	0.0	0.15384615384615385
infection_study_01	T_NK_lineage	41	CD4 T Effector Memory	8	13	0.06024688660694778	0.07692307692307693	0.07692307692307693	0.0	0.07692307692307693	0.01775147928994083	0.07692307692307693	0.07692307692307693	0.07692307692307693	0.10000075011459987	0.0	0.0	0.0	0.07692307692307693
infection_study_01	T_NK_lineage	5	NK Cell	1	1049	0.904668268880635	1.0	1.0	0.0	1.0	0.9532888465204957	1.0	0.0	0.9532888465204957	1.2134308445113124	1.0	0.8856053384175405	0.0	3.4856053384175407
infection_study_01	T_NK_lineage	5	CD8 Cytotoxic / T Effector Memory	2	1049	0.8582040637972471	1.0	1.0	0.0	1.0	0.7191883426392481	1.0	0.0	0.7191883426392481	1.1676751410426567	0.3489037178265014	0.0	0.0	1.5582459485224023
infection_study_01	T_NK_lineage	5	CD4 T Effector Memory	3	1049	0.7357166266113174	1.0	1.0	0.0	1.0	0.5780596905477744	1.0	1.0	1.0	1.161955618588227	0.0	0.0	0.0	1.0
infection_study_01	T_NK_lineage	5	CD4 Naive / T Central Memory	4	1049	0.12324302672784211	0.9237368922783603	0.9237368922783603	0.0	0.9237368922783603	0.134540832538926	0.9237368922783603	0.0	0.134540832538926	1.0226124209913625	0.0	0.0	0.0	0.9237368922783603
infection_study_01	T_NK_lineage	5	ydT Cell	5	1049	0.8728333697472872	0.9027645376549094	0.9027645376549094	0.0	0.9027645376549094	0.4099142040038131	0.9027645376549094	0.0	0.4099142040038131	1.5063282321421396	0.0	0.0	0.0	0.9027645376549094
infection_study_01	T_NK_lineage	5	MAIT Cell	6	1049	0.8089086738038016	0.8089086738038016	0.8089086738038016	0.0	0.5700667302192565	0.14275500476644423	0.5700667302192565	0.0	0.14275500476644423	1.1847994664391672	0.0	0.0	0.0	0.8089086738038016
infection_study_01	T_NK_lineage	5	Treg	7	1049	0.4674095113247396	0.4674095113247396	0.4674095113247396	0.0	0.3393708293612965	0.03891151746251841	0.004766444232602479	0.0	0.002859866539561487	0.1701323300970095	0.0	0.0	0.0	0.4674095113247396
infection_study_01	T_NK_lineage	5	CD8 Naive / T Central Memory	8	1049	0.2781024688660695	0.2781024688660695	0.2781024688660695	0.0	0.2621544327931363	0.056434699714013346	0.2621544327931363	0.0	0.056434699714013346	0.38742336297283436	0.0	0.0	0.0	0.2781024688660695
infection_study_01	T_NK_lineage	6	NK Cell	1	1009	0.885022940790911	1.0	1.0	0.0	1.0	0.909217046580773	1.0	0.0	0.909217046580773	1.2134308445113124	0.9970267591674926	0.9970267591674926	0.0	3.592269573835481
infection_study_01	T_NK_lineage	6	CD8 Cytotoxic / T Effector Memory	2	1009	0.8299286286504989	1.0	1.0	0.0	1.0	0.7181084524989381	1.0	0.0	0.7181084524989381	1.1676751410426567	0.02081268582755203	0.0	0.0	1.0333002973240832
infection_study_01	T_NK_lineage	6	CD4 T Effector Memory	3	1009	0.5545845167868327	0.9990089197224975	0.9990089197224975	0.0	1.0	0.558283144011588	0.9990089197224975	0.998017839444995	0.9960356788899901	1.1608154291853396	0.0	0.0	0.0	0.9990089197224975
infection_study_01	T_NK_lineage	6	MAIT Cell	4	1009	0.9255880853543078	0.9255880853543078	0.9255880853543078	0.0	0.9048562933597621	0.22770069375619426	0.9048562933597621	0.0	0.22770069375619426	1.8686147502916681	0.0	0.0	0.0	0.9255880853543078
infection_study_01	T_NK_lineage	6	ydT Cell	5	1009	0.7733595513800888	0.7733595513800888	0.7733595513800888	0.0	0.6709613478691774	0.29897588371324746	0.6709613478691774	0.0	0.29897588371324746	1.1237852271608675	0.0	0.0	0.0	0.7733595513800888
infection_study_01	T_NK_lineage	6	CD8 Naive / T Central Memory	6	1009	0.6227514383511762	0.6227514383511762	0.6227514383511762	0.0	0.5292368681863231	0.13181367690782952	0.5292368681863231	0.0	0.13181367690782952	0.7676265228076529	0.0	0.0	0.0	0.6227514383511762
infection_study_01	T_NK_lineage	6	CD4 Naive / T Central Memory	7	1009	0.12324302672784211	0.49157581764122893	0.49157581764122893	0.0	0.49157581764122893	0.08384539147670962	0.49157581764122893	0.0	0.08384539147670962	0.5493171207333117	0.0	0.0	0.0	0.49157581764122893
infection_study_01	T_NK_lineage	6	Treg	8	1009	0.4674095113247396	0.4674095113247396	0.4674095113247396	0.0	0.3478691774033697	0.04360753221010902	0.013875123885034688	0.0	0.007928642220019821	0.27507844095245887	0.0	0.0	0.0	0.4674095113247396
infection_study_01	T_NK_lineage	7	CD8 Cytotoxic / T Effector Memory	1	987	0.8936166338941082	1.0	1.0	0.0	1.0	0.9290780141843972	1.0	0.0	0.9290780141843972	1.1676751410426567	1.0	0.0	0.0	2.6
infection_study_01	T_NK_lineage	7	NK Cell	2	987	0.7949712329764765	1.0	1.0	0.0	1.0	0.838500506585613	1.0	0.0	0.838500506585613	1.2134308445113124	0.019250253292806486	0.011144883485309016	0.0	1.0419452887537994
infection_study_01	T_NK_lineage	7	CD4 T Effector Memory	3	987	0.7979571771902993	1.0	1.0	0.0	1.0	0.5770399812953004	1.0	1.0	1.0	1.161955618588227	0.0010131712259371835	0.0	0.0	1.0016210739614995
infection_study_01	T_NK_lineage	7	CD4 Naive / T Central Memory	4	987	0.3116124098754643	0.9949341438703141	0.9949341438703141	0.0	0.9949341438703141	0.25106382978723407	0.9949341438703141	0.0	0.25106382978723407	1.1005864139014276	0.0	0.0	0.0	0.9949341438703141
infection_study_01	T_NK_lineage	7	CD8 Naive / T Central Memory	5	987	0.9108768480081567	0.9797365754812564	0.9797365754812564	0.0	0.9797365754812564	0.4433637284701114	0.9797365754812564	0.0	0.4433637284701114	1.4089319383661176	0.0	0.0	0.0	0.9797365754812564
infection_study_01	T_NK_lineage	7	ydT Cell	6	987	0.8008338795426407	0.8008338795426407	0.8008338795426407	0.0	0.7831813576494427	0.2826747720364742	0.7831813576494427	0.0	0.2826747720364742	1.3089810383145104	0.0	0.0	0.0	0.8008338795426407
infection_study_01	T_NK_lineage	7	Treg	7	987	0.4674095113247396	0.4674095113247396	0.4674095113247396	0.0	0.1691995947315096	0.019710785668232478	0.02330293819655522	0.0	0.02330293819655522	0.38370147783763814	0.0	0.0	0.0	0.4674095113247396
infection_study_01	T_NK_lineage	7	MAIT Cell	8	987	0.37886898259413004	0.37886898259413004	0.37886898259413004	0.0	0.17831813576494426	0.04559270516717325	0.17831813576494426	0.0	0.04559270516717325	0.3846440679174772	0.002026342451874367	0.0	0.0	0.382111130517129
infection_study_01	T_NK_lineage	8	CD8 Cytotoxic / T Effector Memory	1	918	0.7363447673148351	0.9967320261437909	0.9967320261437909	0.0	0.9967320261437909	0.6283846872082167	0.9967320261437909	0.0	0.6283846872082167	1.1638969907124856	0.9956427015250545	0.0	0.0	2.5897603485838783
infection_study_01	T_NK_lineage	8	CD4 T Effector Memory	2	918	0.8854599082368364	1.0	1.0	0.0	1.0	0.6200770906653259	1.0	0.9923747276688453	0.9934640522875817	1.161955618588227	0.07952069716775599	0.0	0.0	1.1272331154684097
infection_study_01	T_NK_lineage	8	NK Cell	3	918	0.7286250091034885	0.9945533769063181	0.9945533769063181	0.0	0.9945533769063181	0.5675381263616559	0.9945533769063181	0.0	0.5675381263616559	1.2068871806892318	0.04030501089324619	0.03594771241830065	0.0	1.0949891067538127
infection_study_01	T_NK_lineage	8	CD4 Naive / T Central Memory	4	918	0.6791976185274197	0.9880174291938998	0.9880174291938998	0.0	0.9880174291938998	0.33565722585330426	0.9880174291938998	0.0	0.33565722585330426	1.0930113481639094	0.0054466230936819175	0.0	0.0	0.9967320261437909
infection_study_01	T_NK_lineage	8	ydT Cell	5	918	0.7414745830602287	0.7414745830602287	0.7414745830602287	0.0	0.5631808278867102	0.2095134350036311	0.5631808278867102	0.0	0.2095134350036311	0.9459158715637821	0.0054466230936819175	0.0010893246187363835	0.0	0.7512785046288561
infection_study_01	T_NK_lineage	8	Treg	6	918	0.4674095113247396	0.4674095113247396	0.4674095113247396	0.0	0.19716775599128541	0.0261437908496732	0.07516339869281045	0.0	0.07407407407407407	0.9812143824441116	0.008714596949891068	0.0054466230936819175	0.0	0.48679948953824725
infection_study_01	T_NK_lineage	8	MAIT Cell	7	918	0.37886898259413004	0.4542483660130719	0.4542483660130719	0.0	0.4542483660130719	0.11683006535947711	0.4542483660130719	0.0	0.11683006535947711	0.9482378279816798	0.0054466230936819175	0.002178649237472767	0.0	0.4651416122004357
infection_study_01	T_NK_lineage	8	CD8 Naive / T Central Memory	8	918	0.2781024688660695	0.45098039215686275	0.45098039215686275	0.0	0.45098039215686275	0.13267973856209153	0.45098039215686275	0.0	0.13267973856209153	0.6562251143992827	0.0	0.0	0.0	0.45098039215686275
infection_study_01	T_NK_lineage	9	NK Cell	1	912	0.9207541329837594	1.0	1.0	0.0	1.0	0.9557017543859649	1.0	0.0	0.9557017543859649	1.2134308445113124	0.9989035087719298	0.9989035087719298	0.0	3.597149122807018
infection_study_01	T_NK_lineage	9	CD8 Cytotoxic / T Effector Memory	2	912	0.8701387371640813	1.0	1.0	0.0	1.0	0.7335526315789475	1.0	0.0	0.7335526315789475	1.1676751410426567	0.006578947368421052	0.0	0.0	1.0105263157894737
infection_study_01	T_NK_lineage	9	CD4 T Effector Memory	3	912	0.6462839560119438	1.0	1.0	0.0	1.0	0.5841767881241565	1.0	1.0	1.0	1.161955618588227	0.0010964912280701754	0.0	0.0	1.0017543859649123
infection_study_01	T_NK_lineage	9	MAIT Cell	4	912	0.9206722015876484	0.9206722015876484	0.9206722015876484	0.0	0.9057017543859649	0.22779605263157895	0.9057017543859649	0.0	0.22779605263157895	1.8703416236332258	0.0	0.0	0.0	0.9206722015876484
infection_study_01	T_NK_lineage	9	ydT Cell	5	912	0.8225548030005098	0.8225548030005098	0.8225548030005098	0.0	0.8081140350877193	0.3651315789473684	0.8081140350877193	0.0	0.3651315789473684	1.3501272423778945	0.0	0.0	0.0	0.8225548030005098
infection_study_01	T_NK_lineage	9	CD4 Naive / T Central Memory	6	912	0.12324302672784211	0.4857456140350877	0.4857456140350877	0.0	0.4857456140350877	0.07697368421052632	0.4857456140350877	0.0	0.07697368421052632	0.5429319830421137	0.0	0.0	0.0	0.4857456140350877
infection_study_01	T_NK_lineage	9	Treg	7	912	0.4674095113247396	0.4674095113247396	0.4674095113247396	0.0	0.43859649122807015	0.059110845295055815	0.01425438596491228	0.0010964912280701754	0.013157894736842105	0.27944812808570585	0.0	0.0	0.0	0.4674095113247396
infection_study_01	T_NK_lineage	9	CD8 Naive / T Central Memory	8	912	0.2781024688660695	0.4375	0.4375	0.0	0.4375	0.1050438596491228	0.4375	0.0	0.1050438596491228	0.6370352051628084	0.0	0.0	0.0	0.4375
infection_study_01	Myeloid_lineage	0	Classical Monocyte	1	1504	0.905523996795572	1.0	1.0	0.0	1.0	0.9966755319148938	1.0	0.0	0.9966755319148938	1.0022510838968963	0.9993351063829787	1.0	0.0	3.598936170212766
infection_study_01	Myeloid_lineage	0	Intermediate Monocyte	2	1504	0.7125209380234505	0.9980053191489362	0.9980053191489362	0.0	0.9980053191489362	0.8035239361702128	0.9980053191489362	0.0	0.8035239361702128	1.0020260970334023	0.02726063829787234	0.005984042553191489	0.0	1.0476063829787234
infection_study_01	Myeloid_lineage	0	Non-Classical Monocyte	3	1504	0.7588941082222708	0.9740691489361702	0.9740691489361702	0.0	0.9740691489361702	0.47805851063829785	0.9740691489361702	0.0	0.47805851063829785	1.000697670031727	0.006648936170212766	0.005984042553191489	0.0	0.9906914893617021
infection_study_01	Myeloid_lineage	0	Conventional DC 1	4	1504	0.4703590415847353	0.4703590415847353	0.4703590415847353	0.0	0.02526595744680851	0.008421985815602837	0.02526595744680851	0.0	0.008421985815602837	0.22732748999058947	0.0	0.0	0.0	0.4703590415847353
infection_study_01	Myeloid_lineage	0	Conventional DC 2	5	1504	0.46169252057388394	0.46169252057388394	0.46169252057388394	0.0	0.1077127659574468	0.03856382978723404	0.1077127659574468	0.0	0.03856382978723404	0.6928224907941478	0.003324468085106383	0.003324468085106383	0.0	0.4703361375951605
infection_study_01	Myeloid_lineage	0	Plasmacytoid DC	6	1504	0.3185037506372442	0.36768617021276595	0.36768617021276595	0.0	0.36768617021276595	0.10438829787234043	0.36768617021276595	0.0	0.10438829787234043	0.7302037410454632	0.0	0.0	0.0	0.36768617021276595
infection_study_01	Myeloid_lineage	1	Classical Monocyte	1	1418	0.8357548612628359	1.0	1.0	0.0	1.0	0.9909732016925247	1.0	0.0	0.9909732016925247	1.0022510838968963	1.0	1.0	0.0	3.6
infection_study_01	Myeloid_lineage	1	Intermediate Monocyte	2	1418	0.8372660403466609	0.9992947813822285	0.9992947813822285	0.0	0.9992947813822285	0.8600141043723554	0.9992947813822285	0.0	0.8600141043723554	1.0033079105162803	0.3032440056417489	0.20874471086036672	0.0	1.6932299012693934
infection_study_01	Myeloid_lineage	1	Non-Classical Monocyte	3	1418	0.7896001747869783	0.9880112834978844	0.9880112834978844	0.0	0.9880112834978844	0.46597320169252465	0.9880112834978844	0.0	0.46597320169252465	1.0148753948250089	0.045839210155148094	0.04231311706629055	0.0	1.1036671368124118
infection_study_01	Myeloid_lineage	1	Plasmacytoid DC	4	1418	0.6797938970213386	0.6797938970213386	0.6797938970213386	0.0	0.573342736248237	0.16942877291960506	0.573342736248237	0.0	0.16942877291960506	1.1278121411758324	0.0	0.0	0.0	0.6797938970213386
infection_study_01	Myeloid_lineage	1	Conventional DC 2	5	1418	0.46169252057388394	0.46169252057388394	0.46169252057388394	0.0	0.10437235543018336	0.03643629525152797	0.10437235543018336	0.0	0.03643629525152797	0.6731618233809781	0.011988716502115656	0.011988716502115656	0.0	0.4928631834793846
infection_study_01	Myeloid_lineage	1	Conventional DC 1	6	1418	0.4703590415847353	0.4703590415847353	0.4703590415847353	0.0	0.0846262341325811	0.028208744710860365	0.0846262341325811	0.0	0.028208744710860365	0.6099690990969597	0.0	0.0	0.0	0.4703590415847353
infection_study_01	Myeloid_lineage	10	Classical Monocyte	1	833	0.7651846187459034	1.0	1.0	0.0	1.0	0.9858343337334933	1.0	0.0	0.9858343337334933	1.0022510838968963	0.9843937575030012	0.9987995198079231	0.0	3.5738295318127253
infection_study_01	Myeloid_lineage	10	Intermediate Monocyte	2	833	0.815454082004224	0.9975990396158463	0.9975990396158463	0.0	0.9975990396158463	0.8622448979591836	0.9975990396158463	0.0	0.8622448979591836	1.0016222274435174	0.2845138055222089	0.0744297719087635	0.0	1.5272509003601442
infection_study_01	Myeloid_lineage	10	Non-Classical Monocyte	3	833	0.7231993299832495	0.9879951980792316	0.9879951980792316	0.0	0.9879951980792316	0.40816326530612246	0.9879951980792316	0.0	0.40816326530612246	1.0148590375995183	0.07322929171668667	0.06722689075630252	0.0	1.1723889555822329
infection_study_01	Myeloid_lineage	10	Conventional DC 2	4	833	0.46169252057388394	0.46169252057388394	0.46169252057388394	0.0	0.16926770708283315	0.06162464985994398	0.16926770708283315	0.0	0.06162464985994398	1.0551166505167566	0.007202881152460984	0.007202881152460984	0.0	0.48042001157028247
infection_study_01	Myeloid_lineage	10	Conventional DC 1	5	833	0.4703590415847353	0.4703590415847353	0.4703590415847353	0.0	0.04081632653061224	0.013605442176870748	0.04081632653061224	0.0	0.013605442176870748	0.32756654850984934	0.0	0.0	0.0	0.4703590415847353
infection_study_01	Myeloid_lineage	10	Plasmacytoid DC	6	833	0.3185037506372442	0.4249699879951981	0.4249699879951981	0.0	0.4249699879951981	0.12424969987995198	0.4249699879951981	0.0	0.12424969987995198	0.8409540447236059	0.0	0.0	0.0	0.4249699879951981
infection_study_01	Myeloid_lineage	11	Classical Monocyte	1	765	0.8025635423494283	1.0	1.0	0.0	1.0	0.9858823529411765	1.0	0.0	0.9858823529411765	1.0022510838968963	0.9882352941176471	0.9986928104575163	0.0	3.5798692810457515
infection_study_01	Myeloid_lineage	11	Intermediate Monocyte	2	765	0.8804894035394363	1.0	1.0	0.0	1.0	0.880718954248366	1.0	0.0	0.880718954248366	1.0040089459629162	0.3202614379084967	0.06666666666666667	0.0	1.5790849673202614
infection_study_01	Myeloid_lineage	11	Non-Classical Monocyte	3	765	0.7809882747068677	0.9947712418300654	0.9947712418300654	0.0	0.9947712418300654	0.47614379084967323	0.9947712418300654	0.0	0.47614379084967323	1.0217495810138941	0.050980392156862744	0.047058823529411764	0.0	1.1233986928104576
infection_study_01	Myeloid_lineage	11	Conventional DC 2	4	765	0.46169252057388394	0.46169252057388394	0.46169252057388394	0.0	0.24705882352941178	0.10065359477124185	0.24705882352941178	0.0	0.10065359477124185	1.5129721313544036	0.043137254901960784	0.043137254901960784	0.0	0.5738493833189819
infection_study_01	Myeloid_lineage	11	Conventional DC 1	5	765	0.4703590415847353	0.4703590415847353	0.4703590415847353	0.0	0.1111111111111111	0.03703703703703704	0.1111111111111111	0.0	0.03703703703703704	0.7806929654578783	0.0	0.0	0.0	0.4703590415847353
infection_study_01	Myeloid_lineage	11	Plasmacytoid DC	6	765	0.3185037506372442	0.3843137254901961	0.3843137254901961	0.0	0.3843137254901961	0.10424836601307189	0.3843137254901961	0.0	0.10424836601307189	0.7623508092348541	0.0	0.0	0.0	0.3843137254901961
infection_study_01	Myeloid_lineage	12	Classical Monocyte	1	657	0.8498288544170126	0.9984779299847792	0.9984779299847792	0.0	0.9984779299847792	0.9631659056316589	0.9984779299847792	0.0	0.9631659056316589	1.0007406914983599	1.0	1.0	0.0	3.5984779299847793
infection_study_01	Myeloid_lineage	12	Intermediate Monocyte	2	657	0.7346515184618746	0.984779299847793	0.984779299847793	0.0	0.984779299847793	0.7340182648401826	0.984779299847793	0.0	0.7340182648401826	0.9888785309959509	0.060882800608828	0.0136986301369863	0.0	1.095890410958904
infection_study_01	Myeloid_lineage	12	Non-Classical Monocyte	3	657	0.6873862063942903	0.9345509893455098	0.9345509893455098	0.0	0.9345509893455098	0.3238203957382039	0.9345509893455098	0.0	0.3238203957382039	0.9605117437997474	0.0060882800608828	0.0060882800608828	0.0	0.9503805175038051
infection_study_01	Myeloid_lineage	12	Conventional DC 1	4	657	0.4703590415847353	0.4703590415847353	0.4703590415847353	0.0	0.045662100456621	0.015728056823947234	0.045662100456621	0.0	0.015728056823947234	0.35880283708426053	0.0015220700152207	0.0	0.0	0.4727943536090884
infection_study_01	Myeloid_lineage	12	Conventional DC 2	5	657	0.46169252057388394	0.46169252057388394	0.46169252057388394	0.0	0.0898021308980213	0.0319634703196347	0.0898021308980213	0.0	0.0319634703196347	0.5874057953945853	0.0015220700152207	0.0015220700152207	0.0	0.46564990261345773
infection_study_01	Myeloid_lineage	12	Plasmacytoid DC	6	657	0.3185037506372442	0.3185037506372442	0.3185037506372442	0.0	0.1765601217656012	0.04642313546423135	0.1765601217656012	0.0	0.04642313546423135	0.3606880780580263	0.0	0.0	0.0	0.3185037506372442
infection_study_01	Myeloid_lineage	13	Classical Monocyte	1	654	0.9742735416211492	1.0	1.0	0.0	1.0	0.998165137614679	1.0	0.0	0.998165137614679	1.0022510838968963	1.0	0.9984709480122325	0.0	3.5984709480122326
infection_study_01	Myeloid_lineage	13	Intermediate Monocyte	2	654	0.6763800888500473	0.9984709480122325	0.9984709480122325	0.0	0.9984709480122325	0.7767584097859327	0.9984709480122325	0.0	0.7767584097859327	1.0024889639088954	0.012232415902140673	0.0061162079510703364	0.0	1.024159021406728
infection_study_01	Myeloid_lineage	13	Non-Classical Monocyte	3	654	0.601053273614449	0.9877675840978594	0.9877675840978594	0.0	0.9877675840978594	0.3463302752293578	0.9877675840978594	0.0	0.3463302752293578	1.01462757746171	0.0	0.0	0.0	0.9877675840978594
infection_study_01	Myeloid_lineage	13	Plasmacytoid DC	4	654	0.6431250455174423	0.6431250455174423	0.6431250455174423	0.0	0.581039755351682	0.18692660550458715	0.581039755351682	0.0	0.18692660550458715	1.1426932583241458	0.0	0.0	0.0	0.6431250455174423
infection_study_01	Myeloid_lineage	13	Conventional DC 2	5	654	0.46169252057388394	0.46169252057388394	0.46169252057388394	0.0	0.05198776758409786	0.01783893985728848	0.05198776758409786	0.0	0.01783893985728848	0.3648416481174913	0.0061162079510703364	0.0061162079510703364	0.0	0.47759466124666683
infection_study_01	Myeloid_lineage	13	Conventional DC 1	6	654	0.4703590415847353	0.4703590415847353	0.4703590415847353	0.0	0.03211009174311927	0.01070336391437309	0.03211009174311927	0.0	0.01070336391437309	0.27144538677775404	0.0	0.0	0.0	0.4703590415847353
infection_study_01	Myeloid_lineage	14	Classical Monocyte	1	625	0.8487728497560265	1.0	1.0	0.0	1.0	0.9766400000000001	1.0	0.0	0.9766400000000001	1.0022510838968963	1.0	0.9984	0.0	3.5984
infection_study_01	Myeloid_lineage	14	Intermediate Monocyte	2	625	0.8389957031534484	1.0	1.0	0.0	1.0	0.8892	1.0	0.0	0.8892	1.0040089459629162	0.2768	0.0592	0.0	1.5020799999999999
infection_study_01	Myeloid_lineage	14	Non-Classical Monocyte	3	625	0.8121039982521302	0.9968	0.9968	0.0	0.9968	0.5744	0.9968	0.0	0.5744	1.0238126205634075	0.0752	0.0752	0.0	1.19232
infection_study_01	Myeloid_lineage	14	Plasmacytoid DC	4	625	0.7939698492462312	0.7939698492462312	0.7939698492462312	0.0	0.7312	0.2192	0.7312	0.0	0.2192	1.4330072307333945	0.0	0.0	0.0	0.7939698492462312
infection_study_01	Myeloid_lineage	14	Conventional DC 1	5	625	0.4703590415847353	0.4703590415847353	0.4703590415847353	0.0	0.1536	0.0512	0.1536	0.0	0.0512	1.0545801122386973	0.0	0.0	0.0	0.4703590415847353
infection_study_01	Myeloid_lineage	14	Conventional DC 2	6	625	0.46169252057388394	0.46169252057388394	0.46169252057388394	0.0	0.2368	0.08106666666666666	0.2368	0.0	0.08106666666666666	1.452591733251839	0.0032	0.0032	0.0	0.47001252057388393
infection_study_01	Myeloid_lineage	15	Classical Monocyte	1	618	0.9210545481028329	1.0	1.0	0.0	1.0	0.9737864077669902	1.0	0.0	0.9737864077669902	1.0022510838968963	1.0	0.9983818770226537	0.0	3.598381877022654
infection_study_01	Myeloid_lineage	15	Intermediate Monocyte	2	618	0.7739876920836064	0.9983818770226537	0.9983818770226537	0.0	0.9983818770226537	0.7872168284789643	0.9983818770226537	0.0	0.7872168284789643	1.0024004212649718	0.18446601941747573	0.061488673139158574	0.0	1.3550161812297734
infection_study_01	Myeloid_lineage	15	Non-Classical Monocyte	3	618	0.6840816400844805	0.9255663430420712	0.9255663430420712	0.0	0.9255663430420712	0.3826860841423948	0.9255663430420712	0.0	0.3826860841423948	0.9513752774938685	0.045307443365695796	0.043689320388349516	0.0	1.041747572815534
infection_study_01	Myeloid_lineage	15	Plasmacytoid DC	4	618	0.8894381326924478	0.8894381326924478	0.8894381326924478	0.0	0.7993527508090615	0.24716828478964403	0.7993527508090615	0.0	0.24716828478964403	1.5647711064805025	0.0	0.0	0.0	0.8894381326924478
infection_study_01	Myeloid_lineage	15	Conventional DC 2	5	618	0.46169252057388394	0.46169252057388394	0.46169252057388394	0.0	0.07119741100323625	0.02481121898597627	0.07119741100323625	0.0	0.02481121898597627	0.4779039221424346	0.0048543689320388345	0.0048543689320388345	0.0	0.4743138797971849
infection_study_01	Myeloid_lineage	15	Conventional DC 1	6	618	0.4703590415847353	0.4703590415847353	0.4703590415847353	0.0	0.156957928802589	0.052319309600863	0.156957928802589	0.0	0.052319309600863	1.0762256191673272	0.0	0.0	0.0	0.4703590415847353
infection_study_01	Myeloid_lineage	16	Conventional DC 2	1	442	0.9957395674022285	0.9957395674022285	0.9957395674022285	0.0	0.995475113122172	0.8785822021116139	0.995475113122172	0.0	0.8785822021116139	5.917928838378138	0.9909502262443439	0.9841628959276018	0.0	3.5654228253207805
infection_study_01	Myeloid_lineage	16	Classical Monocyte	2	442	0.6470941664845969	1.0	1.0	0.0	1.0	0.7823529411764706	1.0	0.0	0.7823529411764706	1.0022510838968963	0.22850678733031674	0.16515837104072398	0.0	1.5307692307692307
infection_study_01	Myeloid_lineage	16	Intermediate Monocyte	3	442	0.807060665647076	1.0	1.0	0.0	1.0	0.8269230769230769	1.0	0.0	0.8269230769230769	1.0040089459629162	0.22850678733031674	0.004524886877828055	0.0	1.3701357466063349
infection_study_01	Myeloid_lineage	16	Non-Classical Monocyte	4	442	0.6289145000364139	0.995475113122172	0.995475113122172	0.0	0.995475113122172	0.4259049773755656	0.995475113122172	0.0	0.4259049773755656	1.0224653461232613	0.01809954751131222	0.00904977375565611	0.0	1.0334841628959277
infection_study_01	Myeloid_lineage	16	Plasmacytoid DC	5	442	0.6516459107129853	0.7036199095022625	0.7036199095022625	0.0	0.7036199095022625	0.23925339366515835	0.7036199095022625	0.0	0.23925339366515835	1.3796849572477778	0.0	0.0	0.0	0.7036199095022625
infection_study_01	Myeloid_lineage	16	Conventional DC 1	6	442	0.4703590415847353	0.4703590415847353	0.4703590415847353	0.0	0.4095022624434389	0.1372549019607843	0.4095022624434389	0.0	0.1372549019607843	2.704148795916805	0.0	0.0	0.0	0.4703590415847353
infection_study_01	Myeloid_lineage	17	Classical Monocyte	1	379	0.6993117762726677	0.9894459102902374	0.9894459102902374	0.0	0.9894459102902374	0.8121372031662268	0.9894459102902374	0.0	0.8121372031662268	0.9917779672125849	0.9709762532981531	0.9366754617414248	0.0	3.479683377308707
infection_study_01	Myeloid_lineage	17	Intermediate Monocyte	2	379	0.8083169470541112	0.9841688654353562	0.9841688654353562	0.0	0.9841688654353562	0.7434036939313985	0.9841688654353562	0.0	0.7434036939313985	0.9882717175197032	0.2559366754617414	0.1424802110817942	0.0	1.5361477572559368
infection_study_01	Myeloid_lineage	17	Non-Classical Monocyte	3	379	0.7924586701624062	0.8707124010554089	0.8707124010554089	0.0	0.8707124010554089	0.39841688654353563	0.8707124010554089	0.0	0.39841688654353563	0.8955944291688807	0.2532981530343008	0.24802110817941952	0.0	1.5240105540897098
infection_study_01	Myeloid_lineage	17	Conventional DC 2	4	379	0.46169252057388394	0.46169252057388394	0.46169252057388394	0.0	0.08443271767810026	0.0316622691292876	0.08443271767810026	0.0	0.0316622691292876	0.5558030188319012	0.052770448548812667	0.047493403693931395	0.0	0.5936186419459156
infection_study_01	Myeloid_lineage	17	Conventional DC 1	5	379	0.4703590415847353	0.4703590415847353	0.4703590415847353	0.0	0.10026385224274406	0.0395778364116095	0.10026385224274406	0.0	0.0395778364116095	0.7107705725796097	0.0316622691292876	0.0316622691292876	0.0	0.5526809413208831
infection_study_01	Myeloid_lineage	17	Plasmacytoid DC	6	379	0.3185037506372442	0.3185037506372442	0.3185037506372442	0.0	0.1662269129287599	0.047493403693931395	0.1662269129287599	0.0	0.047493403693931395	0.3407102542859381	0.013192612137203167	0.005277044854881266	0.0	0.3448889749116505
infection_study_01	Myeloid_lineage	18	Classical Monocyte	1	348	0.7822718665792732	1.0	1.0	0.0	1.0	0.9683908045977011	1.0	0.0	0.9683908045977011	1.0022510838968963	0.9971264367816092	1.0	0.0	3.5954022988505745
infection_study_01	Myeloid_lineage	18	Intermediate Monocyte	2	348	0.7044825577161169	0.9971264367816092	0.9971264367816092	0.0	0.9971264367816092	0.8275862068965517	0.9971264367816092	0.0	0.8275862068965517	1.0011524279648425	0.09770114942528736	0.0028735632183908046	0.0	1.1563218390804597
infection_study_01	Myeloid_lineage	18	Non-Classical Monocyte	3	348	0.7535139465443158	0.9626436781609196	0.9626436781609196	0.0	0.9626436781609196	0.40373563218390807	0.9626436781609196	0.0	0.40373563218390807	0.9890791348950762	0.020114942528735632	0.017241379310344827	0.0	1.0120689655172415
infection_study_01	Myeloid_lineage	18	Conventional DC 2	4	348	0.46169252057388394	0.46169252057388394	0.46169252057388394	0.0	0.06321839080459771	0.02203065134099617	0.06321839080459771	0.0	0.02203065134099617	0.4309417714941697	0.008620689655172414	0.008620689655172414	0.0	0.4841063136773322
infection_study_01	Myeloid_lineage	18	Conventional DC 1	5	348	0.4703590415847353	0.4703590415847353	0.4703590415847353	0.0	0.0028735632183908046	0.0009578544061302681	0.0028735632183908046	0.0	0.0009578544061302681	0.0829841304630962	0.0	0.0	0.0	0.4703590415847353
infection_study_01	Myeloid_lineage	18	Plasmacytoid DC	6	348	0.3185037506372442	0.3185037506372442	0.3185037506372442	0.0	0.28735632183908044	0.08189655172413793	0.28735632183908044	0.0	0.08189655172413793	0.5748971388285061	0.0	0.0	0.0	0.3185037506372442
infection_study_01	Myeloid_lineage	19	Classical Monocyte	1	340	0.7698547083242299	1.0	1.0	0.0	1.0	0.963529411764706	1.0	0.0	0.963529411764706	1.0022510838968963	0.8852941176470588	0.9941176470588236	0.0	3.4105882352941177
infection_study_01	Myeloid_lineage	19	Intermediate Monocyte	2	340	0.8208706576360061	0.9941176470588236	0.9941176470588236	0.0	0.9941176470588236	0.8669117647058824	0.9941176470588236	0.0	0.8669117647058824	0.9981614855903891	0.29705882352941176	0.24411764705882352	0.0	1.713529411764706
infection_study_01	Myeloid_lineage	19	Non-Classical Monocyte	3	340	0.7827907654213094	0.9705882352941176	0.9705882352941176	0.0	0.9705882352941176	0.5036764705882353	0.9705882352941176	0.0	0.5036764705882353	0.9971579368992033	0.15588235294117647	0.1323529411764706	0.0	1.3523529411764705
infection_study_01	Myeloid_lineage	19	Plasmacytoid DC	4	340	0.4781834899133348	0.5	0.5	0.0	0.5	0.14558823529411766	0.5	0.0	0.14558823529411766	0.9860141495871981	0.008823529411764706	0.008823529411764706	0.0	0.5229411764705882
infection_study_01	Myeloid_lineage	19	Conventional DC 1	5	340	0.4703590415847353	0.4703590415847353	0.4703590415847353	0.0	0.17058823529411765	0.057843137254901957	0.17058823529411765	0.0	0.057843137254901957	1.1640877838964478	0.0058823529411764705	0.0058823529411764705	0.0	0.48565315923179414
infection_study_01	Myeloid_lineage	19	Conventional DC 2	6	340	0.46169252057388394	0.46169252057388394	0.46169252057388394	0.0	0.16176470588235295	0.06568627450980392	0.16176470588235295	0.0	0.06568627450980392	1.0109562067631257	0.008823529411764706	0.0058823529411764705	0.0	0.48169252057388395
infection_study_01	Myeloid_lineage	2	Non-Classical Monocyte	1	1344	0.9775781079309591	1.0	1.0	0.0	1.0	0.8286830357142857	1.0	0.0	0.8286830357142857	1.0270666932549082	0.9933035714285714	0.9784226190476191	0.0	3.5677083333333335
infection_study_01	Myeloid_lineage	2	Classical Monocyte	2	1344	0.629114776782463	0.9985119047619048	0.9985119047619048	0.0	0.9985119047619048	0.7738095238095237	0.9985119047619048	0.0	0.7738095238095237	1.0007744056143986	0.047619047619047616	1.0	0.0	2.074702380952381
infection_study_01	Myeloid_lineage	2	Intermediate Monocyte	3	1344	0.9699857985580074	1.0	1.0	0.0	1.0	0.9793526785714286	1.0	0.0	0.9793526785714286	1.0040089459629162	0.21726190476190477	0.2105654761904762	0.0	1.558184523809524
infection_study_01	Myeloid_lineage	2	Conventional DC 1	4	1344	0.9554020100502513	0.9554020100502513	0.9554020100502513	0.0	0.5669642857142857	0.18923611111111113	0.5669642857142857	0.0	0.18923611111111113	3.7191629656863765	0.000744047619047619	0.0	0.0	0.9565924862407275
infection_study_01	Myeloid_lineage	2	Plasmacytoid DC	5	1344	0.6768034010632875	0.6768034010632875	0.6768034010632875	0.0	0.6376488095238095	0.1869419642857143	0.6376488095238095	0.0	0.1869419642857143	1.25213900030153	0.000744047619047619	0.0	0.0	0.6779938772537637
infection_study_01	Myeloid_lineage	2	Conventional DC 2	6	1344	0.46169252057388394	0.46169252057388394	0.46169252057388394	0.0	0.050595238095238096	0.01785714285714286	0.050595238095238096	0.0	0.01785714285714286	0.35664563181349174	0.001488095238095238	0.001488095238095238	0.0	0.46556156819293154
infection_study_01	Myeloid_lineage	20	Non-Classical Monocyte	1	283	0.995229772048649	1.0	1.0	0.0	1.0	0.941696113074205	1.0	0.0	0.941696113074205	1.0270666932549082	0.9929328621908127	0.950530035335689	0.0	3.5392226148409893
infection_study_01	Myeloid_lineage	20	Classical Monocyte	2	283	0.6484961037069406	1.0	1.0	0.0	1.0	0.8183745583038868	1.0	0.0	0.8183745583038868	1.0022510838968963	0.07773851590106007	1.0	0.0	2.1243816254416963
infection_study_01	Myeloid_lineage	20	Intermediate Monocyte	3	283	0.9787160439880562	1.0	1.0	0.0	1.0	0.9770318021201414	1.0	0.0	0.9770318021201414	1.0040089459629162	0.20141342756183744	0.19081272084805653	0.0	1.5130742049469965
infection_study_01	Myeloid_lineage	20	Conventional DC 1	4	283	0.9518334425751949	0.9518334425751949	0.9518334425751949	0.0	0.5371024734982333	0.17903415783274443	0.5371024734982333	0.0	0.17903415783274443	3.52667107523127	0.0	0.0	0.0	0.9518334425751949
infection_study_01	Myeloid_lineage	20	Plasmacytoid DC	5	283	0.686785376156143	0.686785376156143	0.686785376156143	0.0	0.6678445229681979	0.19257950530035334	0.6678445229681979	0.0	0.19257950530035334	1.3105182173859364	0.0	0.0	0.0	0.686785376156143
infection_study_01	Myeloid_lineage	20	Conventional DC 2	6	283	0.46169252057388394	0.46169252057388394	0.46169252057388394	0.0	0.09187279151943463	0.030624263839811542	0.09187279151943463	0.0	0.030624263839811542	0.5995930907796546	0.0176678445229682	0.0176678445229682	0.0	0.5076289163336013
infection_study_01	Myeloid_lineage	21	Non-Classical Monocyte	1	274	0.9765312067584297	1.0	1.0	0.0	1.0	0.864963503649635	1.0	0.0	0.864963503649635	1.0270666932549082	0.9306569343065694	0.8759124087591241	0.0	3.3649635036496353
infection_study_01	Myeloid_lineage	21	Classical Monocyte	2	274	0.644399533901391	0.9963503649635036	0.9963503649635036	0.0	0.9963503649635036	0.8138686131386862	0.9963503649635036	0.0	0.8138686131386862	0.9986294495690184	0.21897810218978103	0.9744525547445255	0.0	2.321167883211679
infection_study_01	Myeloid_lineage	21	Intermediate Monocyte	3	274	0.9756754788434928	0.9963503649635036	0.9963503649635036	0.0	0.9963503649635036	0.9680656934306568	0.9963503649635036	0.0	0.9680656934306568	1.0003809596003992	0.4781021897810219	0.46715328467153283	0.0	2.2284671532846714
infection_study_01	Myeloid_lineage	21	Conventional DC 1	4	274	0.9429302308644673	0.9429302308644673	0.9429302308644673	0.0	0.5072992700729927	0.16909975669099755	0.5072992700729927	0.0	0.16909975669099755	3.3345569822406653	0.0	0.0	0.0	0.9429302308644673
infection_study_01	Myeloid_lineage	21	Plasmacytoid DC	5	274	0.7079965042604326	0.718978102189781	0.718978102189781	0.0	0.718978102189781	0.23722627737226276	0.718978102189781	0.0	0.23722627737226276	1.4093778892124442	0.0036496350364963502	0.0036496350364963502	0.0	0.7284671532846715
infection_study_01	Myeloid_lineage	21	Conventional DC 2	6	274	0.46169252057388394	0.46169252057388394	0.46169252057388394	0.0	0.25547445255474455	0.09610705596107055	0.25547445255474455	0.0	0.09610705596107055	1.5625040322957027	0.0072992700729927005	0.0072992700729927005	0.0	0.48067062276366496
infection_study_01	Myeloid_lineage	22	Classical Monocyte	1	252	0.7467045371786468	1.0	1.0	0.0	1.0	0.9531746031746031	1.0	0.0	0.9531746031746031	1.0022510838968963	0.876984126984127	0.9484126984126984	0.0	3.3515873015873017
infection_study_01	Myeloid_lineage	22	Intermediate Monocyte	2	252	0.7971833806714733	1.0	1.0	0.0	1.0	0.9037698412698413	1.0	0.0	0.9037698412698413	1.0040089459629162	0.26587301587301587	0.1746031746031746	0.0	1.6
infection_study_01	Myeloid_lineage	22	Non-Classical Monocyte	3	252	0.8069423202971379	0.996031746031746	0.996031746031746	0.0	0.996031746031746	0.621031746031746	0.996031746031746	0.0	0.621031746031746	1.02303138485771	0.15079365079365079	0.14285714285714285	0.0	1.3801587301587301
infection_study_01	Myeloid_lineage	22	Plasmacytoid DC	4	252	0.6415592455028767	0.6415592455028767	0.6415592455028767	0.0	0.5436507936507936	0.16865079365079366	0.5436507936507936	0.0	0.16865079365079366	1.07040689503895	0.007936507936507936	0.003968253968253968	0.0	0.6582259121695434
infection_study_01	Myeloid_lineage	22	Conventional DC 2	5	252	0.46169252057388394	0.46169252057388394	0.46169252057388394	0.0	0.26587301587301587	0.12962962962962962	0.26587301587301587	0.0	0.12962962962962962	1.6237068974246198	0.05952380952380952	0.05555555555555555	0.0	0.6124861713675347
infection_study_01	Myeloid_lineage	22	Conventional DC 1	6	252	0.4703590415847353	0.4703590415847353	0.4703590415847353	0.0	0.1746031746031746	0.06084656084656085	0.1746031746031746	0.0	0.06084656084656085	1.1899684388302916	0.003968253968253968	0.003968253968253968	0.0	0.48067650190219563
infection_study_01	Myeloid_lineage	23	Classical Monocyte	1	250	0.8737892360352487	1.0	1.0	0.0	1.0	0.9216	1.0	0.0	0.9216	1.0022510838968963	1.0	1.0	0.0	3.6
infection_study_01	Myeloid_lineage	23	Intermediate Monocyte	2	250	0.6453417449566674	0.916	0.916	0.0	0.916	0.557	0.916	0.0	0.557	0.9205072118432281	0.032	0.0	0.0	0.9672000000000001
infection_study_01	Myeloid_lineage	23	Non-Classical Monocyte	3	250	0.5386033428009613	0.632	0.632	0.0	0.632	0.221	0.632	0.0	0.221	0.6528483337323279	0.004	0.004	0.0	0.6424
infection_study_01	Myeloid_lineage	23	Conventional DC 1	4	250	0.4703590415847353	0.4703590415847353	0.4703590415847353	0.0	0.004	0.0013333333333333333	0.004	0.0	0.0013333333333333333	0.09024524187861713	0.0	0.0	0.0	0.4703590415847353
infection_study_01	Myeloid_lineage	23	Conventional DC 2	5	250	0.46169252057388394	0.46169252057388394	0.46169252057388394	0.0	0.012	0.004	0.012	0.0	0.004	0.1294854867566469	0.0	0.0	0.0	0.46169252057388394
infection_study_01	Myeloid_lineage	23	Plasmacytoid DC	6	250	0.3185037506372442	0.352	0.352	0.0	0.352	0.11499999999999999	0.352	0.0	0.11499999999999999	0.6998767100991484	0.004	0.0	0.0	0.3584
infection_study_01	Myeloid_lineage	24	Classical Monocyte	1	199	0.8690372150608113	1.0	1.0	0.0	1.0	0.9969849246231156	1.0	0.0	0.9969849246231156	1.0022510838968963	1.0	1.0	0.0	3.6
infection_study_01	Myeloid_lineage	24	Intermediate Monocyte	2	199	0.7778202607239094	1.0	1.0	0.0	1.0	0.885678391959799	1.0	0.0	0.885678391959799	1.0040089459629162	0.07035175879396985	0.0	0.0	1.1125628140703518
infection_study_01	Myeloid_lineage	24	Non-Classical Monocyte	3	199	0.8167285703881727	0.9949748743718593	0.9949748743718593	0.0	0.9949748743718593	0.5477386934673367	0.9949748743718593	0.0	0.5477386934673367	1.0219566544805665	0.01507537688442211	0.0	0.0	1.0190954773869347
infection_study_01	Myeloid_lineage	24	Plasmacytoid DC	4	199	0.6563068968028548	0.6563068968028548	0.6563068968028548	0.0	0.542713567839196	0.15326633165829145	0.542713567839196	0.0	0.15326633165829145	1.0685948991338647	0.0	0.0	0.0	0.6563068968028548
infection_study_01	Myeloid_lineage	24	Conventional DC 2	5	199	0.46169252057388394	0.46169252057388394	0.46169252057388394	0.0	0.2562814070351759	0.08877721943048576	0.2562814070351759	0.0	0.08877721943048576	1.5672535274633894	0.010050251256281407	0.0	0.0	0.47777292258393417
infection_study_01	Myeloid_lineage	24	Conventional DC 1	6	199	0.4703590415847353	0.4703590415847353	0.4703590415847353	0.0	0.04020100502512563	0.01340033500837521	0.04020100502512563	0.0	0.01340033500837521	0.32360013150300976	0.0	0.0	0.0	0.4703590415847353
infection_study_01	Myeloid_lineage	25	Non-Classical Monocyte	1	135	0.9474546646274853	1.0	1.0	0.0	1.0	0.7444444444444445	1.0	0.0	0.7444444444444445	1.0270666932549082	0.7333333333333333	0.7185185185185186	0.0	2.891851851851852
infection_study_01	Myeloid_lineage	25	Classical Monocyte	2	135	0.670690408564562	1.0	1.0	0.0	1.0	0.9022222222222223	1.0	0.0	0.9022222222222223	1.0022510838968963	0.5333333333333333	0.9851851851851852	0.0	2.8385185185185184
infection_study_01	Myeloid_lineage	25	Intermediate Monocyte	3	135	0.9598900298594422	1.0	1.0	0.0	1.0	0.9722222222222222	1.0	0.0	0.9722222222222222	1.0040089459629162	0.725925925925926	0.5481481481481482	0.0	2.70962962962963
infection_study_01	Myeloid_lineage	25	Plasmacytoid DC	4	135	0.6606674677736508	0.6606674677736508	0.6606674677736508	0.0	0.6444444444444445	0.2	0.6444444444444445	0.0	0.2	1.2652774163548142	0.0	0.0	0.0	0.6606674677736508
infection_study_01	Myeloid_lineage	25	Conventional DC 2	5	135	0.46169252057388394	0.46169252057388394	0.46169252057388394	0.0	0.4222222222222222	0.17530864197530863	0.4222222222222222	0.0	0.17530864197530863	2.5439320377947294	0.05185185185185185	0.05185185185185185	0.0	0.5965073353886987
infection_study_01	Myeloid_lineage	25	Conventional DC 1	6	135	0.4703590415847353	0.4703590415847353	0.4703590415847353	0.0	0.45185185185185184	0.15061728395061727	0.45185185185185184	0.0	0.15061728395061727	2.9771380058898296	0.0	0.0	0.0	0.4703590415847353
infection_study_01	Myeloid_lineage	26	Classical Monocyte	1	118	0.6748871167431361	1.0	1.0	0.0	1.0	0.9186440677966102	1.0	0.0	0.9186440677966102	1.0022510838968963	0.9491525423728814	1.0	0.0	3.51864406779661
infection_study_01	Myeloid_lineage	26	Non-Classical Monocyte	2	118	0.9721251183453499	1.0	1.0	0.0	1.0	0.8919491525423728	1.0	0.0	0.8919491525423728	1.0270666932549082	0.940677966101695	0.940677966101695	0.0	3.445762711864407
infection_study_01	Myeloid_lineage	26	Intermediate Monocyte	3	118	0.9715515985725731	1.0	1.0	0.0	1.0	0.9809322033898306	1.0	0.0	0.9809322033898306	1.0040089459629162	0.9322033898305084	0.9152542372881356	0.0	3.406779661016949
infection_study_01	Myeloid_lineage	26	Conventional DC 1	4	118	0.9561940135459908	0.9561940135459908	0.9561940135459908	0.0	0.5508474576271186	0.18361581920903955	0.5508474576271186	0.0	0.18361581920903955	3.6152724621833423	0.0	0.0	0.0	0.9561940135459908
infection_study_01	Myeloid_lineage	26	Plasmacytoid DC	5	118	0.731574539363484	0.7627118644067796	0.7627118644067796	0.0	0.7627118644067796	0.22033898305084745	0.7627118644067796	0.0	0.22033898305084745	1.493931042860763	0.0	0.0	0.0	0.7627118644067796
infection_study_01	Myeloid_lineage	26	Conventional DC 2	6	118	0.46169252057388394	0.46169252057388394	0.46169252057388394	0.0	0.211864406779661	0.07344632768361582	0.211864406779661	0.0	0.07344632768361582	1.305828213901778	0.0	0.0	0.0	0.46169252057388394
infection_study_01	Myeloid_lineage	27	Plasmacytoid DC	1	107	0.9990168232466681	0.9990168232466681	0.9990168232466681	0.0	0.9813084112149533	0.8691588785046729	0.9813084112149533	0.0	0.8691588785046729	1.9165570981622522	0.9345794392523364	0.8878504672897196	0.0	3.382194393340126
infection_study_01	Myeloid_lineage	27	Conventional DC 2	2	107	0.9388427645473746	0.9388427645473746	0.9388427645473746	0.0	0.5700934579439252	0.2118380062305296	0.5700934579439252	0.0	0.2118380062305296	3.414258353009801	0.8785046728971962	0.056074766355140186	0.0	2.400525007538029
infection_study_01	Myeloid_lineage	27	Intermediate Monocyte	3	107	0.6030332823537979	0.9906542056074766	0.9906542056074766	0.0	0.9906542056074766	0.4649532710280374	0.9906542056074766	0.0	0.4649532710280374	0.9947185883617047	0.04672897196261682	0.0	0.0	1.0654205607476634
infection_study_01	Myeloid_lineage	27	Classical Monocyte	4	107	0.32674240769062707	0.6635514018691588	0.6635514018691588	0.0	0.6635514018691588	0.30841121495327106	0.6635514018691588	0.0	0.30841121495327106	0.6683837847362758	0.16822429906542055	0.04672897196261682	0.0	0.9794392523364486
infection_study_01	Myeloid_lineage	27	Non-Classical Monocyte	5	107	0.3473709125336829	0.616822429906542	0.616822429906542	0.0	0.616822429906542	0.21028037383177567	0.616822429906542	0.0	0.21028037383177567	0.6374142973684342	0.009345794392523364	0.0	0.0	0.6317757009345794
infection_study_01	Myeloid_lineage	27	Conventional DC 1	6	107	0.4703590415847353	0.4703590415847353	0.4703590415847353	0.0	0.04672897196261682	0.018691588785046728	0.04672897196261682	0.0	0.018691588785046728	0.36567998544940317	0.018691588785046728	0.009345794392523364	0.0	0.5096113780333335
infection_study_01	Myeloid_lineage	28	Classical Monocyte	1	72	0.6891158692010779	1.0	1.0	0.0	1.0	0.6111111111111112	1.0	0.0	0.6111111111111112	1.0022510838968963	1.0	0.9861111111111112	0.0	3.5861111111111112
infection_study_01	Myeloid_lineage	28	Intermediate Monocyte	2	72	0.48806077488893745	0.8333333333333334	0.8333333333333334	0.0	0.8333333333333334	0.2743055555555556	0.8333333333333334	0.0	0.2743055555555556	0.8383309020746462	0.0	0.0	0.0	0.8333333333333334
infection_study_01	Myeloid_lineage	28	Non-Classical Monocyte	3	72	0.7368272522030442	0.8194444444444444	0.8194444444444444	0.0	0.8194444444444444	0.2881944444444444	0.8194444444444444	0.0	0.2881944444444444	0.8434601611823861	0.0	0.0	0.0	0.8194444444444444
infection_study_01	Myeloid_lineage	28	Conventional DC 1	4	72	0.4703590415847353	0.4703590415847353	0.4703590415847353	0.0	0.0	0.0	0.0	0.0	0.0	0.06446088705615509	0.0	0.0	0.0	0.4703590415847353
infection_study_01	Myeloid_lineage	28	Conventional DC 2	5	72	0.46169252057388394	0.46169252057388394	0.46169252057388394	0.0	0.0	0.0	0.0	0.0	0.0	0.0588570394348395	0.0	0.0	0.0	0.46169252057388394
infection_study_01	Myeloid_lineage	28	Plasmacytoid DC	6	72	0.3185037506372442	0.3185037506372442	0.3185037506372442	0.0	0.041666666666666664	0.010416666666666666	0.041666666666666664	0.0	0.010416666666666666	0.09989032234380112	0.0	0.0	0.0	0.3185037506372442
infection_study_01	Myeloid_lineage	29	Classical Monocyte	1	46	0.7371549777874882	1.0	1.0	0.0	1.0	0.9782608695652174	1.0	0.0	0.9782608695652174	1.0022510838968963	0.9130434782608695	0.9782608695652174	0.0	3.4391304347826086
infection_study_01	Myeloid_lineage	29	Intermediate Monocyte	2	46	0.8461146311266478	1.0	1.0	0.0	1.0	0.9293478260869565	1.0	0.0	0.9293478260869565	1.0040089459629162	0.3695652173913043	0.13043478260869565	0.0	1.7217391304347827
infection_study_01	Myeloid_lineage	29	Non-Classical Monocyte	3	46	0.7468638482266404	0.9782608695652174	0.9782608695652174	0.0	0.9782608695652174	0.5380434782608696	0.9782608695652174	0.0	0.5380434782608696	1.004960221165909	0.1956521739130435	0.1956521739130435	0.0	1.4869565217391305
infection_study_01	Myeloid_lineage	29	Plasmacytoid DC	4	46	0.7897276236253732	0.8043478260869565	0.8043478260869565	0.0	0.8043478260869565	0.2934782608695652	0.8043478260869565	0.0	0.2934782608695652	1.5744283906025764	0.0	0.0	0.0	0.8043478260869565
infection_study_01	Myeloid_lineage	29	Conventional DC 2	5	46	0.46169252057388394	0.46169252057388394	0.46169252057388394	0.0	0.2826086956521739	0.11594202898550725	0.2826086956521739	0.0	0.11594202898550725	1.7222081538976948	0.021739130434782608	0.021739130434782608	0.0	0.5182142597043187
infection_study_01	Myeloid_lineage	29	Conventional DC 1	6	46	0.4703590415847353	0.4703590415847353	0.4703590415847353	0.0	0.15217391304347827	0.050724637681159424	0.15217391304347827	0.0	0.050724637681159424	1.0453874292150371	0.0	0.0	0.0	0.4703590415847353
infection_study_01	Myeloid_lineage	3	Classical Monocyte	1	1338	0.8145983540892869	1.0	1.0	0.0	1.0	0.9940209267563528	1.0	0.0	0.9940209267563528	1.0022510838968963	0.9917787742899851	1.0	0.0	3.5868460388639765
infection_study_01	Myeloid_lineage	3	Intermediate Monocyte	2	1338	0.8907581385186804	1.0	1.0	0.0	1.0	0.937406576980568	1.0	0.0	0.937406576980568	1.0040089459629162	0.2623318385650224	0.13602391629297458	0.0	1.5557548579970104
infection_study_01	Myeloid_lineage	3	Non-Classical Monocyte	3	1338	0.8554548102833006	0.9985052316890882	0.9985052316890882	0.0	0.9985052316890882	0.5896860986547086	0.9985052316890882	0.0	0.5896860986547086	1.0255466667734523	0.07847533632286996	0.07174887892376682	0.0	1.195814648729447
infection_study_01	Myeloid_lineage	3	Plasmacytoid DC	4	1338	0.6871131017405869	0.6871131017405869	0.6871131017405869	0.0	0.6569506726457399	0.20497010463378176	0.6569506726457399	0.0	0.20497010463378176	1.2894564711870569	0.004484304932735426	0.004484304932735426	0.0	0.698772294565699
infection_study_01	Myeloid_lineage	3	Conventional DC 2	5	1338	0.46169252057388394	0.46169252057388394	0.46169252057388394	0.0	0.23617339312406577	0.09516691579471849	0.23617339312406577	0.0	0.09516691579471849	1.4489037106911387	0.04708520179372197	0.04708520179372197	0.0	0.584114045237561
infection_study_01	Myeloid_lineage	3	Conventional DC 1	6	1338	0.4703590415847353	0.4703590415847353	0.4703590415847353	0.0	0.18684603886397608	0.06253114100647733	0.18684603886397608	0.0	0.06253114100647733	1.2688870278662279	0.0	0.0	0.0	0.4703590415847353
infection_study_01	Myeloid_lineage	30	Conventional DC 1	1	34	0.9995266186002476	1.0	1.0	0.0	1.0	0.8725490196078431	1.0	0.0	0.8725490196078431	6.510549592671664	1.0	1.0	0.0	3.6
infection_study_01	Myeloid_lineage	30	Conventional DC 2	2	34	0.46169252057388394	0.46169252057388394	0.46169252057388394	0.0	0.14705882352941177	0.049019607843137254	0.14705882352941177	0.0	0.049019607843137254	0.9244017370060087	1.0	0.0	0.0	2.061692520573884
infection_study_01	Myeloid_lineage	30	Intermediate Monocyte	3	34	0.6585190444978516	1.0	1.0	0.0	1.0	0.5735294117647058	1.0	0.0	0.5735294117647058	1.0040089459629162	0.029411764705882353	0.0	0.0	1.0470588235294118
infection_study_01	Myeloid_lineage	30	Non-Classical Monocyte	4	34	0.3782772558444396	0.9705882352941176	0.9705882352941176	0.0	0.9705882352941176	0.29411764705882354	0.9705882352941176	0.0	0.29411764705882354	0.9971579368992033	0.029411764705882353	0.0	0.0	1.0176470588235293
infection_study_01	Myeloid_lineage	30	Classical Monocyte	5	34	0.5788635205010559	1.0	1.0	0.0	1.0	0.4117647058823529	1.0	0.0	0.4117647058823529	1.0022510838968963	0.0	0.0	0.0	1.0
infection_study_01	Myeloid_lineage	30	Plasmacytoid DC	6	34	0.6857020610297866	0.8823529411764706	0.8823529411764706	0.0	0.8823529411764706	0.375	0.8823529411764706	0.0	0.375	1.725240443972064	0.0	0.0	0.0	0.8823529411764706
infection_study_01	Myeloid_lineage	31	Classical Monocyte	1	14	0.7021793751365524	1.0	1.0	0.0	1.0	0.6571428571428571	1.0	0.0	0.6571428571428571	1.0022510838968963	1.0	0.7857142857142857	0.0	3.3857142857142857
infection_study_01	Myeloid_lineage	31	Non-Classical Monocyte	2	14	0.6872041366251548	0.7142857142857143	0.7142857142857143	0.0	0.7142857142857143	0.26785714285714285	0.7142857142857143	0.0	0.26785714285714285	0.7365244886566316	0.0	0.0	0.0	0.7142857142857143
infection_study_01	Myeloid_lineage	31	Intermediate Monocyte	3	14	0.5023805622314471	0.7142857142857143	0.7142857142857143	0.0	0.7142857142857143	0.3035714285714286	0.7142857142857143	0.0	0.3035714285714286	0.7199894421544534	0.0	0.0	0.0	0.7142857142857143
infection_study_01	Myeloid_lineage	31	Conventional DC 1	4	14	0.4703590415847353	0.4703590415847353	0.4703590415847353	0.0	0.07142857142857142	0.023809523809523808	0.07142857142857142	0.0	0.023809523809523808	0.5248957946001199	0.0	0.0	0.0	0.4703590415847353
infection_study_01	Myeloid_lineage	31	Conventional DC 2	5	14	0.46169252057388394	0.46169252057388394	0.46169252057388394	0.0	0.0	0.0	0.0	0.0	0.0	0.0588570394348395	0.0	0.0	0.0	0.46169252057388394
infection_study_01	Myeloid_lineage	31	Plasmacytoid DC	6	14	0.3185037506372442	0.3185037506372442	0.3185037506372442	0.0	0.2857142857142857	0.07142857142857142	0.2857142857142857	0.0	0.07142857142857142	0.5717224900967788	0.0	0.0	0.0	0.3185037506372442
infection_study_01	Myeloid_lineage	4	Classical Monocyte	1	1317	0.7898368654868546	1.0	1.0	0.0	1.0	0.9940774487471525	1.0	0.0	0.9940774487471525	1.0022510838968963	0.9984813971146546	0.996962794229309	0.0	3.5945330296127564
infection_study_01	Myeloid_lineage	4	Intermediate Monocyte	2	1317	0.8541621149224383	0.9992406985573272	0.9992406985573272	0.0	0.9992406985573272	0.9075550493545939	0.9992406985573272	0.0	0.9075550493545939	1.0032541484964548	0.3219438116932422	0.015945330296127564	0.0	1.5302961275626423
infection_study_01	Myeloid_lineage	4	Non-Classical Monocyte	3	1317	0.7560629233122133	0.9901290812452543	0.9901290812452543	0.0	0.9901290812452543	0.45975702353834474	0.9901290812452543	0.0	0.45975702353834474	1.0170289785174582	0.009111617312072893	0.007593014426727411	0.0	1.0123006833712984
infection_study_01	Myeloid_lineage	4	Conventional DC 2	4	1317	0.46169252057388394	0.46169252057388394	0.46169252057388394	0.0	0.19817767653758542	0.08402935965578334	0.19817767653758542	0.0	0.08402935965578334	1.2252721717425927	0.0425208807896735	0.0425208807896735	0.0	0.5722468106270351
infection_study_01	Myeloid_lineage	4	Plasmacytoid DC	5	1317	0.3185037506372442	0.48899012908124523	0.48899012908124523	0.0	0.48899012908124523	0.14047076689445712	0.48899012908124523	0.0	0.14047076689445712	0.9647280936832358	0.0	0.0	0.0	0.48899012908124523
infection_study_01	Myeloid_lineage	4	Conventional DC 1	6	1317	0.4703590415847353	0.4703590415847353	0.4703590415847353	0.0	0.09870918754745633	0.0331561629967097	0.09870918754745633	0.0	0.0331561629967097	0.7007490660462964	0.0	0.0	0.0	0.4703590415847353
infection_study_01	Myeloid_lineage	5	Classical Monocyte	1	1195	0.8503750637244192	0.999163179916318	0.999163179916318	0.0	0.999163179916318	0.9882845188284518	0.999163179916318	0.0	0.9882845188284518	1.0014206840593745	0.9974895397489539	1.0	0.0	3.5951464435146447
infection_study_01	Myeloid_lineage	5	Intermediate Monocyte	2	1195	0.7516022139683927	0.994142259414226	0.994142259414226	0.0	0.994142259414226	0.8361924686192468	0.994142259414226	0.0	0.8361924686192468	0.9981859519517804	0.10209205020920502	0.008368200836820083	0.0	1.165857740585774
infection_study_01	Myeloid_lineage	5	Non-Classical Monocyte	3	1195	0.7232448474255334	0.9765690376569037	0.9765690376569037	0.0	0.9765690376569037	0.42635983263598326	0.9765690376569037	0.0	0.42635983263598326	1.0032398011623298	0.0100418410041841	0.0066945606694560665	0.0	0.9993305439330543
infection_study_01	Myeloid_lineage	5	Conventional DC 2	4	1195	0.46169252057388394	0.46169252057388394	0.46169252057388394	0.0	0.0794979079497908	0.02845188284518828	0.0794979079497908	0.0	0.02845188284518828	0.5267581897536472	0.0033472803347280333	0.0033472803347280333	0.0	0.4703954494441768
infection_study_01	Myeloid_lineage	5	Conventional DC 1	5	1195	0.4703590415847353	0.4703590415847353	0.4703590415847353	0.0	0.04769874476987448	0.016457461645746164	0.04769874476987448	0.0	0.016457461645746164	0.37193122698927983	0.0	0.0	0.0	0.4703590415847353
infection_study_01	Myeloid_lineage	5	Plasmacytoid DC	6	1195	0.3185037506372442	0.3598326359832636	0.3598326359832636	0.0	0.3598326359832636	0.09874476987447699	0.3598326359832636	0.0	0.09874476987447699	0.7150200236443714	0.0	0.0	0.0	0.3598326359832636
infection_study_01	Myeloid_lineage	6	Classical Monocyte	1	1189	0.7767642560629233	1.0	1.0	0.0	1.0	0.9888982338099244	1.0	0.0	0.9888982338099244	1.0022510838968963	0.992430613961312	1.0	0.0	3.5878889823380993
infection_study_01	Myeloid_lineage	6	Intermediate Monocyte	2	1189	0.8705848080984633	1.0	1.0	0.0	1.0	0.8952901597981497	1.0	0.0	0.8952901597981497	1.0040089459629162	0.37510513036164844	0.07148864592094197	0.0	1.6716568544995796
infection_study_01	Myeloid_lineage	6	Non-Classical Monocyte	3	1189	0.7627084698856602	0.9932716568544996	0.9932716568544996	0.0	0.9932716568544996	0.4558452481076535	0.9932716568544996	0.0	0.4558452481076535	1.0202246564771522	0.05550883095037847	0.05550883095037847	0.0	1.1375946173254836
infection_study_01	Myeloid_lineage	6	Conventional DC 2	4	1189	0.46169252057388394	0.46169252057388394	0.46169252057388394	0.0	0.23717409587888982	0.09419680403700588	0.23717409587888982	0.0	0.09419680403700588	1.4547935508414618	0.10849453322119428	0.10849453322119428	0.0	0.743778306948989
infection_study_01	Myeloid_lineage	6	Conventional DC 1	5	1189	0.4703590415847353	0.4703590415847353	0.4703590415847353	0.0	0.05971404541631623	0.019904681805438744	0.05971404541631623	0.0	0.019904681805438744	0.4493829207808827	0.0008410428931875525	0.0008410428931875525	0.0	0.4725457531070229
infection_study_01	Myeloid_lineage	6	Plasmacytoid DC	6	1189	0.3185037506372442	0.40706476030277544	0.40706476030277544	0.0	0.40706476030277544	0.11417157275021025	0.40706476030277544	0.0	0.11417157275021025	0.8063367744171172	0.00336417157275021	0.00336417157275021	0.0	0.415811606391926
infection_study_01	Myeloid_lineage	7	Classical Monocyte	1	1073	0.958997887990678	1.0	1.0	0.0	1.0	0.9994408201304754	1.0	0.0	0.9994408201304754	1.0022510838968963	0.9990680335507922	0.9990680335507922	0.0	3.59757688723206
infection_study_01	Myeloid_lineage	7	Intermediate Monocyte	2	1073	0.7592309372951715	1.0	1.0	0.0	1.0	0.8842031686859273	1.0	0.0	0.8842031686859273	1.0040089459629162	0.0130475302889096	0.0	0.0	1.0208760484622554
infection_study_01	Myeloid_lineage	7	Non-Classical Monocyte	3	1073	0.7026982739785886	0.9953401677539608	0.9953401677539608	0.0	0.9953401677539608	0.4685461323392358	0.9953401677539608	0.0	0.4685461323392358	1.02232812048653	0.0	0.0	0.0	0.9953401677539608
infection_study_01	Myeloid_lineage	7	Plasmacytoid DC	4	1073	0.7274051416502804	0.7325256290773532	0.7325256290773532	0.0	0.7325256290773532	0.2271668219944082	0.7325256290773532	0.0	0.2271668219944082	1.4355701503949132	0.0	0.0	0.0	0.7325256290773532
infection_study_01	Myeloid_lineage	7	Conventional DC 1	5	1073	0.4703590415847353	0.4703590415847353	0.4703590415847353	0.0	0.07362534948741846	0.024852438645542093	0.07362534948741846	0.0	0.024852438645542093	0.5390564208339979	0.0	0.0	0.0	0.4703590415847353
infection_study_01	Myeloid_lineage	7	Conventional DC 2	6	1073	0.46169252057388394	0.46169252057388394	0.46169252057388394	0.0	0.0782851817334576	0.02640571606088847	0.0782851817334576	0.0	0.02640571606088847	0.5196204422798085	0.0009319664492078285	0.0009319664492078285	0.0	0.46411563334182426
infection_study_01	Myeloid_lineage	8	Classical Monocyte	1	1009	0.8173476076032336	1.0	1.0	0.0	1.0	0.9887016848364718	1.0	0.0	0.9887016848364718	1.0022510838968963	0.9831516352824579	0.998017839444995	0.0	3.5710604558969274
infection_study_01	Myeloid_lineage	8	Intermediate Monocyte	2	1009	0.850138373024543	1.0	1.0	0.0	1.0	0.9026263627353815	1.0	0.0	0.9026263627353815	1.0040089459629162	0.354806739345887	0.09613478691774034	0.0	1.6638255698711597
infection_study_01	Myeloid_lineage	8	Non-Classical Monocyte	3	1009	0.7982484888209161	0.9970267591674926	0.9970267591674926	0.0	0.9970267591674926	0.5356788899900892	0.9970267591674926	0.0	0.5356788899900892	1.024043211442934	0.07433102081268583	0.06838453914767097	0.0	1.184340931615461
infection_study_01	Myeloid_lineage	8	Conventional DC 2	4	1009	0.46169252057388394	0.46169252057388394	0.46169252057388394	0.0	0.20416253716551042	0.08060786257020153	0.20416253716551042	0.0	0.08060786257020153	1.2604972895415727	0.0753221010901883	0.0753221010901883	0.0	0.6575299834083735
infection_study_01	Myeloid_lineage	8	Conventional DC 1	5	1009	0.4703590415847353	0.4703590415847353	0.4703590415847353	0.0	0.2001982160555005	0.06706309877766765	0.2001982160555005	0.0	0.06706309877766765	1.3549563464558905	0.0019821605550049554	0.0019821605550049554	0.0	0.4755126590277482
infection_study_01	Myeloid_lineage	8	Plasmacytoid DC	6	1009	0.3185037506372442	0.3924677898909812	0.3924677898909812	0.0	0.3924677898909812	0.11149653121902875	0.3924677898909812	0.0	0.11149653121902875	0.7781155599717549	0.003964321110009911	0.003964321110009911	0.0	0.40277502477700694
infection_study_01	Myeloid_lineage	9	Classical Monocyte	1	1005	0.9335627412424441	1.0	1.0	0.0	1.0	0.9759203980099501	1.0	0.0	0.9759203980099501	1.0022510838968963	1.0	1.0	0.0	3.6
infection_study_01	Myeloid_lineage	9	Intermediate Monocyte	2	1005	0.7007137134950113	0.9940298507462687	0.9940298507462687	0.0	0.9940298507462687	0.7276119402985074	0.9940298507462687	0.0	0.7276119402985074	0.9980742100624408	0.03781094527363184	0.0	0.0	1.0545273631840797
infection_study_01	Myeloid_lineage	9	Non-Classical Monocyte	3	1005	0.6614594712693904	0.9283582089552239	0.9283582089552239	0.0	0.9283582089552239	0.3099502487562189	0.9283582089552239	0.0	0.3099502487562189	0.9542143195645941	0.0	0.0	0.0	0.9283582089552239
infection_study_01	Myeloid_lineage	9	Conventional DC 1	4	1005	0.4703590415847353	0.4703590415847353	0.4703590415847353	0.0	0.011940298507462687	0.003980099502487562	0.011940298507462687	0.0	0.003980099502487562	0.14142911040678804	0.0	0.0	0.0	0.4703590415847353
infection_study_01	Myeloid_lineage	9	Conventional DC 2	5	1005	0.46169252057388394	0.46169252057388394	0.46169252057388394	0.0	0.007960199004975124	0.0026533996683250414	0.007960199004975124	0.0	0.0026533996683250414	0.1057084141093386	0.0029850746268656717	0.0029850746268656717	0.0	0.4694537146037347
infection_study_01	Myeloid_lineage	9	Plasmacytoid DC	6	1005	0.3185037506372442	0.4039800995024876	0.4039800995024876	0.0	0.4039800995024876	0.11119402985074628	0.4039800995024876	0.0	0.11119402985074628	0.8003730112881744	0.0	0.0	0.0	0.4039800995024876
