study	lineage	cluster	candidate_label	rank_within_cluster	n_cells	marker_pct	marker_decision_score	marker_base_score	negative_marker_penalty	confound_marker_penalty	marker_penalty	marker_discriminative_score	marker_gate_score	key_marker_bonus	marker_any_fraction	marker_mean_positive_fraction	key_marker_any_fraction	key_marker_two_fraction	key_marker_max_fraction	key_marker_enrichment	negative_marker_any_fraction	negative_marker_mean_positive_fraction	confound_marker_any_fraction	confound_marker_mean_positive_fraction	available_negative_markers	available_confound_markers	available_policy_required_markers	policy_required_any_fraction	policy_required_mean_positive_fraction	ref_fraction	raw_fraction	screfmapping_fraction	total_score
infection_study_07	B_lineage	0	Plasma Cell	1	86	0.9235847624829261	0.9235847624829261	1.0	0.05271317829457364	0.06279069767441861	0.11550387596899225	0.8844961240310077	0.8844961240310077	0.0	0.9418604651162791	0.41162790697674423	0.8837209302325582	0.5581395348837209	0.5930232558139535	1.1037605478963004	0.11627906976744186	0.03875968992248063	0.13953488372093023	0.13953488372093023	MS4A1;CD79A;LST1	IRF7		0.0	0.0	0.0	0.0	0.0	0.8844961240310077
infection_study_07	B_lineage	0	Plasmablast	2	86	0.9001365912885111	0.9001365912885111	0.8787245582733144	0.034186046511627904	0.06279069767441861	0.09697674418604652	0.7817478140872679	0.7817478140872679	0.0	0.9534883720930233	0.3643410852713178	0.813953488372093	0.4186046511627907	0.5930232558139535	1.166061023790932	0.06976744186046512	0.03488372093023256	0.13953488372093023	0.13953488372093023	MS4A1;LST1	IRF7	MKI67;TOP2A;STMN1;PCLAF	0.686046511627907	0.2732558139534884	0.0	0.0	0.0	0.7817478140872679
infection_study_07	B_lineage	0	Memory B Cell	3	86	0.7074669904386097	0.7074669904386097	0.27906976744186046	0.26612403100775195	0.0	0.26612403100775195	0.012945736434108512	0.012945736434108512	0.0	0.6976744186046512	0.20736434108527135	0.13953488372093023	0.13953488372093023	0.13953488372093023	0.42699098383662737	0.5813953488372093	0.2054263565891473	0.0	0.0	TCL1A;IGHM;MZB1			0.0	0.0	0.0	0.0	0.0	0.012945736434108512
infection_study_07	B_lineage	0	Naive B Cell	4	86	0.5974351191379572	0.5974351191379572	0.046511627906976744	0.3122093023255814	0.20494186046511628	0.5171511627906977	0.0	0.0	0.0	0.45348837209302323	0.08527131782945736	0.046511627906976744	0.0	0.046511627906976744	0.44211770191078703	0.6162790697674418	0.3546511627906977	0.5232558139534884	0.31976744186046513	CD27;MZB1	ITGAX;TBX21		0.0	0.0	0.0	0.0	0.0	0.0
infection_study_07	B_lineage	1	Memory B Cell	1	80	0.9560631355289118	0.9560631355289118	0.9105313511922284	0.011333333333333334	0.0	0.011333333333333334	0.8991980178588951	0.8991980178588951	0.0	0.9375	0.25625000000000003	0.425	0.425	0.425	1.2421254047689136	0.025	0.008333333333333333	0.0	0.0	TCL1A;IGHM;MZB1			0.0	0.0	0.0	0.0	0.0	0.8991980178588951
infection_study_07	B_lineage	1	Plasmablast	2	80	0.41736227045075125	0.4625	0.4625	0.05512500000000001	0.0675	0.12262500000000001	0.33987500000000004	0.33987500000000004	0.0	0.7	0.1486111111111111	0.4625	0.1	0.3875	0.6686831738885763	0.1125	0.05625	0.15	0.15	MS4A1;LST1	IRF7	MKI67;TOP2A;STMN1;PCLAF	0.35	0.103125	0.0	0.0	0.0	0.33987500000000004
infection_study_07	B_lineage	1	Plasma Cell	3	80	0.42593716800728487	0.4375	0.4375	0.3879166666666667	0.0675	0.4554166666666667	0.0	0.0	0.0	0.4875	0.13	0.4375	0.0375	0.3875	0.5526701104057913	0.8375	0.3166666666666667	0.15	0.15	MS4A1;CD79A;LST1	IRF7		0.0	0.0	0.0	0.0	0.0	0.0
infection_study_07	B_lineage	1	Naive B Cell	4	80	0.9635756563970254	0.9635756563970254	0.025	0.20825	0.0046875	0.2129375	0.0	0.0	0.0	0.8875	0.1875	0.025	0.0	0.025	0.2738218688789031	0.425	0.2125	0.0125	0.00625	CD27;MZB1	ITGAX;TBX21		0.0	0.0	0.0	0.0	0.0	0.0
infection_study_07	B_lineage	10	Memory B Cell	1	31	0.8960388526331765	0.8960388526331765	0.8952111445582915	0.24344086021505376	0.0	0.24344086021505376	0.6517702843432378	0.6517702843432378	0.0	0.967741935483871	0.40322580645161293	0.41935483870967744	0.41935483870967744	0.41935483870967744	1.2260058685557464	0.5161290322580645	0.21505376344086022	0.0	0.0	TCL1A;IGHM;MZB1			0.0	0.0	0.0	0.0	0.0	0.6517702843432378
infection_study_07	B_lineage	10	Plasma Cell	2	31	0.9133404158445895	0.9133404158445895	0.7741935483870968	0.2410752688172043	0.058064516129032254	0.29913978494623655	0.4750537634408602	0.4750537634408602	0.0	0.9032258064516129	0.36129032258064514	0.7419354838709677	0.3870967741935484	0.5161290322580645	0.92865311036648	0.5161290322580645	0.20430107526881722	0.12903225806451613	0.12903225806451613	MS4A1;CD79A;LST1	IRF7		0.0	0.0	0.0	0.0	0.0	0.4750537634408602
infection_study_07	B_lineage	10	Plasmablast	3	31	0.9011989679769312	0.9011989679769312	0.7142997373178723	0.2564516129032258	0.058064516129032254	0.31451612903225806	0.39978360828561427	0.39978360828561427	0.0	0.967741935483871	0.3727598566308244	0.7096774193548387	0.2903225806451613	0.5161290322580645	1.0184892718521343	0.5161290322580645	0.27419354838709675	0.12903225806451613	0.12903225806451613	MS4A1;LST1	IRF7	MKI67;TOP2A;STMN1;PCLAF	0.6774193548387096	0.282258064516129	0.0	0.0	0.0	0.39978360828561427
infection_study_07	B_lineage	10	Naive B Cell	4	31	0.8902716648960388	0.8902716648960388	0.15096134904794295	0.36032258064516126	0.32419354838709674	0.6	0.0	0.0	0.0	0.7419354838709677	0.17204301075268816	0.12903225806451613	0.0	0.12903225806451613	1.0877163639337073	0.6774193548387096	0.467741935483871	0.8064516129032258	0.5483870967741935	CD27;MZB1	ITGAX;TBX21		0.0	0.0	0.0	0.0	0.0	0.0
infection_study_07	B_lineage	11	Plasma Cell	1	31	0.937016239186523	1.0	1.0	0.31419354838709673	0.13064516129032258	0.44483870967741934	0.5551612903225807	0.5551612903225807	0.0	1.0	0.3806451612903226	1.0	0.5483870967741935	0.7419354838709677	1.2473671765583223	0.6774193548387096	0.25806451612903225	0.2903225806451613	0.2903225806451613	MS4A1;CD79A;LST1	IRF7		0.0	0.0	0.0	0.0	0.0	0.5551612903225807
infection_study_07	B_lineage	11	Plasmablast	2	31	0.8995295188951282	0.8995295188951282	0.8453127006506206	0.3390322580645161	0.13064516129032258	0.46967741935483864	0.37563528129578194	0.37563528129578194	0.0	1.0	0.31899641577060933	0.8064516129032258	0.16129032258064516	0.6451612903225806	1.1554443509895793	0.6774193548387096	0.3709677419354839	0.2903225806451613	0.2903225806451613	MS4A1;LST1	IRF7	MKI67;TOP2A;STMN1;PCLAF	0.6451612903225806	0.19354838709677422	0.0	0.0	0.0	0.37563528129578194
infection_study_07	B_lineage	11	Memory B Cell	3	31	0.8919411139778418	0.8919411139778418	0.45161290322580644	0.14623655913978495	0.0	0.14623655913978495	0.3053763440860215	0.3053763440860215	0.0	0.8709677419354839	0.26344086021505375	0.22580645161290322	0.22580645161290322	0.22580645161290322	0.6733360555328706	0.3225806451612903	0.10752688172043012	0.0	0.0	TCL1A;IGHM;MZB1			0.0	0.0	0.0	0.0	0.0	0.3053763440860215
infection_study_07	B_lineage	11	Naive B Cell	4	31	0.847776597359235	0.847776597359235	0.03225806451612903	0.22838709677419353	0.18387096774193548	0.412258064516129	0.0	0.0	0.0	0.7096774193548387	0.14516129032258063	0.03225806451612903	0.0	0.03225806451612903	0.33060520574319174	0.45161290322580644	0.25806451612903225	0.4838709677419355	0.25806451612903225	CD27;MZB1	ITGAX;TBX21		0.0	0.0	0.0	0.0	0.0	0.0
infection_study_07	B_lineage	12	Plasma Cell	1	30	0.904158445894673	0.904158445894673	0.8437160855356894	0.16866666666666666	0.09	0.25866666666666666	0.5850494188690227	0.5850494188690227	0.0	0.8666666666666667	0.3	0.8333333333333334	0.4	0.6666666666666666	1.0415310088094243	0.36666666666666664	0.13333333333333333	0.2	0.2	MS4A1;CD79A;LST1	IRF7		0.0	0.0	0.0	0.0	0.0	0.5850494188690227
infection_study_07	B_lineage	12	Plasmablast	2	30	0.7998178782819851	0.7998178782819851	0.5666666666666667	0.13066666666666665	0.09	0.22066666666666665	0.346	0.346	0.0	0.9666666666666667	0.25555555555555554	0.5666666666666667	0.16666666666666666	0.43333333333333335	0.8161000993490207	0.26666666666666666	0.13333333333333333	0.2	0.2	MS4A1;LST1	IRF7	MKI67;TOP2A;STMN1;PCLAF	0.5333333333333333	0.175	0.0	0.0	0.0	0.346
infection_study_07	B_lineage	12	Memory B Cell	3	30	0.6650478069509789	0.6650478069509789	0.2	0.07555555555555554	0.0	0.07555555555555554	0.12444444444444447	0.12444444444444447	0.0	0.6333333333333333	0.16666666666666666	0.1	0.1	0.1	0.31410067706800116	0.16666666666666666	0.05555555555555555	0.0	0.0	TCL1A;IGHM;MZB1			0.0	0.0	0.0	0.0	0.0	0.12444444444444447
infection_study_07	B_lineage	12	Naive B Cell	4	30	0.46865988769160727	0.46865988769160727	0.0	0.11800000000000001	0.1275	0.2455	0.0	0.0	0.0	0.43333333333333335	0.08888888888888889	0.0	0.0	0.0	0.0782348196796866	0.23333333333333334	0.13333333333333333	0.3333333333333333	0.18333333333333335	CD27;MZB1	ITGAX;TBX21		0.0	0.0	0.0	0.0	0.0	0.0
infection_study_07	B_lineage	13	Plasma Cell	1	25	0.9016542722719685	0.9016542722719685	1.0	0.24159999999999998	0.14400000000000002	0.3856	0.6144000000000001	0.6144000000000001	0.0	0.88	0.352	0.88	0.56	0.72	1.0991651357791157	0.52	0.19999999999999998	0.32	0.32	MS4A1;CD79A;LST1	IRF7		0.0	0.0	0.0	0.0	0.0	0.6144000000000001
infection_study_07	B_lineage	13	Naive B Cell	2	25	0.802094399757171	0.802094399757171	0.85	0.1416	0.153	0.2946	0.5554	0.5554	0.0	0.8	0.22666666666666666	0.6	0.0	0.6	4.772324000460882	0.28	0.16	0.4	0.22000000000000003	CD27;MZB1	ITGAX;TBX21		0.0	0.0	0.0	0.0	0.0	0.5554
infection_study_07	B_lineage	13	Plasmablast	3	25	0.7806950978904235	0.7806950978904235	0.7824264782509014	0.2636	0.14400000000000002	0.4076	0.3748264782509014	0.3748264782509014	0.0	0.92	0.23111111111111113	0.76	0.08	0.72	1.0897059130036058	0.52	0.3	0.32	0.32	MS4A1;LST1	IRF7	MKI67;TOP2A;STMN1;PCLAF	0.12	0.03	0.0	0.0	0.0	0.3748264782509014
infection_study_07	B_lineage	13	Memory B Cell	4	25	0.8395811200485658	0.8395811200485658	0.4	0.31120000000000003	0.0	0.31120000000000003	0.08879999999999999	0.08879999999999999	0.0	0.84	0.2333333333333333	0.2	0.2	0.2	0.5996467471298205	0.68	0.24	0.0	0.0	TCL1A;IGHM;MZB1			0.0	0.0	0.0	0.0	0.0	0.08879999999999999
infection_study_07	B_lineage	14	Memory B Cell	1	24	0.7445742904841401	0.7445742904841401	0.7748380924345011	0.0975	0.0	0.0975	0.677338092434501	0.677338092434501	0.0	0.9166666666666666	0.2569444444444445	0.375	0.375	0.375	1.099352369738004	0.20833333333333334	0.08333333333333333	0.0	0.0	TCL1A;IGHM;MZB1			0.0	0.0	0.0	0.0	0.0	0.677338092434501
infection_study_07	B_lineage	14	Plasma Cell	2	24	0.9169069661557141	0.9169069661557141	0.9270494188690227	0.27361111111111114	0.09375	0.36736111111111114	0.5596883077579116	0.5596883077579116	0.0	0.9166666666666666	0.31666666666666665	0.8333333333333334	0.4583333333333333	0.5833333333333334	1.0415310088094243	0.5833333333333334	0.23611111111111113	0.20833333333333334	0.20833333333333334	MS4A1;CD79A;LST1	IRF7		0.0	0.0	0.0	0.0	0.0	0.5596883077579116
infection_study_07	B_lineage	14	Plasmablast	3	24	0.8208377599028684	0.8208377599028684	0.7124801128271396	0.2745833333333333	0.09375	0.3683333333333333	0.34414677949380634	0.34414677949380634	0.0	0.9166666666666666	0.25925925925925924	0.7083333333333334	0.0	0.5416666666666666	1.0165871179752253	0.5416666666666666	0.3125	0.20833333333333334	0.20833333333333334	MS4A1;LST1	IRF7	MKI67;TOP2A;STMN1;PCLAF	0.2916666666666667	0.09375000000000001	0.0	0.0	0.0	0.34414677949380634
infection_study_07	B_lineage	14	Naive B Cell	4	24	0.7611928972529974	0.7611928972529974	0.08333333333333333	0.23374999999999999	0.11250000000000002	0.34625	0.0	0.0	0.0	0.7083333333333334	0.1527777777777778	0.08333333333333333	0.0	0.08333333333333333	0.7301916503437414	0.4583333333333333	0.2708333333333333	0.2916666666666667	0.16666666666666669	CD27;MZB1	ITGAX;TBX21		0.0	0.0	0.0	0.0	0.0	0.0
infection_study_07	B_lineage	15	Memory B Cell	1	11	0.9165275459098498	0.9165275459098498	1.0	0.20606060606060606	0.0	0.20606060606060606	0.793939393939394	0.793939393939394	0.0	1.0	0.4090909090909091	0.7272727272727273	0.7272727272727273	0.7272727272727273	2.1052532983648673	0.45454545454545453	0.15151515151515152	0.0	0.0	TCL1A;IGHM;MZB1			0.0	0.0	0.0	0.0	0.0	0.793939393939394
infection_study_07	B_lineage	15	Plasma Cell	2	11	0.6145090302018515	0.6363636363636364	0.6363636363636364	0.2127272727272727	0.16363636363636364	0.37636363636363634	0.26	0.26	0.0	0.8181818181818182	0.2363636363636364	0.6363636363636364	0.09090909090909091	0.36363636363636365	0.7982700832879992	0.45454545454545453	0.1818181818181818	0.36363636363636365	0.36363636363636365	MS4A1;CD79A;LST1	IRF7		0.0	0.0	0.0	0.0	0.0	0.26
infection_study_07	B_lineage	15	Plasmablast	3	11	0.9647898011837912	0.9647898011837912	0.6363636363636364	0.22272727272727272	0.16363636363636364	0.38636363636363635	0.25	0.25	0.0	0.9090909090909091	0.4444444444444444	0.6363636363636364	0.18181818181818182	0.36363636363636365	0.9147354240207364	0.45454545454545453	0.22727272727272727	0.36363636363636365	0.36363636363636365	MS4A1;LST1	IRF7	MKI67;TOP2A;STMN1;PCLAF	0.9090909090909091	0.5227272727272727	0.0	0.0	0.0	0.25
infection_study_07	B_lineage	15	Naive B Cell	4	11	0.9312490514493853	0.9312490514493853	0.09090909090909091	0.4309090909090909	0.2863636363636364	0.6	0.0	0.0	0.0	0.7272727272727273	0.15151515151515152	0.09090909090909091	0.0	0.09090909090909091	0.7894604531313829	0.8181818181818182	0.5454545454545454	0.7272727272727273	0.45454545454545453	CD27;MZB1	ITGAX;TBX21		0.0	0.0	0.0	0.0	0.0	0.0
infection_study_07	B_lineage	16	Memory B Cell	1	11	0.9151616330247382	0.9151616330247382	0.5454545454545454	0.041212121212121214	0.0	0.041212121212121214	0.5042424242424242	0.5042424242424242	0.0	0.8181818181818182	0.196969696969697	0.2727272727272727	0.2727272727272727	0.2727272727272727	0.8073166162656888	0.09090909090909091	0.030303030303030304	0.0	0.0	TCL1A;IGHM;MZB1			0.0	0.0	0.0	0.0	0.0	0.5042424242424242
infection_study_07	B_lineage	16	Plasma Cell	2	11	0.9181969949916527	0.9181969949916527	0.8238864756626084	0.12363636363636363	0.20454545454545453	0.32818181818181813	0.4957046574807903	0.4957046574807903	0.0	0.8181818181818182	0.21818181818181817	0.8181818181818182	0.18181818181818182	0.45454545454545453	1.0228186299231607	0.2727272727272727	0.0909090909090909	0.45454545454545453	0.45454545454545453	MS4A1;CD79A;LST1	IRF7		0.0	0.0	0.0	0.0	0.0	0.4957046574807903
infection_study_07	B_lineage	16	Plasmablast	3	11	0.7858552132341782	0.7858552132341782	0.45454545454545453	0.1336363636363636	0.20454545454545453	0.33818181818181814	0.11636363636363639	0.11636363636363639	0.0	1.0	0.2727272727272727	0.45454545454545453	0.18181818181818182	0.45454545454545453	0.6574258813988696	0.2727272727272727	0.13636363636363635	0.45454545454545453	0.45454545454545453	MS4A1;LST1	IRF7	MKI67;TOP2A;STMN1;PCLAF	0.8181818181818182	0.2727272727272727	0.0	0.0	0.0	0.11636363636363639
infection_study_07	B_lineage	16	Naive B Cell	4	11	0.7476096524510548	0.7476096524510548	0.0	0.14363636363636362	0.06818181818181818	0.2118181818181818	0.0	0.0	0.0	0.7272727272727273	0.12121212121212122	0.0	0.0	0.0	0.0782348196796866	0.2727272727272727	0.18181818181818182	0.18181818181818182	0.09090909090909091	CD27;MZB1	ITGAX;TBX21		0.0	0.0	0.0	0.0	0.0	0.0
infection_study_07	B_lineage	2	Memory B Cell	1	74	0.9513583244801942	0.9513583244801942	1.0	0.12036036036036037	0.0	0.12036036036036037	0.8796396396396396	0.8796396396396396	0.0	0.918918918918919	0.29954954954954954	0.5945945945945946	0.5945945945945946	0.5945945945945946	1.7263961046710532	0.25675675675675674	0.10360360360360361	0.0	0.0	TCL1A;IGHM;MZB1			0.0	0.0	0.0	0.0	0.0	0.8796396396396396
infection_study_07	B_lineage	2	Plasma Cell	2	74	0.6840947032933677	0.7297297297297297	0.7297297297297297	0.38324324324324327	0.10945945945945947	0.4927027027027027	0.237027027027027	0.237027027027027	0.0	0.7702702702702703	0.23513513513513512	0.7297297297297297	0.24324324324324326	0.47297297297297297	0.913578796424974	0.7972972972972973	0.3648648648648649	0.24324324324324326	0.24324324324324326	MS4A1;CD79A;LST1	IRF7		0.0	0.0	0.0	0.0	0.0	0.237027027027027
infection_study_07	B_lineage	2	Plasmablast	3	74	0.7816057064804978	0.7816057064804978	0.5675675675675675	0.4144594594594595	0.10945945945945947	0.523918918918919	0.04364864864864859	0.04364864864864859	0.0	0.9054054054054054	0.2597597597597598	0.5675675675675675	0.12162162162162163	0.3783783783783784	0.8173750565421922	0.7972972972972973	0.5067567567567568	0.24324324324324326	0.24324324324324326	MS4A1;LST1	IRF7	MKI67;TOP2A;STMN1;PCLAF	0.3918918918918919	0.1418918918918919	0.0	0.0	0.0	0.04364864864864859
infection_study_07	B_lineage	2	Naive B Cell	4	74	0.9571255122173319	0.9571255122173319	0.16900066329724128	0.33635135135135136	0.07601351351351351	0.4123648648648649	0.0	0.0	0.0	0.8378378378378378	0.18918918918918917	0.13513513513513514	0.0	0.13513513513513514	1.1354621126484246	0.6621621621621622	0.38513513513513514	0.20270270270270271	0.10135135135135136	CD27;MZB1	ITGAX;TBX21		0.0	0.0	0.0	0.0	0.0	0.0
infection_study_07	B_lineage	3	Memory B Cell	1	48	0.8358628016390954	0.8358628016390954	1.0	0.085	0.0	0.085	0.915	0.915	0.0	0.9583333333333334	0.34027777777777785	0.6458333333333334	0.6458333333333334	0.6458333333333334	1.8727063094887646	0.1875	0.0625	0.0	0.0	TCL1A;IGHM;MZB1			0.0	0.0	0.0	0.0	0.0	0.915
infection_study_07	B_lineage	3	Plasma Cell	2	48	0.9030201851570799	0.9030201851570799	1.0	0.37236111111111114	0.09375	0.46611111111111114	0.5338888888888889	0.5338888888888889	0.0	0.875	0.35	0.8333333333333334	0.5625	0.6875	1.0415310088094243	0.7708333333333334	0.36111111111111116	0.20833333333333334	0.20833333333333334	MS4A1;CD79A;LST1	IRF7		0.0	0.0	0.0	0.0	0.0	0.5338888888888889
infection_study_07	B_lineage	3	Plasmablast	3	48	0.8592350887843375	0.8592350887843375	0.7970926516462065	0.25416666666666665	0.09375	0.34791666666666665	0.4491759849795398	0.4491759849795398	0.0	0.9791666666666666	0.3217592592592593	0.7708333333333334	0.20833333333333334	0.6875	1.1050372732514921	0.5	0.2916666666666667	0.20833333333333334	0.20833333333333334	MS4A1;LST1	IRF7	MKI67;TOP2A;STMN1;PCLAF	0.4166666666666667	0.15104166666666666	0.0	0.0	0.0	0.4491759849795398
infection_study_07	B_lineage	3	Naive B Cell	4	48	0.8886780998634087	0.8886780998634087	0.041666666666666664	0.35625	0.015624999999999998	0.371875	0.0	0.0	0.0	0.8125	0.23263888888888892	0.041666666666666664	0.0	0.041666666666666664	0.4042132350117141	0.7083333333333334	0.39583333333333337	0.041666666666666664	0.020833333333333332	CD27;MZB1	ITGAX;TBX21		0.0	0.0	0.0	0.0	0.0	0.0
infection_study_07	B_lineage	4	Plasma Cell	1	47	0.9200182121718015	0.9200182121718015	1.0	0.1926241134751773	0.06702127659574467	0.25964539007092197	0.7403546099290781	0.7403546099290781	0.0	0.9361702127659575	0.37446808510638296	0.851063829787234	0.5106382978723404	0.6382978723404256	1.0634284734635622	0.40425531914893614	0.1773049645390071	0.14893617021276595	0.14893617021276595	MS4A1;CD79A;LST1	IRF7		0.0	0.0	0.0	0.0	0.0	0.7403546099290781
infection_study_07	B_lineage	4	Plasmablast	2	47	0.8366975261799969	0.8366975261799969	0.7328831363721628	0.18893617021276599	0.06702127659574467	0.2559574468085106	0.4769256895636522	0.4769256895636522	0.0	0.9574468085106383	0.2765957446808511	0.723404255319149	0.1276595744680851	0.6382978723404256	1.0379155242120557	0.3617021276595745	0.23404255319148937	0.14893617021276595	0.14893617021276595	MS4A1;LST1	IRF7	MKI67;TOP2A;STMN1;PCLAF	0.3829787234042553	0.1382978723404255	0.0	0.0	0.0	0.4769256895636522
infection_study_07	B_lineage	4	Memory B Cell	3	47	0.46607983001972986	0.46607983001972986	0.3829787234042553	0.0995744680851064	0.0	0.0995744680851064	0.2834042553191489	0.2834042553191489	0.0	0.6808510638297872	0.1702127659574468	0.19148936170212766	0.19148936170212766	0.19148936170212766	0.5753449539330698	0.2127659574468085	0.0851063829787234	0.0	0.0	TCL1A;IGHM;MZB1			0.0	0.0	0.0	0.0	0.0	0.2834042553191489
infection_study_07	B_lineage	4	Naive B Cell	4	47	0.5744422522385795	0.5744422522385795	0.0851063829787234	0.16106382978723405	0.12127659574468085	0.2823404255319149	0.0	0.0	0.0	0.46808510638297873	0.09574468085106382	0.0851063829787234	0.0	0.0851063829787234	0.7440630722727639	0.3191489361702128	0.18085106382978722	0.3191489361702128	0.1702127659574468	CD27;MZB1	ITGAX;TBX21		0.0	0.0	0.0	0.0	0.0	0.0
infection_study_07	B_lineage	5	Plasma Cell	1	40	0.924723023220519	0.95	1.0	0.16200000000000003	0.12375	0.28575000000000006	0.7142499999999999	0.7142499999999999	0.0	0.975	0.4899999999999999	0.95	0.55	0.7	1.1856163262336528	0.325	0.17500000000000002	0.275	0.275	MS4A1;CD79A;LST1	IRF7		0.0	0.0	0.0	0.0	0.0	0.7142499999999999
infection_study_07	B_lineage	5	Plasmablast	2	40	0.8797237820610108	0.8797237820610108	0.8027334875674774	0.14300000000000002	0.12375	0.26675000000000004	0.5359834875674774	0.5359834875674774	0.0	1.0	0.38333333333333336	0.775	0.3	0.7	1.1109339502699098	0.275	0.175	0.275	0.275	MS4A1;LST1	IRF7	MKI67;TOP2A;STMN1;PCLAF	0.65	0.23125	0.0	0.0	0.0	0.5359834875674774
infection_study_07	B_lineage	5	Naive B Cell	3	40	0.7438154499924116	0.7438154499924116	0.575	0.23274999999999998	0.315	0.54775	0.027249999999999996	0.027249999999999996	0.0	0.725	0.1708333333333333	0.325	0.0	0.325	2.620866459269501	0.475	0.2375	0.775	0.55	CD27;MZB1	ITGAX;TBX21		0.0	0.0	0.0	0.0	0.0	0.027249999999999996
infection_study_07	B_lineage	5	Memory B Cell	4	40	0.8983153741083625	0.8983153741083625	0.25	0.249	0.0	0.249	0.0010000000000000009	0.0010000000000000009	0.0	0.925	0.3208333333333333	0.125	0.125	0.125	0.385487194583456	0.525	0.225	0.0	0.0	TCL1A;IGHM;MZB1			0.0	0.0	0.0	0.0	0.0	0.0010000000000000009
infection_study_07	B_lineage	6	Plasma Cell	1	39	0.9001365912885112	0.9230769230769231	1.0	0.2264957264957265	0.17307692307692307	0.3995726495726496	0.6004273504273504	0.6004273504273504	0.0	0.9743589743589743	0.3435897435897436	0.9230769230769231	0.5641025641025641	0.6923076923076923	1.1523658683665232	0.48717948717948717	0.18803418803418803	0.38461538461538464	0.38461538461538464	MS4A1;CD79A;LST1	IRF7		0.0	0.0	0.0	0.0	0.0	0.6004273504273504
infection_study_07	B_lineage	6	Plasmablast	2	39	0.8253149188040674	0.8253149188040674	0.8296359358073857	0.21923076923076923	0.17307692307692307	0.3923076923076923	0.4373282434996934	0.4373282434996934	0.0	1.0	0.32763532763532766	0.7948717948717948	0.15384615384615385	0.5641025641025641	1.1390565637423637	0.4358974358974359	0.24358974358974358	0.38461538461538464	0.38461538461538464	MS4A1;LST1	IRF7	MKI67;TOP2A;STMN1;PCLAF	0.5897435897435898	0.23717948717948717	0.0	0.0	0.0	0.4373282434996934
infection_study_07	B_lineage	6	Memory B Cell	3	39	0.882986796175444	0.882986796175444	0.5641025641025641	0.16273504273504275	0.0	0.16273504273504275	0.40136752136752135	0.40136752136752135	0.0	0.8974358974358975	0.3076923076923077	0.28205128205128205	0.28205128205128205	0.28205128205128205	0.8339409584625952	0.358974358974359	0.11965811965811966	0.0	0.0	TCL1A;IGHM;MZB1			0.0	0.0	0.0	0.0	0.0	0.40136752136752135
infection_study_07	B_lineage	6	Naive B Cell	4	39	0.6498709971164062	0.6498709971164062	0.05128205128205128	0.25	0.25769230769230766	0.5076923076923077	0.0	0.0	0.0	0.6410256410256411	0.14102564102564105	0.05128205128205128	0.0	0.05128205128205128	0.4794390231652589	0.48717948717948717	0.2948717948717949	0.6666666666666666	0.3846153846153846	CD27;MZB1	ITGAX;TBX21		0.0	0.0	0.0	0.0	0.0	0.0
infection_study_07	B_lineage	7	Memory B Cell	1	36	0.896873577174078	0.896873577174078	1.0	0.1824074074074074	0.0	0.1824074074074074	0.8175925925925926	0.8175925925925926	0.0	0.9166666666666666	0.35648148148148145	0.6388888888888888	0.6388888888888888	0.6388888888888888	1.852876721290027	0.3888888888888889	0.1574074074074074	0.0	0.0	TCL1A;IGHM;MZB1			0.0	0.0	0.0	0.0	0.0	0.8175925925925926
infection_study_07	B_lineage	7	Plasma Cell	2	36	0.8152223402640766	0.8152223402640766	0.75	0.3668518518518519	0.0875	0.4543518518518519	0.2956481481481481	0.2956481481481481	0.0	0.7777777777777778	0.2611111111111111	0.75	0.3055555555555556	0.5833333333333334	0.9386129249349752	0.7777777777777778	0.32407407407407407	0.19444444444444445	0.19444444444444445	MS4A1;CD79A;LST1	IRF7		0.0	0.0	0.0	0.0	0.0	0.2956481481481481
infection_study_07	B_lineage	7	Plasmablast	3	36	0.8397328881469115	0.8397328881469115	0.6666666666666666	0.33277777777777773	0.0875	0.42027777777777775	0.24638888888888888	0.24638888888888888	0.0	0.9722222222222222	0.25617283950617287	0.6666666666666666	0.08333333333333333	0.5833333333333334	0.9576203477910474	0.6666666666666666	0.3611111111111111	0.19444444444444445	0.19444444444444445	MS4A1;LST1	IRF7	MKI67;TOP2A;STMN1;PCLAF	0.2777777777777778	0.09027777777777778	0.0	0.0	0.0	0.24638888888888888
infection_study_07	B_lineage	7	Naive B Cell	4	36	0.9149339808772197	0.9149339808772197	0.5833333333333333	0.36	0.08541666666666667	0.4454166666666667	0.13791666666666658	0.13791666666666658	0.0	0.8333333333333334	0.2638888888888889	0.3333333333333333	0.0	0.3333333333333333	2.6860621423359063	0.7222222222222222	0.38888888888888884	0.2222222222222222	0.125	CD27;MZB1	ITGAX;TBX21		0.0	0.0	0.0	0.0	0.0	0.13791666666666658
infection_study_07	B_lineage	8	Plasma Cell	1	35	0.9339808772196084	0.9339808772196084	0.9891626153362452	0.025904761904761903	0.12857142857142856	0.15447619047619046	0.8346864248600547	0.8346864248600547	0.0	0.9714285714285714	0.3885714285714285	0.8571428571428571	0.4857142857142857	0.6857142857142857	1.0709361756306952	0.05714285714285714	0.019047619047619046	0.2857142857142857	0.2857142857142857	MS4A1;CD79A;LST1	IRF7		0.0	0.0	0.0	0.0	0.0	0.8346864248600547
infection_study_07	B_lineage	8	Plasmablast	2	35	0.906359083320686	0.906359083320686	0.7978984853492451	0.028	0.12857142857142856	0.15657142857142856	0.6413270567778165	0.6413270567778165	0.0	1.0	0.3111111111111111	0.7714285714285715	0.11428571428571428	0.6857142857142857	1.1058796556826946	0.05714285714285714	0.02857142857142857	0.2857142857142857	0.2857142857142857	MS4A1;LST1	IRF7	MKI67;TOP2A;STMN1;PCLAF	0.42857142857142855	0.17857142857142858	0.0	0.0	0.0	0.6413270567778165
infection_study_07	B_lineage	8	Memory B Cell	3	35	0.4502959477917742	0.4502959477917742	0.34285714285714286	0.10571428571428572	0.0	0.10571428571428572	0.23714285714285716	0.23714285714285716	0.0	0.6571428571428571	0.19999999999999998	0.17142857142857143	0.17142857142857143	0.17142857142857143	0.5180621556835864	0.22857142857142856	0.08571428571428573	0.0	0.0	TCL1A;IGHM;MZB1			0.0	0.0	0.0	0.0	0.0	0.23714285714285716
infection_study_07	B_lineage	8	Naive B Cell	4	35	0.5223857945059949	0.5223857945059949	0.36073280331835467	0.10114285714285716	0.2357142857142857	0.33685714285714285	0.023875660461211812	0.023875660461211812	0.0	0.42857142857142855	0.08095238095238096	0.2	0.0	0.2	1.6429312132734186	0.2	0.11428571428571428	0.6	0.37142857142857144	CD27;MZB1	ITGAX;TBX21		0.0	0.0	0.0	0.0	0.0	0.023875660461211812
infection_study_07	B_lineage	9	Plasma Cell	1	31	0.9153134011230839	0.967741935483871	1.0	0.1655913978494624	0.11612903225806451	0.2817204301075269	0.7182795698924731	0.7182795698924731	0.0	0.967741935483871	0.4516129032258064	0.967741935483871	0.7096774193548387	0.8064516129032258	1.207527918284342	0.3548387096774194	0.13978494623655913	0.25806451612903225	0.25806451612903225	MS4A1;CD79A;LST1	IRF7		0.0	0.0	0.0	0.0	0.0	0.7182795698924731
infection_study_07	B_lineage	9	Plasmablast	2	31	0.9005918955835484	0.9032258064516129	0.9763256639833691	0.16161290322580646	0.11612903225806451	0.27774193548387094	0.6985837284994981	0.6985837284994981	0.0	1.0	0.38351254480286734	0.9032258064516129	0.2903225806451613	0.7741935483870968	1.2923994301270247	0.3225806451612903	0.1774193548387097	0.25806451612903225	0.25806451612903225	MS4A1;LST1	IRF7	MKI67;TOP2A;STMN1;PCLAF	0.5483870967741935	0.2338709677419355	0.0	0.0	0.0	0.6985837284994981
infection_study_07	B_lineage	9	Memory B Cell	3	31	0.5578995295188951	0.5578995295188951	0.5161290322580645	0.16086021505376347	0.0	0.16086021505376347	0.35526881720430104	0.35526881720430104	0.0	0.8387096774193549	0.24731182795698925	0.25806451612903225	0.25806451612903225	0.25806451612903225	0.7654476910366832	0.3548387096774194	0.11827956989247312	0.0	0.0	TCL1A;IGHM;MZB1			0.0	0.0	0.0	0.0	0.0	0.35526881720430104
infection_study_07	B_lineage	9	Naive B Cell	4	31	0.41189861891030505	0.41189861891030505	0.03225806451612903	0.24774193548387097	0.225	0.472741935483871	0.0	0.0	0.0	0.5161290322580645	0.09677419354838708	0.03225806451612903	0.0	0.03225806451612903	0.33060520574319174	0.4838709677419355	0.29032258064516125	0.5806451612903226	0.33870967741935487	CD27;MZB1	ITGAX;TBX21		0.0	0.0	0.0	0.0	0.0	0.0
infection_study_07	T_NK_lineage	0	CD8 Naive / T Central Memory	1	189	0.9573531643648505	0.9573531643648505	1.0	0.04373015873015873	0.0	0.04373015873015873	0.9562698412698413	0.9562698412698413	0.0	1.0	0.8483245149911817	0.9523809523809523	0.7037037037037037	0.8571428571428571	2.0829656280600424	0.10052910052910052	0.02513227513227513	0.0	0.0	NKG7;GNLY;GZMB;PRF1	CD4		0.0	0.0	0.0	0.0	0.0	0.9562698412698413
infection_study_07	T_NK_lineage	0	CD4 Naive / T Central Memory	2	189	0.9546213385946274	0.9546213385946274	1.0	0.15216931216931215	0.4	0.5521693121693122	0.4478306878306878	0.4478306878306878	0.0	1.0	0.7380952380952381	0.9523809523809523	0.7037037037037037	0.8571428571428571	1.743839740653907	0.3544973544973545	0.07936507936507936	0.8888888888888888	0.8888888888888888	NKG7;GNLY;GZMB;PRF1;FOXP3	CD8B		0.0	0.0	0.0	0.0	0.0	0.4478306878306878
infection_study_07	T_NK_lineage	0	Treg	3	189	0.4653209895280012	0.4656084656084656	0.49510276944666726	0.014391534391534391	0.4099206349206349	0.4243121693121693	0.07079060013449795	0.07079060013449795	0.0	0.6243386243386243	0.11942554799697658	0.4656084656084656	0.031746031746031744	0.2962962962962963	1.1179772153528067	0.031746031746031744	0.010582010582010581	0.9523809523809523	0.828042328042328	NKG7;GNLY;GZMB	CCR7;TCF7		0.0	0.0	0.0	0.0	0.0	0.07079060013449795
infection_study_07	T_NK_lineage	0	NK Cell	4	189	0.07102747002580058	0.07102747002580058	0.026455026455026454	0.2057495590828924	0.4	0.6	0.0	0.0	0.0	0.13756613756613756	0.01917989417989418	0.026455026455026454	0.0	0.015873015873015872	0.05720339129388501	0.4444444444444444	0.16754850088183418	0.8888888888888888	0.8888888888888888	TRAC;MS4A1;LST1	CD8B		0.0	0.0	0.0	0.0	0.0	0.0
infection_study_07	T_NK_lineage	0	CD4 T Effector Memory	5	189	0.10699650933373805	0.16780045351473924	0.031746031746031744	0.5	0.033928571428571426	0.5339285714285714	0.0	0.0	0.0	0.91005291005291	0.16780045351473924	0.031746031746031744	0.0	0.021164021164021163	0.056933727100062205	0.9947089947089947	0.6772486772486772	0.10052910052910052	0.02513227513227513	CCR7;TCF7;LEF1;FOXP3	NKG7;GNLY;GZMB;PRF1		0.0	0.0	0.0	0.0	0.0	0.0
infection_study_07	T_NK_lineage	0	CD8 Cytotoxic / T Effector Memory	6	189	0.11579905903779025	0.12896825396825395	0.010582010582010581	0.5	0.005952380952380952	0.5059523809523809	0.0	0.0	0.0	0.8994708994708994	0.12896825396825395	0.010582010582010581	0.0	0.010582010582010581	0.03385798297433928	0.9894179894179894	0.6044973544973544	0.015873015873015872	0.007936507936507936	CCR7;TCF7;LEF1;MS4A1	KLRD1;FCGR3A		0.0	0.0	0.0	0.0	0.0	0.0
infection_study_07	T_NK_lineage	0	gdT Cell	7	189	0.3152223402640765	0.3152223402640765	0.042328042328042326	0.06222222222222222	0.003968253968253968	0.06619047619047619	0.0	0.0	0.0	0.042328042328042326	0.011904761904761904	0.042328042328042326	0.005291005291005291	0.026455026455026454	0.11285176407241405	0.12698412698412698	0.06349206349206349	0.010582010582010581	0.005291005291005291	MS4A1;LST1	NKG7;GNLY		0.0	0.0	0.0	0.0	0.0	0.0
infection_study_07	T_NK_lineage	0	MAIT Cell	8	189	0.6339353467901048	0.6339353467901048	0.005291005291005291	0.06222222222222222	0.01111111111111111	0.07333333333333333	0.0	0.0	0.0	0.9417989417989417	0.308994708994709	0.005291005291005291	0.0	0.005291005291005291	0.05416121356242764	0.12698412698412698	0.06349206349206349	0.031746031746031744	0.010582010582010581	MS4A1;LST1	NKG7;GNLY;GZMB		0.0	0.0	0.0	0.0	0.0	0.0
infection_study_07	T_NK_lineage	0	NKT Cell	9	189	0.10107755349825466	0.10582010582010581	0.10582010582010581	0.06222222222222222	0.4	0.46222222222222226	0.0	0.0	0.0	0.4708994708994709	0.10158730158730159	0.10582010582010581	0.0	0.10582010582010581	0.16416566495574064	0.12698412698412698	0.06349206349206349	0.8888888888888888	0.8888888888888888	MS4A1;LST1	CD8B		0.0	0.0	0.0	0.0	0.0	0.0
infection_study_07	T_NK_lineage	1	CD8 Naive / T Central Memory	1	163	0.8861739262407042	0.8861739262407042	1.0	0.037361963190184054	0.25122699386503067	0.2885889570552147	0.7114110429447853	0.7114110429447853	0.0	1.0	0.7004089979550102	0.8159509202453987	0.3312883435582822	0.6748466257668712	1.7876781258807652	0.08588957055214724	0.02147239263803681	0.558282208588957	0.558282208588957	NKG7;GNLY;GZMB;PRF1	CD4		0.0	0.0	0.0	0.0	0.0	0.7114110429447853
infection_study_07	T_NK_lineage	1	Treg	2	163	0.5096372742449538	0.7423312883435583	0.9344434980626812	0.01112474437627812	0.3308282208588957	0.3419529652351738	0.5924905328275074	0.5924905328275074	0.0	0.8834355828220859	0.27607361963190186	0.7423312883435583	0.24539877300613497	0.5398773006134969	1.7684488388764918	0.024539877300613498	0.0081799591002045	0.8159509202453987	0.5736196319018405	NKG7;GNLY;GZMB	CCR7;TCF7		0.0	0.0	0.0	0.0	0.0	0.5924905328275074
infection_study_07	T_NK_lineage	1	CD4 Naive / T Central Memory	3	163	0.9169828502048869	0.9169828502048869	1.0	0.09158282208588957	0.3588957055214724	0.45047852760736196	0.549521472392638	0.549521472392638	0.0	1.0	0.7039877300613497	0.9079754601226994	0.5950920245398773	0.6748466257668712	1.6633767369840378	0.2147239263803681	0.04539877300613497	0.7975460122699386	0.7975460122699386	NKG7;GNLY;GZMB;PRF1;FOXP3	CD8B		0.0	0.0	0.0	0.0	0.0	0.549521472392638
infection_study_07	T_NK_lineage	1	NKT Cell	4	163	0.22234026407649113	0.754601226993865	0.77554138018796	0.2225153374233129	0.3588957055214724	0.5814110429447853	0.19413033724317474	0.19413033724317474	0.0	0.8711656441717791	0.27361963190184047	0.754601226993865	0.0	0.754601226993865	1.08376061277638	0.44171779141104295	0.24846625766871167	0.7975460122699386	0.7975460122699386	MS4A1;LST1	CD8B		0.0	0.0	0.0	0.0	0.0	0.19413033724317474
infection_study_07	T_NK_lineage	1	CD4 T Effector Memory	5	163	0.3766884200940962	0.588957055214724	0.588957055214724	0.45598159509202457	0.028987730061349692	0.48496932515337426	0.1039877300613497	0.1039877300613497	0.0	0.9754601226993865	0.35845749342681854	0.588957055214724	0.03680981595092025	0.558282208588957	0.8168646479672529	0.9202453987730062	0.4831288343558282	0.08588957055214724	0.02147239263803681	CCR7;TCF7;LEF1;FOXP3	NKG7;GNLY;GZMB;PRF1		0.0	0.0	0.0	0.0	0.0	0.1039877300613497
infection_study_07	T_NK_lineage	1	NK Cell	6	163	0.14463499772347851	0.14463499772347851	0.10429447852760736	0.3558691206543967	0.3588957055214724	0.6	0.0	0.0	0.0	0.18404907975460122	0.023006134969325152	0.10429447852760736	0.0	0.09815950920245399	0.1793451387564085	0.7423312883435583	0.33537832310838445	0.7975460122699386	0.7975460122699386	TRAC;MS4A1;LST1	CD8B		0.0	0.0	0.0	0.0	0.0	0.0
infection_study_07	T_NK_lineage	1	CD8 Cytotoxic / T Effector Memory	7	163	0.1308241007740173	0.1308241007740173	0.006134969325153374	0.4707975460122699	0.03680981595092025	0.5076073619631901	0.0	0.0	0.0	0.8282208588957055	0.1165644171779141	0.006134969325153374	0.0	0.006134969325153374	0.02654247574724372	0.9263803680981595	0.5398773006134969	0.09815950920245399	0.049079754601226995	CCR7;TCF7;LEF1;MS4A1	KLRD1;FCGR3A		0.0	0.0	0.0	0.0	0.0	0.0
infection_study_07	T_NK_lineage	1	gdT Cell	8	163	0.30566095006829563	0.30566095006829563	0.0736196319018405	0.2225153374233129	0.0023006134969325155	0.2248159509202454	0.0	0.0	0.0	0.0736196319018405	0.018404907975460124	0.0736196319018405	0.0	0.04294478527607362	0.18033586871167112	0.44171779141104295	0.24846625766871167	0.006134969325153374	0.003067484662576687	MS4A1;LST1	NKG7;GNLY		0.0	0.0	0.0	0.0	0.0	0.0
infection_study_07	T_NK_lineage	1	MAIT Cell	9	163	0.6691455456063136	0.6691455456063136	0.17177914110429449	0.2225153374233129	0.008588957055214725	0.23110429447852762	0.0	0.0	0.0	0.9631901840490797	0.29938650306748466	0.17177914110429449	0.03067484662576687	0.12883435582822086	0.6438673386854271	0.44171779141104295	0.24846625766871167	0.024539877300613498	0.0081799591002045	MS4A1;LST1	NKG7;GNLY;GZMB		0.0	0.0	0.0	0.0	0.0	0.0
infection_study_07	T_NK_lineage	10	NKT Cell	1	91	0.8905752010927304	1.0	1.0	0.03769230769230769	0.360989010989011	0.3986813186813187	0.6013186813186813	0.6013186813186813	0.0	1.0	0.6967032967032967	1.0	0.08791208791208792	1.0	1.431593594490696	0.07692307692307693	0.038461538461538464	0.8021978021978022	0.8021978021978022	MS4A1;LST1	CD8B		0.0	0.0	0.0	0.0	0.0	0.6013186813186813
infection_study_07	T_NK_lineage	10	CD8 Cytotoxic / T Effector Memory	2	91	0.8948247078464107	1.0	1.0	0.05857142857142858	0.40302197802197803	0.46159340659340664	0.5384065934065934	0.5384065934065934	0.0	1.0	0.9203296703296703	1.0	0.9230769230769231	1.0	1.6614782442086438	0.13186813186813187	0.038461538461538464	0.9560439560439561	0.7747252747252747	CCR7;TCF7;LEF1;MS4A1	KLRD1;FCGR3A		0.0	0.0	0.0	0.0	0.0	0.5384065934065934
infection_study_07	T_NK_lineage	10	CD4 T Effector Memory	3	91	0.5833965700409773	0.989010989010989	1.0	0.06752747252747253	0.4372252747252747	0.5047527472527472	0.4952472527472528	0.4952472527472528	0.0	1.0	0.42700156985871274	0.989010989010989	0.3076923076923077	0.989010989010989	1.3624628890318777	0.15384615384615385	0.04120879120879121	1.0	0.9148351648351649	CCR7;TCF7;LEF1;FOXP3	NKG7;GNLY;GZMB;PRF1		0.0	0.0	0.0	0.0	0.0	0.4952472527472528
infection_study_07	T_NK_lineage	10	NK Cell	4	91	0.8814691151919867	1.0	1.0	0.26468864468864467	0.360989010989011	0.6	0.4	0.4	0.0	1.0	0.7912087912087913	1.0	0.989010989010989	1.0	1.5848411268635283	0.5714285714285714	0.2161172161172161	0.8021978021978022	0.8021978021978022	TRAC;MS4A1;LST1	CD8B		0.0	0.0	0.0	0.0	0.0	0.4
infection_study_07	T_NK_lineage	10	gdT Cell	5	91	0.7020792229473365	0.7252747252747253	0.871701985561536	0.03769230769230769	0.4442307692307692	0.4819230769230769	0.3897789086384591	0.3897789086384591	0.0	0.7692307692307693	0.33791208791208793	0.7252747252747253	0.2857142857142857	0.4065934065934066	1.5857090411472432	0.07692307692307693	0.038461538461538464	1.0	0.9615384615384616	MS4A1;LST1	NKG7;GNLY		0.0	0.0	0.0	0.0	0.0	0.3897789086384591
infection_study_07	T_NK_lineage	10	CD8 Naive / T Central Memory	6	91	0.42828957353164365	0.42828957353164365	0.07692307692307693	0.5	0.10879120879120878	0.6	0.0	0.0	0.0	0.9340659340659341	0.25457875457875456	0.07692307692307693	0.0	0.07692307692307693	0.18813525046193738	1.0	0.9148351648351649	0.24175824175824176	0.24175824175824176	NKG7;GNLY;GZMB;PRF1	CD4		0.0	0.0	0.0	0.0	0.0	0.0
infection_study_07	T_NK_lineage	10	Treg	7	91	0.4850508423129458	0.4850508423129458	0.4711942295478793	0.5	0.028846153846153848	0.5288461538461539	0.0	0.0	0.0	0.6483516483516484	0.16169544740973313	0.45054945054945056	0.02197802197802198	0.4065934065934066	1.082579115993715	1.0	0.9450549450549451	0.07692307692307693	0.038461538461538464	NKG7;GNLY;GZMB	CCR7;TCF7		0.0	0.0	0.0	0.0	0.0	0.0
infection_study_07	T_NK_lineage	10	CD4 Naive / T Central Memory	8	91	0.3442100470481105	0.3442100470481105	0.3076923076923077	0.5	0.360989010989011	0.6	0.0	0.0	0.0	0.6923076923076923	0.13186813186813187	0.3076923076923077	0.01098901098901099	0.24175824175824176	0.5756602622727263	1.0	0.7428571428571429	0.8021978021978022	0.8021978021978022	NKG7;GNLY;GZMB;PRF1;FOXP3	CD8B		0.0	0.0	0.0	0.0	0.0	0.0
infection_study_07	T_NK_lineage	10	MAIT Cell	9	91	0.46592806192138414	0.46592806192138414	0.23076923076923078	0.03769230769230769	0.44175824175824174	0.47945054945054943	0.0	0.0	0.0	0.6703296703296703	0.19340659340659344	0.23076923076923078	0.0	0.23076923076923078	0.852812060344033	0.07692307692307693	0.038461538461538464	1.0	0.9450549450549451	MS4A1;LST1	NKG7;GNLY;GZMB		0.0	0.0	0.0	0.0	0.0	0.0
infection_study_07	T_NK_lineage	11	NKT Cell	1	84	0.9073455759599331	1.0	1.0	0.029166666666666667	0.2892857142857143	0.318452380952381	0.6815476190476191	0.6815476190476191	0.0	1.0	0.6714285714285714	1.0	0.023809523809523808	1.0	1.431593594490696	0.05952380952380952	0.02976190476190476	0.6428571428571429	0.6428571428571429	MS4A1;LST1	CD8B		0.0	0.0	0.0	0.0	0.0	0.6815476190476191
infection_study_07	T_NK_lineage	11	CD8 Cytotoxic / T Effector Memory	2	84	0.8358628016390954	1.0	1.0	0.05178571428571428	0.3964285714285714	0.4482142857142857	0.5517857142857143	0.5517857142857143	0.0	1.0	0.8303571428571428	1.0	0.7023809523809523	1.0	1.6614782442086438	0.11904761904761904	0.02976190476190476	0.9404761904761905	0.7619047619047619	CCR7;TCF7;LEF1;MS4A1	KLRD1;FCGR3A		0.0	0.0	0.0	0.0	0.0	0.5517857142857143
infection_study_07	T_NK_lineage	11	gdT Cell	3	84	0.8264531795416603	0.8571428571428571	1.0	0.029166666666666667	0.4276785714285714	0.4568452380952381	0.5431547619047619	0.5431547619047619	0.0	0.8571428571428571	0.43750000000000006	0.8571428571428571	0.6071428571428571	0.7976190476190477	1.8700986464942304	0.05952380952380952	0.02976190476190476	1.0	0.8511904761904762	MS4A1;LST1	NKG7;GNLY		0.0	0.0	0.0	0.0	0.0	0.5431547619047619
infection_study_07	T_NK_lineage	11	CD4 T Effector Memory	4	84	0.4226741538928517	1.0	1.0	0.09583333333333333	0.4200892857142857	0.515922619047619	0.48407738095238095	0.48407738095238095	0.0	1.0	0.3452380952380953	1.0	0.19047619047619047	0.9880952380952381	1.377449830941809	0.21428571428571427	0.06547619047619047	1.0	0.800595238095238	CCR7;TCF7;LEF1;FOXP3	NKG7;GNLY;GZMB;PRF1		0.0	0.0	0.0	0.0	0.0	0.48407738095238095
infection_study_07	T_NK_lineage	11	NK Cell	5	84	0.8702382759144028	1.0	1.0	0.392063492063492	0.2892857142857143	0.6	0.4	0.4	0.0	1.0	0.7708333333333334	1.0	0.9880952380952381	1.0	1.5848411268635283	0.8571428571428571	0.30158730158730157	0.6428571428571429	0.6428571428571429	TRAC;MS4A1;LST1	CD8B		0.0	0.0	0.0	0.0	0.0	0.4
infection_study_07	T_NK_lineage	11	MAIT Cell	6	84	0.33184094703293365	0.4523809523809524	0.6118228600989932	0.029166666666666667	0.4208333333333333	0.44999999999999996	0.16182286009899327	0.16182286009899327	0.0	0.6785714285714286	0.18095238095238092	0.4523809523809524	0.0	0.44047619047619047	1.6377676308721631	0.05952380952380952	0.02976190476190476	1.0	0.8055555555555555	MS4A1;LST1	NKG7;GNLY;GZMB		0.0	0.0	0.0	0.0	0.0	0.16182286009899327
infection_study_07	T_NK_lineage	11	CD8 Naive / T Central Memory	7	84	0.22461678555167702	0.22461678555167702	0.11904761904761904	0.5	0.026785714285714284	0.5267857142857143	0.0	0.0	0.0	0.8095238095238095	0.1984126984126984	0.11904761904761904	0.0	0.11904761904761904	0.2793090970827667	1.0	0.800595238095238	0.05952380952380952	0.05952380952380952	NKG7;GNLY;GZMB;PRF1	CD4		0.0	0.0	0.0	0.0	0.0	0.0
infection_study_07	T_NK_lineage	11	CD4 Naive / T Central Memory	8	84	0.21960843830626803	0.21960843830626803	0.17857142857142858	0.5	0.2892857142857143	0.6	0.0	0.0	0.0	0.5238095238095238	0.09672619047619048	0.17857142857142858	0.0	0.11904761904761904	0.34169249742649543	1.0	0.669047619047619	0.6428571428571429	0.6428571428571429	NKG7;GNLY;GZMB;PRF1;FOXP3	CD8B		0.0	0.0	0.0	0.0	0.0	0.0
infection_study_07	T_NK_lineage	11	Treg	9	84	0.8178023979359539	0.8178023979359539	0.27380952380952384	0.5	0.04464285714285714	0.5446428571428571	0.0	0.0	0.0	0.8928571428571429	0.24319727891156465	0.27380952380952384	0.011904761904761904	0.14285714285714285	0.6671298012184288	1.0	0.8055555555555555	0.11904761904761904	0.05952380952380952	NKG7;GNLY;GZMB	CCR7;TCF7		0.0	0.0	0.0	0.0	0.0	0.0
infection_study_07	T_NK_lineage	12	CD8 Cytotoxic / T Effector Memory	1	65	0.4779177416906966	0.8153846153846154	0.9509836549954065	0.2050769230769231	0.19384615384615386	0.39892307692307694	0.5520605780723296	0.5520605780723296	0.0	0.9846153846153847	0.6269230769230769	0.8153846153846154	0.4307692307692308	0.7384615384615385	1.3577807738277798	0.4461538461538462	0.16153846153846155	0.49230769230769234	0.3076923076923077	CCR7;TCF7;LEF1;MS4A1	KLRD1;FCGR3A		0.0	0.0	0.0	0.0	0.0	0.5520605780723296
infection_study_07	T_NK_lineage	12	CD4 T Effector Memory	2	65	0.8140840795264835	0.9846153846153847	1.0	0.14561538461538462	0.3305769230769231	0.4761923076923077	0.5238076923076923	0.5238076923076923	0.0	1.0	0.5186813186813187	0.9846153846153847	0.4307692307692308	0.9538461538461539	1.356468112267905	0.3230769230769231	0.10384615384615385	0.8307692307692308	0.5423076923076924	CCR7;TCF7;LEF1;FOXP3	NKG7;GNLY;GZMB;PRF1		0.0	0.0	0.0	0.0	0.0	0.5238076923076923
infection_study_07	T_NK_lineage	12	NK Cell	3	65	0.4812566398543026	0.8307692307692308	1.0	0.3305641025641026	0.2561538461538461	0.5867179487179488	0.4132820512820512	0.4132820512820512	0.0	0.8461538461538461	0.4307692307692308	0.8307692307692308	0.6153846153846154	0.7384615384615385	1.3192927278460294	0.676923076923077	0.3333333333333333	0.5692307692307692	0.5692307692307692	TRAC;MS4A1;LST1	CD8B		0.0	0.0	0.0	0.0	0.0	0.4132820512820512
infection_study_07	T_NK_lineage	12	NKT Cell	4	65	0.5984216117772044	0.7692307692307693	0.795354971671568	0.2103076923076923	0.2561538461538461	0.4664615384615384	0.32889343321002956	0.32889343321002956	0.0	0.9230769230769231	0.47384615384615386	0.7692307692307693	0.1076923076923077	0.7384615384615385	1.1044968097631949	0.4153846153846154	0.23846153846153847	0.5692307692307692	0.5692307692307692	MS4A1;LST1	CD8B		0.0	0.0	0.0	0.0	0.0	0.32889343321002956
infection_study_07	T_NK_lineage	12	MAIT Cell	5	65	0.8805585066019123	0.8805585066019123	0.85	0.2103076923076923	0.33307692307692305	0.5433846153846154	0.3066153846153846	0.3066153846153846	0.0	0.8307692307692308	0.316923076923077	0.6	0.03076923076923077	0.5230769230769231	2.1606388621495785	0.4153846153846154	0.23846153846153847	0.8307692307692308	0.558974358974359	MS4A1;LST1	NKG7;GNLY;GZMB		0.0	0.0	0.0	0.0	0.0	0.3066153846153846
infection_study_07	T_NK_lineage	12	CD8 Naive / T Central Memory	6	65	0.4492335711033541	0.4492335711033541	0.2923076923076923	0.43500000000000005	0.03461538461538462	0.46961538461538466	0.0	0.0	0.0	0.8923076923076924	0.2871794871794872	0.2923076923076923	0.03076923076923077	0.26153846153846155	0.6543110923145257	0.8307692307692308	0.5423076923076924	0.07692307692307693	0.07692307692307693	NKG7;GNLY;GZMB;PRF1	CD4		0.0	0.0	0.0	0.0	0.0	0.0
infection_study_07	T_NK_lineage	12	Treg	7	65	0.4703293367734102	0.4703293367734102	0.2	0.4386666666666667	0.11192307692307693	0.5505897435897437	0.0	0.0	0.0	0.5692307692307692	0.11868131868131869	0.2	0.03076923076923077	0.13846153846153847	0.493631279089475	0.8307692307692308	0.558974358974359	0.2923076923076923	0.16153846153846155	NKG7;GNLY;GZMB	CCR7;TCF7		0.0	0.0	0.0	0.0	0.0	0.0
infection_study_07	T_NK_lineage	12	CD4 Naive / T Central Memory	8	65	0.42631658825314916	0.42631658825314916	0.3076923076923077	0.41181538461538464	0.2561538461538461	0.6	0.0	0.0	0.0	0.6923076923076923	0.19423076923076926	0.3076923076923077	0.09230769230769231	0.26153846153846155	0.5756602622727263	0.8307692307692308	0.43692307692307697	0.5692307692307692	0.5692307692307692	NKG7;GNLY;GZMB;PRF1;FOXP3	CD8B		0.0	0.0	0.0	0.0	0.0	0.0
infection_study_07	T_NK_lineage	12	gdT Cell	9	65	0.5191986644407346	0.5191986644407346	0.3076923076923077	0.2103076923076923	0.33807692307692305	0.5483846153846154	0.0	0.0	0.0	0.47692307692307695	0.17307692307692307	0.3076923076923077	0.06153846153846154	0.15384615384615385	0.6851419575484502	0.4153846153846154	0.23846153846153847	0.8153846153846154	0.6230769230769231	MS4A1;LST1	NKG7;GNLY		0.0	0.0	0.0	0.0	0.0	0.0
infection_study_07	T_NK_lineage	13	NKT Cell	1	58	0.9127333434512066	1.0	1.0	0.0	0.26379310344827583	0.26379310344827583	0.7362068965517241	0.7362068965517241	0.0	1.0	0.7413793103448276	1.0	0.22413793103448276	1.0	1.431593594490696	0.0	0.0	0.5862068965517241	0.5862068965517241	MS4A1;LST1	CD8B		0.0	0.0	0.0	0.0	0.0	0.7362068965517241
infection_study_07	T_NK_lineage	13	gdT Cell	2	58	0.8049021095765669	0.8448275862068966	1.0	0.0	0.44870689655172413	0.44870689655172413	0.5512931034482759	0.5512931034482759	0.0	0.8448275862068966	0.4956896551724138	0.8448275862068966	0.6724137931034483	0.6724137931034483	1.8435392724316526	0.0	0.0	1.0	0.9913793103448276	MS4A1;LST1	NKG7;GNLY		0.0	0.0	0.0	0.0	0.0	0.5512931034482759
infection_study_07	T_NK_lineage	13	CD8 Cytotoxic / T Effector Memory	3	58	0.9172863864015783	1.0	1.0	0.0525	0.4293103448275862	0.48181034482758617	0.5181896551724139	0.5181896551724139	0.0	1.0	0.9331896551724138	1.0	0.9827586206896551	1.0	1.6614782442086438	0.1206896551724138	0.03017241379310345	1.0	0.8620689655172413	CCR7;TCF7;LEF1;MS4A1	KLRD1;FCGR3A		0.0	0.0	0.0	0.0	0.0	0.5181896551724139
infection_study_07	T_NK_lineage	13	CD4 T Effector Memory	4	58	0.4096220974351191	1.0	1.0	0.08439655172413793	0.4461206896551724	0.5305172413793103	0.46948275862068967	0.46948275862068967	0.0	1.0	0.3251231527093596	1.0	0.08620689655172414	1.0	1.377449830941809	0.1896551724137931	0.05603448275862069	1.0	0.9741379310344828	CCR7;TCF7;LEF1;FOXP3	NKG7;GNLY;GZMB;PRF1		0.0	0.0	0.0	0.0	0.0	0.46948275862068967
infection_study_07	T_NK_lineage	13	NK Cell	5	58	0.9516618606768857	1.0	1.0	0.2735632183908046	0.26379310344827583	0.5373563218390804	0.46264367816091956	0.46264367816091956	0.0	1.0	0.8943965517241379	1.0	1.0	1.0	1.5848411268635283	0.603448275862069	0.20114942528735633	0.5862068965517241	0.5862068965517241	TRAC;MS4A1;LST1	CD8B		0.0	0.0	0.0	0.0	0.0	0.46264367816091956
infection_study_07	T_NK_lineage	13	CD8 Naive / T Central Memory	6	58	0.17878281985126726	0.17878281985126726	0.1206896551724138	0.5	0.023275862068965515	0.5232758620689655	0.0	0.0	0.0	0.6896551724137931	0.14655172413793102	0.1206896551724138	0.0	0.1206896551724138	0.2828631000994707	1.0	0.9741379310344828	0.05172413793103448	0.05172413793103448	NKG7;GNLY;GZMB;PRF1	CD4		0.0	0.0	0.0	0.0	0.0	0.0
infection_study_07	T_NK_lineage	13	Treg	7	58	0.7405524358779785	0.7405524358779785	0.1724137931034483	0.5	0.04525862068965518	0.5452586206896551	0.0	0.0	0.0	0.7758620689655172	0.16502463054187191	0.1724137931034483	0.0	0.10344827586206896	0.4287864476819906	1.0	0.9885057471264368	0.1206896551724138	0.0603448275862069	NKG7;GNLY;GZMB	CCR7;TCF7		0.0	0.0	0.0	0.0	0.0	0.0
infection_study_07	T_NK_lineage	13	CD4 Naive / T Central Memory	8	58	0.12004856579147064	0.1724137931034483	0.1724137931034483	0.5	0.26379310344827583	0.6	0.0	0.0	0.0	0.41379310344827586	0.0581896551724138	0.1724137931034483	0.0	0.1206896551724138	0.3305348270559855	1.0	0.8	0.5862068965517241	0.5862068965517241	NKG7;GNLY;GZMB;PRF1;FOXP3	CD8B		0.0	0.0	0.0	0.0	0.0	0.0
infection_study_07	T_NK_lineage	13	MAIT Cell	9	58	0.2881317347093641	0.3620689655172414	0.44153891072066076	0.0	0.4482758620689655	0.4482758620689655	0.0	0.0	0.0	0.4827586206896552	0.10344827586206898	0.3620689655172414	0.0	0.3620689655172414	1.3178797808136775	0.0	0.0	1.0	0.9885057471264368	MS4A1;LST1	NKG7;GNLY;GZMB		0.0	0.0	0.0	0.0	0.0	0.0
infection_study_07	T_NK_lineage	14	NKT Cell	1	57	0.7385035665503111	0.9824561403508771	1.0	0.13087719298245612	0.3157894736842105	0.44666666666666666	0.5533333333333333	0.5533333333333333	0.0	1.0	0.5473684210526316	0.9824561403508771	0.05263157894736842	0.9824561403508771	1.4067265874646284	0.2631578947368421	0.14035087719298245	0.7017543859649122	0.7017543859649122	MS4A1;LST1	CD8B		0.0	0.0	0.0	0.0	0.0	0.5533333333333333
infection_study_07	T_NK_lineage	14	CD8 Cytotoxic / T Effector Memory	2	57	0.6952496585217787	1.0	1.0	0.15842105263157893	0.29736842105263156	0.4557894736842105	0.5442105263157895	0.5442105263157895	0.0	1.0	0.8004385964912281	1.0	0.43859649122807015	0.9824561403508771	1.6614782442086438	0.3508771929824561	0.11403508771929824	0.7368421052631579	0.5087719298245614	CCR7;TCF7;LEF1;MS4A1	KLRD1;FCGR3A		0.0	0.0	0.0	0.0	0.0	0.5442105263157895
infection_study_07	T_NK_lineage	14	CD4 T Effector Memory	3	57	0.6492639247230232	1.0	1.0	0.13359649122807016	0.40855263157894733	0.5421491228070174	0.45785087719298256	0.45785087719298256	0.0	1.0	0.5388471177944861	1.0	0.6666666666666666	1.0	1.377449830941809	0.2982456140350877	0.09210526315789473	1.0	0.7236842105263157	CCR7;TCF7;LEF1;FOXP3	NKG7;GNLY;GZMB;PRF1		0.0	0.0	0.0	0.0	0.0	0.45785087719298256
infection_study_07	T_NK_lineage	14	NK Cell	4	57	0.6410684474123539	1.0	1.0	0.3653801169590643	0.3157894736842105	0.6	0.4	0.4	0.0	1.0	0.6271929824561404	1.0	0.6666666666666666	0.9824561403508771	1.5848411268635283	0.7719298245614035	0.32748538011695905	0.7017543859649122	0.7017543859649122	TRAC;MS4A1;LST1	CD8B		0.0	0.0	0.0	0.0	0.0	0.4
infection_study_07	T_NK_lineage	14	gdT Cell	5	57	0.6825011382607375	0.7368421052631579	0.8895059797023148	0.13087719298245612	0.40789473684210525	0.5387719298245613	0.3507340498777535	0.3507340498777535	0.0	0.7719298245614035	0.2982456140350877	0.7368421052631579	0.2982456140350877	0.38596491228070173	1.6106554977566279	0.2631578947368421	0.14035087719298245	1.0	0.7192982456140351	MS4A1;LST1	NKG7;GNLY		0.0	0.0	0.0	0.0	0.0	0.3507340498777535
infection_study_07	T_NK_lineage	14	CD8 Naive / T Central Memory	6	57	0.48353316132948854	0.48353316132948854	0.17543859649122806	0.5	0.18157894736842103	0.6	0.0	0.0	0.0	0.9298245614035088	0.31578947368421056	0.17543859649122806	0.0	0.17543859649122806	0.4013610427879959	1.0	0.7236842105263157	0.40350877192982454	0.40350877192982454	NKG7;GNLY;GZMB;PRF1	CD4		0.0	0.0	0.0	0.0	0.0	0.0
infection_study_07	T_NK_lineage	14	Treg	7	57	0.7627864622856275	0.7627864622856275	0.2982456140350877	0.5	0.06578947368421052	0.5657894736842105	0.0	0.0	0.0	0.7894736842105263	0.22305764411027568	0.2982456140350877	0.05263157894736842	0.2631578947368421	0.7245698891898141	1.0	0.7017543859649122	0.17543859649122806	0.08771929824561403	NKG7;GNLY;GZMB	CCR7;TCF7		0.0	0.0	0.0	0.0	0.0	0.0
infection_study_07	T_NK_lineage	14	CD4 Naive / T Central Memory	8	57	0.4527242373653058	0.543859649122807	0.5447588550182125	0.5	0.3157894736842105	0.6	0.0	0.0	0.0	0.8421052631578947	0.23903508771929824	0.543859649122807	0.03508771929824561	0.40350877192982454	1.0035968235816217	1.0	0.5929824561403508	0.7017543859649122	0.7017543859649122	NKG7;GNLY;GZMB;PRF1;FOXP3	CD8B		0.0	0.0	0.0	0.0	0.0	0.0
infection_study_07	T_NK_lineage	14	MAIT Cell	9	57	0.5475792988313857	0.5475792988313857	0.2631578947368421	0.13087719298245612	0.4052631578947368	0.5361403508771929	0.0	0.0	0.0	0.7719298245614035	0.2596491228070176	0.2631578947368421	0.0	0.24561403508771928	0.9675337096252211	0.2631578947368421	0.14035087719298245	1.0	0.7017543859649122	MS4A1;LST1	NKG7;GNLY;GZMB		0.0	0.0	0.0	0.0	0.0	0.0
infection_study_07	T_NK_lineage	15	NKT Cell	1	50	0.9043102139930187	1.0	1.0	0.0196	0.315	0.3346	0.6654	0.6654	0.0	1.0	0.6679999999999999	1.0	0.02	1.0	1.431593594490696	0.04	0.02	0.7	0.7	MS4A1;LST1	CD8B		0.0	0.0	0.0	0.0	0.0	0.6654
infection_study_07	T_NK_lineage	15	gdT Cell	2	50	0.7799362573986948	0.84	1.0	0.0196	0.4485	0.4681	0.5319	0.5319	0.0	0.84	0.395	0.84	0.56	0.74	1.833127997799122	0.04	0.02	1.0	0.99	MS4A1;LST1	NKG7;GNLY		0.0	0.0	0.0	0.0	0.0	0.5319
infection_study_07	T_NK_lineage	15	CD8 Cytotoxic / T Effector Memory	3	50	0.9076491121566246	1.0	1.0	0.062000000000000006	0.4095	0.4715	0.5285	0.5285	0.0	1.0	0.9275	1.0	0.98	1.0	1.6614782442086438	0.14	0.04	0.98	0.77	CCR7;TCF7;LEF1;MS4A1	KLRD1;FCGR3A		0.0	0.0	0.0	0.0	0.0	0.5285
infection_study_07	T_NK_lineage	15	CD4 T Effector Memory	4	50	0.4188040673850356	1.0	1.0	0.062000000000000006	0.44175	0.50375	0.49624999999999997	0.49624999999999997	0.0	1.0	0.33428571428571435	1.0	0.08	1.0	1.377449830941809	0.14	0.04	1.0	0.945	CCR7;TCF7;LEF1;FOXP3	NKG7;GNLY;GZMB;PRF1		0.0	0.0	0.0	0.0	0.0	0.49624999999999997
infection_study_07	T_NK_lineage	15	NK Cell	5	50	0.9276066170890879	1.0	1.0	0.2114666666666667	0.315	0.5264666666666666	0.47353333333333336	0.47353333333333336	0.0	1.0	0.8775	1.0	0.98	1.0	1.5848411268635283	0.46	0.16666666666666666	0.7	0.7	TRAC;MS4A1;LST1	CD8B		0.0	0.0	0.0	0.0	0.0	0.47353333333333336
infection_study_07	T_NK_lineage	15	CD8 Naive / T Central Memory	6	50	0.32136894824707846	0.32136894824707846	0.12	0.5	0.036000000000000004	0.536	0.0	0.0	0.0	0.86	0.22999999999999998	0.12	0.0	0.12	0.281370418832455	1.0	0.945	0.08	0.08	NKG7;GNLY;GZMB;PRF1	CD4		0.0	0.0	0.0	0.0	0.0	0.0
infection_study_07	T_NK_lineage	15	Treg	7	50	0.6335559265442404	0.6335559265442404	0.32	0.5	0.045	0.545	0.0	0.0	0.0	0.8	0.19714285714285715	0.32	0.0	0.3	0.7757062957120321	1.0	0.94	0.12	0.06	NKG7;GNLY;GZMB	CCR7;TCF7		0.0	0.0	0.0	0.0	0.0	0.0
infection_study_07	T_NK_lineage	15	CD4 Naive / T Central Memory	8	50	0.31097283351039606	0.31097283351039606	0.2	0.5	0.315	0.6	0.0	0.0	0.0	0.64	0.11750000000000001	0.2	0.0	0.12	0.38052119031586995	1.0	0.756	0.7	0.7	NKG7;GNLY;GZMB;PRF1;FOXP3	CD8B		0.0	0.0	0.0	0.0	0.0	0.0
infection_study_07	T_NK_lineage	15	MAIT Cell	9	50	0.2360752769767795	0.2360752769767795	0.14	0.0196	0.44099999999999995	0.46059999999999995	0.0	0.0	0.0	0.38	0.092	0.14	0.0	0.14	0.531304638233503	0.04	0.02	1.0	0.94	MS4A1;LST1	NKG7;GNLY;GZMB		0.0	0.0	0.0	0.0	0.0	0.0
infection_study_07	T_NK_lineage	16	NKT Cell	1	44	0.814994688116558	1.0	1.0	0.035909090909090904	0.3579545454545454	0.3938636363636363	0.6061363636363637	0.6061363636363637	0.0	1.0	0.5818181818181818	1.0	0.0	1.0	1.431593594490696	0.06818181818181818	0.045454545454545456	0.7954545454545454	0.7954545454545454	MS4A1;LST1	CD8B		0.0	0.0	0.0	0.0	0.0	0.6061363636363637
infection_study_07	T_NK_lineage	16	CD8 Cytotoxic / T Effector Memory	2	44	0.7544392168766125	1.0	1.0	0.05068181818181818	0.3852272727272727	0.43590909090909086	0.5640909090909092	0.5640909090909092	0.0	1.0	0.8323863636363636	1.0	0.5227272727272727	1.0	1.6614782442086438	0.11363636363636363	0.03409090909090909	0.9090909090909091	0.75	CCR7;TCF7;LEF1;MS4A1	KLRD1;FCGR3A		0.0	0.0	0.0	0.0	0.0	0.5640909090909092
infection_study_07	T_NK_lineage	16	gdT Cell	3	44	0.7495826377295493	0.8863636363636364	1.0	0.035909090909090904	0.41420454545454544	0.4501136363636363	0.5498863636363637	0.5498863636363637	0.0	0.8863636363636364	0.4318181818181818	0.8863636363636364	0.6363636363636364	0.8636363636363636	1.9331167976790742	0.06818181818181818	0.045454545454545456	1.0	0.7613636363636364	MS4A1;LST1	NKG7;GNLY		0.0	0.0	0.0	0.0	0.0	0.5498863636363637
infection_study_07	T_NK_lineage	16	CD4 T Effector Memory	4	44	0.6771892548186371	1.0	1.0	0.04943181818181818	0.4133522727272727	0.4627840909090909	0.5372159090909091	0.5372159090909091	0.0	1.0	0.4642857142857143	1.0	0.5227272727272727	1.0	1.377449830941809	0.11363636363636363	0.028409090909090908	1.0	0.7556818181818181	CCR7;TCF7;LEF1;FOXP3	NKG7;GNLY;GZMB;PRF1		0.0	0.0	0.0	0.0	0.0	0.5372159090909091
infection_study_07	T_NK_lineage	16	NK Cell	5	44	0.8215207163454241	1.0	1.0	0.2728787878787879	0.3579545454545454	0.6	0.4	0.4	0.0	1.0	0.7642045454545454	1.0	0.8863636363636364	1.0	1.5848411268635283	0.5909090909090909	0.21969696969696972	0.7954545454545454	0.7954545454545454	TRAC;MS4A1;LST1	CD8B		0.0	0.0	0.0	0.0	0.0	0.4
infection_study_07	T_NK_lineage	16	MAIT Cell	6	44	0.8980877219608439	0.8980877219608439	0.7444613909164133	0.035909090909090904	0.40909090909090906	0.44499999999999995	0.29946139091641333	0.29946139091641333	0.0	0.9545454545454546	0.3	0.5227272727272727	0.0	0.5227272727272727	1.886936472756562	0.06818181818181818	0.045454545454545456	1.0	0.7272727272727272	MS4A1;LST1	NKG7;GNLY;GZMB		0.0	0.0	0.0	0.0	0.0	0.29946139091641333
infection_study_07	T_NK_lineage	16	CD8 Naive / T Central Memory	7	44	0.2828198512672636	0.2828198512672636	0.06818181818181818	0.5	0.030681818181818178	0.5306818181818181	0.0	0.0	0.0	0.8181818181818182	0.18939393939393936	0.06818181818181818	0.0	0.06818181818181818	0.16921577636077711	1.0	0.7556818181818181	0.06818181818181818	0.06818181818181818	NKG7;GNLY;GZMB;PRF1	CD4		0.0	0.0	0.0	0.0	0.0	0.0
infection_study_07	T_NK_lineage	16	CD4 Naive / T Central Memory	8	44	0.16284716952496586	0.16284716952496586	0.13636363636363635	0.5	0.3579545454545454	0.6	0.0	0.0	0.0	0.38636363636363635	0.06818181818181818	0.13636363636363635	0.0	0.06818181818181818	0.2652117387050002	1.0	0.6136363636363635	0.7954545454545454	0.7954545454545454	NKG7;GNLY;GZMB;PRF1;FOXP3	CD8B		0.0	0.0	0.0	0.0	0.0	0.0
infection_study_07	T_NK_lineage	16	Treg	9	44	0.5053118834421004	0.5053118834421004	0.18181818181818182	0.5	0.025568181818181813	0.5255681818181818	0.0	0.0	0.0	0.6590909090909091	0.1266233766233766	0.18181818181818182	0.0	0.13636363636363635	0.4508926402072694	1.0	0.7272727272727272	0.06818181818181818	0.03409090909090909	NKG7;GNLY;GZMB	CCR7;TCF7		0.0	0.0	0.0	0.0	0.0	0.0
infection_study_07	T_NK_lineage	17	CD8 Cytotoxic / T Effector Memory	1	32	0.800424950675368	1.0	1.0	0.14953125	0.31406249999999997	0.46359374999999997	0.53640625	0.53640625	0.0	1.0	0.859375	1.0	0.9375	1.0	1.6614782442086438	0.34375	0.0859375	0.75	0.59375	CCR7;TCF7;LEF1;MS4A1	KLRD1;FCGR3A		0.0	0.0	0.0	0.0	0.0	0.53640625
infection_study_07	T_NK_lineage	17	CD4 T Effector Memory	2	32	0.48960388526331766	1.0	1.0	0.14953125	0.43242187499999996	0.581953125	0.41804687500000004	0.41804687500000004	0.0	1.0	0.4419642857142857	1.0	0.4375	1.0	1.377449830941809	0.34375	0.0859375	1.0	0.8828125	CCR7;TCF7;LEF1;FOXP3	NKG7;GNLY;GZMB;PRF1		0.0	0.0	0.0	0.0	0.0	0.41804687500000004
infection_study_07	T_NK_lineage	17	NK Cell	3	32	0.7968584003642434	1.0	1.0	0.43562500000000004	0.30937499999999996	0.6	0.4	0.4	0.0	1.0	0.734375	1.0	1.0	1.0	1.5848411268635283	0.875	0.46875	0.6875	0.6875	TRAC;MS4A1;LST1	CD8B		0.0	0.0	0.0	0.0	0.0	0.4
infection_study_07	T_NK_lineage	17	gdT Cell	4	32	0.7176354530277735	0.90625	1.0	0.294375	0.4453125	0.6	0.4	0.4	0.0	0.90625	0.328125	0.90625	0.3125	0.90625	1.9760041505687596	0.59375	0.3125	1.0	0.96875	MS4A1;LST1	NKG7;GNLY		0.0	0.0	0.0	0.0	0.0	0.4
infection_study_07	T_NK_lineage	17	NKT Cell	5	32	0.8799514342085294	1.0	1.0	0.294375	0.30937499999999996	0.6	0.4	0.4	0.0	1.0	0.675	1.0	0.03125	1.0	1.431593594490696	0.59375	0.3125	0.6875	0.6875	MS4A1;LST1	CD8B		0.0	0.0	0.0	0.0	0.0	0.4
infection_study_07	T_NK_lineage	17	MAIT Cell	6	32	0.3549096979814843	0.59375	0.84375	0.294375	0.4359375	0.6	0.24375000000000002	0.24375000000000002	0.0	0.71875	0.24375	0.59375	0.15625	0.4375	2.1385011688898494	0.59375	0.3125	1.0	0.90625	MS4A1;LST1	NKG7;GNLY;GZMB		0.0	0.0	0.0	0.0	0.0	0.24375000000000002
infection_study_07	T_NK_lineage	17	CD8 Naive / T Central Memory	7	32	0.39801183791167094	0.39801183791167094	0.3125	0.5	0.0	0.5	0.0	0.0	0.0	0.9375	0.2604166666666667	0.3125	0.0	0.3125	0.6980150774882057	1.0	0.8828125	0.0	0.0	NKG7;GNLY;GZMB;PRF1	CD4		0.0	0.0	0.0	0.0	0.0	0.0
infection_study_07	T_NK_lineage	17	CD4 Naive / T Central Memory	8	32	0.3282743967218091	0.3282743967218091	0.3125	0.5	0.30937499999999996	0.6	0.0	0.0	0.0	0.6875	0.13671875	0.3125	0.0	0.3125	0.5843718279850859	1.0	0.7125	0.6875	0.6875	NKG7;GNLY;GZMB;PRF1;FOXP3	CD8B		0.0	0.0	0.0	0.0	0.0	0.0
infection_study_07	T_NK_lineage	17	Treg	9	32	0.14820154803460311	0.14820154803460311	0.03125	0.5	0.1171875	0.6	0.0	0.0	0.0	0.46875	0.08035714285714286	0.03125	0.0	0.03125	0.09696328696400401	1.0	0.90625	0.3125	0.15625	NKG7;GNLY;GZMB	CCR7;TCF7		0.0	0.0	0.0	0.0	0.0	0.0
infection_study_07	T_NK_lineage	18	Treg	1	17	0.7325846107148277	0.7325846107148277	0.8765751167030049	0.30980392156862746	0.09705882352941175	0.4068627450980392	0.4697123716049657	0.4697123716049657	0.0	0.9411764705882353	0.25210084033613445	0.7058823529411765	0.35294117647058826	0.47058823529411764	1.6827710550473138	0.5882352941176471	0.39215686274509803	0.23529411764705882	0.1764705882352941	NKG7;GNLY;GZMB	CCR7;TCF7		0.0	0.0	0.0	0.0	0.0	0.4697123716049657
infection_study_07	T_NK_lineage	18	NKT Cell	2	17	0.4050690544847473	0.7058823529411765	0.7095587368222448	0.05764705882352941	0.2647058823529412	0.3223529411764706	0.3872057956457742	0.3872057956457742	0.0	0.9411764705882353	0.3764705882352941	0.7058823529411765	0.11764705882352941	0.47058823529411764	1.0147055355242731	0.11764705882352941	0.058823529411764705	0.5882352941176471	0.5882352941176471	MS4A1;LST1	CD8B		0.0	0.0	0.0	0.0	0.0	0.3872057956457742
infection_study_07	T_NK_lineage	18	CD4 T Effector Memory	3	17	0.4844437699195629	0.7058823529411765	0.7058823529411765	0.16	0.3110294117647059	0.4710294117647059	0.2348529411764706	0.2348529411764706	0.0	0.8823529411764706	0.3361344537815126	0.7058823529411765	0.11764705882352941	0.4117647058823529	0.9763287386465823	0.35294117647058826	0.11764705882352941	0.8235294117647058	0.42647058823529416	CCR7;TCF7;LEF1;FOXP3	NKG7;GNLY;GZMB;PRF1		0.0	0.0	0.0	0.0	0.0	0.2348529411764706
infection_study_07	T_NK_lineage	18	NK Cell	4	17	0.4023372287145242	0.5294117647058824	0.7058823529411765	0.21764705882352942	0.2647058823529412	0.4823529411764706	0.22352941176470592	0.22352941176470592	0.0	0.8823529411764706	0.3382352941176471	0.5294117647058824	0.35294117647058826	0.35294117647058826	0.8464177713068466	0.47058823529411764	0.17647058823529413	0.5882352941176471	0.5882352941176471	TRAC;MS4A1;LST1	CD8B		0.0	0.0	0.0	0.0	0.0	0.22352941176470592
infection_study_07	T_NK_lineage	18	gdT Cell	5	17	0.44422522385794505	0.44422522385794505	0.4117647058823529	0.05764705882352941	0.19411764705882353	0.25176470588235295	0.15999999999999998	0.15999999999999998	0.0	0.47058823529411764	0.11764705882352941	0.4117647058823529	0.0	0.29411764705882354	0.9095866951017096	0.11764705882352941	0.058823529411764705	0.47058823529411764	0.35294117647058826	MS4A1;LST1	NKG7;GNLY		0.0	0.0	0.0	0.0	0.0	0.15999999999999998
infection_study_07	T_NK_lineage	18	CD8 Cytotoxic / T Effector Memory	6	17	0.3484595538017909	0.47058823529411764	0.47058823529411764	0.16	0.18088235294117647	0.34088235294117647	0.12970588235294117	0.12970588235294117	0.0	0.9411764705882353	0.44852941176470584	0.47058823529411764	0.23529411764705882	0.35294117647058826	0.7905810864988131	0.35294117647058826	0.11764705882352941	0.47058823529411764	0.2647058823529412	CCR7;TCF7;LEF1;MS4A1	KLRD1;FCGR3A		0.0	0.0	0.0	0.0	0.0	0.12970588235294117
infection_study_07	T_NK_lineage	18	CD4 Naive / T Central Memory	7	17	0.41948702382759145	0.41948702382759145	0.35294117647058826	0.41552941176470587	0.2647058823529412	0.6	0.0	0.0	0.0	0.6470588235294118	0.20588235294117646	0.35294117647058826	0.11764705882352941	0.23529411764705882	0.6576514689772878	0.8823529411764706	0.3647058823529412	0.5882352941176471	0.5882352941176471	NKG7;GNLY;GZMB;PRF1;FOXP3	CD8B		0.0	0.0	0.0	0.0	0.0	0.0
infection_study_07	T_NK_lineage	18	CD8 Naive / T Central Memory	8	17	0.6046441038093793	0.6046441038093793	0.23529411764705882	0.4067647058823529	0.052941176470588235	0.45970588235294113	0.0	0.0	0.0	0.8235294117647058	0.303921568627451	0.23529411764705882	0.11764705882352941	0.23529411764705882	0.5309116047653111	0.8235294117647058	0.42647058823529416	0.11764705882352941	0.11764705882352941	NKG7;GNLY;GZMB;PRF1	CD4		0.0	0.0	0.0	0.0	0.0	0.0
infection_study_07	T_NK_lineage	18	MAIT Cell	9	17	0.7016239186522993	0.7016239186522993	0.11764705882352941	0.05764705882352941	0.23529411764705882	0.29294117647058826	0.0	0.0	0.0	0.8235294117647058	0.31764705882352945	0.11764705882352941	0.058823529411764705	0.11764705882352941	0.45212982939870644	0.11764705882352941	0.058823529411764705	0.5882352941176471	0.39215686274509803	MS4A1;LST1	NKG7;GNLY;GZMB		0.0	0.0	0.0	0.0	0.0	0.0
infection_study_07	T_NK_lineage	2	NKT Cell	1	155	0.9043860980421915	0.9935483870967742	1.0	0.022129032258064518	0.3803225806451613	0.4024516129032258	0.5975483870967742	0.5975483870967742	0.0	1.0	0.6825806451612904	0.9935483870967742	0.07741935483870968	0.9935483870967742	1.4224489531972386	0.04516129032258064	0.022580645161290325	0.8451612903225807	0.8451612903225807	MS4A1;LST1	CD8B		0.0	0.0	0.0	0.0	0.0	0.5975483870967742
infection_study_07	T_NK_lineage	2	CD8 Cytotoxic / T Effector Memory	2	155	0.9221429655486417	0.9935483870967742	1.0	0.03648387096774194	0.3953225806451613	0.4318064516129032	0.5681935483870968	0.5681935483870968	0.0	1.0	0.9370967741935484	0.9935483870967742	0.9225806451612903	0.9935483870967742	1.6508651605663016	0.08387096774193549	0.020967741935483872	0.9354838709677419	0.7645161290322581	CCR7;TCF7;LEF1;MS4A1	KLRD1;FCGR3A		0.0	0.0	0.0	0.0	0.0	0.5681935483870968
infection_study_07	T_NK_lineage	2	CD4 T Effector Memory	3	155	0.5072089846714221	0.9870967741935484	1.0	0.042451612903225806	0.44129032258064516	0.48374193548387096	0.516258064516129	0.516258064516129	0.0	1.0	0.4064516129032258	0.9870967741935484	0.2903225806451613	0.9806451612903225	1.3598522604411152	0.0967741935483871	0.025806451612903226	1.0	0.9419354838709677	CCR7;TCF7;LEF1;FOXP3	NKG7;GNLY;GZMB;PRF1		0.0	0.0	0.0	0.0	0.0	0.516258064516129
infection_study_07	T_NK_lineage	2	NK Cell	4	155	0.906359083320686	0.9935483870967742	1.0	0.26266666666666666	0.3803225806451613	0.6	0.4	0.4	0.0	1.0	0.7983870967741935	0.9935483870967742	0.9806451612903225	0.9935483870967742	1.5747175808599285	0.5741935483870968	0.2021505376344086	0.8451612903225807	0.8451612903225807	TRAC;MS4A1;LST1	CD8B		0.0	0.0	0.0	0.0	0.0	0.4
infection_study_07	T_NK_lineage	2	gdT Cell	5	155	0.7404765518288056	0.7404765518288056	0.8576253437424881	0.022129032258064518	0.4417741935483871	0.4639032258064516	0.3937221179360365	0.3937221179360365	0.0	0.7483870967741936	0.3225806451612903	0.7161290322580646	0.3225806451612903	0.4064516129032258	1.5659852459376942	0.04516129032258064	0.022580645161290325	0.9935483870967742	0.9580645161290322	MS4A1;LST1	NKG7;GNLY		0.0	0.0	0.0	0.0	0.0	0.3937221179360365
infection_study_07	T_NK_lineage	2	CD8 Naive / T Central Memory	6	155	0.37911670966762784	0.37911670966762784	0.01935483870967742	0.5	0.11612903225806451	0.6	0.0	0.0	0.0	0.9290322580645162	0.2440860215053764	0.01935483870967742	0.0	0.01935483870967742	0.06353525586539308	1.0	0.9419354838709677	0.25806451612903225	0.25806451612903225	NKG7;GNLY;GZMB;PRF1	CD4		0.0	0.0	0.0	0.0	0.0	0.0
infection_study_07	T_NK_lineage	2	Treg	7	155	0.42631658825314916	0.42631658825314916	0.36774193548387096	0.5	0.007258064516129033	0.507258064516129	0.0	0.0	0.0	0.6774193548387096	0.13732718894009216	0.36774193548387096	0.012903225806451613	0.3548387096774194	0.8879296894220817	0.9935483870967742	0.9591397849462365	0.01935483870967742	0.00967741935483871	NKG7;GNLY;GZMB	CCR7;TCF7		0.0	0.0	0.0	0.0	0.0	0.0
infection_study_07	T_NK_lineage	2	CD4 Naive / T Central Memory	8	155	0.3158294126574594	0.3158294126574594	0.2709677419354839	0.5	0.3803225806451613	0.6	0.0	0.0	0.0	0.7032258064516129	0.1274193548387097	0.2709677419354839	0.0064516129032258064	0.25806451612903225	0.5091151409602499	1.0	0.7587096774193548	0.8451612903225807	0.8451612903225807	NKG7;GNLY;GZMB;PRF1;FOXP3	CD8B		0.0	0.0	0.0	0.0	0.0	0.0
infection_study_07	T_NK_lineage	2	MAIT Cell	9	155	0.38731218697829717	0.38731218697829717	0.23870967741935484	0.022129032258064518	0.4419354838709677	0.4640645161290322	0.0	0.0	0.0	0.6	0.15612903225806452	0.23870967741935484	0.0064516129032258064	0.23225806451612904	0.8809373679097436	0.04516129032258064	0.022580645161290325	0.9935483870967742	0.9591397849462365	MS4A1;LST1	NKG7;GNLY;GZMB		0.0	0.0	0.0	0.0	0.0	0.0
infection_study_07	T_NK_lineage	3	CD4 T Effector Memory	1	152	0.8964182728790409	0.993421052631579	1.0	0.24088815789473683	0.31726973684210524	0.5581578947368421	0.4418421052631579	0.4418421052631579	0.0	0.993421052631579	0.5864661654135338	0.993421052631579	0.9078947368421053	0.9539473684210527	1.368477385456258	0.5263157894736842	0.18585526315789472	0.881578947368421	0.3519736842105263	CCR7;TCF7;LEF1;FOXP3	NKG7;GNLY;GZMB;PRF1		0.0	0.0	0.0	0.0	0.0	0.4418421052631579
infection_study_07	T_NK_lineage	3	CD8 Cytotoxic / T Effector Memory	2	152	0.42070116861435725	0.7828947368421053	0.858978240607129	0.324375	0.1450657894736842	0.46944078947368423	0.3895374511334448	0.3895374511334448	0.0	1.0	0.528782894736842	0.7828947368421053	0.11842105263157894	0.7763157894736842	1.3043340150600948	0.6907894736842105	0.28125	0.375	0.21710526315789475	CCR7;TCF7;LEF1;MS4A1	KLRD1;FCGR3A		0.0	0.0	0.0	0.0	0.0	0.3895374511334448
infection_study_07	T_NK_lineage	3	NK Cell	3	152	0.3725147973895887	0.8157894736842105	0.889736285571766	0.43342105263157893	0.31973684210526315	0.6	0.289736285571766	0.289736285571766	0.0	0.9013157894736842	0.2730263157894737	0.8157894736842105	0.3026315789473684	0.7763157894736842	1.295787247550222	0.881578947368421	0.4473684210526316	0.7105263157894737	0.7105263157894737	TRAC;MS4A1;LST1	CD8B		0.0	0.0	0.0	0.0	0.0	0.289736285571766
infection_study_07	T_NK_lineage	3	NKT Cell	4	152	0.5048565791470633	0.7763157894736842	0.8049506032007685	0.2744736842105263	0.31973684210526315	0.5942105263157895	0.21074007688497898	0.21074007688497898	0.0	0.9276315789473685	0.38421052631578945	0.7763157894736842	0.019736842105263157	0.7763157894736842	1.1145392549083375	0.5394736842105263	0.3157894736842105	0.7105263157894737	0.7105263157894737	MS4A1;LST1	CD8B		0.0	0.0	0.0	0.0	0.0	0.21074007688497898
infection_study_07	T_NK_lineage	3	CD4 Naive / T Central Memory	5	152	0.617013203824556	0.617013203824556	0.5197368421052632	0.3998421052631579	0.31973684210526315	0.6	0.0	0.0	0.0	0.9210526315789473	0.31496710526315785	0.5197368421052632	0.11842105263157894	0.42105263157894735	0.9598861605336417	0.881578947368421	0.2947368421052632	0.7105263157894737	0.7105263157894737	NKG7;GNLY;GZMB;PRF1;FOXP3	CD8B		0.0	0.0	0.0	0.0	0.0	0.0
infection_study_07	T_NK_lineage	3	CD8 Naive / T Central Memory	6	152	0.6725603278190924	0.6725603278190924	0.4342105263157895	0.41243421052631574	0.07105263157894737	0.4834868421052631	0.0	0.0	0.0	0.9671052631578947	0.44298245614035087	0.4342105263157895	0.07236842105263158	0.42105263157894735	0.9614438603019921	0.881578947368421	0.3519736842105263	0.15789473684210525	0.15789473684210525	NKG7;GNLY;GZMB;PRF1	CD4		0.0	0.0	0.0	0.0	0.0	0.0
infection_study_07	T_NK_lineage	3	Treg	7	152	0.5771740780088026	0.5771740780088026	0.26973684210526316	0.37583333333333335	0.1682565789473684	0.5440899122807017	0.0	0.0	0.0	0.6578947368421053	0.16917293233082709	0.26973684210526316	0.06578947368421052	0.19078947368421054	0.6575564532231979	0.7960526315789473	0.3333333333333333	0.4342105263157895	0.2532894736842105	NKG7;GNLY;GZMB	CCR7;TCF7		0.0	0.0	0.0	0.0	0.0	0.0
infection_study_07	T_NK_lineage	3	gdT Cell	8	152	0.5532706025193503	0.5532706025193503	0.4473684210526316	0.2744736842105263	0.3024671052631579	0.5769407894736842	0.0	0.0	0.0	0.506578947368421	0.17598684210526316	0.4473684210526316	0.09210526315789473	0.3157894736842105	0.9863704211067722	0.5394736842105263	0.3157894736842105	0.7828947368421053	0.4506578947368421	MS4A1;LST1	NKG7;GNLY		0.0	0.0	0.0	0.0	0.0	0.0
infection_study_07	T_NK_lineage	3	MAIT Cell	9	152	0.748596145090302	0.748596145090302	0.527943756804738	0.2744736842105263	0.2888157894736842	0.5632894736842105	0.0	0.0	0.0	0.9276315789473685	0.325	0.40789473684210525	0.02631578947368421	0.3092105263157895	1.4801960798505311	0.5394736842105263	0.3157894736842105	0.7960526315789473	0.3333333333333333	MS4A1;LST1	NKG7;GNLY;GZMB		0.0	0.0	0.0	0.0	0.0	0.0
infection_study_07	T_NK_lineage	4	CD8 Naive / T Central Memory	1	120	0.9586431932007892	0.9916666666666667	1.0	0.05075	0.0075	0.05825	0.94175	0.94175	0.0	1.0	0.8583333333333334	0.9916666666666667	0.7333333333333333	0.9333333333333333	2.1679951502346855	0.11666666666666667	0.029166666666666667	0.016666666666666666	0.016666666666666666	NKG7;GNLY;GZMB;PRF1	CD4		0.0	0.0	0.0	0.0	0.0	0.94175
infection_study_07	T_NK_lineage	4	CD4 Naive / T Central Memory	2	120	0.9469570496281681	0.9916666666666667	1.0	0.2043333333333333	0.39749999999999996	0.6	0.4	0.4	0.0	1.0	0.7427083333333333	0.9916666666666667	0.7416666666666667	0.9333333333333333	1.8150256776177605	0.475	0.10833333333333332	0.8833333333333333	0.8833333333333333	NKG7;GNLY;GZMB;PRF1;FOXP3	CD8B		0.0	0.0	0.0	0.0	0.0	0.4
infection_study_07	T_NK_lineage	4	Treg	3	120	0.44885415085748975	0.6583333333333333	0.8010836168946021	0.007555555555555555	0.426875	0.43443055555555554	0.3666530613390465	0.3666530613390465	0.0	0.7166666666666667	0.1357142857142857	0.6583333333333333	0.10833333333333334	0.425	1.5710011342450751	0.016666666666666666	0.005555555555555556	0.9916666666666667	0.8625	NKG7;GNLY;GZMB	CCR7;TCF7		0.0	0.0	0.0	0.0	0.0	0.3666530613390465
infection_study_07	T_NK_lineage	4	NK Cell	4	120	0.08263772954924875	0.08263772954924875	0.025	0.18000000000000002	0.39749999999999996	0.5775	0.0	0.0	0.0	0.15833333333333333	0.020833333333333332	0.025	0.0	0.016666666666666666	0.05492023706952821	0.39166666666666666	0.1416666666666667	0.8833333333333333	0.8833333333333333	TRAC;MS4A1;LST1	CD8B		0.0	0.0	0.0	0.0	0.0	0.0
infection_study_07	T_NK_lineage	4	CD4 T Effector Memory	5	120	0.08794961299134922	0.15476190476190474	0.058333333333333334	0.5	0.03937499999999999	0.5393749999999999	0.0	0.0	0.0	0.8916666666666667	0.15476190476190474	0.058333333333333334	0.0	0.041666666666666664	0.0931938004432577	1.0	0.75	0.11666666666666667	0.029166666666666667	CCR7;TCF7;LEF1;FOXP3	NKG7;GNLY;GZMB;PRF1		0.0	0.0	0.0	0.0	0.0	0.0
infection_study_07	T_NK_lineage	4	CD8 Cytotoxic / T Effector Memory	6	120	0.10464410380937927	0.12708333333333333	0.008333333333333333	0.5	0.009375	0.509375	0.0	0.0	0.0	0.8916666666666667	0.12708333333333333	0.008333333333333333	0.0	0.008333333333333333	0.030158846016988584	1.0	0.6458333333333334	0.025	0.0125	CCR7;TCF7;LEF1;MS4A1	KLRD1;FCGR3A		0.0	0.0	0.0	0.0	0.0	0.0
infection_study_07	T_NK_lineage	4	gdT Cell	7	120	0.261951737744726	0.261951737744726	0.03333333333333333	0.06941666666666667	0.003125	0.07254166666666667	0.0	0.0	0.0	0.03333333333333333	0.008333333333333333	0.03333333333333333	0.0	0.025	0.09345358420152387	0.14166666666666666	0.07083333333333333	0.008333333333333333	0.004166666666666667	MS4A1;LST1	NKG7;GNLY		0.0	0.0	0.0	0.0	0.0	0.0
infection_study_07	T_NK_lineage	4	MAIT Cell	8	120	0.5771740780088026	0.5771740780088026	0.0	0.06941666666666667	0.005833333333333334	0.07525	0.0	0.0	0.0	0.9083333333333333	0.2733333333333333	0.0	0.0	0.0	0.03542030921556687	0.14166666666666666	0.07083333333333333	0.016666666666666666	0.005555555555555556	MS4A1;LST1	NKG7;GNLY;GZMB		0.0	0.0	0.0	0.0	0.0	0.0
infection_study_07	T_NK_lineage	4	NKT Cell	9	120	0.09720746699043861	0.21666666666666667	0.21666666666666667	0.06941666666666667	0.39749999999999996	0.46691666666666665	0.0	0.0	0.0	0.43333333333333335	0.10500000000000001	0.21666666666666667	0.0	0.21666666666666667	0.32128173077678984	0.14166666666666666	0.07083333333333333	0.8833333333333333	0.8833333333333333	MS4A1;LST1	CD8B		0.0	0.0	0.0	0.0	0.0	0.0
infection_study_07	T_NK_lineage	5	CD8 Naive / T Central Memory	1	112	0.8351798451965398	0.8351798451965398	0.8837141005040119	0.21183035714285714	0.040178571428571425	0.25200892857142854	0.6317051719325834	0.6317051719325834	0.0	1.0	0.6041666666666666	0.7321428571428571	0.24107142857142858	0.6339285714285714	1.6062849734446194	0.45535714285714285	0.17633928571428573	0.08928571428571429	0.08928571428571429	NKG7;GNLY;GZMB;PRF1	CD4		0.0	0.0	0.0	0.0	0.0	0.6317051719325834
infection_study_07	T_NK_lineage	5	CD4 T Effector Memory	2	112	0.8846562452572468	0.9107142857142857	1.0	0.4350446428571429	0.1630580357142857	0.5981026785714286	0.4018973214285714	0.4018973214285714	0.0	1.0	0.5599489795918368	0.9107142857142857	0.5982142857142857	0.8303571428571429	1.2556809279236152	0.8928571428571429	0.43526785714285715	0.45535714285714285	0.17633928571428573	CCR7;TCF7;LEF1;FOXP3	NKG7;GNLY;GZMB;PRF1		0.0	0.0	0.0	0.0	0.0	0.4018973214285714
infection_study_07	T_NK_lineage	5	CD4 Naive / T Central Memory	3	112	0.8045226893307027	0.8045226893307027	0.857254303890335	0.28528571428571425	0.33749999999999997	0.6	0.257254303890335	0.257254303890335	0.0	0.9910714285714286	0.5167410714285714	0.7589285714285714	0.2857142857142857	0.6339285714285714	1.3933029298470543	0.6339285714285714	0.2017857142857143	0.75	0.75	NKG7;GNLY;GZMB;PRF1;FOXP3	CD8B		0.0	0.0	0.0	0.0	0.0	0.257254303890335
infection_study_07	T_NK_lineage	5	Treg	4	112	0.5062224920321748	0.6071428571428571	0.7198107356575734	0.1731547619047619	0.29263392857142856	0.4657886904761904	0.25402204518138294	0.25402204518138294	0.0	0.6964285714285714	0.18877551020408162	0.6071428571428571	0.23214285714285715	0.375	1.450671514058865	0.36607142857142855	0.15476190476190477	0.7321428571428571	0.48660714285714285	NKG7;GNLY;GZMB	CCR7;TCF7		0.0	0.0	0.0	0.0	0.0	0.25402204518138294
infection_study_07	T_NK_lineage	5	NK Cell	5	112	0.2828957353164365	0.5178571428571429	0.5178571428571429	0.3842261904761905	0.33749999999999997	0.6	0.0	0.0	0.0	0.6428571428571429	0.14732142857142858	0.5178571428571429	0.16964285714285715	0.32142857142857145	0.8282868407016603	0.7767857142857143	0.4047619047619048	0.75	0.75	TRAC;MS4A1;LST1	CD8B		0.0	0.0	0.0	0.0	0.0	0.0
infection_study_07	T_NK_lineage	5	CD8 Cytotoxic / T Effector Memory	6	112	0.29617544392168765	0.3482142857142857	0.3482142857142857	0.4433482142857143	0.12723214285714285	0.5705803571428572	0.0	0.0	0.0	0.9910714285714286	0.3381696428571429	0.3482142857142857	0.08035714285714286	0.24107142857142858	0.5892725173059653	0.9017857142857143	0.4575892857142857	0.3392857142857143	0.16964285714285715	CCR7;TCF7;LEF1;MS4A1	KLRD1;FCGR3A		0.0	0.0	0.0	0.0	0.0	0.0
infection_study_07	T_NK_lineage	5	gdT Cell	7	112	0.48535437850963725	0.48535437850963725	0.35714285714285715	0.28401785714285716	0.13660714285714284	0.420625	0.0	0.0	0.0	0.36607142857142855	0.13392857142857142	0.35714285714285715	0.125	0.2857142857142857	0.7917880595535705	0.5535714285714286	0.3348214285714286	0.3482142857142857	0.2142857142857143	MS4A1;LST1	NKG7;GNLY		0.0	0.0	0.0	0.0	0.0	0.0
infection_study_07	T_NK_lineage	5	MAIT Cell	8	112	0.7845651843982395	0.7845651843982395	0.3817460239503145	0.28401785714285716	0.13303571428571426	0.4170535714285714	0.0	0.0	0.0	0.9821428571428571	0.325	0.33035714285714285	0.008928571428571428	0.2767857142857143	1.2055555243726865	0.5535714285714286	0.3348214285714286	0.36607142857142855	0.15476190476190477	MS4A1;LST1	NKG7;GNLY;GZMB		0.0	0.0	0.0	0.0	0.0	0.0
infection_study_07	T_NK_lineage	5	NKT Cell	9	112	0.3797996661101836	0.3797996661101836	0.2767857142857143	0.28401785714285716	0.33749999999999997	0.6	0.0	0.0	0.0	0.7857142857142857	0.2785714285714286	0.2767857142857143	0.008928571428571428	0.1875	0.4064956352107599	0.5535714285714286	0.3348214285714286	0.75	0.75	MS4A1;LST1	CD8B		0.0	0.0	0.0	0.0	0.0	0.0
infection_study_07	T_NK_lineage	6	CD8 Naive / T Central Memory	1	111	0.923053574138716	0.9819819819819819	1.0	0.03968468468468468	0.012162162162162163	0.051846846846846845	0.9481531531531532	0.9481531531531532	0.0	1.0	0.7522522522522522	0.9819819819819819	0.6756756756756757	0.9009009009009009	2.147033736496301	0.09009009009009009	0.024774774774774775	0.02702702702702703	0.02702702702702703	NKG7;GNLY;GZMB;PRF1	CD4		0.0	0.0	0.0	0.0	0.0	0.9481531531531532
infection_study_07	T_NK_lineage	6	CD4 Naive / T Central Memory	2	111	0.9207770526635302	0.990990990990991	1.0	0.10854054054054053	0.3243243243243243	0.4328648648648648	0.5671351351351352	0.5671351351351352	0.0	1.0	0.670045045045045	0.990990990990991	0.6756756756756757	0.9009009009009009	1.8138013494635907	0.25225225225225223	0.05765765765765766	0.7207207207207207	0.7207207207207207	NKG7;GNLY;GZMB;PRF1;FOXP3	CD8B		0.0	0.0	0.0	0.0	0.0	0.5671351351351352
infection_study_07	T_NK_lineage	6	NK Cell	3	111	0.08984671422067081	0.08984671422067081	0.05405405405405406	0.2299099099099099	0.3243243243243243	0.5542342342342341	0.0	0.0	0.0	0.11711711711711711	0.016891891891891893	0.05405405405405406	0.0	0.02702702702702703	0.1005103952546578	0.4954954954954955	0.18918918918918917	0.7207207207207207	0.7207207207207207	TRAC;MS4A1;LST1	CD8B		0.0	0.0	0.0	0.0	0.0	0.0
infection_study_07	T_NK_lineage	6	CD4 T Effector Memory	4	111	0.1028987706784034	0.17117117117117117	0.05405405405405406	0.5	0.03074324324324324	0.5307432432432433	0.0	0.0	0.0	0.8828828828828829	0.17117117117117117	0.05405405405405406	0.0	0.02702702702702703	0.08735766923553887	0.990990990990991	0.6328828828828829	0.09009009009009009	0.024774774774774775	CCR7;TCF7;LEF1;FOXP3	NKG7;GNLY;GZMB;PRF1		0.0	0.0	0.0	0.0	0.0	0.0
infection_study_07	T_NK_lineage	6	Treg	5	111	0.3137046592806192	0.36936936936936937	0.36936936936936937	0.024504504504504507	0.4189189189189189	0.44342342342342345	0.0	0.0	0.0	0.5405405405405406	0.11196911196911197	0.36936936936936937	0.10810810810810811	0.1891891891891892	0.8917551764246157	0.05405405405405406	0.018018018018018018	0.9819819819819819	0.8288288288288288	NKG7;GNLY;GZMB	CCR7;TCF7		0.0	0.0	0.0	0.0	0.0	0.0
infection_study_07	T_NK_lineage	6	CD8 Cytotoxic / T Effector Memory	6	111	0.09333738048262255	0.10698198198198199	0.02702702702702703	0.5	0.010135135135135136	0.5101351351351351	0.0	0.0	0.0	0.7747747747747747	0.10698198198198199	0.02702702702702703	0.0	0.02702702702702703	0.06091049490408997	1.0	0.5923423423423424	0.02702702702702703	0.013513513513513514	CCR7;TCF7;LEF1;MS4A1	KLRD1;FCGR3A		0.0	0.0	0.0	0.0	0.0	0.0
infection_study_07	T_NK_lineage	6	gdT Cell	7	111	0.2698436788587039	0.2698436788587039	0.036036036036036036	0.11576576576576576	0.010135135135135136	0.1259009009009009	0.0	0.0	0.0	0.036036036036036036	0.009009009009009009	0.036036036036036036	0.0	0.018018018018018018	0.09928229007687879	0.23423423423423423	0.12162162162162163	0.02702702702702703	0.013513513513513514	MS4A1;LST1	NKG7;GNLY		0.0	0.0	0.0	0.0	0.0	0.0
infection_study_07	T_NK_lineage	6	MAIT Cell	8	111	0.6201244498406435	0.6201244498406435	0.02702702702702703	0.11576576576576576	0.01891891891891892	0.1346846846846847	0.0	0.0	0.0	0.9099099099099099	0.2576576576576577	0.02702702702702703	0.0	0.02702702702702703	0.1311508746630449	0.23423423423423423	0.12162162162162163	0.05405405405405406	0.018018018018018018	MS4A1;LST1	NKG7;GNLY;GZMB		0.0	0.0	0.0	0.0	0.0	0.0
infection_study_07	T_NK_lineage	6	NKT Cell	9	111	0.12186978297161936	0.1891891891891892	0.1891891891891892	0.11576576576576576	0.3243243243243243	0.44009009009009004	0.0	0.0	0.0	0.4864864864864865	0.1135135135135135	0.1891891891891892	0.0	0.1891891891891892	0.28233462112380064	0.23423423423423423	0.12162162162162163	0.7207207207207207	0.7207207207207207	MS4A1;LST1	CD8B		0.0	0.0	0.0	0.0	0.0	0.0
infection_study_07	T_NK_lineage	7	NKT Cell	1	108	0.9056761268781301	0.9907407407407407	1.0	0.027222222222222224	0.3333333333333333	0.3605555555555555	0.6394444444444445	0.6394444444444445	0.0	1.0	0.6833333333333333	0.9907407407407407	0.027777777777777776	0.9907407407407407	1.4184693407824935	0.05555555555555555	0.027777777777777776	0.7407407407407407	0.7407407407407407	MS4A1;LST1	CD8B		0.0	0.0	0.0	0.0	0.0	0.6394444444444445
infection_study_07	T_NK_lineage	7	CD8 Cytotoxic / T Effector Memory	2	108	0.9081803005008346	0.9907407407407407	1.0	0.044814814814814814	0.36319444444444443	0.40800925925925924	0.5919907407407408	0.5919907407407408	0.0	1.0	0.9236111111111112	0.9907407407407407	0.9814814814814815	0.9907407407407407	1.6462465037960232	0.10185185185185185	0.027777777777777776	0.8888888888888888	0.6435185185185186	CCR7;TCF7;LEF1;MS4A1	KLRD1;FCGR3A		0.0	0.0	0.0	0.0	0.0	0.5919907407407408
infection_study_07	T_NK_lineage	7	CD4 T Effector Memory	3	108	0.45925026559417215	0.9814814814814815	1.0	0.09717592592592593	0.4409722222222222	0.5381481481481482	0.46185185185185185	0.46185185185185185	0.0	1.0	0.3743386243386243	0.9814814814814815	0.21296296296296297	0.9814814814814815	1.3521940584639616	0.2222222222222222	0.057870370370370364	1.0	0.9398148148148149	CCR7;TCF7;LEF1;FOXP3	NKG7;GNLY;GZMB;PRF1		0.0	0.0	0.0	0.0	0.0	0.46185185185185185
infection_study_07	T_NK_lineage	7	NK Cell	4	108	0.8853392016998027	1.0	1.0	0.3035802469135802	0.3333333333333333	0.6	0.4	0.4	0.0	1.0	0.7881944444444445	1.0	0.9814814814814815	0.9907407407407407	1.5848411268635283	0.6666666666666666	0.22839506172839508	0.7407407407407407	0.7407407407407407	TRAC;MS4A1;LST1	CD8B		0.0	0.0	0.0	0.0	0.0	0.4
infection_study_07	T_NK_lineage	7	gdT Cell	5	108	0.6578388222795568	0.6578388222795568	0.7387407682074141	0.027222222222222224	0.44513888888888886	0.47236111111111106	0.266379657096303	0.266379657096303	0.0	0.6851851851851852	0.2800925925925926	0.6388888888888888	0.3055555555555556	0.4537037037037037	1.399407517274101	0.05555555555555555	0.027777777777777776	0.9907407407407407	0.9861111111111112	MS4A1;LST1	NKG7;GNLY		0.0	0.0	0.0	0.0	0.0	0.266379657096303
infection_study_07	T_NK_lineage	7	CD8 Naive / T Central Memory	6	108	0.35270906055547124	0.35270906055547124	0.06481481481481481	0.5	0.075	0.575	0.0	0.0	0.0	0.8611111111111112	0.23302469135802464	0.06481481481481481	0.0	0.06481481481481481	0.1619282752255154	1.0	0.9398148148148149	0.16666666666666666	0.16666666666666666	NKG7;GNLY;GZMB;PRF1	CD4		0.0	0.0	0.0	0.0	0.0	0.0
infection_study_07	T_NK_lineage	7	Treg	7	108	0.5069054484747306	0.5069054484747306	0.5056031416995134	0.5	0.024305555555555552	0.5243055555555556	0.0	0.0	0.0	0.7314814814814815	0.1798941798941799	0.4722222222222222	0.06481481481481481	0.37962962962962965	1.1335236779091646	0.9907407407407407	0.9660493827160495	0.06481481481481481	0.032407407407407406	NKG7;GNLY;GZMB	CCR7;TCF7		0.0	0.0	0.0	0.0	0.0	0.0
infection_study_07	T_NK_lineage	7	CD4 Naive / T Central Memory	8	108	0.28039156169373197	0.28039156169373197	0.2222222222222222	0.5	0.3333333333333333	0.6	0.0	0.0	0.0	0.6018518518518519	0.11689814814814814	0.2222222222222222	0.009259259259259259	0.16666666666666666	0.42078798294188785	1.0	0.7814814814814814	0.7407407407407407	0.7407407407407407	NKG7;GNLY;GZMB;PRF1;FOXP3	CD8B		0.0	0.0	0.0	0.0	0.0	0.0
infection_study_07	T_NK_lineage	7	MAIT Cell	9	108	0.32349370162391866	0.32349370162391866	0.1388888888888889	0.027222222222222224	0.44212962962962965	0.46935185185185185	0.0	0.0	0.0	0.5740740740740741	0.17037037037037037	0.1388888888888889	0.0	0.1388888888888889	0.5273690483206622	0.05555555555555555	0.027777777777777776	0.9907407407407407	0.9660493827160495	MS4A1;LST1	NKG7;GNLY;GZMB		0.0	0.0	0.0	0.0	0.0	0.0
infection_study_07	T_NK_lineage	8	CD8 Cytotoxic / T Effector Memory	1	103	0.61314311731674	0.970873786407767	1.0	0.14941747572815536	0.2366504854368932	0.3860679611650486	0.6139320388349514	0.6139320388349514	0.0	1.0	0.7354368932038835	0.970873786407767	0.6407766990291263	0.9611650485436893	1.6135648083475853	0.33980582524271846	0.09223300970873785	0.6019417475728155	0.3737864077669903	CCR7;TCF7;LEF1;MS4A1	KLRD1;FCGR3A		0.0	0.0	0.0	0.0	0.0	0.6139320388349514
infection_study_07	T_NK_lineage	8	NKT Cell	2	103	0.8580968280467446	0.970873786407767	1.0	0.11893203883495146	0.3320388349514563	0.45097087378640777	0.5490291262135922	0.5490291262135922	0.0	1.0	0.6135922330097088	0.970873786407767	0.04854368932038835	0.9611650485436893	1.3903095342823706	0.24271844660194175	0.12135922330097088	0.7378640776699029	0.7378640776699029	MS4A1;LST1	CD8B		0.0	0.0	0.0	0.0	0.0	0.5490291262135922
infection_study_07	T_NK_lineage	8	CD4 T Effector Memory	3	103	0.6342388829867962	0.9902912621359223	1.0	0.11669902912621359	0.38992718446601937	0.5066262135922329	0.4933737864077671	0.4933737864077671	0.0	1.0	0.45353675450762837	0.9902912621359223	0.5436893203883495	0.970873786407767	1.3642089405165299	0.2621359223300971	0.07766990291262135	0.970873786407767	0.6577669902912622	CCR7;TCF7;LEF1;FOXP3	NKG7;GNLY;GZMB;PRF1		0.0	0.0	0.0	0.0	0.0	0.4933737864077671
infection_study_07	T_NK_lineage	8	NK Cell	4	103	0.6043405676126878	0.9805825242718447	1.0	0.41249190938511326	0.3320388349514563	0.6	0.4	0.4	0.0	0.9902912621359223	0.5351941747572816	0.9805825242718447	0.7766990291262136	0.9611650485436893	1.5543722019983255	0.8737864077669902	0.3656957928802589	0.7378640776699029	0.7378640776699029	TRAC;MS4A1;LST1	CD8B		0.0	0.0	0.0	0.0	0.0	0.4
infection_study_07	T_NK_lineage	8	gdT Cell	5	103	0.6199726817422978	0.6199726817422978	0.6221003589665396	0.11893203883495146	0.4121359223300971	0.5310679611650486	0.09103239780149097	0.09103239780149097	0.0	0.6601941747572816	0.21359223300970875	0.5631067961165048	0.10679611650485436	0.32038834951456313	1.235974251400139	0.24271844660194175	0.12135922330097088	0.970873786407767	0.8058252427184467	MS4A1;LST1	NKG7;GNLY		0.0	0.0	0.0	0.0	0.0	0.09103239780149097
infection_study_07	T_NK_lineage	8	CD8 Naive / T Central Memory	6	103	0.5067536803763849	0.5067536803763849	0.14563106796116504	0.5	0.061165048543689315	0.5611650485436893	0.0	0.0	0.0	0.941747572815534	0.2977346278317152	0.14563106796116504	0.0	0.14563106796116504	0.3368459905813483	0.970873786407767	0.6577669902912622	0.13592233009708737	0.13592233009708737	NKG7;GNLY;GZMB;PRF1	CD4		0.0	0.0	0.0	0.0	0.0	0.0
infection_study_07	T_NK_lineage	8	Treg	7	103	0.551828805585066	0.551828805585066	0.48034108107567597	0.5	0.05461165048543688	0.5546116504854369	0.0	0.0	0.0	0.6990291262135923	0.1844660194174757	0.4563106796116505	0.05825242718446602	0.3106796116504854	1.0961216058561019	0.970873786407767	0.6893203883495147	0.14563106796116504	0.07281553398058252	NKG7;GNLY;GZMB	CCR7;TCF7		0.0	0.0	0.0	0.0	0.0	0.0
infection_study_07	T_NK_lineage	8	CD4 Naive / T Central Memory	8	103	0.45667020792229474	0.45667020792229474	0.2815533980582524	0.49067961165048546	0.3320388349514563	0.6	0.0	0.0	0.0	0.8349514563106796	0.17597087378640774	0.2815533980582524	0.0	0.14563106796116504	0.5282964098560136	0.970873786407767	0.5533980582524272	0.7378640776699029	0.7378640776699029	NKG7;GNLY;GZMB;PRF1;FOXP3	CD8B		0.0	0.0	0.0	0.0	0.0	0.0
infection_study_07	T_NK_lineage	8	MAIT Cell	9	103	0.606465320989528	0.606465320989528	0.3446438867451877	0.11893203883495146	0.3946601941747573	0.5135922330097087	0.0	0.0	0.0	0.7572815533980582	0.2563106796116505	0.3106796116504854	0.02912621359223301	0.24271844660194175	1.1358571003788092	0.24271844660194175	0.12135922330097088	0.970873786407767	0.6893203883495147	MS4A1;LST1	NKG7;GNLY;GZMB		0.0	0.0	0.0	0.0	0.0	0.0
infection_study_07	T_NK_lineage	9	NK Cell	1	92	0.3940658673546821	0.8260869565217391	0.9910298629959713	0.24355072463768118	0.08315217391304347	0.32670289855072465	0.6643269644452466	0.6643269644452466	0.0	0.9565217391304348	0.3315217391304348	0.8260869565217391	0.45652173913043476	0.6413043478260869	1.3119455389404069	0.5108695652173914	0.2246376811594203	0.18478260869565216	0.18478260869565216	TRAC;MS4A1;LST1	CD8B		0.0	0.0	0.0	0.0	0.0	0.6643269644452466
infection_study_07	T_NK_lineage	9	NKT Cell	2	92	0.5770223099104568	0.8369565217391305	0.8870796730593926	0.16869565217391302	0.08315217391304347	0.2518478260869565	0.6352318469724361	0.6352318469724361	0.0	0.9347826086956522	0.4413043478260869	0.8369565217391305	0.2826086956521739	0.6413043478260869	1.2004926052810485	0.33695652173913043	0.18478260869565216	0.18478260869565216	0.18478260869565216	MS4A1;LST1	CD8B		0.0	0.0	0.0	0.0	0.0	0.6352318469724361
infection_study_07	T_NK_lineage	9	CD8 Cytotoxic / T Effector Memory	3	92	0.33252390347548944	0.8152173913043478	0.9045938126891956	0.20869565217391306	0.09048913043478261	0.2991847826086957	0.6054090300805	0.6054090300805	0.0	0.9782608695652174	0.42391304347826086	0.8152173913043478	0.3804347826086957	0.6413043478260869	1.3575056855393912	0.4673913043478261	0.14130434782608697	0.2391304347826087	0.125	CCR7;TCF7;LEF1;MS4A1	KLRD1;FCGR3A		0.0	0.0	0.0	0.0	0.0	0.6054090300805
infection_study_07	T_NK_lineage	9	CD4 T Effector Memory	4	92	0.9326908483836698	0.9326908483836698	1.0	0.12532608695652173	0.3480978260869565	0.4734239130434782	0.5265760869565218	0.5265760869565218	0.0	1.0	0.6599378881987578	0.9130434782608695	0.5978260869565217	0.8695652173913043	1.2588575080023507	0.2826086956521739	0.08152173913043478	0.9239130434782609	0.47282608695652173	CCR7;TCF7;LEF1;FOXP3	NKG7;GNLY;GZMB;PRF1		0.0	0.0	0.0	0.0	0.0	0.5265760869565218
infection_study_07	T_NK_lineage	9	MAIT Cell	5	92	0.9752617999696465	0.9891304347826086	1.0	0.16869565217391302	0.30652173913043473	0.47521739130434776	0.5247826086956522	0.5247826086956522	0.0	1.0	0.6652173913043478	0.9891304347826086	0.43478260869565216	0.9782608695652174	3.538950894668376	0.33695652173913043	0.18478260869565216	0.8152173913043478	0.41304347826086957	MS4A1;LST1	NKG7;GNLY;GZMB		0.0	0.0	0.0	0.0	0.0	0.5247826086956522
infection_study_07	T_NK_lineage	9	gdT Cell	6	92	0.8256184550007588	0.8478260869565217	1.0	0.16869565217391302	0.3342391304347826	0.5029347826086956	0.4970652173913044	0.4970652173913044	0.0	0.9239130434782609	0.5625	0.8478260869565217	0.44565217391304346	0.8043478260869565	1.8500059026381932	0.33695652173913043	0.18478260869565216	0.8152173913043478	0.5978260869565217	MS4A1;LST1	NKG7;GNLY		0.0	0.0	0.0	0.0	0.0	0.4970652173913044
infection_study_07	T_NK_lineage	9	CD8 Naive / T Central Memory	7	92	0.4079526483533161	0.4079526483533161	0.2717391304347826	0.45510869565217393	0.0048913043478260865	0.46	0.0	0.0	0.0	0.9347826086956522	0.2554347826086956	0.2717391304347826	0.03260869565217391	0.2608695652173913	0.609792747168665	0.9239130434782609	0.47282608695652173	0.010869565217391304	0.010869565217391304	NKG7;GNLY;GZMB;PRF1	CD4		0.0	0.0	0.0	0.0	0.0	0.0
infection_study_07	T_NK_lineage	9	CD4 Naive / T Central Memory	8	92	0.6028987706784035	0.6028987706784035	0.2717391304347826	0.43891304347826093	0.08315217391304347	0.5220652173913044	0.0	0.0	0.0	0.9891304347826086	0.26766304347826086	0.2717391304347826	0.03260869565217391	0.2608695652173913	0.5105129012933409	0.9347826086956522	0.3804347826086957	0.18478260869565216	0.18478260869565216	NKG7;GNLY;GZMB;PRF1;FOXP3	CD8B		0.0	0.0	0.0	0.0	0.0	0.0
infection_study_07	T_NK_lineage	9	Treg	9	92	0.6340871148884504	0.6340871148884504	0.16304347826086957	0.4006521739130435	0.1043478260869565	0.505	0.0	0.0	0.0	0.8913043478260869	0.17857142857142858	0.16304347826086957	0.0	0.14130434782608695	0.4067603500571657	0.8152173913043478	0.41304347826086957	0.2717391304347826	0.15217391304347827	NKG7;GNLY;GZMB	CCR7;TCF7		0.0	0.0	0.0	0.0	0.0	0.0
infection_study_07	Myeloid_lineage	0	Non-Classical Monocyte	1	172	0.5526635301259675	1.0	1.0	0.12166666666666666	0.4081395348837209	0.5298062015503876	0.4701937984496124	0.4701937984496124	0.0	1.0	0.375	1.0	0.45348837209302323	1.0	1.0	0.26744186046511625	0.09108527131782947	0.9767441860465116	0.7674418604651163	S100A8;S100A9;VCAN	NKG7;GNLY		0.0	0.0	0.0	0.0	0.0	0.4701937984496124
infection_study_07	Myeloid_lineage	0	Conventional DC 2	2	172	0.754742753073304	0.8604651162790697	0.6236434108527131	0.1316860465116279	0.04447674418604651	0.17616279069767443	0.4474806201550387	0.4474806201550387	0.0	0.8604651162790697	0.49612403100775193	0.8604651162790697	0.0	0.49612403100775193	1.0395682121167233	0.26744186046511625	0.1366279069767442	0.11627906976744186	0.06395348837209303	S100A8;S100A9	FCN1;LST1		0.0	0.0	0.0	0.0	0.0	0.4474806201550387
infection_study_07	Myeloid_lineage	0	Intermediate Monocyte	3	172	0.681742297769009	1.0	1.0	0.5	0.12209302325581395	0.6	0.4	0.4	0.0	1.0	0.38372093023255816	1.0	0.4127906976744186	1.0	1.0	0.9651162790697675	0.9651162790697675	0.32558139534883723	0.16279069767441862	NKG7	VCAN;FCGR3A		0.0	0.0	0.0	0.0	0.0	0.4
infection_study_07	Myeloid_lineage	0	Neutrophil	4	172	0.8524814084079526	0.8524814084079526	0.3466845746246688	0.10540697674418605	0.04447674418604651	0.14988372093023256	0.19680085369443623	0.19680085369443623	0.0	0.5988372093023255	0.20058139534883723	0.26744186046511625	0.005813953488372093	0.20930232558139536	1.3169708566382101	0.21511627906976744	0.10755813953488372	0.11627906976744186	0.06395348837209303	MS4A1;CD79A	FCN1;LST1		0.0	0.0	0.0	0.0	0.0	0.19680085369443623
infection_study_07	Myeloid_lineage	0	Conventional DC 1	5	172	0.7616482015480346	0.7616482015480346	0.37201652386780903	0.03837209302325582	0.17790697674418604	0.21627906976744185	0.15573745410036718	0.15573745410036718	0.0	0.45930232558139533	0.25872093023255816	0.13372093023255813	0.13372093023255813	0.13372093023255813	1.4182986536107711	0.06395348837209303	0.06395348837209303	0.3953488372093023	0.3953488372093023	S100A8	HLA-DRA		0.0	0.0	0.0	0.0	0.0	0.15573745410036718
infection_study_07	Myeloid_lineage	0	Classical Monocyte	6	172	0.5627561086659585	0.5627561086659585	0.0872093023255814	0.5	0.17790697674418604	0.6	0.0	0.0	0.0	0.6511627906976745	0.10901162790697674	0.0872093023255814	0.0	0.06395348837209303	0.7797537619699042	1.0	0.6627906976744187	0.3953488372093023	0.3953488372093023	FCGR3A;MS4A7	HLA-DRA		0.0	0.0	0.0	0.0	0.0	0.0
infection_study_07	Myeloid_lineage	0	Basophil	7	172	0.5277735619972682	0.5277735619972682	0.023255813953488372	0.1304651162790698	0.0	0.1304651162790698	0.0	0.0	0.0	0.023255813953488372	0.023255813953488372	0.023255813953488372	0.0	0.023255813953488372	0.3347900733572655	0.2558139534883721	0.1511627906976744	0.0	0.0	MS4A1;LST1			0.0	0.0	0.0	0.0	0.0	0.0
infection_study_07	Myeloid_lineage	0	Eosinophil	8	172	0.5000758840491729	0.5000758840491729	0.0	0.12156976744186046	0.0	0.12156976744186046	0.0	0.0	0.0	0.0	0.0	0.0	0.0	0.0	1.0	0.2441860465116279	0.1308139534883721	0.0	0.0	S100A8;MS4A1			0.0	0.0	0.0	0.0	0.0	0.0
infection_study_07	Myeloid_lineage	0	Plasmacytoid DC	9	172	0.6286993473971771	0.6286993473971771	0.046511627906976744	0.12031007751937986	0.23459302325581394	0.3549031007751938	0.0	0.0	0.0	0.7441860465116279	0.3313953488372093	0.023255813953488372	0.023255813953488372	0.023255813953488372	0.3347900733572655	0.2616279069767442	0.09496124031007752	0.6511627906976745	0.2616279069767442	MS4A1;FCN1;S100A8	MZB1;XBP1;PRDM1		0.0	0.0	0.0	0.0	0.0	0.0
infection_study_07	Myeloid_lineage	0	Mast Cell	10	172	0.5000758840491729	0.5000758840491729	0.0	0.1304651162790698	0.0	0.1304651162790698	0.0	0.0	0.0	0.0	0.0	0.0	0.0	0.0	1.0	0.2558139534883721	0.1511627906976744	0.0	0.0	MS4A1;LST1			0.0	0.0	0.0	0.0	0.0	0.0
infection_study_07	Myeloid_lineage	1	Conventional DC 2	1	151	0.8980118379116709	0.8980118379116709	0.6477924944812362	0.04218543046357616	0.049668874172185434	0.0918543046357616	0.5559381898454746	0.5559381898454746	0.0	0.8874172185430463	0.5187637969094924	0.8874172185430463	0.0	0.5187637969094924	1.0717562323364407	0.08609271523178808	0.04304635761589404	0.13245033112582782	0.06622516556291391	S100A8;S100A9	FCN1;LST1		0.0	0.0	0.0	0.0	0.0	0.5559381898454746
infection_study_07	Myeloid_lineage	1	Non-Classical Monocyte	2	151	0.7724996205797542	1.0	1.0	0.051523178807947025	0.4380794701986755	0.48960264900662254	0.5103973509933775	0.5103973509933775	0.0	1.0	0.5066225165562914	1.0	0.7350993377483444	1.0	1.0	0.11258278145695365	0.039735099337748346	1.0	0.9205298013245033	S100A8;S100A9;VCAN	NKG7;GNLY		0.0	0.0	0.0	0.0	0.0	0.5103973509933775
infection_study_07	Myeloid_lineage	1	Intermediate Monocyte	3	151	0.6351494915768705	1.0	1.0	0.5	0.22599337748344372	0.6	0.4	0.4	0.0	1.0	0.3763796909492274	1.0	0.3708609271523179	1.0	1.0	1.0	1.0	0.5960264900662252	0.3145695364238411	NKG7	VCAN;FCGR3A		0.0	0.0	0.0	0.0	0.0	0.4
infection_study_07	Myeloid_lineage	1	Classical Monocyte	4	151	0.5985733798755501	0.5985733798755501	0.0728476821192053	0.5	0.1639072847682119	0.6	0.0	0.0	0.0	0.6225165562913907	0.11175496688741722	0.0728476821192053	0.006622516556291391	0.039735099337748346	0.6645535998866735	1.0	0.7980132450331126	0.36423841059602646	0.36423841059602646	FCGR3A;MS4A7	HLA-DRA		0.0	0.0	0.0	0.0	0.0	0.0
infection_study_07	Myeloid_lineage	1	Eosinophil	5	151	0.5000758840491729	0.5000758840491729	0.0	0.05337748344370861	0.0	0.05337748344370861	0.0	0.0	0.0	0.0	0.0	0.0	0.0	0.0	1.0	0.10596026490066225	0.059602649006622516	0.0	0.0	S100A8;MS4A1			0.0	0.0	0.0	0.0	0.0	0.0
infection_study_07	Myeloid_lineage	1	Neutrophil	6	151	0.4245712551221733	0.4245712551221733	0.08609271523178808	0.05516556291390729	0.049668874172185434	0.10483443708609272	0.0	0.0	0.0	0.23178807947019867	0.061258278145695365	0.08609271523178808	0.0	0.046357615894039736	0.45613630648000664	0.11258278145695365	0.056291390728476824	0.13245033112582782	0.06622516556291391	MS4A1;CD79A	FCN1;LST1		0.0	0.0	0.0	0.0	0.0	0.0
infection_study_07	Myeloid_lineage	1	Basophil	7	151	0.5277735619972682	0.5277735619972682	0.00662251655629139	0.09556291390728477	0.0	0.09556291390728477	0.0	0.0	0.0	0.006622516556291391	0.006622516556291391	0.006622516556291391	0.0	0.006622516556291391	0.16734077070092007	0.19205298013245034	0.10264900662251655	0.0	0.0	MS4A1;LST1			0.0	0.0	0.0	0.0	0.0	0.0
infection_study_07	Myeloid_lineage	1	Mast Cell	8	151	0.5000758840491729	0.5000758840491729	0.0	0.09556291390728477	0.0	0.09556291390728477	0.0	0.0	0.0	0.0	0.0	0.0	0.0	0.0	1.0	0.19205298013245034	0.10264900662251655	0.0	0.0	MS4A1;LST1			0.0	0.0	0.0	0.0	0.0	0.0
infection_study_07	Myeloid_lineage	1	Plasmacytoid DC	9	151	0.7623311579905904	0.7623311579905904	0.013245033112582781	0.05200883002207506	0.22980132450331126	0.2818101545253863	0.0	0.0	0.0	0.8741721854304636	0.38852097130242824	0.006622516556291391	0.006622516556291391	0.006622516556291391	0.16734077070092007	0.11258278145695365	0.04194260485651214	0.6291390728476821	0.2737306843267108	MS4A1;FCN1;S100A8	MZB1;XBP1;PRDM1		0.0	0.0	0.0	0.0	0.0	0.0
infection_study_07	Myeloid_lineage	1	Conventional DC 1	10	151	0.6101077553498254	0.6101077553498254	0.026490066225165563	0.02384105960264901	0.1639072847682119	0.1877483443708609	0.0	0.0	0.0	0.16556291390728478	0.08940397350993379	0.013245033112582781	0.013245033112582781	0.013245033112582781	0.22939177413733008	0.039735099337748346	0.039735099337748346	0.36423841059602646	0.36423841059602646	S100A8	HLA-DRA		0.0	0.0	0.0	0.0	0.0	0.0
infection_study_07	Myeloid_lineage	10	Intermediate Monocyte	1	76	0.8626498709971164	1.0	1.0	0.015789473684210527	0.0	0.015789473684210527	0.9842105263157894	0.9842105263157894	0.0	1.0	0.35964912280701755	1.0	0.10526315789473684	1.0	1.0	0.02631578947368421	0.02631578947368421	0.0	0.0	NKG7	VCAN;FCGR3A		0.0	0.0	0.0	0.0	0.0	0.9842105263157894
infection_study_07	Myeloid_lineage	10	Non-Classical Monocyte	2	76	0.7574745788435271	1.0	1.0	0.08947368421052632	0.02072368421052631	0.11019736842105263	0.8898026315789473	0.8898026315789473	0.0	1.0	0.3442982456140351	1.0	0.0	1.0	1.0	0.19736842105263158	0.06578947368421052	0.05263157894736842	0.03289473684210526	S100A8;S100A9;VCAN	NKG7;GNLY		0.0	0.0	0.0	0.0	0.0	0.8898026315789473
infection_study_07	Myeloid_lineage	10	Conventional DC 1	3	76	0.30581271816664135	0.30581271816664135	0.18611495844875345	0.055263157894736833	0.029605263157894735	0.08486842105263157	0.10124653739612188	0.10124653739612188	0.0	0.15789473684210525	0.08552631578947367	0.09210526315789473	0.09210526315789473	0.09210526315789473	1.007617728531856	0.09210526315789473	0.09210526315789473	0.06578947368421052	0.06578947368421052	S100A8	HLA-DRA		0.0	0.0	0.0	0.0	0.0	0.10124653739612188
infection_study_07	Myeloid_lineage	10	Plasmacytoid DC	4	76	0.17119441493398085	0.17119441493398085	0.1911868597668668	0.055614035087719296	0.11052631578947367	0.16614035087719298	0.02504650888967383	0.02504650888967383	0.0	0.34210526315789475	0.13157894736842105	0.09210526315789473	0.09210526315789473	0.09210526315789473	1.0279053338043094	0.11842105263157894	0.048245614035087724	0.3157894736842105	0.10526315789473685	MS4A1;FCN1;S100A8	MZB1;XBP1;PRDM1		0.0	0.0	0.0	0.0	0.0	0.02504650888967383
infection_study_07	Myeloid_lineage	10	Classical Monocyte	5	76	0.9373956594323873	0.9373956594323873	0.1259499014916971	0.49	0.029605263157894735	0.5196052631578947	0.0	0.0	0.0	0.8947368421052632	0.16611842105263158	0.11842105263157894	0.013157894736842105	0.09210526315789473	1.0301153954404727	1.0	0.5	0.06578947368421052	0.06578947368421052	FCGR3A;MS4A7	HLA-DRA		0.0	0.0	0.0	0.0	0.0	0.0
infection_study_07	Myeloid_lineage	10	Neutrophil	6	76	0.522841098801032	0.522841098801032	0.19736842105263158	0.2013157894736842	0.25263157894736843	0.45394736842105265	0.0	0.0	0.0	0.3684210526315789	0.09539473684210525	0.19736842105263158	0.0	0.10526315789473684	0.9843437708194538	0.40789473684210525	0.21052631578947367	0.6710526315789473	0.34210526315789475	MS4A1;CD79A	FCN1;LST1		0.0	0.0	0.0	0.0	0.0	0.0
infection_study_07	Myeloid_lineage	10	Basophil	7	76	0.5277735619972682	0.5277735619972682	0.09210526315789473	0.3223684210526316	0.0	0.3223684210526316	0.0	0.0	0.0	0.09210526315789473	0.09210526315789473	0.09210526315789473	0.0	0.09210526315789473	1.0279053338043094	0.6578947368421053	0.32894736842105265	0.0	0.0	MS4A1;LST1			0.0	0.0	0.0	0.0	0.0	0.0
infection_study_07	Myeloid_lineage	10	Eosinophil	8	76	0.5000758840491729	0.5000758840491729	0.0	0.046578947368421046	0.0	0.046578947368421046	0.0	0.0	0.0	0.0	0.0	0.0	0.0	0.0	1.0	0.09210526315789473	0.05263157894736842	0.0	0.0	S100A8;MS4A1			0.0	0.0	0.0	0.0	0.0	0.0
infection_study_07	Myeloid_lineage	10	Mast Cell	9	76	0.5000758840491729	0.5000758840491729	0.0	0.3223684210526316	0.0	0.3223684210526316	0.0	0.0	0.0	0.0	0.0	0.0	0.0	0.0	1.0	0.6578947368421053	0.32894736842105265	0.0	0.0	MS4A1;LST1			0.0	0.0	0.0	0.0	0.0	0.0
infection_study_07	Myeloid_lineage	10	Conventional DC 2	10	76	0.26635301259675215	0.32894736842105265	0.20350877192982458	0.09671052631578947	0.25263157894736843	0.3493421052631579	0.0	0.0	0.0	0.32894736842105265	0.13596491228070176	0.32894736842105265	0.0	0.13596491228070176	0.40479383171304056	0.19736842105263158	0.09868421052631579	0.6710526315789473	0.34210526315789475	S100A8;S100A9	FCN1;LST1		0.0	0.0	0.0	0.0	0.0	0.0
infection_study_07	Myeloid_lineage	11	Conventional DC 2	1	58	0.8005008347245409	0.8005008347245409	0.5764367816091954	0.033793103448275866	0.01939655172413793	0.053189655172413794	0.5232471264367816	0.5232471264367816	0.0	0.7931034482758621	0.4597701149425288	0.7931034482758621	0.0	0.4597701149425288	0.9591203602020646	0.06896551724137931	0.034482758620689655	0.05172413793103448	0.02586206896551724	S100A8;S100A9	FCN1;LST1		0.0	0.0	0.0	0.0	0.0	0.5232471264367816
infection_study_07	Myeloid_lineage	11	Non-Classical Monocyte	2	58	0.8977841857641524	1.0	1.0	0.03126436781609195	0.44870689655172413	0.47997126436781606	0.520028735632184	0.520028735632184	0.0	1.0	0.617816091954023	1.0	0.9310344827586207	1.0	1.0	0.06896551724137931	0.022988505747126436	1.0	0.9913793103448276	S100A8;S100A9;VCAN	NKG7;GNLY		0.0	0.0	0.0	0.0	0.0	0.520028735632184
infection_study_07	Myeloid_lineage	11	Intermediate Monocyte	3	58	0.5057671877371377	1.0	1.0	0.5	0.3168103448275862	0.6	0.4	0.4	0.0	1.0	0.3218390804597701	1.0	0.3275862068965517	1.0	1.0	1.0	1.0	0.8448275862068966	0.4224137931034483	NKG7	VCAN;FCGR3A		0.0	0.0	0.0	0.0	0.0	0.4
infection_study_07	Myeloid_lineage	11	Classical Monocyte	4	58	0.6812111094247989	0.6812111094247989	0.0	0.5	0.14741379310344827	0.6	0.0	0.0	0.0	0.7586206896551724	0.1228448275862069	0.0	0.0	0.0	0.08021390374331551	1.0	0.9224137931034483	0.3275862068965517	0.3275862068965517	FCGR3A;MS4A7	HLA-DRA		0.0	0.0	0.0	0.0	0.0	0.0
infection_study_07	Myeloid_lineage	11	Eosinophil	5	58	0.5000758840491729	0.5000758840491729	0.0	0.008448275862068966	0.0	0.008448275862068966	0.0	0.0	0.0	0.0	0.0	0.0	0.0	0.0	1.0	0.017241379310344827	0.008620689655172414	0.0	0.0	S100A8;MS4A1			0.0	0.0	0.0	0.0	0.0	0.0
infection_study_07	Myeloid_lineage	11	Neutrophil	6	58	0.5515252693883745	0.5515252693883745	0.06896551724137931	0.05068965517241379	0.01939655172413793	0.07008620689655172	0.0	0.0	0.0	0.15517241379310345	0.04310344827586207	0.06896551724137931	0.0	0.06896551724137931	0.37483631601920553	0.10344827586206896	0.05172413793103449	0.05172413793103448	0.02586206896551724	MS4A1;CD79A	FCN1;LST1		0.0	0.0	0.0	0.0	0.0	0.0
infection_study_07	Myeloid_lineage	11	Basophil	7	58	0.5277735619972682	0.5277735619972682	0.0	0.033793103448275866	0.0	0.033793103448275866	0.0	0.0	0.0	0.0	0.0	0.0	0.0	0.0	0.10067114093959732	0.06896551724137931	0.034482758620689655	0.0	0.0	MS4A1;LST1			0.0	0.0	0.0	0.0	0.0	0.0
infection_study_07	Myeloid_lineage	11	Mast Cell	8	58	0.5000758840491729	0.5000758840491729	0.0	0.033793103448275866	0.0	0.033793103448275866	0.0	0.0	0.0	0.0	0.0	0.0	0.0	0.0	1.0	0.06896551724137931	0.034482758620689655	0.0	0.0	MS4A1;LST1			0.0	0.0	0.0	0.0	0.0	0.0
infection_study_07	Myeloid_lineage	11	Plasmacytoid DC	9	58	0.8311579905903779	0.8311579905903779	0.0	0.007816091954022988	0.2310344827586207	0.2388505747126437	0.0	0.0	0.0	0.9827586206896551	0.4252873563218391	0.0	0.0	0.0	0.10067114093959732	0.017241379310344827	0.005747126436781609	0.6206896551724138	0.29885057471264365	MS4A1;FCN1;S100A8	MZB1;XBP1;PRDM1		0.0	0.0	0.0	0.0	0.0	0.0
infection_study_07	Myeloid_lineage	11	Conventional DC 1	10	58	0.7495826377295493	0.7495826377295493	0.0	0.0	0.14741379310344827	0.14741379310344827	0.0	0.0	0.0	0.3793103448275862	0.1896551724137931	0.0	0.0	0.0	0.09868421052631579	0.0	0.0	0.3275862068965517	0.3275862068965517	S100A8	HLA-DRA		0.0	0.0	0.0	0.0	0.0	0.0
infection_study_07	Myeloid_lineage	12	Non-Classical Monocyte	1	55	0.8203065715586584	1.0	1.0	0.09066666666666667	0.44045454545454543	0.5311212121212121	0.4688787878787879	0.4688787878787879	0.0	1.0	0.5939393939393939	1.0	0.7818181818181819	1.0	1.0	0.2	0.06666666666666667	1.0	0.9363636363636363	S100A8;S100A9;VCAN	NKG7;GNLY		0.0	0.0	0.0	0.0	0.0	0.4688787878787879
infection_study_07	Myeloid_lineage	12	Intermediate Monocyte	2	55	0.7819092426771893	1.0	1.0	0.5	0.2727272727272727	0.6	0.4	0.4	0.0	1.0	0.503030303030303	1.0	0.4727272727272727	1.0	1.0	1.0	1.0	0.7272727272727273	0.36363636363636365	NKG7	VCAN;FCGR3A		0.0	0.0	0.0	0.0	0.0	0.4
infection_study_07	Myeloid_lineage	12	Conventional DC 2	3	55	0.8808620427986037	0.8808620427986037	0.6260606060606061	0.09800000000000002	0.24545454545454543	0.34345454545454546	0.28260606060606064	0.28260606060606064	0.0	0.8545454545454545	0.503030303030303	0.8545454545454545	0.0	0.503030303030303	1.0324985524030108	0.2	0.1	0.6545454545454545	0.32727272727272727	S100A8;S100A9	FCN1;LST1		0.0	0.0	0.0	0.0	0.0	0.28260606060606064
infection_study_07	Myeloid_lineage	12	Classical Monocyte	4	55	0.6475944756412202	0.6475944756412202	0.2618376276130287	0.5	0.2127272727272727	0.6	0.0	0.0	0.0	0.9090909090909091	0.20909090909090908	0.16363636363636364	0.0	0.16363636363636364	1.3928050559066603	1.0	0.8636363636363636	0.4727272727272727	0.4727272727272727	FCGR3A;MS4A7	HLA-DRA		0.0	0.0	0.0	0.0	0.0	0.0
infection_study_07	Myeloid_lineage	12	Eosinophil	5	55	0.5000758840491729	0.5000758840491729	0.0	0.09309090909090909	0.0	0.09309090909090909	0.0	0.0	0.0	0.0	0.0	0.0	0.0	0.0	1.0	0.18181818181818182	0.10909090909090909	0.0	0.0	S100A8;MS4A1			0.0	0.0	0.0	0.0	0.0	0.0
infection_study_07	Myeloid_lineage	12	Neutrophil	6	55	0.6205797541356807	0.6205797541356807	0.2	0.16927272727272727	0.24545454545454543	0.4147272727272727	0.0	0.0	0.0	0.3090909090909091	0.08636363636363636	0.2	0.0	0.16363636363636364	0.9968354430379748	0.34545454545454546	0.17272727272727273	0.6545454545454545	0.32727272727272727	MS4A1;CD79A	FCN1;LST1		0.0	0.0	0.0	0.0	0.0	0.0
infection_study_07	Myeloid_lineage	12	Basophil	7	55	0.5277735619972682	0.5277735619972682	0.0	0.34054545454545454	0.0	0.34054545454545454	0.0	0.0	0.0	0.0	0.0	0.0	0.0	0.0	0.10067114093959732	0.6909090909090909	0.35454545454545455	0.0	0.0	MS4A1;LST1			0.0	0.0	0.0	0.0	0.0	0.0
infection_study_07	Myeloid_lineage	12	Mast Cell	8	55	0.5000758840491729	0.5000758840491729	0.0	0.34054545454545454	0.0	0.34054545454545454	0.0	0.0	0.0	0.0	0.0	0.0	0.0	0.0	1.0	0.6909090909090909	0.35454545454545455	0.0	0.0	MS4A1;LST1			0.0	0.0	0.0	0.0	0.0	0.0
infection_study_07	Myeloid_lineage	12	Plasmacytoid DC	9	55	0.7679465776293823	0.7679465776293823	0.0	0.08509090909090909	0.17454545454545456	0.25963636363636367	0.0	0.0	0.0	0.8363636363636363	0.35151515151515156	0.0	0.0	0.0	0.10067114093959732	0.18181818181818182	0.07272727272727272	0.4909090909090909	0.1818181818181818	MS4A1;FCN1;S100A8	MZB1;XBP1;PRDM1		0.0	0.0	0.0	0.0	0.0	0.0
infection_study_07	Myeloid_lineage	12	Conventional DC 1	10	55	0.7694642586128396	0.7694642586128396	0.0	0.09818181818181818	0.2127272727272727	0.3109090909090909	0.0	0.0	0.0	0.4	0.2	0.0	0.0	0.0	0.09868421052631579	0.16363636363636364	0.16363636363636364	0.4727272727272727	0.4727272727272727	S100A8	HLA-DRA		0.0	0.0	0.0	0.0	0.0	0.0
infection_study_07	Myeloid_lineage	13	Non-Classical Monocyte	1	49	0.4073455759599332	1.0	1.0	0.1310204081632653	0.42091836734693877	0.5519387755102041	0.4480612244897959	0.4480612244897959	0.0	1.0	0.3333333333333333	1.0	0.40816326530612246	1.0	1.0	0.2857142857142857	0.10204081632653061	0.9795918367346939	0.846938775510204	S100A8;S100A9;VCAN	NKG7;GNLY		0.0	0.0	0.0	0.0	0.0	0.4480612244897959
infection_study_07	Myeloid_lineage	13	Intermediate Monocyte	2	49	0.7123994536348459	1.0	1.0	0.5	0.09183673469387754	0.5918367346938775	0.40816326530612246	0.40816326530612246	0.0	1.0	0.3877551020408163	1.0	0.4489795918367347	1.0	1.0	0.9591836734693877	0.9591836734693877	0.24489795918367346	0.12244897959183673	NKG7	VCAN;FCGR3A		0.0	0.0	0.0	0.0	0.0	0.40816326530612246
infection_study_07	Myeloid_lineage	13	Conventional DC 2	3	49	0.8306268022461678	0.8306268022461678	0.55	0.13999999999999999	0.06275510204081633	0.20275510204081632	0.34724489795918373	0.34724489795918373	0.0	0.7755102040816326	0.4285714285714286	0.7755102040816326	0.0	0.4285714285714286	0.9381093201611854	0.2857142857142857	0.14285714285714285	0.16326530612244897	0.09183673469387754	S100A8;S100A9	FCN1;LST1		0.0	0.0	0.0	0.0	0.0	0.34724489795918373
infection_study_07	Myeloid_lineage	13	Neutrophil	4	49	0.669449081803005	0.669449081803005	0.3866410488245931	0.11	0.06275510204081633	0.17275510204081634	0.21388594678377676	0.21388594678377676	0.0	0.42857142857142855	0.12244897959183673	0.2857142857142857	0.0	0.1836734693877551	1.4037070524412296	0.22448979591836735	0.11224489795918367	0.16326530612244897	0.09183673469387754	MS4A1;CD79A	FCN1;LST1		0.0	0.0	0.0	0.0	0.0	0.21388594678377676
infection_study_07	Myeloid_lineage	13	Classical Monocyte	5	49	0.6806799210805888	0.6806799210805888	0.13805522208883556	0.5	0.18367346938775508	0.6	0.0	0.0	0.0	0.6530612244897959	0.14285714285714285	0.12244897959183673	0.02040816326530612	0.10204081632653061	1.0624249699879953	1.0	0.6122448979591837	0.40816326530612246	0.40816326530612246	FCGR3A;MS4A7	HLA-DRA		0.0	0.0	0.0	0.0	0.0	0.0
infection_study_07	Myeloid_lineage	13	Eosinophil	6	49	0.5000758840491729	0.5000758840491729	0.0	0.15000000000000002	0.0	0.15000000000000002	0.0	0.0	0.0	0.0	0.0	0.0	0.0	0.0	1.0	0.30612244897959184	0.15306122448979592	0.0	0.0	S100A8;MS4A1			0.0	0.0	0.0	0.0	0.0	0.0
infection_study_07	Myeloid_lineage	13	Basophil	7	49	0.5277735619972682	0.5277735619972682	0.02040816326530612	0.146734693877551	0.0	0.146734693877551	0.0	0.0	0.0	0.02040816326530612	0.02040816326530612	0.02040816326530612	0.0	0.02040816326530612	0.30612244897959184	0.2857142857142857	0.17346938775510204	0.0	0.0	MS4A1;LST1			0.0	0.0	0.0	0.0	0.0	0.0
infection_study_07	Myeloid_lineage	13	Mast Cell	8	49	0.5000758840491729	0.5000758840491729	0.0	0.146734693877551	0.0	0.146734693877551	0.0	0.0	0.0	0.0	0.0	0.0	0.0	0.0	1.0	0.2857142857142857	0.17346938775510204	0.0	0.0	MS4A1;LST1			0.0	0.0	0.0	0.0	0.0	0.0
infection_study_07	Myeloid_lineage	13	Plasmacytoid DC	9	49	0.6149643344968888	0.6149643344968888	0.04081632653061224	0.1417687074829932	0.19183673469387755	0.3336054421768707	0.0	0.0	0.0	0.7346938775510204	0.28571428571428575	0.02040816326530612	0.02040816326530612	0.02040816326530612	0.30612244897959184	0.30612244897959184	0.11564625850340136	0.5306122448979592	0.217687074829932	MS4A1;FCN1;S100A8	MZB1;XBP1;PRDM1		0.0	0.0	0.0	0.0	0.0	0.0
infection_study_07	Myeloid_lineage	13	Conventional DC 1	10	49	0.5629078767643041	0.5629078767643041	0.0	0.061224489795918366	0.18367346938775508	0.24489795918367346	0.0	0.0	0.0	0.20408163265306123	0.10204081632653061	0.0	0.0	0.0	0.09868421052631579	0.10204081632653061	0.10204081632653061	0.40816326530612246	0.40816326530612246	S100A8	HLA-DRA		0.0	0.0	0.0	0.0	0.0	0.0
infection_study_07	Myeloid_lineage	14	Neutrophil	1	18	0.24328426164820155	0.5555555555555556	0.8055555555555556	0.0	0.0	0.0	0.8055555555555556	0.8055555555555556	0.0	0.5555555555555556	0.1527777777777778	0.5555555555555556	0.0	0.5555555555555556	2.6845991561181437	0.0	0.0	0.0	0.0	MS4A1;CD79A	FCN1;LST1		0.0	0.0	0.0	0.0	0.0	0.8055555555555556
infection_study_07	Myeloid_lineage	14	Intermediate Monocyte	2	18	0.6225527394141752	1.0	1.0	0.26666666666666666	0.10416666666666666	0.37083333333333335	0.6291666666666667	0.6291666666666667	0.0	1.0	0.4259259259259259	1.0	0.2222222222222222	1.0	1.0	0.4444444444444444	0.4444444444444444	0.2777777777777778	0.1388888888888889	NKG7	VCAN;FCGR3A		0.0	0.0	0.0	0.0	0.0	0.6291666666666667
infection_study_07	Myeloid_lineage	14	Non-Classical Monocyte	3	18	0.7100470481104872	1.0	1.0	0.2518518518518519	0.3125	0.5643518518518519	0.4356481481481481	0.4356481481481481	0.0	1.0	0.3518518518518518	1.0	0.7222222222222222	1.0	1.0	0.5555555555555556	0.1851851851851852	0.7777777777777778	0.5277777777777778	S100A8;S100A9;VCAN	NKG7;GNLY		0.0	0.0	0.0	0.0	0.0	0.4356481481481481
infection_study_07	Myeloid_lineage	14	Conventional DC 2	4	18	0.6082865381696767	0.8333333333333334	0.5324074074074074	0.27222222222222225	0.0	0.27222222222222225	0.2601851851851852	0.2601851851851852	0.0	0.8333333333333334	0.3703703703703704	0.8333333333333334	0.0	0.3703703703703704	1.0071656050955413	0.5555555555555556	0.2777777777777778	0.0	0.0	S100A8;S100A9	FCN1;LST1		0.0	0.0	0.0	0.0	0.0	0.2601851851851852
infection_study_07	Myeloid_lineage	14	Classical Monocyte	5	18	0.6743815449992412	0.6743815449992412	0.8055555555555556	0.5	0.1	0.6	0.2055555555555556	0.2055555555555556	0.0	0.8333333333333334	0.14583333333333334	0.5555555555555556	0.0	0.5555555555555556	4.5365418894830665	1.0	0.6388888888888888	0.2222222222222222	0.2222222222222222	FCGR3A;MS4A7	HLA-DRA		0.0	0.0	0.0	0.0	0.0	0.2055555555555556
infection_study_07	Myeloid_lineage	14	Eosinophil	6	18	0.5000758840491729	0.5000758840491729	0.0	0.27222222222222225	0.0	0.27222222222222225	0.0	0.0	0.0	0.0	0.0	0.0	0.0	0.0	1.0	0.5555555555555556	0.2777777777777778	0.0	0.0	S100A8;MS4A1			0.0	0.0	0.0	0.0	0.0	0.0
infection_study_07	Myeloid_lineage	14	Basophil	7	18	0.5277735619972682	0.5277735619972682	0.0	0.0	0.0	0.0	0.0	0.0	0.0	0.0	0.0	0.0	0.0	0.0	0.10067114093959732	0.0	0.0	0.0	0.0	MS4A1;LST1			0.0	0.0	0.0	0.0	0.0	0.0
infection_study_07	Myeloid_lineage	14	Mast Cell	8	18	0.5000758840491729	0.5000758840491729	0.0	0.0	0.0	0.0	0.0	0.0	0.0	0.0	0.0	0.0	0.0	0.0	1.0	0.0	0.0	0.0	0.0	MS4A1;LST1			0.0	0.0	0.0	0.0	0.0	0.0
infection_study_07	Myeloid_lineage	14	Plasmacytoid DC	9	18	0.5316436485050842	0.5316436485050842	0.0	0.2518518518518519	0.21944444444444444	0.4712962962962963	0.0	0.0	0.0	0.6111111111111112	0.25925925925925924	0.0	0.0	0.0	0.10067114093959732	0.5555555555555556	0.1851851851851852	0.6111111111111112	0.24074074074074073	MS4A1;FCN1;S100A8	MZB1;XBP1;PRDM1		0.0	0.0	0.0	0.0	0.0	0.0
infection_study_07	Myeloid_lineage	14	Conventional DC 1	10	18	0.5640461375018971	0.5640461375018971	0.0	0.33333333333333337	0.1	0.43333333333333335	0.0	0.0	0.0	0.3888888888888889	0.19444444444444445	0.0	0.0	0.0	0.09868421052631579	0.5555555555555556	0.5555555555555556	0.2222222222222222	0.2222222222222222	S100A8	HLA-DRA		0.0	0.0	0.0	0.0	0.0	0.0
infection_study_07	Myeloid_lineage	15	Non-Classical Monocyte	1	17	0.6527545909849749	1.0	1.0	0.0	0.40588235294117647	0.40588235294117647	0.5941176470588235	0.5941176470588235	0.0	1.0	0.38235294117647056	1.0	0.17647058823529413	1.0	1.0	0.0	0.0	0.9411764705882353	0.8235294117647058	S100A8;S100A9;VCAN	NKG7;GNLY		0.0	0.0	0.0	0.0	0.0	0.5941176470588235
infection_study_07	Myeloid_lineage	15	Conventional DC 2	2	17	0.8662923053574139	0.9411764705882353	0.6990196078431372	0.0	0.15441176470588233	0.15441176470588233	0.5446078431372549	0.5446078431372549	0.0	0.9411764705882353	0.5686274509803921	0.9411764705882353	0.0	0.5686274509803921	1.1359591607343573	0.0	0.0	0.4117647058823529	0.20588235294117646	S100A8;S100A9	FCN1;LST1		0.0	0.0	0.0	0.0	0.0	0.5446078431372549
infection_study_07	Myeloid_lineage	15	Intermediate Monocyte	3	17	0.6723326756715738	1.0	1.0	0.5	0.0661764705882353	0.5661764705882353	0.4338235294117647	0.4338235294117647	0.0	1.0	0.4313725490196078	1.0	0.4117647058823529	1.0	1.0	0.8823529411764706	0.8823529411764706	0.17647058823529413	0.08823529411764706	NKG7	VCAN;FCGR3A		0.0	0.0	0.0	0.0	0.0	0.4338235294117647
infection_study_07	Myeloid_lineage	15	Classical Monocyte	4	17	0.7919259371680073	0.7919259371680073	0.0	0.5	0.1852941176470588	0.6	0.0	0.0	0.0	0.7647058823529411	0.13970588235294118	0.0	0.0	0.0	0.08021390374331551	1.0	0.5882352941176471	0.4117647058823529	0.4117647058823529	FCGR3A;MS4A7	HLA-DRA		0.0	0.0	0.0	0.0	0.0	0.0
infection_study_07	Myeloid_lineage	15	Eosinophil	5	17	0.5000758840491729	0.5000758840491729	0.0	0.08647058823529412	0.0	0.08647058823529412	0.0	0.0	0.0	0.0	0.0	0.0	0.0	0.0	1.0	0.17647058823529413	0.08823529411764706	0.0	0.0	S100A8;MS4A1			0.0	0.0	0.0	0.0	0.0	0.0
infection_study_07	Myeloid_lineage	15	Neutrophil	6	17	0.8080133555926544	0.8080133555926544	0.0	0.08647058823529412	0.15441176470588233	0.24088235294117644	0.0	0.0	0.0	0.47058823529411764	0.11764705882352941	0.0	0.0	0.0	0.04746835443037975	0.17647058823529413	0.08823529411764706	0.4117647058823529	0.20588235294117646	MS4A1;CD79A	FCN1;LST1		0.0	0.0	0.0	0.0	0.0	0.0
infection_study_07	Myeloid_lineage	15	Basophil	7	17	0.5277735619972682	0.5277735619972682	0.0	0.24352941176470588	0.0	0.24352941176470588	0.0	0.0	0.0	0.0	0.0	0.0	0.0	0.0	0.10067114093959732	0.47058823529411764	0.29411764705882354	0.0	0.0	MS4A1;LST1			0.0	0.0	0.0	0.0	0.0	0.0
infection_study_07	Myeloid_lineage	15	Mast Cell	8	17	0.5000758840491729	0.5000758840491729	0.0	0.24352941176470588	0.0	0.24352941176470588	0.0	0.0	0.0	0.0	0.0	0.0	0.0	0.0	1.0	0.47058823529411764	0.29411764705882354	0.0	0.0	MS4A1;LST1			0.0	0.0	0.0	0.0	0.0	0.0
infection_study_07	Myeloid_lineage	15	Plasmacytoid DC	9	17	0.6875094855061467	0.6875094855061467	0.0	0.08	0.22941176470588237	0.3094117647058824	0.0	0.0	0.0	0.7647058823529411	0.3333333333333333	0.0	0.0	0.0	0.10067114093959732	0.17647058823529413	0.05882352941176471	0.6470588235294118	0.23529411764705885	MS4A1;FCN1;S100A8	MZB1;XBP1;PRDM1		0.0	0.0	0.0	0.0	0.0	0.0
infection_study_07	Myeloid_lineage	15	Conventional DC 1	10	17	0.30581271816664135	0.30581271816664135	0.11764705882352941	0.0	0.1852941176470588	0.1852941176470588	0.0	0.0	0.0	0.17647058823529413	0.08823529411764705	0.058823529411764705	0.058823529411764705	0.058823529411764705	0.6791795665634675	0.0	0.0	0.4117647058823529	0.4117647058823529	S100A8	HLA-DRA		0.0	0.0	0.0	0.0	0.0	0.0
infection_study_07	Myeloid_lineage	2	Conventional DC 1	1	145	0.7350129002883594	0.7350129002883594	0.8844827586206897	0.05379310344827586	0.21413793103448275	0.2679310344827586	0.616551724137931	0.616551724137931	0.0	0.503448275862069	0.31724137931034485	0.31724137931034485	0.31724137931034485	0.31724137931034485	3.2293557168784033	0.0896551724137931	0.0896551724137931	0.47586206896551725	0.47586206896551725	S100A8	HLA-DRA		0.0	0.0	0.0	0.0	0.0	0.616551724137931
infection_study_07	Myeloid_lineage	2	Non-Classical Monocyte	2	145	0.4560631355289118	1.0	1.0	0.0926896551724138	0.33413793103448275	0.42682758620689654	0.5731724137931035	0.5731724137931035	0.0	1.0	0.35172413793103446	1.0	0.32413793103448274	1.0	1.0	0.2	0.07586206896551724	0.8620689655172413	0.503448275862069	S100A8;S100A9;VCAN	NKG7;GNLY		0.0	0.0	0.0	0.0	0.0	0.5731724137931035
infection_study_07	Myeloid_lineage	2	Conventional DC 2	3	145	0.8955835483381394	0.9517241379310345	0.7186206896551723	0.10027586206896552	0.11120689655172412	0.21148275862068966	0.5071379310344827	0.5071379310344827	0.0	0.9517241379310345	0.593103448275862	0.9517241379310345	0.0	0.593103448275862	1.1485558972106302	0.2	0.1103448275862069	0.296551724137931	0.14827586206896554	S100A8;S100A9	FCN1;LST1		0.0	0.0	0.0	0.0	0.0	0.5071379310344827
infection_study_07	Myeloid_lineage	2	Intermediate Monocyte	4	145	0.8681135225375626	1.0	1.0	0.5	0.041379310344827586	0.5413793103448276	0.45862068965517244	0.45862068965517244	0.0	1.0	0.4666666666666666	1.0	0.4827586206896552	1.0	1.0	0.8413793103448276	0.8413793103448276	0.1103448275862069	0.05517241379310345	NKG7	VCAN;FCGR3A		0.0	0.0	0.0	0.0	0.0	0.45862068965517244
infection_study_07	Myeloid_lineage	2	Classical Monocyte	5	145	0.6224009713158294	0.6224009713158294	0.10344827586206896	0.5	0.21413793103448275	0.6	0.0	0.0	0.0	0.6620689655172414	0.13275862068965516	0.10344827586206896	0.006896551724137931	0.0896551724137931	0.9100129079845104	1.0	0.5517241379310345	0.47586206896551725	0.47586206896551725	FCGR3A;MS4A7	HLA-DRA		0.0	0.0	0.0	0.0	0.0	0.0
infection_study_07	Myeloid_lineage	2	Neutrophil	6	145	0.6398543026255881	0.6398543026255881	0.2	0.26062068965517243	0.11120689655172412	0.37182758620689654	0.0	0.0	0.0	0.4206896551724138	0.12586206896551724	0.2	0.020689655172413793	0.1310344827586207	0.9968354430379748	0.5241379310344828	0.2793103448275862	0.296551724137931	0.14827586206896554	MS4A1;CD79A	FCN1;LST1		0.0	0.0	0.0	0.0	0.0	0.0
infection_study_07	Myeloid_lineage	2	Basophil	7	145	0.5277735619972682	0.5277735619972682	0.013793103448275862	0.3242068965517242	0.0	0.3242068965517242	0.0	0.0	0.0	0.013793103448275862	0.013793103448275862	0.013793103448275862	0.0	0.013793103448275862	0.23952788706317985	0.6275862068965518	0.3896551724137931	0.0	0.0	MS4A1;LST1			0.0	0.0	0.0	0.0	0.0	0.0
infection_study_07	Myeloid_lineage	2	Eosinophil	8	145	0.5000758840491729	0.5000758840491729	0.0	0.2636551724137931	0.0	0.2636551724137931	0.0	0.0	0.0	0.0	0.0	0.0	0.0	0.0	1.0	0.5241379310344828	0.29310344827586204	0.0	0.0	S100A8;MS4A1			0.0	0.0	0.0	0.0	0.0	0.0
infection_study_07	Myeloid_lineage	2	Plasmacytoid DC	9	145	0.33889816360601	0.33889816360601	0.027586206896551724	0.24579310344827582	0.1875862068965517	0.4333793103448275	0.0	0.0	0.0	0.31724137931034485	0.12183908045977011	0.013793103448275862	0.013793103448275862	0.013793103448275862	0.23952788706317985	0.5310344827586206	0.19999999999999998	0.5103448275862069	0.22988505747126434	MS4A1;FCN1;S100A8	MZB1;XBP1;PRDM1		0.0	0.0	0.0	0.0	0.0	0.0
infection_study_07	Myeloid_lineage	2	Mast Cell	10	145	0.5000758840491729	0.5000758840491729	0.0	0.3242068965517242	0.0	0.3242068965517242	0.0	0.0	0.0	0.0	0.0	0.0	0.0	0.0	1.0	0.6275862068965518	0.3896551724137931	0.0	0.0	MS4A1;LST1			0.0	0.0	0.0	0.0	0.0	0.0
infection_study_07	Myeloid_lineage	3	Non-Classical Monocyte	1	137	0.88738807102747	1.0	1.0	0.05347931873479318	0.43686131386861315	0.4903406326034063	0.5096593673965937	0.5096593673965937	0.0	1.0	0.5535279805352799	1.0	0.8321167883211679	1.0	1.0	0.11678832116788321	0.0413625304136253	1.0	0.9124087591240876	S100A8;S100A9;VCAN	NKG7;GNLY		0.0	0.0	0.0	0.0	0.0	0.5096593673965937
infection_study_07	Myeloid_lineage	3	Conventional DC 2	2	137	0.8746395507664289	0.8746395507664289	0.6259124087591241	0.05722627737226277	0.06295620437956204	0.1201824817518248	0.5057299270072994	0.5057299270072994	0.0	0.8394160583941606	0.5109489051094891	0.8394160583941606	0.0	0.5109489051094891	1.0144300060439815	0.11678832116788321	0.058394160583941604	0.1678832116788321	0.08394160583941605	S100A8;S100A9	FCN1;LST1		0.0	0.0	0.0	0.0	0.0	0.5057299270072994
infection_study_07	Myeloid_lineage	3	Intermediate Monocyte	3	137	0.8414023372287145	1.0	1.0	0.5	0.2655109489051095	0.6	0.4	0.4	0.0	1.0	0.4209245742092457	1.0	0.5547445255474452	1.0	1.0	1.0	1.0	0.708029197080292	0.354014598540146	NKG7	VCAN;FCGR3A		0.0	0.0	0.0	0.0	0.0	0.4
infection_study_07	Myeloid_lineage	3	Neutrophil	4	137	0.4245712551221733	0.4245712551221733	0.11678832116788321	0.014306569343065692	0.06295620437956204	0.07726277372262773	0.03952554744525548	0.03952554744525548	0.0	0.2116788321167883	0.06386861313868614	0.11678832116788321	0.0	0.06569343065693431	0.60184329668299	0.029197080291970802	0.014598540145985401	0.1678832116788321	0.08394160583941605	MS4A1;CD79A	FCN1;LST1		0.0	0.0	0.0	0.0	0.0	0.03952554744525548
infection_study_07	Myeloid_lineage	3	Classical Monocyte	5	137	0.6217938989224465	0.6217938989224465	0.06569343065693431	0.5	0.24963503649635038	0.6	0.0	0.0	0.0	0.6642335766423357	0.11952554744525548	0.06569343065693431	0.0072992700729927005	0.06569343065693431	0.6071665560716656	1.0	0.8503649635036497	0.5547445255474452	0.5547445255474452	FCGR3A;MS4A7	HLA-DRA		0.0	0.0	0.0	0.0	0.0	0.0
infection_study_07	Myeloid_lineage	3	Eosinophil	6	137	0.5000758840491729	0.5000758840491729	0.0	0.040145985401459854	0.0	0.040145985401459854	0.0	0.0	0.0	0.0	0.0	0.0	0.0	0.0	1.0	0.08029197080291971	0.043795620437956206	0.0	0.0	S100A8;MS4A1			0.0	0.0	0.0	0.0	0.0	0.0
infection_study_07	Myeloid_lineage	3	Basophil	7	137	0.5277735619972682	0.5277735619972682	0.029197080291970802	0.092992700729927	0.0	0.092992700729927	0.0	0.0	0.0	0.029197080291970802	0.029197080291970802	0.029197080291970802	0.0	0.029197080291970802	0.3946014794493705	0.1897810218978102	0.0948905109489051	0.0	0.0	MS4A1;LST1			0.0	0.0	0.0	0.0	0.0	0.0
infection_study_07	Myeloid_lineage	3	Mast Cell	8	137	0.5000758840491729	0.5000758840491729	0.0	0.092992700729927	0.0	0.092992700729927	0.0	0.0	0.0	0.0	0.0	0.0	0.0	0.0	1.0	0.1897810218978102	0.0948905109489051	0.0	0.0	MS4A1;LST1			0.0	0.0	0.0	0.0	0.0	0.0
infection_study_07	Myeloid_lineage	3	Plasmacytoid DC	9	137	0.8380634390651085	0.8380634390651085	0.058394160583941604	0.036934306569343066	0.3240875912408759	0.36102189781021893	0.0	0.0	0.0	0.927007299270073	0.41119221411192214	0.029197080291970802	0.029197080291970802	0.029197080291970802	0.3946014794493705	0.08029197080291971	0.029197080291970805	0.8467153284671532	0.4671532846715329	MS4A1;FCN1;S100A8	MZB1;XBP1;PRDM1		0.0	0.0	0.0	0.0	0.0	0.0
infection_study_07	Myeloid_lineage	3	Conventional DC 1	10	137	0.5439368644710881	0.5439368644710881	0.029197080291970802	0.03941605839416058	0.24963503649635038	0.28905109489051095	0.0	0.0	0.0	0.10218978102189781	0.051094890510948905	0.014598540145985401	0.014598540145985401	0.014598540145985401	0.2427487514406454	0.06569343065693431	0.06569343065693431	0.5547445255474452	0.5547445255474452	S100A8	HLA-DRA		0.0	0.0	0.0	0.0	0.0	0.0
infection_study_07	Myeloid_lineage	4	Intermediate Monocyte	1	116	0.8807861587494308	1.0	1.0	0.04655172413793104	0.0	0.04655172413793104	0.9534482758620689	0.9534482758620689	0.0	1.0	0.40229885057471265	1.0	0.1724137931034483	1.0	1.0	0.07758620689655173	0.07758620689655173	0.0	0.0	NKG7	VCAN;FCGR3A		0.0	0.0	0.0	0.0	0.0	0.9534482758620689
infection_study_07	Myeloid_lineage	4	Non-Classical Monocyte	2	116	0.7243891334041584	1.0	1.0	0.05925287356321839	0.06077586206896552	0.12002873563218391	0.8799712643678161	0.8799712643678161	0.0	1.0	0.3491379310344828	1.0	0.017241379310344827	1.0	1.0	0.12931034482758622	0.04597701149425287	0.15517241379310345	0.09482758620689655	S100A8;S100A9;VCAN	NKG7;GNLY		0.0	0.0	0.0	0.0	0.0	0.8799712643678161
infection_study_07	Myeloid_lineage	4	Plasmacytoid DC	3	116	0.3373045985733799	0.3373045985733799	0.7844827586206896	0.19591954022988506	0.18534482758620685	0.3812643678160919	0.4032183908045977	0.4032183908045977	0.0	0.46551724137931033	0.1867816091954023	0.2672413793103448	0.2672413793103448	0.2672413793103448	2.7910205970840085	0.4224137931034483	0.16091954022988506	0.5086206896551724	0.21839080459770113	MS4A1;FCN1;S100A8	MZB1;XBP1;PRDM1		0.0	0.0	0.0	0.0	0.0	0.4032183908045977
infection_study_07	Myeloid_lineage	4	Conventional DC 2	4	116	0.40643496736985885	0.5517241379310345	0.351867816091954	0.06431034482758621	0.24568965517241378	0.31	0.041867816091954	0.041867816091954	0.0	0.5517241379310345	0.24425287356321837	0.5517241379310345	0.0	0.24425287356321837	0.6708488908412036	0.12931034482758622	0.06896551724137931	0.6551724137931034	0.32758620689655177	S100A8;S100A9	FCN1;LST1		0.0	0.0	0.0	0.0	0.0	0.041867816091954
infection_study_07	Myeloid_lineage	4	Classical Monocyte	5	116	0.9332979207770526	0.9332979207770526	0.11206896551724138	0.49	0.07370689655172413	0.5637068965517241	0.0	0.0	0.0	0.9482758620689655	0.19612068965517243	0.11206896551724138	0.0	0.09482758620689655	0.97916282500461	1.0	0.5	0.16379310344827586	0.16379310344827586	FCGR3A;MS4A7	HLA-DRA		0.0	0.0	0.0	0.0	0.0	0.0
infection_study_07	Myeloid_lineage	4	Neutrophil	6	116	0.5291394748823797	0.5291394748823797	0.12931034482758622	0.31043103448275866	0.24568965517241378	0.5561206896551725	0.0	0.0	0.0	0.4482758620689655	0.1271551724137931	0.12931034482758622	0.008620689655172414	0.09482758620689655	0.6612832824094282	0.5948275862068966	0.38362068965517243	0.6551724137931034	0.32758620689655177	MS4A1;CD79A	FCN1;LST1		0.0	0.0	0.0	0.0	0.0	0.0
infection_study_07	Myeloid_lineage	4	Basophil	7	116	0.5277735619972682	0.5277735619972682	0.2672413793103448	0.40577586206896554	0.0	0.40577586206896554	0.0	0.0	0.0	0.2672413793103448	0.2672413793103448	0.2672413793103448	0.0	0.2672413793103448	2.7910205970840085	0.7758620689655172	0.5043103448275863	0.0	0.0	MS4A1;LST1			0.0	0.0	0.0	0.0	0.0	0.0
infection_study_07	Myeloid_lineage	4	Eosinophil	8	116	0.5000758840491729	0.5000758840491729	0.0	0.21172413793103448	0.0	0.21172413793103448	0.0	0.0	0.0	0.0	0.0	0.0	0.0	0.0	1.0	0.4224137931034483	0.2327586206896552	0.0	0.0	S100A8;MS4A1			0.0	0.0	0.0	0.0	0.0	0.0
infection_study_07	Myeloid_lineage	4	Mast Cell	9	116	0.5000758840491729	0.5000758840491729	0.0	0.40577586206896554	0.0	0.40577586206896554	0.0	0.0	0.0	0.0	0.0	0.0	0.0	0.0	1.0	0.7758620689655172	0.5043103448275863	0.0	0.0	MS4A1;LST1			0.0	0.0	0.0	0.0	0.0	0.0
infection_study_07	Myeloid_lineage	4	Conventional DC 1	10	116	0.46016087418424645	0.46016087418424645	0.034482758620689655	0.05689655172413793	0.07370689655172413	0.13060344827586207	0.0	0.0	0.0	0.15517241379310345	0.07758620689655173	0.017241379310344827	0.017241379310344827	0.017241379310344827	0.2688294010889292	0.09482758620689655	0.09482758620689655	0.16379310344827586	0.16379310344827586	S100A8	HLA-DRA		0.0	0.0	0.0	0.0	0.0	0.0
infection_study_07	Myeloid_lineage	5	Conventional DC 2	1	114	0.8820003035361967	0.9122807017543859	0.6842105263157894	0.047280701754385965	0.049999999999999996	0.09728070175438597	0.5869298245614034	0.5869298245614034	0.0	0.9122807017543859	0.5614035087719298	0.9122807017543859	0.0	0.5614035087719298	1.1014498826684544	0.09649122807017543	0.04824561403508772	0.13157894736842105	0.07017543859649122	S100A8;S100A9	FCN1;LST1		0.0	0.0	0.0	0.0	0.0	0.5869298245614034
infection_study_07	Myeloid_lineage	5	Non-Classical Monocyte	2	114	0.8467901047199878	1.0	1.0	0.043742690058479534	0.4039473684210526	0.44769005847953214	0.5523099415204679	0.5523099415204679	0.0	1.0	0.5394736842105263	1.0	0.8508771929824561	1.0	1.0	0.09649122807017543	0.03216374269005848	1.0	0.6929824561403508	S100A8;S100A9;VCAN	NKG7;GNLY		0.0	0.0	0.0	0.0	0.0	0.5523099415204679
infection_study_07	Myeloid_lineage	5	Intermediate Monocyte	3	114	0.775914402792533	1.0	1.0	0.5	0.26973684210526316	0.6	0.4	0.4	0.0	1.0	0.4269005847953216	1.0	0.5350877192982456	1.0	1.0	0.9912280701754386	0.9912280701754386	0.7192982456140351	0.35964912280701755	NKG7	VCAN;FCGR3A		0.0	0.0	0.0	0.0	0.0	0.4
infection_study_07	Myeloid_lineage	5	Neutrophil	4	114	0.5326301411443315	0.5326301411443315	0.09649122807017543	0.04298245614035087	0.049999999999999996	0.09298245614035086	0.0035087719298245723	0.0035087719298245723	0.0	0.21052631578947367	0.05482456140350877	0.09649122807017543	0.0	0.07017543859649122	0.5054963357761492	0.08771929824561403	0.043859649122807015	0.13157894736842105	0.07017543859649122	MS4A1;CD79A	FCN1;LST1		0.0	0.0	0.0	0.0	0.0	0.0035087719298245723
infection_study_07	Myeloid_lineage	5	Classical Monocyte	5	114	0.6909242677189255	0.6909242677189255	0.07894736842105263	0.5	0.23684210526315788	0.6	0.0	0.0	0.0	0.7719298245614035	0.14802631578947367	0.07894736842105263	0.008771929824561403	0.07017543859649122	0.7134815648747537	1.0	0.8596491228070176	0.5263157894736842	0.5263157894736842	FCGR3A;MS4A7	HLA-DRA		0.0	0.0	0.0	0.0	0.0	0.0
infection_study_07	Myeloid_lineage	5	Eosinophil	6	114	0.5000758840491729	0.5000758840491729	0.0	0.07403508771929825	0.0	0.07403508771929825	0.0	0.0	0.0	0.0	0.0	0.0	0.0	0.0	1.0	0.14912280701754385	0.07894736842105263	0.0	0.0	S100A8;MS4A1			0.0	0.0	0.0	0.0	0.0	0.0
infection_study_07	Myeloid_lineage	5	Basophil	7	114	0.5277735619972682	0.5277735619972682	0.008771929824561403	0.09315789473684209	0.0	0.09315789473684209	0.0	0.0	0.0	0.008771929824561403	0.008771929824561403	0.008771929824561403	0.0	0.008771929824561403	0.18897915930766515	0.18421052631578946	0.10526315789473684	0.0	0.0	MS4A1;LST1			0.0	0.0	0.0	0.0	0.0	0.0
infection_study_07	Myeloid_lineage	5	Mast Cell	8	114	0.5000758840491729	0.5000758840491729	0.0	0.09315789473684209	0.0	0.09315789473684209	0.0	0.0	0.0	0.0	0.0	0.0	0.0	0.0	1.0	0.18421052631578946	0.10526315789473684	0.0	0.0	MS4A1;LST1			0.0	0.0	0.0	0.0	0.0	0.0
infection_study_07	Myeloid_lineage	5	Plasmacytoid DC	9	114	0.6465320989528002	0.6465320989528002	0.017543859649122806	0.07286549707602338	0.28421052631578947	0.3570760233918129	0.0	0.0	0.0	0.8245614035087719	0.3684210526315789	0.008771929824561403	0.008771929824561403	0.008771929824561403	0.18897915930766515	0.15789473684210525	0.05847953216374269	0.7543859649122807	0.3859649122807018	MS4A1;FCN1;S100A8	MZB1;XBP1;PRDM1		0.0	0.0	0.0	0.0	0.0	0.0
infection_study_07	Myeloid_lineage	5	Conventional DC 1	10	114	0.844513583244802	0.844513583244802	0.08771929824561403	0.042105263157894736	0.23684210526315788	0.2789473684210526	0.0	0.0	0.0	0.6140350877192983	0.31578947368421056	0.043859649122807015	0.043859649122807015	0.043859649122807015	0.5315096952908588	0.07017543859649122	0.07017543859649122	0.5263157894736842	0.5263157894736842	S100A8	HLA-DRA		0.0	0.0	0.0	0.0	0.0	0.0
infection_study_07	Myeloid_lineage	6	Non-Classical Monocyte	1	106	0.4078008802549704	1.0	1.0	0.12968553459119497	0.3643867924528302	0.49407232704402515	0.5059276729559748	0.5059276729559748	0.0	1.0	0.3616352201257862	1.0	0.29245283018867924	1.0	1.0	0.2830188679245283	0.10062893081761008	0.9433962264150944	0.5424528301886793	S100A8;S100A9;VCAN	NKG7;GNLY		0.0	0.0	0.0	0.0	0.0	0.5059276729559748
infection_study_07	Myeloid_lineage	6	Conventional DC 2	2	106	0.942024586431932	1.0	0.799685534591195	0.1407547169811321	0.16981132075471697	0.31056603773584907	0.4891194968553459	0.4891194968553459	0.0	1.0	0.6918238993710691	1.0	0.0	0.6918238993710691	1.2062101910828025	0.2830188679245283	0.15094339622641512	0.4528301886792453	0.22641509433962265	S100A8;S100A9	FCN1;LST1		0.0	0.0	0.0	0.0	0.0	0.4891194968553459
infection_study_07	Myeloid_lineage	6	Intermediate Monocyte	3	106	0.9455152526938837	1.0	1.0	0.5	0.07075471698113207	0.5707547169811321	0.4292452830188679	0.4292452830188679	0.0	1.0	0.5943396226415094	1.0	0.9150943396226415	1.0	1.0	0.9339622641509434	0.9339622641509434	0.18867924528301888	0.09433962264150944	NKG7	VCAN;FCGR3A		0.0	0.0	0.0	0.0	0.0	0.4292452830188679
infection_study_07	Myeloid_lineage	6	Plasmacytoid DC	4	106	0.43830626802246164	0.43830626802246164	0.9292452830188679	0.3261635220125786	0.23160377358490564	0.5577672955974842	0.3714779874213837	0.3714779874213837	0.0	0.6320754716981132	0.3081761006289308	0.33962264150943394	0.33962264150943394	0.33962264150943394	3.5196910219070534	0.6981132075471698	0.27672955974842767	0.6320754716981132	0.279874213836478	MS4A1;FCN1;S100A8	MZB1;XBP1;PRDM1		0.0	0.0	0.0	0.0	0.0	0.3714779874213837
infection_study_07	Myeloid_lineage	6	Conventional DC 1	5	106	0.7017756867506451	0.7017756867506451	0.5332360973187686	0.11886792452830189	0.41179245283018867	0.5306603773584906	0.0025757199602780556	0.0025757199602780556	0.0	0.37735849056603776	0.20754716981132076	0.16981132075471697	0.16981132075471697	0.16981132075471697	1.7744538232373386	0.19811320754716982	0.19811320754716982	0.9150943396226415	0.9150943396226415	S100A8	HLA-DRA		0.0	0.0	0.0	0.0	0.0	0.0025757199602780556
infection_study_07	Myeloid_lineage	6	Classical Monocyte	6	106	0.6441796934284414	0.6441796934284414	0.3654525274947029	0.5	0.41179245283018867	0.6	0.0	0.0	0.0	0.8301886792452831	0.18514150943396226	0.19811320754716982	0.0	0.19811320754716982	1.6693572797901324	1.0	0.5943396226415094	0.9150943396226415	0.9150943396226415	FCGR3A;MS4A7	HLA-DRA		0.0	0.0	0.0	0.0	0.0	0.0
infection_study_07	Myeloid_lineage	6	Basophil	7	106	0.5277735619972682	0.5277735619972682	0.33962264150943394	0.4168867924528302	0.0	0.4168867924528302	0.0	0.0	0.0	0.33962264150943394	0.33962264150943394	0.33962264150943394	0.0	0.33962264150943394	3.5196910219070534	0.7830188679245284	0.5424528301886793	0.0	0.0	MS4A1;LST1			0.0	0.0	0.0	0.0	0.0	0.0
infection_study_07	Myeloid_lineage	6	Eosinophil	8	106	0.5000758840491729	0.5000758840491729	0.0	0.35660377358490564	0.0	0.35660377358490564	0.0	0.0	0.0	0.0	0.0	0.0	0.0	0.0	1.0	0.6981132075471698	0.41509433962264153	0.0	0.0	S100A8;MS4A1			0.0	0.0	0.0	0.0	0.0	0.0
infection_study_07	Myeloid_lineage	6	Neutrophil	9	106	0.5822583093033844	0.5822583093033844	0.3807469548602818	0.32669811320754716	0.16981132075471697	0.4965094339622641	0.0	0.0	0.0	0.5377358490566038	0.16745283018867924	0.2830188679245283	0.018867924528301886	0.19811320754716982	1.390912347743014	0.660377358490566	0.3443396226415094	0.4528301886792453	0.22641509433962265	MS4A1;CD79A	FCN1;LST1		0.0	0.0	0.0	0.0	0.0	0.0
infection_study_07	Myeloid_lineage	6	Mast Cell	10	106	0.5000758840491729	0.5000758840491729	0.0	0.4168867924528302	0.0	0.4168867924528302	0.0	0.0	0.0	0.0	0.0	0.0	0.0	0.0	1.0	0.7830188679245284	0.5424528301886793	0.0	0.0	MS4A1;LST1			0.0	0.0	0.0	0.0	0.0	0.0
infection_study_07	Myeloid_lineage	7	Non-Classical Monocyte	1	100	0.555698892092882	1.0	1.0	0.1186	0.39675	0.51535	0.48465	0.48465	0.0	1.0	0.42500000000000004	1.0	0.53	1.0	1.0	0.26	0.09000000000000001	1.0	0.645	S100A8;S100A9;VCAN	NKG7;GNLY		0.0	0.0	0.0	0.0	0.0	0.48465
infection_study_07	Myeloid_lineage	7	Conventional DC 1	2	100	0.8864774624373957	0.8864774624373957	0.71	0.042	0.198	0.24000000000000002	0.47	0.47	0.0	0.65	0.365	0.23	0.23	0.23	2.368421052631579	0.07	0.07	0.44	0.44	S100A8	HLA-DRA		0.0	0.0	0.0	0.0	0.0	0.47
infection_study_07	Myeloid_lineage	7	Conventional DC 2	3	100	0.8757778115040218	0.93	0.696	0.1236	0.1125	0.2361	0.4599	0.4599	0.0	0.93	0.57	0.93	0.0	0.57	1.122611464968153	0.25	0.13	0.3	0.15000000000000002	S100A8;S100A9	FCN1;LST1		0.0	0.0	0.0	0.0	0.0	0.4599
infection_study_07	Myeloid_lineage	7	Intermediate Monocyte	4	100	0.7750796782516315	1.0	1.0	0.5	0.12	0.6	0.4	0.4	0.0	1.0	0.44999999999999996	1.0	0.45	1.0	1.0	0.99	0.99	0.32	0.16	NKG7	VCAN;FCGR3A		0.0	0.0	0.0	0.0	0.0	0.4
infection_study_07	Myeloid_lineage	7	Classical Monocyte	5	100	0.630444680528153	0.630444680528153	0.09	0.5	0.198	0.6	0.0	0.0	0.0	0.77	0.16625	0.09	0.01	0.07	0.8021390374331551	1.0	0.655	0.44	0.44	FCGR3A;MS4A7	HLA-DRA		0.0	0.0	0.0	0.0	0.0	0.0
infection_study_07	Myeloid_lineage	7	Neutrophil	6	100	0.6789345879496129	0.6789345879496129	0.3085443037974684	0.22490000000000002	0.1125	0.33740000000000003	0.0	0.0	0.0	0.43	0.14	0.25	0.01	0.19	1.2341772151898736	0.45	0.245	0.3	0.15000000000000002	MS4A1;CD79A	FCN1;LST1		0.0	0.0	0.0	0.0	0.0	0.0
infection_study_07	Myeloid_lineage	7	Basophil	7	100	0.5277735619972682	0.5277735619972682	0.03	0.25980000000000003	0.0	0.25980000000000003	0.0	0.0	0.0	0.03	0.03	0.03	0.0	0.03	0.4026845637583893	0.51	0.30000000000000004	0.0	0.0	MS4A1;LST1			0.0	0.0	0.0	0.0	0.0	0.0
infection_study_07	Myeloid_lineage	7	Eosinophil	8	100	0.5000758840491729	0.5000758840491729	0.0	0.1835	0.0	0.1835	0.0	0.0	0.0	0.0	0.0	0.0	0.0	0.0	1.0	0.37	0.195	0.0	0.0	S100A8;MS4A1			0.0	0.0	0.0	0.0	0.0	0.0
infection_study_07	Myeloid_lineage	7	Plasmacytoid DC	9	100	0.5181362877523145	0.5181362877523145	0.06	0.1706666666666667	0.231	0.4016666666666667	0.0	0.0	0.0	0.55	0.2333333333333333	0.03	0.03	0.03	0.4026845637583893	0.37	0.1366666666666667	0.63	0.28	MS4A1;FCN1;S100A8	MZB1;XBP1;PRDM1		0.0	0.0	0.0	0.0	0.0	0.0
infection_study_07	Myeloid_lineage	7	Mast Cell	10	100	0.5000758840491729	0.5000758840491729	0.0	0.25980000000000003	0.0	0.25980000000000003	0.0	0.0	0.0	0.0	0.0	0.0	0.0	0.0	1.0	0.51	0.30000000000000004	0.0	0.0	MS4A1;LST1			0.0	0.0	0.0	0.0	0.0	0.0
infection_study_07	Myeloid_lineage	8	Plasmacytoid DC	1	97	0.6655031112460161	0.6655031112460161	0.9716494845360825	0.13161512027491407	0.256701030927835	0.3883161512027491	0.5833333333333334	0.5833333333333334	0.0	0.8144329896907216	0.46048109965635736	0.36082474226804123	0.36082474226804123	0.36082474226804123	3.733134989275583	0.28865979381443296	0.09965635738831614	0.6804123711340206	0.3505154639175257	MS4A1;FCN1;S100A8	MZB1;XBP1;PRDM1		0.0	0.0	0.0	0.0	0.0	0.5833333333333334
infection_study_07	Myeloid_lineage	8	Conventional DC 2	2	97	0.9042343299438458	0.979381443298969	0.7560137457044673	0.10051546391752578	0.10438144329896906	0.20489690721649484	0.5511168384879725	0.5511168384879725	0.0	0.979381443298969	0.6357388316151202	0.979381443298969	0.0	0.6357388316151202	1.181586118589533	0.1958762886597938	0.11855670103092783	0.27835051546391754	0.13917525773195877	S100A8;S100A9	FCN1;LST1		0.0	0.0	0.0	0.0	0.0	0.5511168384879725
infection_study_07	Myeloid_lineage	8	Non-Classical Monocyte	3	97	0.5940203369251783	1.0	1.0	0.0918213058419244	0.39896907216494837	0.49079037800687275	0.5092096219931272	0.5092096219931272	0.0	1.0	0.4278350515463918	1.0	0.5051546391752577	1.0	1.0	0.1958762886597938	0.07903780068728522	0.979381443298969	0.7010309278350515	S100A8;S100A9;VCAN	NKG7;GNLY		0.0	0.0	0.0	0.0	0.0	0.5092096219931272
infection_study_07	Myeloid_lineage	8	Intermediate Monocyte	4	97	0.9118227348611322	1.0	1.0	0.5	0.17396907216494845	0.6	0.4	0.4	0.0	1.0	0.5343642611683849	1.0	0.8247422680412371	1.0	1.0	0.9484536082474226	0.9484536082474226	0.4639175257731959	0.23195876288659795	NKG7	VCAN;FCGR3A		0.0	0.0	0.0	0.0	0.0	0.4
infection_study_07	Myeloid_lineage	8	Basophil	5	97	0.5277735619972682	0.5277735619972682	0.36082474226804123	0.19484536082474227	0.0	0.19484536082474227	0.16597938144329896	0.16597938144329896	0.0	0.36082474226804123	0.36082474226804123	0.36082474226804123	0.0	0.36082474226804123	3.733134989275583	0.38144329896907214	0.2268041237113402	0.0	0.0	MS4A1;LST1			0.0	0.0	0.0	0.0	0.0	0.16597938144329896
infection_study_07	Myeloid_lineage	8	Neutrophil	6	97	0.4245712551221733	0.4245712551221733	0.1958762886597938	0.09092783505154639	0.10438144329896906	0.19530927835051545	0.0005670103092783596	0.0005670103092783596	0.0	0.3711340206185567	0.11855670103092783	0.1958762886597938	0.041237113402061855	0.12371134020618557	0.9772608638914264	0.18556701030927836	0.09278350515463916	0.27835051546391754	0.13917525773195877	MS4A1;CD79A	FCN1;LST1		0.0	0.0	0.0	0.0	0.0	0.0005670103092783596
infection_study_07	Myeloid_lineage	8	Classical Monocyte	7	97	0.6598876916072242	0.6598876916072242	0.14184905452340263	0.5	0.37113402061855666	0.6	0.0	0.0	0.0	0.7731958762886598	0.16494845360824742	0.12371134020618557	0.0	0.12371134020618557	1.0725508572688682	1.0	0.731958762886598	0.8247422680412371	0.8247422680412371	FCGR3A;MS4A7	HLA-DRA		0.0	0.0	0.0	0.0	0.0	0.0
infection_study_07	Myeloid_lineage	8	Eosinophil	8	97	0.5000758840491729	0.5000758840491729	0.0	0.14257731958762887	0.0	0.14257731958762887	0.0	0.0	0.0	0.0	0.0	0.0	0.0	0.0	1.0	0.28865979381443296	0.14948453608247422	0.0	0.0	S100A8;MS4A1			0.0	0.0	0.0	0.0	0.0	0.0
infection_study_07	Myeloid_lineage	8	Mast Cell	9	97	0.5000758840491729	0.5000758840491729	0.0	0.19484536082474227	0.0	0.19484536082474227	0.0	0.0	0.0	0.0	0.0	0.0	0.0	0.0	1.0	0.38144329896907214	0.2268041237113402	0.0	0.0	MS4A1;LST1			0.0	0.0	0.0	0.0	0.0	0.0
infection_study_07	Myeloid_lineage	8	Conventional DC 1	10	97	0.30581271816664135	0.30581271816664135	0.16494845360824742	0.07422680412371134	0.37113402061855666	0.445360824742268	0.0	0.0	0.0	0.32989690721649484	0.19072164948453607	0.08247422680412371	0.08247422680412371	0.08247422680412371	0.9125746066196418	0.12371134020618557	0.12371134020618557	0.8247422680412371	0.8247422680412371	S100A8	HLA-DRA		0.0	0.0	0.0	0.0	0.0	0.0
infection_study_07	Myeloid_lineage	9	Intermediate Monocyte	1	89	0.9172863864015783	1.0	1.0	0.3101123595505618	0.004213483146067416	0.3143258426966292	0.6856741573033708	0.6856741573033708	0.0	1.0	0.4419475655430712	1.0	0.06741573033707865	1.0	1.0	0.5168539325842697	0.5168539325842697	0.011235955056179775	0.0056179775280898875	NKG7	VCAN;FCGR3A		0.0	0.0	0.0	0.0	0.0	0.6856741573033708
infection_study_07	Myeloid_lineage	9	Non-Classical Monocyte	2	89	0.8423129458187889	1.0	1.0	0.22891385767790262	0.2797752808988764	0.508689138576779	0.491310861423221	0.491310861423221	0.0	1.0	0.41385767790262173	1.0	0.02247191011235955	1.0	1.0	0.48314606741573035	0.20599250936329586	0.6853932584269663	0.4943820224719101	S100A8;S100A9;VCAN	NKG7;GNLY		0.0	0.0	0.0	0.0	0.0	0.491310861423221
infection_study_07	Myeloid_lineage	9	Neutrophil	3	89	0.8837456366671725	0.8837456366671725	0.7331460674157304	0.1101123595505618	0.26292134831460673	0.37303370786516854	0.36011235955056187	0.36011235955056187	0.0	0.7640449438202247	0.33146067415730335	0.48314606741573035	0.1348314606741573	0.34831460674157305	2.3408832314037835	0.2247191011235955	0.11235955056179775	0.6966292134831461	0.3595505617977528	MS4A1;CD79A	FCN1;LST1		0.0	0.0	0.0	0.0	0.0	0.36011235955056187
infection_study_07	Myeloid_lineage	9	Classical Monocyte	4	89	0.9544695704962817	0.9544695704962817	0.5196629213483146	0.4912359550561798	0.020224719101123594	0.5114606741573033	0.008202247191011258	0.008202247191011258	0.0	0.9775280898876404	0.2654494382022472	0.2696629213483146	0.02247191011235955	0.2696629213483146	2.2432854653608123	1.0	0.5056179775280899	0.0449438202247191	0.0449438202247191	FCGR3A;MS4A7	HLA-DRA		0.0	0.0	0.0	0.0	0.0	0.008202247191011258
infection_study_07	Myeloid_lineage	9	Eosinophil	5	89	0.5000758840491729	0.5000758840491729	0.0	0.21662921348314607	0.0	0.21662921348314607	0.0	0.0	0.0	0.0	0.0	0.0	0.0	0.0	1.0	0.42696629213483145	0.24719101123595505	0.0	0.0	S100A8;MS4A1			0.0	0.0	0.0	0.0	0.0	0.0
infection_study_07	Myeloid_lineage	9	Basophil	6	89	0.08468659887691607	0.10112359550561797	0.10112359550561797	0.4002247191011236	0.0	0.4002247191011236	0.0	0.0	0.0	0.10112359550561797	0.10112359550561797	0.10112359550561797	0.0	0.10112359550561797	1.118693914486087	0.7865168539325843	0.4606741573033708	0.0	0.0	MS4A1;LST1			0.0	0.0	0.0	0.0	0.0	0.0
infection_study_07	Myeloid_lineage	9	Mast Cell	7	89	0.5000758840491729	0.5000758840491729	0.0	0.4002247191011236	0.0	0.4002247191011236	0.0	0.0	0.0	0.0	0.0	0.0	0.0	0.0	1.0	0.7865168539325843	0.4606741573033708	0.0	0.0	MS4A1;LST1			0.0	0.0	0.0	0.0	0.0	0.0
infection_study_07	Myeloid_lineage	9	Plasmacytoid DC	8	89	0.3382910912126271	0.3382910912126271	0.2319206696327577	0.2001498127340824	0.2140449438202247	0.4141947565543071	0.0	0.0	0.0	0.34831460674157305	0.13108614232209737	0.10112359550561797	0.10112359550561797	0.10112359550561797	1.118693914486087	0.42696629213483145	0.17228464419475653	0.5955056179775281	0.23595505617977527	MS4A1;FCN1;S100A8	MZB1;XBP1;PRDM1		0.0	0.0	0.0	0.0	0.0	0.0
infection_study_07	Myeloid_lineage	9	Conventional DC 1	9	89	0.18986189103050538	0.18986189103050538	0.0	0.16179775280898875	0.020224719101123594	0.18202247191011234	0.0	0.0	0.0	0.0449438202247191	0.02247191011235955	0.0	0.0	0.0	0.09868421052631579	0.2696629213483146	0.2696629213483146	0.0449438202247191	0.0449438202247191	S100A8	HLA-DRA		0.0	0.0	0.0	0.0	0.0	0.0
infection_study_07	Myeloid_lineage	9	Conventional DC 2	10	89	0.48520261041129154	0.6404494382022472	0.3750936329588015	0.25157303370786516	0.26292134831460673	0.5144943820224719	0.0	0.0	0.0	0.6404494382022472	0.23220973782771534	0.6404494382022472	0.0	0.23220973782771534	0.7768106347956774	0.48314606741573035	0.3089887640449438	0.6966292134831461	0.3595505617977528	S100A8;S100A9	FCN1;LST1		0.0	0.0	0.0	0.0	0.0	0.0
