study	lineage	cluster	candidate_label	rank_within_cluster	n_cells	marker_pct	marker_decision_score	marker_base_score	negative_marker_penalty	confound_marker_penalty	marker_penalty	marker_discriminative_score	marker_gate_score	key_marker_bonus	marker_any_fraction	marker_mean_positive_fraction	key_marker_any_fraction	key_marker_two_fraction	key_marker_max_fraction	key_marker_enrichment	negative_marker_any_fraction	negative_marker_mean_positive_fraction	confound_marker_any_fraction	confound_marker_mean_positive_fraction	available_negative_markers	available_confound_markers	available_policy_required_markers	policy_required_any_fraction	policy_required_mean_positive_fraction	ref_fraction	raw_fraction	screfmapping_fraction	total_score
infection_study_04	Myeloid_lineage	0	Classical Monocyte	1	1513	0.854936367582882	1.0	1.0	0.19047918043621942	0.4089557171183079	0.5994348975545274	0.4005651024454726	0.4005651024454726	0.0	1.0	0.8644249834765367	1.0	0.9781890284203569	0.9755452742894911	1.0597754395324666	0.42961004626569727	0.12376074025115666	0.9087904824851288	0.9087904824851288	FCGR3A;MS4A7;CD1C;CLEC4C	HLA-DRA		0.0	0.0	0.9940515532055518	0.9411764705882353	0.0	2.932224058162591
infection_study_04	Myeloid_lineage	0	Intermediate Monocyte	2	1513	0.9355678936184797	0.9966953073364178	1.0	0.024115443930381144	0.36939854593522803	0.39351398986560915	0.6064860101343909	0.6064860101343909	0.0	1.0	0.8056840713813616	0.9966953073364178	0.9160608063450099	0.9755452742894911	1.0292703280646565	0.05287508261731659	0.01828596607182199	0.9689358889623265	0.5247851949768672	CD1C;CLEC4C;NKG7	VCAN;FCGR3A		0.0	0.0	0.06411103767349637	0.0	0.0	0.709063670411985
infection_study_04	Myeloid_lineage	0	Neutrophil	3	1513	0.7962391756346106	0.9900859220092532	1.0	0.006292134831460675	0.42238929279577	0.42868142762723066	0.5713185723727694	0.5713185723727694	0.0	0.992729676140119	0.4872218550341485	0.9900859220092532	0.929279576999339	0.9748843357567746	1.0338184351730373	0.013879709187045605	0.004626569729015202	0.992729676140119	0.8304692663582287	CD3D;MS4A1;CD79A	FCN1;LST1		0.0	0.0	0.0026437541308658294	0.0026437541308658294	0.0	0.5781923331130205
infection_study_04	Myeloid_lineage	0	Non-Classical Monocyte	4	1513	0.6001210958027737	0.6001210958027737	0.47845942686136467	0.5	0.01392927957699934	0.5139292795769993	0.0	0.0	0.0	0.8585591539986781	0.2529191451861643	0.4646397884996695	0.10905485789821547	0.3588896232650364	1.0552785534467806	0.9940515532055518	0.7300066093853272	0.037012557832121616	0.018836748182419035	S100A8;S100A9;VCAN;CD1C	NKG7;GNLY		0.0	0.0	0.044282881692002646	0.07931262392597488	0.0	0.1501652346331791
infection_study_04	Myeloid_lineage	0	Conventional DC 2	5	1513	0.9229556515182672	0.9229556515182672	0.16156158431298387	0.4816622604097819	0.42238929279577	0.6	0.0	0.0	0.0	0.9953734302709848	0.4766468385106852	0.09980171844018507	0.00991407799074686	0.046926635822868476	1.2470394634911952	0.9881031064111038	0.482650363516193	0.992729676140119	0.8304692663582287	CLEC4C;LILRA4;S100A8;S100A9	FCN1;LST1		0.0	0.0	0.027098479841374753	0.02511566424322538	0.0	0.06847323198942498
infection_study_04	Myeloid_lineage	0	Plasmacytoid DC	6	1513	0.28000548358352184	0.28000548358352184	0.08460013218770654	0.46577395902181096	0.06394580304031725	0.5297197620621282	0.0	0.0	0.0	0.19629874421678783	0.029836653762628645	0.08460013218770654	0.0006609385327164573	0.051553205551883675	0.6583159326683582	0.9973562458691342	0.39444811632518173	0.18241903502974224	0.061467283542630535	CD3D;MS4A1;CD1C;FCN1;S100A8	MZB1;XBP1;PRDM1		0.0	0.0	0.0013218770654329147	0.0013218770654329147	0.0	0.0034368803701255784
infection_study_04	Myeloid_lineage	0	Basophil	7	1513	0.4877076336052277	0.4877076336052277	0.0013218770654329147	0.3133421458471029	0.009666226040978188	0.32300837188808107	0.0	0.0	0.0	0.019167217448777262	0.0031945362414628775	0.0013218770654329147	0.0	0.0006609385327164573	0.6762098782437528	0.6900198281559815	0.23243005067195419	0.025776602775941838	0.012888301387970919	CD3D;MS4A1;LST1	CLEC4C;FCER1A		0.0	0.0	0.0	0.0	0.0	0.0
infection_study_04	Myeloid_lineage	0	Eosinophil	8	1513	0.4480201978659721	0.4480201978659721	0.09054857898215465	0.4267944481163252	0.0	0.4267944481163252	0.0	0.0	0.0	0.09187045604758758	0.015862524785194978	0.09054857898215465	0.003304692663582287	0.08393919365499009	0.3201558151311591	0.9398545935228024	0.3165895571711831	0.0	0.0	S100A8;CD3D;MS4A1			0.0	0.0	0.0	0.0	0.0	0.0
infection_study_04	Myeloid_lineage	0	Mast Cell	9	1513	0.4958530399616149	0.4958530399616149	0.0	0.3133421458471029	0.0	0.3133421458471029	0.0	0.0	0.0	0.0019828155981493722	0.00039656311962987437	0.0	0.0	0.0	0.7678847756219497	0.6900198281559815	0.23243005067195419	0.0	0.0	CD3D;MS4A1;LST1			0.0	0.0	0.0	0.0	0.0	0.0
infection_study_04	Myeloid_lineage	0	Conventional DC 1	10	1513	0.42029382868371146	0.42029382868371146	0.021150033046926635	0.4142333113020489	0.4089557171183079	0.6	0.0	0.0	0.0	0.28155981493721083	0.04868913857677903	0.021150033046926635	0.0006609385327164573	0.019167217448777262	0.6940999039263712	0.9438202247191011	0.2526437541308658	0.9087904824851288	0.9087904824851288	CD1C;FCER1A;CLEC4C;S100A8	HLA-DRA		0.0	0.0	0.0	0.0	0.0	0.0
infection_study_04	Myeloid_lineage	1	Classical Monocyte	1	920	0.858843420842187	1.0	1.0	0.10522282608695652	0.429945652173913	0.5351684782608696	0.46483152173913045	0.46483152173913045	0.0	1.0	0.866304347826087	1.0	0.9967391304347826	0.9902173913043478	1.0597754395324666	0.23804347826086958	0.06711956521739129	0.9554347826086956	0.9554347826086956	FCGR3A;MS4A7;CD1C;CLEC4C	HLA-DRA		0.0	0.0	1.0	0.9108695652173913	0.0	2.975701086956522
infection_study_04	Myeloid_lineage	1	Intermediate Monocyte	2	920	0.9368702447049146	1.0	1.0	0.012318840579710144	0.3758152173913043	0.38813405797101447	0.6118659420289856	0.6118659420289856	0.0	1.0	0.7909420289855073	1.0	0.9510869565217391	0.9880434782608696	1.0326491280622425	0.02717391304347826	0.009057971014492754	0.9826086956521739	0.5402173913043479	CD1C;CLEC4C;NKG7	VCAN;FCGR3A		0.0	0.0	0.04565217391304348	0.0	0.0	0.6849094202898551
infection_study_04	Myeloid_lineage	1	Neutrophil	3	920	0.8684396920053922	0.9989130434782608	1.0	0.004434782608695653	0.42375	0.4281847826086957	0.5718152173913043	0.5718152173913043	0.0	1.0	0.5389492753623188	0.9989130434782608	0.9858695652173913	0.9934782608695653	1.042943292051172	0.009782608695652175	0.003260869565217391	0.9934782608695653	0.8380434782608696	CD3D;MS4A1;CD79A	FCN1;LST1		0.0	0.0	0.0	0.0010869565217391304	0.0	0.5729021739130434
infection_study_04	Myeloid_lineage	1	Non-Classical Monocyte	4	920	0.5889825667740535	0.5889825667740535	0.3652173913043478	0.5	0.006114130434782608	0.5061141304347826	0.0	0.0	0.0	0.866304347826087	0.2545289855072464	0.3652173913043478	0.06521739130434782	0.18043478260869567	0.8342302426337831	1.0	0.7434782608695653	0.016304347826086956	0.008152173913043478	S100A8;S100A9;VCAN;CD1C	NKG7;GNLY		0.0	0.0	0.041304347826086954	0.06739130434782609	0.0	0.1334782608695652
infection_study_04	Myeloid_lineage	1	Conventional DC 2	5	920	0.8882491374780086	0.8882491374780086	0.11641818920824266	0.48892934782608694	0.42375	0.6	0.0	0.0	0.0	1.0	0.4626811594202898	0.08804347826086957	0.002173913043478261	0.042391304347826085	1.1134988437894924	0.9989130434782608	0.4970108695652174	0.9934782608695653	0.8380434782608696	CLEC4C;LILRA4;S100A8;S100A9	FCN1;LST1		0.0	0.0	0.006521739130434782	0.005434782608695652	0.0	0.015869565217391305
infection_study_04	Myeloid_lineage	1	Eosinophil	6	920	0.4480201978659721	0.4480201978659721	0.1282608695652174	0.4494565217391304	0.0	0.4494565217391304	0.0	0.0	0.0	0.13043478260869565	0.021920289855072463	0.1282608695652174	0.0010869565217391304	0.12282608695652174	0.44023517631463693	0.9902173913043478	0.33260869565217394	0.0	0.0	S100A8;CD3D;MS4A1			0.0	0.0	0.0	0.0	0.0	0.0
infection_study_04	Myeloid_lineage	1	Basophil	7	920	0.4877076336052277	0.4877076336052277	0.0010869565217391304	0.31329710144927536	0.01345108695652174	0.3267481884057971	0.0	0.0	0.0	0.025	0.004166666666666667	0.0010869565217391304	0.0	0.0010869565217391304	0.662179025291539	0.6902173913043478	0.2318840579710145	0.035869565217391305	0.017934782608695653	CD3D;MS4A1;LST1	CLEC4C;FCER1A		0.0	0.0	0.0	0.0	0.0	0.0
infection_study_04	Myeloid_lineage	1	Mast Cell	8	920	0.4958530399616149	0.4958530399616149	0.0010869565217391304	0.31329710144927536	0.0	0.31329710144927536	0.0	0.0	0.0	0.002173913043478261	0.0004347826086956522	0.0010869565217391304	0.0	0.0010869565217391304	0.8513505121025965	0.6902173913043478	0.2318840579710145	0.0	0.0	CD3D;MS4A1;LST1			0.0	0.0	0.0	0.0	0.0	0.0
infection_study_04	Myeloid_lineage	1	Plasmacytoid DC	9	920	0.28000548358352184	0.28000548358352184	0.09782608695652174	0.46758695652173915	0.07543478260869566	0.5430217391304348	0.0	0.0	0.0	0.2717391304347826	0.041770186335403726	0.09782608695652174	0.0	0.075	0.7503544589125486	0.9989130434782608	0.4	0.2141304347826087	0.0746376811594203	CD3D;MS4A1;CD1C;FCN1;S100A8	MZB1;XBP1;PRDM1		0.0	0.0	0.0	0.0	0.0	0.0
infection_study_04	Myeloid_lineage	1	Conventional DC 1	10	920	0.42029382868371146	0.42029382868371146	0.017391304347826087	0.43390760869565215	0.429945652173913	0.6	0.0	0.0	0.0	0.4543478260869565	0.08043478260869565	0.017391304347826087	0.0	0.014130434782608696	0.6103461170523508	0.991304347826087	0.26005434782608694	0.9554347826086956	0.9554347826086956	CD1C;FCER1A;CLEC4C;S100A8	HLA-DRA		0.0	0.0	0.0	0.0	0.0	0.0
infection_study_04	Myeloid_lineage	10	Classical Monocyte	1	527	0.9220874174606438	1.0	1.0	0.06181214421252372	0.3031309297912713	0.36494307400379505	0.6350569259962049	0.6350569259962049	0.0	1.0	0.8712049335863377	1.0	1.0	1.0	1.0597754395324666	0.14041745730550284	0.03842504743833017	0.6736242884250474	0.6736242884250474	FCGR3A;MS4A7;CD1C;CLEC4C	HLA-DRA		0.0	0.0	1.0	0.9772296015180265	0.0	3.212286527514231
infection_study_04	Myeloid_lineage	10	Neutrophil	2	527	0.937281513469052	1.0	1.0	0.0017204301075268817	0.42367172675521814	0.425392156862745	0.574607843137255	0.574607843137255	0.0	1.0	0.5597722960151803	1.0	1.0	1.0	1.044066911197963	0.003795066413662239	0.001265022137887413	0.9981024667931688	0.8282732447817837	CD3D;MS4A1;CD79A	FCN1;LST1		0.0	0.0	0.017077798861480076	0.017077798861480076	0.0	0.6190101201771032
infection_study_04	Myeloid_lineage	10	Intermediate Monocyte	3	527	0.8949436790275779	1.0	1.0	0.005161290322580645	0.37898481973434534	0.384146110056926	0.615853889943074	0.615853889943074	0.0	1.0	0.7160025300442757	1.0	0.698292220113852	0.9943074003795066	1.0326491280622425	0.011385199240986717	0.003795066413662239	1.0	0.5265654648956357	CD1C;CLEC4C;NKG7	VCAN;FCGR3A		0.0	0.0	0.0018975332068311196	0.0	0.0	0.6188899430740038
infection_study_04	Myeloid_lineage	10	Non-Classical Monocyte	4	527	0.47562090159252407	0.47562090159252407	0.24478178368121442	0.5	0.0028462998102466793	0.5028462998102466	0.0	0.0	0.0	0.7760910815939279	0.18912080961416822	0.24478178368121442	0.030360531309297913	0.12903225806451613	0.5664627337239969	1.0	0.7509487666034156	0.007590132827324478	0.003795066413662239	S100A8;S100A9;VCAN;CD1C	NKG7;GNLY		0.0	0.0	0.0018975332068311196	0.003795066413662239	0.0	0.006831119544592031
infection_study_04	Myeloid_lineage	10	Eosinophil	5	527	0.4480201978659721	0.4480201978659721	0.15749525616698293	0.45361163820366857	0.0	0.45361163820366857	0.0	0.0	0.0	0.15749525616698293	0.027197975964579377	0.15749525616698293	0.0056925996204933585	0.14990512333965844	0.5333201205982235	1.0	0.3345983554712208	0.0	0.0	S100A8;CD3D;MS4A1			0.0	0.0	0.0	0.0	0.0	0.0
infection_study_04	Myeloid_lineage	10	Basophil	6	527	0.4877076336052277	0.4877076336052277	0.0	0.30193548387096775	0.014231499051233398	0.31616698292220113	0.0	0.0	0.0	0.003795066413662239	0.0006325110689437065	0.0	0.0	0.0	0.5972595130080548	0.6660341555977229	0.222011385199241	0.03795066413662239	0.018975332068311198	CD3D;MS4A1;LST1	CLEC4C;FCER1A		0.0	0.0	0.0	0.0	0.0	0.0
infection_study_04	Myeloid_lineage	10	Mast Cell	7	527	0.4958530399616149	0.4958530399616149	0.0	0.30193548387096775	0.0	0.30193548387096775	0.0	0.0	0.0	0.0	0.0	0.0	0.0	0.0	0.7678847756219497	0.6660341555977229	0.222011385199241	0.0	0.0	CD3D;MS4A1;LST1			0.0	0.0	0.0	0.0	0.0	0.0
infection_study_04	Myeloid_lineage	10	Plasmacytoid DC	8	527	0.28000548358352184	0.28000548358352184	0.08349146110056926	0.46808349146110056	0.08396584440227703	0.5520493358633776	0.0	0.0	0.0	0.22960151802656548	0.03496882624017349	0.08349146110056926	0.0	0.07020872865275142	0.6506007654283904	1.0	0.40037950664136623	0.23908918406072105	0.08159392789373814	CD3D;MS4A1;CD1C;FCN1;S100A8	MZB1;XBP1;PRDM1		0.0	0.0	0.0	0.0	0.0	0.0
infection_study_04	Myeloid_lineage	10	Conventional DC 1	9	527	0.42029382868371146	0.42029382868371146	0.009487666034155597	0.4372960151802657	0.3031309297912713	0.6	0.0	0.0	0.0	0.33206831119544594	0.058507273877292855	0.009487666034155597	0.0	0.007590132827324478	0.4342334758258359	1.0	0.26043643263757116	0.6736242884250474	0.6736242884250474	CD1C;FCER1A;CLEC4C;S100A8	HLA-DRA		0.0	0.0	0.0	0.0	0.0	0.0
infection_study_04	Myeloid_lineage	10	Conventional DC 2	10	527	0.7487033609797336	0.7487033609797336	0.04743833017077799	0.4906261859582543	0.42367172675521814	0.6	0.0	0.0	0.0	0.9753320683111955	0.38962681846932323	0.04743833017077799	0.0	0.036053130929791274	0.6523382826564477	1.0	0.5028462998102468	0.9981024667931688	0.8282732447817837	CLEC4C;LILRA4;S100A8;S100A9	FCN1;LST1		0.0	0.0	0.0	0.0	0.0	0.0
infection_study_04	Myeloid_lineage	11	Classical Monocyte	1	500	0.8443690451710193	0.998	1.0	0.04263	0.279	0.32163	0.6783699999999999	0.6783699999999999	0.0	1.0	0.8025	0.998	0.99	0.984	1.0576768743056697	0.098	0.0245	0.62	0.62	FCGR3A;MS4A7;CD1C;CLEC4C	HLA-DRA		0.0	0.0	0.994	0.816	0.0	3.08477
infection_study_04	Myeloid_lineage	11	Neutrophil	2	500	0.850332442251011	0.998	1.0	0.003626666666666667	0.39285	0.39647666666666664	0.6035233333333334	0.6035233333333334	0.0	1.0	0.44466666666666654	0.998	0.98	0.992	1.041999451967868	0.008	0.0026666666666666666	0.968	0.6829999999999999	CD3D;MS4A1;CD79A	FCN1;LST1		0.0	0.0	0.014	0.014	0.0	0.6399233333333334
infection_study_04	Myeloid_lineage	11	Intermediate Monocyte	3	500	0.8289464665158681	0.978	1.0	0.003626666666666667	0.36915	0.37277666666666665	0.6272233333333334	0.6272233333333334	0.0	1.0	0.6349999999999999	0.978	0.61	0.94	1.0101557807183126	0.008	0.0026666666666666666	0.98	0.501	CD1C;CLEC4C;NKG7	VCAN;FCGR3A		0.0	0.0	0.006	0.0	0.0	0.6368233333333334
infection_study_04	Myeloid_lineage	11	Non-Classical Monocyte	4	500	0.458290492837069	0.458290492837069	0.148	0.5	0.0029999999999999996	0.503	0.0	0.0	0.0	0.56	0.12066666666666666	0.148	0.006	0.072	0.35128536520639253	1.0	0.74	0.008	0.004	S100A8;S100A9;VCAN;CD1C	NKG7;GNLY		0.0	0.0	0.004	0.006	0.0	0.012400000000000001
infection_study_04	Myeloid_lineage	11	Conventional DC 2	5	500	0.7198402906299266	0.7198402906299266	0.044	0.48814	0.39285	0.6	0.0	0.0	0.0	0.932	0.3206666666666667	0.044	0.0	0.034	0.6132884984419289	0.998	0.495	0.968	0.6829999999999999	CLEC4C;LILRA4;S100A8;S100A9	FCN1;LST1		0.0	0.0	0.006	0.002	0.0	0.011600000000000001
infection_study_04	Myeloid_lineage	11	Eosinophil	6	500	0.4480201978659721	0.4480201978659721	0.118	0.44666666666666666	0.0	0.44666666666666666	0.0	0.0	0.0	0.118	0.020666666666666667	0.118	0.004	0.112	0.40756363492776443	0.984	0.33066666666666666	0.0	0.0	S100A8;CD3D;MS4A1			0.0	0.0	0.0	0.0	0.0	0.0
infection_study_04	Myeloid_lineage	11	Basophil	7	500	0.4877076336052277	0.4877076336052277	0.004	0.19522666666666666	0.012750000000000001	0.20797666666666667	0.0	0.0	0.0	0.026	0.004333333333333334	0.004	0.0	0.002	0.8361633182112768	0.43	0.14466666666666667	0.034	0.017	CD3D;MS4A1;LST1	CLEC4C;FCER1A		0.0	0.0	0.0	0.0	0.0	0.0
infection_study_04	Myeloid_lineage	11	Mast Cell	8	500	0.4958530399616149	0.4958530399616149	0.002	0.19522666666666666	0.0	0.19522666666666666	0.0	0.0	0.0	0.006	0.0012000000000000001	0.002	0.0	0.002	0.9214617307463396	0.43	0.14466666666666667	0.0	0.0	CD3D;MS4A1;LST1			0.0	0.0	0.0	0.0	0.0	0.0
infection_study_04	Myeloid_lineage	11	Plasmacytoid DC	9	500	0.28000548358352184	0.28000548358352184	0.056	0.46366399999999997	0.0687	0.532364	0.0	0.0	0.0	0.146	0.02142857142857143	0.056	0.0	0.038	0.45928954380211645	0.996	0.3872	0.196	0.06599999999999999	CD3D;MS4A1;CD1C;FCN1;S100A8	MZB1;XBP1;PRDM1		0.0	0.0	0.0	0.0	0.0	0.0
infection_study_04	Myeloid_lineage	11	Conventional DC 1	10	500	0.42029382868371146	0.42029382868371146	0.014	0.43012999999999996	0.279	0.6	0.0	0.0	0.0	0.202	0.035333333333333335	0.014	0.0	0.01	0.5347794549411073	0.984	0.2555	0.62	0.62	CD1C;FCER1A;CLEC4C;S100A8	HLA-DRA		0.0	0.0	0.0	0.0	0.0	0.0
infection_study_04	Myeloid_lineage	12	Classical Monocyte	1	485	0.8292320698242969	0.9917525773195877	1.0	0.1310824742268041	0.27185567010309275	0.40293814432989683	0.5970618556701032	0.5970618556701032	0.0	1.0	0.8056701030927835	0.9917525773195877	0.9443298969072165	0.954639175257732	1.0511215623085617	0.29690721649484536	0.08298969072164948	0.6041237113402061	0.6041237113402061	FCGR3A;MS4A7;CD1C;CLEC4C	HLA-DRA		0.0	0.0	0.9814432989690721	0.709278350515464	0.0	2.876649484536083
infection_study_04	Myeloid_lineage	12	Intermediate Monocyte	2	485	0.8153403249023237	0.9505154639175257	1.0	0.024302405498281787	0.36216494845360825	0.38646735395189	0.61353264604811	0.61353264604811	0.0	1.0	0.6639175257731958	0.9505154639175257	0.6020618556701031	0.9134020618556701	0.9820549072324093	0.05360824742268041	0.01786941580756014	0.9463917525773196	0.5216494845360825	CD1C;CLEC4C;NKG7	VCAN;FCGR3A		0.0	0.0	0.05979381443298969	0.0	0.0	0.7092027491408934
infection_study_04	Myeloid_lineage	12	Neutrophil	3	485	0.8398565128978455	0.9835051546391752	1.0	0.13550515463917526	0.3921649484536082	0.5276701030927835	0.4723298969072165	0.4723298969072165	0.0	0.9938144329896907	0.4838487972508591	0.9835051546391752	0.954639175257732	0.977319587628866	1.0270157010528498	0.29690721649484536	0.10309278350515462	0.9484536082474226	0.7175257731958763	CD3D;MS4A1;CD79A	FCN1;LST1		0.0	0.0	0.04536082474226804	0.04742268041237113	0.0	0.5923298969072165
infection_study_04	Myeloid_lineage	12	Non-Classical Monocyte	4	485	0.6134073617108781	0.6134073617108781	0.354639175257732	0.5	0.01979381443298969	0.5197938144329897	0.0	0.0	0.0	0.8639175257731959	0.2632302405498282	0.354639175257732	0.07628865979381444	0.177319587628866	0.8107114294238618	0.9896907216494846	0.7139175257731959	0.05154639175257732	0.0288659793814433	S100A8;S100A9;VCAN;CD1C	NKG7;GNLY		0.0	0.0	0.03505154639175258	0.07010309278350516	0.0	0.12618556701030928
infection_study_04	Myeloid_lineage	12	Conventional DC 2	5	485	0.7298192702264263	0.7298192702264263	0.04536082474226804	0.48032989690721645	0.3921649484536082	0.6	0.0	0.0	0.0	0.9195876288659793	0.3567010309278351	0.04536082474226804	0.0	0.016494845360824743	0.6287436496054138	0.9835051546391752	0.4845360824742268	0.9484536082474226	0.7175257731958763	CLEC4C;LILRA4;S100A8;S100A9	FCN1;LST1		0.0	0.0	0.008247422680412371	0.004123711340206186	0.0	0.01731958762886598
infection_study_04	Myeloid_lineage	12	Eosinophil	6	485	0.4480201978659721	0.4480201978659721	0.2907216494845361	0.4614432989690722	0.0	0.4614432989690722	0.0	0.0	0.0	0.2907216494845361	0.05223367697594502	0.2907216494845361	0.02268041237113402	0.2804123711340206	0.9575250669171143	0.9731958762886598	0.41649484536082476	0.0	0.0	S100A8;CD3D;MS4A1			0.0	0.0	0.0	0.0	0.0	0.0
infection_study_04	Myeloid_lineage	12	Basophil	7	485	0.4877076336052277	0.4877076336052277	0.002061855670103093	0.3105979381443299	0.005412371134020618	0.3160103092783505	0.0	0.0	0.0	0.020618556701030927	0.003780068728522337	0.002061855670103093	0.0	0.002061855670103093	0.7204058043499217	0.6597938144329897	0.2721649484536082	0.01443298969072165	0.007216494845360824	CD3D;MS4A1;LST1	CLEC4C;FCER1A		0.0	0.0	0.0	0.0	0.0	0.0
infection_study_04	Myeloid_lineage	12	Mast Cell	8	485	0.4958530399616149	0.4958530399616149	0.0	0.3105979381443299	0.0	0.3105979381443299	0.0	0.0	0.0	0.006185567010309278	0.0012371134020618558	0.0	0.0	0.0	0.7678847756219497	0.6597938144329897	0.2721649484536082	0.0	0.0	CD3D;MS4A1;LST1			0.0	0.0	0.0	0.0	0.0	0.0
infection_study_04	Myeloid_lineage	12	Plasmacytoid DC	9	485	0.28000548358352184	0.28000548358352184	0.08247422680412371	0.47275876288659796	0.09432989690721649	0.5670886597938145	0.0	0.0	0.0	0.28865979381443296	0.04447717231222385	0.08247422680412371	0.004123711340206186	0.06391752577319587	0.6435219006412034	0.9917525773195877	0.4358762886597938	0.26597938144329897	0.09690721649484536	CD3D;MS4A1;CD1C;FCN1;S100A8	MZB1;XBP1;PRDM1		0.0	0.0	0.0	0.0	0.0	0.0
infection_study_04	Myeloid_lineage	12	Conventional DC 1	10	485	0.42029382868371146	0.42029382868371146	0.016494845360824743	0.42010309278350516	0.27185567010309275	0.6	0.0	0.0	0.0	0.2309278350515464	0.04020618556701031	0.016494845360824743	0.0	0.01443298969072165	0.5903707900337826	0.9628865979381444	0.2463917525773196	0.6041237113402061	0.6041237113402061	CD1C;FCER1A;CLEC4C;S100A8	HLA-DRA		0.0	0.0	0.0	0.0	0.0	0.0
infection_study_04	Myeloid_lineage	13	Classical Monocyte	1	438	0.8504352594420453	1.0	1.0	0.08493150684931507	0.20445205479452055	0.2893835616438356	0.7106164383561644	0.7106164383561644	0.0	1.0	0.8042237442922374	1.0	1.0	0.9885844748858448	1.0597754395324666	0.1917808219178082	0.0547945205479452	0.454337899543379	0.454337899543379	FCGR3A;MS4A7;CD1C;CLEC4C	HLA-DRA		0.0	0.0	1.0	0.8812785388127854	0.0	3.1918949771689498
infection_study_04	Myeloid_lineage	13	Neutrophil	2	438	0.8380172275915644	0.9954337899543378	1.0	0.00828006088280061	0.38630136986301367	0.39458143074581425	0.6054185692541858	0.6054185692541858	0.0	0.997716894977169	0.4402587519025875	0.9954337899543378	0.9885844748858448	0.9954337899543378	1.0393466846452346	0.0182648401826484	0.0060882800608828	0.9634703196347032	0.6484018264840182	CD3D;MS4A1;CD79A	FCN1;LST1		0.0	0.0	0.0182648401826484	0.0182648401826484	0.0	0.6529071537290716
infection_study_04	Myeloid_lineage	13	Intermediate Monocyte	3	438	0.7982612470582859	0.9703196347031964	0.9708954307424419	0.016727549467275494	0.3796232876712329	0.3963508371385084	0.5745445936039335	0.5745445936039335	0.0	1.0	0.6008371385083714	0.9703196347031964	0.4794520547945205	0.9406392694063926	1.002303184156982	0.0365296803652968	0.01293759512937595	0.9908675799086758	0.5490867579908676	CD1C;CLEC4C;NKG7	VCAN;FCGR3A		0.0	0.0	0.045662100456621	0.0	0.0	0.6476039543345271
infection_study_04	Myeloid_lineage	13	Non-Classical Monocyte	4	438	0.6799472205086023	0.6799472205086023	0.2831050228310502	0.5	0.020034246575342463	0.5200342465753425	0.0	0.0	0.0	0.91324200913242	0.25913242009132414	0.2831050228310502	0.05251141552511415	0.1278538812785388	0.6516677530951487	1.0	0.7448630136986301	0.05251141552511415	0.028538812785388126	S100A8;S100A9;VCAN;CD1C	NKG7;GNLY		0.0	0.0	0.01598173515981735	0.05251141552511415	0.0	0.07808219178082192
infection_study_04	Myeloid_lineage	13	Eosinophil	5	438	0.4480201978659721	0.4480201978659721	0.30742836669388574	0.4494977168949772	0.0	0.4494977168949772	0.0	0.0	0.0	0.3059360730593607	0.05365296803652967	0.3059360730593607	0.01598173515981735	0.2968036529680365	1.0059691745381	0.9885844748858448	0.3356164383561644	0.0	0.0	S100A8;CD3D;MS4A1			0.0	0.0	0.0	0.0	0.0	0.0
infection_study_04	Myeloid_lineage	13	Basophil	6	438	0.4877076336052277	0.4877076336052277	0.0	0.16887366818873667	0.0008561643835616437	0.16972983257229832	0.0	0.0	0.0	0.00684931506849315	0.001141552511415525	0.0	0.0	0.0	0.5972595130080548	0.3721461187214612	0.1248097412480974	0.00228310502283105	0.001141552511415525	CD3D;MS4A1;LST1	CLEC4C;FCER1A		0.0	0.0	0.0	0.0	0.0	0.0
infection_study_04	Myeloid_lineage	13	Mast Cell	7	438	0.4958530399616149	0.4958530399616149	0.0	0.16887366818873667	0.0	0.16887366818873667	0.0	0.0	0.0	0.00228310502283105	0.00045662100456621003	0.0	0.0	0.0	0.7678847756219497	0.3721461187214612	0.1248097412480974	0.0	0.0	CD3D;MS4A1;LST1			0.0	0.0	0.0	0.0	0.0	0.0
infection_study_04	Myeloid_lineage	13	Plasmacytoid DC	8	438	0.28000548358352184	0.28000548358352184	0.06621004566210045	0.4659908675799087	0.057648401826484015	0.5236392694063927	0.0	0.0	0.0	0.3036529680365297	0.04761904761904762	0.06621004566210045	0.00228310502283105	0.05707762557077625	0.5303405622012815	1.0	0.3908675799086758	0.1643835616438356	0.05555555555555555	CD3D;MS4A1;CD1C;FCN1;S100A8	MZB1;XBP1;PRDM1		0.0	0.0	0.0	0.0	0.0	0.0
infection_study_04	Myeloid_lineage	13	Conventional DC 1	9	438	0.42029382868371146	0.42029382868371146	0.00684931506849315	0.4305365296803653	0.20445205479452055	0.6	0.0	0.0	0.0	0.1415525114155251	0.023972602739726026	0.00684931506849315	0.0	0.0045662100456621	0.3754444803524898	0.9885844748858448	0.24942922374429224	0.454337899543379	0.454337899543379	CD1C;FCER1A;CLEC4C;S100A8	HLA-DRA		0.0	0.0	0.0	0.0	0.0	0.0
infection_study_04	Myeloid_lineage	13	Conventional DC 2	10	438	0.7033495556012521	0.7033495556012521	0.02511415525114155	0.48788812785388125	0.38630136986301367	0.6	0.0	0.0	0.0	0.906392694063927	0.3006088280060883	0.02511415525114155	0.0	0.01598173515981735	0.3987982879264699	0.9954337899543378	0.4982876712328767	0.9634703196347032	0.6484018264840182	CLEC4C;LILRA4;S100A8;S100A9	FCN1;LST1		0.0	0.0	0.0	0.0	0.0	0.0
infection_study_04	Myeloid_lineage	14	Conventional DC 2	1	420	0.9948248680512715	0.9948248680512715	1.0	0.28285714285714286	0.3096428571428571	0.5925	0.4075	0.4075	0.0	1.0	0.753968253968254	0.830952380952381	0.5428571428571428	0.5738095238095238	9.550859684730568	0.6023809523809524	0.24523809523809526	0.7595238095238095	0.5452380952380952	CLEC4C;LILRA4;S100A8;S100A9	FCN1;LST1		0.0	0.0	0.9357142857142857	0.8333333333333334	0.0	2.737976190476191
infection_study_04	Myeloid_lineage	14	Classical Monocyte	2	420	0.6995338954006443	0.7095238095238096	0.9857142857142858	0.2500476190476191	0.4489285714285714	0.6	0.3857142857142858	0.3857142857142858	0.0	0.9928571428571429	0.5836309523809524	0.7095238095238096	0.4928571428571429	0.6214285714285714	0.7549838232595744	0.5642857142857143	0.16190476190476188	0.9976190476190476	0.9976190476190476	FCGR3A;MS4A7;CD1C;CLEC4C	HLA-DRA		0.0	0.0	0.3761904761904762	0.1976190476190476	0.0	1.1852380952380952
infection_study_04	Myeloid_lineage	14	Intermediate Monocyte	3	420	0.8208239084241552	1.0	1.0	0.23077777777777775	0.24089285714285713	0.4716706349206349	0.5283293650793651	0.5283293650793651	0.0	1.0	0.5992063492063492	1.0	0.5476190476190477	0.9976190476190476	1.0326491280622425	0.5071428571428571	0.17301587301587298	0.638095238095238	0.32976190476190476	CD1C;CLEC4C;NKG7	VCAN;FCGR3A		0.0	0.0	0.007142857142857143	0.0	0.0	0.5397579365079366
infection_study_04	Myeloid_lineage	14	Neutrophil	4	420	0.636175657458816	0.636175657458816	0.7523809523809524	0.02068253968253968	0.3096428571428571	0.3303253968253968	0.4220555555555556	0.4220555555555556	0.0	0.7285714285714285	0.24444444444444444	0.5857142857142857	0.3761904761904762	0.5523809523809524	0.6158074992497179	0.04523809523809524	0.015873015873015872	0.7595238095238095	0.5452380952380952	CD3D;MS4A1;CD79A	FCN1;LST1		0.0	0.0	0.0	0.0	0.0	0.4220555555555556
infection_study_04	Myeloid_lineage	14	Conventional DC 1	5	420	0.42029382868371146	0.42029382868371146	0.3738095238095238	0.40276190476190477	0.4489285714285714	0.6	0.0	0.0	0.0	0.3904761904761905	0.07658730158730158	0.12380952380952381	0.004761904761904762	0.11904761904761904	2.981607675366095	0.8476190476190476	0.36666666666666664	0.9976190476190476	0.9976190476190476	CD1C;FCER1A;CLEC4C;S100A8	HLA-DRA		0.0	0.0	0.03333333333333333	0.01904761904761905	0.0	0.07238095238095238
infection_study_04	Myeloid_lineage	14	Plasmacytoid DC	6	420	0.28000548358352184	0.28000548358352184	0.4523306113202662	0.36894285714285713	0.07119047619047619	0.4401333333333333	0.012197277986932875	0.012197277986932875	0.0	0.3904761904761905	0.07346938775510205	0.25	0.02142857142857143	0.23095238095238096	1.8093224452810648	0.8071428571428572	0.2828571428571428	0.2	0.0746031746031746	CD3D;MS4A1;CD1C;FCN1;S100A8	MZB1;XBP1;PRDM1		0.0	0.0	0.014285714285714285	0.016666666666666666	0.0	0.0517210875107424
infection_study_04	Myeloid_lineage	14	Non-Classical Monocyte	7	420	0.6147211369296501	0.6147211369296501	0.27380952380952384	0.4498452380952381	0.021249999999999998	0.47109523809523807	0.0	0.0	0.0	0.861904761904762	0.24603174603174605	0.27380952380952384	0.04047619047619048	0.16428571428571428	0.631000836838487	0.8857142857142857	0.5148809523809523	0.05476190476190476	0.03214285714285714	S100A8;S100A9;VCAN;CD1C	NKG7;GNLY		0.0	0.0	0.014285714285714285	0.02142857142857143	0.0	0.04428571428571429
infection_study_04	Myeloid_lineage	14	Eosinophil	8	420	0.4480201978659721	0.4480201978659721	0.1761904761904762	0.19011111111111112	0.0	0.19011111111111112	0.0	0.0	0.0	0.17857142857142858	0.03134920634920635	0.1761904761904762	0.009523809523809525	0.16904761904761906	0.5928474005087646	0.4166666666666667	0.14444444444444446	0.0	0.0	S100A8;CD3D;MS4A1			0.0	0.0	0.0	0.0	0.0	0.0
infection_study_04	Myeloid_lineage	14	Basophil	9	420	0.4877076336052277	0.4877076336052277	0.002380952380952381	0.28293650793650793	0.21642857142857141	0.49936507936507935	0.0	0.0	0.0	0.04285714285714286	0.007142857142857143	0.002380952380952381	0.0	0.002380952380952381	0.7394641589623536	0.6214285714285714	0.2126984126984127	0.5761904761904761	0.29047619047619044	CD3D;MS4A1;LST1	CLEC4C;FCER1A		0.0	0.0	0.0	0.0	0.0	0.0
infection_study_04	Myeloid_lineage	14	Mast Cell	10	420	0.4958530399616149	0.4958530399616149	0.0	0.28293650793650793	0.0	0.28293650793650793	0.0	0.0	0.0	0.03333333333333333	0.006666666666666666	0.0	0.0	0.0	0.7678847756219497	0.6214285714285714	0.2126984126984127	0.0	0.0	CD3D;MS4A1;LST1			0.0	0.0	0.0	0.0	0.0	0.0
infection_study_04	Myeloid_lineage	15	Non-Classical Monocyte	1	349	0.9777914867365823	0.994269340974212	1.0	0.35515759312320916	0.0053724928366762174	0.3605300859598854	0.6394699140401146	0.6394699140401146	0.0	1.0	0.7153772683858645	0.994269340974212	0.7650429799426934	0.9828080229226361	2.232817229175375	0.7363896848137536	0.3424068767908309	0.014326647564469915	0.007163323782234957	S100A8;S100A9;VCAN;CD1C	NKG7;GNLY		0.0	0.0	0.9627507163323782	0.9684813753581661	0.0	3.148352435530086
infection_study_04	Myeloid_lineage	15	Classical Monocyte	2	349	0.7079991774624718	0.9140401146131805	1.0	0.4648280802292264	0.38295128939828077	0.6	0.4	0.4	0.0	1.0	0.5888252148997135	0.9140401146131805	0.5100286532951289	0.8767908309455588	0.9695792263463506	0.9914040114613181	0.4004297994269341	0.8510028653295129	0.8510028653295129	FCGR3A;MS4A7;CD1C;CLEC4C	HLA-DRA		0.0	0.0	0.20630372492836677	0.8739255014326648	0.0	1.6040114613180516
infection_study_04	Myeloid_lineage	15	Intermediate Monocyte	3	349	0.8605798889574336	0.9885386819484241	1.0	0.006494746895893027	0.3979942693409742	0.4044890162368672	0.5955109837631327	0.5955109837631327	0.0	0.997134670487106	0.7564469914040114	0.9885386819484241	0.8796561604584527	0.8767908309455588	1.0209307913370902	0.014326647564469915	0.004775549188156637	0.994269340974212	0.664756446991404	CD1C;CLEC4C;NKG7	VCAN;FCGR3A		0.0	0.0	0.46131805157593125	0.0	0.0	1.3336198662846228
infection_study_04	Myeloid_lineage	15	Neutrophil	4	349	0.7066625539790253	0.9226361031518625	1.0	0.011690544412607449	0.4261461318051576	0.43783667621776506	0.562163323782235	0.562163323782235	0.0	0.9512893982808023	0.4231136580706781	0.9226361031518625	0.6160458452722063	0.7392550143266475	0.9640935598905642	0.025787965616045846	0.008595988538681949	0.9828080229226361	0.8753581661891118	CD3D;MS4A1;CD79A	FCN1;LST1		0.0	0.0	0.0	0.0	0.0	0.562163323782235
infection_study_04	Myeloid_lineage	15	Conventional DC 2	5	349	0.8799780656659126	0.8799780656659126	0.02865329512893983	0.3183524355300859	0.4261461318051576	0.6	0.0	0.0	0.0	0.9713467048710601	0.4355300859598854	0.02865329512893983	0.0028653295128939827	0.014326647564469915	0.43899298758259686	0.6905444126074498	0.25429799426934097	0.9828080229226361	0.8753581661891118	CLEC4C;LILRA4;S100A8;S100A9	FCN1;LST1		0.0	0.0	0.0028653295128939827	0.0028653295128939827	0.0	0.007449856733524355
infection_study_04	Myeloid_lineage	15	Eosinophil	6	349	0.4480201978659721	0.4480201978659721	0.02865329512893983	0.19547277936962748	0.0	0.19547277936962748	0.0	0.0	0.0	0.02865329512893983	0.004775549188156638	0.02865329512893983	0.0	0.022922636103151862	0.12307560519286224	0.4297994269340974	0.14613180515759314	0.0	0.0	S100A8;CD3D;MS4A1			0.0	0.0	0.0	0.0	0.0	0.0
infection_study_04	Myeloid_lineage	15	Basophil	7	349	0.4877076336052277	0.4877076336052277	0.0	0.39915950334288447	0.0032234957020057303	0.4023829990448902	0.0	0.0	0.0	0.10601719197707736	0.01766953199617956	0.0	0.0	0.0	0.5972595130080548	0.8767908309455588	0.29990448901623684	0.008595988538681949	0.004297994269340974	CD3D;MS4A1;LST1	CLEC4C;FCER1A		0.0	0.0	0.0	0.0	0.0	0.0
infection_study_04	Myeloid_lineage	15	Mast Cell	8	349	0.4958530399616149	0.4958530399616149	0.0	0.39915950334288447	0.0	0.39915950334288447	0.0	0.0	0.0	0.0028653295128939827	0.0005730659025787965	0.0	0.0	0.0	0.7678847756219497	0.8767908309455588	0.29990448901623684	0.0	0.0	CD3D;MS4A1;LST1			0.0	0.0	0.0	0.0	0.0	0.0
infection_study_04	Myeloid_lineage	15	Plasmacytoid DC	9	349	0.28000548358352184	0.28000548358352184	0.1991604304179234	0.40122636103151865	0.04813753581661891	0.44936389684813755	0.0	0.0	0.0	0.3037249283667622	0.04911993450675399	0.15759312320916904	0.0057306590257879654	0.10315186246418338	1.1662692288350174	0.9025787965616046	0.264756446991404	0.13753581661891118	0.045845272206303724	CD3D;MS4A1;CD1C;FCN1;S100A8	MZB1;XBP1;PRDM1		0.0	0.0	0.0	0.0	0.0	0.0
infection_study_04	Myeloid_lineage	15	Conventional DC 1	10	349	0.42029382868371146	0.42029382868371146	0.38180515759312317	0.18369627507163325	0.38295128939828077	0.566647564469914	0.0	0.0	0.0	0.33810888252148996	0.061127029608404965	0.1318051575931232	0.0	0.12893982808022922	3.1597702035620108	0.42120343839541546	0.10744985673352436	0.8510028653295129	0.8510028653295129	CD1C;FCER1A;CLEC4C;S100A8	HLA-DRA		0.0	0.0	0.0	0.0	0.0	0.0
infection_study_04	Myeloid_lineage	16	Classical Monocyte	1	336	0.8740832133799439	0.9880952380952381	1.0	0.139375	0.29732142857142857	0.43669642857142854	0.5633035714285715	0.5633035714285715	0.0	1.0	0.8277529761904762	0.9880952380952381	0.9494047619047619	0.9464285714285714	1.0472839798491513	0.3125	0.09375	0.6607142857142857	0.6607142857142857	FCGR3A;MS4A7;CD1C;CLEC4C	HLA-DRA		0.0	0.0	0.9494047619047619	0.9375	0.0	3.0198511904761904
infection_study_04	Myeloid_lineage	16	Intermediate Monocyte	2	336	0.8607284026778166	0.9642857142857143	1.0	0.03373015873015873	0.3754464285714285	0.40917658730158724	0.5908234126984128	0.5908234126984128	0.0	1.0	0.6909722222222222	0.9642857142857143	0.6547619047619048	0.9315476190476191	0.9961339538026159	0.0744047619047619	0.024801587301587297	0.9761904761904762	0.5505952380952381	CD1C;CLEC4C;NKG7	VCAN;FCGR3A		0.0	0.0	0.08333333333333333	0.0	0.0	0.7241567460317461
infection_study_04	Myeloid_lineage	16	Neutrophil	3	336	0.8729179518815546	0.9821428571428571	1.0	0.018888888888888886	0.40647321428571426	0.42536210317460316	0.5746378968253969	0.5746378968253969	0.0	0.9880952380952381	0.4985119047619047	0.9821428571428571	0.9464285714285714	0.9494047619047619	1.0256074537864006	0.041666666666666664	0.013888888888888888	0.9672619047619048	0.7752976190476191	CD3D;MS4A1;CD79A	FCN1;LST1		0.0	0.0	0.020833333333333332	0.020833333333333332	0.0	0.6288045634920636
infection_study_04	Myeloid_lineage	16	Non-Classical Monocyte	4	336	0.6750177074051226	0.6750177074051226	0.39880952380952384	0.5	0.024553571428571428	0.5245535714285714	0.0	0.0	0.0	0.9077380952380952	0.310515873015873	0.39880952380952384	0.13095238095238096	0.21428571428571427	0.9089164738688609	0.9821428571428571	0.712797619047619	0.06547619047619048	0.03273809523809523	S100A8;S100A9;VCAN;CD1C	NKG7;GNLY		0.0	0.0	0.0625	0.10714285714285714	0.0	0.20714285714285713
infection_study_04	Myeloid_lineage	16	Conventional DC 2	5	336	0.7562375762560833	0.7562375762560833	0.05952380952380952	0.4707142857142857	0.40647321428571426	0.6	0.0	0.0	0.0	0.9434523809523809	0.37896825396825395	0.05952380952380952	0.008928571428571428	0.02976190476190476	0.7895954212744409	0.9613095238095238	0.47916666666666663	0.9672619047619048	0.7752976190476191	CLEC4C;LILRA4;S100A8;S100A9	FCN1;LST1		0.0	0.0	0.020833333333333332	0.017857142857142856	0.0	0.05119047619047619
infection_study_04	Myeloid_lineage	16	Eosinophil	6	336	0.4480201978659721	0.4480201978659721	0.32990794009619184	0.43123015873015874	0.0	0.43123015873015874	0.0	0.0	0.0	0.31845238095238093	0.06101190476190476	0.31845238095238093	0.047619047619047616	0.30952380952380953	1.0458222365752436	0.9464285714285714	0.3253968253968254	0.0	0.0	S100A8;CD3D;MS4A1			0.0	0.0	0.0	0.0	0.0	0.0
infection_study_04	Myeloid_lineage	16	Basophil	7	336	0.4877076336052277	0.4877076336052277	0.002976190476190476	0.290734126984127	0.007812499999999999	0.298546626984127	0.0	0.0	0.0	0.047619047619047616	0.007936507936507936	0.002976190476190476	0.0	0.002976190476190476	0.7750153204509282	0.6398809523809523	0.21626984126984128	0.020833333333333332	0.010416666666666666	CD3D;MS4A1;LST1	CLEC4C;FCER1A		0.0	0.0	0.0	0.0	0.0	0.0
infection_study_04	Myeloid_lineage	16	Mast Cell	8	336	0.4958530399616149	0.4958530399616149	0.0	0.290734126984127	0.0	0.290734126984127	0.0	0.0	0.0	0.005952380952380952	0.0011904761904761904	0.0	0.0	0.0	0.7678847756219497	0.6398809523809523	0.21626984126984128	0.0	0.0	CD3D;MS4A1;LST1			0.0	0.0	0.0	0.0	0.0	0.0
infection_study_04	Myeloid_lineage	16	Plasmacytoid DC	9	336	0.28000548358352184	0.28000548358352184	0.11607142857142858	0.4595952380952381	0.07038690476190476	0.5299821428571428	0.0	0.0	0.0	0.3125	0.04889455782312925	0.11607142857142858	0.002976190476190476	0.08630952380952381	0.8773225593189778	0.9851190476190477	0.3875	0.19940476190476192	0.07043650793650794	CD3D;MS4A1;CD1C;FCN1;S100A8	MZB1;XBP1;PRDM1		0.0	0.0	0.0	0.0	0.0	0.0
infection_study_04	Myeloid_lineage	16	Conventional DC 1	10	336	0.42029382868371146	0.42029382868371146	0.02976190476190476	0.4178720238095238	0.29732142857142857	0.6	0.0	0.0	0.0	0.2916666666666667	0.05257936507936508	0.02976190476190476	0.0	0.02976190476190476	0.8859937398329855	0.9553571428571429	0.24925595238095238	0.6607142857142857	0.6607142857142857	CD1C;FCER1A;CLEC4C;S100A8	HLA-DRA		0.0	0.0	0.0	0.0	0.0	0.0
infection_study_04	Myeloid_lineage	17	Classical Monocyte	1	310	0.766376493705303	0.9709677419354839	1.0	0.3086612903225806	0.3570967741935484	0.6	0.4	0.4	0.0	0.9967741935483871	0.747983870967742	0.9709677419354839	0.8548387096774194	0.8709677419354839	1.029312395917672	0.6838709677419355	0.2217741935483871	0.7935483870967742	0.7935483870967742	FCGR3A;MS4A7;CD1C;CLEC4C	HLA-DRA		0.0	0.0	0.9354838709677419	0.6225806451612903	0.0	2.519354838709677
infection_study_04	Myeloid_lineage	17	Intermediate Monocyte	2	310	0.8439120798775332	0.9387096774193548	1.0	0.15129032258064515	0.3733064516129032	0.5245967741935483	0.47540322580645167	0.47540322580645167	0.0	0.9935483870967742	0.6913978494623656	0.9387096774193548	0.7806451612903226	0.8709677419354839	0.9699843773973349	0.32903225806451614	0.1193548387096774	0.9161290322580645	0.6564516129032258	CD1C;CLEC4C;NKG7	VCAN;FCGR3A		0.0	0.0	0.15483870967741936	0.0	0.0	0.7231451612903227
infection_study_04	Myeloid_lineage	17	Neutrophil	3	310	0.7561975917929034	0.9387096774193548	1.0	0.07311827956989247	0.37475806451612903	0.4478763440860215	0.5521236559139785	0.5521236559139785	0.0	0.9580645161290322	0.47043010752688175	0.9387096774193548	0.8129032258064516	0.9032258064516129	0.9807092896305363	0.16129032258064516	0.05376344086021506	0.9096774193548387	0.6790322580645162	CD3D;MS4A1;CD79A	FCN1;LST1		0.0	0.0	0.03870967741935484	0.03870967741935484	0.0	0.6527688172043011
infection_study_04	Myeloid_lineage	17	Non-Classical Monocyte	4	310	0.703001119564969	0.7387096774193549	0.9048659313209664	0.5	0.26806451612903226	0.6	0.3048659313209664	0.3048659313209664	0.0	0.8774193548387097	0.3188172043010753	0.7387096774193549	0.31290322580645163	0.535483870967742	1.6646250156064457	0.9709677419354839	0.6379032258064516	0.6741935483870968	0.43870967741935485	S100A8;S100A9;VCAN;CD1C	NKG7;GNLY		0.0	0.0	0.09032258064516129	0.1870967741935484	0.0	0.6364788345467729
infection_study_04	Myeloid_lineage	17	Conventional DC 2	5	310	0.8450202207142368	0.8450202207142368	0.31094085690222406	0.4488387096774194	0.37475806451612903	0.6	0.0	0.0	0.0	0.9451612903225807	0.4263440860215053	0.13870967741935483	0.02903225806451613	0.06774193548387097	1.6889247179314768	0.9290322580645162	0.43548387096774194	0.9096774193548387	0.6790322580645162	CLEC4C;LILRA4;S100A8;S100A9	FCN1;LST1		0.0	0.0	0.06129032258064516	0.04516129032258064	0.0	0.1432258064516129
infection_study_04	Myeloid_lineage	17	Conventional DC 1	6	310	0.42029382868371146	0.42029382868371146	0.016129032258064516	0.3794516129032258	0.3570967741935484	0.6	0.0	0.0	0.0	0.24193548387096775	0.041935483870967745	0.016129032258064516	0.0	0.00967741935483871	0.5822195678794314	0.8612903225806452	0.2370967741935484	0.7935483870967742	0.7935483870967742	CD1C;FCER1A;CLEC4C;S100A8	HLA-DRA		0.0	0.0	0.0032258064516129032	0.0032258064516129032	0.0	0.008387096774193548
infection_study_04	Myeloid_lineage	17	Plasmacytoid DC	7	310	0.28000548358352184	0.28000548358352184	0.1064516129032258	0.4537935483870968	0.1153225806451613	0.5691161290322581	0.0	0.0	0.0	0.4838709677419355	0.08571428571428573	0.1064516129032258	0.0064516129032258064	0.07096774193548387	0.8103789115961095	0.9741935483870968	0.38	0.3225806451612903	0.12365591397849462	CD3D;MS4A1;CD1C;FCN1;S100A8	MZB1;XBP1;PRDM1		0.0	0.0	0.0032258064516129032	0.0	0.0	0.005161290322580645
infection_study_04	Myeloid_lineage	17	Eosinophil	8	310	0.4480201978659721	0.4480201978659721	0.08064516129032258	0.3955268817204301	0.0	0.3955268817204301	0.0	0.0	0.0	0.08387096774193549	0.014516129032258065	0.08064516129032258	0.0	0.05806451612903226	0.28862243300076057	0.8516129032258064	0.32688172043010755	0.0	0.0	S100A8;CD3D;MS4A1			0.0	0.0	0.0	0.0	0.0	0.0
infection_study_04	Myeloid_lineage	17	Basophil	9	310	0.4877076336052277	0.4877076336052277	0.0064516129032258064	0.26305376344086023	0.02903225806451613	0.2920860215053764	0.0	0.0	0.0	0.04838709677419355	0.00806451612903226	0.0064516129032258064	0.0	0.0064516129032258064	0.9825882310777677	0.567741935483871	0.21505376344086025	0.07741935483870968	0.03870967741935484	CD3D;MS4A1;LST1	CLEC4C;FCER1A		0.0	0.0	0.0	0.0	0.0	0.0
infection_study_04	Myeloid_lineage	17	Mast Cell	10	310	0.4958530399616149	0.4958530399616149	0.0	0.26305376344086023	0.0	0.26305376344086023	0.0	0.0	0.0	0.00967741935483871	0.001935483870967742	0.0	0.0	0.0	0.7678847756219497	0.567741935483871	0.21505376344086025	0.0	0.0	CD3D;MS4A1;LST1			0.0	0.0	0.0	0.0	0.0	0.0
infection_study_04	Myeloid_lineage	18	Non-Classical Monocyte	1	251	0.980373340644778	0.980373340644778	1.0	0.44149402390438247	0.0200199203187251	0.46151394422310754	0.5384860557768925	0.5384860557768925	0.0	1.0	0.7284196547144753	0.9721115537848606	0.8247011952191236	0.9402390438247012	2.183553264840078	0.8844621513944223	0.47908366533864544	0.05179282868525897	0.029880478087649404	S100A8;S100A9;VCAN;CD1C	NKG7;GNLY		0.0	0.0	0.9163346613545816	0.9402390438247012	0.0	2.9448605577689246
infection_study_04	Myeloid_lineage	18	Intermediate Monocyte	2	251	0.85907190348893	0.9960159362549801	1.0	0.025285524568393097	0.41623505976095615	0.44152058432934926	0.5584794156706507	0.5584794156706507	0.0	1.0	0.7888446215139443	0.9960159362549801	0.9043824701195219	0.8685258964143426	1.0285757221687384	0.055776892430278883	0.01859229747675963	0.9920318725099602	0.7908366533864541	CD1C;CLEC4C;NKG7	VCAN;FCGR3A		0.0	0.0	0.796812749003984	0.0	0.0	1.8333798140770252
infection_study_04	Myeloid_lineage	18	Classical Monocyte	3	251	0.7279685607878081	0.9402390438247012	1.0	0.4553386454183267	0.3908366533864541	0.6	0.4	0.4	0.0	1.0	0.7016932270916335	0.9402390438247012	0.7649402390438247	0.8605577689243028	0.997069307257657	0.9641434262948207	0.4043824701195219	0.8685258964143426	0.8685258964143426	FCGR3A;MS4A7;CD1C;CLEC4C	HLA-DRA		0.0	0.0	0.28286852589641437	0.8725099601593626	0.0	1.7250996015936257
infection_study_04	Myeloid_lineage	18	Neutrophil	4	251	0.7204514817099641	0.9641434262948207	1.0	0.01444887118193891	0.4114541832669323	0.4259030544488712	0.5740969455511288	0.5740969455511288	0.0	0.9880478087649402	0.47476759628154047	0.9641434262948207	0.6932270916334662	0.7848605577689243	1.0070009090647862	0.03187250996015936	0.010624169986719787	0.9601593625498008	0.8227091633466135	CD3D;MS4A1;CD79A	FCN1;LST1		0.0	0.0	0.0	0.0	0.0	0.5740969455511288
infection_study_04	Myeloid_lineage	18	Conventional DC 2	5	251	0.9223387483720611	0.9223387483720611	0.05179282868525897	0.3586254980079681	0.4114541832669323	0.6	0.0	0.0	0.0	0.9960159362549801	0.4667994687915007	0.05179282868525897	0.0	0.027888446215139442	0.7017931688678115	0.7609561752988048	0.3157370517928287	0.9601593625498008	0.8227091633466135	CLEC4C;LILRA4;S100A8;S100A9	FCN1;LST1		0.0	0.0	0.00398406374501992	0.00398406374501992	0.0	0.010358565737051793
infection_study_04	Myeloid_lineage	18	Eosinophil	6	251	0.4480201978659721	0.4480201978659721	0.16334661354581673	0.2666666666666667	0.0	0.2666666666666667	0.0	0.0	0.0	0.16334661354581673	0.029216467463479417	0.16334661354581673	0.01195219123505976	0.1553784860557769	0.5519513743683713	0.5856573705179283	0.200531208499336	0.0	0.0	S100A8;CD3D;MS4A1			0.0	0.0	0.0	0.0	0.0	0.0
infection_study_04	Myeloid_lineage	18	Basophil	7	251	0.4877076336052277	0.4877076336052277	0.0	0.359070385126162	0.0	0.359070385126162	0.0	0.0	0.0	0.06772908366533864	0.011952191235059759	0.0	0.0	0.0	0.5972595130080548	0.7888446215139442	0.2695883134130146	0.0	0.0	CD3D;MS4A1;LST1	CLEC4C;FCER1A		0.0	0.0	0.0	0.0	0.0	0.0
infection_study_04	Myeloid_lineage	18	Mast Cell	8	251	0.4958530399616149	0.4958530399616149	0.0	0.359070385126162	0.0	0.359070385126162	0.0	0.0	0.0	0.00398406374501992	0.0007968127490039841	0.0	0.0	0.0	0.7678847756219497	0.7888446215139442	0.2695883134130146	0.0	0.0	CD3D;MS4A1;LST1			0.0	0.0	0.0	0.0	0.0	0.0
infection_study_04	Myeloid_lineage	18	Plasmacytoid DC	9	251	0.5748394909406631	0.5748394909406631	0.313160901017885	0.4151075697211155	0.04940239043824701	0.4645099601593625	0.0	0.0	0.0	0.5537848605577689	0.09391007398975526	0.199203187250996	0.0	0.11952191235059761	1.455830855067556	0.9203187250996016	0.2972111553784861	0.1394422310756972	0.050464807436918994	CD3D;MS4A1;CD1C;FCN1;S100A8	MZB1;XBP1;PRDM1		0.0	0.0	0.0	0.0	0.0	0.0
infection_study_04	Myeloid_lineage	18	Conventional DC 1	10	251	0.42029382868371146	0.42029382868371146	0.32926151770934287	0.2571513944223108	0.3908366533864541	0.6	0.0	0.0	0.0	0.36254980079681276	0.06905710491367863	0.0796812749003984	0.0	0.07171314741035857	1.998320971235778	0.5896414342629482	0.150398406374502	0.8685258964143426	0.8685258964143426	CD1C;FCER1A;CLEC4C;S100A8	HLA-DRA		0.0	0.0	0.0	0.0	0.0	0.0
infection_study_04	Myeloid_lineage	19	Plasmacytoid DC	1	229	0.9973724495624557	0.9973724495624557	1.0	0.0982707423580786	0.21834061135371177	0.3166113537117904	0.6833886462882096	0.6833886462882096	0.0	1.0	0.7379912663755459	0.9912663755458515	0.8864628820960698	0.9344978165938864	6.967745103770496	0.22270742358078602	0.06200873362445414	0.5982532751091703	0.25909752547307136	CD3D;MS4A1;CD1C;FCN1;S100A8	MZB1;XBP1;PRDM1		0.0	0.0	0.9956331877729258	0.9694323144104804	0.0	3.245834061135371
infection_study_04	Myeloid_lineage	19	Intermediate Monocyte	2	229	0.6497132542783376	0.9563318777292577	0.9563318777292577	0.2774090247452693	0.07336244541484715	0.35077147016011645	0.6055604075691412	0.6055604075691412	0.0	1.0	0.3871906841339156	0.9563318777292577	0.11353711790393013	0.9475982532751092	0.988001753421651	0.6069868995633187	0.21251819505094616	0.19213973799126638	0.10480349344978165	CD1C;CLEC4C;NKG7	VCAN;FCGR3A		0.0	0.0	0.0	0.0	0.0	0.6055604075691412
infection_study_04	Myeloid_lineage	19	Classical Monocyte	3	229	0.4648365206662554	0.4648365206662554	0.19213973799126638	0.2762008733624454	0.4264192139737991	0.6	0.0	0.0	0.0	0.7205240174672489	0.17958515283842794	0.17903930131004367	0.09606986899563319	0.12663755458515283	0.19835565211362569	0.6244541484716157	0.17685589519650655	0.9475982532751092	0.9475982532751092	FCGR3A;MS4A7;CD1C;CLEC4C	HLA-DRA		0.0	0.0	0.056768558951965066	0.034934497816593885	0.0	0.125764192139738
infection_study_04	Myeloid_lineage	19	Neutrophil	4	229	0.23397765439714854	0.23397765439714854	0.21397379912663755	0.04221251819505095	0.06353711790393013	0.10574963609898108	0.10822416302765647	0.10822416302765647	0.0	0.31004366812227074	0.08951965065502183	0.21397379912663755	0.10043668122270742	0.14847161572052403	0.23152834915190246	0.09170305676855896	0.033478893740902474	0.1572052401746725	0.1091703056768559	CD3D;MS4A1;CD79A	FCN1;LST1		0.0	0.0	0.0	0.0	0.0	0.10822416302765647
infection_study_04	Myeloid_lineage	19	Non-Classical Monocyte	5	229	0.19417597733452144	0.19417597733452144	0.1572052401746725	0.09462882096069869	0.05272925764192139	0.14735807860262007	0.009847161572052426	0.009847161572052426	0.0	0.36681222707423583	0.09097525473071323	0.1572052401746725	0.043668122270742356	0.09606986899563319	0.3717516067036861	0.19213973799126638	0.0982532751091703	0.13537117903930132	0.08078602620087336	S100A8;S100A9;VCAN;CD1C	NKG7;GNLY		0.0	0.0	0.004366812227074236	0.004366812227074236	0.0	0.02120087336244544
infection_study_04	Myeloid_lineage	19	Conventional DC 2	6	229	0.9251719331916741	0.9251719331916741	0.3987163412539096	0.4264192139737991	0.06353711790393013	0.48995633187772925	0.0	0.0	0.0	1.0	0.4650655021834061	0.1615720524017467	0.008733624454148471	0.15283842794759825	1.9485771554086515	0.8908296943231441	0.39956331877729256	0.1572052401746725	0.1091703056768559	CLEC4C;LILRA4;S100A8;S100A9	FCN1;LST1		0.0	0.0	0.004366812227074236	0.0	0.0	0.0069868995633187774
infection_study_04	Myeloid_lineage	19	Basophil	7	229	0.9762720771357415	0.9762720771357415	0.004366812227074236	0.0772052401746725	0.23679039301310043	0.3139956331877729	0.0	0.0	0.0	0.5283842794759825	0.09024745269286755	0.004366812227074236	0.0	0.004366812227074236	0.8580715274220526	0.1703056768558952	0.056768558951965066	0.6069868995633187	0.3646288209606987	CD3D;MS4A1;LST1	CLEC4C;FCER1A		0.0	0.0	0.0	0.0	0.0	0.0
infection_study_04	Myeloid_lineage	19	Eosinophil	8	229	0.4480201978659721	0.4480201978659721	0.026200873362445413	0.08544395924308588	0.0	0.08544395924308588	0.0	0.0	0.0	0.034934497816593885	0.005822416302765647	0.026200873362445413	0.0	0.013100436681222707	0.11526687136842137	0.18777292576419213	0.06404657933042213	0.0	0.0	S100A8;CD3D;MS4A1			0.0	0.0	0.0	0.0	0.0	0.0
infection_study_04	Myeloid_lineage	19	Mast Cell	9	229	0.4958530399616149	0.4958530399616149	0.0	0.0772052401746725	0.0	0.0772052401746725	0.0	0.0	0.0	0.008733624454148471	0.0017467248908296941	0.0	0.0	0.0	0.7678847756219497	0.1703056768558952	0.056768558951965066	0.0	0.0	CD3D;MS4A1;LST1			0.0	0.0	0.0	0.0	0.0	0.0
infection_study_04	Myeloid_lineage	19	Conventional DC 1	10	229	0.9925286174515046	0.9925286174515046	0.004366812227074236	0.30120087336244544	0.4264192139737991	0.6	0.0	0.0	0.0	0.982532751091703	0.16593886462882096	0.004366812227074236	0.0	0.004366812227074236	0.32012816716816656	0.6681222707423581	0.21506550218340612	0.9475982532751092	0.9475982532751092	CD1C;FCER1A;CLEC4C;S100A8	HLA-DRA		0.0	0.0	0.0	0.0	0.0	0.0
infection_study_04	Myeloid_lineage	2	Classical Monocyte	1	867	0.9325747709461466	1.0	1.0	0.14027104959630912	0.2647058823529412	0.40497693194925033	0.5950230680507497	0.5950230680507497	0.0	1.0	0.8767301038062284	1.0	1.0	0.9976931949250288	1.0597754395324666	0.314878892733564	0.09371395617070358	0.5882352941176471	0.5882352941176471	FCGR3A;MS4A7;CD1C;CLEC4C	HLA-DRA		0.0	0.0	0.9988465974625144	0.9896193771626297	0.0	3.1827970011534026
infection_study_04	Myeloid_lineage	2	Intermediate Monocyte	2	867	0.8674572166243973	0.9930795847750865	1.0	0.013594771241830065	0.3846020761245674	0.3981968473663975	0.6018031526336025	0.6018031526336025	0.0	1.0	0.7114571318723568	0.9930795847750865	0.6608996539792388	0.986159169550173	1.0255735233614152	0.029988465974625143	0.009996155324875048	0.9976931949250288	0.5686274509803921	CD1C;CLEC4C;NKG7	VCAN;FCGR3A		0.0	0.0	0.02883506343713956	0.0	0.0	0.6479392541330258
infection_study_04	Myeloid_lineage	2	Neutrophil	3	867	0.8890716750062833	1.0	1.0	0.0067973856209150325	0.41825259515570934	0.42504998077662437	0.5749500192233756	0.5749500192233756	0.0	1.0	0.4838523644752019	1.0	0.9988465974625144	0.9988465974625144	1.044066911197963	0.014994232987312572	0.004998077662437524	0.9907727797001153	0.8068050749711649	CD3D;MS4A1;CD79A	FCN1;LST1		0.0	0.0	0.00461361014994233	0.00461361014994233	0.0	0.5869454056132257
infection_study_04	Myeloid_lineage	2	Non-Classical Monocyte	4	867	0.759316379920945	0.759316379920945	0.43367935409457903	0.5	0.012110726643598614	0.5121107266435986	0.0	0.0	0.0	0.9665513264129181	0.35793925413302574	0.43367935409457903	0.13610149942329874	0.2295271049596309	0.9864434426433579	1.0	0.7497116493656286	0.03229527104959631	0.016147635524798153	S100A8;S100A9;VCAN;CD1C	NKG7;GNLY		0.0	0.0	0.012687427912341407	0.03229527104959631	0.0	0.05259515570934256
infection_study_04	Myeloid_lineage	2	Eosinophil	5	867	0.4480201978659721	0.4480201978659721	0.4933559218078235	0.45313341022683584	0.0	0.45313341022683584	0.04022251158098766	0.04022251158098766	0.0	0.4117647058823529	0.07420222991157246	0.40945790080738176	0.03229527104959631	0.3990772779700115	1.335592084001767	0.9976931949250288	0.3364090734332949	0.0	0.0	S100A8;CD3D;MS4A1			0.0	0.0	0.0	0.0	0.0	0.04022251158098766
infection_study_04	Myeloid_lineage	2	Basophil	6	867	0.4877076336052277	0.4877076336052277	0.0	0.28792003075740097	0.0012975778546712804	0.28921760861207224	0.0	0.0	0.0	0.0034602076124567475	0.0005767012687427913	0.0	0.0	0.0	0.5972595130080548	0.6343713956170703	0.21299500192233756	0.0034602076124567475	0.0017301038062283738	CD3D;MS4A1;LST1	CLEC4C;FCER1A		0.0	0.0	0.0	0.0	0.0	0.0
infection_study_04	Myeloid_lineage	2	Mast Cell	7	867	0.4958530399616149	0.4958530399616149	0.0	0.28792003075740097	0.0	0.28792003075740097	0.0	0.0	0.0	0.0	0.0	0.0	0.0	0.0	0.7678847756219497	0.6343713956170703	0.21299500192233756	0.0	0.0	CD3D;MS4A1;LST1			0.0	0.0	0.0	0.0	0.0	0.0
infection_study_04	Myeloid_lineage	2	Plasmacytoid DC	8	867	0.28000548358352184	0.28000548358352184	0.11534025374855825	0.4680507497116494	0.06995386389850057	0.53800461361015	0.0	0.0	0.0	0.34832756632064593	0.05388037567968364	0.11534025374855825	0.0011534025374855825	0.09803921568627451	0.8722343630941944	1.0	0.4002306805074971	0.19953863898500576	0.06728181468665898	CD3D;MS4A1;CD1C;FCN1;S100A8	MZB1;XBP1;PRDM1		0.0	0.0	0.0	0.0	0.0	0.0
infection_study_04	Myeloid_lineage	2	Conventional DC 1	9	867	0.42029382868371146	0.42029382868371146	0.010380622837370242	0.4345040369088812	0.2647058823529412	0.6	0.0	0.0	0.0	0.31257208765859285	0.05344098423683199	0.010380622837370242	0.0	0.00922722029988466	0.45413076551371434	0.9976931949250288	0.2517301038062284	0.5882352941176471	0.5882352941176471	CD1C;FCER1A;CLEC4C;S100A8	HLA-DRA		0.0	0.0	0.0	0.0	0.0	0.0
infection_study_04	Myeloid_lineage	2	Conventional DC 2	10	867	0.739758265359746	0.739758265359746	0.01730103806228374	0.49063437139561705	0.41825259515570934	0.6	0.0	0.0	0.0	0.9792387543252595	0.3788927335640138	0.01730103806228374	0.0	0.011534025374855825	0.31006319702081375	1.0	0.5028835063437139	0.9907727797001153	0.8068050749711649	CLEC4C;LILRA4;S100A8;S100A9	FCN1;LST1		0.0	0.0	0.0	0.0	0.0	0.0
infection_study_04	Myeloid_lineage	20	Classical Monocyte	1	214	0.7421344848858729	0.9906542056074766	1.0	0.3547196261682243	0.07149532710280374	0.426214953271028	0.573785046728972	0.573785046728972	0.0	1.0	0.5911214953271028	0.9906542056074766	0.4672897196261682	0.9906542056074766	1.0499690599679947	0.8130841121495327	0.20794392523364486	0.1588785046728972	0.1588785046728972	FCGR3A;MS4A7;CD1C;CLEC4C	HLA-DRA		0.0	0.0	1.0	0.8364485981308412	0.0	3.010233644859813
infection_study_04	Myeloid_lineage	20	Neutrophil	2	214	0.9975323874151758	1.0	1.0	0.004236760124610592	0.2838785046728972	0.2881152647975078	0.7118847352024922	0.7118847352024922	0.0	1.0	0.9470404984423674	1.0	1.0	1.0	1.044066911197963	0.009345794392523364	0.003115264797507788	0.7009345794392523	0.49065420560747663	CD3D;MS4A1;CD79A	FCN1;LST1		0.0	0.0	0.8411214953271028	0.8411214953271028	0.0	2.8988006230529595
infection_study_04	Myeloid_lineage	20	Non-Classical Monocyte	3	214	0.8727580140288345	0.8727580140288345	1.0	0.5	0.007009345794392522	0.5070093457943925	0.4929906542056075	0.4929906542056075	0.0	0.9813084112149533	0.36604361370716504	0.8317757009345794	0.02336448598130841	0.7990654205607477	1.8715410412953848	1.0	0.5689252336448598	0.018691588785046728	0.009345794392523364	S100A8;S100A9;VCAN;CD1C	NKG7;GNLY		0.0	0.0	0.0	0.0	0.0	0.4929906542056075
infection_study_04	Myeloid_lineage	20	Intermediate Monocyte	4	214	0.6855279091552997	0.6855279091552997	0.4392523364485981	0.006355140186915888	0.3532710280373832	0.3596261682242991	0.07962616822429902	0.07962616822429902	0.0	1.0	0.40732087227414326	0.4392523364485981	0.14953271028037382	0.4158878504672897	0.4593267658550199	0.014018691588785047	0.004672897196261682	0.9065420560747663	0.5420560747663552	CD1C;CLEC4C;NKG7	VCAN;FCGR3A		0.0	0.0	0.0	0.0	0.0	0.07962616822429902
infection_study_04	Myeloid_lineage	20	Conventional DC 2	5	214	0.19960244019466722	0.19960244019466722	0.014018691588785047	0.49	0.2838785046728972	0.6	0.0	0.0	0.0	0.40654205607476634	0.11370716510903427	0.014018691588785047	0.0	0.009345794392523364	0.2727849499819587	1.0	0.5	0.7009345794392523	0.49065420560747663	CLEC4C;LILRA4;S100A8;S100A9	FCN1;LST1		0.0	0.0	0.004672897196261682	0.004672897196261682	0.0	0.012149532710280374
infection_study_04	Myeloid_lineage	20	Eosinophil	6	214	0.4480201978659721	0.4480201978659721	0.10747663551401869	0.44978193146417444	0.0	0.44978193146417444	0.0	0.0	0.0	0.11214953271028037	0.019470404984423675	0.10747663551401869	0.004672897196261682	0.07009345794392523	0.3740562858529497	0.9906542056074766	0.3333333333333333	0.0	0.0	S100A8;CD3D;MS4A1			0.0	0.0	0.0	0.0	0.0	0.0
infection_study_04	Myeloid_lineage	20	Basophil	7	214	0.4877076336052277	0.4877076336052277	0.0	0.25878504672897196	0.005257009345794392	0.26404205607476633	0.0	0.0	0.0	0.0	0.0	0.0	0.0	0.0	0.5972595130080548	0.5700934579439252	0.19158878504672897	0.014018691588785047	0.007009345794392522	CD3D;MS4A1;LST1	CLEC4C;FCER1A		0.0	0.0	0.0	0.0	0.0	0.0
infection_study_04	Myeloid_lineage	20	Mast Cell	8	214	0.4958530399616149	0.4958530399616149	0.0	0.25878504672897196	0.0	0.25878504672897196	0.0	0.0	0.0	0.0	0.0	0.0	0.0	0.0	0.7678847756219497	0.5700934579439252	0.19158878504672897	0.0	0.0	CD3D;MS4A1;LST1			0.0	0.0	0.0	0.0	0.0	0.0
infection_study_04	Myeloid_lineage	20	Plasmacytoid DC	9	214	0.28000548358352184	0.28000548358352184	0.037383177570093455	0.4387476635514019	0.03644859813084112	0.475196261682243	0.0	0.0	0.0	0.34579439252336447	0.0520694259012016	0.037383177570093455	0.0	0.028037383177570093	0.3297363334858015	0.9906542056074766	0.2831775700934579	0.102803738317757	0.037383177570093455	CD3D;MS4A1;CD1C;FCN1;S100A8	MZB1;XBP1;PRDM1		0.0	0.0	0.0	0.0	0.0	0.0
infection_study_04	Myeloid_lineage	20	Conventional DC 1	10	214	0.42029382868371146	0.42029382868371146	0.009345794392523364	0.43170560747663556	0.07149532710280374	0.5032009345794393	0.0	0.0	0.0	0.08878504672897196	0.014797507788161994	0.009345794392523364	0.0	0.009345794392523364	0.4310722241931823	0.9906542056074766	0.25116822429906543	0.1588785046728972	0.1588785046728972	CD1C;FCER1A;CLEC4C;S100A8	HLA-DRA		0.0	0.0	0.0	0.0	0.0	0.0
infection_study_04	Myeloid_lineage	21	Classical Monocyte	1	191	0.8143578495213288	0.9162303664921466	1.0	0.188848167539267	0.4217277486910995	0.6	0.4	0.4	0.0	1.0	0.7585078534031413	0.9162303664921466	0.8272251308900523	0.8324607329842932	0.9718774195619132	0.41361256544502617	0.14397905759162305	0.93717277486911	0.93717277486911	FCGR3A;MS4A7;CD1C;CLEC4C	HLA-DRA		0.0	0.0	0.8429319371727748	0.8900523560209425	0.0	2.6387434554973823
infection_study_04	Myeloid_lineage	21	Intermediate Monocyte	2	191	0.8990563666689515	0.9790575916230366	1.0	0.030855148342059338	0.3746073298429319	0.4054624781849912	0.5945375218150089	0.5945375218150089	0.0	1.0	0.7478184991273996	0.9790575916230366	0.8691099476439791	0.93717277486911	1.0112370887058122	0.06806282722513089	0.022687609075043632	0.9790575916230366	0.5392670157068064	CD1C;CLEC4C;NKG7	VCAN;FCGR3A		0.0	0.0	0.08376963350785341	0.0	0.0	0.7285689354275743
infection_study_04	Myeloid_lineage	21	Non-Classical Monocyte	3	191	0.6765485411383005	0.6765485411383005	0.44794395826502403	0.4790314136125655	0.016492146596858638	0.4955235602094242	0.0	0.0	0.0	0.8481675392670157	0.32111692844677137	0.44502617801047123	0.18324607329842932	0.2879581151832461	1.0116711210182112	0.8900523560209425	0.6400523560209425	0.041884816753926704	0.02617801047120419	S100A8;S100A9;VCAN;CD1C	NKG7;GNLY		0.0	0.0	0.18324607329842932	0.19895287958115182	0.0	0.49214659685863876
infection_study_04	Myeloid_lineage	21	Neutrophil	4	191	0.823725638037791	0.9790575916230366	1.0	0.4318324607329843	0.3914921465968586	0.6	0.4	0.4	0.0	0.9842931937172775	0.45636998254799305	0.9790575916230366	0.8481675392670157	0.8638743455497382	1.0224181234482774	0.8848167539267016	0.43455497382198954	0.9476439790575916	0.7146596858638743	CD3D;MS4A1;CD79A	FCN1;LST1		0.0	0.0	0.031413612565445025	0.031413612565445025	0.0	0.4816753926701571
infection_study_04	Myeloid_lineage	21	Conventional DC 2	5	191	0.8903054812986954	0.8903054812986954	0.06806282722513089	0.42842931937172773	0.3914921465968586	0.6	0.0	0.0	0.0	1.0	0.46160558464223383	0.06806282722513089	0.010471204188481676	0.031413612565445025	0.8865747054265231	0.8743455497382199	0.43717277486910994	0.9476439790575916	0.7146596858638743	CLEC4C;LILRA4;S100A8;S100A9	FCN1;LST1		0.0	0.0	0.03664921465968586	0.03664921465968586	0.0	0.09528795811518324
infection_study_04	Myeloid_lineage	21	Plasmacytoid DC	6	191	0.5772728311284758	0.5772728311284758	0.5850785340314136	0.48552879581151837	0.06492146596858638	0.5504502617801047	0.034628272251308934	0.034628272251308934	0.0	0.581151832460733	0.11742707554225881	0.33507853403141363	0.041884816753926704	0.3089005235602094	2.401378219260471	0.9842931937172775	0.506806282722513	0.18324607329842932	0.0663176265270506	CD3D;MS4A1;CD1C;FCN1;S100A8	MZB1;XBP1;PRDM1		0.0	0.0	0.015706806282722512	0.015706806282722512	0.0	0.07546596858638746
infection_study_04	Myeloid_lineage	21	Basophil	7	191	0.4877076336052277	0.4877076336052277	0.005235602094240838	0.457347294938918	0.013743455497382196	0.4710907504363002	0.0	0.0	0.0	0.031413612565445025	0.005235602094240837	0.005235602094240838	0.0	0.005235602094240838	0.9099608287190784	0.9267015706806283	0.47818499127399655	0.03664921465968586	0.01832460732984293	CD3D;MS4A1;LST1	CLEC4C;FCER1A		0.0	0.0	0.0	0.0	0.0	0.0
infection_study_04	Myeloid_lineage	21	Eosinophil	8	191	0.4480201978659721	0.4480201978659721	0.24083769633507854	0.49452006980802793	0.0	0.49452006980802793	0.0	0.0	0.0	0.24083769633507854	0.0418848167539267	0.24083769633507854	0.010471204188481676	0.225130890052356	0.7986900257439952	0.9790575916230366	0.5567190226876091	0.0	0.0	S100A8;CD3D;MS4A1			0.0	0.0	0.0	0.0	0.0	0.0
infection_study_04	Myeloid_lineage	21	Mast Cell	9	191	0.4958530399616149	0.4958530399616149	0.0	0.457347294938918	0.0	0.457347294938918	0.0	0.0	0.0	0.010471204188481676	0.0020942408376963353	0.0	0.0	0.0	0.7678847756219497	0.9267015706806283	0.47818499127399655	0.0	0.0	CD3D;MS4A1;LST1			0.0	0.0	0.0	0.0	0.0	0.0
infection_study_04	Myeloid_lineage	21	Conventional DC 1	10	191	0.8427239701144698	0.8427239701144698	0.02617801047120419	0.37183246073298426	0.4217277486910995	0.6	0.0	0.0	0.0	0.5078534031413613	0.08987783595113437	0.02617801047120419	0.0	0.02617801047120419	0.8061356966935105	0.8481675392670157	0.22513089005235604	0.93717277486911	0.93717277486911	CD1C;FCER1A;CLEC4C;S100A8	HLA-DRA		0.0	0.0	0.0	0.0	0.0	0.0
infection_study_04	Myeloid_lineage	22	Non-Classical Monocyte	1	166	0.9791281102200288	1.0	1.0	0.18319277108433737	0.19427710843373494	0.3774698795180723	0.6225301204819277	0.6225301204819277	0.0	1.0	0.7540160642570282	1.0	0.8975903614457831	1.0	2.245558347205421	0.4036144578313253	0.1355421686746988	0.4819277108433735	0.3313253012048193	S100A8;S100A9;VCAN;CD1C	NKG7;GNLY		0.0	0.0	1.0	0.9518072289156626	0.0	3.1743373493975904
infection_study_04	Myeloid_lineage	22	Intermediate Monocyte	2	166	0.7536728585463934	0.963855421686747	1.0	0.10923694779116465	0.3849397590361446	0.49417670682730924	0.5058232931726907	0.5058232931726907	0.0	1.0	0.6646586345381527	0.963855421686747	0.7710843373493976	0.8554216867469879	0.9956940119440661	0.24096385542168675	0.08032128514056225	1.0	0.5662650602409639	CD1C;CLEC4C;NKG7	VCAN;FCGR3A		0.0	0.0	0.26506024096385544	0.0	0.0	0.9299196787148594
infection_study_04	Myeloid_lineage	22	Classical Monocyte	3	166	0.6797358740603652	0.6797358740603652	0.572289156626506	0.4823795180722892	0.3253012048192771	0.6	0.0	0.0	0.0	1.0	0.4457831325301205	0.572289156626506	0.14457831325301204	0.5301204819277109	0.6109858880186582	1.0	0.46536144578313254	0.7228915662650602	0.7228915662650602	FCGR3A;MS4A7;CD1C;CLEC4C	HLA-DRA		0.0	0.0	0.03614457831325301	0.8072289156626506	0.0	0.8650602409638555
infection_study_04	Myeloid_lineage	22	Neutrophil	4	166	0.6681346676719904	0.9397590361445783	0.9397590361445783	0.14333333333333334	0.39397590361445783	0.5373092369477912	0.40244979919678714	0.40244979919678714	0.0	0.9578313253012049	0.2961847389558233	0.9397590361445783	0.2710843373493976	0.8614457831325302	0.9817940428216083	0.3132530120481928	0.11044176706827309	0.9518072289156626	0.7228915662650602	CD3D;MS4A1;CD79A	FCN1;LST1		0.0	0.0	0.0	0.0	0.0	0.40244979919678714
infection_study_04	Myeloid_lineage	22	Eosinophil	5	166	0.4480201978659721	0.4480201978659721	0.006024096385542169	0.1646586345381526	0.0	0.1646586345381526	0.0	0.0	0.0	0.018072289156626505	0.003012048192771085	0.006024096385542169	0.0	0.006024096385542169	0.05102217944784702	0.35542168674698793	0.13453815261044177	0.0	0.0	S100A8;CD3D;MS4A1			0.0	0.0	0.0	0.0	0.0	0.0
infection_study_04	Myeloid_lineage	22	Basophil	6	166	0.4877076336052277	0.4877076336052277	0.006024096385542169	0.4449397590361445	0.0	0.4449397590361445	0.0	0.0	0.0	0.13855421686746988	0.023092369477911646	0.006024096385542169	0.0	0.006024096385542169	0.9570544003623047	0.9337349397590361	0.40963855421686746	0.0	0.0	CD3D;MS4A1;LST1	CLEC4C;FCER1A		0.0	0.0	0.0	0.0	0.0	0.0
infection_study_04	Myeloid_lineage	22	Mast Cell	7	166	0.4958530399616149	0.4958530399616149	0.0636405878244558	0.4449397590361445	0.0	0.4449397590361445	0.0	0.0	0.0	0.006024096385542169	0.0012048192771084338	0.006024096385542169	0.0	0.006024096385542169	1.2304659657556545	0.9337349397590361	0.40963855421686746	0.0	0.0	CD3D;MS4A1;LST1			0.0	0.0	0.0	0.0	0.0	0.0
infection_study_04	Myeloid_lineage	22	Plasmacytoid DC	8	166	0.5613647268489959	0.5613647268489959	0.2955386556311437	0.31146987951807226	0.07650602409638553	0.3879759036144578	0.0	0.0	0.0	0.5180722891566265	0.0938037865748709	0.1927710843373494	0.012048192771084338	0.13253012048192772	1.411070285175177	0.7108433734939759	0.1879518072289157	0.21686746987951808	0.07630522088353413	CD3D;MS4A1;CD1C;FCN1;S100A8	MZB1;XBP1;PRDM1		0.0	0.0	0.0	0.0	0.0	0.0
infection_study_04	Myeloid_lineage	22	Conventional DC 1	9	166	0.42029382868371146	0.42029382868371146	0.35843373493975905	0.03963855421686747	0.3253012048192771	0.36493975903614456	0.0	0.0	0.0	0.25301204819277107	0.04618473895582329	0.10843373493975904	0.0	0.10843373493975904	2.6389970090718298	0.09036144578313253	0.024096385542168676	0.7228915662650602	0.7228915662650602	CD1C;FCER1A;CLEC4C;S100A8	HLA-DRA		0.0	0.0	0.0	0.0	0.0	0.0
infection_study_04	Myeloid_lineage	22	Conventional DC 2	10	166	0.7670048209838463	0.7670048209838463	0.006024096385542169	0.15072289156626506	0.39397590361445783	0.544698795180723	0.0	0.0	0.0	0.9698795180722891	0.39156626506024095	0.006024096385542169	0.0	0.006024096385542169	0.18198877798477586	0.3373493975903614	0.10240963855421686	0.9518072289156626	0.7228915662650602	CLEC4C;LILRA4;S100A8;S100A9	FCN1;LST1		0.0	0.0	0.0	0.0	0.0	0.0
infection_study_04	Myeloid_lineage	23	Neutrophil	1	132	0.9536294468435123	1.0	1.0	0.017727272727272727	0.3494318181818182	0.3671590909090909	0.6328409090909091	0.6328409090909091	0.0	1.0	0.47727272727272724	1.0	1.0	1.0	1.044066911197963	0.03787878787878788	0.015151515151515152	0.8560606060606061	0.6174242424242424	CD3D;MS4A1;CD79A	FCN1;LST1		0.0	0.0	0.5606060606060606	0.5606060606060606	0.0	2.0904166666666666
infection_study_04	Myeloid_lineage	23	Classical Monocyte	2	132	0.7843580780039756	1.0	1.0	0.05973484848484848	0.061363636363636356	0.12109848484848484	0.8789015151515152	0.8789015151515152	0.0	1.0	0.665719696969697	1.0	0.8181818181818182	1.0	1.0597754395324666	0.13636363636363635	0.03598484848484849	0.13636363636363635	0.13636363636363635	FCGR3A;MS4A7;CD1C;CLEC4C	HLA-DRA		0.0	0.0	0.49242424242424243	0.26515151515151514	0.0	1.9319318181818184
infection_study_04	Myeloid_lineage	23	Intermediate Monocyte	3	132	0.7607558205954258	0.8257575757575758	0.8257575757575758	0.06868686868686869	0.1335227272727273	0.20220959595959598	0.6235479797979798	0.6235479797979798	0.0	1.0	0.4431818181818182	0.8257575757575758	0.1590909090909091	0.8106060606060606	0.8544993384925488	0.15151515151515152	0.050505050505050504	0.3484848484848485	0.19318181818181818	CD1C;CLEC4C;NKG7	VCAN;FCGR3A		0.0	0.0	0.0	0.0	0.0	0.6235479797979798
infection_study_04	Myeloid_lineage	23	Eosinophil	4	132	0.9316151438298261	0.9316151438298261	0.7648214515678151	0.45555555555555555	0.0	0.45555555555555555	0.30926589601225957	0.30926589601225957	0.0	0.5606060606060606	0.11489898989898989	0.5606060606060606	0.12121212121212122	0.2803030303030303	1.816861563847018	1.0	0.3434343434343434	0.0	0.0	S100A8;CD3D;MS4A1			0.0	0.0	0.0	0.0	0.0	0.30926589601225957
infection_study_04	Myeloid_lineage	23	Non-Classical Monocyte	5	132	0.450773413759225	0.450773413759225	0.16666666666666666	0.5	0.059659090909090905	0.5596590909090909	0.0	0.0	0.0	0.6212121212121212	0.14267676767676768	0.16666666666666666	0.007575757575757576	0.09090909090909091	0.392787433669595	1.0	0.5738636363636364	0.1590909090909091	0.07954545454545454	S100A8;S100A9;VCAN;CD1C	NKG7;GNLY		0.0	0.0	0.007575757575757576	0.007575757575757576	0.0	0.0196969696969697
infection_study_04	Myeloid_lineage	23	Basophil	6	132	0.4877076336052277	0.4877076336052277	0.020007967836872594	0.2003030303030303	0.0	0.2003030303030303	0.0	0.0	0.0	0.015151515151515152	0.0025252525252525255	0.007575757575757576	0.0	0.007575757575757576	1.04972884104446	0.4393939393939394	0.15151515151515152	0.0	0.0	CD3D;MS4A1;LST1	CLEC4C;FCER1A		0.0	0.0	0.0	0.0	0.0	0.0
infection_study_04	Myeloid_lineage	23	Mast Cell	7	132	0.4958530399616149	0.4958530399616149	0.0	0.2003030303030303	0.0	0.2003030303030303	0.0	0.0	0.0	0.007575757575757576	0.0015151515151515152	0.0	0.0	0.0	0.7678847756219497	0.4393939393939394	0.15151515151515152	0.0	0.0	CD3D;MS4A1;LST1			0.0	0.0	0.0	0.0	0.0	0.0
infection_study_04	Myeloid_lineage	23	Plasmacytoid DC	8	132	0.28000548358352184	0.28000548358352184	0.03787878787878788	0.461	0.05909090909090908	0.5200909090909092	0.0	0.0	0.0	0.14393939393939395	0.02164502164502164	0.03787878787878788	0.0	0.022727272727272728	0.33318525216131495	1.0	0.36818181818181817	0.16666666666666666	0.06060606060606061	CD3D;MS4A1;CD1C;FCN1;S100A8	MZB1;XBP1;PRDM1		0.0	0.0	0.0	0.0	0.0	0.0
infection_study_04	Myeloid_lineage	23	Conventional DC 1	9	132	0.42029382868371146	0.42029382868371146	0.0	0.435	0.061363636363636356	0.49636363636363634	0.0	0.0	0.0	0.05303030303030303	0.008838383838383838	0.0	0.0	0.0	0.22282477289212807	1.0	0.25	0.13636363636363635	0.13636363636363635	CD1C;FCER1A;CLEC4C;S100A8	HLA-DRA		0.0	0.0	0.0	0.0	0.0	0.0
infection_study_04	Myeloid_lineage	23	Conventional DC 2	10	132	0.19960244019466722	0.19960244019466722	0.007575757575757576	0.49041666666666667	0.3494318181818182	0.6	0.0	0.0	0.0	0.3181818181818182	0.09217171717171717	0.007575757575757576	0.0	0.007575757575757576	0.19961129578918002	1.0	0.5018939393939394	0.8560606060606061	0.6174242424242424	CLEC4C;LILRA4;S100A8;S100A9	FCN1;LST1		0.0	0.0	0.0	0.0	0.0	0.0
infection_study_04	Myeloid_lineage	24	Classical Monocyte	1	115	0.8275869947677474	0.991304347826087	1.0	0.15752173913043477	0.1878260869565217	0.34534782608695647	0.6546521739130435	0.6546521739130435	0.0	1.0	0.7630434782608696	0.991304347826087	0.9043478260869565	0.9391304347826087	1.050651242894219	0.34782608695652173	0.11521739130434783	0.41739130434782606	0.41739130434782606	FCGR3A;MS4A7;CD1C;CLEC4C	HLA-DRA		0.0	0.0	0.7043478260869566	0.6	0.0	2.381608695652174
infection_study_04	Myeloid_lineage	24	Neutrophil	2	115	0.8506180455594398	0.9826086956521739	1.0	0.01971014492753623	0.34304347826086956	0.3627536231884058	0.6372463768115941	0.6372463768115941	0.0	0.991304347826087	0.4855072463768116	0.9826086956521739	0.9565217391304348	0.9565217391304348	1.026089004849311	0.043478260869565216	0.014492753623188406	0.8434782608695652	0.6	CD3D;MS4A1;CD79A	FCN1;LST1		0.0	0.0	0.2782608695652174	0.2782608695652174	0.0	1.3607246376811593
infection_study_04	Myeloid_lineage	24	Intermediate Monocyte	3	115	0.7695980990243791	0.8521739130434782	0.8869565217391304	0.03547826086956522	0.37826086956521743	0.41373913043478266	0.47321739130434776	0.47321739130434776	0.0	1.0	0.5768115942028985	0.8521739130434782	0.4434782608695652	0.808695652173913	0.8815080589528312	0.0782608695652174	0.02608695652173913	0.9739130434782609	0.5739130434782609	CD1C;CLEC4C;NKG7	VCAN;FCGR3A		0.0	0.0	0.06086956521739131	0.034782608695652174	0.0	0.6053913043478261
infection_study_04	Myeloid_lineage	24	Non-Classical Monocyte	4	115	0.6267279000159938	0.6267279000159938	0.4260869565217391	0.5	0.020869565217391303	0.5208695652173913	0.0	0.0	0.0	0.8347826086956521	0.2753623188405797	0.4260869565217391	0.1565217391304348	0.25217391304347825	0.9695630745790086	0.9739130434782609	0.7021739130434783	0.05217391304347826	0.034782608695652174	S100A8;S100A9;VCAN;CD1C	NKG7;GNLY		0.0	0.0	0.06956521739130435	0.09565217391304348	0.0	0.20695652173913043
infection_study_04	Myeloid_lineage	24	Eosinophil	5	115	0.4480201978659721	0.4480201978659721	0.5544572615740984	0.42892753623188407	0.0	0.42892753623188407	0.1255297253422143	0.1255297253422143	0.0	0.4434782608695652	0.08985507246376812	0.4434782608695652	0.09565217391304348	0.41739130434782606	1.4439160028181328	0.9391304347826087	0.32753623188405795	0.0	0.0	S100A8;CD3D;MS4A1			0.0	0.0	0.0	0.0	0.0	0.1255297253422143
infection_study_04	Myeloid_lineage	24	Plasmacytoid DC	6	115	0.28000548358352184	0.28000548358352184	0.22004889023757068	0.45958260869565215	0.07304347826086956	0.5326260869565217	0.0	0.0	0.0	0.3391304347826087	0.054658385093167706	0.16521739130434782	0.008695652173913044	0.13043478260869565	1.2193259957328915	1.0	0.3617391304347826	0.20869565217391303	0.06956521739130435	CD3D;MS4A1;CD1C;FCN1;S100A8	MZB1;XBP1;PRDM1		0.0	0.0	0.008695652173913044	0.008695652173913044	0.0	0.022608695652173914
infection_study_04	Myeloid_lineage	24	Conventional DC 2	7	115	0.6444695775355862	0.6444695775355862	0.043478260869565216	0.4691739130434783	0.34304347826086956	0.6	0.0	0.0	0.0	0.8173913043478261	0.27971014492753626	0.043478260869565216	0.0	0.02608695652173913	0.6073630057033595	0.9565217391304348	0.48043478260869565	0.8434782608695652	0.6	CLEC4C;LILRA4;S100A8;S100A9	FCN1;LST1		0.0	0.0	0.008695652173913044	0.008695652173913044	0.0	0.022608695652173914
infection_study_04	Myeloid_lineage	24	Basophil	8	115	0.4877076336052277	0.4877076336052277	0.03784955499289521	0.1971014492753623	0.013043478260869565	0.21014492753623187	0.0	0.0	0.0	0.02608695652173913	0.004347826086956522	0.008695652173913044	0.0	0.008695652173913044	1.1166156112759287	0.43478260869565216	0.14492753623188406	0.034782608695652174	0.017391304347826087	CD3D;MS4A1;LST1	CLEC4C;FCER1A		0.0	0.0	0.0	0.0	0.0	0.0
infection_study_04	Myeloid_lineage	24	Mast Cell	9	115	0.4958530399616149	0.4958530399616149	0.0	0.1971014492753623	0.0	0.1971014492753623	0.0	0.0	0.0	0.008695652173913044	0.0017391304347826088	0.0	0.0	0.0	0.7678847756219497	0.43478260869565216	0.14492753623188406	0.0	0.0	CD3D;MS4A1;LST1			0.0	0.0	0.0	0.0	0.0	0.0
infection_study_04	Myeloid_lineage	24	Conventional DC 1	10	115	0.42029382868371146	0.42029382868371146	0.017391304347826087	0.414695652173913	0.1878260869565217	0.6	0.0	0.0	0.0	0.21739130434782608	0.03768115942028986	0.017391304347826087	0.0	0.017391304347826087	0.6103461170523508	0.9478260869565217	0.24782608695652175	0.41739130434782606	0.41739130434782606	CD1C;FCER1A;CLEC4C;S100A8	HLA-DRA		0.0	0.0	0.0	0.0	0.0	0.0
infection_study_04	Myeloid_lineage	25	Classical Monocyte	1	76	0.7533072863116046	0.7631578947368421	1.0	0.1431578947368421	0.23092105263157897	0.37407894736842107	0.6259210526315789	0.6259210526315789	0.0	0.7894736842105263	0.5657894736842106	0.7631578947368421	0.6052631578947368	0.7105263157894737	0.811261136359142	0.3157894736842105	0.10526315789473684	0.5131578947368421	0.5131578947368421	FCGR3A;MS4A7;CD1C;CLEC4C	HLA-DRA		0.0	0.0	0.9736842105263158	0.5131578947368421	0.0	2.6969736842105267
infection_study_04	Myeloid_lineage	25	Intermediate Monocyte	2	76	0.741837457445107	0.741837457445107	1.0	0.035789473684210524	0.24967105263157893	0.28546052631578944	0.7145394736842106	0.7145394736842106	0.0	0.8421052631578947	0.5241228070175438	0.7105263157894737	0.5	0.618421052631579	0.7366840314315842	0.07894736842105263	0.02631578947368421	0.6447368421052632	0.375	CD1C;CLEC4C;NKG7	VCAN;FCGR3A		0.0	0.0	0.039473684210526314	0.0	0.0	0.7776973684210526
infection_study_04	Myeloid_lineage	25	Neutrophil	3	76	0.7554321749263143	0.7631578947368421	1.0	0.029824561403508767	0.2733552631578947	0.30317982456140347	0.6968201754385965	0.6968201754385965	0.0	0.8026315789473685	0.38377192982456143	0.7631578947368421	0.6578947368421053	0.7105263157894737	0.7992362128972421	0.06578947368421052	0.021929824561403508	0.6447368421052632	0.5328947368421053	CD3D;MS4A1;CD79A	FCN1;LST1		0.0	0.0	0.02631578947368421	0.02631578947368421	0.0	0.7652412280701755
infection_study_04	Myeloid_lineage	25	Eosinophil	4	76	0.9864795393789842	0.9864795393789842	1.0	0.33499999999999996	0.0	0.33499999999999996	0.665	0.665	0.0	0.881578947368421	0.1820175438596491	0.881578947368421	0.10526315789473684	0.8289473684210527	2.838868411051122	0.7368421052631579	0.25	0.0	0.0	S100A8;CD3D;MS4A1			0.0	0.0	0.0	0.0	0.0	0.665
infection_study_04	Myeloid_lineage	25	Basophil	5	76	0.9985948317225306	0.9985948317225306	1.0	0.2157017543859649	0.20230263157894737	0.4180043859649123	0.5819956140350877	0.5819956140350877	0.0	0.9736842105263158	0.39254385964912286	0.8157894736842105	0.35526315789473684	0.7236842105263158	49.321061889980946	0.47368421052631576	0.16228070175438597	0.5394736842105263	0.26973684210526316	CD3D;MS4A1;LST1	CLEC4C;FCER1A		0.0	0.0	0.0	0.0	0.0	0.5819956140350877
infection_study_04	Myeloid_lineage	25	Mast Cell	6	76	0.9981949870907305	0.9981949870907305	0.6842105263157895	0.2157017543859649	0.0	0.2157017543859649	0.4685087719298246	0.4685087719298246	0.0	0.8421052631578947	0.26052631578947366	0.4342105263157895	0.02631578947368421	0.42105263157894735	34.11025003289082	0.47368421052631576	0.16228070175438597	0.0	0.0	CD3D;MS4A1;LST1			0.0	0.0	0.0	0.02631578947368421	0.0	0.49482456140350883
infection_study_04	Myeloid_lineage	25	Conventional DC 2	7	76	0.7218680741197706	0.7218680741197706	0.7894736842105263	0.3674342105263158	0.2733552631578947	0.6	0.18947368421052635	0.18947368421052635	0.0	0.881578947368421	0.3530701754385965	0.5394736842105263	0.0	0.5263157894736842	6.240479457830154	0.7631578947368421	0.3519736842105263	0.6447368421052632	0.5328947368421053	CLEC4C;LILRA4;S100A8;S100A9	FCN1;LST1		0.0	0.0	0.0	0.0	0.0	0.18947368421052635
infection_study_04	Myeloid_lineage	25	Plasmacytoid DC	8	76	0.28000548358352184	0.35526315789473684	0.6052631578947368	0.35078947368421054	0.10131578947368422	0.4521052631578948	0.15315789473684205	0.15315789473684205	0.0	0.4473684210526316	0.07706766917293233	0.35526315789473684	0.02631578947368421	0.2631578947368421	2.5418416538968804	0.7631578947368421	0.2763157894736842	0.2894736842105263	0.09649122807017545	CD3D;MS4A1;CD1C;FCN1;S100A8	MZB1;XBP1;PRDM1		0.0	0.0	0.0	0.0	0.0	0.15315789473684205
infection_study_04	Myeloid_lineage	25	Non-Classical Monocyte	9	76	0.45617131628852786	0.45617131628852786	0.3684210526315789	0.39427631578947375	0.03157894736842105	0.4258552631578948	0.0	0.0	0.0	0.6578947368421053	0.20394736842105263	0.3684210526315789	0.09210526315789473	0.2236842105263158	0.8413530232624791	0.75	0.4967105263157895	0.07894736842105263	0.05263157894736842	S100A8;S100A9;VCAN;CD1C	NKG7;GNLY		0.0	0.0	0.02631578947368421	0.06578947368421052	0.0	0.10789473684210527
infection_study_04	Myeloid_lineage	25	Conventional DC 1	10	76	0.42029382868371146	0.42029382868371146	0.0	0.4144736842105263	0.23092105263157897	0.6	0.0	0.0	0.0	0.17105263157894737	0.028508771929824556	0.0	0.0	0.0	0.22282477289212807	0.9078947368421053	0.3157894736842105	0.5131578947368421	0.5131578947368421	CD1C;FCER1A;CLEC4C;S100A8	HLA-DRA		0.0	0.0	0.0	0.0	0.0	0.0
infection_study_04	Myeloid_lineage	26	Conventional DC 1	1	23	0.9997258208239084	0.9997258208239084	1.0	0.056739130434782604	0.44999999999999996	0.5067391304347826	0.4932608695652174	0.4932608695652174	0.0	1.0	0.7173913043478262	0.9565217391304348	0.782608695652174	0.8260869565217391	21.536498701704378	0.13043478260869565	0.03260869565217391	1.0	1.0	CD1C;FCER1A;CLEC4C;S100A8	HLA-DRA		0.0	0.0	1.0	0.9565217391304348	0.0	3.0497826086956525
infection_study_04	Myeloid_lineage	26	Conventional DC 2	2	23	0.9918203212466014	0.9918203212466014	0.0	0.09695652173913043	0.05217391304347826	0.14913043478260868	0.0	0.0	0.0	1.0	0.5	0.0	0.0	0.0	0.11357194415591275	0.21739130434782608	0.06521739130434782	0.13043478260869565	0.08695652173913043	CLEC4C;LILRA4;S100A8;S100A9	FCN1;LST1		0.0	0.0	1.0	0.043478260869565216	0.0	1.6434782608695653
infection_study_04	Myeloid_lineage	26	Intermediate Monocyte	3	23	0.7483035163479334	1.0	1.0	0.0	0.03260869565217391	0.03260869565217391	0.967391304347826	0.967391304347826	0.0	1.0	0.391304347826087	1.0	0.043478260869565216	1.0	1.0326491280622425	0.0	0.0	0.08695652173913043	0.043478260869565216	CD1C;CLEC4C;NKG7	VCAN;FCGR3A		0.0	0.0	0.0	0.0	0.0	0.967391304347826
infection_study_04	Myeloid_lineage	26	Plasmacytoid DC	4	23	0.28000548358352184	0.34782608695652173	0.5978260869565217	0.057217391304347824	0.04565217391304347	0.1028695652173913	0.4949565217391304	0.4949565217391304	0.0	0.391304347826087	0.07453416149068323	0.34782608695652173	0.043478260869565216	0.30434782608695654	2.490087579375111	0.13043478260869565	0.034782608695652174	0.13043478260869565	0.043478260869565216	CD3D;MS4A1;CD1C;FCN1;S100A8	MZB1;XBP1;PRDM1		0.0	0.0	0.0	0.0	0.0	0.4949565217391304
infection_study_04	Myeloid_lineage	26	Neutrophil	5	23	0.23397765439714854	0.23397765439714854	0.13043478260869565	0.01971014492753623	0.05217391304347826	0.07188405797101449	0.058550724637681156	0.058550724637681156	0.0	0.2608695652173913	0.06521739130434782	0.13043478260869565	0.043478260869565216	0.13043478260869565	0.14517159376536462	0.043478260869565216	0.014492753623188406	0.13043478260869565	0.08695652173913043	CD3D;MS4A1;CD79A	FCN1;LST1		0.0	0.0	0.0	0.0	0.0	0.058550724637681156
infection_study_04	Myeloid_lineage	26	Non-Classical Monocyte	6	23	0.3884661959924144	0.3884661959924144	0.08695652173913043	0.059130434782608696	0.016304347826086956	0.07543478260869566	0.011521739130434777	0.011521739130434777	0.0	0.5217391304347826	0.13043478260869565	0.08695652173913043	0.043478260869565216	0.08695652173913043	0.21556586802703778	0.13043478260869565	0.043478260869565216	0.043478260869565216	0.021739130434782608	S100A8;S100A9;VCAN;CD1C	NKG7;GNLY		0.0	0.0	0.0	0.0	0.0	0.011521739130434777
infection_study_04	Myeloid_lineage	26	Classical Monocyte	7	23	0.6353416957982041	0.6353416957982041	0.13043478260869565	0.04021739130434782	0.44999999999999996	0.49021739130434777	0.0	0.0	0.0	0.9565217391304348	0.23369565217391303	0.13043478260869565	0.043478260869565216	0.13043478260869565	0.14735577570769984	0.08695652173913043	0.03260869565217391	1.0	1.0	FCGR3A;MS4A7;CD1C;CLEC4C	HLA-DRA		0.0	0.0	0.0	0.0	0.0	0.0
infection_study_04	Myeloid_lineage	26	Eosinophil	8	23	0.4480201978659721	0.4480201978659721	0.0	0.059130434782608696	0.0	0.059130434782608696	0.0	0.0	0.0	0.043478260869565216	0.007246376811594203	0.0	0.0	0.0	0.0318409089787316	0.13043478260869565	0.043478260869565216	0.0	0.0	S100A8;CD3D;MS4A1			0.0	0.0	0.0	0.0	0.0	0.0
infection_study_04	Myeloid_lineage	26	Basophil	9	23	0.4877076336052277	0.4877076336052277	0.0	0.059130434782608696	0.0	0.059130434782608696	0.0	0.0	0.0	0.17391304347826086	0.028985507246376812	0.0	0.0	0.0	0.5972595130080548	0.13043478260869565	0.043478260869565216	0.0	0.0	CD3D;MS4A1;LST1	CLEC4C;FCER1A		0.0	0.0	0.0	0.0	0.0	0.0
infection_study_04	Myeloid_lineage	26	Mast Cell	10	23	0.4958530399616149	0.4958530399616149	0.0	0.059130434782608696	0.0	0.059130434782608696	0.0	0.0	0.0	0.17391304347826086	0.034782608695652174	0.0	0.0	0.0	0.7678847756219497	0.13043478260869565	0.043478260869565216	0.0	0.0	CD3D;MS4A1;LST1			0.0	0.0	0.0	0.0	0.0	0.0
infection_study_04	Myeloid_lineage	3	Classical Monocyte	1	866	0.939040829848973	1.0	1.0	0.08252309468822171	0.21356812933025404	0.29609122401847576	0.7039087759815242	0.7039087759815242	0.0	1.0	0.8631639722863741	1.0	0.9988452655889145	1.0	1.0597754395324666	0.1859122401847575	0.053983833718244806	0.4745958429561201	0.4745958429561201	FCGR3A;MS4A7;CD1C;CLEC4C	HLA-DRA		0.0	0.0	1.0	0.9757505773672055	0.0	3.27965935334873
infection_study_04	Myeloid_lineage	3	Neutrophil	2	866	0.9361505243676742	1.0	1.0	0.016751347190146267	0.406784064665127	0.42353541185527327	0.5764645881447268	0.5764645881447268	0.0	1.0	0.49788298691301	1.0	1.0	1.0	1.044066911197963	0.03695150115473441	0.012317167051578136	0.9780600461893765	0.7557736720554273	CD3D;MS4A1;CD79A	FCN1;LST1		0.0	0.0	0.018475750577367205	0.018475750577367205	0.0	0.6245015396458815
infection_study_04	Myeloid_lineage	3	Intermediate Monocyte	3	866	0.8493042703406677	0.9826789838337182	1.0	0.023033102386451114	0.3799364896073903	0.4029695919938414	0.5970304080061586	0.5970304080061586	0.0	1.0	0.647228637413395	0.9826789838337182	0.5069284064665127	0.964203233256351	1.014939690199606	0.050808314087759814	0.016936104695919937	0.9976905311778291	0.5375288683602771	CD1C;CLEC4C;NKG7	VCAN;FCGR3A		0.0	0.0	0.012702078521939953	0.0	0.0	0.6173537336412626
infection_study_04	Myeloid_lineage	3	Eosinophil	4	866	0.9267998720497178	0.9267998720497178	0.8920323325635104	0.45511162432640495	0.0	0.45511162432640495	0.4369207082371055	0.4369207082371055	0.0	0.6420323325635104	0.12201693610469592	0.6420323325635104	0.08775981524249422	0.6270207852193995	2.0761302152344787	1.0	0.3414164742109315	0.0	0.0	S100A8;CD3D;MS4A1			0.0	0.0	0.0	0.0	0.0	0.4369207082371055
infection_study_04	Myeloid_lineage	3	Non-Classical Monocyte	5	866	0.6128418671601892	0.6128418671601892	0.27251732101616627	0.5	0.02909930715935335	0.5290993071593534	0.0	0.0	0.0	0.8371824480369515	0.25789068514241725	0.27251732101616627	0.05658198614318707	0.13625866050808313	0.6281278499385798	1.0	0.7494226327944573	0.07736720554272518	0.03926096997690531	S100A8;S100A9;VCAN;CD1C	NKG7;GNLY		0.0	0.0	0.009237875288683603	0.017321016166281754	0.0	0.03210161662817552
infection_study_04	Myeloid_lineage	3	Conventional DC 2	6	866	0.68885233166541	0.68885233166541	0.016166281755196306	0.4904445727482679	0.406784064665127	0.6	0.0	0.0	0.0	0.9445727482678984	0.32698229407236334	0.016166281755196306	0.0	0.011547344110854504	0.29717554902690335	1.0	0.5020207852193995	0.9780600461893765	0.7557736720554273	CLEC4C;LILRA4;S100A8;S100A9	FCN1;LST1		0.0	0.0	0.0011547344110854503	0.0011547344110854503	0.0	0.003002309468822171
infection_study_04	Myeloid_lineage	3	Basophil	7	866	0.4877076336052277	0.4877076336052277	0.0011547344110854503	0.2538568129330254	0.0012990762124711318	0.25515588914549653	0.0	0.0	0.0	0.006928406466512702	0.0011547344110854503	0.0011547344110854503	0.0	0.0011547344110854503	0.6662271242099087	0.5577367205542725	0.19053117782909934	0.003464203233256351	0.0017321016166281756	CD3D;MS4A1;LST1	CLEC4C;FCER1A		0.0	0.0	0.0	0.0	0.0	0.0
infection_study_04	Myeloid_lineage	3	Mast Cell	8	866	0.4958530399616149	0.4958530399616149	0.0011547344110854503	0.2538568129330254	0.0	0.2538568129330254	0.0	0.0	0.0	0.003464203233256351	0.0006928406466512702	0.0011547344110854503	0.0	0.0011547344110854503	0.8565550730378791	0.5577367205542725	0.19053117782909934	0.0	0.0	CD3D;MS4A1;LST1			0.0	0.0	0.0	0.0	0.0	0.0
infection_study_04	Myeloid_lineage	3	Plasmacytoid DC	9	866	0.28000548358352184	0.28000548358352184	0.06581986143187067	0.46754272517321016	0.08637413394919169	0.5539168591224019	0.0	0.0	0.0	0.22748267898383373	0.03629165291982844	0.06581986143187067	0.0011547344110854503	0.05658198614318707	0.5276252964876297	1.0	0.3979214780600462	0.24595842956120093	0.08391070053887606	CD3D;MS4A1;CD1C;FCN1;S100A8	MZB1;XBP1;PRDM1		0.0	0.0	0.0	0.0	0.0	0.0
infection_study_04	Myeloid_lineage	3	Conventional DC 1	10	866	0.42029382868371146	0.42029382868371146	0.017321016166281754	0.4352540415704388	0.21356812933025404	0.6	0.0	0.0	0.0	0.21362586605080833	0.03695150115473441	0.017321016166281754	0.0	0.013856812933025405	0.6087799222433892	1.0	0.25115473441108543	0.4745958429561201	0.4745958429561201	CD1C;FCER1A;CLEC4C;S100A8	HLA-DRA		0.0	0.0	0.0	0.0	0.0	0.0
infection_study_04	Myeloid_lineage	4	Classical Monocyte	1	749	0.8207096671007837	0.9959946595460614	1.0	0.21739652870493995	0.22049399198931907	0.43789052069425904	0.562109479305741	0.562109479305741	0.0	1.0	0.7985647530040054	0.9959946595460614	0.9719626168224299	0.9826435246995995	1.0555727054334072	0.49132176234979974	0.13951935914552735	0.48998664886515353	0.48998664886515353	FCGR3A;MS4A7;CD1C;CLEC4C	HLA-DRA		0.0	0.0	0.951935914552737	0.7076101468624834	0.0	2.7928170894526034
infection_study_04	Myeloid_lineage	4	Neutrophil	2	749	0.8411131674549318	0.9973297730307076	1.0	0.14219848687138406	0.3784045393858478	0.5206030262572319	0.47939697374276813	0.47939697374276813	0.0	0.9973297730307076	0.4695149087672452	0.9973297730307076	0.9826435246995995	0.9853137516688919	1.0413066185009068	0.31108144192256343	0.1090342679127726	0.9305740987983978	0.6615487316421896	CD3D;MS4A1;CD79A	FCN1;LST1		0.0	0.0	0.06141522029372497	0.06141522029372497	0.0	0.6390765465064531
infection_study_04	Myeloid_lineage	4	Intermediate Monocyte	3	749	0.7933145977563004	0.9439252336448598	1.0	0.1400089007565643	0.3937249666221629	0.5337338673787272	0.4662661326212728	0.4662661326212728	0.0	1.0	0.6165999109924344	0.9439252336448598	0.5020026702269693	0.8931909212283045	0.9753168918415203	0.308411214953271	0.10369381397418781	0.9692923898531375	0.6862483311081442	CD1C;CLEC4C;NKG7	VCAN;FCGR3A		0.0	0.0	0.08411214953271028	0.0	0.0	0.6008455718736092
infection_study_04	Myeloid_lineage	4	Non-Classical Monocyte	4	749	0.7857632462814449	0.7857632462814449	0.7360020528696768	0.5	0.257543391188251	0.6	0.13600205286967681	0.13600205286967681	0.0	0.9465954606141522	0.36626613262127283	0.630173564753004	0.22429906542056074	0.42857142857142855	1.4233139524666911	0.9973297730307076	0.7296395193591455	0.6528704939919893	0.4112149532710281	S100A8;S100A9;VCAN;CD1C	NKG7;GNLY		0.0	0.0	0.029372496662216287	0.09078771695594126	0.0	0.2737857644851641
infection_study_04	Myeloid_lineage	4	Plasmacytoid DC	5	749	0.6074782370278977	0.6074782370278977	0.1041388518024032	0.47499599465954606	0.14078771695594125	0.6	0.0	0.0	0.0	0.6114819759679573	0.11520122067518597	0.1041388518024032	0.004005340453938585	0.09479305740987984	0.7942845632488355	0.9959946595460614	0.4387182910547397	0.3938584779706275	0.15086782376502003	CD3D;MS4A1;CD1C;FCN1;S100A8	MZB1;XBP1;PRDM1		0.0	0.0	0.0026702269692923898	0.0026702269692923898	0.0	0.006942590120160214
infection_study_04	Myeloid_lineage	4	Conventional DC 2	6	749	0.6987913267987297	0.6987913267987297	0.021361815754339118	0.4867957276368492	0.3784045393858478	0.6	0.0	0.0	0.0	0.9332443257676902	0.3233199821984869	0.021361815754339118	0.0	0.01335113484646195	0.3561822387479827	0.9946595460614153	0.49465954606141527	0.9305740987983978	0.6615487316421896	CLEC4C;LILRA4;S100A8;S100A9	FCN1;LST1		0.0	0.0	0.0026702269692923898	0.0	0.0	0.004272363150867824
infection_study_04	Myeloid_lineage	4	Basophil	7	749	0.4877076336052277	0.4877076336052277	0.0053404539385847796	0.2765554072096128	0.001001335113484646	0.27755674232309746	0.0	0.0	0.0	0.01602136181575434	0.002892745883400089	0.0053404539385847796	0.0	0.004005340453938585	0.9162232048681642	0.5847797062750334	0.24699599465954605	0.0026702269692923898	0.0013351134846461949	CD3D;MS4A1;LST1	CLEC4C;FCER1A		0.0	0.0	0.0	0.0	0.0	0.0
infection_study_04	Myeloid_lineage	4	Eosinophil	8	749	0.4480201978659721	0.4480201978659721	0.44615585063907437	0.46979973297730304	0.0	0.46979973297730304	0.0	0.0	0.0	0.3885180240320427	0.06875834445927904	0.38317757009345793	0.02403204272363151	0.369826435246996	1.2519131221824658	0.986648865153538	0.43124165554072097	0.0	0.0	S100A8;CD3D;MS4A1			0.0	0.0	0.0	0.0	0.0	0.0
infection_study_04	Myeloid_lineage	4	Mast Cell	9	749	0.4958530399616149	0.4958530399616149	0.0	0.2765554072096128	0.0	0.2765554072096128	0.0	0.0	0.0	0.006675567423230975	0.0013351134846461949	0.0	0.0	0.0	0.7678847756219497	0.5847797062750334	0.24699599465954605	0.0	0.0	CD3D;MS4A1;LST1			0.0	0.0	0.0	0.0	0.0	0.0
infection_study_04	Myeloid_lineage	4	Conventional DC 1	10	749	0.42029382868371146	0.42029382868371146	0.028037383177570093	0.4279639519359146	0.22049399198931907	0.6	0.0	0.0	0.0	0.2109479305740988	0.03627058299955496	0.028037383177570093	0.0	0.022696929238985315	0.8475671267952909	0.9826435246995995	0.2479973297730307	0.48998664886515353	0.48998664886515353	CD1C;FCER1A;CLEC4C;S100A8	HLA-DRA		0.0	0.0	0.0	0.0	0.0	0.0
infection_study_04	Myeloid_lineage	5	Non-Classical Monocyte	1	736	0.9831265565380309	1.0	1.0	0.22298913043478263	0.01029211956521739	0.23328125000000002	0.76671875	0.76671875	0.0	1.0	0.7515851449275363	1.0	0.9239130434782609	0.9945652173913043	2.245558347205421	0.4782608695652174	0.1875	0.02717391304347826	0.014266304347826088	S100A8;S100A9;VCAN;CD1C	NKG7;GNLY		0.0	0.0	0.9972826086956522	0.9959239130434783	0.0	3.3582948369565218
infection_study_04	Myeloid_lineage	5	Classical Monocyte	2	736	0.6946215184956703	0.6946215184956703	0.6942934782608695	0.4846942934782609	0.35461956521739124	0.6	0.09429347826086953	0.09429347826086953	0.0	1.0	0.5132472826086956	0.6942934782608695	0.22010869565217392	0.6345108695652174	0.739002901469072	1.0	0.475883152173913	0.7880434782608695	0.7880434782608695	FCGR3A;MS4A7;CD1C;CLEC4C	HLA-DRA		0.0	0.0	0.050271739130434784	0.9728260869565217	0.0	1.147554347826087
infection_study_04	Myeloid_lineage	5	Intermediate Monocyte	3	736	0.8135810085224027	0.9823369565217391	1.0	0.00677536231884058	0.3876358695652174	0.39441123188405797	0.605588768115942	0.605588768115942	0.0	1.0	0.7278079710144927	0.9823369565217391	0.84375	0.8967391304347826	1.014589992966449	0.014945652173913044	0.004981884057971014	0.9959239130434783	0.592391304347826	CD1C;CLEC4C;NKG7	VCAN;FCGR3A		0.0	0.0	0.20244565217391305	0.0	0.0	0.9295018115942029
infection_study_04	Myeloid_lineage	5	Neutrophil	4	736	0.6779765576804442	0.938858695652174	0.938858695652174	0.012318840579710144	0.41056385869565215	0.4228826992753623	0.5159759963768116	0.5159759963768116	0.0	0.9714673913043478	0.3308423913043478	0.938858695652174	0.36684782608695654	0.8600543478260869	0.9808633341909834	0.02717391304347826	0.009057971014492754	0.9769021739130435	0.7832880434782609	CD3D;MS4A1;CD79A	FCN1;LST1		0.0	0.0	0.0	0.0	0.0	0.5159759963768116
infection_study_04	Myeloid_lineage	5	Eosinophil	5	736	0.4480201978659721	0.4480201978659721	0.008152173913043478	0.08756340579710145	0.0	0.08756340579710145	0.0	0.0	0.0	0.008152173913043478	0.001358695652173913	0.008152173913043478	0.0	0.008152173913043478	0.057798171733132356	0.19293478260869565	0.06476449275362318	0.0	0.0	S100A8;CD3D;MS4A1			0.0	0.0	0.0	0.0	0.0	0.0
infection_study_04	Myeloid_lineage	5	Basophil	6	736	0.4877076336052277	0.4877076336052277	0.001358695652173913	0.42434782608695654	0.001528532608695652	0.4258763586956522	0.0	0.0	0.0	0.10461956521739131	0.017436594202898552	0.001358695652173913	0.0	0.001358695652173913	0.6784089033624102	0.9334239130434783	0.31657608695652173	0.004076086956521739	0.0020380434782608695	CD3D;MS4A1;LST1	CLEC4C;FCER1A		0.0	0.0	0.0	0.0	0.0	0.0
infection_study_04	Myeloid_lineage	5	Mast Cell	7	736	0.4958530399616149	0.4958530399616149	0.0	0.42434782608695654	0.0	0.42434782608695654	0.0	0.0	0.0	0.001358695652173913	0.0002717391304347826	0.0	0.0	0.0	0.7678847756219497	0.9334239130434783	0.31657608695652173	0.0	0.0	CD3D;MS4A1;LST1			0.0	0.0	0.0	0.0	0.0	0.0
infection_study_04	Myeloid_lineage	5	Plasmacytoid DC	8	736	0.28000548358352184	0.28000548358352184	0.20292555823467973	0.28993478260869565	0.03709239130434783	0.3270271739130435	0.0	0.0	0.0	0.3070652173913043	0.04910714285714286	0.15896739130434784	0.008152173913043478	0.10326086956521739	1.1758326677213276	0.6657608695652174	0.16793478260869565	0.10597826086956522	0.03532608695652174	CD3D;MS4A1;CD1C;FCN1;S100A8	MZB1;XBP1;PRDM1		0.0	0.0	0.0	0.0	0.0	0.0
infection_study_04	Myeloid_lineage	5	Conventional DC 1	9	736	0.42029382868371146	0.42029382868371146	0.4008152173913043	0.0812703804347826	0.35461956521739124	0.43588994565217387	0.0	0.0	0.0	0.30027173913043476	0.05525362318840579	0.15081521739130435	0.0	0.14673913043478262	3.5833614292815597	0.18614130434782608	0.04789402173913044	0.7880434782608695	0.7880434782608695	CD1C;FCER1A;CLEC4C;S100A8	HLA-DRA		0.0	0.0	0.0	0.0	0.0	0.0
infection_study_04	Myeloid_lineage	5	Conventional DC 2	10	736	0.8202070052779491	0.8202070052779491	0.016304347826086956	0.19431385869565218	0.41056385869565215	0.6	0.0	0.0	0.0	0.9877717391304348	0.4200634057971014	0.016304347826086956	0.001358695652173913	0.010869565217391304	0.2987435922362053	0.42934782608695654	0.14164402173913043	0.9769021739130435	0.7832880434782609	CLEC4C;LILRA4;S100A8;S100A9	FCN1;LST1		0.0	0.0	0.0	0.0	0.0	0.0
infection_study_04	Myeloid_lineage	6	Classical Monocyte	1	734	0.9038887746475655	1.0	1.0	0.14211852861035423	0.2789509536784741	0.42106948228882835	0.5789305177111717	0.5789305177111717	0.0	1.0	0.8678474114441417	1.0	1.0	0.9945504087193461	1.0597754395324666	0.3201634877384196	0.09298365122615804	0.6198910081743869	0.6198910081743869	FCGR3A;MS4A7;CD1C;CLEC4C	HLA-DRA		0.0	0.0	0.997275204359673	0.9795640326975477	0.0	3.1541348773841964
infection_study_04	Myeloid_lineage	6	Intermediate Monocyte	2	734	0.8649096351132132	1.0	1.0	0.02418710263396912	0.38552452316076297	0.4097116257947321	0.5902883742052679	0.5902883742052679	0.0	1.0	0.7109445958219799	1.0	0.670299727520436	0.9877384196185286	1.0326491280622425	0.05313351498637602	0.018165304268846504	0.9918256130790191	0.5865122615803815	CD1C;CLEC4C;NKG7	VCAN;FCGR3A		0.0	0.0	0.08038147138964577	0.0	0.0	0.7188987284287012
infection_study_04	Myeloid_lineage	6	Neutrophil	3	734	0.8951607375419837	0.9986376021798365	1.0	0.0055585831062670305	0.41638283378746593	0.421941416893733	0.578058583106267	0.578058583106267	0.0	0.9986376021798365	0.5340599455040872	0.9986376021798365	0.997275204359673	0.9986376021798365	1.0426585602237837	0.01226158038147139	0.004087193460490463	0.9959128065395095	0.7840599455040872	CD3D;MS4A1;CD79A	FCN1;LST1		0.0	0.0	0.005449591280653951	0.005449591280653951	0.0	0.5922275204359673
infection_study_04	Myeloid_lineage	6	Eosinophil	4	734	0.9043571640733886	0.9043571640733886	0.7709757693834731	0.45166212534059946	0.0	0.45166212534059946	0.31931364404287366	0.31931364404287366	0.0	0.5667574931880109	0.10308810172570389	0.5640326975476839	0.04632152588555858	0.5435967302452316	1.8277722873431568	0.9945504087193461	0.335149863760218	0.0	0.0	S100A8;CD3D;MS4A1			0.0	0.0	0.0	0.0	0.0	0.31931364404287366
infection_study_04	Myeloid_lineage	6	Non-Classical Monocyte	5	734	0.8258276783878264	0.8258276783878264	0.4114441416893733	0.5	0.02094686648501362	0.5209468664850136	0.0	0.0	0.0	0.9959128065395095	0.36058128973660314	0.4114441416893733	0.11171662125340599	0.18528610354223432	0.9370073368825705	1.0	0.7479564032697549	0.055858310626702996	0.027929155313351498	S100A8;S100A9;VCAN;CD1C	NKG7;GNLY		0.0	0.0	0.02861035422343324	0.08583106267029973	0.0	0.13160762942779292
infection_study_04	Myeloid_lineage	6	Conventional DC 2	6	734	0.7652340804715883	0.7652340804715883	0.021798365122615803	0.48978201634877383	0.41638283378746593	0.6	0.0	0.0	0.0	0.9877384196185286	0.40281562216167116	0.021798365122615803	0.0	0.010899182561307902	0.36114021479550457	0.9986376021798365	0.5013623978201635	0.9959128065395095	0.7840599455040872	CLEC4C;LILRA4;S100A8;S100A9	FCN1;LST1		0.0	0.0	0.0013623978201634877	0.0013623978201634877	0.0	0.0035422343324250684
infection_study_04	Myeloid_lineage	6	Basophil	7	734	0.4877076336052277	0.4877076336052277	0.0	0.26597638510445054	0.0005108991825613079	0.26648728428701185	0.0	0.0	0.0	0.013623978201634877	0.002270663033605813	0.0	0.0	0.0	0.5972595130080548	0.5858310626702997	0.19709355131698458	0.0013623978201634877	0.0006811989100817438	CD3D;MS4A1;LST1	CLEC4C;FCER1A		0.0	0.0	0.0	0.0	0.0	0.0
infection_study_04	Myeloid_lineage	6	Mast Cell	8	734	0.4958530399616149	0.4958530399616149	0.0	0.26597638510445054	0.0	0.26597638510445054	0.0	0.0	0.0	0.0027247956403269754	0.0005449591280653951	0.0	0.0	0.0	0.7678847756219497	0.5858310626702997	0.19709355131698458	0.0	0.0	CD3D;MS4A1;LST1			0.0	0.0	0.0	0.0	0.0	0.0
infection_study_04	Myeloid_lineage	6	Plasmacytoid DC	9	734	0.5771814380697786	0.5771814380697786	0.16305361290630352	0.4681798365122616	0.08399182561307902	0.5521716621253406	0.0	0.0	0.0	0.5749318801089919	0.09322693655118723	0.1444141689373297	0.004087193460490463	0.12806539509536785	1.0745577758758953	1.0	0.40081743869209807	0.23841961852861035	0.08310626702997274	CD3D;MS4A1;CD1C;FCN1;S100A8	MZB1;XBP1;PRDM1		0.0	0.0	0.0	0.0	0.0	0.0
infection_study_04	Myeloid_lineage	6	Conventional DC 1	10	734	0.42029382868371146	0.42029382868371146	0.01907356948228883	0.4333038147138965	0.2789509536784741	0.6	0.0	0.0	0.0	0.2901907356948229	0.050635785649409626	0.01907356948228883	0.0	0.014986376021798364	0.6478311517054514	0.9945504087193461	0.25170299727520434	0.6198910081743869	0.6198910081743869	CD1C;FCER1A;CLEC4C;S100A8	HLA-DRA		0.0	0.0	0.0	0.0	0.0	0.0
infection_study_04	Myeloid_lineage	7	Classical Monocyte	1	598	0.8867868485388535	0.9983277591973244	1.0	0.051195652173913045	0.24682274247491637	0.2980183946488294	0.7019816053511706	0.7019816053511706	0.0	1.0	0.8162625418060201	0.9983277591973244	0.9866220735785953	0.9949832775919732	1.0580207863328035	0.11705685618729098	0.030518394648829432	0.5484949832775919	0.5484949832775919	FCGR3A;MS4A7;CD1C;CLEC4C	HLA-DRA		0.0	0.0	0.9866220735785953	0.8110367892976589	0.0	3.0916137123745817
infection_study_04	Myeloid_lineage	7	Neutrophil	2	598	0.8711814837663079	0.9949832775919732	1.0	0.006822742474916388	0.36948160535117053	0.3763043478260869	0.6236956521739131	0.6236956521739131	0.0	0.9966555183946488	0.4403567447045708	0.9949832775919732	0.9816053511705686	0.9949832775919732	1.0388809766743132	0.015050167224080268	0.005016722408026756	0.9046822742474916	0.6538461538461539	CD3D;MS4A1;CD79A	FCN1;LST1		0.0	0.0	0.033444816053511704	0.033444816053511704	0.0	0.7106521739130436
infection_study_04	Myeloid_lineage	7	Intermediate Monocyte	3	598	0.8111019718052415	0.9648829431438127	0.9765886287625418	0.03411371237458194	0.375752508361204	0.40986622073578594	0.5667224080267559	0.5667224080267559	0.0	1.0	0.625139353400223	0.9648829431438127	0.4882943143812709	0.8612040133779264	0.9967445754457535	0.07525083612040134	0.025083612040133776	0.9949832775919732	0.5150501672240803	CD1C;CLEC4C;NKG7	VCAN;FCGR3A		0.0	0.0	0.0033444816053511705	0.0	0.0	0.5720735785953177
infection_study_04	Myeloid_lineage	7	Eosinophil	4	598	0.9625002856033085	0.9625002856033085	1.0	0.44609810479375694	0.0	0.44609810479375694	0.5539018952062431	0.5539018952062431	0.0	0.8043478260869565	0.15830546265328874	0.8043478260869565	0.14381270903010032	0.7859531772575251	2.592957500746273	0.9816053511705686	0.33221850613154963	0.0	0.0	S100A8;CD3D;MS4A1			0.0	0.0	0.0	0.0	0.0	0.5539018952062431
infection_study_04	Myeloid_lineage	7	Conventional DC 2	5	598	0.7031839056823634	0.7031839056823634	0.18286758812185872	0.48717391304347823	0.36948160535117053	0.6	0.0	0.0	0.0	0.9431438127090301	0.36176142697881825	0.10535117056856187	0.0033444816053511705	0.09866220735785954	1.3100656702131874	0.9949832775919732	0.49581939799331104	0.9046822742474916	0.6538461538461539	CLEC4C;LILRA4;S100A8;S100A9	FCN1;LST1		0.0	0.0	0.030100334448160536	0.028428093645484948	0.0	0.07658862876254181
infection_study_04	Myeloid_lineage	7	Non-Classical Monocyte	6	598	0.7117748531998995	0.7117748531998995	0.18896321070234115	0.5	0.031354515050167224	0.5313545150501672	0.0	0.0	0.0	0.9648829431438127	0.270066889632107	0.18896321070234115	0.03177257525083612	0.10702341137123746	0.4423598995835971	0.9983277591973244	0.7449832775919732	0.08361204013377926	0.04180602006688963	S100A8;S100A9;VCAN;CD1C	NKG7;GNLY		0.0	0.0	0.0	0.0033444816053511705	0.0	0.0033444816053511705
infection_study_04	Myeloid_lineage	7	Basophil	7	598	0.4877076336052277	0.4877076336052277	0.0033444816053511705	0.20541806020066888	0.0006270903010033444	0.20604515050167224	0.0	0.0	0.0	0.011705685618729096	0.0033444816053511705	0.0016722408026755853	0.0016722408026755853	0.0016722408026755853	0.6971356857518768	0.451505016722408	0.15384615384615383	0.0016722408026755853	0.0008361204013377926	CD3D;MS4A1;LST1	CLEC4C;FCER1A		0.0	0.0	0.0	0.0	0.0	0.0
infection_study_04	Myeloid_lineage	7	Mast Cell	8	598	0.4958530399616149	0.4958530399616149	0.0033444816053511705	0.20541806020066888	0.0	0.20541806020066888	0.0	0.0	0.0	0.0016722408026755853	0.0016722408026755853	0.0016722408026755853	0.0016722408026755853	0.0016722408026755853	0.8962936009767909	0.451505016722408	0.15384615384615383	0.0	0.0	CD3D;MS4A1;LST1			0.0	0.0	0.0	0.0	0.0	0.0
infection_study_04	Myeloid_lineage	7	Plasmacytoid DC	9	598	0.28000548358352184	0.28000548358352184	0.22554668245254572	0.4576655518394649	0.12165551839464882	0.5793210702341137	0.0	0.0	0.0	0.4916387959866221	0.08050645007166746	0.16722408026755853	0.0016722408026755853	0.15217391304347827	1.2332904087399488	0.9882943143812709	0.3732441471571907	0.34615384615384615	0.11872909698996655	CD3D;MS4A1;CD1C;FCN1;S100A8	MZB1;XBP1;PRDM1		0.0	0.0	0.0	0.0	0.0	0.0
infection_study_04	Myeloid_lineage	7	Conventional DC 1	10	598	0.42029382868371146	0.42029382868371146	0.020066889632107024	0.428185618729097	0.24682274247491637	0.6	0.0	0.0	0.0	0.26588628762541805	0.04626532887402452	0.020066889632107024	0.0	0.013377926421404682	0.6699647853846928	0.9832775919732442	0.24790969899665552	0.5484949832775919	0.5484949832775919	CD1C;FCER1A;CLEC4C;S100A8	HLA-DRA		0.0	0.0	0.0	0.0	0.0	0.0
infection_study_04	Myeloid_lineage	8	Classical Monocyte	1	593	0.9413485045810771	1.0	1.0	0.05006745362563238	0.12596964586846543	0.1760370994940978	0.8239629005059022	0.8239629005059022	0.0	1.0	0.8520236087689713	1.0	1.0	1.0	1.0597754395324666	0.11467116357504216	0.02951096121416526	0.2799325463743676	0.2799325463743676	FCGR3A;MS4A7;CD1C;CLEC4C	HLA-DRA		0.0	0.0	0.9983136593591906	0.9966273187183811	0.0	3.4178920741989884
infection_study_04	Myeloid_lineage	8	Neutrophil	2	593	0.9338085772385587	1.0	1.0	0.0045868465430016865	0.4121838111298482	0.4167706576728499	0.5832293423271502	0.5832293423271502	0.0	1.0	0.48903878583473864	1.0	1.0	1.0	1.044066911197963	0.01011804384485666	0.003372681281618887	0.9898819561551433	0.7681281618887015	CD3D;MS4A1;CD79A	FCN1;LST1		0.0	0.0	0.05733558178752108	0.05733558178752108	0.0	0.732301854974705
infection_study_04	Myeloid_lineage	8	Intermediate Monocyte	3	593	0.8277697808851417	0.9881956155143339	0.9933406234342423	0.019111860595840358	0.37436762225969644	0.3934794828555368	0.5998611405787055	0.5998611405787055	0.0	1.0	0.5916245081506464	0.9881956155143339	0.3456998313659359	0.984822934232715	1.020580031679634	0.04215851602023609	0.014052838673412027	0.9949409780775716	0.5059021922428331	CD1C;CLEC4C;NKG7	VCAN;FCGR3A		0.0	0.0	0.0	0.0	0.0	0.5998611405787055
infection_study_04	Myeloid_lineage	8	Eosinophil	4	593	0.4480201978659721	0.4480201978659721	0.539366404163433	0.4540753232152895	0.0	0.4540753232152895	0.08529108094814347	0.08529108094814347	0.0	0.43676222596964587	0.08010118043844856	0.4350758853288364	0.04215851602023609	0.40978077571669475	1.4171620753383862	1.0	0.33670601461495225	0.0	0.0	S100A8;CD3D;MS4A1			0.0	0.0	0.0	0.0	0.0	0.08529108094814347
infection_study_04	Myeloid_lineage	8	Non-Classical Monocyte	5	593	0.6155893709872735	0.6155893709872735	0.16694772344013492	0.5	0.016441821247892074	0.5164418212478921	0.0	0.0	0.0	0.8870151770657673	0.23861720067453626	0.16694772344013492	0.013490725126475547	0.09780775716694773	0.3934123142475161	1.0	0.7495784148397976	0.04384485666104553	0.021922428330522766	S100A8;S100A9;VCAN;CD1C	NKG7;GNLY		0.0	0.0	0.0	0.0	0.0	0.0
infection_study_04	Myeloid_lineage	8	Basophil	6	593	0.4877076336052277	0.4877076336052277	0.0016863406408094434	0.2520067453625633	0.0	0.2520067453625633	0.0	0.0	0.0	0.003372681281618887	0.0005621135469364812	0.0016863406408094434	0.0	0.0016863406408094434	0.6979778119976088	0.554806070826307	0.18718381112984825	0.0	0.0	CD3D;MS4A1;LST1	CLEC4C;FCER1A		0.0	0.0	0.0	0.0	0.0	0.0
infection_study_04	Myeloid_lineage	8	Mast Cell	7	593	0.4958530399616149	0.4958530399616149	0.0	0.2520067453625633	0.0	0.2520067453625633	0.0	0.0	0.0	0.0016863406408094434	0.0003372681281618887	0.0	0.0	0.0	0.7678847756219497	0.554806070826307	0.18718381112984825	0.0	0.0	CD3D;MS4A1;LST1			0.0	0.0	0.0	0.0	0.0	0.0
infection_study_04	Myeloid_lineage	8	Plasmacytoid DC	8	593	0.28000548358352184	0.28000548358352184	0.08768971332209106	0.46792580101180437	0.0633220910623946	0.531247892074199	0.0	0.0	0.0	0.2782462057335582	0.04264032763189594	0.08768971332209106	0.0	0.07419898819561552	0.6798161191797385	1.0	0.3996627318718381	0.18043844856661045	0.061270376616076434	CD3D;MS4A1;CD1C;FCN1;S100A8	MZB1;XBP1;PRDM1		0.0	0.0	0.0	0.0	0.0	0.0
infection_study_04	Myeloid_lineage	8	Conventional DC 1	9	593	0.42029382868371146	0.42029382868371146	0.006745362563237774	0.43518549747048907	0.12596964586846543	0.5611551433389546	0.0	0.0	0.0	0.20404721753794267	0.035132096683530074	0.006745362563237774	0.0	0.00505902192242833	0.3731281610149801	1.0	0.2508431703204047	0.2799325463743676	0.2799325463743676	CD1C;FCER1A;CLEC4C;S100A8	HLA-DRA		0.0	0.0	0.0	0.0	0.0	0.0
infection_study_04	Myeloid_lineage	8	Conventional DC 2	10	593	0.6573902712089017	0.6573902712089017	0.011804384485666104	0.49064924114671166	0.4121838111298482	0.6	0.0	0.0	0.0	0.9072512647554806	0.2785272625070264	0.011804384485666104	0.0	0.008431703204047217	0.2476366337160121	1.0	0.5029510961214165	0.9898819561551433	0.7681281618887015	CLEC4C;LILRA4;S100A8;S100A9	FCN1;LST1		0.0	0.0	0.0	0.0	0.0	0.0
infection_study_04	Myeloid_lineage	9	Classical Monocyte	1	564	0.8935270866177714	0.9911347517730497	1.0	0.07134751773049645	0.2696808510638298	0.34102836879432624	0.6589716312056737	0.6589716312056737	0.0	0.99822695035461	0.8144946808510638	0.9911347517730497	0.9875886524822695	0.9893617021276596	1.0504732887044659	0.16312056737588654	0.04255319148936171	0.599290780141844	0.599290780141844	FCGR3A;MS4A7;CD1C;CLEC4C	HLA-DRA		0.0	0.0	0.9840425531914894	0.9131205673758865	0.0	3.1465602836879434
infection_study_04	Myeloid_lineage	9	Neutrophil	2	564	0.8311741723216122	0.9946808510638298	1.0	0.012860520094562646	0.37872340425531914	0.39158392434988176	0.6084160756501182	0.6084160756501182	0.0	0.9946808510638298	0.42405437352245867	0.9946808510638298	0.9893617021276596	0.9911347517730497	1.0385683494157953	0.028368794326241134	0.009456264775413711	0.9432624113475178	0.6382978723404256	CD3D;MS4A1;CD79A	FCN1;LST1		0.0	0.0	0.014184397163120567	0.014184397163120567	0.0	0.6452955082742318
infection_study_04	Myeloid_lineage	9	Intermediate Monocyte	3	564	0.8126099572737451	0.9698581560283688	1.0	0.025721040189125292	0.3759308510638298	0.4016518912529551	0.5983481087470449	0.5983481087470449	0.0	1.0	0.6255910165484634	0.9698581560283688	0.5851063829787234	0.9290780141843972	1.001831356878586	0.05673758865248227	0.018912529550827423	0.9875886524822695	0.5310283687943262	CD1C;CLEC4C;NKG7	VCAN;FCGR3A		0.0	0.0	0.01950354609929078	0.0	0.0	0.6295537825059102
infection_study_04	Myeloid_lineage	9	Eosinophil	4	564	0.9341056046793246	0.9341056046793246	0.9042553191489362	0.4499408983451537	0.0	0.4499408983451537	0.4543144208037825	0.4543144208037825	0.0	0.6542553191489362	0.12027186761229314	0.6542553191489362	0.06560283687943262	0.6400709219858156	2.1150493155659587	0.9893617021276596	0.33628841607565013	0.0	0.0	S100A8;CD3D;MS4A1			0.0	0.0	0.0	0.0	0.0	0.4543144208037825
infection_study_04	Myeloid_lineage	9	Non-Classical Monocyte	5	564	0.6918340302054059	0.6918340302054059	0.29609929078014185	0.5	0.030851063829787237	0.5308510638297872	0.0	0.0	0.0	0.9414893617021277	0.27630023640661944	0.29609929078014185	0.051418439716312055	0.18617021276595744	0.6805582351336701	0.9946808510638298	0.7411347517730497	0.08156028368794327	0.04255319148936171	S100A8;S100A9;VCAN;CD1C	NKG7;GNLY		0.0	0.0	0.012411347517730497	0.024822695035460994	0.0	0.04468085106382979
infection_study_04	Myeloid_lineage	9	Conventional DC 2	6	564	0.7136426988370234	0.7136426988370234	0.028368794326241134	0.486427304964539	0.37872340425531914	0.6	0.0	0.0	0.0	0.9521276595744681	0.3416075650118204	0.028368794326241134	0.0	0.02304964539007092	0.43576185665495604	0.9929078014184397	0.49601063829787234	0.9432624113475178	0.6382978723404256	CLEC4C;LILRA4;S100A8;S100A9	FCN1;LST1		0.0	0.0	0.0070921985815602835	0.0070921985815602835	0.0	0.018439716312056736
infection_study_04	Myeloid_lineage	9	Conventional DC 1	7	564	0.42029382868371146	0.42029382868371146	0.01773049645390071	0.4314361702127659	0.2696808510638298	0.6	0.0	0.0	0.0	0.2641843971631206	0.04491725768321513	0.01773049645390071	0.0	0.012411347517730497	0.6179041574526388	0.9911347517730497	0.24911347517730498	0.599290780141844	0.599290780141844	CD1C;FCER1A;CLEC4C;S100A8	HLA-DRA		0.0	0.0	0.0035460992907801418	0.0017730496453900709	0.0	0.007446808510638298
infection_study_04	Myeloid_lineage	9	Basophil	8	564	0.4877076336052277	0.4877076336052277	0.0035460992907801418	0.16368794326241137	0.0006648936170212766	0.16435283687943264	0.0	0.0	0.0	0.024822695035460994	0.004432624113475178	0.0035460992907801418	0.0	0.0017730496453900709	0.8090536665570105	0.3599290780141844	0.12234042553191489	0.0017730496453900709	0.0008865248226950354	CD3D;MS4A1;LST1	CLEC4C;FCER1A		0.0	0.0	0.0	0.0	0.0	0.0
infection_study_04	Myeloid_lineage	9	Plasmacytoid DC	9	564	0.28000548358352184	0.28000548358352184	0.1754426895713902	0.46280851063829787	0.11365248226950354	0.5764609929078014	0.0	0.0	0.0	0.38475177304964536	0.06534954407294832	0.14893617021276595	0.005319148936170213	0.13297872340425532	1.106026077434497	0.9929078014184397	0.38865248226950355	0.3173758865248227	0.12293144208037825	CD3D;MS4A1;CD1C;FCN1;S100A8	MZB1;XBP1;PRDM1		0.0	0.0	0.0	0.0	0.0	0.0
infection_study_04	Myeloid_lineage	9	Mast Cell	10	564	0.4958530399616149	0.4958530399616149	0.0017730496453900709	0.16368794326241137	0.0	0.16368794326241137	0.0	0.0	0.0	0.0035460992907801418	0.0007092198581560283	0.0017730496453900709	0.0	0.0017730496453900709	0.904034558533643	0.3599290780141844	0.12234042553191489	0.0	0.0	CD3D;MS4A1;LST1			0.0	0.0	0.0	0.0	0.0	0.0
