study	lineage	cluster	candidate_label	rank_within_cluster	n_cells	marker_pct	marker_decision_score	marker_base_score	negative_marker_penalty	confound_marker_penalty	marker_penalty	marker_discriminative_score	marker_gate_score	key_marker_bonus	marker_any_fraction	marker_mean_positive_fraction	key_marker_any_fraction	key_marker_two_fraction	key_marker_max_fraction	key_marker_enrichment	negative_marker_any_fraction	negative_marker_mean_positive_fraction	confound_marker_any_fraction	confound_marker_mean_positive_fraction	available_negative_markers	available_confound_markers	available_policy_required_markers	policy_required_any_fraction	policy_required_mean_positive_fraction	ref_fraction	raw_fraction	screfmapping_fraction	total_score
infection_study_04	T_NK_lineage	0	CD4 Naive / T Central Memory	1	1409	0.9370758790869833	0.950319375443577	1.0	0.03181547196593329	0.021770759403832503	0.05358623136976579	0.9464137686302342	0.9464137686302342	0.0	1.0	0.6369056068133429	0.950319375443577	0.6650106458481192	0.8346344925479063	2.0844902229926627	0.0745209368346345	0.01589779985805536	0.054648687012065295	0.03584102200141945	NKG7;GNLY;GZMB;PRF1;FOXP3	CD8A;CD8B		0.0	0.0	1.0	0.9425124201561391	0.943222143364088	4.620792760823279
infection_study_04	T_NK_lineage	0	CD8 Naive / T Central Memory	2	1409	0.9132908355610392	0.9339957416607523	1.0	0.030798438608942512	0.13797019162526614	0.16876863023420866	0.8312313697657914	0.8312313697657914	0.0	0.9992902767920511	0.5300843782036117	0.9339957416607523	0.5805535841022001	0.8346344925479063	1.5336153588919335	0.07026259758694109	0.018630234208658624	0.3066004258339248	0.3066004258339248	NKG7;GNLY;GZMB;PRF1	CD4		0.0	0.0	0.0411639460610362	0.009226401703335699	0.0	0.906320085166785
infection_study_04	T_NK_lineage	0	NKT Cell	3	1409	0.543548792469212	0.543548792469212	0.49325762952448543	0.01460610361958836	0.021770759403832503	0.036376863023420865	0.4568807665010646	0.4568807665010646	0.0	0.836763662171753	0.2093683463449255	0.49325762952448543	0.0063875088715401	0.48261178140525196	0.7286775579289606	0.029808374733853796	0.014904187366926898	0.054648687012065295	0.03584102200141945	MS4A1;LST1	CD8A;CD8B		0.0	0.0	0.0	0.0	0.0	0.4568807665010646
infection_study_04	T_NK_lineage	0	Treg	4	1409	0.7118262617954166	0.7118262617954166	0.19346096301826238	0.03349893541518808	0.39176721078779275	0.4252661462029808	0.0	0.0	0.0	0.7892122072391767	0.1332860184528034	0.0830376153300213	0.0028388928317956	0.05535841022001419	1.4416933907529643	0.0766501064584812	0.0198722498225692	0.9325762952448545	0.7466288147622427	NKG7;GNLY;GZMB;CD8A	CCR7;TCF7		0.0	0.0	0.021291696238467	0.016323633782824698	0.0120652945351313	0.06486870120652945
infection_study_04	T_NK_lineage	0	CD4 T Effector Memory	5	1409	0.6361299609294674	0.6361299609294674	0.31866572036905605	0.4898119233498936	0.023873314407381118	0.5136852377572747	0.0	0.0	0.0	0.9666430092264017	0.25037457613752856	0.31866572036905605	0.0035486160397444995	0.3066004258339248	0.4924490297618707	0.9751596877217885	0.5420511000709723	0.07026259758694109	0.018630234208658624	CCR7;TCF7;LEF1;FOXP3	NKG7;GNLY;GZMB;PRF1		0.0	0.0	0.015613910574875798	0.015613910574875798	0.0014194464158978	0.04229950319375444
infection_study_04	T_NK_lineage	0	CD8 Cytotoxic / T Effector Memory	6	1409	0.463122900815683	0.463122900815683	0.07097232079488999	0.4897764371894961	0.005056777856635912	0.494833215046132	0.0	0.0	0.0	0.7324343506032647	0.09845796503000193	0.07097232079488999	0.0021291696238466998	0.0411639460610362	0.12253156714875102	0.9744499645138396	0.5431156848828957	0.0134847409510291	0.006742370475514549	CCR7;TCF7;LEF1;MS4A1	KLRD1;FCGR3A		0.0	0.0	0.0014194464158978	0.0	0.0	0.00227111426543648
infection_study_04	T_NK_lineage	0	NK Cell	7	1409	0.16048621107226907	0.16048621107226907	0.0333569907735983	0.38060752306600426	0.021770759403832503	0.40237828246983676	0.0	0.0	0.0	0.10858765081618169	0.01499290276792051	0.0333569907735983	0.0014194464158978	0.0205819730305181	0.07214424130638492	0.8332150461320085	0.2908445706174592	0.054648687012065295	0.03584102200141945	CD3D;CD3E;TRAC;MS4A1;LST1	CD8A;CD8B		0.0	0.0	0.0	0.0	0.0	0.0
infection_study_04	T_NK_lineage	0	gdT Cell	8	1409	0.6459432906070784	0.6459432906070784	0.0191625266146203	0.01460610361958836	0.011550745209368345	0.026156848828956705	0.0	0.0	0.0	0.6962384669978708	0.15519280813815944	0.0191625266146203	0.0028388928317956	0.015613910574875798	0.08318267687995992	0.029808374733853796	0.014904187366926898	0.030518097941802696	0.01596877217885025	MS4A1;LST1	NKG7;GNLY		0.0	0.0	0.0	0.0	0.0	0.0
infection_study_04	T_NK_lineage	0	MAIT Cell	9	1409	0.828935042383531	0.828935042383531	0.0198722498225692	0.01460610361958836	0.0127750177430802	0.02738112136266856	0.0	0.0	0.0	0.9602555003548616	0.290378181080807	0.0198722498225692	0.0	0.0134847409510291	0.1558705784118227	0.029808374733853796	0.014904187366926898	0.0361958836053939	0.0127750177430802	MS4A1;LST1	NKG7;GNLY;GZMB		0.0	0.0	0.0	0.0	0.0	0.0
infection_study_04	T_NK_lineage	1	NK Cell	1	1362	0.9390294057166357	0.9948604992657856	1.0	0.06673127753303965	0.06696035242290749	0.13369162995594713	0.8663083700440528	0.8663083700440528	0.0	0.9992657856093979	0.8149779735682819	0.9948604992657856	0.8597650513950074	0.9478707782672541	1.6720463538818777	0.15418502202643172	0.03700440528634361	0.1762114537444934	0.09397944199706314	CD3D;CD3E;TRAC;MS4A1;LST1	CD8A;CD8B		0.0	0.0	1.0	0.9992657856093979	0.0	3.4655741556534507
infection_study_04	T_NK_lineage	1	NKT Cell	2	1362	0.8233943382000137	0.8233943382000137	0.8606038596151907	0.01079295154185022	0.06696035242290749	0.07775330396475771	0.782850555650433	0.782850555650433	0.0	0.9963289280469897	0.380952380952381	0.8127753303964758	0.1696035242290749	0.7577092511013216	1.1913141168748598	0.022026431718061675	0.011013215859030838	0.1762114537444934	0.09397944199706314	MS4A1;LST1	CD8A;CD8B		0.0	0.0	0.0	0.0	0.0	0.782850555650433
infection_study_04	T_NK_lineage	1	CD8 Cytotoxic / T Effector Memory	3	1362	0.8489158498412046	0.9904552129221733	1.0	0.023395741556534507	0.4102422907488986	0.43363803230543313	0.5663619676945668	0.5663619676945668	0.0	1.0	0.5339741022560406	0.9904552129221733	0.7525697503671072	0.9478707782672541	1.5139413554912895	0.053597650513950074	0.013766519823788546	0.9787077826725403	0.777533039647577	CCR7;TCF7;LEF1;MS4A1	KLRD1;FCGR3A		0.0	0.0	0.02569750367107195	0.0	0.0	0.6074779735682819
infection_study_04	T_NK_lineage	1	MAIT Cell	4	1362	0.5265382594191972	0.5462555066079295	0.7962555066079295	0.01079295154185022	0.43131424375917765	0.4421071953010279	0.35414831130690166	0.35414831130690166	0.0	0.604258443465492	0.09859450388084749	0.5462555066079295	0.002936857562408223	0.5418502202643172	2.9024887002060558	0.022026431718061675	0.011013215859030838	0.9992657856093979	0.8768967205090553	MS4A1;LST1	NKG7;GNLY;GZMB		0.0	0.0	0.0	0.0	0.0	0.35414831130690166
infection_study_04	T_NK_lineage	1	CD4 T Effector Memory	5	1362	0.5638780359631685	0.697503671071953	0.7125217995073727	0.021439060205580028	0.43568281938325987	0.4571218795888399	0.25539991991853284	0.25539991991853284	0.0	0.9390602055800293	0.21471691956273456	0.697503671071953	0.005139500734214391	0.6967694566813509	1.0600725137416789	0.04919236417033774	0.012481644640234948	0.9992657856093979	0.9060205580029368	CCR7;TCF7;LEF1;FOXP3	NKG7;GNLY;GZMB;PRF1		0.0	0.0	0.0	0.0	0.0007342143906020558	0.2562809771872553
infection_study_04	T_NK_lineage	1	gdT Cell	6	1362	0.576181826490278	0.576181826490278	0.6350610030421731	0.01079295154185022	0.4248348017621145	0.43562775330396475	0.1994332497382083	0.1994332497382083	0.0	0.5499265785609398	0.1290993636808615	0.5124816446402349	0.1328928046989721	0.315712187958884	1.4903174336077525	0.022026431718061675	0.011013215859030838	0.9897209985315712	0.8527900146842878	MS4A1;LST1	NKG7;GNLY		0.0	0.0	0.0	0.0	0.0	0.1994332497382083
infection_study_04	T_NK_lineage	1	CD4 Naive / T Central Memory	7	1362	0.09749354536522951	0.09749354536522951	0.04552129221732746	0.5	0.06696035242290749	0.5669603524229074	0.0	0.0	0.0	0.3274596182085169	0.04162995594713657	0.04552129221732746	0.0014684287812041115	0.042584434654919234	0.12051573023972331	0.9992657856093979	0.7249632892804698	0.1762114537444934	0.09397944199706314	NKG7;GNLY;GZMB;PRF1;FOXP3	CD8A;CD8B		0.0	0.0	0.002936857562408223	0.0	0.0	0.004698972099853157
infection_study_04	T_NK_lineage	1	Treg	8	1362	0.46556195306966436	0.46556195306966436	0.005139500734214391	0.5	0.016850220264317182	0.5168502202643172	0.0	0.0	0.0	0.5066079295154186	0.0657856093979442	0.005139500734214391	0.0	0.002936857562408223	0.23459885628403007	1.0	0.6993392070484581	0.044787077826725405	0.02276064610866373	NKG7;GNLY;GZMB;CD8A	CCR7;TCF7		0.0	0.0	0.0007342143906020558	0.0007342143906020558	0.0	0.001908957415565345
infection_study_04	T_NK_lineage	1	CD8 Naive / T Central Memory	9	1362	0.12075307880366486	0.20190895741556533	0.20190895741556533	0.5	0.0006607929515418502	0.5006607929515419	0.0	0.0	0.0	0.394273127753304	0.06069505628976995	0.20190895741556533	0.010279001468428781	0.16666666666666666	0.34426726460391127	0.9992657856093979	0.9060205580029368	0.0014684287812041115	0.0014684287812041115	NKG7;GNLY;GZMB;PRF1	CD4		0.0	0.0	0.0	0.0	0.0	0.0
infection_study_04	T_NK_lineage	10	CD8 Cytotoxic / T Effector Memory	1	878	0.6843797838554162	0.7528473804100227	0.7914425574388946	0.25239749430523917	0.08824031890660591	0.34063781321184505	0.4508047442270495	0.4508047442270495	0.0	0.9851936218678815	0.3557672395941189	0.7528473804100227	0.29043280182232345	0.5523917995444191	1.1543807081154875	0.5615034168564921	0.17739179954441917	0.23120728929384965	0.12585421412300685	CCR7;TCF7;LEF1;MS4A1	KLRD1;FCGR3A		0.0	0.0	0.8462414578587699	0.4863325740318907	0.0	2.291123650832972
infection_study_04	T_NK_lineage	10	CD4 Naive / T Central Memory	2	878	0.7472753444375899	0.7472753444375899	0.561894501931619	0.25831890660592255	0.24140091116173118	0.49971981776765373	0.06217468416396532	0.06217468416396532	0.0	0.9669703872437357	0.3062642369020501	0.5227790432801822	0.06150341685649203	0.47380410022779046	1.1564618346057474	0.5774487471526196	0.17676537585421415	0.5990888382687927	0.41116173120728927	NKG7;GNLY;GZMB;PRF1;FOXP3	CD8A;CD8B		0.0	0.0	0.5592255125284739	0.05922551252847381	0.03189066059225513	1.0544298094487037
infection_study_04	T_NK_lineage	10	CD4 T Effector Memory	3	878	0.8683254506820206	0.8712984054669703	0.9514169102319063	0.24005125284738044	0.20637813211845105	0.4464293849658315	0.5049875252660748	0.5049875252660748	0.0	0.989749430523918	0.36421159200202485	0.8712984054669703	0.1856492027334852	0.8473804100227791	1.3204740190597437	0.5375854214123007	0.1625854214123007	0.5774487471526196	0.22095671981776768	CCR7;TCF7;LEF1;FOXP3	NKG7;GNLY;GZMB;PRF1		0.0	0.0	0.07403189066059225	0.03986332574031891	0.2357630979498861	0.9462175936032047
infection_study_04	T_NK_lineage	10	CD8 Naive / T Central Memory	4	878	0.7879852400210204	0.7879852400210204	0.8110762815639713	0.26804100227790434	0.021526195899772206	0.28956719817767657	0.5215090833862948	0.5215090833862948	0.0	0.9817767653758542	0.3796507213363705	0.7517084282460137	0.3086560364464693	0.5523917995444191	1.2374714132718303	0.5774487471526196	0.22095671981776768	0.04783599088838269	0.04783599088838269	NKG7;GNLY;GZMB;PRF1	CD4		0.0	0.0	0.17425968109339407	0.012528473804100227	0.0	0.8128530469398255
infection_study_04	T_NK_lineage	10	NKT Cell	5	878	0.659023922133114	0.659023922133114	0.6241457858769932	0.03764236902050114	0.24140091116173118	0.27904328018223234	0.34510250569476086	0.34510250569476086	0.0	0.9111617312072893	0.3036121054344289	0.6241457858769932	0.1674259681093394	0.4988610478359909	0.9181933377948056	0.07630979498861047	0.03929384965831435	0.5990888382687927	0.41116173120728927	MS4A1;LST1	CD8A;CD8B		0.0	0.0	0.0	0.0	0.0	0.34510250569476086
infection_study_04	T_NK_lineage	10	gdT Cell	6	878	0.754106975575205	0.754106975575205	0.39710288602525073	0.03764236902050114	0.17400341685649204	0.21164578587699318	0.18545710014825756	0.18545710014825756	0.0	0.8029612756264237	0.23557327258921792	0.3735763097949886	0.11275626423690205	0.25854214123006836	1.0941063049210484	0.07630979498861047	0.03929384965831435	0.44533029612756264	0.26936218678815493	MS4A1;LST1	NKG7;GNLY		0.0	0.0	0.04214123006833713	0.015945330296127564	0.0	0.26882839855372453
infection_study_04	T_NK_lineage	10	NK Cell	7	878	0.40094706057074964	0.5091116173120729	0.5091116173120729	0.3814760820045558	0.24140091116173118	0.6	0.0	0.0	0.0	0.6742596810933941	0.17468678815489752	0.5091116173120729	0.16970387243735763	0.2835990888382688	0.8637802835503795	0.8325740318906606	0.2958997722095672	0.5990888382687927	0.41116173120728927	CD3D;CD3E;TRAC;MS4A1;LST1	CD8A;CD8B		0.0	0.0	0.07289293849658314	0.0683371298405467	0.0	0.18496583143507972
infection_study_04	T_NK_lineage	10	MAIT Cell	8	878	0.8147119976237804	0.8147119976237804	0.1082004555808656	0.03764236902050114	0.1708997722095672	0.20854214123006834	0.0	0.0	0.0	0.9191343963553531	0.2600065082980801	0.1082004555808656	0.0	0.10592255125284739	0.6167588142628189	0.07630979498861047	0.03929384965831435	0.46697038724373574	0.2053910402429765	MS4A1;LST1	NKG7;GNLY;GZMB		0.0	0.0	0.0888382687927107	0.03530751708428246	0.0	0.17744874715261957
infection_study_04	T_NK_lineage	10	Treg	9	878	0.7210569607238331	0.7210569607238331	0.02050113895216401	0.3533826879271071	0.1875	0.5408826879271071	0.0	0.0	0.0	0.7995444191343963	0.13109339407744874	0.02050113895216401	0.0	0.014806378132118452	0.4726399132414499	0.7608200455580866	0.29214123006833714	0.4908883826879271	0.2682232346241458	NKG7;GNLY;GZMB;CD8A	CCR7;TCF7		0.0	0.0	0.06378132118451026	0.05922551252847381	0.0	0.16127562642369023
infection_study_04	T_NK_lineage	11	NK Cell	1	847	0.95476043594489	1.0	1.0	0.18204486422668242	0.0614521841794569	0.24349704840613934	0.7565029515938606	0.7565029515938606	0.0	1.0	0.8550767414403778	1.0	0.8949232585596222	0.9811097992916175	1.6805982707595892	0.41440377804014167	0.11168831168831168	0.15938606847697756	0.09090909090909091	CD3D;CD3E;TRAC;MS4A1;LST1	CD8A;CD8B		0.0	0.0	0.9905548996458088	0.9704840613931524	0.0	3.311874852420307
infection_study_04	T_NK_lineage	11	CD8 Cytotoxic / T Effector Memory	2	847	0.9129481115909247	0.9976387249114522	1.0	0.044238488783943326	0.4171487603305785	0.46138724911452184	0.5386127508854781	0.5386127508854781	0.0	1.0	0.6168294515401953	0.9976387249114522	0.7674144037780402	0.9811097992916175	1.5248118229922498	0.10035419126328217	0.027744982290436836	0.9881936245572609	0.8046044864226682	CCR7;TCF7;LEF1;MS4A1	KLRD1;FCGR3A		0.0	0.0	0.3282172373081464	0.010625737898465172	0.0	1.0743860684769775
infection_study_04	T_NK_lineage	11	NKT Cell	3	847	0.8623849018667032	0.8623849018667032	0.8245512502019656	0.007650531286894923	0.0614521841794569	0.06910271546635183	0.7554485347356138	0.7554485347356138	0.0	1.0	0.42384887839433294	0.7863046044864227	0.14757969303423848	0.7414403778040142	1.152986582862172	0.015348288075560802	0.008264462809917356	0.15938606847697756	0.09090909090909091	MS4A1;LST1	CD8A;CD8B		0.0	0.0	0.0	0.0	0.0	0.7554485347356138
infection_study_04	T_NK_lineage	11	CD4 T Effector Memory	4	847	0.6726529120113327	0.9846517119244392	1.0	0.04115702479338843	0.4353896103896104	0.47654663518299883	0.5234533648170012	0.5234533648170012	0.0	0.9929161747343566	0.26065853338580613	0.9846517119244392	0.014167650531286895	0.9846517119244392	1.4903144445309486	0.09327036599763873	0.025974025974025972	1.0	0.9025974025974026	CCR7;TCF7;LEF1;FOXP3	NKG7;GNLY;GZMB;PRF1		0.0	0.0	0.0	0.0	0.0	0.5234533648170012
infection_study_04	T_NK_lineage	11	gdT Cell	5	847	0.6683003175908789	0.6683003175908789	0.7906514378751295	0.007650531286894923	0.42812868949232585	0.43577922077922077	0.3548722170959087	0.3548722170959087	0.0	0.730814639905549	0.2113341204250295	0.6033057851239669	0.18890200708382526	0.43211334120425027	1.7493826110046504	0.015348288075560802	0.008264462809917356	0.9964580873671782	0.8612750885478158	MS4A1;LST1	NKG7;GNLY		0.0	0.0	0.0011806375442739079	0.0011806375442739079	0.0	0.3579418747110209
infection_study_04	T_NK_lineage	11	CD4 Naive / T Central Memory	6	847	0.09749354536522951	0.09749354536522951	0.0755608028335301	0.5	0.0614521841794569	0.5614521841794569	0.0	0.0	0.0	0.4982290436835891	0.07685950413223139	0.0755608028335301	0.0023612750885478157	0.06729634002361275	0.1857201484615628	1.0	0.7220779220779221	0.15938606847697756	0.09090909090909091	NKG7;GNLY;GZMB;PRF1;FOXP3	CD8A;CD8B		0.0	0.0	0.03423848878394333	0.0	0.0	0.05478158205430933
infection_study_04	T_NK_lineage	11	Treg	7	847	0.5716293097539242	0.5716293097539242	0.0023612750885478157	0.5	0.027095631641086186	0.5270956316410862	0.0	0.0	0.0	0.654073199527745	0.10129870129870129	0.0023612750885478157	0.0	0.0011806375442739079	0.19154799414434404	0.9988193624557261	0.6927390791027155	0.07201889020070838	0.03659976387249114	NKG7;GNLY;GZMB;CD8A	CCR7;TCF7		0.0	0.0	0.0023612750885478157	0.0023612750885478157	0.0	0.006139315230224322
infection_study_04	T_NK_lineage	11	CD8 Naive / T Central Memory	8	847	0.2586537802453904	0.2586537802453904	0.19480519480519481	0.5	0.002125147579693034	0.5021251475796931	0.0	0.0	0.0	0.5312868949232585	0.1002230093139184	0.19480519480519481	0.02243211334120425	0.14403778040141677	0.3327264927927799	1.0	0.9025974025974026	0.004722550177095631	0.004722550177095631	NKG7;GNLY;GZMB;PRF1	CD4		0.0	0.0	0.0011806375442739079	0.0	0.0	0.0018890200708382527
infection_study_04	T_NK_lineage	11	MAIT Cell	9	847	0.5156282130372198	0.5156282130372198	0.38881757339938	0.007650531286894923	0.43099173553719006	0.43864226682408497	0.0	0.0	0.0	0.5548996458087367	0.1092933040984989	0.2715466351829988	0.0	0.2715466351829988	1.4690837528655247	0.015348288075560802	0.008264462809917356	0.9988193624557261	0.8756395120031484	MS4A1;LST1	NKG7;GNLY;GZMB		0.0	0.0	0.0	0.0	0.0	0.0
infection_study_04	T_NK_lineage	12	NK Cell	1	757	0.778486073982681	0.778486073982681	1.0	0.31065785997357986	0.1629788639365918	0.47363672391017164	0.5263632760898284	0.5263632760898284	0.0	0.8309114927344782	0.5034676354029062	0.7159841479524438	0.49273447820343463	0.583883751651255	1.2080076273740108	0.665785997357992	0.2620871862615588	0.3963011889035667	0.2939233817701453	CD3D;CD3E;TRAC;MS4A1;LST1	CD8A;CD8B		0.0	0.0	0.9484808454425363	0.8731836195508587	0.0	2.917116248348745
infection_study_04	T_NK_lineage	12	CD8 Cytotoxic / T Effector Memory	2	757	0.7986610916900861	0.7986610916900861	1.0	0.12455085865257597	0.22945838837516513	0.3540092470277411	0.6459907529722588	0.6459907529722588	0.0	0.9762219286657859	0.4903326528161403	0.7859973579920739	0.5336856010568032	0.583883751651255	1.2045449946790885	0.27212681638044917	0.09610303830911493	0.5627476882430648	0.4042272126816381	CCR7;TCF7;LEF1;MS4A1	KLRD1;FCGR3A		0.0	0.0	0.25891677675033026	0.05680317040951123	0.0	1.1170607661822984
infection_study_04	T_NK_lineage	12	NKT Cell	3	757	0.770512029611351	0.7965653896961691	0.8385262383718024	0.016829590488771466	0.1629788639365918	0.17980845442536328	0.6587177839464391	0.6587177839464391	0.0	0.9709379128137384	0.39498018494055476	0.7965653896961691	0.21796565389696168	0.4953764861294584	1.1678433947025335	0.034346103038309116	0.017173051519154558	0.3963011889035667	0.2939233817701453	MS4A1;LST1	CD8A;CD8B		0.0	0.0	0.0	0.0	0.0	0.6587177839464391
infection_study_04	T_NK_lineage	12	CD4 Naive / T Central Memory	4	757	0.5158224232869514	0.5158224232869514	0.2760898282694848	0.4134266842800528	0.1629788639365918	0.5764055482166446	0.0	0.0	0.0	0.8110964332892999	0.21677675033025104	0.2760898282694848	0.06737120211360634	0.178335535006605	0.620992833399756	0.8071334214002642	0.48507265521796566	0.3963011889035667	0.2939233817701453	NKG7;GNLY;GZMB;PRF1;FOXP3	CD8A;CD8B		0.0	0.0	0.23381770145310435	0.0	0.13474240422721268	0.5357992073976222
infection_study_04	T_NK_lineage	12	CD4 T Effector Memory	5	757	0.6691571275161652	0.7424042272126816	0.7742412950270254	0.12203434610303832	0.3316545574636724	0.4536889035667107	0.3205523914603147	0.3205523914603147	0.0	0.9616908850726552	0.29282254513430206	0.7424042272126816	0.07926023778071334	0.6446499339498019	1.127348271257375	0.2668428005284016	0.09379128137384413	0.8031704095112285	0.6046895640686922	CCR7;TCF7;LEF1;FOXP3	NKG7;GNLY;GZMB;PRF1		0.0	0.0	0.001321003963011889	0.0	0.031704095112285335	0.3607109119358762
infection_study_04	T_NK_lineage	12	Treg	6	757	0.7107638174880618	0.7107638174880618	0.22011978090108814	0.42000000000000004	0.07995376486129457	0.4999537648612946	0.0	0.0	0.0	0.7635402906208718	0.14174372523117568	0.08850726552179657	0.015852047556142668	0.071334214002642	1.5264500615171663	0.8031704095112285	0.5217965653896962	0.20607661822985468	0.12087186261558784	NKG7;GNLY;GZMB;CD8A	CCR7;TCF7		0.0	0.0	0.11889035667107001	0.11889035667107001	0.023778071334214	0.3376486129458388
infection_study_04	T_NK_lineage	12	gdT Cell	7	757	0.7308017456074212	0.7308017456074212	0.4473478066248881	0.016829590488771466	0.2901915455746367	0.3070211360634082	0.1403266705614799	0.1403266705614799	0.0	0.7714663143989432	0.22567151034786437	0.40290620871862615	0.11096433289299867	0.19418758256274768	1.1777663916250478	0.034346103038309116	0.017173051519154558	0.6974900924702774	0.5396301188903567	MS4A1;LST1	NKG7;GNLY		0.0	0.0	0.005284015852047556	0.0	0.0	0.148781095924756
infection_study_04	T_NK_lineage	12	CD8 Naive / T Central Memory	8	757	0.636552653825942	0.636552653825942	0.5151915455746368	0.43823645970937913	0.052906208718626155	0.4911426684280053	0.024048877146631453	0.024048877146631453	0.0	0.8309114927344782	0.2733010421253486	0.5151915455746368	0.08982826948480846	0.37384412153236457	0.8532261165039352	0.8031704095112285	0.6046895640686922	0.11756935270805813	0.11756935270805813	NKG7;GNLY;GZMB;PRF1	CD4		0.0	0.0	0.011889035667107	0.0	0.0	0.04307133421400265
infection_study_04	T_NK_lineage	12	MAIT Cell	9	757	0.6306806498046473	0.6306806498046473	0.130779392338177	0.016829590488771466	0.3103698811096433	0.3271994715984148	0.0	0.0	0.0	0.726552179656539	0.178335535006605	0.130779392338177	0.002642007926023778	0.1215323645970938	0.7345735738872216	0.034346103038309116	0.017173051519154558	0.7490092470277411	0.5711140466754734	MS4A1;LST1	NKG7;GNLY;GZMB		0.0	0.0	0.0	0.0	0.0	0.0
infection_study_04	T_NK_lineage	13	CD8 Cytotoxic / T Effector Memory	1	751	0.7909155299654991	0.9347536617842876	1.0	0.4167310252996005	0.28112516644474034	0.6	0.4	0.4	0.0	1.0	0.5699067909454061	0.9347536617842876	0.6178428761651131	0.7336884154460719	1.4296508437887752	0.8748335552596538	0.38315579227696406	0.6990679094540613	0.4760319573901465	CCR7;TCF7;LEF1;MS4A1	KLRD1;FCGR3A		0.0	0.0	0.948069241011984	0.3209054593874834	0.0	2.2378162450066577
infection_study_04	T_NK_lineage	13	CD4 Naive / T Central Memory	2	751	0.8544108574953733	0.8544108574953733	1.0	0.4705193075898802	0.20812250332889481	0.6	0.4	0.4	0.0	0.9973368841544608	0.5384820239680426	0.833555259653795	0.38881491344873503	0.6724367509986684	1.8310394815164126	0.9414114513981359	0.5126498002663117	0.5139813581890812	0.35952063914780297	NKG7;GNLY;GZMB;PRF1;FOXP3	CD8A;CD8B		0.0	0.0	0.5858854860186418	0.05725699067909454	0.005326231691078562	1.4010652463382156
infection_study_04	T_NK_lineage	13	NK Cell	3	751	0.760001827861174	0.8801597869507324	1.0	0.4238135818908122	0.20812250332889481	0.6	0.4	0.4	0.0	0.9653794940079894	0.5456058588548602	0.8801597869507324	0.5685752330226365	0.7336884154460719	1.4811891075733912	0.9054593874833555	0.36245006657789614	0.5139813581890812	0.35952063914780297	CD3D;CD3E;TRAC;MS4A1;LST1	CD8A;CD8B		0.0	0.0	0.31025299600532624	0.2929427430093209	0.0	1.1893475366178428
infection_study_04	T_NK_lineage	13	NKT Cell	4	751	0.8449745241848882	0.848202396804261	0.9088548290897829	0.019573901464713713	0.20812250332889481	0.22769640479360853	0.6811584242961743	0.6811584242961743	0.0	0.9933422103861518	0.49438843446832786	0.848202396804261	0.355525965379494	0.640479360852197	1.2426097291420874	0.03994673768308921	0.019973368841544607	0.5139813581890812	0.35952063914780297	MS4A1;LST1	CD8A;CD8B		0.0	0.0	0.0	0.0	0.0	0.6811584242961743
infection_study_04	T_NK_lineage	13	CD8 Naive / T Central Memory	5	751	0.8752027783489844	0.8752027783489844	1.0	0.49820239680426104	0.10905459387483356	0.6	0.4	0.4	0.0	0.9973368841544608	0.5351383340730878	0.8655126498002663	0.49533954727030627	0.6724367509986684	1.4223577367792775	0.9414114513981359	0.6384820239680427	0.24234354194407456	0.24234354194407456	NKG7;GNLY;GZMB;PRF1	CD4		0.0	0.0	0.0985352862849534	0.013315579227696404	0.0	0.5709720372836219
infection_study_04	T_NK_lineage	13	CD4 T Effector Memory	6	751	0.8773733634930427	0.8773733634930427	0.9452942502621996	0.41788282290279627	0.37819573901464715	0.6	0.3452942502621996	0.3452942502621996	0.0	0.9973368841544608	0.43157271785767126	0.8668442077230359	0.21837549933422104	0.8135818908122503	1.3138001701566546	0.8788282290279628	0.381491344873502	0.9414114513981359	0.6384820239680427	CCR7;TCF7;LEF1;FOXP3	NKG7;GNLY;GZMB;PRF1		0.0	0.0	0.013315579227696404	0.006657789613848202	0.022636484687083888	0.40042074826486274
infection_study_04	T_NK_lineage	13	gdT Cell	7	751	0.8023168140379738	0.8023168140379738	0.6079760375866761	0.019573901464713713	0.3458388814913449	0.3654127829560586	0.24256325463061745	0.24256325463061745	0.0	0.8854860186418109	0.3095872170439414	0.4966711051930759	0.14647137150466044	0.2769640479360852	1.4452197295744007	0.03994673768308921	0.019973368841544607	0.8415446071904128	0.622503328894807	MS4A1;LST1	NKG7;GNLY		0.0	0.0	0.02529960053262317	0.0039946737683089215	0.0	0.28703728925112343
infection_study_04	T_NK_lineage	13	Treg	8	751	0.8023739346996596	0.8023739346996596	0.11323706552121265	0.48948735019973366	0.3117842876165113	0.6	0.0	0.0	0.0	0.9121171770972037	0.1913448735019973	0.06657789613848203	0.006657789613848202	0.0426098535286285	1.1866366775309225	0.9560585885486018	0.5735685752330226	0.7789613848202397	0.5206391478029294	NKG7;GNLY;GZMB;CD8A	CCR7;TCF7		0.0	0.0	0.085219707057257	0.085219707057257	0.0013315579227696406	0.2231691078561918
infection_study_04	T_NK_lineage	13	MAIT Cell	9	751	0.8490072428999017	0.8490072428999017	0.3798220666200563	0.019573901464713713	0.3559920106524634	0.3755659121171771	0.004256154502879195	0.004256154502879195	0.0	0.9773635153129161	0.3429712763933802	0.26764314247669774	0.002663115845539281	0.2663115845539281	1.4487156965734342	0.03994673768308921	0.019973368841544607	0.8828229027962716	0.6076342654238793	MS4A1;LST1	NKG7;GNLY;GZMB		0.0	0.0	0.010652463382157125	0.007989347536617843	0.0	0.029289443450948437
infection_study_04	T_NK_lineage	14	CD4 Naive / T Central Memory	1	740	0.9097722028011972	0.9202702702702703	1.0	0.03870810810810811	0.3233108108108108	0.3620189189189189	0.6379810810810811	0.6379810810810811	0.0	0.9986486486486487	0.5820270270270271	0.9202702702702703	0.55	0.8243243243243243	2.019264978615495	0.0891891891891892	0.021891891891891894	0.7783783783783784	0.5986486486486486	NKG7;GNLY;GZMB;PRF1;FOXP3	CD8A;CD8B		0.0	0.0	1.0	0.43648648648648647	0.3932432432432432	3.1463594594594597
infection_study_04	T_NK_lineage	14	CD8 Naive / T Central Memory	2	740	0.9619919117143053	0.9621621621621622	1.0	0.039324324324324325	0.011554054054054054	0.05087837837837838	0.9491216216216216	0.9491216216216216	0.0	1.0	0.6543543543543544	0.9621621621621622	0.75	0.8243243243243243	1.5793745219682163	0.08783783783783784	0.02702702702702703	0.025675675675675677	0.025675675675675677	NKG7;GNLY;GZMB;PRF1	CD4		0.0	0.0	0.7932432432432432	0.45675675675675675	0.0	2.6750675675675675
infection_study_04	T_NK_lineage	14	NKT Cell	3	740	0.5778840222085133	0.5778840222085133	0.5324324324324324	0.023837837837837838	0.3233108108108108	0.34714864864864864	0.1852837837837838	0.1852837837837838	0.0	0.8959459459459459	0.23725868725868732	0.5324324324324324	0.010810810810810811	0.5216216216216216	0.7853995985710138	0.04864864864864865	0.024324324324324326	0.7783783783783784	0.5986486486486486	MS4A1;LST1	CD8A;CD8B		0.0	0.0	0.0	0.0	0.0	0.1852837837837838
infection_study_04	T_NK_lineage	14	CD8 Cytotoxic / T Effector Memory	4	740	0.6035254872392442	0.6418918918918919	0.6418918918918919	0.48429054054054055	0.008716216216216216	0.49300675675675676	0.14888513513513513	0.14888513513513513	0.0	0.9486486486486486	0.2167076167076167	0.6418918918918919	0.02702702702702703	0.6324324324324324	0.9864770373497631	0.9675675675675676	0.5300675675675676	0.022972972972972974	0.012162162162162163	CCR7;TCF7;LEF1;MS4A1	KLRD1;FCGR3A		0.0	0.0	0.012162162162162163	0.004054054054054054	0.0	0.17239864864864865
infection_study_04	T_NK_lineage	14	gdT Cell	5	740	0.6762400895651975	0.6762400895651975	0.052702702702702706	0.023837837837837838	0.013986486486486488	0.037824324324324324	0.014878378378378382	0.014878378378378382	0.0	0.7621621621621621	0.1792792792792793	0.052702702702702706	0.014864864864864866	0.03648648648648649	0.1788520839550383	0.04864864864864865	0.024324324324324326	0.03648648648648649	0.02027027027027027	MS4A1;LST1	NKG7;GNLY		0.0	0.0	0.002702702702702703	0.0013513513513513514	0.0	0.02055405405405406
infection_study_04	T_NK_lineage	14	CD4 T Effector Memory	6	740	0.6247286768569926	0.6247286768569926	0.08513513513513514	0.48377027027027025	0.030405405405405407	0.5141756756756757	0.0	0.0	0.0	0.9743243243243244	0.2358858858858859	0.08513513513513514	0.002702702702702703	0.05405405405405406	0.14254363047340368	0.9675675675675676	0.5277027027027027	0.08783783783783784	0.02702702702702703	CCR7;TCF7;LEF1;FOXP3	NKG7;GNLY;GZMB;PRF1		0.0	0.0	0.0013513513513513514	0.0013513513513513514	0.004054054054054054	0.008378378378378378
infection_study_04	T_NK_lineage	14	NK Cell	7	740	0.16048621107226907	0.16048621107226907	0.0445945945945946	0.41106486486486493	0.3233108108108108	0.6	0.0	0.0	0.0	0.12297297297297298	0.02027027027027027	0.0445945945945946	0.005405405405405406	0.025675675675675677	0.09084314977078861	0.8905405405405405	0.33027027027027034	0.7783783783783784	0.5986486486486486	CD3D;CD3E;TRAC;MS4A1;LST1	CD8A;CD8B		0.0	0.0	0.002702702702702703	0.002702702702702703	0.0	0.007027027027027027
infection_study_04	T_NK_lineage	14	Treg	8	740	0.6409052482463957	0.6409052482463957	0.013513513513513514	0.28387837837837837	0.38493243243243247	0.6	0.0	0.0	0.0	0.7675675675675676	0.11040540540540542	0.013513513513513514	0.0	0.006756756756756757	0.36436098351796814	0.6472972972972973	0.17229729729729729	0.918918918918919	0.7283783783783784	NKG7;GNLY;GZMB;CD8A	CCR7;TCF7		0.0	0.0	0.0013513513513513514	0.0	0.0	0.002162162162162162
infection_study_04	T_NK_lineage	14	MAIT Cell	9	740	0.837982955194553	0.837982955194553	0.00945945945945946	0.023837837837837838	0.016216216216216217	0.04005405405405406	0.0	0.0	0.0	0.977027027027027	0.29266409266409266	0.00945945945945946	0.0	0.006756756756756757	0.10153762169047403	0.04864864864864865	0.024324324324324326	0.0445945945945946	0.01891891891891892	MS4A1;LST1	NKG7;GNLY;GZMB		0.0	0.0	0.0	0.0	0.0	0.0
infection_study_04	T_NK_lineage	15	NK Cell	1	736	0.8994333630360773	0.9619565217391305	1.0	0.22662500000000002	0.13277853260869565	0.3594035326086957	0.6405964673913043	0.6405964673913043	0.0	1.0	0.7269021739130435	0.9619565217391305	0.7880434782608695	0.8342391304347826	1.617295494740879	0.501358695652174	0.1641304347826087	0.34646739130434784	0.1922554347826087	CD3D;CD3E;TRAC;MS4A1;LST1	CD8A;CD8B		0.0	0.0	0.8817934782608695	0.7445652173913043	0.0	2.79603125
infection_study_04	T_NK_lineage	15	CD8 Cytotoxic / T Effector Memory	2	736	0.8700961911942788	0.9497282608695652	1.0	0.038797554347826085	0.3715353260869565	0.41033288043478255	0.5896671195652174	0.5896671195652174	0.0	1.0	0.5729990118577074	0.9497282608695652	0.6603260869565217	0.8342391304347826	1.4523111933419413	0.08695652173913043	0.026154891304347828	0.8872282608695652	0.7024456521739131	CCR7;TCF7;LEF1;MS4A1	KLRD1;FCGR3A		0.0	0.0	0.4076086956521739	0.15353260869565216	0.0	1.3953736413043478
infection_study_04	T_NK_lineage	15	NKT Cell	3	736	0.8538967715402015	0.8538967715402015	0.8158164612229148	0.007323369565217392	0.13277853260869565	0.14010190217391305	0.6757145590490018	0.6757145590490018	0.0	0.9891304347826086	0.4241071428571429	0.779891304347826	0.28940217391304346	0.6385869565217391	1.1437006275003554	0.014945652173913044	0.007472826086956522	0.34646739130434784	0.1922554347826087	MS4A1;LST1	CD8A;CD8B		0.0	0.0	0.0	0.0	0.0	0.6757145590490018
infection_study_04	T_NK_lineage	15	gdT Cell	4	736	0.7544382754129824	0.7544382754129824	0.8371260039183632	0.007323369565217392	0.3888586956521739	0.3961820652173913	0.4409439387009719	0.4409439387009719	0.0	0.7649456521739131	0.2667572463768116	0.6304347826086957	0.26766304347826086	0.389945652173913	1.82676488523867	0.014945652173913044	0.007472826086956522	0.9279891304347826	0.7364130434782609	MS4A1;LST1	NKG7;GNLY		0.0	0.0	0.020380434782608696	0.002717391304347826	0.0	0.47627002565749366
infection_study_04	T_NK_lineage	15	CD4 T Effector Memory	5	736	0.6409966413050929	0.8192934782608695	0.879931874241777	0.03761548913043478	0.423046875	0.46066236413043476	0.4192695101113422	0.4192695101113422	0.0	0.9483695652173914	0.2513586956521739	0.8192934782608695	0.028532608695652172	0.8152173913043478	1.2425535839236301	0.08423913043478261	0.02547554347826087	0.9972826086956522	0.8257472826086957	CCR7;TCF7;LEF1;FOXP3	NKG7;GNLY;GZMB;PRF1		0.0	0.0	0.0	0.0	0.0	0.4192695101113422
infection_study_04	T_NK_lineage	15	CD4 Naive / T Central Memory	6	736	0.3147805424178034	0.3147805424178034	0.08831521739130435	0.5	0.13277853260869565	0.6	0.0	0.0	0.0	0.6480978260869565	0.11725543478260869	0.08831521739130435	0.012228260869565218	0.04891304347826087	0.2134051594334546	0.9972826086956522	0.6605978260869565	0.34646739130434784	0.1922554347826087	NKG7;GNLY;GZMB;PRF1;FOXP3	CD8A;CD8B		0.0	0.0	0.19701086956521738	0.002717391304347826	0.0	0.3179347826086957
infection_study_04	T_NK_lineage	15	Treg	7	736	0.6519980807457673	0.6519980807457673	0.010869565217391304	0.5	0.024864130434782607	0.5248641304347826	0.0	0.0	0.0	0.6684782608695652	0.12065217391304348	0.010869565217391304	0.0	0.008152173913043478	0.32339085793498823	0.9864130434782609	0.6698369565217391	0.06521739130434782	0.03532608695652174	NKG7;GNLY;GZMB;CD8A	CCR7;TCF7		0.0	0.0	0.010869565217391304	0.010869565217391304	0.0	0.02826086956521739
infection_study_04	T_NK_lineage	15	CD8 Naive / T Central Memory	8	736	0.41715790435716404	0.41715790435716404	0.375	0.5	0.01345108695652174	0.5134510869565218	0.0	0.0	0.0	0.7255434782608695	0.16002415458937203	0.375	0.028532608695652172	0.33559782608695654	0.6254709498314495	0.9972826086956522	0.8257472826086957	0.029891304347826088	0.029891304347826088	NKG7;GNLY;GZMB;PRF1	CD4		0.0	0.0	0.001358695652173913	0.0	0.0	0.002173913043478261
infection_study_04	T_NK_lineage	15	MAIT Cell	9	736	0.5706525464390979	0.5706525464390979	0.2452313998014186	0.007323369565217392	0.41025815217391304	0.41758152173913043	0.0	0.0	0.0	0.6372282608695652	0.13548136645962733	0.20923913043478262	0.0	0.20652173913043478	1.1439690774665439	0.014945652173913044	0.007472826086956522	0.9769021739130435	0.78125	MS4A1;LST1	NKG7;GNLY;GZMB		0.0	0.0	0.0	0.0	0.0	0.0
infection_study_04	T_NK_lineage	16	CD4 Naive / T Central Memory	1	731	0.9400690017593164	0.9400690017593164	1.0	0.032322845417236665	0.015697674418604653	0.04802051983584132	0.9519794801641587	0.9519794801641587	0.0	1.0	0.6284541723666212	0.9288645690834473	0.573187414500684	0.8426812585499316	2.0379199514377087	0.07523939808481532	0.016963064295485636	0.03967168262653899	0.0253077975376197	NKG7;GNLY;GZMB;PRF1;FOXP3	CD8A;CD8B		0.0	0.0	1.0	0.4993160054719562	0.9261285909712722	4.162649794801641
infection_study_04	T_NK_lineage	16	CD4 T Effector Memory	2	731	0.8039733132268604	0.8039733132268604	0.44459644322845415	0.46030095759233924	0.025290697674418605	0.48559165526675785	0.0	0.0	0.0	0.9945280437756497	0.3397172822617419	0.44459644322845415	0.006839945280437756	0.4186046511627907	0.6811345495650497	0.9507523939808481	0.45006839945280436	0.07387140902872777	0.020861833105335157	CCR7;TCF7;LEF1;FOXP3	NKG7;GNLY;GZMB;PRF1		0.0	0.0	0.38303693570451436	0.38303693570451436	0.023255813953488372	1.0238030095759234
infection_study_04	T_NK_lineage	16	CD8 Naive / T Central Memory	3	731	0.8916992254438275	0.8946648426812586	1.0	0.03266073871409029	0.18837209302325583	0.2210328317373461	0.7789671682626539	0.7789671682626539	0.0	0.9986320109439124	0.504483964128287	0.8946648426812586	0.3693570451436389	0.8426812585499316	1.4697183855349756	0.07387140902872777	0.020861833105335157	0.4186046511627907	0.4186046511627907	NKG7;GNLY;GZMB;PRF1	CD4		0.0	0.0	0.005471956224350205	0.0	0.0	0.7877222982216142
infection_study_04	T_NK_lineage	16	NKT Cell	4	731	0.6024059222702036	0.6024059222702036	0.5800273597811217	0.018768809849521204	0.015697674418604653	0.03446648426812586	0.5455608755129959	0.5455608755129959	0.0	0.9192886456908345	0.2556185264803596	0.5800273597811217	0.01094391244870041	0.5759233926128591	0.85431331869289	0.038303693570451436	0.019151846785225718	0.03967168262653899	0.0253077975376197	MS4A1;LST1	CD8A;CD8B		0.0	0.0	0.0	0.0	0.0	0.5455608755129959
infection_study_04	T_NK_lineage	16	Treg	5	731	0.814757694153129	0.814757694153129	0.3826949384404925	0.029979480164158686	0.36155950752393984	0.3915389876880985	0.0	0.0	0.0	0.8946648426812586	0.17770177838577292	0.1326949384404925	0.0027359781121751026	0.09849521203830369	2.21117393125162	0.06839945280437756	0.018125854993160054	0.893296853625171	0.6238030095759234	NKG7;GNLY;GZMB;CD8A	CCR7;TCF7		0.0	0.0	0.057455540355677154	0.057455540355677154	0.01094391244870041	0.1625170998632011
infection_study_04	T_NK_lineage	16	MAIT Cell	6	731	0.8943267758813718	0.8943267758813718	0.12859097127222982	0.018768809849521204	0.0140218878248974	0.032790697674418605	0.09580027359781121	0.09580027359781121	0.0	0.9849521203830369	0.3404338479577878	0.12859097127222982	0.0013679890560875513	0.12175102599179206	0.7231545994415777	0.038303693570451436	0.019151846785225718	0.03967168262653899	0.014135886912904697	MS4A1;LST1	NKG7;GNLY;GZMB		0.0	0.0	0.0027359781121751026	0.0013679890560875513	0.0	0.10154582763337892
infection_study_04	T_NK_lineage	16	CD8 Cytotoxic / T Effector Memory	7	731	0.49042657710146914	0.49042657710146914	0.060191518467852256	0.4606771545827633	0.0036935704514363885	0.4643707250341997	0.0	0.0	0.0	0.8084815321477428	0.11540853127720435	0.060191518467852256	0.0027359781121751026	0.030095759233926128	0.10621749103873046	0.9507523939808481	0.4517783857729138	0.009575923392612859	0.005471956224350205	CCR7;TCF7;LEF1;MS4A1	KLRD1;FCGR3A		0.0	0.0	0.0027359781121751026	0.0	0.0	0.004377564979480164
infection_study_04	T_NK_lineage	16	NK Cell	8	731	0.16048621107226907	0.16048621107226907	0.03283173734610123	0.4283994528043776	0.015697674418604653	0.4440971272229822	0.0	0.0	0.0	0.10533515731874145	0.01487688098495212	0.03283173734610123	0.0013679890560875513	0.024623803009575923	0.07127024130444222	0.920656634746922	0.3570451436388509	0.03967168262653899	0.0253077975376197	CD3D;CD3E;TRAC;MS4A1;LST1	CD8A;CD8B		0.0	0.0	0.0013679890560875513	0.0	0.0	0.002188782489740082
infection_study_04	T_NK_lineage	16	gdT Cell	9	731	0.6832316585555327	0.6832316585555327	0.028727770177838577	0.018768809849521204	0.011901504787961696	0.0306703146374829	0.0	0.0	0.0	0.786593707250342	0.18490652074783406	0.028727770177838577	0.0027359781121751026	0.015047879616963064	0.11046640901716116	0.038303693570451436	0.019151846785225718	0.03146374829001368	0.016415868673050615	MS4A1;LST1	NKG7;GNLY		0.0	0.0	0.0	0.0	0.0	0.0
infection_study_04	T_NK_lineage	17	CD4 Naive / T Central Memory	1	685	0.9338085772385587	0.9693430656934306	1.0	0.02798248175182482	0.02594890510948905	0.05393138686131387	0.9460686131386862	0.9460686131386862	0.0	1.0	0.6418978102189781	0.9693430656934306	0.6861313868613139	0.8788321167883212	2.125783460789457	0.06569343065693431	0.013722627737226278	0.06569343065693431	0.041605839416058395	NKG7;GNLY;GZMB;PRF1;FOXP3	CD8A;CD8B		0.0	0.0	1.0	0.9051094890510949	0.9474452554744526	4.588112408759124
infection_study_04	T_NK_lineage	17	CD8 Naive / T Central Memory	2	685	0.9141133730893138	0.945985401459854	1.0	0.02802189781021898	0.15503649635036498	0.18305839416058395	0.8169416058394161	0.8169416058394161	0.0	1.0	0.5432278994322791	0.945985401459854	0.5941605839416059	0.8788321167883212	1.5530937586392064	0.06423357664233577	0.016423357664233577	0.3445255474452555	0.3445255474452555	NKG7;GNLY;GZMB;PRF1	CD4		0.0	0.0	0.08467153284671533	0.013138686131386862	0.0	0.9655547445255475
infection_study_04	T_NK_lineage	17	NKT Cell	3	685	0.5959398633673773	0.5959398633673773	0.5766423357664233	0.012875912408759125	0.02594890510948905	0.03882481751824818	0.5378175182481751	0.5378175182481751	0.0	0.9065693430656935	0.2535974973931178	0.5766423357664233	0.0072992700729927005	0.5678832116788322	0.8494120695356899	0.026277372262773723	0.01313868613138686	0.06569343065693431	0.041605839416058395	MS4A1;LST1	CD8A;CD8B		0.0	0.0	0.0	0.0	0.0	0.5378175182481751
infection_study_04	T_NK_lineage	17	Treg	4	685	0.7610299997715173	0.7610299997715173	0.0364963503649635	0.04151824817518248	0.3965693430656934	0.4380875912408759	0.0	0.0	0.0	0.8569343065693431	0.15167883211678831	0.0364963503649635	0.00145985401459854	0.027737226277372264	0.7204987012782105	0.0948905109489051	0.024817518248175182	0.9430656934306569	0.7576642335766424	NKG7;GNLY;GZMB;CD8A	CCR7;TCF7		0.0	0.0	0.026277372262773723	0.026277372262773723	0.00583941605839416	0.07532846715328467
infection_study_04	T_NK_lineage	17	CD4 T Effector Memory	5	685	0.7109694518701305	0.7109694518701305	0.35912408759124087	0.48905839416058394	0.021733576642335765	0.5107919708029197	0.0	0.0	0.0	0.9824817518248176	0.29083536090835366	0.35912408759124087	0.00145985401459854	0.3445255474452555	0.5530689315330145	0.9795620437956204	0.5310218978102189	0.06423357664233577	0.016423357664233577	CCR7;TCF7;LEF1;FOXP3	NKG7;GNLY;GZMB;PRF1		0.0	0.0	0.017518248175182483	0.017518248175182483	0.00291970802919708	0.049051094890510946
infection_study_04	T_NK_lineage	17	gdT Cell	6	685	0.6872986496675577	0.6872986496675577	0.03795620437956204	0.012875912408759125	0.013686131386861313	0.026562043795620438	0.011394160583941604	0.011394160583941604	0.0	0.7868613138686131	0.18759124087591242	0.03795620437956204	0.008759124087591242	0.027737226277372264	0.13678943206843147	0.026277372262773723	0.01313868613138686	0.0364963503649635	0.018248175182481754	MS4A1;LST1	NKG7;GNLY		0.0	0.0	0.0	0.0	0.0	0.011394160583941604
infection_study_04	T_NK_lineage	17	MAIT Cell	7	685	0.8538967715402015	0.8538967715402015	0.032116788321167884	0.012875912408759125	0.014817518248175184	0.02769343065693431	0.004423357664233574	0.004423357664233574	0.0	0.9751824817518249	0.3046923879040667	0.032116788321167884	0.0	0.030656934306569343	0.2197614239121989	0.026277372262773723	0.01313868613138686	0.042335766423357665	0.014111922141119221	MS4A1;LST1	NKG7;GNLY;GZMB		0.0	0.0	0.0	0.0	0.0	0.004423357664233574
infection_study_04	T_NK_lineage	17	CD8 Cytotoxic / T Effector Memory	8	685	0.49299700687732767	0.49299700687732767	0.0905109489051095	0.4892992700729927	0.005036496350364963	0.49433576642335764	0.0	0.0	0.0	0.8072992700729927	0.11386861313868614	0.0905109489051095	0.00291970802919708	0.05693430656934306	0.15209844504948822	0.9795620437956204	0.5321167883211678	0.013138686131386862	0.0072992700729927005	CCR7;TCF7;LEF1;MS4A1	KLRD1;FCGR3A		0.0	0.0	0.00145985401459854	0.00145985401459854	0.0	0.003795620437956204
infection_study_04	T_NK_lineage	17	NK Cell	9	685	0.16048621107226907	0.16048621107226907	0.042335766423357665	0.4185459854014599	0.02594890510948905	0.4444948905109489	0.0	0.0	0.0	0.08321167883211679	0.012043795620437957	0.042335766423357665	0.00145985401459854	0.032116788321167884	0.08708455301977491	0.8992700729927007	0.34919708029197083	0.06569343065693431	0.041605839416058395	CD3D;CD3E;TRAC;MS4A1;LST1	CD8A;CD8B		0.0	0.0	0.0	0.0	0.0	0.0
infection_study_04	T_NK_lineage	18	CD8 Cytotoxic / T Effector Memory	1	680	0.8355610391390773	0.9323529411764706	1.0	0.05877941176470588	0.24882352941176472	0.3076029411764706	0.6923970588235294	0.6923970588235294	0.0	1.0	0.554144385026738	0.9323529411764706	0.5367647058823529	0.736764705882353	1.4260179473190386	0.1338235294117647	0.03602941176470588	0.6205882352941177	0.4176470588235294	CCR7;TCF7;LEF1;MS4A1	KLRD1;FCGR3A		0.0	0.0	0.9176470588235294	0.47794117647058826	0.0	2.6385735294117647
infection_study_04	T_NK_lineage	18	NK Cell	2	680	0.7895103616880298	0.8926470588235295	1.0	0.3533705882352941	0.1588235294117647	0.5121941176470588	0.4878058823529412	0.4878058823529412	0.0	0.986764705882353	0.5496323529411765	0.8926470588235295	0.5014705882352941	0.736764705882353	1.5019674120446067	0.7838235294117647	0.25235294117647056	0.4117647058823529	0.23529411764705882	CD3D;CD3E;TRAC;MS4A1;LST1	CD8A;CD8B		0.0	0.0	0.4294117647058823	0.25735294117647056	0.0	1.4322176470588235
infection_study_04	T_NK_lineage	18	gdT Cell	3	680	0.8649039230470446	0.8649039230470446	0.7975846030742944	0.010808823529411765	0.3474264705882353	0.35823529411764704	0.4393493089566473	0.4393493089566473	0.0	0.8676470588235294	0.33823529411764713	0.6073529411764705	0.28823529411764703	0.4	1.7609266475912955	0.022058823529411766	0.011029411764705883	0.8573529411764705	0.6014705882352942	MS4A1;LST1	NKG7;GNLY		0.0	0.0	0.13823529411764707	0.047058823529411764	0.0	0.7075846030742944
infection_study_04	T_NK_lineage	18	NKT Cell	4	680	0.7969760321703567	0.7969760321703567	0.775105091078935	0.010808823529411765	0.1588235294117647	0.16963235294117646	0.6054727381377585	0.6054727381377585	0.0	0.9735294117647059	0.4042016806722689	0.75	0.25588235294117645	0.5205882352941177	1.1004203643157402	0.022058823529411766	0.011029411764705883	0.4117647058823529	0.23529411764705882	MS4A1;LST1	CD8A;CD8B		0.0	0.0	0.0	0.0	0.0	0.6054727381377585
infection_study_04	T_NK_lineage	18	CD4 T Effector Memory	5	680	0.7780862293508808	0.9235294117647059	1.0	0.05325735294117647	0.390110294117647	0.4433676470588235	0.5566323529411765	0.5566323529411765	0.0	0.9911764705882353	0.31552287581699345	0.9235294117647059	0.07058823529411765	0.9176470588235294	1.3987331948141364	0.12205882352941176	0.03125	0.9705882352941176	0.6595588235294119	CCR7;TCF7;LEF1;FOXP3	NKG7;GNLY;GZMB;PRF1		0.0	0.0	0.0029411764705882353	0.0	0.020588235294117647	0.5860441176470589
infection_study_04	T_NK_lineage	18	CD4 Naive / T Central Memory	6	680	0.5447083419014326	0.5447083419014326	0.15441176470588236	0.4849058823529412	0.1588235294117647	0.6	0.0	0.0	0.0	0.8514705882352941	0.17102941176470587	0.15441176470588236	0.0058823529411764705	0.08676470588235294	0.3568757694970801	0.9705882352941176	0.5276470588235295	0.4117647058823529	0.23529411764705882	NKG7;GNLY;GZMB;PRF1;FOXP3	CD8A;CD8B		0.0	0.0	0.25882352941176473	0.0014705882352941176	0.0014705882352941176	0.41735294117647065
infection_study_04	T_NK_lineage	18	Treg	7	680	0.7327666963694108	0.7327666963694108	0.010294117647058823	0.49355147058823534	0.03595588235294117	0.5295073529411765	0.0	0.0	0.0	0.7852941176470588	0.1263235294117647	0.010294117647058823	0.0	0.007352941176470588	0.314473830602222	0.9691176470588235	0.5694852941176471	0.09558823529411764	0.04852941176470588	NKG7;GNLY;GZMB;CD8A	CCR7;TCF7		0.0	0.0	0.022058823529411766	0.022058823529411766	0.0	0.05735294117647059
infection_study_04	T_NK_lineage	18	MAIT Cell	8	680	0.6951641647816849	0.6951641647816849	0.14411764705882352	0.010808823529411765	0.3751470588235294	0.38595588235294115	0.0	0.0	0.0	0.825	0.20021008403361343	0.14411764705882352	0.0	0.1426470588235294	0.8041713273426921	0.022058823529411766	0.011029411764705883	0.9367647058823529	0.627450980392157	MS4A1;LST1	NKG7;GNLY;GZMB		0.0	0.0	0.011764705882352941	0.007352941176470588	0.0	0.026176470588235294
infection_study_04	T_NK_lineage	18	CD8 Naive / T Central Memory	9	680	0.6167489204194941	0.6167489204194941	0.43676470588235294	0.5	0.028455882352941178	0.5284558823529412	0.0	0.0	0.0	0.8955882352941177	0.22549019607843135	0.43676470588235294	0.05588235294117647	0.39558823529411763	0.7258138829594896	0.9705882352941176	0.6595588235294119	0.06323529411764706	0.06323529411764706	NKG7;GNLY;GZMB;PRF1	CD4		0.0	0.0	0.0	0.0	0.0	0.0
infection_study_04	T_NK_lineage	19	NK Cell	1	593	0.8052642401809582	0.9898819561551433	1.0	0.10841821247892075	0.05577571669477234	0.16419392917369308	0.8358060708263069	0.8358060708263069	0.0	0.9983136593591906	0.5723018549747049	0.9898819561551433	0.7706576728499157	0.9477234401349073	1.6637622638396528	0.24957841483979765	0.06172006745362564	0.1467116357504216	0.07841483979763912	CD3D;CD3E;TRAC;MS4A1;LST1	CD8A;CD8B		0.0	0.0	0.9780775716694773	0.927487352445194	0.0	3.3282175379426646
infection_study_04	T_NK_lineage	19	CD8 Cytotoxic / T Effector Memory	2	593	0.7181666552425343	0.984822934232715	1.0	0.2370151770657673	0.29772344013490726	0.5347386172006745	0.4652613827993255	0.4652613827993255	0.0	0.9932546374367622	0.3777403035413153	0.984822934232715	0.5666104553119731	0.9477234401349073	1.505418295664636	0.5295109612141653	0.1627318718381113	0.7504215851602024	0.4839797639123103	CCR7;TCF7;LEF1;MS4A1	KLRD1;FCGR3A		0.0	0.0	0.12310286677908938	0.016863406408094434	0.0	0.6790893760539629
infection_study_04	T_NK_lineage	19	NKT Cell	3	593	0.8075490666483881	0.8075490666483881	0.6087689713322091	0.023962900505902194	0.05577571669477234	0.07973861720067453	0.5290303541315345	0.5290303541315345	0.0	0.9949409780775716	0.3473861720067454	0.6087689713322091	0.10118043844856661	0.5430016863406408	0.8959289169219281	0.048903878583473864	0.024451939291736932	0.1467116357504216	0.07841483979763912	MS4A1;LST1	CD8A;CD8B		0.0	0.0	0.0	0.0	0.0	0.5290303541315345
infection_study_04	T_NK_lineage	19	gdT Cell	4	593	0.6384147873968972	0.6384147873968972	0.7653440454461506	0.023962900505902194	0.40674536256323773	0.43070826306913995	0.3346357823770107	0.3346357823770107	0.0	0.6711635750421585	0.1697582911748173	0.5885328836424958	0.19561551433389546	0.37099494097807756	1.7072446472146192	0.048903878583473864	0.024451939291736932	0.9831365935919055	0.7453625632377741	MS4A1;LST1	NKG7;GNLY		0.0	0.0	0.025295109612141653	0.0	0.0	0.37510795775643735
infection_study_04	T_NK_lineage	19	CD4 Naive / T Central Memory	5	593	0.6380606392944456	0.6380606392944456	0.4994391390337787	0.49435413153457	0.05577571669477234	0.5501298482293423	0.0	0.0	0.0	0.9139966273187183	0.22445193929173696	0.4822934232715008	0.06239460370994941	0.448566610455312	1.0685828630491114	0.9898819561551433	0.5372681281618887	0.1467116357504216	0.07841483979763912	NKG7;GNLY;GZMB;PRF1;FOXP3	CD8A;CD8B		0.0	0.0	0.21416526138279932	0.003372681281618887	0.003372681281618887	0.3500843170320405
infection_study_04	T_NK_lineage	19	MAIT Cell	6	593	0.6336280759476318	0.6336280759476318	0.6817032040472175	0.023962900505902194	0.39266441821247894	0.41662731871838116	0.26507588532883636	0.26507588532883636	0.0	0.715008431703204	0.15490243314863886	0.4317032040472175	0.026981450252951095	0.40978077571669475	2.304765603867521	0.048903878583473864	0.024451939291736932	0.984822934232715	0.6481169196177629	MS4A1;LST1	NKG7;GNLY;GZMB		0.0	0.0	0.006745362563237774	0.003372681281618887	0.0	0.2792411467116357
infection_study_04	T_NK_lineage	19	CD8 Naive / T Central Memory	7	593	0.642618868096968	0.642618868096968	0.5598650927487352	0.5	0.0037942664418212477	0.5037942664418212	0.05607082630691396	0.05607082630691396	0.0	0.9089376053962901	0.24039722690650178	0.5598650927487352	0.11129848229342328	0.448566610455312	0.9258027554216584	0.9898819561551433	0.6711635750421585	0.008431703204047217	0.008431703204047217	NKG7;GNLY;GZMB;PRF1	CD4		0.0	0.0	0.003372681281618887	0.0	0.0	0.061467116357504174
infection_study_04	T_NK_lineage	19	Treg	8	593	0.51871272876825	0.51871272876825	0.01517706576728499	0.4893254637436762	0.18465430016863404	0.6	0.0	0.0	0.0	0.5649241146711635	0.078752107925801	0.01517706576728499	0.0	0.01011804384485666	0.39013907639929596	0.9865092748735245	0.5202360876897133	0.4806070826306914	0.26981450252951095	NKG7;GNLY;GZMB;CD8A	CCR7;TCF7		0.0	0.0	0.02023608768971332	0.02023608768971332	0.0	0.05261382799325463
infection_study_04	T_NK_lineage	19	CD4 T Effector Memory	9	593	0.5897365595083054	0.5897365595083054	0.5834738617200674	0.23453625632377742	0.39763912310286675	0.6	0.0	0.0	0.0	0.9190556492411467	0.23440134907251264	0.5834738617200674	0.07082630691399663	0.5059021922428331	0.8892184650863691	0.524451939291737	0.16020236087689713	0.9898819561551433	0.6711635750421585	CCR7;TCF7;LEF1;FOXP3	NKG7;GNLY;GZMB;PRF1		0.0	0.0	0.00505902192242833	0.003372681281618887	0.008431703204047217	0.021585160202360877
infection_study_04	T_NK_lineage	2	NK Cell	1	1353	0.8665204377727511	0.9726533628972653	1.0	0.05901552106430155	0.05593126385809313	0.11494678492239468	0.8850532150776054	0.8850532150776054	0.0	0.9977827050997783	0.6457871396895787	0.9726533628972653	0.6829268292682927	0.8972653362897265	1.6350945964764745	0.1367331855136733	0.03207686622320769	0.14781966001478197	0.07723577235772358	CD3D;CD3E;TRAC;MS4A1;LST1	CD8A;CD8B		0.0	0.0	0.9866962305986696	0.925351071692535	0.0	3.389118255728012
infection_study_04	T_NK_lineage	2	CD8 Cytotoxic / T Effector Memory	2	1353	0.7792400667169328	0.959349593495935	1.0	0.04160014781966002	0.3409090909090909	0.3825092387287509	0.617490761271249	0.617490761271249	0.0	0.9977827050997783	0.43163340724316335	0.959349593495935	0.5890613451589062	0.8972653362897265	1.4668706990248128	0.09460458240946046	0.025683665927568367	0.8492239467849224	0.5742793791574279	CCR7;TCF7;LEF1;MS4A1	KLRD1;FCGR3A		0.0	0.0	0.17516629711751663	0.005173688100517369	0.0	0.902930524759793
infection_study_04	T_NK_lineage	2	NKT Cell	3	1353	0.7467726826147554	0.7467726826147554	0.6459719142645972	0.010864745011086476	0.05593126385809313	0.06679600886917961	0.5791759053954176	0.5791759053954176	0.0	0.9807834441980784	0.3032414739731813	0.6459719142645972	0.09608277900960828	0.5868440502586844	0.9497958590472916	0.022172949002217297	0.011086474501108647	0.14781966001478197	0.07723577235772358	MS4A1;LST1	CD8A;CD8B		0.0	0.0	0.0	0.0	0.0	0.5791759053954176
infection_study_04	T_NK_lineage	2	MAIT Cell	4	1353	0.2505197980213403	0.3917220990391722	0.6417220990391722	0.010864745011086476	0.4087213599408721	0.4195861049519586	0.22213599408721363	0.22213599408721363	0.0	0.4781966001478197	0.07940027452222574	0.3917220990391722	0.0029563932002956393	0.38802660753880264	2.0961479737873283	0.022172949002217297	0.011086474501108647	0.9903917220990391	0.7440256220744025	MS4A1;LST1	NKG7;GNLY;GZMB		0.0	0.0	0.0	0.0	0.0	0.22213599408721363
infection_study_04	T_NK_lineage	2	CD4 Naive / T Central Memory	5	1353	0.09749354536522951	0.09749354536522951	0.07982261640798226	0.5	0.05593126385809313	0.5559312638580931	0.0	0.0	0.0	0.31263858093126384	0.04804138950480414	0.07982261640798226	0.005173688100517369	0.0672579453067258	0.19497093414321115	0.9955654101995566	0.6242424242424243	0.14781966001478197	0.07723577235772358	NKG7;GNLY;GZMB;PRF1;FOXP3	CD8A;CD8B		0.0	0.0	0.1367331855136733	0.0	0.0	0.2187730968218773
infection_study_04	T_NK_lineage	2	CD4 T Effector Memory	6	1353	0.46490506546027827	0.5809312638580931	0.5809312638580931	0.03802291204730229	0.41571507760532145	0.45373798965262374	0.1271932742054694	0.1271932742054694	0.0	0.8455284552845529	0.16654348361665433	0.5809312638580931	0.0066518847006651885	0.5728011825572801	0.8854088196849629	0.08647450110864745	0.02346637102734664	0.9955654101995566	0.7803030303030303	CCR7;TCF7;LEF1;FOXP3	NKG7;GNLY;GZMB;PRF1		0.0	0.0	0.0	0.0	0.0029563932002956393	0.13074094604582415
infection_study_04	T_NK_lineage	2	gdT Cell	7	1353	0.27888591861448125	0.29785661492978566	0.29785661492978566	0.010864745011086476	0.3980044345898004	0.40886917960088687	0.0	0.0	0.0	0.36289726533628974	0.07538802660753881	0.29785661492978566	0.04951958610495196	0.1736881005173688	0.8781247819667367	0.022172949002217297	0.011086474501108647	0.9556541019955654	0.7420546932742054	MS4A1;LST1	NKG7;GNLY		0.0	0.0	0.013303769401330377	0.0007390983000739098	0.0	0.022025129342202514
infection_study_04	T_NK_lineage	2	Treg	8	1353	0.230333356181598	0.230333356181598	0.0022172949002217295	0.5	0.027328159645232816	0.5273281596452328	0.0	0.0	0.0	0.37915742793791574	0.045971914264597194	0.0022172949002217295	0.0	0.0014781966001478197	0.18931690422256586	0.9903917220990391	0.5927568366592757	0.07243163340724317	0.037324464153732445	NKG7;GNLY;GZMB;CD8A	CCR7;TCF7		0.0	0.0	0.008130081300813009	0.008130081300813009	0.0	0.021138211382113824
infection_study_04	T_NK_lineage	2	CD8 Naive / T Central Memory	9	1353	0.12075307880366486	0.19807834441980784	0.19807834441980784	0.5	0.004988913525498891	0.5049889135254989	0.0	0.0	0.0	0.3762010347376201	0.06216637923954998	0.19807834441980784	0.015521064301552107	0.13895048041389504	0.3380440512301629	0.9955654101995566	0.7803030303030303	0.011086474501108648	0.011086474501108648	NKG7;GNLY;GZMB;PRF1	CD4		0.0	0.0	0.0	0.0	0.0	0.0
infection_study_04	T_NK_lineage	20	CD8 Cytotoxic / T Effector Memory	1	567	0.821577901158407	0.9382716049382716	1.0	0.06157848324514991	0.3208994708994709	0.3824779541446208	0.6175220458553792	0.6175220458553792	0.0	1.0	0.5521885521885521	0.9382716049382716	0.5767195767195767	0.8624338624338624	1.4349743800733503	0.13932980599647266	0.039241622574955906	0.7918871252204586	0.5555555555555556	CCR7;TCF7;LEF1;MS4A1	KLRD1;FCGR3A		0.0	0.0	0.7707231040564374	0.38271604938271603	0.0	2.233395061728395
infection_study_04	T_NK_lineage	20	NK Cell	2	567	0.8192702264263029	0.9453262786596119	1.0	0.37819400352733684	0.07804232804232804	0.45623633156966487	0.5437636684303351	0.5437636684303351	0.0	0.9982363315696648	0.6100088183421517	0.9453262786596119	0.6807760141093474	0.8624338624338624	1.5896234573530073	0.8412698412698413	0.2659611992945326	0.20458553791887124	0.1111111111111111	CD3D;CD3E;TRAC;MS4A1;LST1	CD8A;CD8B		0.0	0.0	0.7019400352733686	0.38095238095238093	0.0	2.0478201058201058
infection_study_04	T_NK_lineage	20	gdT Cell	3	567	0.9795964996458519	0.9795964996458519	1.0	0.006913580246913581	0.38306878306878306	0.38998236331569663	0.6100176366843033	0.6100176366843033	0.0	0.9858906525573192	0.5605526161081716	0.9488536155202821	0.746031746031746	0.8112874779541446	2.7350171516009243	0.014109347442680775	0.007054673721340388	0.9223985890652557	0.7089947089947091	MS4A1;LST1	NKG7;GNLY		0.0	0.0	0.4656084656084656	0.15696649029982362	0.0	1.511957671957672
infection_study_04	T_NK_lineage	20	NKT Cell	4	567	0.8675257614184203	0.8675257614184203	0.8753920064055515	0.006913580246913581	0.07804232804232804	0.08495590828924161	0.7904360981163099	0.7904360981163099	0.0	0.9894179894179894	0.46485260770975056	0.8236331569664903	0.4074074074074074	0.6384479717813051	1.2070353977562447	0.014109347442680775	0.007054673721340388	0.20458553791887124	0.1111111111111111	MS4A1;LST1	CD8A;CD8B		0.0	0.0	0.0	0.0	0.0	0.7904360981163099
infection_study_04	T_NK_lineage	20	CD4 T Effector Memory	5	567	0.8445632554207508	0.8677248677248677	0.9465047896342963	0.06081128747795414	0.40039682539682536	0.4612081128747795	0.4852966767595168	0.4852966767595168	0.0	0.9911816578483245	0.35488928081520676	0.8677248677248677	0.024691358024691357	0.8589065255731922	1.3151196876377145	0.13756613756613756	0.03880070546737213	0.9805996472663139	0.7081128747795415	CCR7;TCF7;LEF1;FOXP3	NKG7;GNLY;GZMB;PRF1		0.0	0.0	0.005291005291005291	0.001763668430335097	0.01763668430335097	0.5166899748194815
infection_study_04	T_NK_lineage	20	MAIT Cell	6	567	0.7663650695729659	0.7663650695729659	0.48649590566082845	0.006913580246913581	0.38747795414462083	0.3943915343915344	0.09210437126929405	0.09210437126929405	0.0	0.8888888888888888	0.25195263290501385	0.31393298059964725	0.003527336860670194	0.31393298059964725	1.6902517002447248	0.014109347442680775	0.007054673721340388	0.9594356261022927	0.6643151087595532	MS4A1;LST1	NKG7;GNLY;GZMB		0.0	0.0	0.16225749559082892	0.02821869488536155	0.0	0.3799350590999819
infection_study_04	T_NK_lineage	20	CD4 Naive / T Central Memory	7	567	0.5706354102405923	0.5706354102405923	0.13580246913580246	0.4972557319223986	0.07804232804232804	0.5752980599647266	0.0	0.0	0.0	0.8959435626102292	0.19382716049382714	0.13580246913580246	0.003527336860670194	0.10052910052910052	0.31648202584831275	0.9805996472663139	0.5664902998236332	0.20458553791887124	0.1111111111111111	NKG7;GNLY;GZMB;PRF1;FOXP3	CD8A;CD8B		0.0	0.0	0.19929453262786595	0.0	0.0	0.31887125220458556
infection_study_04	T_NK_lineage	20	Treg	8	567	0.7400552928005119	0.7400552928005119	0.003527336860670194	0.48736331569664904	0.03928571428571428	0.5266490299823633	0.0	0.0	0.0	0.8342151675485009	0.126984126984127	0.003527336860670194	0.0	0.003527336860670194	0.2096170680787451	0.9647266313932981	0.548941798941799	0.10405643738977072	0.053791887125220456	NKG7;GNLY;GZMB;CD8A	CCR7;TCF7		0.0	0.0	0.01763668430335097	0.01763668430335097	0.0	0.04585537918871252
infection_study_04	T_NK_lineage	20	CD8 Naive / T Central Memory	9	567	0.6186624625859666	0.6186624625859666	0.2821869488536155	0.5	0.014285714285714284	0.5142857142857142	0.0	0.0	0.0	0.9118165784832452	0.2292768959435626	0.2821869488536155	0.026455026455026454	0.20282186948853614	0.4746868790333092	0.9805996472663139	0.7081128747795415	0.031746031746031744	0.031746031746031744	NKG7;GNLY;GZMB;PRF1	CD4		0.0	0.0	0.001763668430335097	0.0	0.0	0.0028218694885361554
infection_study_04	T_NK_lineage	21	Treg	1	484	0.9599355678936186	0.9599355678936186	1.0	0.04765495867768595	0.15061983471074378	0.19827479338842974	0.8017252066115703	0.8017252066115703	0.8	0.9710743801652892	0.30743801652892566	0.5867768595041323	0.20867768595041322	0.40289256198347106	9.247541986641986	0.10537190082644628	0.03460743801652892	0.384297520661157	0.23553719008264462	NKG7;GNLY;GZMB;CD8A	CCR7;TCF7		0.0	0.0	0.9194214876033058	0.9008264462809917	0.6838842975206612	3.9942871900826447
infection_study_04	T_NK_lineage	21	CD4 Naive / T Central Memory	2	484	0.7978271300294743	0.7978271300294743	0.6223734266600478	0.1582396694214876	0.015960743801652893	0.17420041322314048	0.4481730134369073	0.4481730134369073	0.0	0.993801652892562	0.40123966942148764	0.5619834710743802	0.20454545454545456	0.32644628099173556	1.2415598223426707	0.365702479338843	0.08760330578512396	0.04132231404958678	0.023760330578512397	NKG7;GNLY;GZMB;PRF1;FOXP3	CD8A;CD8B		0.0	0.0	0.9958677685950413	0.05371900826446281	0.21487603305785125	2.353131691122858
infection_study_04	T_NK_lineage	21	NKT Cell	3	484	0.6233063723810177	0.6233063723810177	0.5743801652892562	0.014173553719008265	0.015960743801652893	0.030134297520661157	0.5442458677685951	0.5442458677685951	0.0	0.8987603305785123	0.25088547815820544	0.5743801652892562	0.014462809917355372	0.5619834710743802	0.8461366241927576	0.028925619834710745	0.014462809917355372	0.04132231404958678	0.023760330578512397	MS4A1;LST1	CD8A;CD8B		0.0	0.0	0.0	0.0	0.0	0.5442458677685951
infection_study_04	T_NK_lineage	21	CD8 Naive / T Central Memory	4	484	0.703418100395275	0.703418100395275	0.3987603305785124	0.07361570247933885	0.146900826446281	0.22051652892561985	0.17824380165289255	0.17824380165289255	0.0	0.9628099173553719	0.31657483930211205	0.3987603305785124	0.1012396694214876	0.2603305785123967	0.6640719797931414	0.16322314049586778	0.05268595041322314	0.32644628099173556	0.32644628099173556	NKG7;GNLY;GZMB;PRF1	CD4		0.0	0.0	0.0	0.0	0.0	0.17824380165289255
infection_study_04	T_NK_lineage	21	CD4 T Effector Memory	5	484	0.5493579637626522	0.5493579637626522	0.365702479338843	0.31550619834710747	0.0568698347107438	0.3723760330578513	0.0	0.0	0.0	0.9214876033057852	0.22176308539944903	0.365702479338843	0.010330578512396695	0.32644628099173556	0.5629255196489352	0.6714876033057852	0.2742768595041322	0.16322314049586778	0.05268595041322314	CCR7;TCF7;LEF1;FOXP3	NKG7;GNLY;GZMB;PRF1		0.0	0.0	0.028925619834710745	0.028925619834710745	0.008264462809917356	0.08512396694214877
infection_study_04	T_NK_lineage	21	MAIT Cell	6	484	0.6988313112619097	0.6988313112619097	0.06818181818181818	0.014173553719008265	0.029958677685950414	0.04413223140495868	0.024049586776859498	0.024049586776859498	0.0	0.859504132231405	0.21162927981109805	0.06818181818181818	0.0	0.06611570247933884	0.4079453437109701	0.028925619834710745	0.014462809917355372	0.08264462809917356	0.034435261707988975	MS4A1;LST1	NKG7;GNLY;GZMB		0.0	0.0	0.002066115702479339	0.002066115702479339	0.0	0.02942148760330578
infection_study_04	T_NK_lineage	21	CD8 Cytotoxic / T Effector Memory	7	484	0.49360248589119654	0.49360248589119654	0.09297520661157024	0.2730681818181818	0.014566115702479338	0.28763429752066116	0.0	0.0	0.0	0.7706611570247934	0.12340345604808416	0.09297520661157024	0.014462809917355372	0.05371900826446281	0.15582748919280587	0.5909090909090909	0.2205578512396694	0.0371900826446281	0.022727272727272728	CCR7;TCF7;LEF1;MS4A1	KLRD1;FCGR3A		0.0	0.0	0.008264462809917356	0.0	0.0	0.01322314049586777
infection_study_04	T_NK_lineage	21	gdT Cell	8	484	0.7025841387346631	0.7025841387346631	0.047520661157024795	0.014173553719008265	0.02680785123966942	0.040981404958677685	0.00653925619834711	0.00653925619834711	0.0	0.7293388429752066	0.16942148760330578	0.047520661157024795	0.008264462809917356	0.024793388429752067	0.164070919991812	0.028925619834710745	0.014462809917355372	0.07024793388429752	0.038223140495867766	MS4A1;LST1	NKG7;GNLY		0.0	0.0	0.0	0.0	0.0	0.00653925619834711
infection_study_04	T_NK_lineage	21	NK Cell	9	484	0.16048621107226907	0.16048621107226907	0.07644628099173553	0.411	0.015960743801652893	0.4269607438016529	0.0	0.0	0.0	0.1962809917355372	0.0387396694214876	0.07644628099173553	0.014462809917355372	0.05371900826446281	0.14384303994882008	0.8863636363636364	0.33719008264462813	0.04132231404958678	0.023760330578512397	CD3D;CD3E;TRAC;MS4A1;LST1	CD8A;CD8B		0.0	0.0	0.002066115702479339	0.002066115702479339	0.0	0.005371900826446282
infection_study_04	T_NK_lineage	22	CD4 Naive / T Central Memory	1	463	0.6556195306966436	0.6556195306966436	0.4406047516198704	0.3350064794816415	0.11922246220302374	0.4542289416846652	0.0	0.0	0.0	0.8855291576673866	0.27473002159827214	0.4406047516198704	0.13822894168466524	0.27213822894168466	0.9780925213050061	0.6997840172786177	0.3140388768898488	0.30669546436285094	0.1814254859611231	NKG7;GNLY;GZMB;PRF1;FOXP3	CD8A;CD8B		0.0	0.0	0.6220302375809935	0.0367170626349892	0.14254859611231102	1.2030237580993521
infection_study_04	T_NK_lineage	22	CD8 Cytotoxic / T Effector Memory	2	463	0.6585326844426166	0.6585326844426166	0.6528124271688408	0.18450323974082075	0.18110151187904966	0.3656047516198704	0.2872076755489704	0.2872076755489704	0.0	0.9200863930885529	0.3349695660710779	0.652267818574514	0.30885529157667385	0.46220302375809935	1.0021784343773072	0.39956803455723544	0.148488120950324	0.45788336933045354	0.2915766738660907	CCR7;TCF7;LEF1;MS4A1	KLRD1;FCGR3A		0.0	0.0	0.38444924406047515	0.04535637149028078	0.0	0.9476828375360116
infection_study_04	T_NK_lineage	22	NK Cell	3	463	0.6510156053647725	0.6510156053647725	0.6288317021100331	0.33420302375809935	0.11922246220302374	0.4534254859611231	0.17540621614891005	0.17540621614891005	0.0	0.8660907127429806	0.365280777537797	0.6177105831533477	0.2678185745140389	0.46220302375809935	1.044484475826742	0.7321814254859611	0.25442764578833693	0.30669546436285094	0.1814254859611231	CD3D;CD3E;TRAC;MS4A1;LST1	CD8A;CD8B		0.0	0.0	0.26997840172786175	0.22462203023758098	0.0	0.8319936891510699
infection_study_04	T_NK_lineage	22	CD4 T Effector Memory	4	463	0.6624397377019215	0.6624397377019215	0.6285097192224622	0.17144708423326133	0.26663066954643627	0.4380777537796976	0.19043196544276464	0.19043196544276464	0.0	0.9460043196544277	0.2723782097432206	0.6285097192224622	0.10367170626349892	0.4794816414686825	0.9566969484117517	0.37365010799136067	0.13390928725701945	0.693304535637149	0.3909287257019438	CCR7;TCF7;LEF1;FOXP3	NKG7;GNLY;GZMB;PRF1		0.0	0.0	0.023758099352051837	0.023758099352051837	0.1079913606911447	0.3817926565874731
infection_study_04	T_NK_lineage	22	NKT Cell	5	463	0.6289898782187493	0.6289898782187493	0.5766738660907127	0.10643628509719223	0.11922246220302374	0.22565874730021596	0.35101511879049674	0.35101511879049674	0.0	0.8704103671706264	0.2900339401419315	0.5766738660907127	0.13390928725701945	0.38660907127429806	0.8494577229711393	0.21382289416846653	0.1144708423326134	0.30669546436285094	0.1814254859611231	MS4A1;LST1	CD8A;CD8B		0.0	0.0	0.0	0.0	0.0	0.35101511879049674
infection_study_04	T_NK_lineage	22	Treg	6	463	0.6546484794479859	0.6546484794479859	0.038876889848812095	0.3454751619870411	0.12651187904967603	0.4719870410367171	0.0	0.0	0.0	0.693304535637149	0.11922246220302377	0.038876889848812095	0.0064794816414686825	0.02591792656587473	0.7573870934421437	0.7062634989200864	0.35043196544276456	0.32397408207343414	0.1954643628509719	NKG7;GNLY;GZMB;CD8A	CCR7;TCF7		0.0	0.0	0.09071274298056156	0.08855291576673865	0.012958963282937365	0.249244060475162
infection_study_04	T_NK_lineage	22	CD8 Naive / T Central Memory	7	463	0.653197614641168	0.653197614641168	0.5053995680345572	0.3494600431965442	0.10010799136069115	0.4495680345572354	0.05583153347732184	0.05583153347732184	0.0	0.857451403887689	0.27957763378929684	0.5053995680345572	0.13390928725701945	0.27213822894168466	0.8373180710682943	0.693304535637149	0.3909287257019438	0.2224622030237581	0.2224622030237581	NKG7;GNLY;GZMB;PRF1	CD4		0.0	0.0	0.01511879049676026	0.004319654427645789	0.0	0.08434125269978404
infection_study_04	T_NK_lineage	22	gdT Cell	8	463	0.6715219229099549	0.6715219229099549	0.28293736501079914	0.10643628509719223	0.2277537796976242	0.33419006479481644	0.0	0.0	0.0	0.6501079913606912	0.17674586033117348	0.28293736501079914	0.058315334773218146	0.1511879049676026	0.8355693764731588	0.21382289416846653	0.1144708423326134	0.5701943844492441	0.3779697624190065	MS4A1;LST1	NKG7;GNLY		0.0	0.0	0.017278617710583154	0.01511879049676026	0.0	0.042764578833693306
infection_study_04	T_NK_lineage	22	MAIT Cell	9	463	0.6395229282336007	0.6395229282336007	0.08423326133909287	0.10643628509719223	0.2509719222462203	0.3574082073434125	0.0	0.0	0.0	0.7494600431965442	0.1789571120024684	0.08423326133909287	0.0	0.08207343412526998	0.4917002581927919	0.21382289416846653	0.1144708423326134	0.6479481641468683	0.37724982001439883	MS4A1;LST1	NKG7;GNLY;GZMB		0.0	0.0	0.0021598272138228943	0.0021598272138228943	0.0	0.005615550755939525
infection_study_04	T_NK_lineage	23	CD8 Cytotoxic / T Effector Memory	1	438	0.8079489112801883	0.8881278538812786	1.0	0.07003424657534246	0.2106164383561644	0.28065068493150686	0.7193493150684931	0.7193493150684931	0.0	0.997716894977169	0.527189705271897	0.8881278538812786	0.5684931506849316	0.591324200913242	1.359094223256628	0.15753424657534246	0.046232876712328765	0.5319634703196348	0.3401826484018265	CCR7;TCF7;LEF1;MS4A1	KLRD1;FCGR3A		0.0	0.0	0.908675799086758	0.5844748858447488	0.0	2.7577054794520546
infection_study_04	T_NK_lineage	23	NK Cell	2	438	0.7592135627299106	0.8059360730593608	0.9478684671572302	0.3568858447488584	0.2465753424657534	0.6	0.3478684671572302	0.3478684671572302	0.0	0.9703196347031964	0.4834474885844749	0.8059360730593608	0.4292237442922374	0.5776255707762558	1.3576839142910213	0.7808219178082192	0.27351598173515984	0.6210045662100456	0.4018264840182648	CD3D;CD3E;TRAC;MS4A1;LST1	CD8A;CD8B		0.0	0.0	0.2328767123287671	0.2146118721461187	0.0	0.9350830790293764
infection_study_04	T_NK_lineage	23	NKT Cell	3	438	0.7825359288962004	0.7825359288962004	0.7548930534316955	0.017899543378995433	0.2465753424657534	0.2644748858447488	0.49041816758694673	0.49041816758694673	0.0	0.958904109589041	0.3825831702544031	0.7351598173515982	0.2557077625570776	0.5205479452054794	1.0789329443203897	0.0365296803652968	0.0182648401826484	0.6210045662100456	0.4018264840182648	MS4A1;LST1	CD8A;CD8B		0.0	0.0	0.0	0.0	0.0	0.49041816758694673
infection_study_04	T_NK_lineage	23	CD4 T Effector Memory	4	438	0.7291452464185345	0.769406392694064	0.8113579852129045	0.06183789954337899	0.3674657534246575	0.42930365296803646	0.382054332244868	0.382054332244868	0.0	0.95662100456621	0.2833587011669203	0.769406392694064	0.04794520547945205	0.7442922374429224	1.1678063700753623	0.13926940639269406	0.04052511415525114	0.9315068493150684	0.58675799086758	CCR7;TCF7;LEF1;FOXP3	NKG7;GNLY;GZMB;PRF1		0.0	0.0	0.0045662100456621	0.00228310502283105	0.0319634703196347	0.4299995377243201
infection_study_04	T_NK_lineage	23	CD4 Naive / T Central Memory	5	438	0.5338725523796468	0.5338725523796468	0.1598173515981735	0.4572420091324201	0.2465753424657534	0.6	0.0	0.0	0.0	0.8356164383561644	0.17420091324200912	0.1598173515981735	0.0091324200913242	0.091324200913242	0.36860925453825555	0.9315068493150684	0.469406392694064	0.6210045662100456	0.4018264840182648	NKG7;GNLY;GZMB;PRF1;FOXP3	CD8A;CD8B		0.0	0.0	0.18949771689497716	0.00228310502283105	0.0045662100456621	0.31095890410958904
infection_study_04	T_NK_lineage	23	gdT Cell	6	438	0.8096682431969292	0.8096682431969292	0.5941228668422656	0.017899543378995433	0.30462328767123287	0.3225228310502283	0.2716000357920373	0.2716000357920373	0.0	0.8059360730593608	0.2553272450532724	0.4885844748858447	0.13013698630136986	0.3378995433789954	1.4221535678256836	0.0365296803652968	0.0182648401826484	0.7557077625570776	0.519406392694064	MS4A1;LST1	NKG7;GNLY		0.0	0.0	0.01141552511415525	0.00684931506849315	0.0	0.29671419104317887
infection_study_04	T_NK_lineage	23	CD8 Naive / T Central Memory	7	438	0.6735382822674618	0.6735382822674618	0.6593909307548043	0.48305936073059363	0.02671232876712329	0.5097716894977169	0.14961924125708737	0.14961924125708737	0.0	0.9041095890410958	0.2638254693049214	0.6438356164383562	0.0502283105022831	0.591324200913242	1.062221257265792	0.9315068493150684	0.58675799086758	0.0593607305936073	0.0593607305936073	NKG7;GNLY;GZMB;PRF1	CD4		0.0	0.0	0.0045662100456621	0.0	0.0	0.15692517733014671
infection_study_04	T_NK_lineage	23	Treg	8	438	0.6887380903420385	0.6887380903420385	0.0136986301369863	0.4726598173515982	0.03835616438356164	0.5110159817351598	0.0	0.0	0.0	0.7442922374429224	0.1221461187214612	0.0136986301369863	0.0	0.00684931506849315	0.3672295159027734	0.9269406392694064	0.5473744292237444	0.1004566210045662	0.0547945205479452	NKG7;GNLY;GZMB;CD8A	CCR7;TCF7		0.0	0.0	0.0410958904109589	0.03424657534246575	0.0	0.09999999999999999
infection_study_04	T_NK_lineage	23	MAIT Cell	9	438	0.675937350058263	0.675937350058263	0.0821917808219178	0.017899543378995433	0.3374429223744292	0.3553424657534246	0.0	0.0	0.0	0.7488584474885844	0.1806914546640574	0.0821917808219178	0.00228310502283105	0.0821917808219178	0.4810480056534424	0.0365296803652968	0.0182648401826484	0.8584474885844748	0.532724505327245	MS4A1;LST1	NKG7;GNLY;GZMB		0.0	0.0	0.0045662100456621	0.0045662100456621	0.0	0.01187214611872146
infection_study_04	T_NK_lineage	24	MAIT Cell	1	392	0.980521854365161	0.980521854365161	1.0	0.04181122448979592	0.19107142857142856	0.23288265306122446	0.7671173469387755	0.7671173469387755	0.0	0.9948979591836735	0.4828717201166181	0.8035714285714286	0.2729591836734694	0.6964285714285714	4.245138879862745	0.08418367346938775	0.044642857142857144	0.5153061224489796	0.24319727891156462	MS4A1;LST1	NKG7;GNLY;GZMB		0.0	0.0	0.8392857142857143	0.5586734693877551	0.0	2.668647959183674
infection_study_04	T_NK_lineage	24	CD4 Naive / T Central Memory	2	392	0.792286425845957	0.792286425845957	0.518883595223033	0.3200816326530612	0.13832908163265306	0.4584107142857143	0.060472880937318674	0.060472880937318674	0.0	0.9923469387755102	0.3448979591836735	0.49489795918367346	0.04336734693877551	0.4336734693877551	1.095942544157438	0.7040816326530612	0.2387755102040816	0.35714285714285715	0.20790816326530612	NKG7;GNLY;GZMB;PRF1;FOXP3	CD8A;CD8B		0.0	0.0	0.5076530612244898	0.03316326530612245	0.04591836734693878	0.9609830850189514
infection_study_04	T_NK_lineage	24	CD4 T Effector Memory	3	392	0.9675897365595083	0.9675897365595083	0.8232547610694396	0.20713010204081633	0.2559948979591837	0.463125	0.3601297610694396	0.3601297610694396	0.0	1.0	0.4747732426303855	0.7780612244897959	0.22959183673469388	0.7270408163265306	1.1807741463185752	0.46938775510204084	0.13073979591836735	0.7040816326530612	0.298469387755102	CCR7;TCF7;LEF1;FOXP3	NKG7;GNLY;GZMB;PRF1		0.0	0.0	0.10459183673469388	0.06887755102040816	0.28316326530612246	0.936150169232705
infection_study_04	T_NK_lineage	24	CD8 Cytotoxic / T Effector Memory	4	392	0.6650672881394658	0.6650672881394658	0.664454303694643	0.21448979591836734	0.08877551020408164	0.30326530612244895	0.361188997572194	0.361188997572194	0.0	0.951530612244898	0.33627087198515765	0.6607142857142857	0.288265306122449	0.3494897959183674	1.0149600719214291	0.4846938775510204	0.1377551020408163	0.23214285714285715	0.12755102040816327	CCR7;TCF7;LEF1;MS4A1	KLRD1;FCGR3A		0.0	0.0	0.18622448979591838	0.08673469387755102	0.0	0.7458828751232145
infection_study_04	T_NK_lineage	24	gdT Cell	5	392	0.8259362076450294	0.8259362076450294	0.6919859819487328	0.04181122448979592	0.2012755102040816	0.24308673469387754	0.4488992472548553	0.4488992472548553	0.0	0.8469387755102041	0.3333333333333333	0.5382653061224489	0.2755102040816326	0.3647959183673469	1.5638622951418704	0.08418367346938775	0.044642857142857144	0.5051020408163265	0.33163265306122447	MS4A1;LST1	NKG7;GNLY		0.0	0.0	0.14285714285714285	0.03316326530612245	0.0	0.7106339411324063
infection_study_04	T_NK_lineage	24	NKT Cell	6	392	0.6975061119108004	0.7474489795918368	0.7716306513263876	0.04181122448979592	0.13832908163265306	0.18014030612244897	0.5914903452039386	0.5914903452039386	0.0	0.9540816326530612	0.35641399416909625	0.7474489795918368	0.2423469387755102	0.5637755102040817	1.0967266869382035	0.08418367346938775	0.044642857142857144	0.35714285714285715	0.20790816326530612	MS4A1;LST1	CD8A;CD8B		0.0	0.0	0.0	0.0	0.0	0.5914903452039386
infection_study_04	T_NK_lineage	24	CD8 Naive / T Central Memory	7	392	0.7774236296753261	0.7774236296753261	0.6113825257306118	0.3332142857142857	0.03099489795918367	0.36420918367346933	0.24717334205714248	0.24717334205714248	0.0	0.9923469387755102	0.3492063492063492	0.6096938775510204	0.18877551020408162	0.4336734693877551	1.0067545927183654	0.7040816326530612	0.298469387755102	0.06887755102040816	0.06887755102040816	NKG7;GNLY;GZMB;PRF1	CD4		0.0	0.0	0.03571428571428571	0.0	0.0	0.30431619919999964
infection_study_04	T_NK_lineage	24	NK Cell	8	392	0.44445015651061304	0.5663265306122449	0.5663265306122449	0.40343877551020413	0.13832908163265306	0.5417678571428572	0.02455867346938767	0.02455867346938767	0.0	0.75	0.2072704081632653	0.5663265306122449	0.22448979591836735	0.3494897959183674	0.9589835353859527	0.875	0.32244897959183677	0.35714285714285715	0.20790816326530612	CD3D;CD3E;TRAC;MS4A1;LST1	CD8A;CD8B		0.0	0.0	0.07142857142857142	0.06887755102040816	0.0	0.2077219387755101
infection_study_04	T_NK_lineage	24	Treg	9	392	0.7042577741220555	0.7042577741220555	0.02295918367346939	0.31248724489795915	0.17085459183673468	0.48334183673469383	0.0	0.0	0.0	0.8061224489795918	0.1346938775510204	0.02295918367346939	0.0	0.015306122448979591	0.5107293119895892	0.6683673469387755	0.2659438775510204	0.45153061224489793	0.23596938775510204	NKG7;GNLY;GZMB;CD8A	CCR7;TCF7		0.0	0.0	0.025510204081632654	0.025510204081632654	0.0	0.0663265306122449
infection_study_04	T_NK_lineage	25	CD4 Naive / T Central Memory	1	387	0.8575639180204263	0.8575639180204263	1.0	0.09684754521963825	0.05736434108527132	0.15421188630490956	0.8457881136950904	0.8457881136950904	0.0	0.9948320413436692	0.5087855297157623	0.8372093023255814	0.4935400516795866	0.7390180878552972	1.838971026394614	0.2144702842377261	0.06976744186046512	0.1421188630490956	0.09819121447028423	NKG7;GNLY;GZMB;PRF1;FOXP3	CD8A;CD8B		0.0	0.0	0.979328165374677	0.16020671834625322	0.6382428940568475	3.338811369509044
infection_study_04	T_NK_lineage	25	Treg	2	387	0.908218520803345	0.908218520803345	0.46188630490956073	0.08549095607235141	0.323062015503876	0.4085529715762274	0.053333333333333344	0.053333333333333344	0.0	0.9534883720930233	0.2392764857881137	0.21188630490956073	0.025839793281653745	0.19638242894056848	3.43830845354318	0.1834625322997416	0.07170542635658915	0.7932816537467701	0.5671834625322998	NKG7;GNLY;GZMB;CD8A	CCR7;TCF7		0.0	0.0	0.5400516795865633	0.5400516795865633	0.031007751937984496	1.494677002583979
infection_study_04	T_NK_lineage	25	NKT Cell	3	387	0.676422875682592	0.8036175710594315	0.8481311710459143	0.007596899224806201	0.05736434108527132	0.06496124031007752	0.7831699307358367	0.7831699307358367	0.0	0.9715762273901809	0.3204134366925065	0.8036175710594315	0.07493540051679587	0.7906976744186046	1.1780543999459308	0.015503875968992248	0.007751937984496124	0.1421188630490956	0.09819121447028423	MS4A1;LST1	CD8A;CD8B		0.0	0.0	0.0	0.0	0.0	0.7831699307358367
infection_study_04	T_NK_lineage	25	CD4 T Effector Memory	4	387	0.7535129206936733	0.7535129206936733	0.5400516795865633	0.4075064599483204	0.07655038759689922	0.4840568475452196	0.0559948320413437	0.0559948320413437	0.0	0.9844961240310077	0.33907550961814525	0.5400516795865633	0.07235142118863049	0.3152454780361757	0.8241577966425281	0.8423772609819121	0.3972868217054264	0.21188630490956073	0.08656330749354005	CCR7;TCF7;LEF1;FOXP3	NKG7;GNLY;GZMB;PRF1		0.0	0.0	0.18863049095607234	0.18863049095607234	0.14470284237726097	0.720077519379845
infection_study_04	T_NK_lineage	25	CD8 Naive / T Central Memory	5	387	0.8524459067333836	0.8524459067333836	0.9276698704174735	0.09956072351421189	0.14186046511627906	0.24142118863049095	0.6862486817869826	0.6862486817869826	0.0	0.9922480620155039	0.4694229112833763	0.834625322997416	0.37467700258397935	0.7390180878552972	1.37217818968023	0.21188630490956073	0.08656330749354005	0.3152454780361757	0.3152454780361757	NKG7;GNLY;GZMB;PRF1	CD4		0.0	0.0	0.015503875968992248	0.00516795865633075	0.0	0.716222841993701
infection_study_04	T_NK_lineage	25	CD8 Cytotoxic / T Effector Memory	6	387	0.5488153174766377	0.5488153174766377	0.17054263565891473	0.4076485788113695	0.008914728682170543	0.41656330749354004	0.0	0.0	0.0	0.9276485788113695	0.19826168663377966	0.17054263565891473	0.04392764857881137	0.09560723514211886	0.27320659538078707	0.8423772609819121	0.3979328165374677	0.023255813953488372	0.012919896640826874	CCR7;TCF7;LEF1;MS4A1	KLRD1;FCGR3A		0.0	0.0	0.09560723514211886	0.06976744186046512	0.0	0.2227390180878553
infection_study_04	T_NK_lineage	25	MAIT Cell	7	387	0.7936801699910891	0.7936801699910891	0.15503875968992248	0.007596899224806201	0.047545219638242896	0.055142118863049094	0.09989664082687338	0.09989664082687338	0.0	0.9509043927648578	0.2846068660022149	0.15503875968992248	0.002583979328165375	0.15503875968992248	0.8611566616519929	0.015503875968992248	0.007751937984496124	0.12661498708010335	0.06373815676141258	MS4A1;LST1	NKG7;GNLY;GZMB		0.0	0.0	0.002583979328165375	0.0	0.0	0.10403100775193798
infection_study_04	T_NK_lineage	25	gdT Cell	8	387	0.7875454109260401	0.7875454109260401	0.10077519379844961	0.007596899224806201	0.04244186046511628	0.050038759689922475	0.050736434108527136	0.050736434108527136	0.0	0.9018087855297158	0.23944875107665808	0.10077519379844961	0.01808785529715762	0.06201550387596899	0.31597321020297847	0.015503875968992248	0.007751937984496124	0.10852713178294573	0.06589147286821706	MS4A1;LST1	NKG7;GNLY		0.0	0.0	0.0	0.0	0.0	0.050736434108527136
infection_study_04	T_NK_lineage	25	NK Cell	9	387	0.16048621107226907	0.16048621107226907	0.11627906976744186	0.46174677002583986	0.05736434108527132	0.5191111111111112	0.0	0.0	0.0	0.2248062015503876	0.0516795865633075	0.11627906976744186	0.023255813953488372	0.07751937984496124	0.21012315473692306	0.9715762273901809	0.420671834625323	0.1421188630490956	0.09819121447028423	CD3D;CD3E;TRAC;MS4A1;LST1	CD8A;CD8B		0.0	0.0	0.0103359173126615	0.028423772609819122	0.0	0.04496124031007752
infection_study_04	T_NK_lineage	26	CD4 Naive / T Central Memory	1	336	0.7635204606210158	0.7635204606210158	0.545119232356657	0.2707738095238095	0.12209821428571428	0.3928720238095238	0.15224720854713325	0.15224720854713325	0.0	0.9077380952380952	0.3479166666666667	0.5119047619047619	0.22023809523809523	0.39285714285714285	1.1328578818075807	0.5505952380952381	0.27976190476190477	0.30357142857142855	0.20684523809523808	NKG7;GNLY;GZMB;PRF1;FOXP3	CD8A;CD8B		0.0	0.0	0.6517857142857143	0.27380952380952384	0.36904761904761907	1.911771018070943
infection_study_04	T_NK_lineage	26	CD8 Cytotoxic / T Effector Memory	2	336	0.6518095825622043	0.6518095825622043	0.5654761904761905	0.24650297619047618	0.1375	0.3840029761904762	0.18147321428571428	0.18147321428571428	0.0	0.9315476190476191	0.3449675324675324	0.5297619047619048	0.28273809523809523	0.3482142857142857	0.8167960536194108	0.5267857142857143	0.2105654761904762	0.33630952380952384	0.24404761904761907	CCR7;TCF7;LEF1;MS4A1	KLRD1;FCGR3A		0.0	0.0	0.3392857142857143	0.17857142857142858	0.0	0.9029017857142858
infection_study_04	T_NK_lineage	26	NK Cell	3	336	0.5149370530308223	0.5149370530308223	0.5773809523809523	0.3649880952380952	0.12209821428571428	0.4870863095238095	0.09029464285714284	0.09029464285714284	0.0	0.5892857142857143	0.2924107142857143	0.46130952380952384	0.28869047619047616	0.3482142857142857	0.7842395749572388	0.8005952380952381	0.27619047619047615	0.30357142857142855	0.20684523809523808	CD3D;CD3E;TRAC;MS4A1;LST1	CD8A;CD8B		0.0	0.0	0.19642857142857142	0.15476190476190477	0.0	0.5593422619047619
infection_study_04	T_NK_lineage	26	NKT Cell	4	336	0.6665638494756323	0.6755952380952381	0.6755952380952381	0.016041666666666666	0.12209821428571428	0.13813988095238094	0.5374553571428572	0.5374553571428572	0.0	0.9285714285714286	0.320578231292517	0.6755952380952381	0.18154761904761904	0.5357142857142857	0.9926881074709193	0.03273809523809524	0.016369047619047616	0.30357142857142855	0.20684523809523808	MS4A1;LST1	CD8A;CD8B		0.0	0.0	0.0	0.0	0.0	0.5374553571428572
infection_study_04	T_NK_lineage	26	CD8 Naive / T Central Memory	5	336	0.7538784929284621	0.7538784929284621	0.6580150501604569	0.2834077380952381	0.06696428571428571	0.3503720238095238	0.3076430263509331	0.3076430263509331	0.0	0.9166666666666666	0.3478835978835979	0.6428571428571429	0.22023809523809523	0.39285714285714285	1.0606316292132558	0.5446428571428571	0.3474702380952381	0.1488095238095238	0.1488095238095238	NKG7;GNLY;GZMB;PRF1	CD4		0.0	0.0	0.03571428571428571	0.01488095238095238	0.0	0.3796668358747426
infection_study_04	T_NK_lineage	26	CD4 T Effector Memory	6	336	0.7041949413942011	0.7041949413942011	0.6701338088271153	0.2490922619047619	0.21551339285714283	0.46460565476190474	0.20552815406521052	0.20552815406521052	0.0	0.9761904761904762	0.28902116402116407	0.6666666666666666	0.08035714285714286	0.5803571428571429	1.0138685686417945	0.5327380952380952	0.21205357142857142	0.5446428571428571	0.3474702380952381	CCR7;TCF7;LEF1;FOXP3	NKG7;GNLY;GZMB;PRF1		0.0	0.0	0.041666666666666664	0.041666666666666664	0.050595238095238096	0.3745757731128296
infection_study_04	T_NK_lineage	26	Treg	7	336	0.7039150501519409	0.7039150501519409	0.13687902883390587	0.2845982142857143	0.18526785714285715	0.46986607142857145	0.0	0.0	0.0	0.7916666666666666	0.1369047619047619	0.07142857142857142	0.005952380952380952	0.041666666666666664	1.2618018296213378	0.5684523809523809	0.3117559523809524	0.46130952380952384	0.3125	NKG7;GNLY;GZMB;CD8A	CCR7;TCF7		0.0	0.0	0.0744047619047619	0.0744047619047619	0.020833333333333332	0.21845238095238095
infection_study_04	T_NK_lineage	26	gdT Cell	8	336	0.707336577786917	0.707336577786917	0.2648809523809524	0.016041666666666666	0.17745535714285715	0.19349702380952383	0.07138392857142856	0.07138392857142856	0.0	0.7559523809523809	0.21874999999999997	0.2648809523809524	0.08928571428571429	0.15773809523809523	0.78406558336057	0.03273809523809524	0.016369047619047616	0.43154761904761907	0.31994047619047616	MS4A1;LST1	NKG7;GNLY		0.0	0.0	0.008928571428571428	0.008928571428571428	0.0	0.09459821428571427
infection_study_04	T_NK_lineage	26	MAIT Cell	9	336	0.7377361939360706	0.7377361939360706	0.09821428571428571	0.016041666666666666	0.19627976190476187	0.21232142857142855	0.0	0.0	0.0	0.8482142857142857	0.22874149659863943	0.09821428571428571	0.002976190476190476	0.08333333333333333	0.5646519230019366	0.03273809523809524	0.016369047619047616	0.49107142857142855	0.3263888888888889	MS4A1;LST1	NKG7;GNLY;GZMB		0.0	0.0	0.005952380952380952	0.005952380952380952	0.0	0.015476190476190477
infection_study_04	T_NK_lineage	27	CD4 Naive / T Central Memory	1	286	0.7978157058971371	0.7978157058971371	0.6939651932413373	0.22965034965034964	0.10987762237762237	0.339527972027972	0.3544372212133653	0.3544372212133653	0.0	0.9300699300699301	0.3996503496503497	0.6083916083916084	0.24475524475524477	0.486013986013986	1.3422943393989153	0.493006993006993	0.19230769230769232	0.2762237762237762	0.18006993006993005	NKG7;GNLY;GZMB;PRF1;FOXP3	CD8A;CD8B		0.0	0.0	0.7587412587412588	0.22727272727272727	0.44405594405594406	2.3285630953392396
infection_study_04	T_NK_lineage	27	CD8 Naive / T Central Memory	2	286	0.7744476432014988	0.7744476432014988	0.7619661966033173	0.23566433566433564	0.08496503496503496	0.3206293706293706	0.44133682597394674	0.44133682597394674	0.0	0.9370629370629371	0.3764568764568765	0.7167832167832168	0.22377622377622378	0.486013986013986	1.1807319192804022	0.4825174825174825	0.23776223776223776	0.1888111888111888	0.1888111888111888	NKG7;GNLY;GZMB;PRF1	CD4		0.0	0.0	0.03146853146853147	0.0	0.0	0.4916864763235971
infection_study_04	T_NK_lineage	27	CD8 Cytotoxic / T Effector Memory	3	286	0.5818310599309983	0.5818310599309983	0.44755244755244755	0.303513986013986	0.0909965034965035	0.3945104895104895	0.05304195804195805	0.05304195804195805	0.0	0.8916083916083916	0.26160203432930706	0.44405594405594406	0.22377622377622378	0.3076923076923077	0.6871012940250509	0.6433566433566433	0.26835664335664333	0.23076923076923078	0.1451048951048951	CCR7;TCF7;LEF1;MS4A1	KLRD1;FCGR3A		0.0	0.0	0.24125874125874125	0.05244755244755245	0.0	0.4915034965034965
infection_study_04	T_NK_lineage	27	NKT Cell	4	286	0.6128190188955149	0.6153846153846154	0.6153846153846154	0.03255244755244755	0.10987762237762237	0.14243006993006993	0.4729545454545455	0.4729545454545455	0.0	0.8881118881118881	0.2802197802197802	0.6153846153846154	0.08741258741258741	0.5244755244755245	0.905507850393418	0.06643356643356643	0.033216783216783216	0.2762237762237762	0.18006993006993005	MS4A1;LST1	CD8A;CD8B		0.0	0.0	0.0	0.0	0.0	0.4729545454545455
infection_study_04	T_NK_lineage	27	CD4 T Effector Memory	5	286	0.7028126213814061	0.7028126213814061	0.5314685314685315	0.29646853146853147	0.1804195804195804	0.47688811188811187	0.05458041958041959	0.05458041958041959	0.0	0.972027972027972	0.29176379176379175	0.5314685314685315	0.024475524475524476	0.3531468531468531	0.8112974260560215	0.6293706293706294	0.26048951048951047	0.4825174825174825	0.23776223776223776	CCR7;TCF7;LEF1;FOXP3	NKG7;GNLY;GZMB;PRF1		0.0	0.0	0.09090909090909091	0.09090909090909091	0.055944055944055944	0.3580769230769231
infection_study_04	T_NK_lineage	27	Treg	6	286	0.7184065620216145	0.7184065620216145	0.3340769268559055	0.22176573426573426	0.22106643356643357	0.44283216783216783	0.0	0.0	0.0	0.7622377622377622	0.1402097902097902	0.11188811188811189	0.01048951048951049	0.05944055944055944	1.8887552598711745	0.45454545454545453	0.2229020979020979	0.5594405594405595	0.3548951048951049	NKG7;GNLY;GZMB;CD8A	CCR7;TCF7		0.0	0.0	0.11888111888111888	0.10839160839160839	0.038461538461538464	0.34475524475524477
infection_study_04	T_NK_lineage	27	NK Cell	7	286	0.35065803002261975	0.3986013986013986	0.3986013986013986	0.352979020979021	0.10987762237762237	0.4628566433566434	0.0	0.0	0.0	0.5384615384615384	0.19405594405594406	0.3986013986013986	0.17482517482517482	0.3076923076923077	0.679895845464812	0.7657342657342657	0.2818181818181818	0.2762237762237762	0.18006993006993005	CD3D;CD3E;TRAC;MS4A1;LST1	CD8A;CD8B		0.0	0.0	0.13286713286713286	0.11538461538461539	0.0	0.32797202797202796
infection_study_04	T_NK_lineage	27	MAIT Cell	8	286	0.7629606781364955	0.7629606781364955	0.15734265734265734	0.03255244755244755	0.15	0.18255244755244754	0.0	0.0	0.0	0.8846153846153846	0.26023976023976025	0.15734265734265734	0.01048951048951049	0.15034965034965034	0.8731781820217813	0.06643356643356643	0.033216783216783216	0.3916083916083916	0.21678321678321677	MS4A1;LST1	NKG7;GNLY;GZMB		0.0	0.0	0.013986013986013986	0.01048951048951049	0.0	0.032867132867132866
infection_study_04	T_NK_lineage	27	gdT Cell	9	286	0.6756803070806772	0.6756803070806772	0.15734265734265734	0.03255244755244755	0.14685314685314685	0.1794055944055944	0.0	0.0	0.0	0.7097902097902098	0.18298368298368298	0.15734265734265734	0.038461538461538464	0.08041958041958042	0.47732524612560423	0.06643356643356643	0.033216783216783216	0.3706293706293706	0.23776223776223776	MS4A1;LST1	NKG7;GNLY		0.0	0.0	0.0	0.0	0.0	0.0
infection_study_04	T_NK_lineage	28	CD4 Naive / T Central Memory	1	224	0.8423812461443554	0.8423812461443554	0.8642101689943605	0.06482142857142857	0.07433035714285713	0.13915178571428571	0.7250583832800748	0.7250583832800748	0.0	0.9910714285714286	0.4486607142857143	0.71875	0.29910714285714285	0.5089285714285714	1.5818406759774422	0.14732142857142858	0.040178571428571425	0.1875	0.12053571428571429	NKG7;GNLY;GZMB;PRF1;FOXP3	CD8A;CD8B		0.0	0.0	0.9866071428571429	0.5044642857142857	0.7142857142857143	3.665236954708646
infection_study_04	T_NK_lineage	28	CD8 Naive / T Central Memory	2	224	0.7931717961020861	0.7931717961020861	0.714512147065846	0.06703125	0.11049107142857141	0.1775223214285714	0.5369898256372746	0.5369898256372746	0.0	0.9732142857142857	0.3903769841269841	0.6830357142857143	0.2544642857142857	0.5089285714285714	1.1259057311205267	0.14732142857142858	0.05022321428571428	0.24553571428571427	0.24553571428571427	NKG7;GNLY;GZMB;PRF1	CD4		0.0	0.0	0.08482142857142858	0.04017857142857143	0.0	0.7128826827801318
infection_study_04	T_NK_lineage	28	CD4 T Effector Memory	3	224	0.6180741197706034	0.6180741197706034	0.3125	0.34962053571428575	0.05172991071428572	0.4013504464285715	0.0	0.0	0.0	0.8928571428571429	0.23214285714285715	0.3125	0.017857142857142856	0.24553571428571427	0.4832107586999686	0.7410714285714286	0.3091517857142857	0.14732142857142858	0.05022321428571428	CCR7;TCF7;LEF1;FOXP3	NKG7;GNLY;GZMB;PRF1		0.0	0.0	0.12946428571428573	0.12946428571428573	0.05803571428571429	0.40625
infection_study_04	T_NK_lineage	28	NKT Cell	4	224	0.5276121278588891	0.5276121278588891	0.45982142857142855	0.02625	0.07433035714285713	0.10058035714285712	0.3592410714285714	0.3592410714285714	0.0	0.8482142857142857	0.20344387755102042	0.45982142857142855	0.008928571428571428	0.44642857142857145	0.6802645626209382	0.05357142857142857	0.026785714285714288	0.1875	0.12053571428571429	MS4A1;LST1	CD8A;CD8B		0.0	0.0	0.0	0.0	0.0	0.3592410714285714
infection_study_04	T_NK_lineage	28	Treg	5	224	0.6590353462654511	0.6590353462654511	0.11512031014783648	0.10174107142857143	0.24810267857142856	0.34984375	0.0	0.0	0.0	0.7008928571428571	0.12008928571428572	0.06696428571428571	0.0	0.04017857142857143	1.192624097734203	0.22767857142857142	0.06919642857142858	0.625	0.4040178571428571	NKG7;GNLY;GZMB;CD8A	CCR7;TCF7		0.0	0.0	0.11607142857142858	0.11607142857142858	0.04017857142857143	0.35000000000000003
infection_study_04	T_NK_lineage	28	CD8 Cytotoxic / T Effector Memory	6	224	0.4899410514771403	0.4899410514771403	0.21875	0.35642857142857143	0.021763392857142856	0.3781919642857143	0.0	0.0	0.0	0.7455357142857143	0.1266233766233766	0.21875	0.026785714285714284	0.14732142857142858	0.34615651015211685	0.7544642857142857	0.3169642857142857	0.05803571428571429	0.029017857142857144	CCR7;TCF7;LEF1;MS4A1	KLRD1;FCGR3A		0.0	0.0	0.06696428571428571	0.017857142857142856	0.0	0.125
infection_study_04	T_NK_lineage	28	gdT Cell	7	224	0.6717161331596866	0.6717161331596866	0.04017857142857143	0.02625	0.03415178571428571	0.06040178571428571	0.0	0.0	0.0	0.6026785714285714	0.13764880952380953	0.04017857142857143	0.004464285714285714	0.026785714285714284	0.14312847266629722	0.05357142857142857	0.026785714285714288	0.08928571428571429	0.049107142857142856	MS4A1;LST1	NKG7;GNLY		0.0	0.0	0.004464285714285714	0.0	0.0	0.007142857142857143
infection_study_04	T_NK_lineage	28	NK Cell	8	224	0.16048621107226907	0.16048621107226907	0.11607142857142858	0.36976785714285715	0.07433035714285713	0.4440982142857143	0.0	0.0	0.0	0.23214285714285715	0.04241071428571429	0.11607142857142858	0.013392857142857142	0.07589285714285714	0.20977764836567717	0.8169642857142857	0.2696428571428572	0.1875	0.12053571428571429	CD3D;CD3E;TRAC;MS4A1;LST1	CD8A;CD8B		0.0	0.0	0.0	0.0	0.0	0.0
infection_study_04	T_NK_lineage	28	MAIT Cell	9	224	0.7605159138163456	0.7605159138163456	0.03125	0.02625	0.037276785714285714	0.06352678571428572	0.0	0.0	0.0	0.875	0.2308673469387755	0.03125	0.0	0.03125	0.21523860431261943	0.05357142857142857	0.026785714285714288	0.10267857142857142	0.0431547619047619	MS4A1;LST1	NKG7;GNLY;GZMB		0.0	0.0	0.0	0.0	0.0	0.0
infection_study_04	T_NK_lineage	29	CD8 Cytotoxic / T Effector Memory	1	219	0.8478991020631983	0.9223744292237442	1.0	0.12068493150684931	0.3311643835616438	0.45184931506849313	0.5481506849315069	0.5481506849315069	0.0	0.9954337899543378	0.5728518057285179	0.9223744292237442	0.6118721461187214	0.634703196347032	1.4109179391263962	0.273972602739726	0.07534246575342465	0.817351598173516	0.5730593607305936	CCR7;TCF7;LEF1;MS4A1	KLRD1;FCGR3A		0.0	0.0	0.9954337899543378	0.4931506849315068	0.0	2.6339954337899543
infection_study_04	T_NK_lineage	29	NK Cell	2	219	0.8028423241254826	0.91324200913242	1.0	0.37833789954337904	0.19109589041095887	0.5694337899543379	0.4305662100456621	0.4305662100456621	0.0	0.9954337899543378	0.5850456621004566	0.91324200913242	0.5799086757990868	0.634703196347032	1.536236558455994	0.8401826484018264	0.2684931506849315	0.4931506849315068	0.2876712328767123	CD3D;CD3E;TRAC;MS4A1;LST1	CD8A;CD8B		0.0	0.0	0.3607305936073059	0.319634703196347	0.0	1.3273698630136987
infection_study_04	T_NK_lineage	29	gdT Cell	3	219	0.9514817099641282	0.9514817099641282	1.0	0.006712328767123288	0.34691780821917806	0.35363013698630136	0.6463698630136987	0.6463698630136987	0.0	0.9497716894977168	0.4436834094368341	0.8858447488584474	0.5616438356164384	0.7031963470319634	2.5552917709654808	0.0136986301369863	0.00684931506849315	0.8401826484018264	0.6324200913242009	MS4A1;LST1	NKG7;GNLY		0.0	0.0	0.1095890410958904	0.0730593607305936	0.0	0.8947716894977169
infection_study_04	T_NK_lineage	29	NKT Cell	4	219	0.8322937372906528	0.8538812785388128	0.9165893546096114	0.006712328767123288	0.19109589041095887	0.19780821917808217	0.7187811354315292	0.7187811354315292	0.0	0.9863013698630136	0.43313763861709065	0.8538812785388128	0.4200913242009132	0.639269406392694	1.2508323042831946	0.0136986301369863	0.00684931506849315	0.4931506849315068	0.2876712328767123	MS4A1;LST1	CD8A;CD8B		0.0	0.0	0.0	0.0	0.0	0.7187811354315292
infection_study_04	T_NK_lineage	29	CD4 T Effector Memory	5	219	0.7675303310713552	0.9634703196347032	1.0	0.1186986301369863	0.38493150684931504	0.5036301369863013	0.4963698630136987	0.4963698630136987	0.0	0.9954337899543378	0.29883307965499745	0.9634703196347032	0.0091324200913242	0.9634703196347032	1.458577772783212	0.2694063926940639	0.07420091324200913	0.9634703196347032	0.639269406392694	CCR7;TCF7;LEF1;FOXP3	NKG7;GNLY;GZMB;PRF1		0.0	0.0	0.0	0.0	0.0228310502283105	0.5237671232876713
infection_study_04	T_NK_lineage	29	CD8 Naive / T Central Memory	6	219	0.6202389928484932	0.6202389928484932	0.5981735159817352	0.5	0.0	0.5	0.09817351598173518	0.09817351598173518	0.0	0.9315068493150684	0.23541349568746828	0.5981735159817352	0.1278538812785388	0.4703196347031963	0.988038614814099	0.9634703196347032	0.639269406392694	0.0	0.0	NKG7;GNLY;GZMB;PRF1	CD4		0.0	0.0	0.0	0.0	0.0	0.09817351598173518
infection_study_04	T_NK_lineage	29	CD4 Naive / T Central Memory	7	219	0.5191582699293988	0.5191582699293988	0.2465753424657534	0.4786301369863014	0.19109589041095887	0.6	0.0	0.0	0.0	0.863013698630137	0.1634703196347032	0.2465753424657534	0.0091324200913242	0.2420091324200913	0.5569280455096688	0.9634703196347032	0.5114155251141552	0.4931506849315068	0.2876712328767123	NKG7;GNLY;GZMB;PRF1;FOXP3	CD8A;CD8B		0.0	0.0	0.0593607305936073	0.0	0.0	0.09497716894977169
infection_study_04	T_NK_lineage	29	Treg	8	219	0.9088354239495511	0.9088354239495511	0.0045662100456621	0.4849771689497716	0.09315068493150683	0.5781278538812784	0.0	0.0	0.0	0.9223744292237442	0.2127853881278539	0.0045662100456621	0.0	0.0045662100456621	0.22571525158571237	0.9497716894977168	0.5639269406392693	0.2465753424657534	0.1278538812785388	NKG7;GNLY;GZMB;CD8A	CCR7;TCF7		0.0	0.0	0.0273972602739726	0.0273972602739726	0.0	0.07123287671232877
infection_study_04	T_NK_lineage	29	MAIT Cell	9	219	0.6733155116868874	0.6733155116868874	0.2576127562235436	0.006712328767123288	0.3591324200913242	0.3658447488584475	0.0	0.0	0.0	0.821917808219178	0.19047619047619047	0.2146118721461187	0.0	0.2146118721461187	1.1720035363096997	0.0136986301369863	0.00684931506849315	0.8995433789954338	0.5951293759512937	MS4A1;LST1	NKG7;GNLY;GZMB		0.0	0.0	0.0091324200913242	0.0	0.0	0.014611872146118721
infection_study_04	T_NK_lineage	3	CD8 Cytotoxic / T Effector Memory	1	1174	0.8819544405602395	0.9684838160136287	1.0	0.10676746166950596	0.2621805792163543	0.36894804088586025	0.6310519591141397	0.6310519591141397	0.0	1.0	0.6396159207062104	0.9684838160136287	0.717206132879046	0.7597955706984668	1.4806930841163002	0.24361158432708688	0.06452299829642248	0.6575809199318569	0.43270868824531517	CCR7;TCF7;LEF1;MS4A1	KLRD1;FCGR3A		0.0	0.0	0.9991482112436116	0.8824531516183987	0.0	3.112142248722317
infection_study_04	T_NK_lineage	3	NK Cell	2	1174	0.7697466127447621	0.889267461669506	1.0	0.429015332197615	0.3205068143100511	0.6	0.4	0.4	0.0	0.989778534923339	0.5288543441226576	0.889267461669506	0.5698466780238501	0.5979557069846678	1.4963439020120168	0.9207836456558773	0.35962521294718913	0.782793867120954	0.5711243611584327	CD3D;CD3E;TRAC;MS4A1;LST1	CD8A;CD8B		0.0	0.0	0.09710391822827939	0.08603066439522998	0.0	0.641396933560477
infection_study_04	T_NK_lineage	3	NKT Cell	3	1174	0.8719469006328969	0.8719469006328969	0.9253405762563784	0.01711243611584327	0.3205068143100511	0.3376192504258944	0.5877213258304841	0.5877213258304841	0.0	0.9906303236797275	0.4846678023850085	0.8603066439522998	0.42674616695059625	0.6873935264054515	1.2601357292163144	0.03492333901192504	0.01746166950596252	0.782793867120954	0.5711243611584327	MS4A1;LST1	CD8A;CD8B		0.0	0.0	0.0	0.0	0.0	0.5877213258304841
infection_study_04	T_NK_lineage	3	CD4 T Effector Memory	4	1174	0.859220417209313	0.9514480408858603	1.0	0.09944633730834754	0.38161201022146507	0.4810583475298126	0.5189416524701874	0.5189416524701874	0.0	0.9965928449744463	0.37497633920121143	0.9514480408858603	0.09710391822827939	0.9420783645655877	1.4405644567040465	0.227427597955707	0.05919931856899489	0.9582623509369677	0.6275553662691653	CCR7;TCF7;LEF1;FOXP3	NKG7;GNLY;GZMB;PRF1		0.0	0.0	0.009369676320272573	0.0	0.009369676320272573	0.5451767461669506
infection_study_04	T_NK_lineage	3	gdT Cell	5	1174	0.8698505723490301	0.8698505723490301	0.7917006115458597	0.01711243611584327	0.33551959114139696	0.35263202725724024	0.43906858428861945	0.43906858428861945	0.0	0.9310051107325383	0.3373083475298126	0.6039182282793867	0.19846678023850084	0.4676320272572402	1.751129533065892	0.03492333901192504	0.01746166950596252	0.8219761499148212	0.5928449744463373	MS4A1;LST1	NKG7;GNLY		0.0	0.0	0.012776831345826235	0.004258943781942078	0.0	0.4637704582238835
infection_study_04	T_NK_lineage	3	CD8 Naive / T Central Memory	6	1174	0.7568316311376151	0.7896081771720613	0.8643690122816738	0.5	0.034497444633730834	0.5344974446337308	0.329871567647943	0.329871567647943	0.0	0.9838160136286201	0.34629945106946813	0.7896081771720613	0.13798977853492334	0.7597955706984668	1.2990433404384498	0.9582623509369677	0.6275553662691653	0.07666098807495741	0.07666098807495741	NKG7;GNLY;GZMB;PRF1	CD4		0.0	0.0	0.0068143100511073255	0.0	0.0	0.3407744637297147
infection_study_04	T_NK_lineage	3	CD4 Naive / T Central Memory	7	1174	0.6122706605433317	0.6122706605433317	0.23509369676320271	0.4745894378194208	0.3205068143100511	0.6	0.0	0.0	0.0	0.938671209540034	0.22120954003407153	0.23509369676320271	0.01192504258943782	0.16098807495741055	0.5320057344297974	0.9582623509369677	0.5020442930153323	0.782793867120954	0.5711243611584327	NKG7;GNLY;GZMB;PRF1;FOXP3	CD8A;CD8B		0.0	0.0	0.05536626916524702	0.0	0.0	0.08858603066439524
infection_study_04	T_NK_lineage	3	Treg	8	1174	0.7989067105353348	0.7989067105353348	0.010221465076660987	0.5	0.06267035775127767	0.5626703577512777	0.0	0.0	0.0	0.8909710391822828	0.15843270868824527	0.010221465076660987	0.0	0.010221465076660987	0.313348020034182	0.9778534923339012	0.6183986371379898	0.16609880749574105	0.08560477001703577	NKG7;GNLY;GZMB;CD8A	CCR7;TCF7		0.0	0.0	0.010221465076660987	0.010221465076660987	0.0	0.026575809199318567
infection_study_04	T_NK_lineage	3	MAIT Cell	9	1174	0.758859414627459	0.758859414627459	0.10136286201022146	0.01711243611584327	0.3514480408858603	0.3685604770017036	0.0	0.0	0.0	0.9114139693356048	0.24458505719153076	0.10136286201022146	0.0008517887563884157	0.10136286201022146	0.5810808967597307	0.03492333901192504	0.01746166950596252	0.8858603066439523	0.5712663259511641	MS4A1;LST1	NKG7;GNLY;GZMB		0.0	0.0	0.009369676320272573	0.00596252129471891	0.0	0.020954003407155027
infection_study_04	T_NK_lineage	30	CD8 Cytotoxic / T Effector Memory	1	150	0.7498686224781228	0.7498686224781228	0.9829235985593097	0.41723333333333334	0.189	0.6	0.3829235985593097	0.3829235985593097	0.0	0.94	0.4412121212121212	0.7466666666666667	0.47333333333333333	0.5466666666666666	1.1450277275705723	0.8866666666666667	0.365	0.47333333333333333	0.31333333333333335	CCR7;TCF7;LEF1;MS4A1	KLRD1;FCGR3A		0.0	0.0	0.48	0.16	0.0	1.3109235985593097
infection_study_04	T_NK_lineage	30	NK Cell	2	150	0.6933820001370896	0.6933820001370896	0.8576200216638619	0.4488266666666667	0.1925	0.6	0.2576200216638619	0.2576200216638619	0.0	0.7066666666666667	0.4075	0.6333333333333333	0.42	0.5466666666666666	1.0704800866554478	0.9333333333333333	0.42800000000000005	0.4866666666666667	0.31	CD3D;CD3E;TRAC;MS4A1;LST1	CD8A;CD8B		0.0	0.0	0.31333333333333335	0.31333333333333335	0.0	1.0722866883305286
infection_study_04	T_NK_lineage	30	CD4 Naive / T Central Memory	3	150	0.741489021408824	0.741489021408824	0.4066666666666667	0.34912	0.1925	0.54162	0.0	0.0	0.0	0.9733333333333334	0.3526666666666667	0.4066666666666667	0.13333333333333333	0.32	0.9044257724284975	0.6933333333333334	0.3893333333333333	0.4866666666666667	0.31	NKG7;GNLY;GZMB;PRF1;FOXP3	CD8A;CD8B		0.0	0.0	0.38	0.06	0.16	0.8600000000000001
infection_study_04	T_NK_lineage	30	CD8 Naive / T Central Memory	4	150	0.7434254118399708	0.7434254118399708	0.7758638093349575	0.3705333333333333	0.033	0.4035333333333333	0.37233047600162417	0.37233047600162417	0.0	0.9266666666666666	0.3644444444444444	0.7266666666666667	0.18666666666666668	0.4533333333333333	1.1967885706731631	0.6933333333333334	0.48666666666666664	0.07333333333333333	0.07333333333333333	NKG7;GNLY;GZMB;PRF1	CD4		0.0	0.0	0.04666666666666667	0.02	0.0	0.46699714266829084
infection_study_04	T_NK_lineage	30	Treg	5	150	0.7129800991614688	0.7129800991614688	0.05333333333333334	0.3882	0.155	0.5432	0.0	0.0	0.0	0.7333333333333333	0.13066666666666665	0.05333333333333334	0.006666666666666667	0.03333333333333333	0.9814014230388185	0.7533333333333333	0.4633333333333333	0.3933333333333333	0.24666666666666667	NKG7;GNLY;GZMB;CD8A	CCR7;TCF7		0.0	0.0	0.13333333333333333	0.12666666666666668	0.07333333333333333	0.42800000000000005
infection_study_04	T_NK_lineage	30	CD4 T Effector Memory	6	150	0.6923252678959033	0.7	0.7159532082767268	0.2144	0.28099999999999997	0.49539999999999995	0.22055320827672686	0.22055320827672686	0.0	0.9733333333333334	0.30296296296296293	0.7	0.03333333333333333	0.64	1.0638128331069077	0.46	0.18	0.6933333333333334	0.48666666666666664	CCR7;TCF7;LEF1;FOXP3	NKG7;GNLY;GZMB;PRF1		0.0	0.0	0.03333333333333333	0.02666666666666667	0.03333333333333333	0.34055320827672686
infection_study_04	T_NK_lineage	30	NKT Cell	7	150	0.740026732469669	0.7466666666666667	0.7705651564689397	0.36406666666666665	0.1925	0.5565666666666667	0.2139984898022731	0.2139984898022731	0.0	0.92	0.37904761904761897	0.7466666666666667	0.24666666666666667	0.54	1.0955939592090924	0.74	0.37666666666666665	0.4866666666666667	0.31	MS4A1;LST1	CD8A;CD8B		0.0	0.0	0.0	0.0	0.0	0.2139984898022731
infection_study_04	T_NK_lineage	30	gdT Cell	8	150	0.745893024424795	0.745893024424795	0.3	0.36406666666666665	0.2595	0.6	0.0	0.0	0.0	0.7466666666666667	0.2288888888888889	0.3	0.08666666666666667	0.15333333333333332	0.8842385357604695	0.74	0.37666666666666665	0.6266666666666667	0.4766666666666667	MS4A1;LST1	NKG7;GNLY		0.0	0.0	0.013333333333333334	0.006666666666666667	0.0	0.028000000000000004
infection_study_04	T_NK_lineage	30	MAIT Cell	9	150	0.7293508808006032	0.7293508808006032	0.16	0.36406666666666665	0.26599999999999996	0.6	0.0	0.0	0.0	0.8466666666666667	0.2314285714285714	0.16	0.0	0.14666666666666667	0.8870439450459467	0.74	0.37666666666666665	0.6533333333333333	0.4666666666666666	MS4A1;LST1	NKG7;GNLY;GZMB		0.0	0.0	0.013333333333333334	0.006666666666666667	0.0	0.028000000000000004
infection_study_04	T_NK_lineage	4	CD4 Naive / T Central Memory	1	1170	0.8827884022208513	0.8827884022208513	0.9592252197083582	0.05221196581196581	0.028974358974358974	0.08118632478632479	0.8780388949220334	0.8780388949220334	0.0	1.0	0.4959829059829059	0.7803418803418803	0.347008547008547	0.6162393162393163	1.715533357465911	0.12136752136752137	0.027692307692307693	0.07435897435897436	0.044444444444444446	NKG7;GNLY;GZMB;PRF1;FOXP3	CD8A;CD8B		0.0	0.0	0.9957264957264957	0.18205128205128204	0.7726495726495727	3.5804320573151958
infection_study_04	T_NK_lineage	4	CD4 T Effector Memory	2	1170	0.8432951767313273	0.8432951767313273	0.4666666666666667	0.3447905982905983	0.04012820512820513	0.38491880341880347	0.0817478632478632	0.0817478632478632	0.0	0.9923076923076923	0.3524216524216524	0.4666666666666667	0.06153846153846154	0.3786324786324786	0.7142029818511164	0.7461538461538462	0.27841880341880343	0.1170940170940171	0.03333333333333333	CCR7;TCF7;LEF1;FOXP3	NKG7;GNLY;GZMB;PRF1		0.0	0.0	0.6547008547008547	0.6478632478632479	0.13076923076923078	1.9340555555555556
infection_study_04	T_NK_lineage	4	NKT Cell	3	1170	0.6020631983000891	0.6020631983000891	0.5564102564102564	0.019683760683760685	0.028974358974358974	0.048658119658119656	0.5077521367521368	0.5077521367521368	0.0	0.8974358974358975	0.2448107448107448	0.5564102564102564	0.015384615384615385	0.541025641025641	0.8201176061988766	0.040170940170940174	0.020085470085470087	0.07435897435897436	0.044444444444444446	MS4A1;LST1	CD8A;CD8B		0.0	0.0	0.0	0.0	0.0	0.5077521367521368
infection_study_04	T_NK_lineage	4	CD8 Naive / T Central Memory	4	1170	0.8103594032033268	0.8103594032033268	0.7095223749744868	0.051829059829059825	0.17038461538461536	0.2222136752136752	0.4873086997608116	0.4873086997608116	0.0	0.9982905982905983	0.3885090218423552	0.6794871794871795	0.1752136752136752	0.6162393162393163	1.1201407819492293	0.1170940170940171	0.03333333333333333	0.3786324786324786	0.3786324786324786	NKG7;GNLY;GZMB;PRF1	CD4		0.0	0.0	0.011965811965811967	0.0008547008547008547	0.0	0.5073086997608116
infection_study_04	T_NK_lineage	4	Treg	5	1170	0.798421184911006	0.798421184911006	0.38675213675213677	0.04880769230769231	0.25858974358974357	0.3073974358974359	0.07935470085470087	0.07935470085470087	0.0	0.8478632478632478	0.164017094017094	0.13675213675213677	0.0017094017094017094	0.10427350427350428	2.274043513303173	0.11025641025641025	0.03141025641025641	0.6623931623931624	0.39914529914529917	NKG7;GNLY;GZMB;CD8A	CCR7;TCF7		0.0	0.0	0.09829059829059829	0.09572649572649573	0.011111111111111112	0.34567948717948715
infection_study_04	T_NK_lineage	4	MAIT Cell	6	1170	0.8940868691022916	0.8940868691022916	0.1641025641025641	0.019683760683760685	0.019829059829059827	0.03951282051282051	0.12458974358974359	0.12458974358974359	0.0	0.9854700854700855	0.321978021978022	0.1641025641025641	0.002564102564102564	0.15897435897435896	0.9084507370832546	0.040170940170940174	0.020085470085470087	0.05555555555555555	0.021082621082621083	MS4A1;LST1	NKG7;GNLY;GZMB		0.0	0.0	0.013675213675213675	0.010256410256410256	0.0	0.15672649572649572
infection_study_04	T_NK_lineage	4	CD8 Cytotoxic / T Effector Memory	7	1170	0.49206022802568145	0.49206022802568145	0.10427350427350428	0.34502564102564104	0.010897435897435897	0.35592307692307695	0.0	0.0	0.0	0.7786324786324786	0.1257187257187257	0.10427350427350428	0.009401709401709401	0.062393162393162394	0.17292466641385462	0.7461538461538462	0.2794871794871795	0.02905982905982906	0.01452991452991453	CCR7;TCF7;LEF1;MS4A1	KLRD1;FCGR3A		0.0	0.0	0.026495726495726495	0.011111111111111112	0.0	0.05350427350427351
infection_study_04	T_NK_lineage	4	gdT Cell	8	1170	0.6855736056846482	0.6855736056846482	0.07521367521367521	0.019683760683760685	0.01891025641025641	0.038594017094017094	0.036619658119658116	0.036619658119658116	0.0	0.7299145299145299	0.17592592592592593	0.07521367521367521	0.011111111111111112	0.04358974358974359	0.24306198515389799	0.040170940170940174	0.020085470085470087	0.04957264957264957	0.026923076923076925	MS4A1;LST1	NKG7;GNLY		0.0	0.0	0.0	0.0	0.0	0.036619658119658116
infection_study_04	T_NK_lineage	4	NK Cell	9	1170	0.16048621107226907	0.16048621107226907	0.05811965811965812	0.4130974358974359	0.028974358974358974	0.4420717948717949	0.0	0.0	0.0	0.15384615384615385	0.024679487179487182	0.05811965811965812	0.005982905982905983	0.042735042735042736	0.11334829667389291	0.8940170940170941	0.3335042735042735	0.07435897435897436	0.044444444444444446	CD3D;CD3E;TRAC;MS4A1;LST1	CD8A;CD8B		0.0	0.0	0.005128205128205128	0.005128205128205128	0.0	0.013333333333333332
infection_study_04	T_NK_lineage	5	NK Cell	1	1163	0.9135878630018051	0.9862424763542562	1.0	0.18190197764402408	0.058039552880481515	0.2399415305245056	0.7600584694754944	0.7600584694754944	0.0	1.0	0.7291487532244196	0.9862424763542562	0.7489251934651763	0.9578675838349097	1.6577063198200137	0.41616509028374893	0.10799656061908855	0.15219260533104043	0.0825451418744626	CD3D;CD3E;TRAC;MS4A1;LST1	CD8A;CD8B		0.0	0.0	0.944110060189166	0.8357695614789338	0.0	3.1064041272570937
infection_study_04	T_NK_lineage	5	CD8 Cytotoxic / T Effector Memory	2	1163	0.8732606758516691	0.9836629406706793	1.0	0.03165520206362855	0.3798366294067068	0.41149183147033536	0.5885081685296647	0.5885081685296647	0.0	1.0	0.5424841710310326	0.9836629406706793	0.6010318142734308	0.9578675838349097	1.5036629325029607	0.07222699914015478	0.019131556319862426	0.9312123817712812	0.6698194325021496	CCR7;TCF7;LEF1;MS4A1	KLRD1;FCGR3A		0.0	0.0	0.48495270851246775	0.0937231298366294	0.0	1.4581556319862425
infection_study_04	T_NK_lineage	5	NKT Cell	3	1163	0.8153174766376494	0.8153174766376494	0.649183147033534	0.008005159071367153	0.058039552880481515	0.06604471195184866	0.5831384350816853	0.5831384350816853	0.0	0.9896818572656921	0.3635916963517995	0.649183147033534	0.12725709372312985	0.5692175408426483	0.9544454721176812	0.01633705932932072	0.00816852966466036	0.15219260533104043	0.0825451418744626	MS4A1;LST1	CD8A;CD8B		0.0	0.0	0.0	0.0	0.0	0.5831384350816853
infection_study_04	T_NK_lineage	5	CD4 T Effector Memory	4	1163	0.666997966504444	0.9355116079105761	1.0	0.028989681857265692	0.420561049011178	0.4495507308684437	0.5504492691315563	0.5504492691315563	0.0	0.9699054170249355	0.22747683194802715	0.9355116079105761	0.0060189165950128975	0.9355116079105761	1.4166864540096022	0.06620808254514188	0.017411865864144453	0.999140154772141	0.8054600171969046	CCR7;TCF7;LEF1;FOXP3	NKG7;GNLY;GZMB;PRF1		0.0	0.0	0.0	0.0	0.0008598452278589854	0.5514810834049871
infection_study_04	T_NK_lineage	5	CD4 Naive / T Central Memory	5	1163	0.09749354536522951	0.09749354536522951	0.05073086844368014	0.5	0.058039552880481515	0.5580395528804816	0.0	0.0	0.0	0.47807394668959585	0.06921754084264832	0.05073086844368014	0.0017196904557179708	0.04299226139294927	0.1318237502458293	0.999140154772141	0.6445399828030955	0.15219260533104043	0.0825451418744626	NKG7;GNLY;GZMB;PRF1;FOXP3	CD8A;CD8B		0.0	0.0	0.13843508168529664	0.0	0.0	0.22149613069647464
infection_study_04	T_NK_lineage	5	gdT Cell	6	1163	0.6717961020860466	0.6717961020860466	0.4759535264901696	0.008005159071367153	0.40834049871023215	0.4163456577815993	0.059607868708570266	0.059607868708570266	0.0	0.6027515047291487	0.15419891086271137	0.41960447119518485	0.07222699914015478	0.26741186586414445	1.225396221179939	0.01633705932932072	0.00816852966466036	0.9793637145313844	0.763542562338779	MS4A1;LST1	NKG7;GNLY		0.0	0.0	0.0060189165950128975	0.0	0.0	0.0692381352605909
infection_study_04	T_NK_lineage	5	Treg	7	1163	0.6026001325199352	0.6026001325199352	0.0017196904557179708	0.5	0.017734307824591573	0.5177343078245916	0.0	0.0	0.0	0.5606190885640585	0.08082545141874461	0.0017196904557179708	0.0	0.0008598452278589854	0.18160611932867488	0.9948409286328461	0.6165090283748925	0.04729148753224419	0.023645743766122097	NKG7;GNLY;GZMB;CD8A	CCR7;TCF7		0.0	0.0	0.007738607050730868	0.007738607050730868	0.0	0.02012037833190026
infection_study_04	T_NK_lineage	5	MAIT Cell	8	1163	0.2505197980213403	0.2505197980213403	0.1851027785338008	0.008005159071367153	0.4146603611349957	0.4226655202063629	0.0	0.0	0.0	0.49183147033533964	0.09188060434836014	0.1831470335339639	0.0025795356835769563	0.1831470335339639	1.0078229799993477	0.01633705932932072	0.00816852966466036	0.9939810834049871	0.7764402407566638	MS4A1;LST1	NKG7;GNLY;GZMB		0.0	0.0	0.0025795356835769563	0.0017196904557179708	0.0	0.005846947549441101
infection_study_04	T_NK_lineage	5	CD8 Naive / T Central Memory	9	1163	0.30934265542532047	0.30934265542532047	0.17540842648323302	0.5	0.0023215821152192603	0.5023215821152193	0.0	0.0	0.0	0.5210662080825451	0.09047482564249547	0.17540842648323302	0.008598452278589854	0.13671539122957868	0.3012145055044733	0.999140154772141	0.8054600171969046	0.005159071367153913	0.005159071367153913	NKG7;GNLY;GZMB;PRF1	CD4		0.0	0.0	0.0	0.0	0.0	0.0
infection_study_04	T_NK_lineage	6	CD8 Cytotoxic / T Effector Memory	1	1129	0.9566568419128567	0.9929140832595217	1.0	0.09171390611160318	0.2974092116917626	0.3891231178033658	0.6108768821966342	0.6108768821966342	0.0	1.0	0.728561075770996	0.9929140832595217	0.8848538529672276	0.8653675819309123	1.517662247184811	0.20814880425155005	0.057351638618246235	0.7387068201948627	0.5053144375553587	CCR7;TCF7;LEF1;MS4A1	KLRD1;FCGR3A		0.0	0.0	0.9964570416297609	0.8476527900797166	0.0	3.0528609388839683
infection_study_04	T_NK_lineage	6	NK Cell	2	1129	0.8302830899993145	0.970770593445527	1.0	0.4450451727192205	0.3578609388839681	0.6	0.4	0.4	0.0	1.0	0.6343002657218777	0.970770593445527	0.745792736935341	0.8653675819309123	1.6319617458974343	0.9512843224092117	0.37980513728963683	0.8635961027457927	0.6585473870682019	CD3D;CD3E;TRAC;MS4A1;LST1	CD8A;CD8B		0.0	0.0	0.13640389725420726	0.11160318866253321	0.0	0.7298494242692648
infection_study_04	T_NK_lineage	6	NKT Cell	3	1129	0.9311124820069916	0.9311124820069916	1.0	0.006944198405668733	0.3578609388839681	0.3648051372896368	0.6351948627103632	0.6351948627103632	0.0	0.9982285208148804	0.5564975325825636	0.8981399468556245	0.5066430469441984	0.7387068201948627	1.3149153831165044	0.0141718334809566	0.0070859167404783	0.8635961027457927	0.6585473870682019	MS4A1;LST1	CD8A;CD8B		0.0	0.0	0.0	0.0	0.0	0.6351948627103632
infection_study_04	T_NK_lineage	6	CD4 T Effector Memory	4	1129	0.8456599721251171	0.970770593445527	1.0	0.09007528786536759	0.4099424269264836	0.5000177147918512	0.4999822852081488	0.4999822852081488	0.0	0.9964570416297609	0.3586261194764295	0.970770593445527	0.03631532329495128	0.9689991142604074	1.4695159769594777	0.2046058458813109	0.05602302922940655	0.9884853852967228	0.7559787422497786	CCR7;TCF7;LEF1;FOXP3	NKG7;GNLY;GZMB;PRF1		0.0	0.0	0.0070859167404783	0.0	0.0008857395925597874	0.5123826395039859
infection_study_04	T_NK_lineage	6	CD8 Naive / T Central Memory	5	1129	0.761532661594352	0.8662533215234721	0.9721435795145427	0.5	0.015146147032772363	0.5151461470327724	0.45699743248177027	0.45699743248177027	0.0	0.9911426040744021	0.35567365416789687	0.8662533215234721	0.1355181576616475	0.8449955713020372	1.4235610319642822	0.9884853852967228	0.7559787422497786	0.03365810451727192	0.03365810451727192	NKG7;GNLY;GZMB;PRF1	CD4		0.0	0.0	0.001771479185119575	0.0	0.0	0.4598317991779616
infection_study_04	T_NK_lineage	6	gdT Cell	6	1129	0.877396211757717	0.877396211757717	0.7267218187803048	0.006944198405668733	0.3993135518157661	0.40625775022143484	0.32046406855887	0.32046406855887	0.0	0.9344552701505757	0.3389430174195453	0.5659875996457041	0.20903454384410983	0.48804251550044286	1.642936876538403	0.0141718334809566	0.0070859167404783	0.9486271036315324	0.7648361381753764	MS4A1;LST1	NKG7;GNLY		0.0	0.0	0.005314437555358724	0.0	0.0	0.32896716864744396
infection_study_04	T_NK_lineage	6	CD4 Naive / T Central Memory	7	1129	0.5709895583430439	0.5709895583430439	0.18511957484499558	0.5	0.3578609388839681	0.6	0.0	0.0	0.0	0.9300265721877768	0.19778565101860052	0.18511957484499558	0.006200177147918512	0.15411868910540302	0.42353081326825237	0.9884853852967228	0.6047829937998228	0.8635961027457927	0.6585473870682019	NKG7;GNLY;GZMB;PRF1;FOXP3	CD8A;CD8B		0.0	0.0	0.04428697962798937	0.0	0.0	0.070859167404783
infection_study_04	T_NK_lineage	6	Treg	8	1129	0.8047501542257866	0.8047501542257866	0.011514614703277236	0.5	0.058923826395039854	0.5589238263950399	0.0	0.0	0.0	0.9158547387068202	0.16350752878653677	0.011514614703277236	0.0	0.00974313551815766	0.33338642346202363	0.9946855624446412	0.7699291408325952	0.15677590788308238	0.07927369353410098	NKG7;GNLY;GZMB;CD8A	CCR7;TCF7		0.0	0.0	0.005314437555358724	0.005314437555358724	0.0	0.013817537643932683
infection_study_04	T_NK_lineage	6	MAIT Cell	9	1129	0.7271231749948591	0.7271231749948591	0.09477413640389726	0.006944198405668733	0.40482728077945085	0.4117714791851196	0.0	0.0	0.0	0.9061116031886626	0.22573706187523723	0.09477413640389726	0.0	0.09477413640389726	0.546701548791148	0.0141718334809566	0.0070859167404783	0.9769707705934455	0.7449069973427812	MS4A1;LST1	NKG7;GNLY;GZMB		0.0	0.0	0.0044286979627989375	0.002657218777679362	0.0	0.009743135518157663
infection_study_04	T_NK_lineage	7	CD8 Cytotoxic / T Effector Memory	1	992	0.7948568556218155	0.9163306451612904	1.0	0.10169354838709678	0.1627016129032258	0.2643951612903226	0.7356048387096774	0.7356048387096774	0.0	0.9929435483870968	0.49651759530791784	0.9163306451612904	0.5897177419354839	0.6784274193548387	1.4017721677638957	0.23084677419354838	0.06350806451612903	0.4213709677419355	0.24193548387096775	CCR7;TCF7;LEF1;MS4A1	KLRD1;FCGR3A		0.0	0.0	0.9848790322580645	0.6643145161290323	0.0	2.9757258064516128
infection_study_04	T_NK_lineage	7	NK Cell	2	992	0.7204857541069756	0.842741935483871	0.9595705468502854	0.3639112903225806	0.24533770161290322	0.6	0.35957054685028544	0.35957054685028544	0.0	0.96875	0.39868951612903225	0.842741935483871	0.4274193548387097	0.6784274193548387	1.4189273486914642	0.8024193548387096	0.26814516129032256	0.6189516129032258	0.39768145161290325	CD3D;CD3E;TRAC;MS4A1;LST1	CD8A;CD8B		0.0	0.0	0.1431451612903226	0.12600806451612903	0.0	0.7146108694309307
infection_study_04	T_NK_lineage	7	CD4 T Effector Memory	3	992	0.7543640185527909	0.8649193548387096	0.942648382166539	0.09950100806451612	0.35133568548387095	0.45083669354838707	0.49181168861815194	0.49181168861815194	0.0	0.9768145161290323	0.29413082437275984	0.8649193548387096	0.0625	0.8548387096774194	1.3109161093113177	0.22580645161290322	0.06224798387096774	0.9203629032258065	0.5015120967741935	CCR7;TCF7;LEF1;FOXP3	NKG7;GNLY;GZMB;PRF1		0.0	0.0	0.007056451612903226	0.0030241935483870967	0.04435483870967742	0.5593520111987971
infection_study_04	T_NK_lineage	7	CD4 Naive / T Central Memory	4	992	0.5556755089450957	0.5556755089450957	0.2469758064516129	0.4380483870967742	0.24533770161290322	0.6	0.0	0.0	0.0	0.8689516129032258	0.17762096774193548	0.2469758064516129	0.015120967741935484	0.18245967741935484	0.5577973013890465	0.9203629032258065	0.4014112903225806	0.6189516129032258	0.39768145161290325	NKG7;GNLY;GZMB;PRF1;FOXP3	CD8A;CD8B		0.0	0.0	0.3235887096774194	0.005040322580645161	0.0010080645161290322	0.523991935483871
infection_study_04	T_NK_lineage	7	NKT Cell	5	992	0.781707679301757	0.781707679301757	0.7311702400144642	0.004445564516129033	0.24533770161290322	0.24978326612903226	0.48138697388543195	0.48138697388543195	0.0	0.9627016129032258	0.3840725806451613	0.717741935483871	0.25100806451612906	0.5262096774193549	1.0537132181223727	0.009072580645161291	0.004536290322580645	0.6189516129032258	0.39768145161290325	MS4A1;LST1	CD8A;CD8B		0.0	0.0	0.0	0.0	0.0	0.48138697388543195
infection_study_04	T_NK_lineage	7	CD8 Naive / T Central Memory	6	992	0.6721445381223297	0.6721445381223297	0.6754299259090715	0.46007056451612904	0.029485887096774195	0.48955645161290323	0.18587347429616824	0.18587347429616824	0.0	0.9415322580645161	0.26601702508960573	0.655241935483871	0.11491935483870967	0.5745967741935484	1.0807519617008017	0.9203629032258065	0.5015120967741935	0.0655241935483871	0.0655241935483871	NKG7;GNLY;GZMB;PRF1	CD4		0.0	0.0	0.007056451612903226	0.0	0.0	0.1971637968768134
infection_study_04	T_NK_lineage	7	Treg	7	992	0.6854250919642653	0.6854250919642653	0.012096774193548387	0.4688205645161291	0.07205141129032258	0.5408719758064516	0.0	0.0	0.0	0.7631048387096774	0.11663306451612902	0.012096774193548387	0.0	0.010080645161290322	0.342407457443934	0.9334677419354839	0.5186491935483871	0.1905241935483871	0.09929435483870969	NKG7;GNLY;GZMB;CD8A	CCR7;TCF7		0.0	0.0	0.020161290322580645	0.020161290322580645	0.0	0.05241935483870967
infection_study_04	T_NK_lineage	7	gdT Cell	8	992	0.7609271825804831	0.7609271825804831	0.3494613879102049	0.004445564516129033	0.32464717741935484	0.3290927419354839	0.020368645974721045	0.020368645974721045	0.0	0.7862903225806451	0.217741935483871	0.34576612903225806	0.06754032258064516	0.2469758064516129	1.0147810355117874	0.009072580645161291	0.004536290322580645	0.8034274193548387	0.5574596774193549	MS4A1;LST1	NKG7;GNLY		0.0	0.0	0.012096774193548387	0.0020161290322580645	0.0	0.04173961371665653
infection_study_04	T_NK_lineage	7	MAIT Cell	9	992	0.6855964539493224	0.6855964539493224	0.07762096774193548	0.004445564516129033	0.33326612903225805	0.3377116935483871	0.0	0.0	0.0	0.7973790322580645	0.18375576036866362	0.07762096774193548	0.0010080645161290322	0.07661290322580645	0.457197934673824	0.009072580645161291	0.004536290322580645	0.8608870967741935	0.5	MS4A1;LST1	NKG7;GNLY;GZMB		0.0	0.0	0.008064516129032258	0.0030241935483870967	0.0	0.01592741935483871
infection_study_04	T_NK_lineage	8	CD4 Naive / T Central Memory	1	939	0.8448602828615167	0.8448602828615167	0.9892223512866274	0.03202981895633653	0.03314696485623003	0.06517678381256656	0.9240455674740609	0.9240455674740609	0.0	0.9946751863684771	0.44153354632587866	0.7997870074547391	0.31629392971246006	0.6549520766773163	1.7577413753275533	0.07454739084132056	0.016826411075612356	0.08626198083067092	0.04845580404685836	NKG7;GNLY;GZMB;PRF1;FOXP3	CD8A;CD8B		0.0	0.0	0.9957401490947817	0.7422790202342918	0.8764643237486688	4.311266014758406
infection_study_04	T_NK_lineage	8	CD8 Naive / T Central Memory	2	939	0.8022482692439509	0.8022482692439509	0.8592145092143666	0.03202875399361023	0.08051118210862619	0.11253993610223642	0.7466745731121301	0.7466745731121301	0.0	0.9914802981895634	0.3818483019760975	0.7859424920127795	0.26198083067092653	0.6549520766773163	1.2930880688063484	0.0724174653887114	0.020500532481363153	0.17891373801916932	0.17891373801916932	NKG7;GNLY;GZMB;PRF1	CD4		0.0	0.0	0.10436634717784878	0.01703940362087327	0.0	0.9307001322175614
infection_study_04	T_NK_lineage	8	NKT Cell	3	939	0.5074028377544726	0.5074028377544726	0.43024494142705005	0.010553780617678383	0.03314696485623003	0.04370074547390841	0.38654419595314166	0.38654419595314166	0.0	0.7625133120340788	0.1741974745169633	0.43024494142705005	0.008519701810436636	0.422790202342918	0.637440130043837	0.021299254526091587	0.011182108626198083	0.08626198083067092	0.04845580404685836	MS4A1;LST1	CD8A;CD8B		0.0	0.0	0.0	0.0	0.0	0.38654419595314166
infection_study_04	T_NK_lineage	8	CD4 T Effector Memory	4	939	0.596910914616035	0.596910914616035	0.22470713525026625	0.398269435569755	0.02480031948881789	0.4230697550585729	0.0	0.0	0.0	0.9084132055378061	0.21382084960359718	0.22470713525026625	0.006389776357827476	0.17891373801916932	0.35166825704365057	0.8487752928647497	0.3442492012779553	0.0724174653887114	0.020500532481363153	CCR7;TCF7;LEF1;FOXP3	NKG7;GNLY;GZMB;PRF1		0.0	0.0	0.05218317358892439	0.05218317358892439	0.03301384451544196	0.17529286474973377
infection_study_04	T_NK_lineage	8	Treg	5	939	0.6508899399090639	0.6508899399090639	0.04472843450479233	0.04534611288604899	0.30343450479233225	0.34878061767838126	0.0	0.0	0.0	0.6943556975505857	0.1012779552715655	0.04472843450479233	0.0010649627263045794	0.024494142705005325	0.848061529005631	0.1033013844515442	0.027689030883919066	0.7646432374866879	0.4936102236421725	NKG7;GNLY;GZMB;CD8A	CCR7;TCF7		0.0	0.0	0.05644302449414271	0.042598509052183174	0.01597444089456869	0.15207667731629393
infection_study_04	T_NK_lineage	8	CD8 Cytotoxic / T Effector Memory	6	939	0.47053716270249274	0.47053716270249274	0.1033013844515442	0.3985623003194888	0.008067092651757188	0.406629392971246	0.0	0.0	0.0	0.6719914802981896	0.08703649917707425	0.1033013844515442	0.004259850905218318	0.06496272630457935	0.17145360365967147	0.8487752928647497	0.34558040468583595	0.021299254526091587	0.011182108626198083	CCR7;TCF7;LEF1;MS4A1	KLRD1;FCGR3A		0.0	0.0	0.014909478168264111	0.0010649627263045794	0.0	0.02492012779552716
infection_study_04	T_NK_lineage	8	MAIT Cell	7	939	0.7705577261406996	0.7705577261406996	0.03727369542066028	0.010553780617678383	0.015069222577209797	0.02562300319488818	0.0116506922257721	0.0116506922257721	0.0	0.8881789137380192	0.22409858512094935	0.03727369542066028	0.0010649627263045794	0.03514376996805112	0.24666967813437057	0.021299254526091587	0.011182108626198083	0.042598509052183174	0.01526446574369897	MS4A1;LST1	NKG7;GNLY;GZMB		0.0	0.0	0.0	0.0	0.0	0.0116506922257721
infection_study_04	T_NK_lineage	8	NK Cell	8	939	0.16048621107226907	0.16048621107226907	0.04792332268370607	0.3393397231096912	0.03314696485623003	0.3724866879659212	0.0	0.0	0.0	0.10010649627263046	0.015175718849840255	0.04792332268370607	0.004259850905218318	0.03514376996805112	0.09638201578107536	0.7561235356762513	0.23642172523961663	0.08626198083067092	0.04845580404685836	CD3D;CD3E;TRAC;MS4A1;LST1	CD8A;CD8B		0.0	0.0	0.004259850905218318	0.003194888178913738	0.0	0.010010649627263047
infection_study_04	T_NK_lineage	8	gdT Cell	9	939	0.6588754084127311	0.6588754084127311	0.01703940362087327	0.010553780617678383	0.01573482428115016	0.026288604898828543	0.0	0.0	0.0	0.5953141640042598	0.12140575079872205	0.01703940362087327	0.002129925452609159	0.010649627263045794	0.07712671827599135	0.021299254526091587	0.011182108626198083	0.04153354632587859	0.021831735889243878	MS4A1;LST1	NKG7;GNLY		0.0	0.0	0.0	0.0	0.0	0.0
infection_study_04	T_NK_lineage	9	CD4 Naive / T Central Memory	1	905	0.8772591221696712	0.8772591221696712	1.0	0.03674254143646409	0.03314917127071823	0.06989171270718232	0.9301082872928177	0.9301082872928177	0.0	0.9966850828729282	0.525635359116022	0.8574585635359117	0.481767955801105	0.6662983425414365	1.8829245153016363	0.08287292817679558	0.023867403314917133	0.08287292817679558	0.055248618784530384	NKG7;GNLY;GZMB;PRF1;FOXP3	CD8A;CD8B		0.0	0.0	1.0	0.5370165745856353	0.8939226519337017	4.139832044198895
infection_study_04	T_NK_lineage	9	CD8 Naive / T Central Memory	2	905	0.8455914273310942	0.8455914273310942	0.8587826343015966	0.03757458563535912	0.17751381215469614	0.21508839779005526	0.6436942365115413	0.6436942365115413	0.0	0.9933701657458563	0.4477593615715162	0.7856353591160221	0.33038674033149174	0.6662983425414365	1.292589100742298	0.08176795580110498	0.029558011049723762	0.39447513812154694	0.39447513812154694	NKG7;GNLY;GZMB;PRF1	CD4		0.0	0.0	0.0430939226519337	0.02541436464088398	0.0	0.7380588773955192
infection_study_04	T_NK_lineage	9	CD4 T Effector Memory	3	905	0.7142139054538807	0.7142139054538807	0.4243093922651934	0.3947127071823205	0.028964088397790057	0.42367679558011057	0.0006325966850828091	0.0006325966850828091	0.0	0.96353591160221	0.2892572130141191	0.4243093922651934	0.009944751381215469	0.39447513812154694	0.6507378944092601	0.8287292817679558	0.362707182320442	0.08176795580110498	0.029558011049723762	CCR7;TCF7;LEF1;FOXP3	NKG7;GNLY;GZMB;PRF1		0.0	0.0	0.20883977900552486	0.20883977900552486	0.017679558011049725	0.5648314917127072
infection_study_04	T_NK_lineage	9	NKT Cell	4	905	0.5942947883108278	0.5942947883108278	0.5933701657458563	0.011370165745856354	0.03314917127071823	0.04451933701657458	0.5488508287292817	0.5488508287292817	0.0	0.8795580110497238	0.24340962904498814	0.5933701657458563	0.015469613259668509	0.5823204419889503	0.8736326547464524	0.023204419889502764	0.011602209944751382	0.08287292817679558	0.055248618784530384	MS4A1;LST1	CD8A;CD8B		0.0	0.0	0.0	0.0	0.0	0.5488508287292817
infection_study_04	T_NK_lineage	9	Treg	5	905	0.8029337171841798	0.8029337171841798	0.37044198895027625	0.04988397790055248	0.31267955801104974	0.36256353591160223	0.007878453038674016	0.007878453038674016	0.0	0.8607734806629834	0.16519337016574584	0.12044198895027625	0.0066298342541436465	0.06850828729281767	2.0213045302076043	0.11160220994475138	0.03397790055248619	0.7723756906077348	0.5397790055248619	NKG7;GNLY;GZMB;CD8A	CCR7;TCF7		0.0	0.0	0.07955801104972375	0.07845303867403315	0.0033149171270718232	0.21760220994475135
infection_study_04	T_NK_lineage	9	MAIT Cell	6	905	0.8215207804967213	0.8215207804967213	0.05414364640883978	0.011370165745856354	0.02143646408839779	0.03280662983425414	0.021337016574585636	0.021337016574585636	0.0	0.9403314917127071	0.2839779005524862	0.05414364640883978	0.0	0.049723756906077346	0.3346954891772324	0.023204419889502764	0.011602209944751382	0.05856353591160221	0.025782688766114184	MS4A1;LST1	NKG7;GNLY;GZMB		0.0	0.0	0.0011049723756906078	0.0011049723756906078	0.0	0.024209944751381218
infection_study_04	T_NK_lineage	9	CD8 Cytotoxic / T Effector Memory	7	905	0.5005483583521831	0.5005483583521831	0.1005524861878453	0.3957348066298343	0.009281767955801105	0.4050165745856354	0.0	0.0	0.0	0.7922651933701658	0.12194876946258161	0.1005524861878453	0.011049723756906077	0.05856353591160221	0.1672938264805448	0.830939226519337	0.36353591160221	0.02430939226519337	0.013259668508287293	CCR7;TCF7;LEF1;MS4A1	KLRD1;FCGR3A		0.0	0.0	0.0055248618784530384	0.0011049723756906078	0.0	0.00994475138121547
infection_study_04	T_NK_lineage	9	gdT Cell	8	905	0.7018187218680741	0.7018187218680741	0.03867403314917127	0.011370165745856354	0.01798342541436464	0.029353591160220995	0.009320441988950275	0.009320441988950275	0.0	0.7646408839779005	0.18268876611418047	0.03867403314917127	0.0066298342541436465	0.019889502762430938	0.1388369541979992	0.023204419889502764	0.011602209944751382	0.04640883977900553	0.027071823204419893	MS4A1;LST1	NKG7;GNLY		0.0	0.0	0.0	0.0	0.0	0.009320441988950275
infection_study_04	T_NK_lineage	9	NK Cell	9	905	0.16048621107226907	0.16048621107226907	0.05414364640883978	0.4049635359116022	0.03314917127071823	0.4381127071823204	0.0	0.0	0.0	0.10828729281767956	0.022375690607734807	0.05414364640883978	0.008839779005524863	0.03535911602209945	0.10673237746030759	0.8740331491712707	0.3310497237569061	0.08287292817679558	0.055248618784530384	CD3D;CD3E;TRAC;MS4A1;LST1	CD8A;CD8B		0.0	0.0	0.0022099447513812156	0.0022099447513812156	0.0	0.00574585635359116
