study	lineage	cluster	candidate_label	rank_within_cluster	n_cells	marker_pct	marker_decision_score	marker_gate_score	key_marker_bonus	marker_any_fraction	marker_mean_positive_fraction	key_marker_any_fraction	key_marker_two_fraction	key_marker_max_fraction	key_marker_enrichment	ref_fraction	raw_fraction	screfmapping_fraction	total_score
infection_study_04	B_lineage	0	Naive B Cell	1	929	0.9812644229670756	1.0	1.0	0.0	1.0	0.6864908503767494	1.0	0.0	0.6864908503767494	1.13983424440134	0.9730893433799784	0.9644779332615716	0.0	3.5214208826695375
infection_study_04	B_lineage	0	Memory B Cell	2	929	0.32627321954897526	0.32627321954897526	0.32627321954897526	0.0	0.7502691065662002	0.09157312009841612	0.26695371367061355	0.00968783638320775	0.23896663078579117	0.5635942027001357	0.04520990312163617	0.03336921420882669	0.0	0.4319782787524198
infection_study_04	B_lineage	0	Plasma Cell	3	929	0.3222976214956474	0.3222976214956474	0.3222976214956474	0.0	0.38966630785791173	0.05229637603157517	0.155005382131324	0.007534983853606028	0.11517761033369214	0.2943239815051487	0.002152852529601722	0.002152852529601722	0.0	0.3278950380726119
infection_study_04	B_lineage	1	Plasma Cell	1	590	0.8988507322868828	0.8988507322868828	0.8988507322868828	0.0	0.9813559322033898	0.37725988700564966	0.811864406779661	0.423728813559322	0.5949152542372881	1.4659788749692948	0.9830508474576272	0.9593220338983051	0.0	3.4310541221173914
infection_study_04	B_lineage	1	Naive B Cell	2	590	0.9354650764274454	0.9354650764274454	0.9354650764274454	0.0	0.9288135593220339	0.1847457627118644	0.9288135593220339	0.0	0.1847457627118644	1.0594968752708547	0.061016949152542375	0.005084745762711864	0.0	1.038176940834225
infection_study_04	B_lineage	1	Memory B Cell	3	590	0.32627321954897526	0.32627321954897526	0.32627321954897526	0.0	0.4	0.06392251815980629	0.3101694915254237	0.04067796610169491	0.10508474576271186	0.6515372800517367	0.015254237288135594	0.005084745762711864	0.0	0.35576474497270405
infection_study_04	B_lineage	10	Plasma Cell	1	269	0.9690406013663262	0.9851301115241635	0.9851301115241635	0.0	1.0	0.5780669144981413	0.9851301115241635	0.9144981412639405	0.9256505576208178	1.7750369882259327	0.9962825278810409	0.9739776951672863	0.0	3.5531598513011153
infection_study_04	B_lineage	10	Naive B Cell	2	269	0.8084744213676971	0.8084744213676971	0.8084744213676971	0.0	0.6505576208178439	0.11988847583643121	0.6505576208178439	0.0	0.11988847583643121	0.7454714817905486	0.0	0.0	0.0	0.8084744213676971
infection_study_04	B_lineage	10	Memory B Cell	3	269	0.713996846939475	0.713996846939475	0.713996846939475	0.0	0.6617100371747212	0.13117365905469994	0.5910780669144982	0.15985130111524162	0.3643122676579926	1.2231795320358627	0.022304832713754646	0.0	0.0	0.7496845792814824
infection_study_04	B_lineage	11	Plasma Cell	1	258	0.9611693741860305	0.9922480620155039	0.9922480620155039	0.0	1.0	0.5390826873385014	0.9922480620155039	0.8488372093023255	0.9031007751937985	1.7877334439518462	1.0	0.9961240310077519	0.0	3.588372093023256
infection_study_04	B_lineage	11	Naive B Cell	2	258	0.8523716498731921	0.8523716498731921	0.8523716498731921	0.0	0.7248062015503876	0.13501291989664085	0.7248062015503876	0.0	0.13501291989664085	0.8292646252728761	0.007751937984496124	0.0	0.0	0.8647747506483859
infection_study_04	B_lineage	11	Memory B Cell	3	258	0.6826433157401695	0.6826433157401695	0.6826433157401695	0.0	0.5813953488372093	0.1076965669988926	0.5387596899224806	0.13178294573643412	0.3062015503875969	1.116712882513156	0.007751937984496124	0.0	0.0	0.6950464165153633
infection_study_04	B_lineage	12	Plasma Cell	1	254	0.9760207462243242	0.9921259842519685	0.9921259842519685	0.0	1.0	0.6204068241469817	0.9921259842519685	0.9724409448818898	0.9724409448818898	1.787515690973411	1.0	1.0	0.0	3.5921259842519686
infection_study_04	B_lineage	12	Naive B Cell	2	254	0.807012132428542	0.807012132428542	0.807012132428542	0.0	0.6496062992125984	0.11843832020997375	0.6496062992125984	0.0	0.11843832020997375	0.7443978689756003	0.0	0.0	0.0	0.807012132428542
infection_study_04	B_lineage	12	Memory B Cell	3	254	0.6944958530399616	0.6944958530399616	0.6944958530399616	0.0	0.6968503937007874	0.12992125984251965	0.6377952755905512	0.15748031496062992	0.40551181102362205	1.3182479376087528	0.011811023622047244	0.0	0.0	0.7133934908352373
infection_study_04	B_lineage	13	Naive B Cell	1	244	0.9143190074713825	1.0	1.0	0.0	1.0	0.44979508196721313	1.0	0.0	0.44979508196721313	1.13983424440134	0.6229508196721312	0.5409836065573771	0.0	2.537704918032787
infection_study_04	B_lineage	13	Memory B Cell	2	244	0.32627321954897526	0.3975409836065574	0.3975409836065574	0.0	0.8073770491803278	0.1413934426229508	0.3975409836065574	0.09836065573770492	0.22131147540983606	0.8293361828559515	0.46311475409836067	0.3114754098360656	0.0	1.4500000000000002
infection_study_04	B_lineage	13	Plasma Cell	3	244	0.3222976214956474	0.3222976214956474	0.3222976214956474	0.0	0.569672131147541	0.09016393442622951	0.23770491803278687	0.02459016393442623	0.11475409836065574	0.4418370890216934	0.00819672131147541	0.00819672131147541	0.0	0.34360909690548347
infection_study_04	B_lineage	14	Naive B Cell	1	221	0.9150730002056344	0.9411764705882353	0.9411764705882353	0.0	0.9411764705882353	0.44042232277526394	0.9411764705882353	0.0	0.44042232277526394	1.073449023411163	0.5339366515837104	0.4841628959276018	0.0	2.2796380090497737
infection_study_04	B_lineage	14	Memory B Cell	2	221	0.6988370233280782	0.6988370233280782	0.6988370233280782	0.0	0.8190045248868778	0.1845507433742728	0.5520361990950227	0.2081447963800905	0.2579185520361991	1.1437302620693626	0.3438914027149321	0.27149321266968324	0.0	1.5205564803416527
infection_study_04	B_lineage	14	Plasma Cell	3	221	0.3222976214956474	0.38461538461538464	0.38461538461538464	0.0	0.6334841628959276	0.13386123680241327	0.38461538461538464	0.09049773755656108	0.21266968325791855	0.7038847440185233	0.11312217194570136	0.09954751131221719	0.0	0.6651583710407241
infection_study_04	B_lineage	15	Plasma Cell	1	197	0.9551488564443531	0.9551488564443531	0.9551488564443531	0.0	0.9847715736040609	0.4936548223350254	0.934010152284264	0.817258883248731	0.868020304568528	1.6838531144423883	0.9695431472081218	0.9746192893401016	0.0	3.4810371813174497
infection_study_04	B_lineage	15	Naive B Cell	2	197	0.816128590033587	0.816128590033587	0.816128590033587	0.0	0.6598984771573604	0.12436548223350254	0.6598984771573604	0.0	0.12436548223350254	0.7560130936002657	0.030456852791878174	0.015228426395939087	0.0	0.8800879808965312
infection_study_04	B_lineage	15	Memory B Cell	3	197	0.6686544656933306	0.6686544656933306	0.6686544656933306	0.0	0.5888324873096447	0.11058738216098621	0.4873096446700508	0.10152284263959391	0.2436548223350254	1.0120132673730764	0.03553299492385787	0.01015228426395939	0.0	0.7356595418354627
infection_study_04	B_lineage	16	Plasma Cell	1	187	0.9678067950739141	0.9678067950739141	0.9678067950739141	0.0	0.983957219251337	0.5258467023172906	0.946524064171123	0.7807486631016043	0.8342245989304813	1.7061744734379005	0.9893048128342246	0.9786096256684492	0.0	3.529304121277123
infection_study_04	B_lineage	16	Naive B Cell	2	187	0.8348755911988485	0.8348755911988485	0.8348755911988485	0.0	0.7219251336898396	0.1461675579322638	0.7219251336898396	0.0	0.1461675579322638	0.8260131997205031	0.03208556149732621	0.0	0.0	0.8862124895945704
infection_study_04	B_lineage	16	Memory B Cell	3	187	0.6977288824913748	0.6977288824913748	0.6977288824913748	0.0	0.6042780748663101	0.12184873949579832	0.5401069518716578	0.17647058823529413	0.3048128342245989	1.1194545284510684	0.016042780748663103	0.0	0.0	0.7233973316892357
infection_study_04	B_lineage	17	Plasma Cell	1	70	0.9414855941691228	0.9414855941691228	0.9414855941691228	0.0	0.8571428571428571	0.4166666666666667	0.7285714285714285	0.6428571428571429	0.6285714285714286	1.3174072304507085	0.7571428571428571	0.7571428571428571	0.0	2.9100570227405513
infection_study_04	B_lineage	17	Naive B Cell	2	70	0.8762366623254964	0.8762366623254964	0.8762366623254964	0.0	0.8142857142857143	0.20714285714285716	0.8142857142857143	0.0	0.20714285714285716	0.9302466181323525	0.14285714285714285	0.1	0.0	1.204808090896925
infection_study_04	B_lineage	17	Memory B Cell	3	70	0.7223307514794252	0.7223307514794252	0.7223307514794252	0.0	0.6714285714285714	0.14285714285714288	0.5285714285714286	0.21428571428571427	0.34285714285714286	1.0959800136270725	0.11428571428571428	0.1	0.0	1.005187894336568
infection_study_04	B_lineage	18	Plasma Cell	1	54	0.8894715196380835	0.9074074074074074	0.9074074074074074	0.0	0.9629629629629629	0.36728395061728397	0.9074074074074074	0.3148148148148148	0.5555555555555556	1.6364011726330567	0.9629629629629629	0.9074074074074074	0.0	3.3555555555555556
infection_study_04	B_lineage	18	Naive B Cell	2	54	0.9365732172641488	0.9365732172641488	0.9365732172641488	0.0	0.8703703703703703	0.17129629629629628	0.8703703703703703	0.0	0.17129629629629628	0.993540887034098	0.0	0.0	0.0	0.9365732172641488
infection_study_04	B_lineage	18	Memory B Cell	3	54	0.32627321954897526	0.32627321954897526	0.32627321954897526	0.0	0.37037037037037035	0.05687830687830687	0.3148148148148148	0.037037037037037035	0.14814814814814814	0.6609904021668728	0.0	0.0	0.0	0.32627321954897526
infection_study_04	B_lineage	19	Plasma Cell	1	36	0.8687138711814837	0.8687138711814837	0.8687138711814837	0.0	0.8611111111111112	0.34027777777777785	0.75	0.4166666666666667	0.6111111111111112	1.3556298773690076	0.5833333333333334	0.5833333333333334	0.0	2.3853805378481505
infection_study_04	B_lineage	19	Naive B Cell	2	36	0.856884182146366	0.856884182146366	0.856884182146366	0.0	0.8333333333333334	0.2962962962962963	0.8333333333333334	0.0	0.2962962962962963	0.9517427849291719	0.25	0.25	0.0	1.5068841821463659
infection_study_04	B_lineage	19	Memory B Cell	3	36	0.32627321954897526	0.3888888888888889	0.3888888888888889	0.0	0.5555555555555556	0.09722222222222222	0.3888888888888889	0.08333333333333333	0.2777777777777778	0.8117293764352589	0.16666666666666666	0.16666666666666666	0.0	0.8222222222222222
infection_study_04	B_lineage	2	Plasma Cell	1	457	0.9773573697077707	0.9934354485776805	0.9934354485776805	0.0	1.0	0.5955506929248724	0.9934354485776805	0.9321663019693655	0.962800875273523	1.7898514132935213	1.0	1.0	0.0	3.5934354485776807
infection_study_04	B_lineage	2	Naive B Cell	2	457	0.8068978911051705	0.8068978911051705	0.8068978911051705	0.0	0.6586433260393874	0.12217359591539023	0.6586433260393874	0.0	0.12217359591539023	0.7545965943664397	0.0	0.0	0.0	0.8068978911051705
infection_study_04	B_lineage	2	Memory B Cell	3	457	0.7257522791144012	0.7257522791144012	0.7257522791144012	0.0	0.6673960612691466	0.14082525789309158	0.6477024070021882	0.21444201312910285	0.36323851203501095	1.3384087137723384	0.00437636761487965	0.0	0.0	0.7327544672982087
infection_study_04	B_lineage	3	Plasma Cell	1	436	0.978294148559417	1.0	1.0	0.0	1.0	0.6376146788990825	1.0	0.9288990825688074	0.9541284403669725	1.801560758082497	1.0	0.9977064220183486	0.0	3.597706422018349
infection_study_04	B_lineage	3	Memory B Cell	2	436	0.7456359814472091	0.7456359814472091	0.7456359814472091	0.0	0.7293577981651376	0.15612712975098297	0.6651376146788991	0.22247706422018348	0.36009174311926606	1.3738889456104784	0.027522935779816515	0.0	0.0	0.7896726786949155
infection_study_04	B_lineage	3	Naive B Cell	3	436	0.3997989352708662	0.658256880733945	0.658256880733945	0.0	0.658256880733945	0.10932721712538225	0.658256880733945	0.0	0.10932721712538225	0.7541604719973987	0.0	0.0	0.0	0.658256880733945
infection_study_04	B_lineage	4	Memory B Cell	1	411	0.755637809308383	0.755637809308383	0.755637809308383	0.0	0.8637469586374696	0.15745568300312826	0.41849148418491483	0.06569343065693431	0.21654501216545013	0.8719699519184276	0.8661800486618005	0.7785888077858881	0.0	2.9201146949531522
infection_study_04	B_lineage	4	Naive B Cell	2	411	0.8607169785454795	0.9951338199513382	0.9951338199513382	0.0	0.9951338199513382	0.29744525547445255	0.9951338199513382	0.0	0.29744525547445255	1.1343425229568973	0.2384428223844282	0.18248175182481752	0.0	1.5591240875912409
infection_study_04	B_lineage	4	Plasma Cell	3	411	0.3222976214956474	0.3222976214956474	0.3222976214956474	0.0	0.6399026763990268	0.08536090835360909	0.13381995133819952	0.004866180048661801	0.072992700729927	0.256535030257658	0.019464720194647202	0.021897810218978103	0.0	0.37533898402606103
infection_study_04	B_lineage	5	Memory B Cell	1	403	0.7577741220554299	0.7577741220554299	0.7577741220554299	0.0	0.9181141439205955	0.18025522864232543	0.46898263027295284	0.10173697270471464	0.3027295285359802	0.9747182301261997	0.7866004962779156	0.7295285359801489	0.0	2.745863452080244
infection_study_04	B_lineage	5	Naive B Cell	2	403	0.9196883496698426	0.9975186104218362	0.9975186104218362	0.0	0.9975186104218362	0.4042597187758478	0.9975186104218362	0.0	0.4042597187758478	1.137033875277685	0.36724565756823824	0.27791563275434245	0.0	1.86302729528536
infection_study_04	B_lineage	5	Plasma Cell	3	403	0.3222976214956474	0.3222976214956474	0.3222976214956474	0.0	0.6774193548387096	0.09553349875930521	0.1662531017369727	0.009925558312655087	0.10421836228287841	0.31438680354420995	0.01488833746898263	0.01488833746898263	0.0	0.3610072989150022
infection_study_04	B_lineage	6	Naive B Cell	1	401	0.9472890533963946	0.9975062344139651	0.9975062344139651	0.0	0.9975062344139651	0.47402327514546966	0.9975062344139651	0.0	0.47402327514546966	1.1370199083493875	0.7755610972568578	0.713216957605985	0.0	2.9516209476309228
infection_study_04	B_lineage	6	Memory B Cell	2	401	0.32627321954897526	0.32627321954897526	0.32627321954897526	0.0	0.7880299251870324	0.10384752404702528	0.27680798004987534	0.032418952618453865	0.17955112219451372	0.5836473997835301	0.29177057356608477	0.2144638403990025	0.0	1.0075699776537133
infection_study_04	B_lineage	6	Plasma Cell	3	401	0.3222976214956474	0.3222976214956474	0.3222976214956474	0.0	0.4089775561097257	0.051537822111388194	0.12468827930174564	0.0024937655860349127	0.06982543640897755	0.24024665204324752	0.014962593516209476	0.014962593516209476	0.0	0.36120036463779204
infection_study_04	B_lineage	7	Memory B Cell	1	384	0.9418226060730688	0.9418226060730688	0.9418226060730688	0.0	0.9635416666666666	0.2700892857142857	0.8046875	0.3723958333333333	0.6145833333333334	1.6578696343402226	0.8020833333333334	0.75	0.0	2.975155939406402
infection_study_04	B_lineage	7	Naive B Cell	2	384	0.9181175314734846	1.0	1.0	0.0	1.0	0.37717013888888884	1.0	0.0	0.37717013888888884	1.13983424440134	0.22395833333333334	0.20052083333333334	0.0	1.5588541666666669
infection_study_04	B_lineage	7	Plasma Cell	3	384	0.3222976214956474	0.3222976214956474	0.3222976214956474	0.0	0.734375	0.09917534722222222	0.15104166666666666	0.010416666666666666	0.078125	0.2872538089929394	0.018229166666666668	0.018229166666666668	0.0	0.36969345482898075
infection_study_04	B_lineage	8	Plasma Cell	1	329	0.9705942833641785	0.9756838905775076	0.9756838905775076	0.0	1.0	0.5215298885511651	0.9756838905775076	0.8905775075987842	0.9027355623100304	1.7581875417213066	0.9969604863221885	0.993920972644377	0.0	3.5647416413373865
infection_study_04	B_lineage	8	Naive B Cell	2	329	0.9789567482349716	0.9789567482349716	0.9789567482349716	0.0	0.9148936170212766	0.18389057750759874	0.9148936170212766	0.0	0.18389057750759874	1.0437875416921478	0.0182370820668693	0.0060790273556231	0.0	1.0142151068975855
infection_study_04	B_lineage	8	Memory B Cell	3	329	0.7202344231955583	0.7202344231955583	0.7202344231955583	0.0	0.6291793313069909	0.12635692574902302	0.5835866261398176	0.1884498480243161	0.3738601823708207	1.2079346287105988	0.00911854103343465	0.00303951367781155	0.0	0.7378636025268653
infection_study_04	B_lineage	9	Memory B Cell	1	270	0.8107763840336326	0.8107763840336326	0.8107763840336326	0.0	0.9592592592592593	0.2394179894179894	0.5444444444444444	0.1925925925925926	0.3148148148148148	1.1282812223988694	0.9481481481481482	0.8962962962962963	0.0	3.224109717366966
infection_study_04	B_lineage	9	Naive B Cell	2	270	0.8229259487741907	0.9925925925925926	0.9925925925925926	0.0	0.9925925925925926	0.34228395061728395	0.9925925925925926	0.0	0.34228395061728395	1.1314746239803548	0.13333333333333333	0.1111111111111111	0.0	1.317037037037037
infection_study_04	B_lineage	9	Plasma Cell	3	270	0.3222976214956474	0.3222976214956474	0.3222976214956474	0.0	0.8555555555555555	0.13117283950617284	0.2074074074074074	0.011111111111111112	0.1259259259259259	0.3877947066352863	0.011111111111111112	0.011111111111111112	0.0	0.3511865103845363
infection_study_04	T_NK_lineage	0	CD8 Cytotoxic / T Effector Memory	1	1345	0.9254232641030914	1.0	1.0	0.0	1.0	0.7389272437599574	1.0	0.0	0.7389272437599574	1.4128699762840233	0.9947955390334573	0.0	0.0	2.5916728624535317
infection_study_04	T_NK_lineage	0	NK Cell	2	1345	0.818127813192588	0.995539033457249	0.995539033457249	0.0	0.995539033457249	0.654275092936803	0.995539033457249	0.0	0.654275092936803	1.5342800346510244	0.13457249070631971	0.12267657992565056	0.0	1.3335315985130112
infection_study_04	T_NK_lineage	0	CD4 T Effector Memory	3	1345	0.791909429478831	0.9977695167286246	0.9977695167286246	0.0	1.0	0.45307406348298535	0.9977695167286246	0.9524163568773234	0.9650557620817843	1.4840317088036619	0.008178438661710037	0.0	0.0	1.0108550185873606
infection_study_04	T_NK_lineage	0	CD4 Naive / T Central Memory	4	1345	0.1549683551534261	0.9130111524163569	0.9130111524163569	0.0	0.9130111524163569	0.16193308550185875	0.9130111524163569	0.0	0.16193308550185875	1.1061698827976776	0.051301115241635685	0.0	0.0	0.995092936802974
infection_study_04	T_NK_lineage	0	CD8 Naive / T Central Memory	5	1345	0.8129641053761967	0.8736059479553904	0.8736059479553904	0.0	0.8736059479553904	0.29412639405204455	0.8736059479553904	0.0	0.29412639405204455	1.3466112820679712	0.002973977695167286	0.0	0.0	0.878364312267658
infection_study_04	T_NK_lineage	0	ydT Cell	6	1345	0.8238513034934997	0.8238513034934997	0.8238513034934997	0.0	0.5516728624535316	0.25130111524163573	0.5516728624535316	0.0	0.25130111524163573	1.5990210463162349	0.013382899628252789	0.0007434944237918215	0.0	0.846007437322496
infection_study_04	T_NK_lineage	0	Treg	7	1345	0.44820298398336644	0.44820298398336644	0.44820298398336644	0.0	0.283271375464684	0.04629942548158162	0.010408921933085501	0.0	0.009665427509293681	0.31671814922426733	0.005947955390334572	0.0037174721189591076	0.0	0.46143718472686085
infection_study_04	T_NK_lineage	0	MAIT Cell	8	1345	0.4278794525555784	0.4278794525555784	0.4278794525555784	0.0	0.10483271375464684	0.02695167286245353	0.10483271375464684	0.0	0.02695167286245353	0.445964991446279	0.001486988847583643	0.0007434944237918215	0.0	0.43100212913550406
infection_study_04	T_NK_lineage	1	NK Cell	1	1284	0.9414284735074372	1.0	1.0	0.0	1.0	0.8507788161993769	1.0	0.0	0.8507788161993769	1.541086704182546	1.0	1.0	0.0	3.6
infection_study_04	T_NK_lineage	1	CD8 Cytotoxic / T Effector Memory	2	1284	0.8937784175291886	1.0	1.0	0.0	1.0	0.6351802403204273	1.0	0.0	0.6351802403204273	1.4128699762840233	0.03582554517133956	0.0	0.0	1.0573208722741434
infection_study_04	T_NK_lineage	1	CD4 T Effector Memory	3	1284	0.5070486896520209	1.0	1.0	0.0	1.0	0.47028516654684877	1.0	0.9914330218068536	0.9906542056074766	1.487316297041082	0.0	0.0	0.0	1.0
infection_study_04	T_NK_lineage	1	MAIT Cell	4	1284	0.8747915095848471	0.8747915095848471	0.8747915095848471	0.0	0.5615264797507789	0.14116043613707163	0.5615264797507789	0.0	0.14116043613707163	2.219583543048193	0.0	0.0	0.0	0.8747915095848471
infection_study_04	T_NK_lineage	1	ydT Cell	5	1284	0.39928484931569447	0.4976635514018692	0.4976635514018692	0.0	0.4976635514018692	0.21573208722741433	0.4976635514018692	0.0	0.21573208722741433	1.445262460417324	0.0	0.0	0.0	0.4976635514018692
infection_study_04	T_NK_lineage	1	Treg	6	1284	0.44820298398336644	0.44820298398336644	0.44820298398336644	0.0	0.4532710280373832	0.07370433305012744	0.006230529595015576	0.0	0.003115264797507788	0.2518752980249099	0.0	0.0	0.0	0.44820298398336644
infection_study_04	T_NK_lineage	1	CD4 Naive / T Central Memory	7	1284	0.1549683551534261	0.29750778816199375	0.29750778816199375	0.0	0.29750778816199375	0.039511941848390436	0.29750778816199375	0.0	0.039511941848390436	0.368528433378112	0.003115264797507788	0.0	0.0	0.30249221183800623
infection_study_04	T_NK_lineage	1	CD8 Naive / T Central Memory	8	1284	0.2960906619142276	0.2960906619142276	0.2960906619142276	0.0	0.20015576323987538	0.04439252336448598	0.20015576323987538	0.0	0.04439252336448598	0.32027638838926087	0.0	0.0	0.0	0.2960906619142276
infection_study_04	T_NK_lineage	10	CD4 Naive / T Central Memory	1	885	0.8771448808462997	0.9988700564971752	0.9988700564971752	0.0	0.9988700564971752	0.5507344632768362	0.9988700564971752	0.0	0.5507344632768362	1.209066292679163	1.0	0.0	0.0	2.598870056497175
infection_study_04	T_NK_lineage	10	CD8 Naive / T Central Memory	2	885	0.7948682797541526	0.8463276836158192	0.8463276836158192	0.0	0.8463276836158192	0.3188700564971752	0.8463276836158192	0.0	0.3188700564971752	1.3050393363382065	0.1423728813559322	0.0	0.0	1.0741242937853108
infection_study_04	T_NK_lineage	10	CD4 T Effector Memory	3	885	0.6107798112733338	0.6107798112733338	0.6107798112733338	0.0	0.8689265536723164	0.13272490221642763	0.103954802259887	0.024858757062146894	0.04971751412429379	0.16780874705665727	0.22033898305084745	0.0	0.0	0.9633221841546897
infection_study_04	T_NK_lineage	10	Treg	4	885	0.44820298398336644	0.44820298398336644	0.44820298398336644	0.0	0.1694915254237288	0.03389830508474577	0.12429378531073447	0.006779661016949152	0.07005649717514124	2.0840532035641224	0.12768361581920903	0.07796610169491526	0.0	0.7304628709890162
infection_study_04	T_NK_lineage	10	MAIT Cell	5	885	0.4278794525555784	0.4278794525555784	0.4278794525555784	0.0	0.19322033898305085	0.05141242937853108	0.19322033898305085	0.0	0.05141242937853108	0.7892276841068626	0.062146892655367235	0.0022598870056497176	0.0	0.5295743678098157
infection_study_04	T_NK_lineage	10	ydT Cell	6	885	0.39928484931569447	0.39928484931569447	0.39928484931569447	0.0	0.0384180790960452	0.015819209039548022	0.0384180790960452	0.0	0.015819209039548022	0.1378409616561912	0.04406779661016949	0.0	0.0	0.46979332389196565
infection_study_04	T_NK_lineage	10	NK Cell	7	885	0.26425160509059337	0.26425160509059337	0.26425160509059337	0.0	0.09830508474576272	0.028926553672316384	0.09830508474576272	0.0	0.028926553672316384	0.16525497633372158	0.006779661016949152	0.004519774011299435	0.0	0.27961883672901144
infection_study_04	T_NK_lineage	10	CD8 Cytotoxic / T Effector Memory	8	885	0.26799872049717827	0.26799872049717827	0.26799872049717827	0.0	0.17288135593220338	0.04035512510088781	0.17288135593220338	0.0	0.04035512510088781	0.2558292841769527	0.006779661016949152	0.0	0.0	0.2788461781242969
infection_study_04	T_NK_lineage	11	CD8 Cytotoxic / T Effector Memory	1	882	0.8054470262983526	0.9943310657596371	0.9943310657596371	0.0	0.9943310657596371	0.5584710074505993	0.9943310657596371	0.0	0.5584710074505993	1.4049398109516102	0.8605442176870748	0.0	0.0	2.371201814058957
infection_study_04	T_NK_lineage	11	NK Cell	2	882	0.7793200356432929	0.9795918367346939	0.9795918367346939	0.0	0.9795918367346939	0.5755102040816327	0.9795918367346939	0.0	0.5755102040816327	1.5099473486726946	0.45918367346938777	0.2687074829931973	0.0	1.9829931972789117
infection_study_04	T_NK_lineage	11	CD4 Naive / T Central Memory	3	882	0.1549683551534261	0.8639455782312925	0.8639455782312925	0.0	0.8639455782312925	0.16130007558578988	0.8639455782312925	0.0	0.16130007558578988	1.047367927584453	0.24263038548752835	0.0	0.0	1.2521541950113377
infection_study_04	T_NK_lineage	11	ydT Cell	4	882	0.8754940937235817	0.8754940937235817	0.8754940937235817	0.0	0.645124716553288	0.3469387755102041	0.645124716553288	0.0	0.3469387755102041	1.8650682270007872	0.12471655328798185	0.04195011337868481	0.0	1.1169906923630375
infection_study_04	T_NK_lineage	11	CD4 T Effector Memory	5	882	0.7088388511892522	0.9954648526077098	0.9954648526077098	0.0	1.0	0.41976277690563407	0.9954648526077098	0.9263038548752834	0.9081632653061225	1.4806378825598574	0.01473922902494331	0.0	0.0	1.019047619047619
infection_study_04	T_NK_lineage	11	Treg	6	882	0.44820298398336644	0.44820298398336644	0.44820298398336644	0.0	0.2857142857142857	0.04627911770768914	0.017006802721088437	0.0	0.012471655328798186	0.4191081039132025	0.034013605442176874	0.022675736961451247	0.0	0.5253004896523007
infection_study_04	T_NK_lineage	11	CD8 Naive / T Central Memory	7	882	0.2960906619142276	0.47619047619047616	0.47619047619047616	0.0	0.47619047619047616	0.12721088435374148	0.47619047619047616	0.0	0.12721088435374148	0.7409519842946419	0.0011337868480725624	0.0	0.0	0.4780045351473923
infection_study_04	T_NK_lineage	11	MAIT Cell	8	882	0.4278794525555784	0.4278794525555784	0.4278794525555784	0.0	0.16326530612244897	0.04081632653061224	0.16326530612244897	0.0	0.04081632653061224	0.6728941451991771	0.009070294784580499	0.006802721088435374	0.0	0.4491946452993426
infection_study_04	T_NK_lineage	12	CD4 Naive / T Central Memory	1	812	0.9216190280348208	1.0	1.0	0.0	1.0	0.6286535303776684	1.0	0.0	0.6286535303776684	1.2104204577602844	0.9987684729064039	0.0	0.0	2.5980295566502463
infection_study_04	T_NK_lineage	12	CD4 T Effector Memory	2	812	0.777532158932529	0.777532158932529	0.777532158932529	0.0	0.9667487684729064	0.16019325502084122	0.0960591133004926	0.014778325123152709	0.04556650246305419	0.15618163134806853	0.39655172413793105	0.0	0.0	1.4120149175532188
infection_study_04	T_NK_lineage	12	CD8 Naive / T Central Memory	3	812	0.8373317796513355	0.9421182266009852	0.9421182266009852	0.0	0.9421182266009852	0.362807881773399	0.9421182266009852	0.0	0.362807881773399	1.4510236704157695	0.1145320197044335	0.0	0.0	1.1253694581280789
infection_study_04	T_NK_lineage	12	Treg	4	812	0.44820298398336644	0.44820298398336644	0.44820298398336644	0.0	0.2647783251231527	0.04265562024182715	0.12192118226600986	0.0024630541871921183	0.0874384236453202	2.0472336965057485	0.10098522167487685	0.0665024630541872	0.0	0.6762818017173566
infection_study_04	T_NK_lineage	12	MAIT Cell	5	812	0.4278794525555784	0.4278794525555784	0.4278794525555784	0.0	0.3054187192118227	0.08589901477832512	0.3054187192118227	0.0	0.08589901477832512	1.2249619626324	0.12315270935960591	0.0012315270935960591	0.0	0.626155314624544
infection_study_04	T_NK_lineage	12	ydT Cell	6	812	0.39928484931569447	0.39928484931569447	0.39928484931569447	0.0	0.038177339901477834	0.014367816091954025	0.038177339901477834	0.0	0.014367816091954025	0.13715560356873638	0.01847290640394089	0.0	0.0	0.4288414995619999
infection_study_04	T_NK_lineage	12	CD8 Cytotoxic / T Effector Memory	7	812	0.26799872049717827	0.26799872049717827	0.26799872049717827	0.0	0.13177339901477833	0.023223082336382827	0.13177339901477833	0.0	0.023223082336382827	0.19832413752843092	0.008620689655172414	0.0	0.0	0.2817918239454541
infection_study_04	T_NK_lineage	12	NK Cell	8	812	0.26425160509059337	0.26425160509059337	0.26425160509059337	0.0	0.0812807881773399	0.01921182266009852	0.0812807881773399	0.0	0.01921182266009852	0.1392788207994078	0.0012315270935960591	0.0	0.0	0.2662220484403471
infection_study_04	T_NK_lineage	13	CD4 Naive / T Central Memory	1	781	0.9436333310485069	1.0	1.0	0.0	1.0	0.6988476312419973	1.0	0.0	0.6988476312419973	1.2104204577602844	0.9974391805377721	0.0	0.0	2.5959026888604355
infection_study_04	T_NK_lineage	13	CD8 Naive / T Central Memory	2	781	0.9568396280302511	0.9961587708066582	0.9961587708066582	0.0	0.9961587708066582	0.6243277848911651	0.9961587708066582	0.0	0.6243277848911651	1.5333812039801837	0.5544174135723432	0.0	0.0	1.8832266325224074
infection_study_04	T_NK_lineage	13	CD4 T Effector Memory	3	781	0.5848470308680056	0.5848470308680056	0.5848470308680056	0.0	0.9487836107554417	0.11710824386880726	0.08322663252240717	0.008962868117797696	0.03713188220230474	0.1372846434344914	0.005121638924455826	0.0	0.0	0.593041653147135
infection_study_04	T_NK_lineage	13	CD8 Cytotoxic / T Effector Memory	4	781	0.5439143647040008	0.5439143647040008	0.5439143647040008	0.0	0.5224071702944942	0.12255350283519298	0.5224071702944942	0.0	0.12255350283519298	0.744774362442996	0.005121638924455826	0.0	0.0	0.5521089869831302
infection_study_04	T_NK_lineage	13	MAIT Cell	5	781	0.4278794525555784	0.4278794525555784	0.4278794525555784	0.0	0.21254801536491677	0.05537772087067862	0.21254801536491677	0.0	0.05537772087067862	0.8642887599143346	0.03713188220230474	0.0	0.0	0.487290464079266
infection_study_04	T_NK_lineage	13	Treg	6	781	0.44820298398336644	0.44820298398336644	0.44820298398336644	0.0	0.07682458386683738	0.012454894657199395	0.03201024327784891	0.0	0.020486555697823303	0.6519406827585411	0.010243277848911651	0.0038412291933418692	0.0	0.468433457734967
infection_study_04	T_NK_lineage	13	ydT Cell	7	781	0.39928484931569447	0.39928484931569447	0.39928484931569447	0.0	0.04865556978233035	0.020486555697823303	0.04865556978233035	0.0	0.020486555697823303	0.16698597499603493	0.016645326504481434	0.0	0.0	0.42591737172286476
infection_study_04	T_NK_lineage	13	NK Cell	8	781	0.26425160509059337	0.26425160509059337	0.26425160509059337	0.0	0.08450704225352113	0.01792573623559539	0.08450704225352113	0.0	0.01792573623559539	0.14420153095893018	0.0	0.0	0.0	0.26425160509059337
infection_study_04	T_NK_lineage	14	CD8 Cytotoxic / T Effector Memory	1	775	0.7782347430712637	0.9909677419354839	0.9909677419354839	0.0	0.9909677419354839	0.5646082949308756	0.9909677419354839	0.0	0.5646082949308756	1.4002349206034252	0.9432258064516129	0.0	0.0	2.500129032258065
infection_study_04	T_NK_lineage	14	CD4 Naive / T Central Memory	2	775	0.8350355290515685	0.9961290322580645	0.9961290322580645	0.0	0.9961290322580645	0.5326451612903226	0.9961290322580645	0.0	0.5326451612903226	1.2057813502888302	0.5690322580645162	0.0	0.0	1.9065806451612906
infection_study_04	T_NK_lineage	14	NK Cell	3	775	0.7764068818973199	0.9664516129032258	0.9664516129032258	0.0	0.9664516129032258	0.6015483870967742	0.9664516129032258	0.0	0.6015483870967742	1.4898976217057065	0.327741935483871	0.3135483870967742	0.0	1.8043870967741937
infection_study_04	T_NK_lineage	14	CD8 Naive / T Central Memory	4	775	0.8460255443599058	0.9174193548387096	0.9174193548387096	0.0	0.9174193548387096	0.42916129032258066	0.9174193548387096	0.0	0.42916129032258066	1.4133827067640519	0.0696774193548387	0.0	0.0	1.0289032258064514
infection_study_04	T_NK_lineage	14	CD4 T Effector Memory	5	775	0.848104736445267	0.983225806451613	0.983225806451613	0.0	0.9987096774193548	0.46928039702233243	0.983225806451613	0.8735483870967742	0.7948387096774193	1.4626147807695598	0.015483870967741935	0.0	0.0	1.008
infection_study_04	T_NK_lineage	14	Treg	6	775	0.44820298398336644	0.44820298398336644	0.44820298398336644	0.0	0.3832258064516129	0.06463343108504399	0.0567741935483871	0.003870967741935484	0.03870967741935484	1.0362428287945755	0.08258064516129032	0.07741935483870968	0.0	0.6577513710801406
infection_study_04	T_NK_lineage	14	ydT Cell	7	775	0.39928484931569447	0.48516129032258065	0.48516129032258065	0.0	0.48516129032258065	0.218494623655914	0.48516129032258065	0.0	0.218494623655914	1.4096698941234942	0.04129032258064516	0.0025806451612903226	0.0	0.5538064516129032
infection_study_04	T_NK_lineage	14	MAIT Cell	8	775	0.4278794525555784	0.4278794525555784	0.4278794525555784	0.0	0.3393548387096774	0.09548387096774193	0.3393548387096774	0.0	0.09548387096774193	1.3567564726351582	0.01806451612903226	0.003870967741935484	0.0	0.46065364610396553
infection_study_04	T_NK_lineage	15	CD8 Cytotoxic / T Effector Memory	1	756	0.6710306852194576	0.9021164021164021	0.9021164021164021	0.0	0.9021164021164021	0.3435374149659864	0.9021164021164021	0.0	0.3435374149659864	1.2759424548776928	0.8505291005291006	0.0	0.0	2.262962962962963
infection_study_04	T_NK_lineage	15	CD4 Naive / T Central Memory	2	756	0.7396554481687116	0.9907407407407407	0.9907407407407407	0.0	0.9907407407407407	0.3522927689594357	0.9907407407407407	0.0	0.3522927689594357	1.1993238272344293	0.414021164021164	0.0	0.0	1.653174603174603
infection_study_04	T_NK_lineage	15	CD4 T Effector Memory	3	756	0.9261943930358489	0.955026455026455	0.955026455026455	0.0	0.9947089947089947	0.37810337810337813	0.955026455026455	0.6455026455026455	0.9126984126984127	1.4210886867689398	0.2037037037037037	0.0	0.0	1.2809523809523808
infection_study_04	T_NK_lineage	15	CD8 Naive / T Central Memory	4	756	0.8317453789384697	0.8518518518518519	0.8518518518518519	0.0	0.8518518518518519	0.3531746031746032	0.8518518518518519	0.0	0.3531746031746032	1.3134581425808491	0.08333333333333333	0.0	0.0	0.9851851851851852
infection_study_04	T_NK_lineage	15	NK Cell	5	756	0.6100086823405763	0.7023809523809523	0.7023809523809523	0.0	0.7023809523809523	0.26375661375661374	0.7023809523809523	0.0	0.26375661375661374	1.086971102997213	0.06349206349206349	0.056878306878306875	0.0	0.8608465608465607
infection_study_04	T_NK_lineage	15	MAIT Cell	6	756	0.4278794525555784	0.4278794525555784	0.4278794525555784	0.0	0.21428571428571427	0.05853174603174603	0.21428571428571427	0.0	0.05853174603174603	0.8710372974957545	0.14682539682539683	0.06481481481481481	0.0	0.7276149022910281
infection_study_04	T_NK_lineage	15	ydT Cell	7	756	0.39928484931569447	0.4470899470899471	0.4470899470899471	0.0	0.4470899470899471	0.21208112874779542	0.4470899470899471	0.0	0.21208112874779542	1.3012849548465912	0.07671957671957672	0.0291005291005291	0.0	0.5989417989417989
infection_study_04	T_NK_lineage	15	Treg	8	756	0.44820298398336644	0.44820298398336644	0.44820298398336644	0.0	0.34656084656084657	0.04737854737854738	0.03306878306878307	0.0	0.023809523809523808	0.6683677514966213	0.05952380952380952	0.05291005291005291	0.0	0.5963511321315146
infection_study_04	T_NK_lineage	16	NK Cell	1	749	0.7624008956519752	0.8037383177570093	0.8037383177570093	0.0	0.8037383177570093	0.5177570093457944	0.8037383177570093	0.0	0.5177570093457944	1.241625051662573	0.9425901201602136	0.3484646194926569	0.0	2.660347129506008
infection_study_04	T_NK_lineage	16	CD8 Cytotoxic / T Effector Memory	2	749	0.8113647268489959	0.8451268357810414	0.8451268357810414	0.0	0.8451268357810414	0.5084875071523937	0.8451268357810414	0.0	0.5084875071523937	1.196220823950289	0.30574098798397864	0.0	0.0	1.3343124165554072
infection_study_04	T_NK_lineage	16	CD4 Naive / T Central Memory	3	749	0.38901455434459753	0.8064085447263017	0.8064085447263017	0.0	0.8064085447263017	0.22305295950155762	0.8064085447263017	0.0	0.22305295950155762	0.9784134697297207	0.19626168224299065	0.0	0.0	1.120427236315087
infection_study_04	T_NK_lineage	16	CD4 T Effector Memory	4	749	0.6299380812027326	0.8344459279038718	0.8344459279038718	0.0	0.9666221628838452	0.3796857348259218	0.8344459279038718	0.7449933244325768	0.6929238985313751	1.2435229609320864	0.014686248331108143	0.0	0.0	0.8579439252336448
infection_study_04	T_NK_lineage	16	Treg	5	749	0.44820298398336644	0.44820298398336644	0.44820298398336644	0.0	0.3965287049399199	0.07003277096735042	0.08811748998664887	0.01602136181575434	0.07076101468624833	1.522647297931228	0.14285714285714285	0.12149532710280374	0.0	0.7982697396575987
infection_study_04	T_NK_lineage	16	CD8 Naive / T Central Memory	6	749	0.624134621975461	0.624134621975461	0.624134621975461	0.0	0.5700934579439252	0.19465954606141522	0.5700934579439252	0.0	0.19465954606141522	0.8840596839899831	0.006675567423230975	0.0	0.0	0.6348155298526306
infection_study_04	T_NK_lineage	16	ydT Cell	7	749	0.39928484931569447	0.40854472630173566	0.40854472630173566	0.0	0.40854472630173566	0.18202047174009792	0.40854472630173566	0.0	0.18202047174009792	1.1915509381344072	0.0267022696929239	0.0	0.0	0.4512683578104139
infection_study_04	T_NK_lineage	16	MAIT Cell	8	749	0.4278794525555784	0.4278794525555784	0.4278794525555784	0.0	0.23097463284379172	0.059078771695594126	0.23097463284379172	0.0	0.059078771695594126	0.9358504781535135	0.0013351134846461949	0.0	0.0	0.43001563413101235
infection_study_04	T_NK_lineage	17	NK Cell	1	630	0.8320652546439098	0.9888888888888889	0.9888888888888889	0.0	0.9888888888888889	0.639047619047619	0.9888888888888889	0.0	0.639047619047619	1.524133055071627	0.9825396825396825	0.9285714285714286	0.0	3.48952380952381
infection_study_04	T_NK_lineage	17	CD4 Naive / T Central Memory	2	630	0.7040635638723238	0.9	0.9	0.0	0.9	0.25925925925925924	0.9	0.0	0.25925925925925924	1.0905768480810485	0.2015873015873016	0.0	0.0	1.2225396825396826
infection_study_04	T_NK_lineage	17	CD8 Cytotoxic / T Effector Memory	3	630	0.7614869650650034	0.9888888888888889	0.9888888888888889	0.0	0.9888888888888889	0.44829931972789117	0.9888888888888889	0.0	0.44829931972789117	1.397326852232494	0.11904761904761904	0.0	0.0	1.1793650793650794
infection_study_04	T_NK_lineage	17	CD4 T Effector Memory	4	630	0.5769815157538785	0.9285714285714286	0.9285714285714286	0.0	0.9984126984126984	0.4042735042735043	0.9285714285714286	0.7761904761904762	0.746031746031746	1.3821312689617975	0.004761904761904762	0.0	0.0	0.9361904761904762
infection_study_04	T_NK_lineage	17	ydT Cell	5	630	0.820384079329175	0.820384079329175	0.820384079329175	0.0	0.5682539682539682	0.26825396825396824	0.5682539682539682	0.0	0.26825396825396824	1.64622563624475	0.0	0.0	0.0	0.820384079329175
infection_study_04	T_NK_lineage	17	CD8 Naive / T Central Memory	6	630	0.6218726437727055	0.6218726437727055	0.6218726437727055	0.0	0.5714285714285714	0.1511111111111111	0.5714285714285714	0.0	0.1511111111111111	0.8860943906207226	0.004761904761904762	0.0	0.0	0.6294916913917531
infection_study_04	T_NK_lineage	17	Treg	7	630	0.44820298398336644	0.44820298398336644	0.44820298398336644	0.0	0.48095238095238096	0.07965367965367964	0.011111111111111112	0.0	0.006349206349206349	0.3276151509178771	0.026984126984126985	0.023809523809523808	0.0	0.5151871109674935
infection_study_04	T_NK_lineage	17	MAIT Cell	8	630	0.4278794525555784	0.44603174603174606	0.44603174603174606	0.0	0.44603174603174606	0.12103174603174603	0.44603174603174606	0.0	0.12103174603174603	1.771047527038431	0.0031746031746031746	0.0015873015873015873	0.0	0.4526984126984127
infection_study_04	T_NK_lineage	18	NK Cell	1	560	0.9237324925171932	0.9982142857142857	0.9982142857142857	0.0	0.9982142857142857	0.8192857142857143	0.9982142857142857	0.0	0.8192857142857143	1.538362010575434	0.9892857142857143	0.8964285714285715	0.0	3.4775
infection_study_04	T_NK_lineage	18	CD8 Cytotoxic / T Effector Memory	2	560	0.9035688989421253	0.9982142857142857	0.9982142857142857	0.0	0.9982142857142857	0.6369897959183674	0.9982142857142857	0.0	0.6369897959183674	1.4103719742043133	0.18571428571428572	0.0	0.0	1.2953571428571429
infection_study_04	T_NK_lineage	18	CD4 T Effector Memory	3	560	0.5761932506226153	0.9982142857142857	0.9982142857142857	0.0	0.9982142857142857	0.45013736263736265	0.9982142857142857	0.9732142857142857	0.9803571428571428	1.4846866713390998	0.0	0.0	0.0	0.9982142857142857
infection_study_04	T_NK_lineage	18	ydT Cell	4	560	0.8313626705051751	0.8313626705051751	0.8313626705051751	0.0	0.6035714285714285	0.29404761904761906	0.6035714285714285	0.0	0.29404761904761906	1.7467705728531653	0.008928571428571428	0.0	0.0	0.8456483847908893
infection_study_04	T_NK_lineage	18	CD4 Naive / T Central Memory	5	560	0.1549683551534261	0.5714285714285714	0.5714285714285714	0.0	0.5714285714285714	0.08833333333333335	0.5714285714285714	0.0	0.08833333333333335	0.6968049877064155	0.12142857142857143	0.0	0.0	0.7657142857142857
infection_study_04	T_NK_lineage	18	Treg	6	560	0.44820298398336644	0.44820298398336644	0.44820298398336644	0.0	0.41785714285714287	0.07337662337662337	0.014285714285714285	0.0	0.007142857142857143	0.3768805871461292	0.010714285714285714	0.008928571428571428	0.0	0.474274412554795
infection_study_04	T_NK_lineage	18	MAIT Cell	7	560	0.4278794525555784	0.4278794525555784	0.4278794525555784	0.0	0.25357142857142856	0.06428571428571428	0.25357142857142856	0.0	0.06428571428571428	1.0236075247641192	0.0	0.0	0.0	0.4278794525555784
infection_study_04	T_NK_lineage	18	CD8 Naive / T Central Memory	8	560	0.2960906619142276	0.35714285714285715	0.35714285714285715	0.0	0.35714285714285715	0.08142857142857143	0.35714285714285715	0.0	0.08142857142857143	0.5595239763870411	0.0017857142857142857	0.0	0.0	0.36
infection_study_04	T_NK_lineage	19	NK Cell	1	558	0.8254963785500491	0.9910394265232975	0.9910394265232975	0.0	0.9910394265232975	0.6666666666666667	0.9910394265232975	0.0	0.6666666666666667	1.5274144065124498	0.7025089605734767	0.4050179211469534	0.0	2.5200716845878137
infection_study_04	T_NK_lineage	19	CD8 Cytotoxic / T Effector Memory	2	558	0.7703292434939566	0.989247311827957	0.989247311827957	0.0	0.989247311827957	0.5061443932411674	0.989247311827957	0.0	0.5061443932411674	1.3978282433309304	0.6559139784946236	0.0	0.0	2.038709677419355
infection_study_04	T_NK_lineage	19	ydT Cell	3	558	0.981984143304316	0.981984143304316	0.981984143304316	0.0	0.956989247311828	0.6995221027479093	0.956989247311828	0.0	0.6995221027479093	2.752912346982103	0.2831541218637993	0.17025089605734767	0.0	1.6052816343437426
infection_study_04	T_NK_lineage	19	CD4 Naive / T Central Memory	4	558	0.44374757237187834	0.9014336917562724	0.9014336917562724	0.0	0.9014336917562724	0.2005973715651135	0.9014336917562724	0.0	0.2005973715651135	1.092295036033439	0.2060931899641577	0.0	0.0	1.2311827956989247
infection_study_04	T_NK_lineage	19	CD4 T Effector Memory	5	558	0.7891333653209038	0.9874551971326165	0.9874551971326165	0.0	1.0	0.4634684312103666	0.9874551971326165	0.9301075268817204	0.8888888888888888	1.4688429408551145	0.021505376344086023	0.0	0.0	1.021863799283154
infection_study_04	T_NK_lineage	19	MAIT Cell	6	558	0.4278794525555784	0.4278794525555784	0.4278794525555784	0.0	0.3709677419354839	0.09901433691756273	0.3709677419354839	0.0	0.09901433691756273	1.4795285264839537	0.24910394265232974	0.05913978494623656	0.0	0.8855855457455426
infection_study_04	T_NK_lineage	19	Treg	7	558	0.44820298398336644	0.44820298398336644	0.44820298398336644	0.0	0.13082437275985664	0.018409905506679702	0.008960573476702509	0.0	0.005376344086021506	0.29424179089228686	0.023297491039426525	0.01971326164874552	0.0	0.5051922312951944
infection_study_04	T_NK_lineage	19	CD8 Naive / T Central Memory	8	558	0.2960906619142276	0.30824372759856633	0.30824372759856633	0.0	0.30824372759856633	0.07275985663082438	0.30824372759856633	0.0	0.07275985663082438	0.4850019344292954	0.0035842293906810036	0.0	0.0	0.31397849462365596
infection_study_04	T_NK_lineage	2	NK Cell	1	1233	0.8869239381268993	0.9983779399837794	0.9983779399837794	0.0	0.9983779399837794	0.7106244931062449	0.9983779399837794	0.0	0.7106244931062449	1.538611718910879	0.9935117599351176	0.9416058394160584	0.0	3.529602595296026
infection_study_04	T_NK_lineage	2	CD8 Cytotoxic / T Effector Memory	2	1233	0.8335503918477392	0.9991889699918897	0.9991889699918897	0.0	0.9991889699918897	0.5305294867338662	0.9991889699918897	0.0	0.5305294867338662	1.4117354416817218	0.12165450121654502	0.0	0.0	1.1938361719383617
infection_study_04	T_NK_lineage	2	CD4 T Effector Memory	3	1233	0.447323325793406	0.9902676399026764	0.9902676399026764	0.0	0.9983779399837794	0.39147794622247173	0.9902676399026764	0.9140308191403081	0.9051094890510949	1.4729845170594762	0.0	0.0	0.0	0.9902676399026764
infection_study_04	T_NK_lineage	2	CD4 Naive / T Central Memory	4	1233	0.1549683551534261	0.28629359286293593	0.28629359286293593	0.0	0.28629359286293593	0.04444444444444443	0.28629359286293593	0.0	0.04444444444444443	0.35508893693524185	0.11597729115977291	0.0	0.0	0.4718572587185726
infection_study_04	T_NK_lineage	2	Treg	5	1233	0.44820298398336644	0.44820298398336644	0.44820298398336644	0.0	0.31386861313868614	0.047113470471134705	0.0016220600162206002	0.0	0.0008110300081103001	0.18035824481956123	0.0072992700729927005	0.0072992700729927005	0.0	0.46718108617314746
infection_study_04	T_NK_lineage	2	MAIT Cell	6	1233	0.4278794525555784	0.4278794525555784	0.4278794525555784	0.0	0.37550689375506896	0.09509326845093269	0.37550689375506896	0.0	0.09509326845093269	1.4971568027495463	0.0016220600162206002	0.0016220600162206002	0.0	0.43209680859775196
infection_study_04	T_NK_lineage	2	ydT Cell	7	1233	0.39928484931569447	0.39928484931569447	0.39928484931569447	0.0	0.30251419302514193	0.11868072452014057	0.30251419302514193	0.0	0.11868072452014057	0.8896936372123174	0.0024330900243309003	0.0008110300081103001	0.0	0.40398882336273423
infection_study_04	T_NK_lineage	2	CD8 Naive / T Central Memory	8	1233	0.2960906619142276	0.2960906619142276	0.2960906619142276	0.0	0.19464720194647203	0.043633414436334145	0.19464720194647203	0.0	0.043633414436334145	0.31188136705330854	0.0	0.0	0.0	0.2960906619142276
infection_study_04	T_NK_lineage	20	Treg	1	488	0.9724621290013024	0.9724621290013024	1.0	0.8	0.860655737704918	0.27887481371087924	0.5799180327868853	0.20901639344262296	0.39549180327868855	9.154709305609858	0.9323770491803278	0.9200819672131147	0.0	4.184347374902941
infection_study_04	T_NK_lineage	20	CD4 Naive / T Central Memory	2	488	0.7492802796627596	0.9897540983606558	0.9897540983606558	0.0	0.9897540983606558	0.40314207650273215	0.9897540983606558	0.0	0.40314207650273215	1.1981413993915102	0.9877049180327869	0.0	0.0	2.570081967213115
infection_study_04	T_NK_lineage	20	CD8 Naive / T Central Memory	3	488	0.6471085521054676	0.6471085521054676	0.6471085521054676	0.0	0.5983606557377049	0.18565573770491803	0.5983606557377049	0.0	0.18565573770491803	0.92713875962277	0.03278688524590164	0.0	0.0	0.6995675684989102
infection_study_04	T_NK_lineage	20	MAIT Cell	4	488	0.4278794525555784	0.4278794525555784	0.4278794525555784	0.0	0.11885245901639344	0.03125	0.11885245901639344	0.0	0.03125	0.5004121552492056	0.01639344262295082	0.0020491803278688526	0.0	0.45615814108016856
infection_study_04	T_NK_lineage	20	ydT Cell	5	488	0.39928484931569447	0.39928484931569447	0.39928484931569447	0.0	0.0471311475409836	0.019808743169398905	0.0471311475409836	0.0	0.019808743169398905	0.16264611204318008	0.028688524590163935	0.0	0.0	0.44518648865995675
infection_study_04	T_NK_lineage	20	CD4 T Effector Memory	6	488	0.3195558297347316	0.3195558297347316	0.3195558297347316	0.0	0.7336065573770492	0.10119798234552332	0.15368852459016394	0.03483606557377049	0.10450819672131148	0.2410461487738225	0.0430327868852459	0.0	0.0	0.3884082887511251
infection_study_04	T_NK_lineage	20	CD8 Cytotoxic / T Effector Memory	7	488	0.26799872049717827	0.26799872049717827	0.26799872049717827	0.0	0.19057377049180327	0.04215456674473068	0.19057377049180327	0.0	0.04215456674473068	0.2805788696613378	0.018442622950819672	0.0	0.0	0.29750691721848976
infection_study_04	T_NK_lineage	20	NK Cell	8	488	0.26425160509059337	0.26425160509059337	0.26425160509059337	0.0	0.16598360655737704	0.04385245901639344	0.16598360655737704	0.0	0.04385245901639344	0.26852078833630305	0.0	0.0	0.0	0.26425160509059337
infection_study_04	T_NK_lineage	21	CD4 Naive / T Central Memory	1	462	0.8120387506568876	0.9956709956709957	0.9956709956709957	0.0	0.9956709956709957	0.3874458874458874	0.9956709956709957	0.0	0.3874458874458874	1.2052324227092353	0.9826839826839827	0.0	0.0	2.5679653679653685
infection_study_04	T_NK_lineage	21	CD4 T Effector Memory	2	462	0.627287682500514	0.627287682500514	0.627287682500514	0.0	0.854978354978355	0.13603063603063603	0.22510822510822512	0.025974025974025976	0.18398268398268397	0.3462181136355114	0.19696969696969696	0.0	0.0	0.9424391976520292
infection_study_04	T_NK_lineage	21	CD8 Naive / T Central Memory	3	462	0.7080448739918204	0.7554112554112554	0.7554112554112554	0.0	0.7554112554112554	0.22077922077922074	0.7554112554112554	0.0	0.22077922077922074	1.1664831301142875	0.09307359307359307	0.0	0.0	0.9043290043290043
infection_study_04	T_NK_lineage	21	Treg	4	462	0.44820298398336644	0.44820298398336644	0.44820298398336644	0.0	0.17965367965367965	0.025186934277843367	0.04112554112554113	0.0021645021645021645	0.025974025974025976	0.7933974570758978	0.15367965367965367	0.09307359307359307	0.0	0.7871640229444055
infection_study_04	T_NK_lineage	21	MAIT Cell	5	462	0.4278794525555784	0.4278794525555784	0.4278794525555784	0.0	0.11904761904761904	0.031385281385281384	0.11904761904761904	0.0	0.031385281385281384	0.5011700798754766	0.07575757575757576	0.0	0.0	0.5490915737676996
infection_study_04	T_NK_lineage	21	CD8 Cytotoxic / T Effector Memory	6	462	0.26799872049717827	0.26799872049717827	0.26799872049717827	0.0	0.21645021645021645	0.039270253555967846	0.21645021645021645	0.0	0.039270253555967846	0.316776942520326	0.12337662337662338	0.0	0.0	0.4654013178997757
infection_study_04	T_NK_lineage	21	ydT Cell	7	462	0.39928484931569447	0.39928484931569447	0.39928484931569447	0.0	0.04329004329004329	0.016594516594516596	0.04329004329004329	0.0	0.016594516594516596	0.15171090945653837	0.032467532467532464	0.0	0.0	0.45123290126374643
infection_study_04	T_NK_lineage	21	NK Cell	8	462	0.26425160509059337	0.26425160509059337	0.26425160509059337	0.0	0.1277056277056277	0.032034632034632034	0.1277056277056277	0.0	0.032034632034632034	0.21011516034480646	0.0	0.0	0.0	0.26425160509059337
infection_study_04	T_NK_lineage	22	CD4 Naive / T Central Memory	1	443	0.8715242077364225	0.9909706546275395	0.9909706546275395	0.0	0.9909706546275395	0.5131677953348383	0.9909706546275395	0.0	0.5131677953348383	1.1995993643355227	0.9864559819413092	0.0	0.0	2.5693002257336346
infection_study_04	T_NK_lineage	22	CD8 Naive / T Central Memory	2	443	0.8342015673909566	0.8555304740406321	0.8555304740406321	0.0	0.8555304740406321	0.34356659142212187	0.8555304740406321	0.0	0.34356659142212187	1.319064345383512	0.2325056433408578	0.0	0.0	1.2275395033860046
infection_study_04	T_NK_lineage	22	CD4 T Effector Memory	3	443	0.5225169648365207	0.5225169648365207	0.5225169648365207	0.0	0.8419864559819413	0.11217225212710538	0.1399548532731377	0.02708803611738149	0.07223476297968397	0.22082207633023954	0.09255079006772009	0.0	0.0	0.6705982289448729
infection_study_04	T_NK_lineage	22	Treg	4	443	0.44820298398336644	0.44820298398336644	0.44820298398336644	0.0	0.11286681715575621	0.017648265955263694	0.05869074492099323	0.0	0.03837471783295711	1.0659850467135439	0.10158013544018059	0.05869074492099323	0.0	0.6694219456086486
infection_study_04	T_NK_lineage	22	MAIT Cell	5	443	0.4278794525555784	0.4278794525555784	0.4278794525555784	0.0	0.1399548532731377	0.03668171557562077	0.1399548532731377	0.0	0.03668171557562077	0.582365535662321	0.03160270880361174	0.0	0.0	0.4784437866413572
infection_study_04	T_NK_lineage	22	ydT Cell	6	443	0.39928484931569447	0.39928484931569447	0.39928484931569447	0.0	0.03160270880361174	0.01128668171557562	0.03160270880361174	0.0	0.01128668171557562	0.11843834980765965	0.03837471783295711	0.0	0.0	0.46068439784842585
infection_study_04	T_NK_lineage	22	CD8 Cytotoxic / T Effector Memory	7	443	0.26799872049717827	0.27539503386004516	0.27539503386004516	0.0	0.27539503386004516	0.05385359561431796	0.27539503386004516	0.0	0.05385359561431796	0.3992337373479406	0.03837471783295711	0.0	0.0	0.33679458239277654
infection_study_04	T_NK_lineage	22	NK Cell	8	443	0.26425160509059337	0.26425160509059337	0.26425160509059337	0.0	0.1489841986455982	0.03566591422121897	0.1489841986455982	0.0	0.03566591422121897	0.24258260862163183	0.006772009029345372	0.006772009029345372	0.0	0.2818588285668913
infection_study_04	T_NK_lineage	23	CD4 Naive / T Central Memory	1	401	0.5889825667740535	0.9077306733167082	0.9077306733167082	0.0	0.9077306733167082	0.26500415627597673	0.9077306733167082	0.0	0.26500415627597673	1.099841566036301	0.3915211970074813	0.0	0.0	1.5341645885286783
infection_study_04	T_NK_lineage	23	NK Cell	2	401	0.6360728402677817	0.7206982543640897	0.7206982543640897	0.0	0.7206982543640897	0.3386533665835411	0.7206982543640897	0.0	0.3386533665835411	1.11492016294049	0.32169576059850374	0.22942643391521197	0.0	1.4648379052369078
infection_study_04	T_NK_lineage	23	CD8 Cytotoxic / T Effector Memory	3	401	0.6606804213220006	0.7556109725685786	0.7556109725685786	0.0	0.7556109725685786	0.3192019950124689	0.7556109725685786	0.0	0.3192019950124689	1.0709987689660947	0.3516209476309227	0.0	0.0	1.318204488778055
infection_study_04	T_NK_lineage	23	CD4 T Effector Memory	4	401	0.6376836429273197	0.7531172069825436	0.7531172069825436	0.0	0.9750623441396509	0.2938806829081143	0.7531172069825436	0.5012468827930174	0.5062344139650873	1.1237590678194154	0.10473815461346633	0.0	0.0	0.9206982543640897
infection_study_04	T_NK_lineage	23	Treg	5	401	0.44820298398336644	0.44820298398336644	0.44820298398336644	0.0	0.22443890274314215	0.042620720924960324	0.0399002493765586	0.007481296758104738	0.022443890274314215	0.7743826293319396	0.18453865336658354	0.13216957605985039	0.0	0.8756344054297505
infection_study_04	T_NK_lineage	23	CD8 Naive / T Central Memory	6	401	0.5956428359266114	0.5956428359266114	0.5956428359266114	0.0	0.5037406483790524	0.1571072319201995	0.5037406483790524	0.0	0.1571072319201995	0.782938316299194	0.034912718204488775	0.0	0.0	0.6515031850537935
infection_study_04	T_NK_lineage	23	ydT Cell	7	401	0.39928484931569447	0.39928484931569447	0.39928484931569447	0.0	0.2942643391521197	0.12136325852036574	0.2942643391521197	0.0	0.12136325852036574	0.8662072079154285	0.05236907730673317	0.017456359102244388	0.0	0.5005317321087119
infection_study_04	T_NK_lineage	23	MAIT Cell	8	401	0.4278794525555784	0.4278794525555784	0.4278794525555784	0.0	0.14962593516209477	0.03802992518703242	0.14962593516209477	0.0	0.03802992518703242	0.6199242052336082	0.004987531172069825	0.0024937655860349127	0.0	0.43835326801692504
infection_study_04	T_NK_lineage	24	CD8 Cytotoxic / T Effector Memory	1	384	0.8014371558480133	0.9765625	0.9765625	0.0	0.9765625	0.5554315476190477	0.9765625	0.0	0.5554315476190477	1.3800836989878285	0.9296875	0.0	0.0	2.4640625
infection_study_04	T_NK_lineage	24	NK Cell	2	384	0.7443450544931112	0.921875	0.921875	0.0	0.921875	0.4947916666666667	0.921875	0.0	0.4947916666666667	1.421881358871396	0.23177083333333334	0.21875	0.0	1.5114583333333333
infection_study_04	T_NK_lineage	24	CD4 Naive / T Central Memory	3	384	0.41514725706582584	0.8619791666666666	0.8619791666666666	0.0	0.8619791666666666	0.17586805555555557	0.8619791666666666	0.0	0.17586805555555557	1.0450113089842554	0.1328125	0.0	0.0	1.0744791666666667
infection_study_04	T_NK_lineage	24	CD4 T Effector Memory	4	384	0.6815980076313204	0.9583333333333334	0.9583333333333334	0.0	0.9869791666666666	0.37139423076923084	0.9583333333333334	0.8359375	0.7578125	1.4259583639948328	0.026041666666666668	0.0	0.0	1.0
infection_study_04	T_NK_lineage	24	CD8 Naive / T Central Memory	5	384	0.7222050860237166	0.7222050860237166	0.7222050860237166	0.0	0.6953125	0.20364583333333336	0.6953125	0.0	0.20364583333333336	1.0748929113495698	0.0078125	0.0	0.0	0.7347050860237165
infection_study_04	T_NK_lineage	24	ydT Cell	6	384	0.39928484931569447	0.4947916666666667	0.4947916666666667	0.0	0.4947916666666667	0.21180555555555558	0.4947916666666667	0.0	0.21180555555555558	1.437086519507302	0.052083333333333336	0.0078125	0.0	0.5859375
infection_study_04	T_NK_lineage	24	Treg	7	384	0.44820298398336644	0.44820298398336644	0.44820298398336644	0.0	0.21875	0.031013257575757572	0.013020833333333334	0.0	0.0078125	0.357251389898935	0.0546875	0.033854166666666664	0.0	0.5695571506500331
infection_study_04	T_NK_lineage	24	MAIT Cell	8	384	0.4278794525555784	0.4278794525555784	0.4278794525555784	0.0	0.09375	0.024088541666666668	0.09375	0.0	0.024088541666666668	0.4029241001950903	0.005208333333333333	0.0026041666666666665	0.0	0.4388169525555784
infection_study_04	T_NK_lineage	25	CD4 Naive / T Central Memory	1	322	0.6882811250485525	0.8975155279503105	0.8975155279503105	0.0	0.8975155279503105	0.33830227743271224	0.8975155279503105	0.0	0.33830227743271224	1.0875993670952289	0.6024844720496895	0.0	0.0	1.8614906832298137
infection_study_04	T_NK_lineage	25	NK Cell	2	322	0.6026172687184408	0.6026172687184408	0.6026172687184408	0.0	0.5652173913043478	0.33416149068322987	0.5652173913043478	0.0	0.33416149068322987	0.8776830433204943	0.27639751552795033	0.20496894409937888	0.0	1.2498222376625403
infection_study_04	T_NK_lineage	25	CD8 Cytotoxic / T Effector Memory	3	322	0.6433500125665456	0.6490683229813664	0.6490683229813664	0.0	0.6490683229813664	0.3145519077196096	0.6490683229813664	0.0	0.3145519077196096	0.9219582632279546	0.30745341614906835	0.0	0.0	1.1409937888198758
infection_study_04	T_NK_lineage	25	CD4 T Effector Memory	4	322	0.6421561907373134	0.6832298136645962	0.6832298136645962	0.0	0.9440993788819876	0.2869087434304825	0.6832298136645962	0.48757763975155277	0.5652173913043478	1.0208435638199074	0.08385093167701864	0.0	0.0	0.817391304347826
infection_study_04	T_NK_lineage	25	CD8 Naive / T Central Memory	5	322	0.6870358946238033	0.6894409937888198	0.6894409937888198	0.0	0.6894409937888198	0.2360248447204969	0.6894409937888198	0.0	0.2360248447204969	1.065944763676953	0.049689440993788817	0.0	0.0	0.768944099378882
infection_study_04	T_NK_lineage	25	Treg	6	322	0.44820298398336644	0.44820298398336644	0.44820298398336644	0.0	0.2422360248447205	0.04460756634669679	0.062111801242236024	0.006211180124223602	0.037267080745341616	1.1190750938021894	0.11180124223602485	0.07453416149068323	0.0	0.7016191330516894
infection_study_04	T_NK_lineage	25	ydT Cell	7	322	0.39928484931569447	0.39928484931569447	0.39928484931569447	0.0	0.2950310559006211	0.14182194616977226	0.2950310559006211	0.0	0.14182194616977226	0.868389966420195	0.06832298136645963	0.009316770186335404	0.0	0.5179183896883652
infection_study_04	T_NK_lineage	25	MAIT Cell	8	322	0.4278794525555784	0.4278794525555784	0.4278794525555784	0.0	0.18322981366459629	0.047360248447204975	0.18322981366459629	0.0	0.047360248447204975	0.7504284221847944	0.024844720496894408	0.006211180124223602	0.0	0.4738421854748331
infection_study_04	T_NK_lineage	26	MAIT Cell	1	318	0.99226586240775	0.99226586240775	0.99226586240775	0.0	0.889937106918239	0.3812893081761007	0.889937106918239	0.0	0.3812893081761007	3.4950009545754623	0.8679245283018868	0.5974842767295597	0.0	2.9784293844203287
infection_study_04	T_NK_lineage	26	CD4 Naive / T Central Memory	2	318	0.7533758311056276	0.9937106918238994	0.9937106918238994	0.0	0.9937106918238994	0.340041928721174	0.9937106918238994	0.0	0.340041928721174	1.202883123818194	0.5345911949685535	0.0	0.0	1.849056603773585
infection_study_04	T_NK_lineage	26	CD4 T Effector Memory	3	318	0.9265771014691434	0.9265771014691434	0.9265771014691434	0.0	1.0	0.3763909046927915	0.8144654088050315	0.49056603773584906	0.6383647798742138	1.2140998404577834	0.3081761006289308	0.0	0.0	1.4196588624754327
infection_study_04	T_NK_lineage	26	CD8 Cytotoxic / T Effector Memory	4	318	0.6185996298581122	0.7610062893081762	0.7610062893081762	0.0	0.7610062893081762	0.22057502246181496	0.7610062893081762	0.0	0.22057502246181496	1.0785461759303718	0.12578616352201258	0.0	0.0	0.9622641509433962
infection_study_04	T_NK_lineage	26	NK Cell	5	318	0.5877830328786529	0.6855345911949685	0.6855345911949685	0.0	0.6855345911949685	0.2283018867924528	0.6855345911949685	0.0	0.2283018867924528	1.061266446326345	0.040880503144654086	0.03773584905660377	0.0	0.7886792452830188
infection_study_04	T_NK_lineage	26	CD8 Naive / T Central Memory	6	318	0.6671064957616468	0.6671064957616468	0.6671064957616468	0.0	0.660377358490566	0.1949685534591195	0.660377358490566	0.0	0.1949685534591195	1.0216519210573451	0.025157232704402517	0.0	0.0	0.7073580680886908
infection_study_04	T_NK_lineage	26	Treg	7	318	0.44820298398336644	0.44820298398336644	0.44820298398336644	0.0	0.2861635220125786	0.05117209834190966	0.018867924528301886	0.0	0.009433962264150943	0.4479901318906819	0.03459119496855346	0.025157232704402517	0.0	0.5287061286374545
infection_study_04	T_NK_lineage	26	ydT Cell	8	318	0.39928484931569447	0.4339622641509434	0.4339622641509434	0.0	0.4339622641509434	0.19916142557651992	0.4339622641509434	0.0	0.19916142557651992	1.263911881101961	0.03459119496855346	0.0	0.0	0.48930817610062893
infection_study_04	T_NK_lineage	27	CD4 Naive / T Central Memory	1	309	0.8178422098841593	0.9158576051779935	0.9158576051779935	0.0	0.9158576051779935	0.45285868392664513	0.9158576051779935	0.0	0.45285868392664513	1.1095811745350372	0.7411003236245954	0.0	0.0	2.1016181229773463
infection_study_04	T_NK_lineage	27	CD8 Naive / T Central Memory	2	309	0.8007745561724587	0.8122977346278317	0.8122977346278317	0.0	0.8122977346278317	0.3145631067961165	0.8122977346278317	0.0	0.3145631067961165	1.2531778551638684	0.05177993527508091	0.0	0.0	0.8951456310679612
infection_study_04	T_NK_lineage	27	CD4 T Effector Memory	3	309	0.613018941211415	0.613018941211415	0.613018941211415	0.0	0.941747572815534	0.2220562608912124	0.39805825242718446	0.2977346278317152	0.3042071197411003	0.6009026623535199	0.1262135922330097	0.0	0.0	0.8149606887842306
infection_study_04	T_NK_lineage	27	NK Cell	4	309	0.26425160509059337	0.4174757281553398	0.4174757281553398	0.0	0.4174757281553398	0.21229773462783172	0.4174757281553398	0.0	0.21229773462783172	0.6522546148722244	0.13915857605177995	0.12297734627831715	0.0	0.7631067961165048
infection_study_04	T_NK_lineage	27	CD8 Cytotoxic / T Effector Memory	5	309	0.26799872049717827	0.42394822006472493	0.42394822006472493	0.0	0.42394822006472493	0.2071197411003236	0.42394822006472493	0.0	0.2071197411003236	0.6070419914765762	0.20064724919093851	0.0	0.0	0.7449838187702266
infection_study_04	T_NK_lineage	27	Treg	6	309	0.44820298398336644	0.44820298398336644	0.44820298398336644	0.0	0.26537216828478966	0.04854368932038835	0.1423948220064725	0.012944983818770227	0.08414239482200647	2.36495617629885	0.11974110032362459	0.10032362459546926	0.0	0.740112369096635
infection_study_04	T_NK_lineage	27	MAIT Cell	7	309	0.4278794525555784	0.4278794525555784	0.4278794525555784	0.0	0.2588996763754045	0.07281553398058252	0.2588996763754045	0.0	0.07281553398058252	1.0443003387596226	0.06796116504854369	0.009708737864077669	0.0	0.546326054497326
infection_study_04	T_NK_lineage	27	ydT Cell	8	309	0.39928484931569447	0.39928484931569447	0.39928484931569447	0.0	0.13592233009708737	0.053937432578209286	0.13592233009708737	0.0	0.053937432578209286	0.4154248719325509	0.025889967637540454	0.0	0.0	0.4407087975357592
infection_study_04	T_NK_lineage	28	CD4 Naive / T Central Memory	1	302	0.8356638563301118	0.9900662251655629	0.9900662251655629	0.0	0.9900662251655629	0.5200883002207505	0.9900662251655629	0.0	0.5200883002207505	1.1985154634212873	0.9768211920529801	0.0	0.0	2.552980132450331
infection_study_04	T_NK_lineage	28	Treg	2	302	0.44820298398336644	0.44820298398336644	0.44820298398336644	0.0	0.609271523178808	0.10234798314268514	0.2119205298013245	0.023178807947019868	0.20198675496688742	3.443898688230134	0.6125827814569537	0.5894039735099338	0.0	2.0177394078244264
infection_study_04	T_NK_lineage	28	CD8 Naive / T Central Memory	3	302	0.8339902209427195	0.8774834437086093	0.8774834437086093	0.0	0.8774834437086093	0.36026490066225164	0.8774834437086093	0.0	0.36026490066225164	1.3525205672414555	0.06622516556291391	0.0	0.0	0.9834437086092715
infection_study_04	T_NK_lineage	28	CD4 T Effector Memory	4	302	0.5323645669111431	0.5323645669111431	0.5323645669111431	0.0	0.8609271523178808	0.18797758532857872	0.4105960264900662	0.19536423841059603	0.19205298013245034	0.6193656679895031	0.16225165562913907	0.0	0.0	0.7919672159177655
infection_study_04	T_NK_lineage	28	MAIT Cell	5	302	0.4278794525555784	0.4278794525555784	0.4278794525555784	0.0	0.1456953642384106	0.039735099337748346	0.1456953642384106	0.0	0.039735099337748346	0.6046594172559848	0.033112582781456956	0.0	0.0	0.48085958500590953
infection_study_04	T_NK_lineage	28	CD8 Cytotoxic / T Effector Memory	6	302	0.26799872049717827	0.31456953642384106	0.31456953642384106	0.0	0.31456953642384106	0.09508041627246926	0.31456953642384106	0.0	0.09508041627246926	0.4540342111184839	0.10264900662251655	0.0	0.0	0.47880794701986756
infection_study_04	T_NK_lineage	28	ydT Cell	7	302	0.39928484931569447	0.39928484931569447	0.39928484931569447	0.0	0.10264900662251655	0.03863134657836645	0.10264900662251655	0.0	0.03863134657836645	0.32069936875563976	0.039735099337748346	0.0	0.0	0.46286100825609183
infection_study_04	T_NK_lineage	28	NK Cell	8	302	0.26425160509059337	0.26425160509059337	0.26425160509059337	0.0	0.25165562913907286	0.07549668874172186	0.25165562913907286	0.0	0.07549668874172186	0.3992415951888558	0.013245033112582781	0.013245033112582781	0.0	0.2986886911833086
infection_study_04	T_NK_lineage	29	NK Cell	1	244	0.7579683323051614	0.7622950819672131	0.7622950819672131	0.0	0.7622950819672131	0.489344262295082	0.7622950819672131	0.0	0.489344262295082	1.178389784678457	0.47540983606557374	0.4713114754098361	0.0	1.9942622950819673
infection_study_04	T_NK_lineage	29	CD8 Cytotoxic / T Effector Memory	2	244	0.7650170219571824	0.8319672131147541	0.8319672131147541	0.0	0.8319672131147541	0.45784543325526933	0.8319672131147541	0.0	0.45784543325526933	1.177812075668681	0.32786885245901637	0.0	0.0	1.3565573770491803
infection_study_04	T_NK_lineage	29	CD4 Naive / T Central Memory	3	244	0.4313980853154203	0.9549180327868853	0.9549180327868853	0.0	0.9549180327868853	0.2745901639344262	0.9549180327868853	0.0	0.2745901639344262	1.1563926009376782	0.18032786885245902	0.0	0.0	1.2434426229508198
infection_study_04	T_NK_lineage	29	CD4 T Effector Memory	4	244	0.5590570521168918	0.7827868852459017	0.7827868852459017	0.0	0.9426229508196722	0.3470996216897856	0.7827868852459017	0.7008196721311475	0.6434426229508197	1.1674503509967007	0.05327868852459016	0.0	0.0	0.868032786885246
infection_study_04	T_NK_lineage	29	Treg	5	244	0.44820298398336644	0.44820298398336644	0.44820298398336644	0.0	0.2459016393442623	0.04135618479880775	0.040983606557377046	0.004098360655737705	0.028688524590163935	0.7911948295247091	0.15163934426229508	0.14344262295081966	0.0	0.8342685577538582
infection_study_04	T_NK_lineage	29	CD8 Naive / T Central Memory	6	244	0.6350789407544497	0.6350789407544497	0.6350789407544497	0.0	0.6024590163934426	0.20163934426229507	0.6024590163934426	0.0	0.20163934426229507	0.9333846418622119	0.045081967213114756	0.0	0.0	0.7072100882954333
infection_study_04	T_NK_lineage	29	MAIT Cell	7	244	0.4278794525555784	0.4278794525555784	0.4278794525555784	0.0	0.18442622950819673	0.04815573770491803	0.18442622950819673	0.0	0.04815573770491803	0.7550748296762823	0.00819672131147541	0.004098360655737705	0.0	0.4450925673096768
infection_study_04	T_NK_lineage	29	ydT Cell	8	244	0.39928484931569447	0.39928484931569447	0.39928484931569447	0.0	0.3319672131147541	0.1489071038251366	0.3319672131147541	0.0	0.1489071038251366	0.973543155587012	0.004098360655737705	0.004098360655737705	0.0	0.4099405870206125
infection_study_04	T_NK_lineage	3	CD4 Naive / T Central Memory	1	1230	0.9439989032832956	1.0	1.0	0.0	1.0	0.6709485094850949	1.0	0.0	0.6709485094850949	1.2104204577602844	1.0	0.0	0.0	2.6
infection_study_04	T_NK_lineage	3	CD8 Naive / T Central Memory	2	1230	0.9105718920647976	0.9804878048780488	0.9804878048780488	0.0	0.9804878048780488	0.44943089430894306	0.9804878048780488	0.0	0.44943089430894306	1.5094987260846935	0.22276422764227644	0.0	0.0	1.336910569105691
infection_study_04	T_NK_lineage	3	CD4 T Effector Memory	3	1230	0.580317362396326	0.580317362396326	0.580317362396326	0.0	0.9154471544715447	0.11238273921200752	0.06341463414634146	0.0040650406504065045	0.036585365853658534	0.10810968495758648	0.01951219512195122	0.0	0.0	0.611536874591448
infection_study_04	T_NK_lineage	3	Treg	4	1230	0.44820298398336644	0.44820298398336644	0.44820298398336644	0.0	0.11219512195121951	0.021359940872135993	0.09024390243902439	0.0032520325203252032	0.05609756097560976	1.5556462686074803	0.05040650406504065	0.024390243902439025	0.0	0.5532436343898706
infection_study_04	T_NK_lineage	3	MAIT Cell	5	1230	0.4278794525555784	0.4278794525555784	0.4278794525555784	0.0	0.2926829268292683	0.07560975609756099	0.2926829268292683	0.0	0.07560975609756099	1.1755011656587881	0.06910569105691057	0.0	0.0	0.5384485582466353
infection_study_04	T_NK_lineage	3	ydT Cell	6	1230	0.39928484931569447	0.39928484931569447	0.39928484931569447	0.0	0.02195121951219512	0.008672086720867209	0.02195121951219512	0.0	0.008672086720867209	0.09096161817804893	0.01788617886178862	0.0	0.0	0.42790273549455626
infection_study_04	T_NK_lineage	3	CD8 Cytotoxic / T Effector Memory	7	1230	0.26799872049717827	0.26799872049717827	0.26799872049717827	0.0	0.12439024390243902	0.021254355400696864	0.12439024390243902	0.0	0.021254355400696864	0.18799598090618133	0.0008130081300813008	0.0	0.0	0.26929953350530833
infection_study_04	T_NK_lineage	3	NK Cell	8	1230	0.26425160509059337	0.26425160509059337	0.26425160509059337	0.0	0.07723577235772358	0.016585365853658534	0.07723577235772358	0.0	0.016585365853658534	0.1331068207025575	0.0	0.0	0.0	0.26425160509059337
infection_study_04	T_NK_lineage	4	CD8 Cytotoxic / T Effector Memory	1	1194	0.8375716864304157	0.9949748743718593	0.9949748743718593	0.0	0.9949748743718593	0.6311318497248146	0.9949748743718593	0.0	0.6311318497248146	1.4058404226928791	0.9966499162479062	0.0	0.0	2.5896147403685092
infection_study_04	T_NK_lineage	4	NK Cell	2	1194	0.7886535517627435	0.9840871021775545	0.9840871021775545	0.0	0.9840871021775545	0.6035175879396986	0.9840871021775545	0.0	0.6035175879396986	1.5168063524407775	0.1390284757118928	0.12562814070351758	0.0	1.3321608040201005
infection_study_04	T_NK_lineage	4	CD4 T Effector Memory	3	1194	0.8145006511755433	0.9974874371859297	0.9974874371859297	0.0	1.0	0.4425976034016235	0.9974874371859297	0.9489112227805695	0.9413735343383585	1.4836163211789966	0.021775544388609715	0.0	0.0	1.0323283082077053
infection_study_04	T_NK_lineage	4	CD4 Naive / T Central Memory	4	1194	0.3857986610916901	0.923785594639866	0.923785594639866	0.0	0.923785594639866	0.1910106085985483	0.923785594639866	0.0	0.1910106085985483	1.1190823632811346	0.06113902847571189	0.0	0.0	1.021608040201005
infection_study_04	T_NK_lineage	4	ydT Cell	5	1194	0.8592946740695044	0.8592946740695044	0.8592946740695044	0.0	0.6566164154103853	0.3227247347850363	0.6566164154103853	0.0	0.3227247347850363	1.8977838334663695	0.06113902847571189	0.011725293132328308	0.0	0.9688424127629718
infection_study_04	T_NK_lineage	4	CD8 Naive / T Central Memory	6	1194	0.7621838371375694	0.7621838371375694	0.7621838371375694	0.0	0.7562814070351759	0.2340033500837521	0.7562814070351759	0.0	0.2340033500837521	1.1678092370702133	0.0016750418760469012	0.0	0.0	0.7648639041392444
infection_study_04	T_NK_lineage	4	Treg	7	1194	0.44820298398336644	0.44820298398336644	0.44820298398336644	0.0	0.3408710217755444	0.05299223389675651	0.009212730318257957	0.0	0.007537688442211055	0.2981549151833946	0.023450586264656615	0.011725293132328308	0.0	0.4974492151391453
infection_study_04	T_NK_lineage	4	MAIT Cell	8	1194	0.4278794525555784	0.4278794525555784	0.4278794525555784	0.0	0.13651591289782244	0.03496649916247906	0.13651591289782244	0.0	0.03496649916247906	0.5690100469264321	0.007537688442211055	0.0033500837520938024	0.0	0.4432898378152099
infection_study_04	T_NK_lineage	5	CD4 Naive / T Central Memory	1	1191	0.8598944410172047	1.0	1.0	0.0	1.0	0.5027707808564231	1.0	0.0	0.5027707808564231	1.2104204577602844	0.9916036943744753	0.0	0.0	2.5865659109991608
infection_study_04	T_NK_lineage	5	CD4 T Effector Memory	2	1191	0.8539538922018872	0.8539538922018872	0.8539538922018872	0.0	0.982367758186398	0.1906607246657624	0.18052057094878254	0.033585222502099076	0.12174643157010916	0.28055876246900596	0.6935348446683459	0.0	0.0	1.9636096436712407
infection_study_04	T_NK_lineage	5	CD8 Naive / T Central Memory	3	1191	0.7309045627984555	0.7657430730478589	0.7657430730478589	0.0	0.7657430730478589	0.24685138539042822	0.7657430730478589	0.0	0.24685138539042822	1.1822287712860258	0.06381192275398824	0.0	0.0	0.8678421494542401
infection_study_04	T_NK_lineage	5	Treg	4	1191	0.44820298398336644	0.44820298398336644	0.44820298398336644	0.0	0.26280436607892527	0.041981528127623846	0.12762384550797648	0.0033585222502099076	0.0982367758186398	2.135731117073415	0.14021830394626364	0.09151973131821999	0.0	0.7640720016156083
infection_study_04	T_NK_lineage	5	MAIT Cell	5	1191	0.4278794525555784	0.4278794525555784	0.4278794525555784	0.0	0.3198992443324937	0.08963056255247691	0.3198992443324937	0.0	0.08963056255247691	1.281198613761063	0.11586901763224182	0.0033585222502099076	0.0	0.6166284030173752
infection_study_04	T_NK_lineage	5	ydT Cell	6	1191	0.39928484931569447	0.39928484931569447	0.39928484931569447	0.0	0.07136859781696053	0.02686817800167926	0.07136859781696053	0.0	0.02686817800167926	0.23164747509823905	0.019311502938706968	0.0	0.0	0.43018325401762564
infection_study_04	T_NK_lineage	5	CD8 Cytotoxic / T Effector Memory	7	1191	0.26799872049717827	0.26799872049717827	0.26799872049717827	0.0	0.17548278757346766	0.03346527527887729	0.17548278757346766	0.0	0.03346527527887729	0.2594683779010097	0.020151133501259445	0.0	0.0	0.3002405340991934
infection_study_04	T_NK_lineage	5	NK Cell	8	1191	0.26425160509059337	0.26425160509059337	0.26425160509059337	0.0	0.1200671704450042	0.028043660789252727	0.1200671704450042	0.0	0.028043660789252727	0.19846018517172376	0.0041981528127623844	0.0041981528127623844	0.0	0.27516680240377556
infection_study_04	T_NK_lineage	6	CD4 Naive / T Central Memory	1	1108	0.8872552379646765	0.9972924187725631	0.9972924187725631	0.0	0.9972924187725631	0.534055354993983	0.9972924187725631	0.0	0.534055354993983	1.2071755946823268	1.0	0.0	0.0	2.5972924187725632
infection_study_04	T_NK_lineage	6	CD8 Naive / T Central Memory	2	1108	0.8701475997897961	0.9395306859205776	0.9395306859205776	0.0	0.9395306859205776	0.405956678700361	0.9395306859205776	0.0	0.405956678700361	1.447080270667149	0.33754512635379064	0.0	0.0	1.4796028880866428
infection_study_04	T_NK_lineage	6	Treg	3	1108	0.44820298398336644	0.44820298398336644	0.44820298398336644	0.0	0.07490974729241877	0.012799474893337713	0.027978339350180504	0.0009025270758122744	0.01263537906137184	0.5893711284230401	0.05054151624548736	0.019855595667870037	0.0	0.5489250056440163
infection_study_04	T_NK_lineage	6	CD4 T Effector Memory	4	1108	0.5089222473553133	0.5089222473553133	0.5089222473553133	0.0	0.8501805054151624	0.09483476811996666	0.06227436823104693	0.004512635379061372	0.029783393501805054	0.106430540325133	0.024368231046931407	0.0	0.0	0.5479114170304036
infection_study_04	T_NK_lineage	6	MAIT Cell	5	1108	0.4278794525555784	0.4278794525555784	0.4278794525555784	0.0	0.10018050541516245	0.025270758122743684	0.10018050541516245	0.0	0.025270758122743684	0.42789764822597204	0.042418772563176894	0.0	0.0	0.49574948865666146
infection_study_04	T_NK_lineage	6	ydT Cell	6	1108	0.39928484931569447	0.39928484931569447	0.39928484931569447	0.0	0.0315884476534296	0.012936221419975932	0.0315884476534296	0.0	0.012936221419975932	0.11839774987696991	0.02527075812274368	0.0009025270758122744	0.0	0.4406205893878966
infection_study_04	T_NK_lineage	6	CD8 Cytotoxic / T Effector Memory	7	1108	0.26799872049717827	0.2897111913357401	0.2897111913357401	0.0	0.2897111913357401	0.058277462609592566	0.2897111913357401	0.0	0.058277462609592566	0.41926034039067667	0.002707581227436823	0.0	0.0	0.294043321299639
infection_study_04	T_NK_lineage	6	NK Cell	8	1108	0.26425160509059337	0.26425160509059337	0.26425160509059337	0.0	0.07671480144404332	0.01787003610108303	0.07671480144404332	0.0	0.01787003610108303	0.1323119084764798	0.0018050541516245488	0.0018050541516245488	0.0	0.2689447458848172
infection_study_04	T_NK_lineage	7	NK Cell	1	1106	0.943484817328124	1.0	1.0	0.0	1.0	0.855877034358047	1.0	0.0	0.855877034358047	1.541086704182546	0.9891500904159132	0.9737793851717902	0.0	3.5564195298372514
infection_study_04	T_NK_lineage	7	CD8 Cytotoxic / T Effector Memory	2	1106	0.9159869307926063	1.0	1.0	0.0	1.0	0.6675277706019117	1.0	0.0	0.6675277706019117	1.4128699762840233	0.3309222423146474	0.0	0.0	1.5294755877034358
infection_study_04	T_NK_lineage	7	CD4 T Effector Memory	3	1106	0.7345260127493317	0.9990958408679927	0.9990958408679927	0.0	1.0	0.4981916817359856	0.9990958408679927	0.9990958408679927	0.9801084990958409	1.4859848409894452	0.0	0.0	0.0	0.9990958408679927
infection_study_04	T_NK_lineage	7	ydT Cell	4	1106	0.8115532250325588	0.8115532250325588	0.8115532250325588	0.0	0.5497287522603979	0.24472573839662448	0.5497287522603979	0.0	0.24472573839662448	1.5934863777876551	0.0018083182640144665	0.0009041591320072332	0.0	0.8153506933869892
infection_study_04	T_NK_lineage	7	CD4 Naive / T Central Memory	5	1106	0.1549683551534261	0.4864376130198915	0.4864376130198915	0.0	0.4864376130198915	0.06696805304400241	0.4864376130198915	0.0	0.06696805304400241	0.5949487552484753	0.04159132007233273	0.0	0.0	0.5529837251356239
infection_study_04	T_NK_lineage	7	Treg	6	1106	0.44820298398336644	0.44820298398336644	0.44820298398336644	0.0	0.4755877034358047	0.060085484136117036	0.0018083182640144665	0.0009041591320072332	0.0018083182640144665	0.18324871437559373	0.003616636528028933	0.003616636528028933	0.0	0.4576062389562417
infection_study_04	T_NK_lineage	7	MAIT Cell	7	1106	0.4278794525555784	0.4278794525555784	0.4278794525555784	0.0	0.2694394213381555	0.06781193490054249	0.2694394213381555	0.0	0.06781193490054249	1.085232553269523	0.0	0.0	0.0	0.4278794525555784
infection_study_04	T_NK_lineage	7	CD8 Naive / T Central Memory	8	1106	0.2960906619142276	0.2960906619142276	0.2960906619142276	0.0	0.2206148282097649	0.055334538878842675	0.2206148282097649	0.0	0.055334538878842675	0.35145590655883047	0.0009041591320072332	0.0	0.0	0.2975373165254392
infection_study_04	T_NK_lineage	8	CD8 Cytotoxic / T Effector Memory	1	1082	0.7241700367857061	0.9454713493530499	0.9454713493530499	0.0	0.9454713493530499	0.41470821230525473	0.9454713493530499	0.0	0.41470821230525473	1.3365908739608983	0.966728280961183	0.0	0.0	2.4922365988909427
infection_study_04	T_NK_lineage	8	CD4 Naive / T Central Memory	2	1082	0.44780313935156624	0.8770794824399261	0.8770794824399261	0.0	0.8770794824399261	0.18515095502156503	0.8770794824399261	0.0	0.18515095502156503	1.0631080724798927	0.3909426987060998	0.0	0.0	1.5025878003696858
infection_study_04	T_NK_lineage	8	NK Cell	3	1082	0.6862819018895515	0.8678373382624769	0.8678373382624769	0.0	0.8678373382624769	0.355452865064695	0.8678373382624769	0.0	0.355452865064695	1.3394291588428706	0.12754158964879853	0.11275415896487985	0.0	1.1846580406654343
infection_study_04	T_NK_lineage	8	CD4 T Effector Memory	4	1082	0.7015788150889939	0.9537892791127541	0.9537892791127541	0.0	0.988909426987061	0.3250391013792123	0.9537892791127541	0.6700554528650647	0.8373382624768947	1.419266833403837	0.06377079482439926	0.0	0.0	1.0558225508317929
infection_study_04	T_NK_lineage	8	CD8 Naive / T Central Memory	5	1082	0.7100326730184843	0.7100326730184843	0.7100326730184843	0.0	0.6959334565619224	0.21053604436229206	0.6959334565619224	0.0	0.21053604436229206	1.0758392462105943	0.014787430683918669	0.0	0.0	0.7336925621127541
infection_study_04	T_NK_lineage	8	Treg	6	1082	0.44820298398336644	0.44820298398336644	0.44820298398336644	0.0	0.23105360443622922	0.03301966056125021	0.009242144177449169	0.0	0.006469500924214418	0.2986113774637212	0.04805914972273567	0.029574861367837338	0.0	0.5546724849075808
infection_study_04	T_NK_lineage	8	ydT Cell	7	1082	0.39928484931569447	0.39928484931569447	0.39928484931569447	0.0	0.3678373382624769	0.15403573629081946	0.3678373382624769	0.0	0.15403573629081946	1.075661468361917	0.07301293900184842	0.0046210720887245845	0.0	0.5207266238073766
infection_study_04	T_NK_lineage	8	MAIT Cell	8	1082	0.4278794525555784	0.4278794525555784	0.4278794525555784	0.0	0.07948243992606285	0.020332717190388167	0.07948243992606285	0.0	0.020332717190388167	0.34751452135392863	0.018484288354898338	0.009242144177449169	0.0	0.4666964581008649
infection_study_04	T_NK_lineage	9	NK Cell	1	999	0.8948751342335549	1.0	1.0	0.0	1.0	0.7251251251251251	1.0	0.0	0.7251251251251251	1.541086704182546	0.918918918918919	0.7937937937937938	0.0	3.264064064064064
infection_study_04	T_NK_lineage	9	CD8 Cytotoxic / T Effector Memory	2	999	0.8611739438389654	0.998998998998999	0.998998998998999	0.0	0.998998998998999	0.5737165737165737	0.998998998998999	0.0	0.5737165737165737	1.4114696948379395	0.45545545545545546	0.0	0.0	1.7277277277277276
infection_study_04	T_NK_lineage	9	CD4 T Effector Memory	3	999	0.6339707999177463	0.995995995995996	0.995995995995996	0.0	0.998998998998999	0.4317394317394317	0.995995995995996	0.963963963963964	0.918918918918919	1.4814200392108114	0.001001001001001001	0.0	0.0	0.9975975975975976
infection_study_04	T_NK_lineage	9	CD4 Naive / T Central Memory	4	999	0.1549683551534261	0.4944944944944945	0.4944944944944945	0.0	0.4944944944944945	0.06519853186519853	0.4944944944944945	0.0	0.06519853186519853	0.6046044128352172	0.16516516516516516	0.0	0.0	0.7587587587587588
infection_study_04	T_NK_lineage	9	Treg	5	999	0.44820298398336644	0.44820298398336644	0.44820298398336644	0.0	0.33733733733733734	0.04486304486304486	0.005005005005005005	0.0	0.003003003003003003	0.23285685691128388	0.012012012012012012	0.012012012012012012	0.0	0.47943421521459767
infection_study_04	T_NK_lineage	9	MAIT Cell	6	999	0.4278794525555784	0.4278794525555784	0.4278794525555784	0.0	0.1881881881881882	0.048048048048048055	0.1881881881881882	0.0	0.048048048048048055	0.7696847941688766	0.004004004004004004	0.003003003003003003	0.0	0.43728886196498784
infection_study_04	T_NK_lineage	9	ydT Cell	7	999	0.39928484931569447	0.42742742742742745	0.42742742742742745	0.0	0.42742742742742745	0.16716716716716717	0.42742742742742745	0.0	0.16716716716716717	1.2453079175608048	0.001001001001001001	0.0	0.0	0.42902902902902906
infection_study_04	T_NK_lineage	9	CD8 Naive / T Central Memory	8	999	0.2960906619142276	0.2960906619142276	0.2960906619142276	0.0	0.2132132132132132	0.049649649649649644	0.2132132132132132	0.0	0.049649649649649644	0.3401758803401939	0.0	0.0	0.0	0.2960906619142276
infection_study_04	Myeloid_lineage	0	Classical Monocyte	1	1091	0.8500011424132338	1.0	1.0	0.0	1.0	0.9902841429880844	1.0	0.0	0.9902841429880844	1.0310430210644415	0.999083409715857	0.9963336388634281	0.0	3.5948670944087993
infection_study_04	Myeloid_lineage	0	Intermediate Monocyte	2	1091	0.9294445586857678	0.998166819431714	0.998166819431714	0.0	0.998166819431714	0.7247937671860678	0.998166819431714	0.0	0.7247937671860678	1.0156008327103367	0.14482126489459213	0.010999083409715857	0.0	1.2408799266727772
infection_study_04	Myeloid_lineage	0	Non-Classical Monocyte	3	1091	0.6773253821372267	0.8221814848762603	0.8221814848762603	0.0	0.8221814848762603	0.30087076076993585	0.8221814848762603	0.0	0.30087076076993585	1.120842483304075	0.006416131989000917	0.006416131989000917	0.0	0.8388634280476627
infection_study_04	Myeloid_lineage	0	Conventional DC 1	4	1091	0.49296273448031624	0.49296273448031624	0.49296273448031624	0.0	0.011915673693858845	0.004277421326000611	0.011915673693858845	0.0	0.004277421326000611	0.48573559714546066	0.0009165902841429881	0.0	0.0	0.49442927893494504
infection_study_04	Myeloid_lineage	0	Conventional DC 2	5	1091	0.4822354742157333	0.4822354742157333	0.4822354742157333	0.0	0.04674610449129239	0.015887564925145127	0.04674610449129239	0.0	0.015887564925145127	0.657521981310659	0.002749770852428964	0.002749770852428964	0.0	0.48938487843204864
infection_study_04	Myeloid_lineage	0	Plasmacytoid DC	6	1091	0.39445244133708046	0.39445244133708046	0.39445244133708046	0.0	0.18148487626031165	0.04720439963336389	0.18148487626031165	0.0	0.04720439963336389	0.6068651717089929	0.0	0.0	0.0	0.39445244133708046
infection_study_04	Myeloid_lineage	1	Classical Monocyte	1	952	0.9135421664724563	1.0	1.0	0.0	1.0	0.9953781512605042	1.0	0.0	0.9953781512605042	1.0310430210644415	1.0	0.9915966386554622	0.0	3.5915966386554623
infection_study_04	Myeloid_lineage	1	Intermediate Monocyte	2	952	0.8563529599926886	0.9989495798319328	0.9989495798319328	0.0	0.9989495798319328	0.5919117647058824	0.9989495798319328	0.0	0.5919117647058824	1.0163893650235931	0.011554621848739496	0.0	0.0	1.017436974789916
infection_study_04	Myeloid_lineage	1	Non-Classical Monocyte	3	952	0.5616503301574245	0.6712184873949579	0.6712184873949579	0.0	0.6712184873949579	0.20115546218487396	0.6712184873949579	0.0	0.20115546218487396	0.9175145505645844	0.0	0.0	0.0	0.6712184873949579
infection_study_04	Myeloid_lineage	1	Conventional DC 1	4	952	0.49296273448031624	0.49296273448031624	0.49296273448031624	0.0	0.009453781512605041	0.003151260504201681	0.009453781512605041	0.0	0.003151260504201681	0.4311706001723514	0.0	0.0	0.0	0.49296273448031624
infection_study_04	Myeloid_lineage	1	Conventional DC 2	5	952	0.4822354742157333	0.4822354742157333	0.4822354742157333	0.0	0.05777310924369748	0.0196078431372549	0.05777310924369748	0.0	0.0196078431372549	0.7852928314460373	0.0010504201680672268	0.0	0.0	0.4839161464846409
infection_study_04	Myeloid_lineage	1	Plasmacytoid DC	6	952	0.39445244133708046	0.39445244133708046	0.39445244133708046	0.0	0.18277310924369747	0.04726890756302521	0.18277310924369747	0.0	0.04726890756302521	0.6109479157143254	0.0	0.0	0.0	0.39445244133708046
infection_study_04	Myeloid_lineage	10	Classical Monocyte	1	504	0.7565174674983435	1.0	1.0	0.0	1.0	0.878968253968254	1.0	0.0	0.878968253968254	1.0310430210644415	0.8234126984126984	0.9365079365079365	0.0	3.253968253968254
infection_study_04	Myeloid_lineage	10	Intermediate Monocyte	2	504	0.9585075513514749	1.0	1.0	0.0	1.0	0.7703373015873016	1.0	0.0	0.7703373015873016	1.017447530772379	0.49007936507936506	0.2976190476190476	0.0	2.0817460317460315
infection_study_04	Myeloid_lineage	10	Non-Classical Monocyte	3	504	0.7789944478716841	0.8472222222222222	0.8472222222222222	0.0	0.8472222222222222	0.40922619047619047	0.8472222222222222	0.0	0.40922619047619047	1.154569167615955	0.26785714285714285	0.2400793650793651	0.0	1.5158730158730158
infection_study_04	Myeloid_lineage	10	Conventional DC 2	4	504	0.4822354742157333	0.4822354742157333	0.4822354742157333	0.0	0.24206349206349206	0.09391534391534391	0.24206349206349206	0.0	0.09391534391534391	2.9206813084958636	0.09126984126984126	0.08333333333333333	0.0	0.7116005535808128
infection_study_04	Myeloid_lineage	10	Conventional DC 1	5	504	0.49296273448031624	0.49296273448031624	0.49296273448031624	0.0	0.04365079365079365	0.01455026455026455	0.04365079365079365	0.0	0.01455026455026455	1.1891078802929356	0.001984126984126984	0.001984126984126984	0.0	0.4981214646390464
infection_study_04	Myeloid_lineage	10	Plasmacytoid DC	6	504	0.39445244133708046	0.39445244133708046	0.39445244133708046	0.0	0.1984126984126984	0.052083333333333336	0.1984126984126984	0.0	0.052083333333333336	0.6605138247921852	0.003968253968253968	0.003968253968253968	0.0	0.4047699016545408
infection_study_04	Myeloid_lineage	11	Classical Monocyte	1	480	0.8346585326844426	0.9979166666666667	0.9979166666666667	0.0	0.9979166666666667	0.9341666666666667	0.9979166666666667	0.0	0.9341666666666667	1.0289162821596056	0.98125	0.8854166666666666	0.0	3.4533333333333336
infection_study_04	Myeloid_lineage	11	Intermediate Monocyte	2	480	0.7960164050540361	0.9541666666666667	0.9541666666666667	0.0	0.9541666666666667	0.5364583333333333	0.9541666666666667	0.0	0.5364583333333333	0.9712762319336984	0.1375	0.05416666666666667	0.0	1.2283333333333335
infection_study_04	Myeloid_lineage	11	Non-Classical Monocyte	3	480	0.5441942559462609	0.65	0.65	0.0	0.65	0.23229166666666667	0.65	0.0	0.23229166666666667	0.8889359501800095	0.03125	0.025	0.0	0.7250000000000001
infection_study_04	Myeloid_lineage	11	Conventional DC 2	4	480	0.4822354742157333	0.4822354742157333	0.4822354742157333	0.0	0.041666666666666664	0.01388888888888889	0.041666666666666664	0.0	0.01388888888888889	0.5986660994429494	0.00625	0.0020833333333333333	0.0	0.49431880754906665
infection_study_04	Myeloid_lineage	11	Conventional DC 1	5	480	0.49296273448031624	0.49296273448031624	0.49296273448031624	0.0	0.014583333333333334	0.004861111111111111	0.014583333333333334	0.0	0.004861111111111111	0.544861192190439	0.0	0.0	0.0	0.49296273448031624
infection_study_04	Myeloid_lineage	11	Plasmacytoid DC	6	480	0.39445244133708046	0.39445244133708046	0.39445244133708046	0.0	0.2916666666666667	0.07864583333333333	0.2916666666666667	0.0	0.07864583333333333	0.9560598050400215	0.0020833333333333333	0.0020833333333333333	0.0	0.39986910800374714
infection_study_04	Myeloid_lineage	12	Classical Monocyte	1	416	0.9007699865195238	1.0	1.0	0.0	1.0	0.9557692307692308	1.0	0.0	0.9557692307692308	1.0310430210644415	0.9735576923076923	0.9134615384615384	0.0	3.4711538461538463
infection_study_04	Myeloid_lineage	12	Intermediate Monocyte	2	416	0.7704777572143395	0.9759615384615384	0.9759615384615384	0.0	0.9759615384615384	0.4993990384615385	0.9759615384615384	0.0	0.4993990384615385	0.9932318145982457	0.016826923076923076	0.009615384615384616	0.0	1.0125
infection_study_04	Myeloid_lineage	12	Plasmacytoid DC	3	416	0.7934916718075262	0.7934916718075262	0.7934916718075262	0.0	0.5048076923076923	0.14302884615384615	0.5048076923076923	0.0	0.14302884615384615	1.6315589235606485	0.0	0.0	0.0	0.7934916718075262
infection_study_04	Myeloid_lineage	12	Conventional DC 2	4	416	0.4822354742157333	0.4822354742157333	0.4822354742157333	0.0	0.15625	0.05368589743589744	0.15625	0.0	0.05368589743589744	1.9263530135301357	0.05048076923076923	0.04567307692307692	0.0	0.608677781908041
infection_study_04	Myeloid_lineage	12	Non-Classical Monocyte	5	416	0.5133376745036214	0.5360576923076923	0.5360576923076923	0.0	0.5360576923076923	0.16346153846153846	0.5360576923076923	0.0	0.16346153846153846	0.7354701720676389	0.002403846153846154	0.002403846153846154	0.0	0.5423076923076923
infection_study_04	Myeloid_lineage	12	Conventional DC 1	6	416	0.49296273448031624	0.49296273448031624	0.49296273448031624	0.0	0.021634615384615384	0.007211538461538461	0.021634615384615384	0.0	0.007211538461538461	0.7011447153741375	0.0	0.0	0.0	0.49296273448031624
infection_study_04	Myeloid_lineage	13	Conventional DC 2	1	415	0.9945849612721914	0.9945849612721914	0.9945849612721914	0.0	0.7975903614457831	0.5204819277108433	0.7975903614457831	0.0	0.5204819277108433	9.357618805828425	0.9614457831325302	0.8144578313253013	0.0	3.3473560456095406
infection_study_04	Myeloid_lineage	13	Classical Monocyte	2	415	0.6961409280965111	0.9734939759036144	0.9734939759036144	0.0	0.9734939759036144	0.556144578313253	0.9734939759036144	0.0	0.556144578313253	1.003984752588457	0.17590361445783131	0.1710843373493976	0.0	1.4260240963855422
infection_study_04	Myeloid_lineage	13	Intermediate Monocyte	3	415	0.8642813078346699	0.9975903614457832	0.9975903614457832	0.0	0.9975903614457832	0.5289156626506024	0.9975903614457832	0.0	0.5289156626506024	1.0150201240426344	0.13012048192771083	0.004819277108433735	0.0	1.2106024096385544
infection_study_04	Myeloid_lineage	13	Non-Classical Monocyte	4	415	0.5552356798501153	0.672289156626506	0.672289156626506	0.0	0.672289156626506	0.22108433734939759	0.672289156626506	0.0	0.22108433734939759	0.9189566056716673	0.014457831325301205	0.00963855421686747	0.0	0.7050602409638554
infection_study_04	Myeloid_lineage	13	Conventional DC 1	5	415	0.49296273448031624	0.49296273448031624	0.49296273448031624	0.0	0.1783132530120482	0.08112449799196787	0.1783132530120482	0.0	0.08112449799196787	4.1737457711757715	0.07228915662650602	0.07228915662650602	0.0	0.6809145417092319
infection_study_04	Myeloid_lineage	13	Plasmacytoid DC	6	415	0.39445244133708046	0.39445244133708046	0.39445244133708046	0.0	0.3542168674698795	0.11024096385542169	0.3542168674698795	0.0	0.11024096385542169	1.1542975932780342	0.016867469879518072	0.016867469879518072	0.0	0.43830786302382746
infection_study_04	Myeloid_lineage	14	Classical Monocyte	1	309	0.7755843443690452	0.9967637540453075	0.9967637540453075	0.0	0.9967637540453075	0.8724919093851131	0.9967637540453075	0.0	0.8724919093851131	1.0277393489792594	0.919093851132686	0.8155339805825242	0.0	3.2828478964401295
infection_study_04	Myeloid_lineage	14	Intermediate Monocyte	2	309	0.8682340576233235	0.9385113268608414	0.9385113268608414	0.0	0.9385113268608414	0.6035598705501618	0.9385113268608414	0.0	0.6035598705501618	0.9555054528952434	0.21359223300970873	0.1423948220064725	0.0	1.4226537216828479
infection_study_04	Myeloid_lineage	14	Non-Classical Monocyte	3	309	0.7476523408047159	0.8478964401294499	0.8478964401294499	0.0	0.8478964401294499	0.3940129449838188	0.8478964401294499	0.0	0.3940129449838188	1.1554772532765456	0.07766990291262135	0.061488673139158574	0.0	1.0336569579288026
infection_study_04	Myeloid_lineage	14	Conventional DC 2	4	309	0.4822354742157333	0.4822354742157333	0.4822354742157333	0.0	0.10032362459546926	0.038834951456310676	0.10032362459546926	0.0	0.038834951456310676	1.2783293034769898	0.038834951456310676	0.032362459546925564	0.0	0.576733856092756
infection_study_04	Myeloid_lineage	14	Conventional DC 1	5	309	0.49296273448031624	0.49296273448031624	0.49296273448031624	0.0	0.009708737864077669	0.003236245954692557	0.009708737864077669	0.0	0.003236245954692557	0.4368214132551948	0.009708737864077669	0.0	0.0	0.5084967150628406
infection_study_04	Myeloid_lineage	14	Plasmacytoid DC	6	309	0.39445244133708046	0.39445244133708046	0.39445244133708046	0.0	0.15857605177993528	0.042071197411003236	0.15857605177993528	0.0	0.042071197411003236	0.5342611730358281	0.003236245954692557	0.0	0.0	0.39963043486458855
infection_study_04	Myeloid_lineage	15	Classical Monocyte	1	276	0.8874151758173967	1.0	1.0	0.0	1.0	0.944927536231884	1.0	0.0	0.944927536231884	1.0310430210644415	0.9347826086956522	0.9782608695652174	0.0	3.473913043478261
infection_study_04	Myeloid_lineage	15	Intermediate Monocyte	2	276	0.8643955491580415	0.9891304347826086	0.9891304347826086	0.0	0.9891304347826086	0.6077898550724637	0.9891304347826086	0.0	0.6077898550724637	1.0064978156327709	0.13043478260869565	0.09420289855072464	0.0	1.2920289855072462
infection_study_04	Myeloid_lineage	15	Non-Classical Monocyte	3	276	0.5963796924623574	0.7608695652173914	0.7608695652173914	0.0	0.7608695652173914	0.302536231884058	0.7608695652173914	0.0	0.302536231884058	1.038263135486928	0.07246376811594203	0.06159420289855073	0.0	0.9384057971014493
infection_study_04	Myeloid_lineage	15	Conventional DC 2	4	276	0.4822354742157333	0.4822354742157333	0.4822354742157333	0.0	0.05434782608695652	0.020531400966183576	0.05434782608695652	0.0	0.020531400966183576	0.7456037816344167	0.010869565217391304	0.010869565217391304	0.0	0.5104963437809507
infection_study_04	Myeloid_lineage	15	Conventional DC 1	5	276	0.49296273448031624	0.49296273448031624	0.49296273448031624	0.0	0.028985507246376812	0.00966183574879227	0.028985507246376812	0.0	0.00966183574879227	0.8640687439895541	0.0	0.0	0.0	0.49296273448031624
infection_study_04	Myeloid_lineage	15	Plasmacytoid DC	6	276	0.39445244133708046	0.39445244133708046	0.39445244133708046	0.0	0.26811594202898553	0.07427536231884058	0.26811594202898553	0.0	0.07427536231884058	0.8814214585019463	0.0	0.0	0.0	0.39445244133708046
infection_study_04	Myeloid_lineage	16	Non-Classical Monocyte	1	274	0.9778714556629424	1.0	1.0	0.0	1.0	0.7591240875912408	1.0	0.0	0.7591240875912408	1.360341378305772	1.0	0.9051094890510949	0.0	3.5051094890510948
infection_study_04	Myeloid_lineage	16	Intermediate Monocyte	2	274	0.9556172458701762	0.9963503649635036	0.9963503649635036	0.0	0.9963503649635036	0.8065693430656934	0.9963503649635036	0.0	0.8065693430656934	1.0137709840831672	0.3905109489051095	0.38321167883211676	0.0	2.0043795620437956
infection_study_04	Myeloid_lineage	16	Classical Monocyte	3	274	0.68356295839331	0.9343065693430657	0.9343065693430657	0.0	0.9343065693430657	0.47518248175182476	0.9343065693430657	0.0	0.47518248175182476	0.9639808891747257	0.032846715328467155	0.9233576642335767	0.0	1.9102189781021899
infection_study_04	Myeloid_lineage	16	Conventional DC 1	4	274	0.49296273448031624	0.49296273448031624	0.49296273448031624	0.0	0.145985401459854	0.048661800486618	0.145985401459854	0.0	0.048661800486618	3.4572362767615044	0.010948905109489052	0.0	0.0	0.5104809826554987
infection_study_04	Myeloid_lineage	16	Conventional DC 2	5	274	0.4822354742157333	0.4822354742157333	0.4822354742157333	0.0	0.014598540145985401	0.00608272506082725	0.014598540145985401	0.0	0.00608272506082725	0.2850253951197654	0.0036496350364963502	0.0036496350364963502	0.0	0.49172452531062383
infection_study_04	Myeloid_lineage	16	Plasmacytoid DC	6	274	0.39445244133708046	0.39445244133708046	0.39445244133708046	0.0	0.20437956204379562	0.05383211678832117	0.20437956204379562	0.0	0.05383211678832117	0.6794243611894688	0.0036496350364963502	0.0	0.0	0.4002918573954746
infection_study_04	Myeloid_lineage	17	Non-Classical Monocyte	1	273	0.9753467224164325	0.9926739926739927	0.9926739926739927	0.0	0.9926739926739927	0.7591575091575091	0.9926739926739927	0.0	0.7591575091575091	1.3504741793915749	0.8974358974358975	0.7509157509157509	0.0	3.1794871794871797
infection_study_04	Myeloid_lineage	17	Intermediate Monocyte	2	273	0.9268969771745836	1.0	1.0	0.0	1.0	0.7967032967032968	1.0	0.0	0.7967032967032968	1.017447530772379	0.7985347985347986	0.7912087912087912	0.0	3.068864468864469
infection_study_04	Myeloid_lineage	17	Classical Monocyte	3	273	0.7102154591358786	0.9743589743589743	0.9743589743589743	0.0	0.9743589743589743	0.7084249084249084	0.9743589743589743	0.0	0.7084249084249084	1.004867773004923	0.21245421245421245	0.8864468864468864	0.0	2.200732600732601
infection_study_04	Myeloid_lineage	17	Plasmacytoid DC	4	273	0.7968675029131538	0.7968675029131538	0.7968675029131538	0.0	0.5201465201465202	0.1437728937728938	0.5201465201465202	0.0	0.1437728937728938	1.680171642079319	0.0	0.0	0.0	0.7968675029131538
infection_study_04	Myeloid_lineage	17	Conventional DC 1	5	273	0.49296273448031624	0.49296273448031624	0.49296273448031624	0.0	0.0695970695970696	0.0231990231990232	0.0695970695970696	0.0	0.0231990231990232	1.7641771214450723	0.007326007326007326	0.0	0.0	0.5046843462019279
infection_study_04	Myeloid_lineage	17	Conventional DC 2	6	273	0.4822354742157333	0.4822354742157333	0.4822354742157333	0.0	0.04395604395604396	0.014652014652014654	0.04395604395604396	0.0	0.014652014652014654	0.6251933105136225	0.007326007326007326	0.0	0.0	0.49395708593734505
infection_study_04	Myeloid_lineage	18	Classical Monocyte	1	271	0.9206022802568145	1.0	1.0	0.0	1.0	0.9616236162361623	1.0	0.0	0.9616236162361623	1.0310430210644415	0.9446494464944649	0.966789667896679	0.0	3.4782287822878226
infection_study_04	Myeloid_lineage	18	Intermediate Monocyte	2	271	0.7809308383028309	0.9704797047970479	0.9704797047970479	0.0	0.9704797047970479	0.5101476014760148	0.9704797047970479	0.0	0.5101476014760148	0.9877095590279082	0.033210332103321034	0.033210332103321034	0.0	1.0568265682656826
infection_study_04	Myeloid_lineage	18	Non-Classical Monocyte	3	271	0.5670025361573788	0.6900369003690037	0.6900369003690037	0.0	0.6900369003690037	0.26476014760147604	0.6900369003690037	0.0	0.26476014760147604	0.942860556349377	0.05166051660516605	0.03690036900369004	0.0	0.8095940959409594
infection_study_04	Myeloid_lineage	18	Conventional DC 2	4	271	0.4822354742157333	0.4822354742157333	0.4822354742157333	0.0	0.033210332103321034	0.011070110701107009	0.033210332103321034	0.0	0.011070110701107009	0.500681825340574	0.01107011070110701	0.01107011070110701	0.0	0.5110177620386116
infection_study_04	Myeloid_lineage	18	Conventional DC 1	5	271	0.49296273448031624	0.49296273448031624	0.49296273448031624	0.0	0.025830258302583026	0.008610086100861008	0.025830258302583026	0.0	0.008610086100861008	0.7941362951282752	0.0	0.0	0.0	0.49296273448031624
infection_study_04	Myeloid_lineage	18	Plasmacytoid DC	6	271	0.39445244133708046	0.4354243542435424	0.4354243542435424	0.0	0.4354243542435424	0.12177121771217712	0.4354243542435424	0.0	0.12177121771217712	1.4116651534082605	0.0036900369003690036	0.0036900369003690036	0.0	0.4450184501845018
infection_study_04	Myeloid_lineage	19	Classical Monocyte	1	252	0.8249365960655288	1.0	1.0	0.0	1.0	0.9317460317460318	1.0	0.0	0.9317460317460318	1.0310430210644415	0.9761904761904762	0.9325396825396826	0.0	3.4944444444444445
infection_study_04	Myeloid_lineage	19	Intermediate Monocyte	2	252	0.7874997143966915	0.9603174603174603	0.9603174603174603	0.0	0.9603174603174603	0.443452380952381	0.9603174603174603	0.0	0.443452380952381	0.9774723802626988	0.05555555555555555	0.011904761904761904	0.0	1.0611111111111111
infection_study_04	Myeloid_lineage	19	Conventional DC 2	3	252	0.4822354742157333	0.4822354742157333	0.4822354742157333	0.0	0.023809523809523808	0.007936507936507936	0.023809523809523808	0.0	0.007936507936507936	0.3917538530916996	0.015873015873015872	0.007936507936507936	0.0	0.5155688075490666
infection_study_04	Myeloid_lineage	19	Conventional DC 1	4	252	0.49296273448031624	0.49296273448031624	0.49296273448031624	0.0	0.003968253968253968	0.0013227513227513227	0.003968253968253968	0.0	0.0013227513227513227	0.3095902173543738	0.0	0.0	0.0	0.49296273448031624
infection_study_04	Myeloid_lineage	19	Non-Classical Monocyte	5	252	0.24986862247812278	0.43253968253968256	0.43253968253968256	0.0	0.43253968253968256	0.1259920634920635	0.43253968253968256	0.0	0.1259920634920635	0.5960445957435946	0.015873015873015872	0.011904761904761904	0.0	0.46984126984126984
infection_study_04	Myeloid_lineage	19	Plasmacytoid DC	6	252	0.39445244133708046	0.39445244133708046	0.39445244133708046	0.0	0.11507936507936507	0.028769841269841268	0.11507936507936507	0.0	0.028769841269841268	0.3964089062728423	0.0	0.0	0.0	0.39445244133708046
infection_study_04	Myeloid_lineage	2	Classical Monocyte	1	913	0.9499623003632874	1.0	1.0	0.0	1.0	0.9892661555312158	1.0	0.0	0.9892661555312158	1.0310430210644415	1.0	0.9978094194961665	0.0	3.5978094194961665
infection_study_04	Myeloid_lineage	2	Intermediate Monocyte	2	913	0.8062924120913016	0.9934282584884995	0.9934282584884995	0.0	0.9934282584884995	0.527382256297919	0.9934282584884995	0.0	0.527382256297919	1.0108273306003486	0.027382256297918947	0.012048192771084338	0.0	1.049288061336254
infection_study_04	Myeloid_lineage	2	Non-Classical Monocyte	3	913	0.5407841524436219	0.6462212486308871	0.6462212486308871	0.0	0.6462212486308871	0.218236582694414	0.6462212486308871	0.0	0.218236582694414	0.8838464533030452	0.007667031763417305	0.007667031763417305	0.0	0.6661555312157721
infection_study_04	Myeloid_lineage	2	Conventional DC 1	4	913	0.49296273448031624	0.49296273448031624	0.49296273448031624	0.0	0.017524644030668127	0.005841548010222709	0.017524644030668127	0.0	0.005841548010222709	0.6100519468949406	0.0	0.0	0.0	0.49296273448031624
infection_study_04	Myeloid_lineage	2	Conventional DC 2	5	913	0.4822354742157333	0.4822354742157333	0.4822354742157333	0.0	0.01533406352683461	0.005111354508944871	0.01533406352683461	0.0	0.005111354508944871	0.2935479676383864	0.0	0.0	0.0	0.4822354742157333
infection_study_04	Myeloid_lineage	2	Plasmacytoid DC	6	913	0.39445244133708046	0.39445244133708046	0.39445244133708046	0.0	0.2212486308871851	0.06078860898138007	0.2212486308871851	0.0	0.06078860898138007	0.7328868098180356	0.0	0.0	0.0	0.39445244133708046
infection_study_04	Myeloid_lineage	20	Plasmacytoid DC	1	229	0.9973496012977814	0.9973496012977814	0.9973496012977814	0.0	0.9956331877729258	0.7707423580786026	0.9956331877729258	0.0	0.7707423580786026	3.1871120534053876	1.0	0.9694323144104804	0.0	3.566781915708262
infection_study_04	Myeloid_lineage	20	Intermediate Monocyte	2	229	0.66485022962506	0.9563318777292577	0.9563318777292577	0.0	0.9563318777292577	0.2991266375545852	0.9563318777292577	0.0	0.2991266375545852	0.9734574088141282	0.013100436681222707	0.0	0.0	0.977292576419214
infection_study_04	Myeloid_lineage	20	Conventional DC 1	3	229	0.49296273448031624	0.49296273448031624	0.49296273448031624	0.0	0.004366812227074236	0.0014556040756914118	0.004366812227074236	0.0	0.0014556040756914118	0.3184238008686039	0.021834061135371178	0.0	0.0	0.5278972322969101
infection_study_04	Myeloid_lineage	20	Conventional DC 2	4	229	0.4822354742157333	0.4822354742157333	0.4822354742157333	0.0	0.1572052401746725	0.05531295487627366	0.1572052401746725	0.0	0.05531295487627366	1.9374214633895366	0.004366812227074236	0.0	0.0	0.4892223737790521
infection_study_04	Myeloid_lineage	20	Classical Monocyte	5	229	0.27552722370735944	0.27552722370735944	0.27552722370735944	0.0	0.22707423580786026	0.125764192139738	0.22707423580786026	0.0	0.125764192139738	0.24201360030087135	0.026200873362445413	0.03056768558951965	0.0	0.34801630667679173
infection_study_04	Myeloid_lineage	20	Non-Classical Monocyte	6	229	0.24986862247812278	0.24986862247812278	0.24986862247812278	0.0	0.2314410480349345	0.08078602620087336	0.2314410480349345	0.0	0.08078602620087336	0.3251903446172603	0.008733624454148471	0.004366812227074236	0.0	0.2682092338318346
infection_study_04	Myeloid_lineage	21	Classical Monocyte	1	211	0.7387529417140768	1.0	1.0	0.0	1.0	0.6199052132701423	1.0	0.0	0.6199052132701423	1.0310430210644415	1.0	0.8436018957345972	0.0	3.4436018957345973
infection_study_04	Myeloid_lineage	21	Non-Classical Monocyte	2	211	0.8052985125779697	0.919431279620853	0.919431279620853	0.0	0.919431279620853	0.35545023696682465	0.919431279620853	0.0	0.35545023696682465	1.251825572237553	0.0	0.0	0.0	0.919431279620853
infection_study_04	Myeloid_lineage	21	Intermediate Monocyte	3	211	0.6118079831836772	0.7109004739336493	0.7109004739336493	0.0	0.7109004739336493	0.2890995260663507	0.7109004739336493	0.0	0.2890995260663507	0.7262162446895338	0.014218009478672985	0.0	0.0	0.7336492890995261
infection_study_04	Myeloid_lineage	21	Conventional DC 1	4	211	0.49296273448031624	0.49296273448031624	0.49296273448031624	0.0	0.004739336492890996	0.0015797788309636653	0.004739336492890996	0.0	0.0015797788309636653	0.3266803709944122	0.0	0.0	0.0	0.49296273448031624
infection_study_04	Myeloid_lineage	21	Conventional DC 2	5	211	0.4822354742157333	0.4822354742157333	0.4822354742157333	0.0	0.014218009478672985	0.004739336492890996	0.014218009478672985	0.0	0.004739336492890996	0.28061615362973286	0.0	0.0	0.0	0.4822354742157333
infection_study_04	Myeloid_lineage	21	Plasmacytoid DC	6	211	0.39445244133708046	0.39445244133708046	0.39445244133708046	0.0	0.3412322274881517	0.08886255924170616	0.3412322274881517	0.0	0.08886255924170616	1.1131459058655075	0.0	0.0	0.0	0.39445244133708046
infection_study_04	Myeloid_lineage	22	Classical Monocyte	1	211	0.8113875751136701	0.933649289099526	0.933649289099526	0.0	0.933649289099526	0.8142180094786731	0.933649289099526	0.0	0.8142180094786731	0.9633099147113742	0.8341232227488151	0.9004739336492891	0.0	3.168720379146919
infection_study_04	Myeloid_lineage	22	Intermediate Monocyte	2	211	0.866817465213517	0.981042654028436	0.981042654028436	0.0	0.981042654028436	0.6327014218009479	0.981042654028436	0.0	0.6327014218009479	0.9983503972587497	0.1990521327014218	0.07582938388625593	0.0	1.375355450236967
infection_study_04	Myeloid_lineage	22	Non-Classical Monocyte	3	211	0.5849955445883885	0.7251184834123223	0.7251184834123223	0.0	0.7251184834123223	0.31398104265402843	0.7251184834123223	0.0	0.31398104265402843	0.9901109811318488	0.16587677725118483	0.13270142180094788	0.0	1.123222748815166
infection_study_04	Myeloid_lineage	22	Conventional DC 2	4	211	0.4822354742157333	0.4822354742157333	0.4822354742157333	0.0	0.061611374407582936	0.023696682464454975	0.061611374407582936	0.0	0.023696682464454975	0.8297671392065095	0.037914691943127965	0.037914691943127965	0.0	0.580813673267866
infection_study_04	Myeloid_lineage	22	Conventional DC 1	5	211	0.49296273448031624	0.49296273448031624	0.49296273448031624	0.0	0.02843601895734597	0.00947867298578199	0.02843601895734597	0.0	0.00947867298578199	0.851889970663885	0.009478672985781991	0.0	0.0	0.5081286112575675
infection_study_04	Myeloid_lineage	22	Plasmacytoid DC	6	211	0.39445244133708046	0.4549763033175355	0.4549763033175355	0.0	0.4549763033175355	0.13981042654028436	0.4549763033175355	0.0	0.13981042654028436	1.4736303444132361	0.014218009478672985	0.014218009478672985	0.0	0.4919431279620853
infection_study_04	Myeloid_lineage	23	Non-Classical Monocyte	1	176	0.979379441131446	1.0	1.0	0.0	1.0	0.8082386363636364	1.0	0.0	0.8082386363636364	1.360341378305772	0.9943181818181818	0.9147727272727273	0.0	3.5056818181818183
infection_study_04	Myeloid_lineage	23	Intermediate Monocyte	2	176	0.8998046473370347	1.0	1.0	0.0	1.0	0.7528409090909091	1.0	0.0	0.7528409090909091	1.017447530772379	0.2840909090909091	0.2840909090909091	0.0	1.7386363636363638
infection_study_04	Myeloid_lineage	23	Classical Monocyte	3	176	0.6284757922635775	0.7556818181818182	0.7556818181818182	0.0	0.7556818181818182	0.2727272727272727	0.7556818181818182	0.0	0.2727272727272727	0.7816345494973231	0.0	0.9147727272727273	0.0	1.6704545454545454
infection_study_04	Myeloid_lineage	23	Conventional DC 1	4	176	0.49296273448031624	0.49296273448031624	0.49296273448031624	0.0	0.10795454545454546	0.03598484848484849	0.10795454545454546	0.0	0.03598484848484849	2.614326275009287	0.045454545454545456	0.0	0.0	0.565690007207589
infection_study_04	Myeloid_lineage	23	Conventional DC 2	5	176	0.4822354742157333	0.4822354742157333	0.4822354742157333	0.0	0.011363636363636364	0.003787878787878788	0.011363636363636364	0.0	0.003787878787878788	0.24754228745294973	0.0	0.0	0.0	0.4822354742157333
infection_study_04	Myeloid_lineage	23	Plasmacytoid DC	6	176	0.39445244133708046	0.39445244133708046	0.39445244133708046	0.0	0.17045454545454544	0.04403409090909091	0.17045454545454544	0.0	0.04403409090909091	0.5719071962846135	0.03409090909090909	0.0	0.0	0.448997895882535
infection_study_04	Myeloid_lineage	24	Classical Monocyte	1	92	0.8335503918477392	1.0	1.0	0.0	1.0	0.8086956521739129	1.0	0.0	0.8086956521739129	1.0310430210644415	0.42391304347826086	0.41304347826086957	0.0	2.091304347826087
infection_study_04	Myeloid_lineage	24	Intermediate Monocyte	2	92	0.732481093060982	0.9130434782608695	0.9130434782608695	0.0	0.9130434782608695	0.39402173913043476	0.9130434782608695	0.0	0.39402173913043476	0.9298498096555146	0.32608695652173914	0.0	0.0	1.434782608695652
infection_study_04	Myeloid_lineage	24	Non-Classical Monocyte	3	92	0.5566865446569333	0.5869565217391305	0.5869565217391305	0.0	0.5869565217391305	0.18206521739130435	0.5869565217391305	0.0	0.18206521739130435	0.8040244134368597	0.010869565217391304	0.010869565217391304	0.0	0.6152173913043478
infection_study_04	Myeloid_lineage	24	Conventional DC 1	4	92	0.49296273448031624	0.49296273448031624	0.49296273448031624	0.0	0.0	0.0	0.0	0.0	0.0	0.2216384510605176	0.0	0.0	0.0	0.49296273448031624
infection_study_04	Myeloid_lineage	24	Conventional DC 2	5	92	0.4822354742157333	0.4822354742157333	0.4822354742157333	0.0	0.010869565217391304	0.0036231884057971015	0.010869565217391304	0.0	0.0036231884057971015	0.24181744269224326	0.0	0.0	0.0	0.4822354742157333
infection_study_04	Myeloid_lineage	24	Plasmacytoid DC	6	92	0.39445244133708046	0.39445244133708046	0.39445244133708046	0.0	0.14130434782608695	0.03532608695652174	0.14130434782608695	0.0	0.03532608695652174	0.4795226694507722	0.0	0.0	0.0	0.39445244133708046
infection_study_04	Myeloid_lineage	25	Classical Monocyte	1	48	0.7825187926976946	0.9166666666666666	0.9166666666666666	0.0	0.9166666666666666	0.8291666666666666	0.9166666666666666	0.0	0.8291666666666666	0.9459734648710058	0.9583333333333334	0.9166666666666666	0.0	3.3666666666666667
infection_study_04	Myeloid_lineage	25	Intermediate Monocyte	2	48	0.867462928690566	0.9166666666666666	0.9166666666666666	0.0	0.9166666666666666	0.6041666666666667	0.9166666666666666	0.0	0.6041666666666667	0.9334997147020505	0.125	0.08333333333333333	0.0	1.2
infection_study_04	Myeloid_lineage	25	Non-Classical Monocyte	3	48	0.5786894235382822	0.7708333333333334	0.7708333333333334	0.0	0.7708333333333334	0.31770833333333337	0.7708333333333334	0.0	0.31770833333333337	1.0516830622710465	0.08333333333333333	0.0625	0.0	0.9666666666666667
infection_study_04	Myeloid_lineage	25	Conventional DC 1	4	48	0.49296273448031624	0.49296273448031624	0.49296273448031624	0.0	0.0	0.0	0.0	0.0	0.0	0.2216384510605176	0.0	0.0	0.0	0.49296273448031624
infection_study_04	Myeloid_lineage	25	Conventional DC 2	5	48	0.4822354742157333	0.4822354742157333	0.4822354742157333	0.0	0.3958333333333333	0.13194444444444445	0.3958333333333333	0.0	0.13194444444444445	4.70242565207607	0.0	0.0	0.0	0.4822354742157333
infection_study_04	Myeloid_lineage	25	Plasmacytoid DC	6	48	0.39445244133708046	0.39445244133708046	0.39445244133708046	0.0	0.25	0.07291666666666666	0.25	0.0	0.07291666666666666	0.82400734578035	0.0	0.0	0.0	0.39445244133708046
infection_study_04	Myeloid_lineage	3	Classical Monocyte	1	912	0.9548175566065757	1.0	1.0	0.0	1.0	0.9958333333333333	1.0	0.0	0.9958333333333333	1.0310430210644415	1.0	1.0	0.0	3.6
infection_study_04	Myeloid_lineage	3	Intermediate Monocyte	2	912	0.8114332716430187	0.9967105263157895	0.9967105263157895	0.0	0.9967105263157895	0.5224780701754386	0.9967105263157895	0.0	0.5224780701754386	1.0141338011906553	0.006578947368421052	0.0	0.0	1.007236842105263
infection_study_04	Myeloid_lineage	3	Non-Classical Monocyte	3	912	0.5500148513720383	0.6907894736842105	0.6907894736842105	0.0	0.6907894736842105	0.22341008771929827	0.6907894736842105	0.0	0.22341008771929827	0.9438741767660945	0.0010964912280701754	0.0010964912280701754	0.0	0.693640350877193
infection_study_04	Myeloid_lineage	3	Conventional DC 1	4	912	0.49296273448031624	0.49296273448031624	0.49296273448031624	0.0	0.009868421052631578	0.003289473684210526	0.009868421052631578	0.0	0.003289473684210526	0.4403606067123441	0.0	0.0	0.0	0.49296273448031624
infection_study_04	Myeloid_lineage	3	Conventional DC 2	5	912	0.4822354742157333	0.4822354742157333	0.4822354742157333	0.0	0.009868421052631578	0.003289473684210526	0.009868421052631578	0.0	0.003289473684210526	0.23021709936133788	0.0	0.0	0.0	0.4822354742157333
infection_study_04	Myeloid_lineage	3	Plasmacytoid DC	6	912	0.39445244133708046	0.39445244133708046	0.39445244133708046	0.0	0.3201754385964912	0.08607456140350878	0.3201754385964912	0.0	0.08607456140350878	1.0464114876913755	0.0	0.0	0.0	0.39445244133708046
infection_study_04	Myeloid_lineage	4	Classical Monocyte	1	871	0.8914478945324102	1.0	1.0	0.0	1.0	0.989207807118255	1.0	0.0	0.989207807118255	1.0310430210644415	0.9931113662456946	0.9873708381171068	0.0	3.5763490241102183
infection_study_04	Myeloid_lineage	4	Intermediate Monocyte	2	871	0.8283638357666735	0.9965556831228473	0.9965556831228473	0.0	0.9965556831228473	0.5522388059701493	0.9965556831228473	0.0	0.5522388059701493	1.013977816216085	0.08725602755453502	0.05855338691159587	0.0	1.194718714121699
infection_study_04	Myeloid_lineage	4	Plasmacytoid DC	3	871	0.7919322777435054	0.7919322777435054	0.7919322777435054	0.0	0.5109070034443168	0.1417910447761194	0.5109070034443168	0.0	0.1417910447761194	1.6508892204097967	0.0	0.0	0.0	0.7919322777435054
infection_study_04	Myeloid_lineage	4	Non-Classical Monocyte	4	871	0.5533849704114973	0.6590126291618829	0.6590126291618829	0.0	0.6590126291618829	0.22962112514351318	0.6590126291618829	0.0	0.22962112514351318	0.9010748139188555	0.013777267508610792	0.010332950631458095	0.0	0.6913892078071182
infection_study_04	Myeloid_lineage	4	Conventional DC 1	5	871	0.49296273448031624	0.49296273448031624	0.49296273448031624	0.0	0.018369690011481057	0.006123230003827019	0.018369690011481057	0.0	0.006123230003827019	0.6287814151211699	0.0	0.0	0.0	0.49296273448031624
infection_study_04	Myeloid_lineage	4	Conventional DC 2	6	871	0.4822354742157333	0.4822354742157333	0.4822354742157333	0.0	0.014925373134328358	0.004975124378109453	0.014925373134328358	0.0	0.004975124378109453	0.28881243699655046	0.001148105625717566	0.001148105625717566	0.0	0.48522054884259896
infection_study_04	Myeloid_lineage	5	Classical Monocyte	1	838	0.8280096876642219	1.0	1.0	0.0	1.0	0.9732696897374702	1.0	0.0	0.9732696897374702	1.0310430210644415	0.9737470167064439	0.9606205250596659	0.0	3.518615751789976
infection_study_04	Myeloid_lineage	5	Intermediate Monocyte	2	838	0.9299015239792537	1.0	1.0	0.0	1.0	0.7130071599045346	1.0	0.0	0.7130071599045346	1.017447530772379	0.26968973747016706	0.09307875894988067	0.0	1.524582338902148
infection_study_04	Myeloid_lineage	5	Non-Classical Monocyte	3	838	0.6784163867754245	0.8245823389021479	0.8245823389021479	0.0	0.8245823389021479	0.3198090692124105	0.8245823389021479	0.0	0.3198090692124105	1.124076127932478	0.0883054892601432	0.07637231503579953	0.0	1.0422434367541766
infection_study_04	Myeloid_lineage	5	Conventional DC 2	4	838	0.4822354742157333	0.4822354742157333	0.4822354742157333	0.0	0.08353221957040573	0.028639618138424822	0.08353221957040573	0.0	0.028639618138424822	1.0837658528217347	0.0059665871121718375	0.00477326968973747	0.0	0.49655528328494575
infection_study_04	Myeloid_lineage	5	Conventional DC 1	5	838	0.49296273448031624	0.49296273448031624	0.49296273448031624	0.0	0.02386634844868735	0.007955449482895784	0.02386634844868735	0.0	0.007955449482895784	0.7506085013242827	0.0	0.0	0.0	0.49296273448031624
infection_study_04	Myeloid_lineage	5	Plasmacytoid DC	6	838	0.39445244133708046	0.39445244133708046	0.39445244133708046	0.0	0.2756563245823389	0.07279236276849642	0.2756563245823389	0.0	0.07279236276849642	0.9053188839402432	0.0	0.0	0.0	0.39445244133708046
infection_study_04	Myeloid_lineage	6	Non-Classical Monocyte	1	677	0.985971165489981	1.0	1.0	0.0	1.0	0.8216395864106352	1.0	0.0	0.8216395864106352	1.360341378305772	0.9985228951255539	0.9867060561299852	0.0	3.5843426883308718
infection_study_04	Myeloid_lineage	6	Classical Monocyte	2	677	0.6542143624191743	0.8463810930576071	0.8463810930576071	0.0	0.8463810930576071	0.33648449039881834	0.8463810930576071	0.0	0.33648449039881834	0.8742235142263207	0.011816838995568686	0.9940915805022157	0.0	1.8593796159527325
infection_study_04	Myeloid_lineage	6	Intermediate Monocyte	3	677	0.947243356867046	0.9985228951255539	0.9985228951255539	0.0	0.9985228951255539	0.8061299852289513	0.9985228951255539	0.0	0.8061299852289513	1.0159595340325798	0.1536189069423929	0.15066469719350073	0.0	1.3949778434268834
infection_study_04	Myeloid_lineage	6	Conventional DC 1	4	677	0.49296273448031624	0.49296273448031624	0.49296273448031624	0.0	0.16248153618906944	0.05416051206302314	0.16248153618906944	0.0	0.05416051206302314	3.822854051748396	0.022156573116691284	0.0	0.0	0.5284132514670223
infection_study_04	Myeloid_lineage	6	Conventional DC 2	5	677	0.4822354742157333	0.4822354742157333	0.4822354742157333	0.0	0.008862629246676515	0.002954209748892171	0.008862629246676515	0.0	0.002954209748892171	0.21856290341315474	0.0	0.0	0.0	0.4822354742157333
infection_study_04	Myeloid_lineage	6	Plasmacytoid DC	6	677	0.39445244133708046	0.39445244133708046	0.39445244133708046	0.0	0.20827178729689808	0.05502215657311668	0.20827178729689808	0.0	0.05502215657311668	0.6917598311894234	0.0014771048744460858	0.0	0.0	0.3968158091361942
infection_study_04	Myeloid_lineage	7	Classical Monocyte	1	640	0.8814860511344164	1.0	1.0	0.0	1.0	0.9840625	1.0	0.0	0.9840625	1.0310430210644415	0.99375	0.99375	0.0	3.58375
infection_study_04	Myeloid_lineage	7	Intermediate Monocyte	2	640	0.8496926908401307	0.990625	0.990625	0.0	0.990625	0.60625	0.990625	0.0	0.60625	1.0080034014644668	0.103125	0.065625	0.0	1.22125
infection_study_04	Myeloid_lineage	7	Non-Classical Monocyte	3	640	0.6472056572303333	0.753125	0.753125	0.0	0.753125	0.316796875	0.753125	0.0	0.316796875	1.027832192395636	0.028125	0.0171875	0.0	0.8153125000000001
infection_study_04	Myeloid_lineage	7	Conventional DC 1	4	640	0.49296273448031624	0.49296273448031624	0.49296273448031624	0.0	0.009375	0.0031250000000000006	0.009375	0.0	0.0031250000000000006	0.4294244989297528	0.0	0.0	0.0	0.49296273448031624
infection_study_04	Myeloid_lineage	7	Conventional DC 2	5	640	0.4822354742157333	0.4822354742157333	0.4822354742157333	0.0	0.028125	0.009375	0.028125	0.0	0.009375	0.4417576459599183	0.0	0.0	0.0	0.4822354742157333
infection_study_04	Myeloid_lineage	7	Plasmacytoid DC	6	640	0.39445244133708046	0.39445244133708046	0.39445244133708046	0.0	0.30625	0.082421875	0.30625	0.0	0.082421875	1.0022781657809066	0.0	0.0	0.0	0.39445244133708046
infection_study_04	Myeloid_lineage	8	Classical Monocyte	1	609	0.9210592455503005	0.9983579638752053	0.9983579638752053	0.0	0.9983579638752053	0.9773399014778323	0.9983579638752053	0.0	0.9773399014778323	1.0293667736517629	0.9819376026272578	0.9737274220032841	0.0	3.5431855500821023
infection_study_04	Myeloid_lineage	8	Intermediate Monocyte	2	609	0.7922635775812827	0.9819376026272578	0.9819376026272578	0.0	0.9819376026272578	0.47988505747126436	0.9819376026272578	0.0	0.47988505747126436	0.9992519450231452	0.021346469622331693	0.009852216748768473	0.0	1.025944170771757
infection_study_04	Myeloid_lineage	8	Conventional DC 2	3	609	0.4822354742157333	0.4822354742157333	0.4822354742157333	0.0	0.03284072249589491	0.011494252873563218	0.03284072249589491	0.0	0.011494252873563218	0.49639912710842365	0.021346469622331693	0.0180623973727422	0.0	0.5344522229842062
infection_study_04	Myeloid_lineage	8	Non-Classical Monocyte	4	609	0.5123380629241209	0.5172413793103449	0.5172413793103449	0.0	0.5172413793103449	0.16379310344827586	0.5172413793103449	0.0	0.16379310344827586	0.7101269946840305	0.006568144499178982	0.0049261083743842365	0.0	0.5326765188834155
infection_study_04	Myeloid_lineage	8	Conventional DC 1	5	609	0.49296273448031624	0.49296273448031624	0.49296273448031624	0.0	0.0180623973727422	0.0060207991242474	0.0180623973727422	0.0	0.0060207991242474	0.6219706286739319	0.0016420361247947454	0.0016420361247947454	0.0	0.4972320284047826
infection_study_04	Myeloid_lineage	8	Plasmacytoid DC	6	609	0.39445244133708046	0.39445244133708046	0.39445244133708046	0.0	0.3694581280788177	0.10262725779967159	0.3694581280788177	0.0	0.10262725779967159	1.2026010959731026	0.0016420361247947454	0.0	0.0	0.39707969913675206
infection_study_04	Myeloid_lineage	9	Classical Monocyte	1	589	0.8324536751433729	1.0	1.0	0.0	1.0	0.9548387096774192	1.0	0.0	0.9548387096774192	1.0310430210644415	0.9388794567062818	0.9032258064516129	0.0	3.405432937181664
infection_study_04	Myeloid_lineage	9	Intermediate Monocyte	2	589	0.7792629149816072	0.9609507640067911	0.9609507640067911	0.0	0.9609507640067911	0.4872665534804753	0.9609507640067911	0.0	0.4872665534804753	0.978110353802242	0.11035653650254669	0.0967741935483871	0.0	1.234295415959253
infection_study_04	Myeloid_lineage	9	Non-Classical Monocyte	3	589	0.6705622957936345	0.7826825127334465	0.7826825127334465	0.0	0.7826825127334465	0.3421052631578947	0.7826825127334465	0.0	0.3421052631578947	1.0676423979511873	0.03735144312393888	0.030560271646859084	0.0	0.8730050933786078
infection_study_04	Myeloid_lineage	9	Conventional DC 1	4	589	0.49296273448031624	0.49296273448031624	0.49296273448031624	0.0	0.022071307300509338	0.007357102433503113	0.022071307300509338	0.0	0.007357102433503113	0.710823487357076	0.0	0.0	0.0	0.49296273448031624
infection_study_04	Myeloid_lineage	9	Conventional DC 2	5	589	0.4822354742157333	0.4822354742157333	0.4822354742157333	0.0	0.01867572156196944	0.00622524052065648	0.01867572156196944	0.0	0.00622524052065648	0.3322680459912837	0.0	0.0	0.0	0.4822354742157333
infection_study_04	Myeloid_lineage	9	Plasmacytoid DC	6	589	0.39445244133708046	0.39445244133708046	0.39445244133708046	0.0	0.3531409168081494	0.09804753820033957	0.3531409168081494	0.0	0.09804753820033957	1.1508876269358694	0.0050933786078098476	0.003395585738539898	0.0	0.4059974328481161
