study	lineage	cluster	candidate_label	rank_within_cluster	n_cells	marker_pct	marker_decision_score	marker_base_score	negative_marker_penalty	confound_marker_penalty	marker_penalty	marker_discriminative_score	marker_gate_score	key_marker_bonus	marker_any_fraction	marker_mean_positive_fraction	key_marker_any_fraction	key_marker_two_fraction	key_marker_max_fraction	key_marker_enrichment	negative_marker_any_fraction	negative_marker_mean_positive_fraction	confound_marker_any_fraction	confound_marker_mean_positive_fraction	available_negative_markers	available_confound_markers	available_policy_required_markers	policy_required_any_fraction	policy_required_mean_positive_fraction	ref_fraction	raw_fraction	screfmapping_fraction	total_score
vaccination_study_10	B_lineage	0	Naive B Cell	1	537	0.960472311675191	0.960472311675191	1.0	0.0558659217877095	0.043296089385474856	0.09916201117318435	0.9008379888268156	0.9008379888268156	0.0	1.0	0.6552274541101356	0.7653631284916201	0.7653631284916201	0.7653631284916201	2.1367434384607282	0.11359404096834265	0.05772811918063315	0.1154562383612663	0.05772811918063314	TNFRSF13B;MZB1	FCRL5;TBX21		0.0	0.0	0.0	0.0	0.0	0.9008379888268156
vaccination_study_10	B_lineage	0	Plasma Cell	2	537	0.34042642756414304	0.34042642756414304	0.11173184357541899	0.5	0.3279329608938547	0.6	0.0	0.0	0.0	0.1564245810055866	0.05462445685909373	0.11173184357541899	0.0	0.1042830540037244	0.25553890699092763	0.9832402234636871	0.5896958410924892	0.9180633147113594	0.3500931098696462	MS4A1;CD79A;LST1	LILRA4;IRF7;TCF4		0.0	0.0	0.0	0.0	0.0	0.0
vaccination_study_10	B_lineage	0	Plasmablast	3	537	0.34042642756414304	0.34042642756414304	0.2085661080074488	0.4134264432029795	0.34106145251396647	0.6	0.0	0.0	0.0	0.1564245810055866	0.05462445685909373	0.1042830540037244	0.1042830540037244	0.1042830540037244	0.6672530664609211	0.8286778398510242	0.4478584729981378	0.8994413407821229	0.4748603351955307	MS4A1;LST1	LILRA4;IRF7		0.0	0.0	0.0	0.0	0.0	0.0
vaccination_study_10	B_lineage	0	Memory B Cell	4	537	0.9316789796047231	0.9316789796047231	0.12104283054003724	0.3935754189944134	0.0	0.3935754189944134	0.0	0.0	0.0	1.0	0.43708433093907956	0.12104283054003724	0.00186219739292365	0.11173184357541899	0.6429979540641878	0.7839851024208566	0.43482309124767227	0.0	0.0	TCL1A;MZB1			0.0	0.0	0.0	0.0	0.0	0.0
vaccination_study_10	B_lineage	1	Plasma Cell	1	525	0.9232809244175033	0.9733333333333334	1.0	0.10286984126984128	0.03	0.13286984126984128	0.8671301587301588	0.8671301587301588	0.0	0.9828571428571429	0.3511111111111111	0.9733333333333334	0.009523809523809525	0.9371428571428572	2.0642086559057575	0.22476190476190477	0.07936507936507936	0.08571428571428572	0.02857142857142857	MS4A1;CD79A;LST1	LILRA4;IRF7;TCF4		0.0	0.0	0.0	0.0	0.0	0.8671301587301588
vaccination_study_10	B_lineage	1	Naive B Cell	2	525	0.5960935362337143	0.5960935362337143	0.06095238095238095	0.03173333333333333	0.013285714285714286	0.04501904761904761	0.01593333333333334	0.01593333333333334	0.0	0.20761904761904762	0.04299319727891156	0.030476190476190476	0.030476190476190476	0.030476190476190476	0.11154416715963474	0.06476190476190476	0.032380952380952385	0.03428571428571429	0.02	TNFRSF13B;MZB1	FCRL5;TBX21		0.0	0.0	0.0	0.0	0.0	0.01593333333333334
vaccination_study_10	B_lineage	1	Plasmablast	3	525	0.9232809244175033	0.9232809244175033	0.09142857142857143	0.09956190476190475	0.031428571428571424	0.13099047619047618	0.0	0.0	0.0	0.9828571428571429	0.3511111111111111	0.045714285714285714	0.045714285714285714	0.045714285714285714	0.3252934419071922	0.2019047619047619	0.10380952380952381	0.0838095238095238	0.0419047619047619	MS4A1;LST1	LILRA4;IRF7		0.0	0.0	0.0	0.0	0.0	0.0
vaccination_study_10	B_lineage	1	Memory B Cell	4	525	0.5851276546483972	0.5851276546483972	0.024761904761904763	0.035885714285714285	0.0	0.035885714285714285	0.0	0.0	0.0	0.1523809523809524	0.03047619047619048	0.024761904761904763	0.0	0.01904761904761905	0.1705689166600366	0.07238095238095238	0.0380952380952381	0.0	0.0	TCL1A;MZB1			0.0	0.0	0.0	0.0	0.0	0.0
vaccination_study_10	B_lineage	10	Plasma Cell	1	283	0.9264801835364442	0.9264801835364442	1.0	0.09286219081272085	0.023498233215547705	0.11636042402826854	0.8836395759717315	0.8836395759717315	0.0	0.9293286219081273	0.3239104829210836	0.8904593639575972	0.0035335689045936395	0.607773851590106	1.89024001359932	0.20141342756183744	0.07420494699646642	0.06713780918727916	0.022379269729093054	MS4A1;CD79A;LST1	LILRA4;IRF7;TCF4		0.0	0.0	0.0	0.0	0.0	0.8836395759717315
vaccination_study_10	B_lineage	10	Plasmablast	2	283	0.9264801835364442	0.9264801835364442	0.7548143622487076	0.07869257950530034	0.025176678445229684	0.10386925795053002	0.6509451042981775	0.6509451042981775	0.0	0.9293286219081273	0.3239104829210836	0.2862190812720848	0.2862190812720848	0.2862190812720848	1.7295047988181522	0.15901060070671377	0.08303886925795052	0.06713780918727916	0.03356890459363958	MS4A1;LST1	LILRA4;IRF7		0.0	0.0	0.0	0.0	0.0	0.6509451042981775
vaccination_study_10	B_lineage	10	Naive B Cell	3	283	0.6265917366504599	0.6265917366504599	0.0353356890459364	0.1458303886925795	0.0029151943462897524	0.14874558303886926	0.0	0.0	0.0	0.24381625441696114	0.05047955577990914	0.0176678445229682	0.0176678445229682	0.0176678445229682	0.07624696489735498	0.2968197879858657	0.15017667844522967	0.007067137809187279	0.005300353356890459	TNFRSF13B;MZB1	FCRL5;TBX21		0.0	0.0	0.0	0.0	0.0	0.0
vaccination_study_10	B_lineage	10	Memory B Cell	4	283	0.608806381680032	0.608806381680032	0.0176678445229682	0.14890459363957598	0.0	0.14890459363957598	0.0	0.0	0.0	0.15547703180212014	0.03230691569914185	0.0176678445229682	0.0	0.014134275618374558	0.13575994465564556	0.303886925795053	0.1519434628975265	0.0	0.0	TCL1A;MZB1			0.0	0.0	0.0	0.0	0.0	0.0
vaccination_study_10	B_lineage	11	Naive B Cell	1	260	0.9694176085538087	0.9694176085538087	1.0	0.17988461538461537	0.08365384615384615	0.2635384615384615	0.7364615384615385	0.7364615384615385	0.0	1.0	0.6697802197802198	0.9038461538461539	0.9038461538461539	0.9038461538461539	2.5183745541163503	0.36538461538461536	0.18653846153846154	0.2230769230769231	0.11153846153846153	TNFRSF13B;MZB1	FCRL5;TBX21		0.0	0.0	0.0	0.0	0.0	0.7364615384615385
vaccination_study_10	B_lineage	11	Plasmablast	2	260	0.537833343857212	0.537833343857212	0.9089422896223881	0.4563846153846154	0.1926923076923077	0.6	0.3089422896223881	0.3089422896223881	0.0	0.4	0.15256410256410258	0.33076923076923076	0.33076923076923076	0.33076923076923076	1.9896153123357063	0.9115384615384615	0.5	0.5115384615384615	0.26153846153846155	MS4A1;LST1	LILRA4;IRF7		0.0	0.0	0.0	0.0	0.0	0.3089422896223881
vaccination_study_10	B_lineage	11	Plasma Cell	3	260	0.537833343857212	0.537833343857212	0.3346153846153846	0.5	0.20634615384615382	0.6	0.0	0.0	0.0	0.4	0.15256410256410258	0.3346153846153846	0.0038461538461538464	0.33076923076923076	0.7234149761505444	0.9961538461538462	0.6384615384615385	0.5769230769230769	0.2217948717948718	MS4A1;CD79A;LST1	LILRA4;IRF7;TCF4		0.0	0.0	0.0	0.0	0.0	0.0
vaccination_study_10	B_lineage	11	Memory B Cell	4	260	0.9512428700721938	0.9512428700721938	0.3103762998428967	0.4851153846153846	0.0	0.4851153846153846	0.0	0.0	0.0	1.0	0.48571428571428577	0.24615384615384617	0.015384615384615385	0.21923076923076923	1.2568898147562022	0.9192307692307692	0.6173076923076923	0.0	0.0	TCL1A;MZB1			0.0	0.0	0.0	0.0	0.0	0.0
vaccination_study_10	B_lineage	12	Plasma Cell	1	260	0.9149460125023678	0.9923076923076923	1.0	0.0833076923076923	0.09192307692307693	0.17523076923076925	0.8247692307692307	0.8247692307692307	0.0	0.9961538461538462	0.3448717948717949	0.9923076923076923	0.0038461538461538464	0.9230769230769231	2.104039540009284	0.17692307692307693	0.07307692307692308	0.26153846153846155	0.08974358974358976	MS4A1;CD79A;LST1	LILRA4;IRF7;TCF4		0.0	0.0	0.0	0.0	0.0	0.8247692307692307
vaccination_study_10	B_lineage	12	Naive B Cell	2	260	0.372276946391362	0.372276946391362	0.17692307692307693	0.03769230769230769	0.043557692307692304	0.08124999999999999	0.09567307692307694	0.09567307692307694	0.0	0.25	0.062087912087912096	0.08846153846153847	0.08846153846153847	0.08846153846153847	0.27134001929873136	0.07692307692307693	0.038461538461538464	0.11153846153846154	0.06730769230769232	TNFRSF13B;MZB1	FCRL5;TBX21		0.0	0.0	0.0	0.0	0.0	0.09567307692307694
vaccination_study_10	B_lineage	12	Plasmablast	3	260	0.9149460125023678	0.9149460125023678	0.14615384615384616	0.08565384615384616	0.09865384615384615	0.1843076923076923	0.0	0.0	0.0	0.9961538461538462	0.3448717948717949	0.07307692307692308	0.07307692307692308	0.07307692307692308	0.4850529429622038	0.17307692307692307	0.0903846153846154	0.26153846153846155	0.13461538461538464	MS4A1;LST1	LILRA4;IRF7		0.0	0.0	0.0	0.0	0.0	0.0
vaccination_study_10	B_lineage	12	Memory B Cell	4	260	0.32496684978215573	0.32496684978215573	0.03076923076923077	0.07769230769230769	0.0	0.07769230769230769	0.0	0.0	0.0	0.20384615384615384	0.04560439560439561	0.03076923076923077	0.0	0.026923076923076925	0.20004552607230847	0.1576923076923077	0.08076923076923077	0.0	0.0	TCL1A;MZB1			0.0	0.0	0.0	0.0	0.0	0.0
vaccination_study_10	B_lineage	13	Plasma Cell	1	229	0.9418660941676664	0.9418660941676664	1.0	0.22229985443959244	0.027729257641921398	0.25002911208151385	0.7499708879184861	0.7499708879184861	0.0	0.9475982532751092	0.39301310043668125	0.8951965065502183	0.017467248908296942	0.8253275109170306	1.9001842007965557	0.4847161572052402	0.17321688500727803	0.07860262008733625	0.027656477438136828	MS4A1;CD79A;LST1	LILRA4;IRF7;TCF4		0.0	0.0	0.0	0.0	0.0	0.7499708879184861
vaccination_study_10	B_lineage	13	Memory B Cell	2	229	0.6410725937151397	0.6410725937151397	0.3748509540339318	0.05349344978165939	0.0	0.05349344978165939	0.32135750425227244	0.32135750425227244	0.0	0.45414847161572053	0.08109794135995008	0.27510917030567683	0.0	0.27510917030567683	1.39896713491302	0.1091703056768559	0.05458515283842794	0.0	0.0	TCL1A;MZB1			0.0	0.0	0.0	0.0	0.0	0.32135750425227244
vaccination_study_10	B_lineage	13	Plasmablast	3	229	0.9418660941676664	0.9418660941676664	0.17467248908296942	0.21637554585152838	0.02980349344978166	0.24617903930131005	0.0	0.0	0.0	0.9475982532751092	0.39301310043668125	0.08733624454148471	0.08733624454148471	0.08733624454148471	0.5683074206783025	0.4366812227074236	0.2292576419213974	0.07860262008733625	0.04148471615720524	MS4A1;LST1	LILRA4;IRF7		0.0	0.0	0.0	0.0	0.0	0.0
vaccination_study_10	B_lineage	13	Naive B Cell	4	229	0.6278125065774242	0.6278125065774242	0.043668122270742356	0.16432314410480348	0.011462882096069868	0.17578602620087336	0.0	0.0	0.0	0.27074235807860264	0.054273237679351216	0.021834061135371178	0.021834061135371178	0.021834061135371178	0.08772821243497805	0.32751091703056767	0.18122270742358076	0.03056768558951965	0.015283842794759825	TNFRSF13B;MZB1	FCRL5;TBX21		0.0	0.0	0.0	0.0	0.0	0.0
vaccination_study_10	B_lineage	14	Plasma Cell	1	171	0.929953063501084	0.929953063501084	1.0	0.08124756335282651	0.08245614035087719	0.16370370370370368	0.8362962962962963	0.8362962962962963	0.0	0.9473684210526315	0.33723196881091616	0.9298245614035088	0.017543859649122806	0.7134502923976608	1.9728752488291064	0.17543859649122806	0.06627680311890838	0.23391812865497075	0.08187134502923976	MS4A1;CD79A;LST1	LILRA4;IRF7;TCF4		0.0	0.0	0.0	0.0	0.0	0.8362962962962963
vaccination_study_10	B_lineage	14	Plasmablast	2	171	0.929953063501084	0.929953063501084	0.5738713683972219	0.07578947368421052	0.08859649122807017	0.1643859649122807	0.40948540348494117	0.40948540348494117	0.0	0.9473684210526315	0.33723196881091616	0.23391812865497075	0.23391812865497075	0.23391812865497075	1.4241404443491215	0.15204678362573099	0.08187134502923976	0.23391812865497075	0.12280701754385964	MS4A1;LST1	LILRA4;IRF7		0.0	0.0	0.0	0.0	0.0	0.40948540348494117
vaccination_study_10	B_lineage	14	Naive B Cell	3	171	0.45364231441139946	0.45364231441139946	0.08187134502923976	0.12035087719298244	0.02631578947368421	0.14666666666666667	0.0	0.0	0.0	0.17543859649122806	0.03926482873851295	0.04093567251461988	0.04093567251461988	0.04093567251461988	0.14036837712534425	0.24561403508771928	0.12280701754385964	0.07017543859649122	0.03508771929824561	TNFRSF13B;MZB1	FCRL5;TBX21		0.0	0.0	0.0	0.0	0.0	0.0
vaccination_study_10	B_lineage	14	Memory B Cell	4	171	0.4187451327061102	0.4187451327061102	0.011695906432748537	0.12801169590643274	0.0	0.12801169590643274	0.0	0.0	0.0	0.18128654970760233	0.034252297410192145	0.011695906432748537	0.0	0.011695906432748537	0.10645697586304134	0.2573099415204678	0.13742690058479531	0.0	0.0	TCL1A;MZB1			0.0	0.0	0.0	0.0	0.0	0.0
vaccination_study_10	B_lineage	15	Plasma Cell	1	145	0.9359727221064595	0.9862068965517241	1.0	0.09581609195402299	0.11620689655172413	0.21202298850574713	0.7879770114942528	0.7879770114942528	0.0	0.9862068965517241	0.3586206896551724	0.9862068965517241	0.006896551724137931	0.903448275862069	2.0912327785780476	0.20689655172413793	0.0781609195402299	0.3310344827586207	0.11264367816091954	MS4A1;CD79A;LST1	LILRA4;IRF7;TCF4		0.0	0.0	0.0	0.0	0.0	0.7879770114942528
vaccination_study_10	B_lineage	15	Plasmablast	2	145	0.9359727221064595	0.9359727221064595	0.1793103448275862	0.09875862068965519	0.12206896551724138	0.22082758620689658	0.0	0.0	0.0	0.9862068965517241	0.3586206896551724	0.0896551724137931	0.0896551724137931	0.0896551724137931	0.5818467135086205	0.2	0.10344827586206898	0.32413793103448274	0.16551724137931034	MS4A1;LST1	LILRA4;IRF7		0.0	0.0	0.0	0.0	0.0	0.0
vaccination_study_10	B_lineage	15	Naive B Cell	3	145	0.26141314642924796	0.26141314642924796	0.0	0.04806896551724138	0.03362068965517241	0.08168965517241379	0.0	0.0	0.0	0.11724137931034483	0.02068965517241379	0.0	0.0	0.0	0.027557970710027403	0.09655172413793103	0.05172413793103448	0.0896551724137931	0.04482758620689655	TNFRSF13B;MZB1	FCRL5;TBX21		0.0	0.0	0.0	0.0	0.0	0.0
vaccination_study_10	B_lineage	15	Memory B Cell	4	145	0.28892256530066723	0.28892256530066723	0.020689655172413793	0.04393103448275862	0.0	0.04393103448275862	0.0	0.0	0.0	0.1793103448275862	0.03152709359605911	0.020689655172413793	0.0	0.013793103448275862	0.1505872958137026	0.0896551724137931	0.04482758620689655	0.0	0.0	TCL1A;MZB1			0.0	0.0	0.0	0.0	0.0	0.0
vaccination_study_10	B_lineage	16	Memory B Cell	1	116	0.9873502978257667	0.9873502978257667	0.9310344827586207	0.32689655172413795	0.0	0.32689655172413795	0.6041379310344828	0.6041379310344828	0.0	1.0	0.7007389162561577	0.6810344827586207	0.10344827586206896	0.4827586206896552	3.39075214394	0.6206896551724138	0.41379310344827586	0.0	0.0	TCL1A;MZB1			0.0	0.0	0.0	0.0	0.0	0.6041379310344828
vaccination_study_10	B_lineage	16	Plasmablast	2	116	0.8952137399760056	0.8952137399760056	1.0	0.48767241379310344	0.1415948275862069	0.6	0.4	0.4	0.0	0.5258620689655172	0.19540229885057472	0.46551724137931033	0.46551724137931033	0.46551724137931033	2.776355079336982	0.9913793103448276	0.5043103448275862	0.3706896551724138	0.2025862068965517	MS4A1;LST1	LILRA4;IRF7		0.0	0.0	0.0	0.0	0.0	0.4
vaccination_study_10	B_lineage	16	Naive B Cell	3	116	0.9516427774620615	0.9516427774620615	0.7304745723803412	0.38275862068965516	0.2004310344827586	0.5831896551724137	0.14728491720792747	0.14728491720792747	0.0	1.0	0.6810344827586208	0.3620689655172414	0.3620689655172414	0.3620689655172414	1.0253465653834335	0.7327586206896551	0.47413793103448276	0.5086206896551724	0.31896551724137934	TNFRSF13B;MZB1	FCRL5;TBX21		0.0	0.0	0.0	0.0	0.0	0.14728491720792747
vaccination_study_10	B_lineage	16	Plasma Cell	4	116	0.8952137399760056	0.8952137399760056	0.49135775885061317	0.5	0.23017241379310344	0.6	0.0	0.0	0.0	0.5258620689655172	0.19540229885057472	0.4827586206896552	0.017241379310344827	0.46551724137931033	1.034396552643832	1.0	0.6609195402298851	0.6293103448275862	0.27586206896551724	MS4A1;CD79A;LST1	LILRA4;IRF7;TCF4		0.0	0.0	0.0	0.0	0.0	0.0
vaccination_study_10	B_lineage	17	Memory B Cell	1	104	0.9856980488728926	0.9856980488728926	0.8461538461538461	0.08951923076923077	0.0	0.08951923076923077	0.7566346153846154	0.7566346153846154	0.0	1.0	0.592032967032967	0.5961538461538461	0.09615384615384616	0.4230769230769231	2.9742617838675294	0.18269230769230768	0.09134615384615385	0.0	0.0	TCL1A;MZB1			0.0	0.0	0.0	0.0	0.0	0.7566346153846154
vaccination_study_10	B_lineage	17	Plasma Cell	2	104	0.2954052745679948	0.2954052745679948	0.1346153846153846	0.5	0.1610576923076923	0.6	0.0	0.0	0.0	0.15384615384615385	0.05128205128205129	0.1346153846153846	0.0	0.09615384615384616	0.30357592749174633	1.0	0.6666666666666666	0.4519230769230769	0.16987179487179485	MS4A1;CD79A;LST1	LILRA4;IRF7;TCF4		0.0	0.0	0.0	0.0	0.0	0.0
vaccination_study_10	B_lineage	17	Plasmablast	3	104	0.2954052745679948	0.2954052745679948	0.19230769230769232	0.48115384615384615	0.11971153846153845	0.6	0.0	0.0	0.0	0.15384615384615385	0.05128205128205129	0.09615384615384616	0.09615384615384616	0.09615384615384616	0.619789871562816	0.9711538461538461	0.5096153846153846	0.3173076923076923	0.16346153846153846	MS4A1;LST1	LILRA4;IRF7		0.0	0.0	0.0	0.0	0.0	0.0
vaccination_study_10	B_lineage	17	Naive B Cell	4	104	0.9317526467554882	0.9317526467554882	0.17307692307692307	0.17173076923076924	0.17451923076923076	0.34625	0.0	0.0	0.0	1.0	0.5041208791208792	0.08653846153846154	0.08653846153846154	0.08653846153846154	0.26604040954680297	0.34615384615384615	0.18269230769230768	0.46153846153846156	0.2403846153846154	TNFRSF13B;MZB1	FCRL5;TBX21		0.0	0.0	0.0	0.0	0.0	0.0
vaccination_study_10	B_lineage	18	Memory B Cell	1	98	0.7156342741680874	0.9897959183673469	1.0	0.030000000000000002	0.0	0.030000000000000002	0.97	0.97	0.0	0.9897959183673469	0.1545189504373178	0.9897959183673469	0.0	0.9897959183673469	4.905775671531424	0.061224489795918366	0.030612244897959183	0.0	0.0	TCL1A;MZB1			0.0	0.0	0.0	0.0	0.0	0.97
vaccination_study_10	B_lineage	18	Plasma Cell	2	98	0.8847424806886827	0.8847424806886827	0.11224489795918367	0.4502040816326531	0.0035714285714285713	0.45377551020408163	0.0	0.0	0.0	0.9795918367346939	0.3469387755102041	0.11224489795918367	0.0	0.07142857142857142	0.2566159083128776	0.9897959183673469	0.336734693877551	0.01020408163265306	0.003401360544217687	MS4A1;CD79A;LST1	LILRA4;IRF7;TCF4		0.0	0.0	0.0	0.0	0.0	0.0
vaccination_study_10	B_lineage	18	Plasmablast	3	98	0.8847424806886827	0.8847424806886827	0.08163265306122448	0.4872448979591837	0.003826530612244898	0.4910714285714286	0.0	0.0	0.0	0.9795918367346939	0.3469387755102041	0.04081632653061224	0.04081632653061224	0.04081632653061224	0.29669621624502146	0.9897959183673469	0.5051020408163265	0.01020408163265306	0.00510204081632653	MS4A1;LST1	LILRA4;IRF7		0.0	0.0	0.0	0.0	0.0	0.0
vaccination_study_10	B_lineage	18	Naive B Cell	4	98	0.6730125655111447	0.6730125655111447	0.04081632653061224	0.48948979591836733	0.0	0.48948979591836733	0.0	0.0	0.0	0.19387755102040816	0.03206997084548104	0.02040816326530612	0.02040816326530612	0.02040816326530612	0.08379872726110373	0.9897959183673469	0.5153061224489796	0.0	0.0	TNFRSF13B;MZB1	FCRL5;TBX21		0.0	0.0	0.0	0.0	0.0	0.0
vaccination_study_10	B_lineage	19	Plasma Cell	1	85	0.9568100018942982	0.9568100018942982	1.0	0.10305882352941177	0.23235294117647057	0.33541176470588235	0.6645882352941177	0.6645882352941177	0.0	1.0	0.4588235294117647	0.9294117647058824	0.0	0.7764705882352941	1.9720087079650017	0.2235294117647059	0.08235294117647059	0.6588235294117647	0.23137254901960783	MS4A1;CD79A;LST1	LILRA4;IRF7;TCF4		0.0	0.0	0.0	0.0	0.0	0.6645882352941177
vaccination_study_10	B_lineage	19	Plasmablast	2	85	0.9568100018942982	0.9568100018942982	0.3058823529411765	0.09223529411764705	0.24970588235294117	0.3419411764705882	0.0	0.0	0.0	1.0	0.4588235294117647	0.15294117647058825	0.15294117647058825	0.15294117647058825	0.9513483919427539	0.18823529411764706	0.09411764705882353	0.6588235294117647	0.34705882352941175	MS4A1;LST1	LILRA4;IRF7		0.0	0.0	0.0	0.0	0.0	0.0
vaccination_study_10	B_lineage	19	Naive B Cell	3	85	0.20995137968049504	0.20995137968049504	0.023529411764705882	0.10376470588235294	0.11470588235294119	0.21847058823529414	0.0	0.0	0.0	0.18823529411764706	0.03697478991596639	0.011764705882352941	0.011764705882352941	0.011764705882352941	0.05997911272182435	0.21176470588235294	0.10588235294117648	0.3058823529411765	0.15294117647058825	TNFRSF13B;MZB1	FCRL5;TBX21		0.0	0.0	0.0	0.0	0.0	0.0
vaccination_study_10	B_lineage	19	Memory B Cell	4	85	0.326303382374608	0.326303382374608	0.058823529411764705	0.07623529411764707	0.0	0.07623529411764707	0.0	0.0	0.0	0.4117647058823529	0.08067226890756303	0.058823529411764705	0.0	0.058823529411764705	0.33770171493449624	0.15294117647058825	0.0823529411764706	0.0	0.0	TCL1A;MZB1			0.0	0.0	0.0	0.0	0.0	0.0
vaccination_study_10	B_lineage	2	Naive B Cell	1	505	0.9637136663088548	0.9637136663088548	1.0	0.1293861386138614	0.05346534653465346	0.18285148514851485	0.8171485148514852	0.8171485148514852	0.0	1.0	0.6418670438472419	0.7544554455445545	0.7544554455445545	0.7544554455445545	2.106684077743778	0.2613861386138614	0.13663366336633664	0.14257425742574256	0.07128712871287128	TNFRSF13B;MZB1	FCRL5;TBX21		0.0	0.0	0.0	0.0	0.0	0.8171485148514852
vaccination_study_10	B_lineage	2	Plasmablast	2	505	0.735776977962998	0.735776977962998	0.5729899799273421	0.41659405940594063	0.08301980198019802	0.49961386138613867	0.07337611854120346	0.07337611854120346	0.0	0.4514851485148515	0.18415841584158418	0.23366336633663368	0.23366336633663368	0.23366336633663368	1.4226529890162989	0.8257425742574257	0.46732673267326735	0.2198019801980198	0.11386138613861385	MS4A1;LST1	LILRA4;IRF7		0.0	0.0	0.0	0.0	0.0	0.07337611854120346
vaccination_study_10	B_lineage	2	Plasma Cell	3	505	0.735776977962998	0.735776977962998	0.2495049504950495	0.5	0.10108910891089108	0.6	0.0	0.0	0.0	0.4514851485148515	0.18415841584158418	0.2495049504950495	0.0019801980198019802	0.23366336633663368	0.5447515576904504	0.994059405940594	0.6105610561056106	0.2851485148514851	0.10363036303630363	MS4A1;CD79A;LST1	LILRA4;IRF7;TCF4		0.0	0.0	0.0	0.0	0.0	0.0
vaccination_study_10	B_lineage	2	Memory B Cell	4	505	0.9473385110816442	0.9473385110816442	0.17425742574257425	0.4111881188118812	0.0	0.4111881188118812	0.0	0.0	0.0	1.0	0.4492220650636493	0.17425742574257425	0.007920792079207921	0.14257425742574256	0.9041101087740254	0.7960396039603961	0.49405940594059405	0.0	0.0	TCL1A;MZB1			0.0	0.0	0.0	0.0	0.0	0.0
vaccination_study_10	B_lineage	20	Naive B Cell	1	68	0.9264486119004021	0.9264486119004021	1.0	0.09529411764705882	0.18970588235294114	0.285	0.7150000000000001	0.7150000000000001	0.0	1.0	0.6491596638655462	0.7205882352941176	0.7205882352941176	0.7205882352941176	2.0133529189325903	0.19117647058823528	0.10294117647058824	0.4852941176470588	0.2941176470588235	TNFRSF13B;MZB1	FCRL5;TBX21		0.0	0.0	0.0	0.0	0.0	0.7150000000000001
vaccination_study_10	B_lineage	20	Plasma Cell	2	68	0.10493359432552463	0.29411764705882354	0.29411764705882354	0.49715686274509807	0.07205882352941176	0.5692156862745098	0.0	0.0	0.0	0.29411764705882354	0.10294117647058824	0.29411764705882354	0.014705882352941176	0.17647058823529413	0.638402318107643	0.9705882352941176	0.5833333333333333	0.20588235294117646	0.06862745098039215	MS4A1;CD79A;LST1	LILRA4;IRF7;TCF4		0.0	0.0	0.0	0.0	0.0	0.0
vaccination_study_10	B_lineage	20	Plasmablast	3	68	0.10493359432552463	0.17647058823529413	0.37512298174662884	0.40441176470588236	0.03860294117647059	0.4430147058823529	0.0	0.0	0.0	0.29411764705882354	0.10294117647058824	0.17647058823529413	0.17647058823529413	0.17647058823529413	1.0887272211041623	0.8088235294117647	0.4411764705882353	0.10294117647058823	0.05147058823529412	MS4A1;LST1	LILRA4;IRF7		0.0	0.0	0.0	0.0	0.0	0.0
vaccination_study_10	B_lineage	20	Memory B Cell	4	68	0.9138936246342952	0.9138936246342952	0.2534495007948068	0.37808823529411767	0.0	0.37808823529411767	0.0	0.0	0.0	1.0	0.5042016806722688	0.22058823529411764	0.0	0.19117647058823528	1.1314450620027567	0.7352941176470589	0.4485294117647059	0.0	0.0	TCL1A;MZB1			0.0	0.0	0.0	0.0	0.0	0.0
vaccination_study_10	B_lineage	21	Plasma Cell	1	48	0.9882763991496706	1.0	1.0	0.2684722222222222	0.4458333333333333	0.6	0.4	0.4	0.0	1.0	0.375	1.0	0.020833333333333332	0.9791666666666666	2.1201871957269303	0.5416666666666666	0.28472222222222227	1.0	0.9722222222222222	MS4A1;CD79A;LST1	LILRA4;IRF7;TCF4		0.0	0.0	0.0	0.0	0.0	0.4
vaccination_study_10	B_lineage	21	Plasmablast	2	48	0.9882763991496706	0.9882763991496706	1.0	0.22916666666666666	0.44687499999999997	0.6	0.4	0.4	0.0	1.0	0.375	0.9791666666666666	0.9791666666666666	0.9791666666666666	5.775348736766795	0.4583333333333333	0.25	1.0	0.9791666666666666	MS4A1;LST1	LILRA4;IRF7		0.0	0.0	0.0	0.0	0.0	0.4
vaccination_study_10	B_lineage	21	Naive B Cell	3	48	0.8912988571067753	0.8912988571067753	1.0	0.47979166666666667	0.2765625	0.6	0.4	0.4	0.0	0.8958333333333334	0.3571428571428572	0.875	0.875	0.875	2.4388804078374253	0.9791666666666666	0.4895833333333333	0.6875	0.46875	TNFRSF13B;MZB1	FCRL5;TBX21		0.0	0.0	0.0	0.0	0.0	0.4
vaccination_study_10	B_lineage	21	Memory B Cell	4	48	0.7817768516764538	0.7817768516764538	0.3653299723753079	0.5	0.0	0.5	0.0	0.0	0.0	0.75	0.27380952380952384	0.2708333333333333	0.0	0.2708333333333333	1.3779865561678983	1.0	0.9270833333333333	0.0	0.0	TCL1A;MZB1			0.0	0.0	0.0	0.0	0.0	0.0
vaccination_study_10	B_lineage	22	Naive B Cell	1	47	0.7106775273094652	0.7106775273094652	1.0	0.08340425531914894	0.2632978723404255	0.3467021276595744	0.6532978723404256	0.6532978723404256	0.0	0.6170212765957447	0.27355623100303955	0.5957446808510638	0.5957446808510638	0.5957446808510638	1.6693094172648513	0.1702127659574468	0.0851063829787234	0.6595744680851063	0.4361702127659574	TNFRSF13B;MZB1	FCRL5;TBX21		0.0	0.0	0.0	0.0	0.0	0.6532978723404256
vaccination_study_10	B_lineage	22	Plasma Cell	2	47	0.8957715055460841	0.9574468085106383	1.0	0.4026950354609929	0.08936170212765956	0.4920567375886524	0.5079432624113476	0.5079432624113476	0.0	0.9787234042553191	0.3262411347517731	0.9574468085106383	0.0	0.7872340425531915	2.030859738565484	0.8297872340425532	0.39716312056737585	0.2553191489361702	0.0851063829787234	MS4A1;CD79A;LST1	LILRA4;IRF7;TCF4		0.0	0.0	0.0	0.0	0.0	0.5079432624113476
vaccination_study_10	B_lineage	22	Plasmablast	3	47	0.8957715055460841	0.8957715055460841	0.3534731065286065	0.4078723404255319	0.07180851063829788	0.47968085106382974	0.0	0.0	0.0	0.9787234042553191	0.3262411347517731	0.1702127659574468	0.1702127659574468	0.1702127659574468	1.0521902984548515	0.8085106382978723	0.45744680851063835	0.19148936170212766	0.09574468085106383	MS4A1;LST1	LILRA4;IRF7		0.0	0.0	0.0	0.0	0.0	0.0
vaccination_study_10	B_lineage	22	Memory B Cell	4	47	0.5977773568226306	0.5977773568226306	0.2360316795835197	0.3591489361702128	0.0	0.3591489361702128	0.0	0.0	0.0	0.6808510638297872	0.22796352583586627	0.2127659574468085	0.0	0.2127659574468085	1.0930628885468447	0.723404255319149	0.3829787234042553	0.0	0.0	TCL1A;MZB1			0.0	0.0	0.0	0.0	0.0	0.0
vaccination_study_10	B_lineage	23	Plasma Cell	1	45	0.899391719812254	0.9777777777777777	1.0	0.16414814814814813	0.07777777777777778	0.2419259259259259	0.7580740740740741	0.7580740740740741	0.0	0.9777777777777777	0.3259259259259259	0.9777777777777777	0.0	0.7555555555555555	2.0735384125426193	0.3333333333333333	0.17037037037037037	0.2222222222222222	0.07407407407407407	MS4A1;CD79A;LST1	LILRA4;IRF7;TCF4		0.0	0.0	0.0	0.0	0.0	0.7580740740740741
vaccination_study_10	B_lineage	23	Naive B Cell	2	45	0.7483530129864663	0.7483530129864663	1.0	0.11977777777777777	0.24833333333333332	0.3681111111111111	0.6318888888888889	0.6318888888888889	0.0	0.7555555555555555	0.27936507936507937	0.6	0.6	0.6	1.6810362133116716	0.24444444444444444	0.12222222222222222	0.6444444444444445	0.3666666666666667	TNFRSF13B;MZB1	FCRL5;TBX21		0.0	0.0	0.0	0.0	0.0	0.6318888888888889
vaccination_study_10	B_lineage	23	Plasmablast	3	45	0.899391719812254	0.899391719812254	0.5334076250072808	0.16333333333333333	0.058333333333333334	0.22166666666666668	0.3117409583406141	0.3117409583406141	0.0	0.9777777777777777	0.3259259259259259	0.2222222222222222	0.2222222222222222	0.2222222222222222	1.3558527222513455	0.3333333333333333	0.16666666666666666	0.15555555555555556	0.07777777777777778	MS4A1;LST1	LILRA4;IRF7		0.0	0.0	0.0	0.0	0.0	0.3117409583406141
vaccination_study_10	B_lineage	23	Memory B Cell	4	45	0.7443960346025131	0.7443960346025131	0.1111111111111111	0.3184444444444444	0.0	0.3184444444444444	0.0	0.0	0.0	0.7555555555555555	0.21587301587301586	0.1111111111111111	0.0	0.08888888888888889	0.5942652210575703	0.6	0.4111111111111111	0.0	0.0	TCL1A;MZB1			0.0	0.0	0.0	0.0	0.0	0.0
vaccination_study_10	B_lineage	24	Memory B Cell	1	36	0.9679653132958683	0.9722222222222222	1.0	0.5	0.0	0.5	0.5	0.5	0.0	1.0	0.7539682539682541	0.9722222222222222	0.5833333333333334	0.8611111111111112	4.819545462521947	1.0	0.9305555555555556	0.0	0.0	TCL1A;MZB1			0.0	0.0	0.0	0.0	0.0	0.5
vaccination_study_10	B_lineage	24	Plasmablast	2	36	0.9996316642461746	1.0	1.0	0.35388888888888886	0.19791666666666666	0.5518055555555555	0.44819444444444445	0.44819444444444445	0.0	1.0	0.9259259259259259	1.0	1.0	1.0	5.896986241753459	0.7222222222222222	0.3611111111111111	0.5277777777777778	0.2638888888888889	MS4A1;LST1	LILRA4;IRF7		0.0	0.0	0.0	0.0	0.0	0.44819444444444445
vaccination_study_10	B_lineage	24	Plasma Cell	3	36	0.9996316642461746	1.0	1.0	0.4937037037037037	0.2847222222222222	0.6	0.4	0.4	0.0	1.0	0.9259259259259259	1.0	0.8055555555555556	1.0	2.1201871957269303	0.9722222222222222	0.5648148148148148	0.7777777777777778	0.34259259259259256	MS4A1;CD79A;LST1	LILRA4;IRF7;TCF4		0.0	0.0	0.0	0.0	0.0	0.4
vaccination_study_10	B_lineage	24	Naive B Cell	4	36	0.9064216707709793	0.9064216707709793	1.0	0.5	0.3916666666666666	0.6	0.4	0.4	0.0	1.0	0.7420634920634921	0.8611111111111112	0.8611111111111112	0.8611111111111112	2.400605448517943	1.0	0.9305555555555556	0.9166666666666666	0.7777777777777778	TNFRSF13B;MZB1	FCRL5;TBX21		0.0	0.0	0.0	0.0	0.0	0.4
vaccination_study_10	B_lineage	3	Memory B Cell	1	377	0.9569362884384669	0.9569362884384669	0.5300925507920089	0.1063129973474801	0.0	0.1063129973474801	0.4237795534445288	0.4237795534445288	0.0	1.0	0.5278514588859416	0.3448275862068966	0.034482758620689655	0.27055702917771884	1.741059858340449	0.21220159151193635	0.11671087533156499	0.0	0.0	TCL1A;MZB1			0.0	0.0	0.0	0.0	0.0	0.4237795534445288
vaccination_study_10	B_lineage	3	Plasma Cell	2	377	0.21317168655679739	0.21317168655679739	0.1724137931034483	0.5	0.19535809018567638	0.6	0.0	0.0	0.0	0.1909814323607427	0.0663129973474801	0.1724137931034483	0.002652519893899204	0.15119363395225463	0.3829221667939728	0.9946949602122016	0.6374889478337754	0.5437665782493368	0.21485411140583555	MS4A1;CD79A;LST1	LILRA4;IRF7;TCF4		0.0	0.0	0.0	0.0	0.0	0.0
vaccination_study_10	B_lineage	3	Plasmablast	3	377	0.21317168655679739	0.21317168655679739	0.30238726790450926	0.4512466843501326	0.1372679045092838	0.5885145888594164	0.0	0.0	0.0	0.1909814323607427	0.0663129973474801	0.15119363395225463	0.15119363395225463	0.15119363395225463	0.9411451897769196	0.9018567639257294	0.493368700265252	0.36074270557029176	0.19363395225464192	MS4A1;LST1	LILRA4;IRF7		0.0	0.0	0.0	0.0	0.0	0.0
vaccination_study_10	B_lineage	3	Naive B Cell	4	377	0.9222074887920692	0.9222074887920692	0.16445623342175067	0.19053050397877982	0.04575596816976127	0.2362864721485411	0.0	0.0	0.0	1.0	0.504357711254263	0.08222811671087533	0.08222811671087533	0.08222811671087533	0.2541619738959291	0.3793103448275862	0.21087533156498672	0.1220159151193634	0.0610079575596817	TNFRSF13B;MZB1	FCRL5;TBX21		0.0	0.0	0.0	0.0	0.0	0.0
vaccination_study_10	B_lineage	4	Memory B Cell	1	376	0.9569257645597862	0.9569257645597862	0.5084464033280507	0.0825531914893617	0.0	0.0825531914893617	0.425893211838689	0.425893211838689	0.0	0.9973404255319149	0.5368541033434651	0.3351063829787234	0.02925531914893617	0.27925531914893614	1.6933600813973089	0.16489361702127658	0.09042553191489361	0.0	0.0	TCL1A;MZB1			0.0	0.0	0.0	0.0	0.0	0.425893211838689
vaccination_study_10	B_lineage	4	Plasma Cell	2	376	0.21015133337542885	0.21015133337542885	0.14361702127659576	0.5	0.12180851063829787	0.6	0.0	0.0	0.0	0.19148936170212766	0.06560283687943262	0.14361702127659576	0.0	0.1276595744680851	0.3224721203528216	0.9920212765957447	0.6453900709219857	0.34308510638297873	0.12588652482269502	MS4A1;CD79A;LST1	LILRA4;IRF7;TCF4		0.0	0.0	0.0	0.0	0.0	0.0
vaccination_study_10	B_lineage	4	Plasmablast	3	376	0.21015133337542885	0.21015133337542885	0.2553191489361702	0.47199468085106383	0.06602393617021277	0.5380186170212766	0.0	0.0	0.0	0.19148936170212766	0.06560283687943262	0.1276595744680851	0.1276595744680851	0.1276595744680851	0.8037392244395383	0.9441489361702128	0.5146276595744681	0.17553191489361702	0.08909574468085106	MS4A1;LST1	LILRA4;IRF7		0.0	0.0	0.0	0.0	0.0	0.0
vaccination_study_10	B_lineage	4	Naive B Cell	4	376	0.9256067016059439	0.9256067016059439	0.10638297872340426	0.18220744680851064	0.045678191489361704	0.22788563829787234	0.0	0.0	0.0	0.9973404255319149	0.5208966565349544	0.05319148936170213	0.05319148936170213	0.05319148936170213	0.17414292129527956	0.3617021276595745	0.20345744680851063	0.1196808510638298	0.06515957446808511	TNFRSF13B;MZB1	FCRL5;TBX21		0.0	0.0	0.0	0.0	0.0	0.0
vaccination_study_10	B_lineage	5	Memory B Cell	1	371	0.9587674433289133	0.9587674433289133	0.48849337363857076	0.1094878706199461	0.0	0.1094878706199461	0.3790055030186247	0.3790055030186247	0.0	1.0	0.5025028879476319	0.3261455525606469	0.026954177897574125	0.24258760107816713	1.6493912843116953	0.2210242587601078	0.11590296495956874	0.0	0.0	TCL1A;MZB1			0.0	0.0	0.0	0.0	0.0	0.3790055030186247
vaccination_study_10	B_lineage	5	Plasma Cell	2	371	0.5216055229315316	0.5216055229315316	0.19946091644204852	0.5	0.1192722371967655	0.6	0.0	0.0	0.0	0.22371967654986524	0.07906558849955077	0.19946091644204852	0.0	0.18059299191374664	0.43969935945114824	0.9946091644204852	0.6307277628032345	0.33692722371967654	0.12129380053908356	MS4A1;CD79A;LST1	LILRA4;IRF7;TCF4		0.0	0.0	0.0	0.0	0.0	0.0
vaccination_study_10	B_lineage	5	Plasmablast	3	371	0.5216055229315316	0.5216055229315316	0.3893850558794716	0.4509433962264151	0.07297843665768194	0.5239218328840971	0.0	0.0	0.0	0.22371967654986524	0.07906558849955077	0.18059299191374664	0.18059299191374664	0.18059299191374664	1.1127962882079132	0.894878706199461	0.5040431266846361	0.1940700808625337	0.09838274932614555	MS4A1;LST1	LILRA4;IRF7		0.0	0.0	0.0	0.0	0.0	0.0
vaccination_study_10	B_lineage	5	Naive B Cell	4	371	0.9258487508156006	0.9258487508156006	0.10242587601078167	0.19301886792452833	0.04366576819407008	0.2366846361185984	0.0	0.0	0.0	1.0	0.4894108586830958	0.05121293800539083	0.05121293800539083	0.05121293800539083	0.1686904352627284	0.38544474393531	0.2115902964959569	0.11590296495956873	0.05929919137466307	TNFRSF13B;MZB1	FCRL5;TBX21		0.0	0.0	0.0	0.0	0.0	0.0
vaccination_study_10	B_lineage	6	Naive B Cell	1	341	0.9576098166740333	0.9576098166740333	1.0	0.058914956011730205	0.027492668621700883	0.08640762463343109	0.9135923753665689	0.9135923753665689	0.0	1.0	0.6304985337243403	0.7536656891495601	0.7536656891495601	0.7536656891495601	2.104507669383647	0.12023460410557185	0.06011730205278592	0.07331378299120235	0.036656891495601175	TNFRSF13B;MZB1	FCRL5;TBX21		0.0	0.0	0.0	0.0	0.0	0.9135923753665689
vaccination_study_10	B_lineage	6	Plasma Cell	2	341	0.5700153648628739	0.5700153648628739	0.1466275659824047	0.4934115347018573	0.2794721407624633	0.6	0.0	0.0	0.0	0.3225806451612903	0.12316715542521994	0.1466275659824047	0.0	0.11436950146627566	0.3287918414789796	0.9736070381231672	0.5610948191593352	0.782991202346041	0.29716520039100686	MS4A1;CD79A;LST1	LILRA4;IRF7;TCF4		0.0	0.0	0.0	0.0	0.0	0.0
vaccination_study_10	B_lineage	6	Plasmablast	3	341	0.5700153648628739	0.5700153648628739	0.2287390029325513	0.3669794721407625	0.2883431085043988	0.6	0.0	0.0	0.0	0.3225806451612903	0.12316715542521994	0.11436950146627566	0.11436950146627566	0.11436950146627566	0.7261438010300635	0.7331378299120235	0.4017595307917889	0.7595307917888563	0.4032258064516129	MS4A1;LST1	LILRA4;IRF7		0.0	0.0	0.0	0.0	0.0	0.0
vaccination_study_10	B_lineage	6	Memory B Cell	4	341	0.9311948811854097	0.9311948811854097	0.07624633431085044	0.3919061583577712	0.0	0.3919061583577712	0.0	0.0	0.0	0.9970674486803519	0.41558441558441556	0.07624633431085044	0.0	0.07038123167155426	0.4231915342401687	0.7800586510263929	0.4340175953079179	0.0	0.0	TCL1A;MZB1			0.0	0.0	0.0	0.0	0.0	0.0
vaccination_study_10	B_lineage	7	Plasma Cell	1	300	0.946770221632885	0.96	1.0	0.08637777777777778	0.19549999999999998	0.2818777777777778	0.7181222222222222	0.7181222222222222	0.0	0.9933333333333333	0.4033333333333333	0.96	0.013333333333333334	0.8766666666666667	2.0362193859951705	0.19	0.06444444444444444	0.5566666666666666	0.18999999999999997	MS4A1;CD79A;LST1	LILRA4;IRF7;TCF4		0.0	0.0	0.0	0.0	0.0	0.7181222222222222
vaccination_study_10	B_lineage	7	Memory B Cell	2	300	0.23713982025215213	0.23713982025215213	0.05	0.049	0.0	0.049	0.0010000000000000009	0.0010000000000000009	0.0	0.24666666666666667	0.039523809523809524	0.05	0.0	0.05	0.2944066232762276	0.1	0.049999999999999996	0.0	0.0	TCL1A;MZB1			0.0	0.0	0.0	0.0	0.0	0.0010000000000000009
vaccination_study_10	B_lineage	7	Plasmablast	3	300	0.946770221632885	0.946770221632885	0.19333333333333333	0.0902	0.20975	0.29995	0.0	0.0	0.0	0.9933333333333333	0.4033333333333333	0.09666666666666666	0.09666666666666666	0.09666666666666666	0.6227840255317184	0.18333333333333332	0.09333333333333334	0.5566666666666666	0.285	MS4A1;LST1	LILRA4;IRF7		0.0	0.0	0.0	0.0	0.0	0.0
vaccination_study_10	B_lineage	7	Naive B Cell	4	300	0.2093409947170129	0.2093409947170129	0.006666666666666667	0.07186666666666666	0.045	0.11686666666666666	0.0	0.0	0.0	0.15	0.023333333333333334	0.0033333333333333335	0.0033333333333333335	0.0033333333333333335	0.03674396094670321	0.14666666666666667	0.07333333333333333	0.12	0.06	TNFRSF13B;MZB1	FCRL5;TBX21		0.0	0.0	0.0	0.0	0.0	0.0
vaccination_study_10	B_lineage	8	Naive B Cell	1	293	0.9675654059060007	0.9675654059060007	1.0	0.06559726962457338	0.07039249146757678	0.13598976109215016	0.8640102389078499	0.8640102389078499	0.0	1.0	0.6791808873720137	0.7952218430034129	0.7952218430034129	0.7952218430034129	2.2190279964562336	0.13310580204778158	0.06825938566552901	0.18771331058020477	0.09385665529010238	TNFRSF13B;MZB1	FCRL5;TBX21		0.0	0.0	0.0	0.0	0.0	0.8640102389078499
vaccination_study_10	B_lineage	8	Plasma Cell	2	293	0.5162383448043611	0.5162383448043611	0.12286689419795221	0.5	0.22713310580204774	0.6	0.0	0.0	0.0	0.20136518771331058	0.07167235494880546	0.12286689419795221	0.0	0.11604095563139932	0.2789135522915872	0.9965870307167235	0.6268486916951082	0.6382252559726962	0.2377701934015927	MS4A1;CD79A;LST1	LILRA4;IRF7;TCF4		0.0	0.0	0.0	0.0	0.0	0.0
vaccination_study_10	B_lineage	8	Plasmablast	3	293	0.5162383448043611	0.5162383448043611	0.23208191126279865	0.45460750853242315	0.2234641638225256	0.6	0.0	0.0	0.0	0.20136518771331058	0.07167235494880546	0.11604095563139932	0.11604095563139932	0.11604095563139932	0.7359027537186337	0.9078498293515358	0.49829351535836175	0.590443686006826	0.30887372013651876	MS4A1;LST1	LILRA4;IRF7		0.0	0.0	0.0	0.0	0.0	0.0
vaccination_study_10	B_lineage	8	Memory B Cell	4	293	0.9465176485445476	0.9465176485445476	0.2106456510167345	0.4076109215017065	0.0	0.4076109215017065	0.0	0.0	0.0	1.0	0.47440273037542663	0.20136518771331058	0.0034129692832764505	0.18430034129692832	1.0371218532136957	0.8088737201365188	0.45563139931740615	0.0	0.0	TCL1A;MZB1			0.0	0.0	0.0	0.0	0.0	0.0
vaccination_study_10	B_lineage	9	Naive B Cell	1	283	0.9574414346151418	0.9574414346151418	1.0	0.05886925795053003	0.04134275618374558	0.1002120141342756	0.8997879858657244	0.8997879858657244	0.0	1.0	0.6426047450782432	0.734982332155477	0.734982332155477	0.734982332155477	2.0530201289028542	0.12014134275618374	0.06007067137809187	0.10954063604240283	0.05653710247349824	TNFRSF13B;MZB1	FCRL5;TBX21		0.0	0.0	0.0	0.0	0.0	0.8997879858657244
vaccination_study_10	B_lineage	9	Plasma Cell	2	283	0.5011891982909221	0.5011891982909221	0.11307420494699646	0.5	0.2358657243816254	0.6	0.0	0.0	0.0	0.18374558303886926	0.071849234393404	0.11307420494699646	0.0	0.09540636042402827	0.25835678559692465	0.9893992932862191	0.6065959952885748	0.6643109540636042	0.24381625441696117	MS4A1;CD79A;LST1	LILRA4;IRF7;TCF4		0.0	0.0	0.0	0.0	0.0	0.0
vaccination_study_10	B_lineage	9	Plasmablast	3	283	0.5011891982909221	0.5011891982909221	0.19081272084805653	0.42236749116607775	0.23109540636042403	0.6	0.0	0.0	0.0	0.18374558303886926	0.071849234393404	0.09540636042402827	0.09540636042402827	0.09540636042402827	0.6154256012017831	0.8445229681978799	0.46113074204946997	0.6113074204946997	0.3180212014134276	MS4A1;LST1	LILRA4;IRF7		0.0	0.0	0.0	0.0	0.0	0.0
vaccination_study_10	B_lineage	9	Memory B Cell	4	283	0.9403717033950033	0.9403717033950033	0.12367491166077739	0.3773498233215548	0.0	0.3773498233215548	0.0	0.0	0.0	1.0	0.4507824331145886	0.12367491166077739	0.0035335689045936395	0.10247349823321555	0.6559129893132913	0.7526501766784452	0.41519434628975266	0.0	0.0	TCL1A;MZB1			0.0	0.0	0.0	0.0	0.0	0.0
vaccination_study_10	T_NK_lineage	0	NK Cell	1	1050	0.9721643408894782	1.0	1.0	0.10821904761904763	0.03942857142857143	0.14764761904761906	0.852352380952381	0.852352380952381	0.0	1.0	0.8571428571428571	1.0	0.9923809523809524	1.0	1.5315981168387465	0.22	0.11190476190476191	0.10476190476190476	0.05333333333333334	MS4A1;LST1	CD8A;CD8B		0.0	0.0	0.0	0.0	0.0	0.852352380952381
vaccination_study_10	T_NK_lineage	0	NKT Cell	2	1050	0.9595041148365642	1.0	1.0	0.10821904761904763	0.03942857142857143	0.14764761904761906	0.852352380952381	0.852352380952381	0.0	1.0	0.7188095238095238	1.0	0.1295238095238095	1.0	1.6258775928501554	0.22	0.11190476190476191	0.10476190476190476	0.05333333333333334	MS4A1;LST1	CD8A;CD8B		0.0	0.0	0.0	0.0	0.0	0.852352380952381
vaccination_study_10	T_NK_lineage	0	CD8 Cytotoxic / T Effector Memory	3	1050	0.9566100481993643	1.0	1.0	0.009142857142857144	0.3775	0.3866428571428571	0.6133571428571429	0.6133571428571429	0.0	1.0	0.706031746031746	1.0	0.9847619047619047	1.0	1.3453516566417099	0.015238095238095238	0.015238095238095238	0.9085714285714286	0.6995238095238094	MS4A1	KLRD1;FCGR3A		0.0	0.0	0.0	0.0	0.0	0.6133571428571429
vaccination_study_10	T_NK_lineage	0	MAIT Cell	4	1050	0.6989013070657322	0.8561904761904762	1.0	0.10821904761904763	0.4473333333333333	0.5555523809523809	0.4444476190476191	0.4444476190476191	0.0	0.8609523809523809	0.29523809523809524	0.8561904761904762	0.002857142857142857	0.8561904761904762	1.6194334472170502	0.22	0.11190476190476191	1.0	0.9822222222222221	MS4A1;LST1	NKG7;GNLY;GZMB		0.0	0.0	0.0	0.0	0.0	0.4444476190476191
vaccination_study_10	T_NK_lineage	0	CD4 T Effector Memory	5	1050	0.7656858411736229	0.8095238095238095	0.8799200262447235	0.0005714285714285715	0.4464285714285714	0.44699999999999995	0.4329200262447236	0.4329200262447236	0.0	0.9866666666666667	0.37793650793650796	0.8095238095238095	0.010476190476190476	0.8047619047619048	1.2815848668836558	0.0009523809523809524	0.0009523809523809524	1.0	0.976190476190476	FOXP3	NKG7;GNLY;GZMB;PRF1		0.0	0.0	0.0	0.0	0.0	0.4329200262447236
vaccination_study_10	T_NK_lineage	0	CD8 Naive / T Central Memory	6	1050	0.11009029487908063	0.11009029487908063	0.18666666666666668	0.5	0.0	0.5	0.0	0.0	0.0	0.12761904761904763	0.044444444444444446	0.09333333333333334	0.09333333333333334	0.09333333333333334	0.3739969178133432	1.0	0.976190476190476	0.0	0.0	NKG7;GNLY;GZMB;PRF1			0.0	0.0	0.0	0.0	0.0	0.0
vaccination_study_10	T_NK_lineage	0	Treg	7	1050	0.1951284965586917	0.1951284965586917	0.004761904761904762	0.5	0.0	0.5	0.0	0.0	0.0	0.2838095238095238	0.05063492063492064	0.004761904761904762	0.0	0.002857142857142857	0.16303764112977745	1.0	0.7599999999999999	0.0	0.0	NKG7;GNLY;GZMB;CD8A			0.0	0.0	0.0	0.0	0.0	0.0
vaccination_study_10	T_NK_lineage	0	CD4 Naive / T Central Memory	8	1050	0.05359285218160005	0.1	0.06842857142857142	0.5	0.03942857142857143	0.5394285714285715	0.0	0.0	0.0	0.1	0.051428571428571435	0.1	0.0	0.051428571428571435	0.15679807977497853	1.0	0.781142857142857	0.10476190476190476	0.05333333333333334	NKG7;GNLY;GZMB;PRF1;FOXP3	CD8A;CD8B		0.0	0.0	0.0	0.0	0.0	0.0
vaccination_study_10	T_NK_lineage	0	gdT Cell	9	1050	0.5000105238786807	0.5000105238786807	0.0	0.10821904761904763	0.44878571428571423	0.5570047619047619	0.0	0.0	0.0	0.0	0.0	0.0	0.0	0.0	1.0	0.22	0.11190476190476191	1.0	0.9919047619047618	MS4A1;LST1	NKG7;GNLY		0.0	0.0	0.0	0.0	0.0	0.0
vaccination_study_10	T_NK_lineage	1	NK Cell	1	991	0.9439919176611732	1.0	1.0	0.035216952573158426	0.038597376387487385	0.07381432896064581	0.9261856710393542	0.9261856710393542	0.0	1.0	0.8391775983854692	1.0	0.9919273461150353	1.0	1.5315981168387465	0.07164480322906155	0.03632694248234107	0.10191725529767912	0.05348133198789102	MS4A1;LST1	CD8A;CD8B		0.0	0.0	0.0	0.0	0.0	0.9261856710393542
vaccination_study_10	T_NK_lineage	1	NKT Cell	2	991	0.9255540822125402	1.0	1.0	0.035216952573158426	0.038597376387487385	0.07381432896064581	0.9261856710393542	0.9261856710393542	0.0	1.0	0.7101412714429869	1.0	0.14530776992936428	1.0	1.6258775928501554	0.07164480322906155	0.03632694248234107	0.10191725529767912	0.05348133198789102	MS4A1;LST1	CD8A;CD8B		0.0	0.0	0.0	0.0	0.0	0.9261856710393542
vaccination_study_10	T_NK_lineage	1	CD8 Cytotoxic / T Effector Memory	3	991	0.9150091557744522	1.0	1.0	0.004238143289606458	0.38075176589303733	0.3849899091826438	0.6150100908173561	0.6150100908173561	0.0	1.0	0.6838210561722167	1.0	0.9646821392532795	1.0	1.3453516566417099	0.007063572149344097	0.007063572149344097	0.9192734611503531	0.6997981836528759	MS4A1	KLRD1;FCGR3A		0.0	0.0	0.0	0.0	0.0	0.6150100908173561
vaccination_study_10	T_NK_lineage	1	MAIT Cell	4	991	0.7721580265622698	0.8900100908173562	1.0	0.035216952573158426	0.44389505549949543	0.47911200807265386	0.5208879919273461	0.5208879919273461	0.0	0.893037336024218	0.31046081399260006	0.8900100908173562	0.004036326942482341	0.8900100908173562	1.6826627444723536	0.07164480322906155	0.03632694248234107	1.0	0.9593003699966364	MS4A1;LST1	NKG7;GNLY;GZMB		0.0	0.0	0.0	0.0	0.0	0.5208879919273461
vaccination_study_10	T_NK_lineage	1	CD4 T Effector Memory	5	991	0.7205489255119867	0.7709384460141272	0.8262495555720328	0.0841574167507568	0.44250756811301717	0.526664984863774	0.29958457070825883	0.29958457070825883	0.0	0.9889001009081736	0.37874201143625963	0.7709384460141272	0.029263370332996974	0.7598385469223007	1.2212444382316228	0.14026236125126135	0.14026236125126135	1.0	0.950050454086781	FOXP3	NKG7;GNLY;GZMB;PRF1		0.0	0.0	0.0	0.0	0.0	0.29958457070825883
vaccination_study_10	T_NK_lineage	1	CD8 Naive / T Central Memory	6	991	0.3286817789564522	0.3286817789564522	0.17356205852674067	0.5	0.0	0.5	0.0	0.0	0.0	0.13420787083753785	0.0480995627312479	0.08678102926337034	0.08678102926337034	0.08678102926337034	0.35028199981261426	1.0	0.950050454086781	0.0	0.0	NKG7;GNLY;GZMB;PRF1			0.0	0.0	0.0	0.0	0.0	0.0
vaccination_study_10	T_NK_lineage	1	Treg	7	991	0.6105954410557555	0.6105954410557555	0.31274553146120654	0.5	0.0	0.5	0.0	0.0	0.0	0.38042381432896066	0.08055835856037671	0.14228052472250252	0.04944500504540868	0.14026236125126135	1.681860026954816	1.0	0.7411705348133198	0.0	0.0	NKG7;GNLY;GZMB;CD8A			0.0	0.0	0.0	0.0	0.0	0.0
vaccination_study_10	T_NK_lineage	1	CD4 Naive / T Central Memory	8	991	0.21923344067689587	0.21923344067689587	0.12658930373360242	0.5	0.038597376387487385	0.5385973763874874	0.0	0.0	0.0	0.18365287588294651	0.09586276488395559	0.18365287588294651	0.0	0.09586276488395559	0.2760399916486206	1.0	0.788092835519677	0.10191725529767912	0.05348133198789102	NKG7;GNLY;GZMB;PRF1;FOXP3	CD8A;CD8B		0.0	0.0	0.0	0.0	0.0	0.0
vaccination_study_10	T_NK_lineage	1	gdT Cell	9	991	0.5000105238786807	0.5000105238786807	0.0	0.035216952573158426	0.44667003027245206	0.4818869828456105	0.0	0.0	0.0	0.0	0.0	0.0	0.0	0.0	1.0	0.07164480322906155	0.03632694248234107	1.0	0.9778002018163472	MS4A1;LST1	NKG7;GNLY		0.0	0.0	0.0	0.0	0.0	0.0
vaccination_study_10	T_NK_lineage	10	NK Cell	1	629	0.8402685693839321	0.9936406995230525	1.0	0.044578696343402224	0.022774244833068363	0.06735294117647059	0.9326470588235294	0.9326470588235294	0.0	0.9952305246422893	0.5465023847376789	0.9936406995230525	0.8744038155802861	0.9872813990461049	1.5219546587843855	0.09062003179650238	0.046104928457869634	0.06041335453100159	0.03100158982511924	MS4A1;LST1	CD8A;CD8B		0.0	0.0	0.0	0.0	0.0	0.9326470588235294
vaccination_study_10	T_NK_lineage	10	NKT Cell	2	629	0.8934772999936856	0.9904610492845787	1.0	0.044578696343402224	0.022774244833068363	0.06735294117647059	0.9326470588235294	0.9326470588235294	0.0	0.9952305246422893	0.6434817170111288	0.9904610492845787	0.17329093799682035	0.9872813990461049	1.6105219827239126	0.09062003179650238	0.046104928457869634	0.06041335453100159	0.03100158982511924	MS4A1;LST1	CD8A;CD8B		0.0	0.0	0.0	0.0	0.0	0.9326470588235294
vaccination_study_10	T_NK_lineage	10	CD8 Cytotoxic / T Effector Memory	3	629	0.8358274925806656	0.9920508744038156	1.0	0.012400635930047695	0.2627980922098569	0.2751987281399046	0.7248012718600954	0.7248012718600954	0.0	1.0	0.5675675675675677	0.9920508744038156	0.7678855325914149	0.9872813990461049	1.334763172196482	0.02066772655007949	0.02066772655007949	0.6804451510333863	0.39109697933227344	MS4A1	KLRD1;FCGR3A		0.0	0.0	0.0	0.0	0.0	0.7248012718600954
vaccination_study_10	T_NK_lineage	10	MAIT Cell	4	629	0.924291216770853	0.924291216770853	1.0	0.044578696343402224	0.40643879173290937	0.4510174880763116	0.5489825119236884	0.5489825119236884	0.0	0.9666136724960255	0.5548489666136724	0.890302066772655	0.003179650238473768	0.890302066772655	1.683208623976679	0.09062003179650238	0.046104928457869634	0.9920508744038156	0.7254901960784313	MS4A1;LST1	NKG7;GNLY;GZMB		0.0	0.0	0.0	0.0	0.0	0.5489825119236884
vaccination_study_10	T_NK_lineage	10	CD4 T Effector Memory	5	629	0.9329628928037718	0.9968203497615262	1.0	0.05914149443561208	0.40033783783783783	0.4594793322734499	0.5405206677265502	0.5405206677265502	0.0	1.0	0.66163222045575	0.9968203497615262	0.5278219395866455	0.9920508744038156	1.5744822895074089	0.0985691573926868	0.0985691573926868	0.9952305246422893	0.6784578696343402	FOXP3	NKG7;GNLY;GZMB;PRF1		0.0	0.0	0.0	0.0	0.0	0.5405206677265502
vaccination_study_10	T_NK_lineage	10	CD4 Naive / T Central Memory	6	629	0.6209509376775905	0.8457869634340223	0.6726947535771064	0.5	0.022774244833068363	0.5227742448330683	0.14992050874403806	0.14992050874403806	0.0	0.8457869634340223	0.5794912559618441	0.8457869634340223	0.0	0.5794912559618441	1.219870477844677	0.9952305246422893	0.5624801271860095	0.06041335453100159	0.03100158982511924	NKG7;GNLY;GZMB;PRF1;FOXP3	CD8A;CD8B		0.0	0.0	0.0	0.0	0.0	0.14992050874403806
vaccination_study_10	T_NK_lineage	10	Treg	7	629	0.6085959041064175	0.6085959041064175	0.16030082529264728	0.49869634340222574	0.0	0.49869634340222574	0.0	0.0	0.0	0.13195548489666137	0.026497085320614733	0.10174880763116058	0.02384737678855326	0.0985691573926868	1.2342080706459468	0.9920508744038156	0.5532591414944356	0.0	0.0	NKG7;GNLY;GZMB;CD8A			0.0	0.0	0.0	0.0	0.0	0.0
vaccination_study_10	T_NK_lineage	10	CD8 Naive / T Central Memory	8	629	0.674854244280272	0.674854244280272	0.07313195548489666	0.5	0.0	0.5	0.0	0.0	0.0	0.7901430842607313	0.27768945416004237	0.03656597774244833	0.03656597774244833	0.03656597774244833	0.1685374079094234	0.9952305246422893	0.6784578696343402	0.0	0.0	NKG7;GNLY;GZMB;PRF1			0.0	0.0	0.0	0.0	0.0	0.0
vaccination_study_10	T_NK_lineage	10	gdT Cell	9	629	0.5000105238786807	0.5000105238786807	0.0	0.044578696343402224	0.4292527821939586	0.47383147853736085	0.0	0.0	0.0	0.0	0.0	0.0	0.0	0.0	1.0	0.09062003179650238	0.046104928457869634	0.9920508744038156	0.8775834658187599	MS4A1;LST1	NKG7;GNLY		0.0	0.0	0.0	0.0	0.0	0.0
vaccination_study_10	T_NK_lineage	11	CD8 Naive / T Central Memory	1	608	0.9376775904527372	0.9376775904527372	1.0	0.07379111842105264	0.0	0.07379111842105264	0.9262088815789473	0.9262088815789473	0.0	1.0	0.7220394736842106	0.5098684210526315	0.5098684210526315	0.5098684210526315	1.8815727787952277	0.16776315789473684	0.04564144736842106	0.0	0.0	NKG7;GNLY;GZMB;PRF1			0.0	0.0	0.0	0.0	0.0	0.9262088815789473
vaccination_study_10	T_NK_lineage	11	CD8 Cytotoxic / T Effector Memory	2	608	0.6263391635621225	0.6263391635621225	0.5822368421052632	0.003947368421052632	0.01171875	0.01566611842105263	0.5665707236842106	0.5665707236842106	0.0	0.9375	0.17763157894736845	0.5822368421052632	0.05921052631578947	0.5098684210526315	0.7888780362876936	0.006578947368421052	0.006578947368421052	0.03125	0.015625	MS4A1	KLRD1;FCGR3A		0.0	0.0	0.0	0.0	0.0	0.5665707236842106
vaccination_study_10	T_NK_lineage	11	CD4 Naive / T Central Memory	3	608	0.8870893056344846	0.9588815789473685	0.894202302631579	0.12675657894736841	0.37364309210526314	0.5003996710526315	0.39380263157894746	0.39380263157894746	0.0	0.9588815789473685	0.859375	0.9588815789473685	0.0	0.859375	1.3810797373481514	0.29605263157894735	0.06480263157894736	0.912828947368421	0.665296052631579	NKG7;GNLY;GZMB;PRF1;FOXP3	CD8A;CD8B		0.0	0.0	0.0	0.0	0.0	0.39380263157894746
vaccination_study_10	T_NK_lineage	11	Treg	4	608	0.7686746227189494	0.7686746227189494	0.3157979843531852	0.2595805921052632	0.0	0.2595805921052632	0.05621739224792199	0.05621739224792199	0.0	0.15953947368421054	0.030975877192982452	0.14309210526315788	0.02138157894736842	0.14144736842105263	1.690823516360109	0.587171052631579	0.16570723684210525	0.0	0.0	NKG7;GNLY;GZMB;CD8A			0.0	0.0	0.0	0.0	0.0	0.05621739224792199
vaccination_study_10	T_NK_lineage	11	NK Cell	5	608	0.12586558902148975	0.14309210526315788	0.14309210526315788	0.044325657894736845	0.37364309210526314	0.41796875	0.0	0.0	0.0	0.24177631578947367	0.03433388157894737	0.14309210526315788	0.004934210526315789	0.07072368421052631	0.23215403972666512	0.09046052631578948	0.04523026315789473	0.912828947368421	0.665296052631579	MS4A1;LST1	CD8A;CD8B		0.0	0.0	0.0	0.0	0.0	0.0
vaccination_study_10	T_NK_lineage	11	CD4 T Effector Memory	6	608	0.3287133505924944	0.3287133505924944	0.07401315789473684	0.08486842105263158	0.05717516447368421	0.1420435855263158	0.0	0.0	0.0	0.8717105263157895	0.18338815789473684	0.07401315789473684	0.001644736842105263	0.06578947368421052	0.1313811637023265	0.14144736842105263	0.14144736842105263	0.16776315789473684	0.04564144736842106	FOXP3	NKG7;GNLY;GZMB;PRF1		0.0	0.0	0.0	0.0	0.0	0.0
vaccination_study_10	T_NK_lineage	11	gdT Cell	7	608	0.5000105238786807	0.5000105238786807	0.0	0.044325657894736845	0.048972039473684205	0.09329769736842106	0.0	0.0	0.0	0.0	0.0	0.0	0.0	0.0	1.0	0.09046052631578948	0.04523026315789473	0.1299342105263158	0.06661184210526316	MS4A1;LST1	NKG7;GNLY		0.0	0.0	0.0	0.0	0.0	0.0
vaccination_study_10	T_NK_lineage	11	MAIT Cell	8	608	0.7175285723306182	0.7175285723306182	0.03453947368421053	0.044325657894736845	0.051069078947368424	0.09539473684210527	0.0	0.0	0.0	0.8404605263157895	0.2900219298245614	0.03453947368421053	0.0	0.03453947368421053	0.08327119194715434	0.09046052631578948	0.04523026315789473	0.14473684210526316	0.050986842105263164	MS4A1;LST1	NKG7;GNLY;GZMB		0.0	0.0	0.0	0.0	0.0	0.0
vaccination_study_10	T_NK_lineage	11	NKT Cell	9	608	0.20789922333775335	0.20789922333775335	0.06907894736842106	0.044325657894736845	0.37364309210526314	0.41796875	0.0	0.0	0.0	0.14967105263157895	0.038651315789473686	0.06907894736842106	0.0	0.0625	0.1272996916757352	0.09046052631578948	0.04523026315789473	0.912828947368421	0.665296052631579	MS4A1;LST1	CD8A;CD8B		0.0	0.0	0.0	0.0	0.0	0.0
vaccination_study_10	T_NK_lineage	12	CD8 Cytotoxic / T Effector Memory	1	605	0.922523205152491	0.9983471074380166	1.0	0.011900826446280993	0.293801652892562	0.305702479338843	0.694297520661157	0.694297520661157	0.0	1.0	0.7641873278236915	0.9983471074380166	0.9586776859504132	0.9983471074380166	1.34314995194219	0.019834710743801654	0.019834710743801654	0.7388429752066116	0.4809917355371901	MS4A1	KLRD1;FCGR3A		0.0	0.0	0.0	0.0	0.0	0.694297520661157
vaccination_study_10	T_NK_lineage	12	NK Cell	2	605	0.8814379827829345	0.9983471074380166	1.0	0.04292561983471075	0.2899586776859504	0.3328842975206612	0.6671157024793388	0.6671157024793388	0.0	1.0	0.6551652892561983	0.9983471074380166	0.9487603305785124	0.9983471074380166	1.5290916147246172	0.08760330578512397	0.04380165289256198	0.7123966942148761	0.5082644628099173	MS4A1;LST1	CD8A;CD8B		0.0	0.0	0.0	0.0	0.0	0.6671157024793388
vaccination_study_10	T_NK_lineage	12	NKT Cell	3	605	0.8811012186651512	0.9983471074380166	1.0	0.04292561983471075	0.2899586776859504	0.3328842975206612	0.6671157024793388	0.6671157024793388	0.0	0.9983471074380166	0.6260330578512396	0.9983471074380166	0.013223140495867768	0.9983471074380166	1.6232167998007323	0.08760330578512397	0.04380165289256198	0.7123966942148761	0.5082644628099173	MS4A1;LST1	CD8A;CD8B		0.0	0.0	0.0	0.0	0.0	0.6671157024793388
vaccination_study_10	T_NK_lineage	12	CD8 Naive / T Central Memory	4	605	0.8885100292563828	0.8885100292563828	1.0	0.5	0.0	0.5	0.5	0.5	0.0	0.8066115702479338	0.4385674931129477	0.5239669421487604	0.5239669421487604	0.5239669421487604	1.9325999088179238	1.0	0.7793388429752065	0.0	0.0	NKG7;GNLY;GZMB;PRF1			0.0	0.0	0.0	0.0	0.0	0.5
vaccination_study_10	T_NK_lineage	12	CD4 T Effector Memory	5	605	0.7100881901033445	0.9950413223140496	1.0	0.14677685950413222	0.41690082644628096	0.5636776859504131	0.4363223140495869	0.4363223140495869	0.0	0.996694214876033	0.3845730027548209	0.9950413223140496	0.11239669421487604	0.9950413223140496	1.5717002170063286	0.24462809917355371	0.24462809917355371	1.0	0.7793388429752065	FOXP3	NKG7;GNLY;GZMB;PRF1		0.0	0.0	0.0	0.0	0.0	0.4363223140495869
vaccination_study_10	T_NK_lineage	12	Treg	6	605	0.6686451558586433	0.6686451558586433	0.49958677685950414	0.5	0.0	0.5	0.0	0.0	0.0	0.3586776859504132	0.08292011019283746	0.24958677685950414	0.0859504132231405	0.24462809917355371	2.867002358454079	0.9983471074380166	0.759090909090909	0.0	0.0	NKG7;GNLY;GZMB;CD8A			0.0	0.0	0.0	0.0	0.0	0.0
vaccination_study_10	T_NK_lineage	12	CD4 Naive / T Central Memory	7	605	0.30184588832059944	0.43471074380165287	0.3181404958677686	0.5	0.2899586776859504	0.6	0.0	0.0	0.0	0.43471074380165287	0.2553719008264463	0.43471074380165287	0.0	0.2553719008264463	0.6339071880309237	1.0	0.672396694214876	0.7123966942148761	0.5082644628099173	NKG7;GNLY;GZMB;PRF1;FOXP3	CD8A;CD8B		0.0	0.0	0.0	0.0	0.0	0.0
vaccination_study_10	T_NK_lineage	12	gdT Cell	8	605	0.5000105238786807	0.5000105238786807	0.0	0.04292561983471075	0.44095041322314055	0.4838760330578513	0.0	0.0	0.0	0.0	0.0	0.0	0.0	0.0	1.0	0.08760330578512397	0.04380165289256198	0.9983471074380166	0.9429752066115702	MS4A1;LST1	NKG7;GNLY		0.0	0.0	0.0	0.0	0.0	0.0
vaccination_study_10	T_NK_lineage	12	MAIT Cell	9	605	0.3190419060849067	0.3190419060849067	0.2462809917355372	0.04292561983471075	0.42512396694214877	0.46804958677685954	0.0	0.0	0.0	0.4727272727272727	0.1818181818181818	0.2462809917355372	0.0	0.2462809917355372	0.47914404661639326	0.08760330578512397	0.04380165289256198	0.9983471074380166	0.8374655647382919	MS4A1;LST1	NKG7;GNLY;GZMB		0.0	0.0	0.0	0.0	0.0	0.0
vaccination_study_10	T_NK_lineage	13	CD4 Naive / T Central Memory	1	570	0.9670497358506451	0.9964912280701754	0.9708333333333333	0.16799999999999998	0.02276315789473684	0.19076315789473683	0.7800701754385965	0.7800701754385965	0.0	0.9964912280701754	0.9570175438596491	0.9964912280701754	0.0	0.9570175438596491	1.4346899261069408	0.38421052631578945	0.1	0.05789473684210526	0.035964912280701755	NKG7;GNLY;GZMB;PRF1;FOXP3	CD8A;CD8B		0.0	0.0	0.0	0.0	0.0	0.7800701754385965
vaccination_study_10	T_NK_lineage	13	MAIT Cell	2	570	0.9168824061796216	0.9168824061796216	0.7200694564312895	0.06791228070175438	0.07973684210526315	0.14764912280701753	0.5724203336242719	0.5724203336242719	0.0	0.9912280701754386	0.5461988304093568	0.6578947368421053	0.008771929824561403	0.656140350877193	1.2486988783567368	0.13859649122807016	0.0692982456140351	0.22105263157894736	0.08947368421052632	MS4A1;LST1	NKG7;GNLY;GZMB		0.0	0.0	0.0	0.0	0.0	0.5724203336242719
vaccination_study_10	T_NK_lineage	13	Treg	3	570	0.6999221232977626	0.6999221232977626	0.4780701754385965	0.10983333333333332	0.0	0.10983333333333332	0.36823684210526314	0.36823684210526314	0.0	0.3087719298245614	0.0652046783625731	0.22807017543859648	0.043859649122807015	0.16666666666666666	2.629362568916394	0.24561403508771928	0.075	0.0	0.0	NKG7;GNLY;GZMB;CD8A			0.0	0.0	0.0	0.0	0.0	0.36823684210526314
vaccination_study_10	T_NK_lineage	13	CD4 T Effector Memory	4	570	0.8352381553745449	0.8352381553745449	0.49473684210526314	0.09999999999999999	0.08881578947368421	0.18881578947368421	0.3059210526315789	0.3059210526315789	0.0	0.9964912280701754	0.5219298245614036	0.49473684210526314	0.23333333333333334	0.4263157894736842	0.7893158088678535	0.16666666666666666	0.16666666666666666	0.2543859649122807	0.08333333333333333	FOXP3	NKG7;GNLY;GZMB;PRF1		0.0	0.0	0.0	0.0	0.0	0.3059210526315789
vaccination_study_10	T_NK_lineage	13	CD8 Cytotoxic / T Effector Memory	5	570	0.19077687272421123	0.24035087719298245	0.24035087719298245	0.00736842105263158	0.010526315789473684	0.017894736842105262	0.22245614035087719	0.22245614035087719	0.0	0.5859649122807018	0.11150097465886939	0.24035087719298245	0.042105263157894736	0.13508771929824562	0.33347521522107343	0.012280701754385965	0.012280701754385965	0.028070175438596492	0.014035087719298246	MS4A1	KLRD1;FCGR3A		0.0	0.0	0.0	0.0	0.0	0.22245614035087719
vaccination_study_10	T_NK_lineage	13	NK Cell	6	570	0.09037380817073941	0.22280701754385965	0.22280701754385965	0.06791228070175438	0.02276315789473684	0.09067543859649121	0.13213157894736843	0.13213157894736843	0.0	0.33157894736842103	0.05789473684210526	0.22280701754385965	0.04035087719298246	0.13508771929824562	0.3530364254029906	0.13859649122807016	0.0692982456140351	0.05789473684210526	0.035964912280701755	MS4A1;LST1	CD8A;CD8B		0.0	0.0	0.0	0.0	0.0	0.13213157894736843
vaccination_study_10	T_NK_lineage	13	NKT Cell	7	570	0.13995706257498264	0.1543859649122807	0.1543859649122807	0.06791228070175438	0.02276315789473684	0.09067543859649121	0.0637105263157895	0.0637105263157895	0.0	0.23684210526315788	0.07192982456140351	0.1543859649122807	0.0035087719298245615	0.13508771929824562	0.2646252048811179	0.13859649122807016	0.0692982456140351	0.05789473684210526	0.035964912280701755	MS4A1;LST1	CD8A;CD8B		0.0	0.0	0.0	0.0	0.0	0.0637105263157895
vaccination_study_10	T_NK_lineage	13	CD8 Naive / T Central Memory	8	570	0.7831133842689062	0.7831133842689062	0.06315789473684211	0.11500000000000002	0.0	0.11500000000000002	0.0	0.0	0.0	0.9736842105263158	0.34795321637426896	0.031578947368421054	0.031578947368421054	0.031578947368421054	0.15048772414560668	0.2543859649122807	0.08333333333333333	0.0	0.0	NKG7;GNLY;GZMB;PRF1			0.0	0.0	0.0	0.0	0.0	0.0
vaccination_study_10	T_NK_lineage	13	gdT Cell	9	570	0.5000105238786807	0.5000105238786807	0.0	0.06791228070175438	0.08368421052631579	0.15159649122807017	0.0	0.0	0.0	0.0	0.0	0.0	0.0	0.0	1.0	0.13859649122807016	0.0692982456140351	0.21578947368421053	0.12631578947368421	MS4A1;LST1	NKG7;GNLY		0.0	0.0	0.0	0.0	0.0	0.0
vaccination_study_10	T_NK_lineage	14	CD8 Cytotoxic / T Effector Memory	1	550	0.8514870240575867	0.9363636363636364	1.0	0.02509090909090909	0.10295454545454545	0.12804545454545455	0.8719545454545454	0.8719545454545454	0.0	0.9981818181818182	0.52	0.9363636363636364	0.5981818181818181	0.86	1.2605860257101889	0.04181818181818182	0.04181818181818182	0.27090909090909093	0.14454545454545453	MS4A1	KLRD1;FCGR3A		0.0	0.0	0.0	0.0	0.0	0.8719545454545454
vaccination_study_10	T_NK_lineage	14	CD4 T Effector Memory	2	550	0.884342573298815	0.9818181818181818	1.0	0.001090909090909091	0.3199772727272727	0.3210681818181818	0.6789318181818182	0.6789318181818182	0.0	0.9963636363636363	0.46878787878787875	0.9818181818181818	0.6563636363636364	0.9690909090909091	1.5510216515330113	0.0018181818181818182	0.0018181818181818182	0.889090909090909	0.355	FOXP3	NKG7;GNLY;GZMB;PRF1		0.0	0.0	0.0	0.0	0.0	0.6789318181818182
vaccination_study_10	T_NK_lineage	14	CD8 Naive / T Central Memory	3	550	0.9218181052808823	0.9218181052808823	1.0	0.41595454545454547	0.0	0.41595454545454547	0.5840454545454545	0.5840454545454545	0.0	0.9345454545454546	0.5606060606060606	0.5527272727272727	0.5527272727272727	0.5527272727272727	2.0366928926081473	0.889090909090909	0.355	0.0	0.0	NKG7;GNLY;GZMB;PRF1			0.0	0.0	0.0	0.0	0.0	0.5840454545454545
vaccination_study_10	T_NK_lineage	14	NK Cell	4	550	0.7108459093683568	0.8927272727272727	0.9849588051352105	0.09009090909090908	0.3492272727272727	0.43931818181818183	0.5456406233170287	0.5456406233170287	0.0	0.9145454545454546	0.2715909090909091	0.8927272727272727	0.37454545454545457	0.86	1.368926129631751	0.18181818181818182	0.09545454545454544	0.8618181818181818	0.6045454545454545	MS4A1;LST1	CD8A;CD8B		0.0	0.0	0.0	0.0	0.0	0.5456406233170287
vaccination_study_10	T_NK_lineage	14	NKT Cell	5	550	0.7411125844541264	0.8654545454545455	0.9677768051113186	0.09009090909090908	0.3492272727272727	0.43931818181818183	0.5284586232931368	0.5284586232931368	0.0	0.8981818181818182	0.33909090909090905	0.8654545454545455	0.0036363636363636364	0.86	1.4092890386270924	0.18181818181818182	0.09545454545454544	0.8618181818181818	0.6045454545454545	MS4A1;LST1	CD8A;CD8B		0.0	0.0	0.0	0.0	0.0	0.5284586232931368
vaccination_study_10	T_NK_lineage	14	Treg	6	550	0.2650544084527794	0.2650544084527794	0.02	0.4523181818181818	0.0	0.4523181818181818	0.0	0.0	0.0	0.26181818181818184	0.04545454545454545	0.02	0.0	0.01818181818181818	0.3313345610056767	0.9363636363636364	0.4386363636363636	0.0	0.0	NKG7;GNLY;GZMB;CD8A			0.0	0.0	0.0	0.0	0.0	0.0
vaccination_study_10	T_NK_lineage	14	CD4 Naive / T Central Memory	7	550	0.3665887899644293	0.6218181818181818	0.47231818181818186	0.40041454545454547	0.3492272727272727	0.6	0.0	0.0	0.0	0.6218181818181818	0.39181818181818184	0.6218181818181818	0.0	0.39181818181818184	0.9006170697819015	0.889090909090909	0.2843636363636363	0.8618181818181818	0.6045454545454545	NKG7;GNLY;GZMB;PRF1;FOXP3	CD8A;CD8B		0.0	0.0	0.0	0.0	0.0	0.0
vaccination_study_10	T_NK_lineage	14	gdT Cell	8	550	0.5000105238786807	0.5000105238786807	0.0	0.09009090909090908	0.3463636363636364	0.43645454545454543	0.0	0.0	0.0	0.0	0.0	0.0	0.0	0.0	1.0	0.18181818181818182	0.09545454545454544	0.88	0.5490909090909091	MS4A1;LST1	NKG7;GNLY		0.0	0.0	0.0	0.0	0.0	0.0
vaccination_study_10	T_NK_lineage	14	MAIT Cell	9	550	0.526867462271895	0.526867462271895	0.16	0.09009090909090908	0.3240909090909091	0.4141818181818182	0.0	0.0	0.0	0.5709090909090909	0.2109090909090909	0.16	0.0	0.15454545454545454	0.31783273263138373	0.18181818181818182	0.09545454545454544	0.88	0.4006060606060606	MS4A1;LST1	NKG7;GNLY;GZMB		0.0	0.0	0.0	0.0	0.0	0.0
vaccination_study_10	T_NK_lineage	15	CD8 Naive / T Central Memory	1	510	0.9468544126623308	0.9468544126623308	1.0	0.09975490196078432	0.0	0.09975490196078432	0.9002450980392157	0.9002450980392157	0.0	1.0	0.7830065359477124	0.5980392156862745	0.5980392156862745	0.5980392156862745	2.2006915410610572	0.21568627450980393	0.08088235294117646	0.0	0.0	NKG7;GNLY;GZMB;PRF1			0.0	0.0	0.0	0.0	0.0	0.9002450980392157
vaccination_study_10	T_NK_lineage	15	CD8 Cytotoxic / T Effector Memory	2	510	0.7360295510513355	0.7360295510513355	0.6627450980392157	0.007058823529411765	0.021470588235294116	0.02852941176470588	0.6342156862745097	0.6342156862745097	0.0	0.9784313725490196	0.226797385620915	0.6627450980392157	0.11568627450980393	0.5980392156862745	0.8961175565788596	0.011764705882352941	0.011764705882352941	0.056862745098039215	0.029411764705882353	MS4A1	KLRD1;FCGR3A		0.0	0.0	0.0	0.0	0.0	0.6342156862745097
vaccination_study_10	T_NK_lineage	15	CD4 Naive / T Central Memory	3	510	0.7587611290017049	0.9470588235294117	0.8527450980392157	0.09619607843137255	0.4052941176470588	0.5014901960784314	0.35125490196078435	0.35125490196078435	0.0	0.9470588235294117	0.8019607843137255	0.9470588235294117	0.0	0.8019607843137255	1.3642271432828346	0.21568627450980393	0.06470588235294117	0.9745098039215686	0.7529411764705882	NKG7;GNLY;GZMB;PRF1;FOXP3	CD8A;CD8B		0.0	0.0	0.0	0.0	0.0	0.35125490196078435
vaccination_study_10	T_NK_lineage	15	CD4 T Effector Memory	4	510	0.4444444444444444	0.4444444444444444	0.09803921568627451	0.0	0.07683823529411765	0.07683823529411765	0.021200980392156857	0.021200980392156857	0.0	0.8823529411764706	0.20032679738562095	0.09803921568627451	0.011764705882352941	0.09215686274509804	0.1689535096411204	0.0	0.0	0.21568627450980393	0.08088235294117646	FOXP3	NKG7;GNLY;GZMB;PRF1		0.0	0.0	0.0	0.0	0.0	0.021200980392156857
vaccination_study_10	T_NK_lineage	15	NK Cell	5	510	0.39818147376397045	0.39818147376397045	0.18235294117647058	0.04996078431372549	0.4052941176470588	0.4552549019607843	0.0	0.0	0.0	0.3235294117647059	0.06715686274509805	0.18235294117647058	0.047058823529411764	0.11372549019607843	0.2916904974992837	0.10196078431372549	0.050980392156862744	0.9745098039215686	0.7529411764705882	MS4A1;LST1	CD8A;CD8B		0.0	0.0	0.0	0.0	0.0	0.0
vaccination_study_10	T_NK_lineage	15	Treg	6	510	0.6971438193260509	0.6971438193260509	0.00784313725490196	0.29970588235294116	0.0	0.29970588235294116	0.0	0.0	0.0	0.029411764705882353	0.005555555555555556	0.00784313725490196	0.0	0.00392156862745098	0.19706826831056592	0.6666666666666666	0.2107843137254902	0.0	0.0	NKG7;GNLY;GZMB;CD8A			0.0	0.0	0.0	0.0	0.0	0.0
vaccination_study_10	T_NK_lineage	15	gdT Cell	7	510	0.5000105238786807	0.5000105238786807	0.0	0.04996078431372549	0.06720588235294117	0.11716666666666667	0.0	0.0	0.0	0.0	0.0	0.0	0.0	0.0	1.0	0.10196078431372549	0.050980392156862744	0.17254901960784313	0.10294117647058823	MS4A1;LST1	NKG7;GNLY		0.0	0.0	0.0	0.0	0.0	0.0
vaccination_study_10	T_NK_lineage	15	MAIT Cell	8	510	0.6821999115994191	0.6821999115994191	0.045098039215686274	0.04996078431372549	0.06754901960784314	0.11750980392156862	0.0	0.0	0.0	0.8509803921568627	0.296078431372549	0.045098039215686274	0.0	0.045098039215686274	0.10301153156795712	0.10196078431372549	0.050980392156862744	0.1843137254901961	0.08169934640522876	MS4A1;LST1	NKG7;GNLY;GZMB		0.0	0.0	0.0	0.0	0.0	0.0
vaccination_study_10	T_NK_lineage	15	NKT Cell	9	510	0.4866767695902002	0.4866767695902002	0.09607843137254903	0.04996078431372549	0.4052941176470588	0.4552549019607843	0.0	0.0	0.0	0.18627450980392157	0.06568627450980391	0.09607843137254903	0.00392156862745098	0.09215686274509804	0.17076291549833705	0.10196078431372549	0.050980392156862744	0.9745098039215686	0.7529411764705882	MS4A1;LST1	CD8A;CD8B		0.0	0.0	0.0	0.0	0.0	0.0
vaccination_study_10	T_NK_lineage	16	CD8 Cytotoxic / T Effector Memory	1	470	0.7419650186272653	0.9319148936170213	0.9955799338504766	0.010212765957446808	0.06335106382978722	0.07356382978723403	0.9220161040632426	0.9220161040632426	0.0	0.9957446808510638	0.3929078014184397	0.9319148936170213	0.42340425531914894	0.8936170212765957	1.2546601609338213	0.01702127659574468	0.01702127659574468	0.16808510638297872	0.08617021276595745	MS4A1	KLRD1;FCGR3A		0.0	0.0	0.0	0.0	0.0	0.9220161040632426
vaccination_study_10	T_NK_lineage	16	NK Cell	2	470	0.6722232746100902	0.9340425531914893	1.0	0.16102127659574467	0.11489361702127658	0.27591489361702126	0.7240851063829787	0.7240851063829787	0.0	0.9659574468085106	0.2571808510638298	0.9340425531914893	0.3468085106382979	0.8936170212765957	1.4315780165185419	0.3276595744680851	0.16595744680851066	0.2936170212765957	0.17872340425531913	MS4A1;LST1	CD8A;CD8B		0.0	0.0	0.0	0.0	0.0	0.7240851063829787
vaccination_study_10	T_NK_lineage	16	NKT Cell	3	470	0.7434067900065249	0.9148936170212766	1.0	0.16102127659574467	0.11489361702127658	0.27591489361702126	0.7240851063829787	0.7240851063829787	0.0	0.9425531914893617	0.3904255319148936	0.9148936170212766	0.19148936170212766	0.8936170212765957	1.488875057113888	0.3276595744680851	0.16595744680851066	0.2936170212765957	0.17872340425531913	MS4A1;LST1	CD8A;CD8B		0.0	0.0	0.0	0.0	0.0	0.7240851063829787
vaccination_study_10	T_NK_lineage	16	CD4 T Effector Memory	4	470	0.9654711540485361	0.9829787234042553	1.0	0.0	0.34827127659574464	0.34827127659574464	0.6517287234042554	0.6517287234042554	0.0	1.0	0.7067375886524823	0.9829787234042553	0.7893617021276595	0.9340425531914893	1.5528365256304033	0.0	0.0	0.9553191489361702	0.41117021276595744	FOXP3	NKG7;GNLY;GZMB;PRF1		0.0	0.0	0.0	0.0	0.0	0.6517287234042554
vaccination_study_10	T_NK_lineage	16	MAIT Cell	5	470	0.9756898402475216	0.9914893617021276	1.0	0.16102127659574467	0.33734042553191484	0.4983617021276595	0.5016382978723405	0.5016382978723405	0.0	1.0	0.6943262411347518	0.9914893617021276	0.23829787234042554	0.9893617021276596	1.8723888266532205	0.3276595744680851	0.16595744680851066	0.9234042553191489	0.40212765957446805	MS4A1;LST1	NKG7;GNLY;GZMB		0.0	0.0	0.0	0.0	0.0	0.5016382978723405
vaccination_study_10	T_NK_lineage	16	CD4 Naive / T Central Memory	6	470	0.8294815937361875	0.9617021276595744	0.8579787234042553	0.4353872340425532	0.11489361702127658	0.5502808510638297	0.30769787234042556	0.30769787234042556	0.0	0.9617021276595744	0.8021276595744681	0.9617021276595744	0.0	0.8021276595744681	1.3851002520934756	0.9553191489361702	0.32893617021276594	0.2936170212765957	0.17872340425531913	NKG7;GNLY;GZMB;PRF1;FOXP3	CD8A;CD8B		0.0	0.0	0.0	0.0	0.0	0.30769787234042556
vaccination_study_10	T_NK_lineage	16	CD8 Naive / T Central Memory	7	470	0.7878070341605101	0.7878070341605101	0.4851063829787234	0.4534787234042553	0.0	0.4534787234042553	0.03162765957446806	0.03162765957446806	0.0	0.8957446808510638	0.40354609929078017	0.2425531914893617	0.2425531914893617	0.2425531914893617	0.9140720825897838	0.9553191489361702	0.41117021276595744	0.0	0.0	NKG7;GNLY;GZMB;PRF1			0.0	0.0	0.0	0.0	0.0	0.03162765957446806
vaccination_study_10	T_NK_lineage	16	Treg	8	470	0.34540422218012673	0.34540422218012673	0.00425531914893617	0.4338191489361702	0.0	0.4338191489361702	0.0	0.0	0.0	0.08085106382978724	0.013475177304964538	0.00425531914893617	0.0	0.002127659574468085	0.15744266374028612	0.9319148936170213	0.36223404255319147	0.0	0.0	NKG7;GNLY;GZMB;CD8A			0.0	0.0	0.0	0.0	0.0	0.0
vaccination_study_10	T_NK_lineage	16	gdT Cell	9	470	0.5000105238786807	0.5000105238786807	0.0	0.16102127659574467	0.3663829787234042	0.5274042553191489	0.0	0.0	0.0	0.0	0.0	0.0	0.0	0.0	1.0	0.3276595744680851	0.16595744680851066	0.9234042553191489	0.5957446808510638	MS4A1;LST1	NKG7;GNLY		0.0	0.0	0.0	0.0	0.0	0.0
vaccination_study_10	T_NK_lineage	17	CD8 Naive / T Central Memory	1	445	0.944076108690619	0.944076108690619	1.0	0.07613483146067415	0.0	0.07613483146067415	0.9238651685393259	0.9238651685393259	0.0	1.0	0.7273408239700374	0.5730337078651685	0.5730337078651685	0.5730337078651685	2.11018848118895	0.17303370786516853	0.04719101123595505	0.0	0.0	NKG7;GNLY;GZMB;PRF1			0.0	0.0	0.0	0.0	0.0	0.9238651685393259
vaccination_study_10	T_NK_lineage	17	CD8 Cytotoxic / T Effector Memory	2	445	0.7117720106922607	0.7117720106922607	0.6337078651685393	0.008089887640449439	0.012134831460674157	0.020224719101123598	0.6134831460674157	0.6134831460674157	0.0	0.9865168539325843	0.19026217228464418	0.6337078651685393	0.0853932584269663	0.5730337078651685	0.8574390522750422	0.01348314606741573	0.01348314606741573	0.03146067415730337	0.01797752808988764	MS4A1	KLRD1;FCGR3A		0.0	0.0	0.0	0.0	0.0	0.6134831460674157
vaccination_study_10	T_NK_lineage	17	CD4 Naive / T Central Memory	3	445	0.6459767211803582	0.8898876404494382	0.7482022471910112	0.0741573033707865	0.40129213483146065	0.47544943820224717	0.2727528089887641	0.2727528089887641	0.0	0.8898876404494382	0.6719101123595506	0.8898876404494382	0.0	0.6719101123595506	1.2827332185064384	0.17303370786516853	0.038202247191011236	0.9820224719101124	0.7112359550561798	NKG7;GNLY;GZMB;PRF1;FOXP3	CD8A;CD8B		0.0	0.0	0.0	0.0	0.0	0.2727528089887641
vaccination_study_10	T_NK_lineage	17	CD4 T Effector Memory	4	445	0.3927301046073541	0.3927301046073541	0.08764044943820225	0.0013483146067415732	0.05898876404494381	0.06033707865168538	0.027303370786516866	0.027303370786516866	0.0	0.8	0.16404494382022472	0.08764044943820225	0.015730337078651686	0.07640449438202247	0.15269174725799498	0.0022471910112359553	0.0022471910112359553	0.17303370786516853	0.04719101123595505	FOXP3	NKG7;GNLY;GZMB;PRF1		0.0	0.0	0.0	0.0	0.0	0.027303370786516866
vaccination_study_10	T_NK_lineage	17	NK Cell	5	445	0.3500031571636042	0.3500031571636042	0.15280898876404495	0.06826966292134831	0.40129213483146065	0.46956179775280893	0.0	0.0	0.0	0.2696629213483146	0.04101123595505618	0.15280898876404495	0.006741573033707865	0.0853932584269663	0.24688905009448703	0.1393258426966292	0.06966292134831462	0.9820224719101124	0.7112359550561798	MS4A1;LST1	CD8A;CD8B		0.0	0.0	0.0	0.0	0.0	0.0
vaccination_study_10	T_NK_lineage	17	Treg	6	445	0.2371029866767696	0.2371029866767696	0.0022471910112359553	0.28207865168539326	0.0	0.28207865168539326	0.0	0.0	0.0	0.02247191011235955	0.0041198501872659185	0.0022471910112359553	0.0	0.0022471910112359553	0.13526392190868453	0.6359550561797753	0.18370786516853932	0.0	0.0	NKG7;GNLY;GZMB;CD8A			0.0	0.0	0.0	0.0	0.0	0.0
vaccination_study_10	T_NK_lineage	17	gdT Cell	7	445	0.5000105238786807	0.5000105238786807	0.0	0.06826966292134831	0.054101123595505625	0.12237078651685393	0.0	0.0	0.0	0.0	0.0	0.0	0.0	0.0	1.0	0.1393258426966292	0.06966292134831462	0.14382022471910114	0.07303370786516854	MS4A1;LST1	NKG7;GNLY		0.0	0.0	0.0	0.0	0.0	0.0
vaccination_study_10	T_NK_lineage	17	MAIT Cell	8	445	0.5668792490160174	0.5668792490160174	0.024719101123595506	0.06826966292134831	0.05325842696629213	0.12152808988764044	0.0	0.0	0.0	0.7617977528089888	0.2614232209737828	0.024719101123595506	0.0	0.024719101123595506	0.06491098108598649	0.1393258426966292	0.06966292134831462	0.15056179775280898	0.053932584269662916	MS4A1;LST1	NKG7;GNLY;GZMB		0.0	0.0	0.0	0.0	0.0	0.0
vaccination_study_10	T_NK_lineage	17	NKT Cell	9	445	0.36399991580897056	0.36399991580897056	0.09887640449438202	0.06826966292134831	0.40129213483146065	0.46956179775280893	0.0	0.0	0.0	0.16404494382022472	0.04325842696629214	0.09887640449438202	0.0	0.0853932584269663	0.1752670360965403	0.1393258426966292	0.06966292134831462	0.9820224719101124	0.7112359550561798	MS4A1;LST1	CD8A;CD8B		0.0	0.0	0.0	0.0	0.0	0.0
vaccination_study_10	T_NK_lineage	18	CD4 Naive / T Central Memory	1	419	0.9423501925869798	0.9976133651551312	0.9782219570405728	0.18996658711217185	0.01360381861575179	0.20357040572792365	0.7746515513126492	0.7746515513126492	0.0	0.9976133651551312	0.967780429594272	0.9976133651551312	0.0	0.967780429594272	1.4362894619266255	0.3937947494033413	0.18329355608591885	0.03579952267303103	0.01909307875894988	NKG7;GNLY;GZMB;PRF1;FOXP3	CD8A;CD8B		0.0	0.0	0.0	0.0	0.0	0.7746515513126492
vaccination_study_10	T_NK_lineage	18	MAIT Cell	2	419	0.9374250173643999	0.9374250173643999	0.9278944425847221	0.10890214797136039	0.14236276849642004	0.25126491646778043	0.6766295261169417	0.6766295261169417	0.0	0.9952267303102625	0.6046141607000796	0.7995226730310262	0.026252983293556086	0.7971360381861575	1.5134870782147836	0.21957040572792363	0.11575178997613364	0.3627684964200477	0.22354813046937153	MS4A1;LST1	NKG7;GNLY;GZMB		0.0	0.0	0.0	0.0	0.0	0.6766295261169417
vaccination_study_10	T_NK_lineage	18	NK Cell	3	419	0.5472837869125045	0.5472837869125045	0.42482100238663484	0.10890214797136039	0.01360381861575179	0.12250596658711217	0.3023150357995227	0.3023150357995227	0.0	0.47255369928400953	0.18496420047732695	0.3914081145584726	0.21241050119331742	0.2720763723150358	0.6087088241005431	0.21957040572792363	0.11575178997613364	0.03579952267303103	0.01909307875894988	MS4A1;LST1	CD8A;CD8B		0.0	0.0	0.0	0.0	0.0	0.3023150357995227
vaccination_study_10	T_NK_lineage	18	CD8 Cytotoxic / T Effector Memory	4	419	0.5853170844646503	0.5853170844646503	0.35083532219570407	0.042959427207637235	0.09343675417661097	0.1363961813842482	0.21443914081145588	0.21443914081145588	0.0	0.5178997613365155	0.18536197295147178	0.35083532219570407	0.16467780429594273	0.2720763723150358	0.4806439589018174	0.07159904534606205	0.07159904534606205	0.24821002386634844	0.12649164677804295	MS4A1	KLRD1;FCGR3A		0.0	0.0	0.0	0.0	0.0	0.21443914081145588
vaccination_study_10	T_NK_lineage	18	CD4 T Effector Memory	5	419	0.839889709751426	0.839889709751426	0.2911694510739857	0.001431980906921241	0.15241646778042958	0.15384844868735081	0.13732100238663486	0.13732100238663486	0.0	0.9976133651551312	0.4876690533015115	0.2911694510739857	0.059665871121718374	0.2649164677804296	0.47097376107760774	0.002386634844868735	0.002386634844868735	0.3937947494033413	0.22852028639618138	FOXP3	NKG7;GNLY;GZMB;PRF1		0.0	0.0	0.0	0.0	0.0	0.13732100238663486
vaccination_study_10	T_NK_lineage	18	NKT Cell	6	419	0.6311170044831723	0.6311170044831723	0.2553699284009546	0.10890214797136039	0.01360381861575179	0.12250596658711217	0.13286396181384247	0.13286396181384247	0.0	0.4105011933174224	0.19809069212410502	0.2553699284009546	0.026252983293556086	0.23627684964200477	0.42718714891422005	0.21957040572792363	0.11575178997613364	0.03579952267303103	0.01909307875894988	MS4A1;LST1	CD8A;CD8B		0.0	0.0	0.0	0.0	0.0	0.13286396181384247
vaccination_study_10	T_NK_lineage	18	Treg	7	419	0.7846393466776115	0.7846393466776115	0.19052668291318448	0.17616945107398568	0.0	0.17616945107398568	0.014357231839198792	0.014357231839198792	0.0	0.29594272076372313	0.05091487669053302	0.10978520286396182	0.002386634844868735	0.06921241050119331	1.3229659201968906	0.36515513126491644	0.17004773269689738	0.0	0.0	NKG7;GNLY;GZMB;CD8A			0.0	0.0	0.0	0.0	0.0	0.014357231839198792
vaccination_study_10	T_NK_lineage	18	CD8 Naive / T Central Memory	8	419	0.7845341078908042	0.7845341078908042	0.01909307875894988	0.1999164677804296	0.0	0.1999164677804296	0.0	0.0	0.0	0.9904534606205251	0.3420843277645187	0.00954653937947494	0.00954653937947494	0.00954653937947494	0.07074527885652353	0.3937947494033413	0.22852028639618138	0.0	0.0	NKG7;GNLY;GZMB;PRF1			0.0	0.0	0.0	0.0	0.0	0.0
vaccination_study_10	T_NK_lineage	18	gdT Cell	9	419	0.5000105238786807	0.5000105238786807	0.0	0.10890214797136039	0.14266109785202863	0.251563245823389	0.0	0.0	0.0	0.0	0.0	0.0	0.0	0.0	1.0	0.21957040572792363	0.11575178997613364	0.34844868735083534	0.2541766109785203	MS4A1;LST1	NKG7;GNLY		0.0	0.0	0.0	0.0	0.0	0.0
vaccination_study_10	T_NK_lineage	19	NK Cell	1	337	0.8737555513460041	0.9910979228486647	1.0	0.06979228486646885	0.022700296735905047	0.09249258160237389	0.9075074183976262	0.9075074183976262	0.0	0.9940652818991098	0.5545252225519288	0.9910979228486647	0.887240356083086	0.9851632047477745	1.518098706342768	0.142433234421365	0.0712166172106825	0.05934718100890208	0.032640949554896145	MS4A1;LST1	CD8A;CD8B		0.0	0.0	0.0	0.0	0.0	0.9075074183976262
vaccination_study_10	T_NK_lineage	19	NKT Cell	2	337	0.9026751699606407	0.9851632047477745	1.0	0.06979228486646885	0.022700296735905047	0.09249258160237389	0.9075074183976262	0.9075074183976262	0.0	0.9910979228486647	0.6364985163204747	0.9851632047477745	0.16023738872403562	0.9851632047477745	1.6019936196320377	0.142433234421365	0.0712166172106825	0.05934718100890208	0.032640949554896145	MS4A1;LST1	CD8A;CD8B		0.0	0.0	0.0	0.0	0.0	0.9075074183976262
vaccination_study_10	T_NK_lineage	19	CD8 Cytotoxic / T Effector Memory	3	337	0.8639472964155669	0.9881305637982196	1.0	0.008902077151335312	0.27106824925816025	0.27997032640949554	0.7200296735905045	0.7200296735905045	0.0	1.0	0.5766567754698319	0.9881305637982196	0.7507418397626113	0.9851632047477745	1.3295411955947114	0.01483679525222552	0.01483679525222552	0.7032640949554896	0.40059347181008903	MS4A1	KLRD1;FCGR3A		0.0	0.0	0.0	0.0	0.0	0.7200296735905045
vaccination_study_10	T_NK_lineage	19	CD4 T Effector Memory	4	337	0.9306265917366504	0.9970326409495549	1.0	0.0017804154302670625	0.39736646884272997	0.39914688427299705	0.600853115727003	0.600853115727003	0.0	1.0	0.6177052423343224	0.9970326409495549	0.40059347181008903	0.9970326409495549	1.5748142739730078	0.002967359050445104	0.002967359050445104	0.9881305637982196	0.6728486646884273	FOXP3	NKG7;GNLY;GZMB;PRF1		0.0	0.0	0.0	0.0	0.0	0.600853115727003
vaccination_study_10	T_NK_lineage	19	MAIT Cell	5	337	0.9077476794847509	0.9077476794847509	1.0	0.06979228486646885	0.4065281899109792	0.4763204747774481	0.5236795252225519	0.5236795252225519	0.0	0.9554896142433235	0.5173095944609298	0.8724035608308606	0.005934718100890208	0.8724035608308606	1.6497455001325638	0.142433234421365	0.0712166172106825	0.9881305637982196	0.7339268051434223	MS4A1;LST1	NKG7;GNLY;GZMB		0.0	0.0	0.0	0.0	0.0	0.5236795252225519
vaccination_study_10	T_NK_lineage	19	CD4 Naive / T Central Memory	6	337	0.4249331733703774	0.7240356083086054	0.5446587537091988	0.4940415430267062	0.022700296735905047	0.5167418397626112	0.027916913946587574	0.027916913946587574	0.0	0.7240356083086054	0.4480712166172107	0.7240356083086054	0.0	0.4480712166172107	1.0463215806295236	0.9881305637982196	0.5388724035608309	0.05934718100890208	0.032640949554896145	NKG7;GNLY;GZMB;PRF1;FOXP3	CD8A;CD8B		0.0	0.0	0.0	0.0	0.0	0.027916913946587574
vaccination_study_10	T_NK_lineage	19	Treg	7	337	0.25697206962598135	0.25697206962598135	0.002967359050445104	0.4991988130563798	0.0	0.4991988130563798	0.0	0.0	0.0	0.04154302670623145	0.00741839762611276	0.002967359050445104	0.0	0.002967359050445104	0.14321780727940725	0.9881305637982196	0.5623145400593471	0.0	0.0	NKG7;GNLY;GZMB;CD8A			0.0	0.0	0.0	0.0	0.0	0.0
vaccination_study_10	T_NK_lineage	19	CD8 Naive / T Central Memory	8	337	0.6140472732630339	0.6140472732630339	0.09495548961424333	0.5	0.0	0.5	0.0	0.0	0.0	0.6913946587537092	0.24629080118694366	0.04747774480712166	0.04747774480712166	0.04747774480712166	0.20803063936185867	0.9881305637982196	0.6728486646884273	0.0	0.0	NKG7;GNLY;GZMB;PRF1			0.0	0.0	0.0	0.0	0.0	0.0
vaccination_study_10	T_NK_lineage	19	gdT Cell	9	337	0.5000105238786807	0.5000105238786807	0.0	0.06979228486646885	0.42596439169139466	0.4957566765578635	0.0	0.0	0.0	0.0	0.0	0.0	0.0	0.0	1.0	0.142433234421365	0.0712166172106825	0.9881305637982196	0.8635014836795252	MS4A1;LST1	NKG7;GNLY		0.0	0.0	0.0	0.0	0.0	0.0
vaccination_study_10	T_NK_lineage	2	CD8 Cytotoxic / T Effector Memory	1	978	0.959241017869546	1.0	1.0	0.0042944785276073615	0.28734662576687114	0.2916411042944785	0.7083588957055216	0.7083588957055216	0.0	1.0	0.7706203135650989	1.0	0.9396728016359919	1.0	1.3453516566417099	0.007157464212678937	0.007157464212678937	0.7229038854805726	0.4698364008179959	MS4A1	KLRD1;FCGR3A		0.0	0.0	0.0	0.0	0.0	0.7083588957055216
vaccination_study_10	T_NK_lineage	2	NK Cell	2	978	0.9045694681231715	1.0	1.0	0.06062372188139059	0.2871932515337423	0.3478169734151329	0.6521830265848672	0.6521830265848672	0.0	1.0	0.6573364008179958	1.0	0.9141104294478528	1.0	1.5315981168387465	0.12372188139059305	0.06186094069529652	0.7044989775051125	0.5056237218813906	MS4A1;LST1	CD8A;CD8B		0.0	0.0	0.0	0.0	0.0	0.6521830265848672
vaccination_study_10	T_NK_lineage	2	NKT Cell	3	978	0.8909199974742691	1.0	1.0	0.06062372188139059	0.2871932515337423	0.3478169734151329	0.6521830265848672	0.6521830265848672	0.0	1.0	0.6068507157464212	1.0	0.007157464212678937	1.0	1.6258775928501554	0.12372188139059305	0.06186094069529652	0.7044989775051125	0.5056237218813906	MS4A1;LST1	CD8A;CD8B		0.0	0.0	0.0	0.0	0.0	0.6521830265848672
vaccination_study_10	T_NK_lineage	2	CD4 T Effector Memory	4	978	0.7417755888110122	0.9969325153374233	1.0	0.0	0.41802147239263804	0.41802147239263804	0.5819785276073619	0.5819785276073619	0.0	1.0	0.3663940013633265	0.9969325153374233	0.05930470347648262	0.9969325153374233	1.57465769588729	0.0	0.0	1.0	0.7868098159509203	FOXP3	NKG7;GNLY;GZMB;PRF1		0.0	0.0	0.0	0.0	0.0	0.5819785276073619
vaccination_study_10	T_NK_lineage	2	CD8 Naive / T Central Memory	5	978	0.874376460188167	0.874376460188167	1.0	0.5	0.0	0.5	0.5	0.5	0.0	0.7525562372188139	0.39297886843899116	0.5378323108384458	0.5378323108384458	0.5378323108384458	1.9827831845045818	1.0	0.7868098159509203	0.0	0.0	NKG7;GNLY;GZMB;PRF1			0.0	0.0	0.0	0.0	0.0	0.5
vaccination_study_10	T_NK_lineage	2	Treg	6	978	0.3241565111237398	0.3241565111237398	0.0081799591002045	0.5	0.0	0.5	0.0	0.0	0.0	0.2034764826175869	0.03612815269256987	0.0081799591002045	0.0	0.006134969325153374	0.2007882922522472	1.0	0.7650817995910021	0.0	0.0	NKG7;GNLY;GZMB;CD8A			0.0	0.0	0.0	0.0	0.0	0.0
vaccination_study_10	T_NK_lineage	2	CD4 Naive / T Central Memory	7	978	0.11283702721475028	0.26380368098159507	0.18172290388548057	0.5	0.2871932515337423	0.6	0.0	0.0	0.0	0.26380368098159507	0.13752556237218813	0.26380368098159507	0.0	0.13752556237218813	0.39028992193849926	1.0	0.6294478527607362	0.7044989775051125	0.5056237218813906	NKG7;GNLY;GZMB;PRF1;FOXP3	CD8A;CD8B		0.0	0.0	0.0	0.0	0.0	0.0
vaccination_study_10	T_NK_lineage	2	gdT Cell	8	978	0.5000105238786807	0.5000105238786807	0.0	0.06062372188139059	0.4361963190184049	0.4968200408997955	0.0	0.0	0.0	0.0	0.0	0.0	0.0	0.0	1.0	0.12372188139059305	0.06186094069529652	1.0	0.9079754601226994	MS4A1;LST1	NKG7;GNLY		0.0	0.0	0.0	0.0	0.0	0.0
vaccination_study_10	T_NK_lineage	2	MAIT Cell	9	978	0.19669129254277956	0.29754601226993865	0.29754601226993865	0.06062372188139059	0.4261247443762781	0.4867484662576687	0.0	0.0	0.0	0.4294478527607362	0.1550783912747103	0.29754601226993865	0.0	0.29754601226993865	0.5749893499390568	0.12372188139059305	0.06186094069529652	1.0	0.8408316291751875	MS4A1;LST1	NKG7;GNLY;GZMB		0.0	0.0	0.0	0.0	0.0	0.0
vaccination_study_10	T_NK_lineage	20	CD8 Naive / T Central Memory	1	259	0.9312159289427712	0.9312159289427712	1.0	0.13758687258687258	0.0	0.13758687258687258	0.8624131274131275	0.8624131274131275	0.0	1.0	0.7091377091377091	0.5444015444015444	0.5444015444015444	0.5444015444015444	2.0065593758432416	0.30115830115830117	0.10521235521235521	0.0	0.0	NKG7;GNLY;GZMB;PRF1			0.0	0.0	0.0	0.0	0.0	0.8624131274131275
vaccination_study_10	T_NK_lineage	20	CD8 Cytotoxic / T Effector Memory	2	259	0.7269474437498684	0.7269474437498684	0.6525096525096525	0.011583011583011584	0.02750965250965251	0.0390926640926641	0.6134169884169884	0.6134169884169884	0.0	0.9536679536679536	0.24839124839124838	0.6525096525096525	0.1583011583011583	0.5444015444015444	0.8824836223217668	0.019305019305019305	0.019305019305019305	0.07335907335907337	0.03667953667953668	MS4A1	KLRD1;FCGR3A		0.0	0.0	0.0	0.0	0.0	0.6134169884169884
vaccination_study_10	T_NK_lineage	20	CD4 Naive / T Central Memory	3	259	0.8196207194123466	0.9613899613899614	0.886100386100386	0.13295752895752896	0.36920849420849416	0.5021660231660231	0.3839343629343629	0.3839343629343629	0.0	0.9613899613899614	0.8455598455598455	0.9613899613899614	0.0	0.8455598455598455	1.3846552787148771	0.30115830115830117	0.08416988416988416	0.9073359073359073	0.6467181467181466	NKG7;GNLY;GZMB;PRF1;FOXP3	CD8A;CD8B		0.0	0.0	0.0	0.0	0.0	0.3839343629343629
vaccination_study_10	T_NK_lineage	20	CD4 T Effector Memory	4	259	0.6968701984803519	0.6968701984803519	0.3552123552123552	0.0	0.10612934362934362	0.10612934362934362	0.2490830115830116	0.2490830115830116	0.0	0.9613899613899614	0.35585585585585594	0.3552123552123552	0.06177606177606178	0.33976833976833976	0.5711251121685617	0.0	0.0	0.30115830115830117	0.10521235521235521	FOXP3	NKG7;GNLY;GZMB;PRF1		0.0	0.0	0.0	0.0	0.0	0.2490830115830116
vaccination_study_10	T_NK_lineage	20	NK Cell	5	259	0.4161562585506514	0.4161562585506514	0.2702702702702703	0.0822007722007722	0.36920849420849416	0.4514092664092664	0.0	0.0	0.0	0.4015444015444015	0.07818532818532818	0.2702702702702703	0.08108108108108109	0.15444015444015444	0.42501130510082424	0.16602316602316602	0.08687258687258687	0.9073359073359073	0.6467181467181466	MS4A1;LST1	CD8A;CD8B		0.0	0.0	0.0	0.0	0.0	0.0
vaccination_study_10	T_NK_lineage	20	Treg	6	259	0.4757214118835638	0.4757214118835638	0.05791505791505792	0.2982625482625483	0.0	0.2982625482625483	0.0	0.0	0.0	0.138996138996139	0.023809523809523808	0.05791505791505792	0.0	0.05405405405405406	0.7500868633320276	0.6563706563706564	0.222007722007722	0.0	0.0	NKG7;GNLY;GZMB;CD8A			0.0	0.0	0.0	0.0	0.0	0.0
vaccination_study_10	T_NK_lineage	20	gdT Cell	7	259	0.5000105238786807	0.5000105238786807	0.0	0.0822007722007722	0.09584942084942086	0.17805019305019304	0.0	0.0	0.0	0.0	0.0	0.0	0.0	0.0	1.0	0.16602316602316602	0.08687258687258687	0.24324324324324326	0.1525096525096525	MS4A1;LST1	NKG7;GNLY		0.0	0.0	0.0	0.0	0.0	0.0
vaccination_study_10	T_NK_lineage	20	MAIT Cell	8	259	0.6736545221106691	0.6736545221106691	0.12355212355212356	0.0822007722007722	0.09478764478764477	0.17698841698841697	0.0	0.0	0.0	0.8494208494208494	0.32046332046332043	0.12355212355212356	0.003861003861003861	0.12355212355212356	0.24968962574879772	0.16602316602316602	0.08687258687258687	0.25868725868725867	0.11454311454311454	MS4A1;LST1	NKG7;GNLY;GZMB		0.0	0.0	0.0	0.0	0.0	0.0
vaccination_study_10	T_NK_lineage	20	NKT Cell	9	259	0.4887920692050262	0.4887920692050262	0.17374517374517376	0.0822007722007722	0.36920849420849416	0.4514092664092664	0.0	0.0	0.0	0.2857142857142857	0.09942084942084943	0.17374517374517376	0.0	0.15057915057915058	0.2957892681055809	0.16602316602316602	0.08687258687258687	0.9073359073359073	0.6467181467181466	MS4A1;LST1	CD8A;CD8B		0.0	0.0	0.0	0.0	0.0	0.0
vaccination_study_10	T_NK_lineage	21	NK Cell	1	257	0.808907410915367	0.9494163424124513	1.0	0.13961089494163423	0.2463035019455253	0.38591439688715956	0.6140856031128404	0.6140856031128404	0.0	0.9649805447470817	0.6405642023346304	0.9494163424124513	0.8249027237354085	0.8949416342412452	1.4548913498051768	0.2840466926070039	0.14396887159533073	0.5992217898832685	0.44357976653696496	MS4A1;LST1	CD8A;CD8B		0.0	0.0	0.0	0.0	0.0	0.6140856031128404
vaccination_study_10	T_NK_lineage	21	NKT Cell	2	257	0.8479510008208625	0.8949416342412452	1.0	0.13961089494163423	0.2463035019455253	0.38591439688715956	0.6140856031128404	0.6140856031128404	0.0	0.9494163424124513	0.7042801556420234	0.8949416342412452	0.33852140077821014	0.8949416342412452	1.4567567583663779	0.2840466926070039	0.14396887159533073	0.5992217898832685	0.44357976653696496	MS4A1;LST1	CD8A;CD8B		0.0	0.0	0.0	0.0	0.0	0.6140856031128404
vaccination_study_10	T_NK_lineage	21	CD8 Cytotoxic / T Effector Memory	3	257	0.8783018669360779	0.9610894941634242	1.0	0.1517509727626459	0.30817120622568095	0.4599221789883269	0.5400778210116731	0.5400778210116731	0.0	0.9922178988326849	0.7414613056636403	0.9610894941634242	0.8521400778210116	0.8949416342412452	1.29352164328725	0.2529182879377432	0.2529182879377432	0.7937743190661478	0.4669260700389105	MS4A1	KLRD1;FCGR3A		0.0	0.0	0.0	0.0	0.0	0.5400778210116731
vaccination_study_10	T_NK_lineage	21	CD8 Naive / T Central Memory	4	257	0.8524973164109364	0.8524973164109364	1.0	0.5	0.0	0.5	0.5	0.5	0.0	0.8638132295719845	0.5252918287937743	0.45136186770428016	0.45136186770428016	0.45136186770428016	1.6698185469484663	0.9610894941634242	0.8151750972762646	0.0	0.0	NKG7;GNLY;GZMB;PRF1			0.0	0.0	0.0	0.0	0.0	0.5
vaccination_study_10	T_NK_lineage	21	CD4 T Effector Memory	5	257	0.8764286165309086	0.933852140077821	1.0	0.1587548638132296	0.4106031128404669	0.5693579766536965	0.4306420233463035	0.4306420233463035	0.0	1.0	0.5894941634241245	0.933852140077821	0.5797665369649806	0.9027237354085603	1.476011563352077	0.26459143968871596	0.26459143968871596	0.9610894941634242	0.8151750972762646	FOXP3	NKG7;GNLY;GZMB;PRF1		0.0	0.0	0.0	0.0	0.0	0.4306420233463035
vaccination_study_10	T_NK_lineage	21	MAIT Cell	6	257	0.8264401927974574	0.8264401927974574	0.7139089563111417	0.13961089494163423	0.40622568093385214	0.5458365758754864	0.1680723804356553	0.1680723804356553	0.0	0.8988326848249028	0.49027237354085607	0.6536964980544747	0.12840466926070038	0.6498054474708171	1.240849833026668	0.2840466926070039	0.14396887159533073	0.9455252918287937	0.8171206225680935	MS4A1;LST1	NKG7;GNLY;GZMB		0.0	0.0	0.0	0.0	0.0	0.1680723804356553
vaccination_study_10	T_NK_lineage	21	CD4 Naive / T Central Memory	7	257	0.7039211971964388	0.8443579766536965	0.7507782101167315	0.5	0.2463035019455253	0.6	0.15077821011673154	0.15077821011673154	0.0	0.8443579766536965	0.7003891050583657	0.8443579766536965	0.0	0.7003891050583657	1.2178335470885049	0.9844357976653697	0.7050583657587548	0.5992217898832685	0.44357976653696496	NKG7;GNLY;GZMB;PRF1;FOXP3	CD8A;CD8B		0.0	0.0	0.0	0.0	0.0	0.15077821011673154
vaccination_study_10	T_NK_lineage	21	Treg	8	257	0.8956662667592769	0.8956662667592769	0.5651750972762646	0.5	0.0	0.5	0.06517509727626458	0.06517509727626458	0.0	0.688715953307393	0.25421530479896237	0.3151750972762646	0.054474708171206226	0.26459143968871596	3.5913916035336455	0.9688715953307393	0.7256809338521402	0.0	0.0	NKG7;GNLY;GZMB;CD8A			0.0	0.0	0.0	0.0	0.0	0.06517509727626458
vaccination_study_10	T_NK_lineage	21	gdT Cell	9	257	0.5000105238786807	0.5000105238786807	0.0	0.13961089494163423	0.4053501945525292	0.5449610894941634	0.0	0.0	0.0	0.0	0.0	0.0	0.0	0.0	1.0	0.2840466926070039	0.14396887159533073	0.9260700389105059	0.850194552529183	MS4A1;LST1	NKG7;GNLY		0.0	0.0	0.0	0.0	0.0	0.0
vaccination_study_10	T_NK_lineage	22	NK Cell	1	247	0.9005703942244954	0.9919028340080972	1.0	0.09765182186234819	0.028846153846153848	0.12649797570850205	0.8735020242914979	0.8735020242914979	0.0	1.0	0.6654858299595141	0.9919028340080972	0.9838056680161943	0.9838056680161943	1.5193193008140642	0.19838056680161945	0.10121457489878542	0.07692307692307693	0.038461538461538464	MS4A1;LST1	CD8A;CD8B		0.0	0.0	0.0	0.0	0.0	0.8735020242914979
vaccination_study_10	T_NK_lineage	22	NKT Cell	2	247	0.9482225168908253	0.979757085020243	1.0	0.09765182186234819	0.028846153846153848	0.12649797570850205	0.8735020242914979	0.8735020242914979	0.0	0.9919028340080972	0.7368421052631579	0.979757085020243	0.12550607287449392	0.9757085020242915	1.593290957325841	0.19838056680161945	0.10121457489878542	0.07692307692307693	0.038461538461538464	MS4A1;LST1	CD8A;CD8B		0.0	0.0	0.0	0.0	0.0	0.8735020242914979
vaccination_study_10	T_NK_lineage	22	CD8 Cytotoxic / T Effector Memory	3	247	0.8298288817326513	0.9919028340080972	1.0	0.014574898785425103	0.34342105263157896	0.3579959514170041	0.6420040485829959	0.6420040485829959	0.0	0.9919028340080972	0.5132703553756186	0.9919028340080972	0.9676113360323887	0.9838056680161943	1.3345659777493242	0.024291497975708502	0.024291497975708502	0.8825910931174089	0.5242914979757085	MS4A1	KLRD1;FCGR3A		0.0	0.0	0.0	0.0	0.0	0.6420040485829959
vaccination_study_10	T_NK_lineage	22	CD4 T Effector Memory	4	247	0.8684515164909179	0.8684515164909179	0.8689254013618093	0.01700404858299595	0.4135627530364372	0.43056680161943317	0.4383585997423761	0.4383585997423761	0.0	0.9878542510121457	0.4959514170040486	0.8016194331983806	0.3643724696356275	0.5870445344129555	1.2692238726537146	0.02834008097165992	0.02834008097165992	0.9919028340080972	0.7732793522267206	FOXP3	NKG7;GNLY;GZMB;PRF1		0.0	0.0	0.0	0.0	0.0	0.4383585997423761
vaccination_study_10	T_NK_lineage	22	MAIT Cell	5	247	0.801288122750521	0.8016194331983806	0.9309712307133454	0.09765182186234819	0.4180161943319838	0.515668016194332	0.4153032145190134	0.4153032145190134	0.0	0.8785425101214575	0.3913630229419703	0.8016194331983806	0.012145748987854251	0.8016194331983806	1.5174071900598594	0.19838056680161945	0.10121457489878542	0.9919028340080972	0.8029689608636977	MS4A1;LST1	NKG7;GNLY;GZMB		0.0	0.0	0.0	0.0	0.0	0.4153032145190134
vaccination_study_10	T_NK_lineage	22	CD8 Naive / T Central Memory	6	247	0.37081938919408136	0.37081938919408136	0.13765182186234817	0.5	0.0	0.5	0.0	0.0	0.0	0.41295546558704455	0.14574898785425103	0.06882591093117409	0.06882591093117409	0.06882591093117409	0.2852965909556925	0.9919028340080972	0.7732793522267206	0.0	0.0	NKG7;GNLY;GZMB;PRF1			0.0	0.0	0.0	0.0	0.0	0.0
vaccination_study_10	T_NK_lineage	22	Treg	7	247	0.7010166066805582	0.7010166066805582	0.03643724696356275	0.5	0.0	0.5	0.0	0.0	0.0	0.39271255060728744	0.07624831309041835	0.03643724696356275	0.012145748987854251	0.02834008097165992	0.512875494566142	0.9919028340080972	0.6194331983805668	0.0	0.0	NKG7;GNLY;GZMB;CD8A			0.0	0.0	0.0	0.0	0.0	0.0
vaccination_study_10	T_NK_lineage	22	CD4 Naive / T Central Memory	8	247	0.3188945717833765	0.4817813765182186	0.3686234817813765	0.5	0.028846153846153848	0.5288461538461539	0.0	0.0	0.0	0.4817813765182186	0.3076923076923077	0.4817813765182186	0.0	0.3076923076923077	0.7010034137013854	0.9919028340080972	0.6242914979757085	0.07692307692307693	0.038461538461538464	NKG7;GNLY;GZMB;PRF1;FOXP3	CD8A;CD8B		0.0	0.0	0.0	0.0	0.0	0.0
vaccination_study_10	T_NK_lineage	22	gdT Cell	9	247	0.5000105238786807	0.5000105238786807	0.0	0.09765182186234819	0.4445344129554656	0.5421862348178138	0.0	0.0	0.0	0.0	0.0	0.0	0.0	0.0	1.0	0.19838056680161945	0.10121457489878542	0.9919028340080972	0.9797570850202428	MS4A1;LST1	NKG7;GNLY		0.0	0.0	0.0	0.0	0.0	0.0
vaccination_study_10	T_NK_lineage	23	NK Cell	1	202	0.8392372292732209	1.0	1.0	0.04366336633663366	0.02042079207920792	0.06408415841584159	0.9359158415841584	0.9359158415841584	0.0	1.0	0.504950495049505	1.0	0.8663366336633663	0.9801980198019802	1.5315981168387465	0.0891089108910891	0.04455445544554456	0.054455445544554455	0.02722772277227723	MS4A1;LST1	CD8A;CD8B		0.0	0.0	0.0	0.0	0.0	0.9359158415841584
vaccination_study_10	T_NK_lineage	23	NKT Cell	2	202	0.8060133442781672	0.9801980198019802	1.0	0.04366336633663366	0.02042079207920792	0.06408415841584159	0.9359158415841584	0.9359158415841584	0.0	1.0	0.5173267326732673	0.9801980198019802	0.0	0.9801980198019802	1.5940007652283505	0.0891089108910891	0.04455445544554456	0.054455445544554455	0.02722772277227723	MS4A1;LST1	CD8A;CD8B		0.0	0.0	0.0	0.0	0.0	0.9359158415841584
vaccination_study_10	T_NK_lineage	23	CD8 Cytotoxic / T Effector Memory	3	202	0.8539285639115153	1.0	1.0	0.011881188118811881	0.09245049504950495	0.10433168316831683	0.8956683168316831	0.8956683168316831	0.0	1.0	0.6056105610561056	1.0	0.8564356435643564	0.9801980198019802	1.3453516566417099	0.019801980198019802	0.019801980198019802	0.24257425742574257	0.1311881188118812	MS4A1	KLRD1;FCGR3A		0.0	0.0	0.0	0.0	0.0	0.8956683168316831
vaccination_study_10	T_NK_lineage	23	CD4 T Effector Memory	4	202	0.8739660289196186	0.995049504950495	1.0	0.0801980198019802	0.4030321782178218	0.483230198019802	0.5167698019801981	0.5167698019801981	0.0	1.0	0.5247524752475248	0.995049504950495	0.1188118811881188	0.995049504950495	1.5717130131483295	0.13366336633663367	0.13366336633663367	1.0	0.6868811881188118	FOXP3	NKG7;GNLY;GZMB;PRF1		0.0	0.0	0.0	0.0	0.0	0.5167698019801981
vaccination_study_10	T_NK_lineage	23	CD4 Naive / T Central Memory	5	202	0.5918313653680201	0.7970297029702971	0.6039603960396039	0.5	0.02042079207920792	0.5204207920792079	0.08353960396039606	0.08353960396039606	0.0	0.7970297029702971	0.5	0.7970297029702971	0.0	0.5	1.150370070428308	1.0	0.5762376237623762	0.054455445544554455	0.02722772277227723	NKG7;GNLY;GZMB;PRF1;FOXP3	CD8A;CD8B		0.0	0.0	0.0	0.0	0.0	0.08353960396039606
vaccination_study_10	T_NK_lineage	23	MAIT Cell	6	202	0.8458357012060365	0.8458357012060365	0.5	0.04366336633663366	0.4146039603960396	0.45826732673267323	0.04173267326732677	0.04173267326732677	0.0	0.8366336633663366	0.4158415841584158	0.5	0.0	0.5	0.9534981978941511	0.0891089108910891	0.04455445544554456	1.0	0.764026402640264	MS4A1;LST1	NKG7;GNLY;GZMB		0.0	0.0	0.0	0.0	0.0	0.04173267326732677
vaccination_study_10	T_NK_lineage	23	Treg	7	202	0.5343078444991687	0.5343078444991687	0.3361935908994129	0.5	0.0	0.5	0.0	0.0	0.0	0.18811881188118812	0.039603960396039604	0.1485148514851485	0.039603960396039604	0.13366336633663367	1.7507149576570578	1.0	0.5816831683168316	0.0	0.0	NKG7;GNLY;GZMB;CD8A			0.0	0.0	0.0	0.0	0.0	0.0
vaccination_study_10	T_NK_lineage	23	CD8 Naive / T Central Memory	8	202	0.6966491970280566	0.6966491970280566	0.06930693069306931	0.5	0.0	0.5	0.0	0.0	0.0	0.7623762376237624	0.26732673267326734	0.034653465346534656	0.034653465346534656	0.034653465346534656	0.16161540396086024	1.0	0.6868811881188118	0.0	0.0	NKG7;GNLY;GZMB;PRF1			0.0	0.0	0.0	0.0	0.0	0.0
vaccination_study_10	T_NK_lineage	23	gdT Cell	9	202	0.5000105238786807	0.5000105238786807	0.0	0.04366336633663366	0.43923267326732673	0.4828960396039604	0.0	0.0	0.0	0.0	0.0	0.0	0.0	0.0	1.0	0.0891089108910891	0.04455445544554456	1.0	0.9282178217821782	MS4A1;LST1	NKG7;GNLY		0.0	0.0	0.0	0.0	0.0	0.0
vaccination_study_10	T_NK_lineage	24	CD8 Naive / T Central Memory	1	49	0.5013575803498137	0.6530612244897959	1.0	0.5	0.0	0.5	0.5	0.5	0.0	0.7755102040816326	0.32653061224489793	0.6530612244897959	0.6530612244897959	0.6530612244897959	2.3998340736844344	1.0	0.9438775510204083	0.0	0.0	NKG7;GNLY;GZMB;PRF1			0.0	0.0	0.0	0.0	0.0	0.5
vaccination_study_10	T_NK_lineage	24	NK Cell	2	49	0.8623897623708194	1.0	1.0	0.40224489795918367	0.26632653061224487	0.6	0.4	0.4	0.0	1.0	0.7602040816326532	1.0	0.9387755102040817	0.9795918367346939	1.5315981168387465	0.8163265306122449	0.4183673469387755	0.6938775510204082	0.3877551020408163	MS4A1;LST1	CD8A;CD8B		0.0	0.0	0.0	0.0	0.0	0.4
vaccination_study_10	T_NK_lineage	24	CD4 T Effector Memory	3	49	0.7612131927343142	0.9591836734693877	1.0	0.31836734693877555	0.4415816326530612	0.6	0.4	0.4	0.0	1.0	0.5544217687074829	0.9591836734693877	0.7959183673469388	0.9591836734693877	1.5156254335927153	0.5306122448979592	0.5306122448979592	1.0	0.9438775510204083	FOXP3	NKG7;GNLY;GZMB;PRF1		0.0	0.0	0.0	0.0	0.0	0.4
vaccination_study_10	T_NK_lineage	24	MAIT Cell	4	49	0.6327166340426428	0.9183673469387755	1.0	0.40224489795918367	0.4418367346938775	0.6	0.4	0.4	0.0	1.0	0.54421768707483	0.9183673469387755	0.5102040816326531	0.9183673469387755	1.7356795927252875	0.8163265306122449	0.4183673469387755	1.0	0.9455782312925171	MS4A1;LST1	NKG7;GNLY;GZMB		0.0	0.0	0.0	0.0	0.0	0.4
vaccination_study_10	T_NK_lineage	24	CD8 Cytotoxic / T Effector Memory	5	49	0.8909515691103113	1.0	1.0	0.39183673469387753	0.3596938775510204	0.6	0.4	0.4	0.0	1.0	0.8231292517006804	1.0	0.9387755102040817	0.9795918367346939	1.3453516566417099	0.6530612244897959	0.6530612244897959	0.9387755102040817	0.5204081632653061	MS4A1	KLRD1;FCGR3A		0.0	0.0	0.0	0.0	0.0	0.4
vaccination_study_10	T_NK_lineage	24	NKT Cell	6	49	0.8969501799583255	0.9795918367346939	1.0	0.40224489795918367	0.26632653061224487	0.6	0.4	0.4	0.0	1.0	0.9081632653061225	0.9795918367346939	0.8163265306122449	0.9795918367346939	1.593024943974622	0.8163265306122449	0.4183673469387755	0.6938775510204082	0.3877551020408163	MS4A1;LST1	CD8A;CD8B		0.0	0.0	0.0	0.0	0.0	0.4
vaccination_study_10	T_NK_lineage	24	Treg	7	49	0.9115783713245353	0.9115783713245353	0.7806122448979592	0.5	0.0	0.5	0.2806122448979592	0.2806122448979592	0.0	0.9387755102040817	0.49659863945578236	0.5306122448979592	0.061224489795918366	0.5306122448979592	5.970784027918624	1.0	0.8724489795918368	0.0	0.0	NKG7;GNLY;GZMB;CD8A			0.0	0.0	0.0	0.0	0.0	0.2806122448979592
vaccination_study_10	T_NK_lineage	24	CD4 Naive / T Central Memory	8	49	0.27351560691208354	0.27351560691208354	0.19183673469387755	0.5	0.26632653061224487	0.6	0.0	0.0	0.0	0.24489795918367346	0.163265306122449	0.24489795918367346	0.0	0.163265306122449	0.3633410048960078	1.0	0.8612244897959185	0.6938775510204082	0.3877551020408163	NKG7;GNLY;GZMB;PRF1;FOXP3	CD8A;CD8B		0.0	0.0	0.0	0.0	0.0	0.0
vaccination_study_10	T_NK_lineage	24	gdT Cell	9	49	0.5000105238786807	0.5000105238786807	0.0	0.40224489795918367	0.44234693877551023	0.6	0.0	0.0	0.0	0.0	0.0	0.0	0.0	0.0	1.0	0.8163265306122449	0.4183673469387755	1.0	0.9489795918367347	MS4A1;LST1	NKG7;GNLY		0.0	0.0	0.0	0.0	0.0	0.0
vaccination_study_10	T_NK_lineage	25	NK Cell	1	38	0.9725011050072615	1.0	1.0	0.038684210526315786	0.049342105263157895	0.08802631578947367	0.9119736842105264	0.9119736842105264	0.0	1.0	0.9013157894736843	1.0	1.0	1.0	1.5315981168387465	0.07894736842105263	0.039473684210526314	0.13157894736842105	0.06578947368421052	MS4A1;LST1	CD8A;CD8B		0.0	0.0	0.0	0.0	0.0	0.9119736842105264
vaccination_study_10	T_NK_lineage	25	NKT Cell	2	38	0.9761949864241966	1.0	1.0	0.038684210526315786	0.049342105263157895	0.08802631578947367	0.9119736842105264	0.9119736842105264	0.0	1.0	0.7763157894736843	1.0	0.21052631578947367	1.0	1.6258775928501554	0.07894736842105263	0.039473684210526314	0.13157894736842105	0.06578947368421052	MS4A1;LST1	CD8A;CD8B		0.0	0.0	0.0	0.0	0.0	0.9119736842105264
vaccination_study_10	T_NK_lineage	25	CD8 Cytotoxic / T Effector Memory	3	38	0.9750057881332743	1.0	1.0	0.015789473684210527	0.4105263157894737	0.4263157894736842	0.5736842105263158	0.5736842105263158	0.0	1.0	0.7543859649122807	1.0	1.0	1.0	1.3453516566417099	0.02631578947368421	0.02631578947368421	0.9736842105263158	0.7894736842105263	MS4A1	KLRD1;FCGR3A		0.0	0.0	0.0	0.0	0.0	0.5736842105263158
vaccination_study_10	T_NK_lineage	25	CD4 T Effector Memory	4	38	0.7989202500473574	0.8947368421052632	0.9984474457141892	0.031578947368421054	0.44901315789473684	0.4805921052631579	0.5178553404510313	0.5178553404510313	0.0	1.0	0.4298245614035088	0.8947368421052632	0.10526315789473684	0.8947368421052632	1.4148424144357041	0.05263157894736842	0.05263157894736842	1.0	0.993421052631579	FOXP3	NKG7;GNLY;GZMB;PRF1		0.0	0.0	0.0	0.0	0.0	0.5178553404510313
vaccination_study_10	T_NK_lineage	25	MAIT Cell	5	38	0.7098145692576456	0.9210526315789473	1.0	0.038684210526315786	0.44999999999999996	0.4886842105263157	0.5113157894736843	0.5113157894736843	0.0	0.9210526315789473	0.3157894736842105	0.9210526315789473	0.0	0.9210526315789473	1.7407000124610457	0.07894736842105263	0.039473684210526314	1.0	1.0	MS4A1;LST1	NKG7;GNLY;GZMB		0.0	0.0	0.0	0.0	0.0	0.5113157894736843
vaccination_study_10	T_NK_lineage	25	CD8 Naive / T Central Memory	6	38	0.36495758876891665	0.36495758876891665	0.2631578947368421	0.5	0.0	0.5	0.0	0.0	0.0	0.15789473684210525	0.05263157894736842	0.13157894736842105	0.13157894736842105	0.13157894736842105	0.5124202252552936	1.0	0.993421052631579	0.0	0.0	NKG7;GNLY;GZMB;PRF1			0.0	0.0	0.0	0.0	0.0	0.0
vaccination_study_10	T_NK_lineage	25	Treg	7	38	0.8662099303319231	0.8662099303319231	0.05263157894736842	0.5	0.0	0.5	0.0	0.0	0.0	0.42105263157894735	0.09649122807017545	0.05263157894736842	0.0	0.05263157894736842	0.6917335571872899	1.0	0.7828947368421053	0.0	0.0	NKG7;GNLY;GZMB;CD8A			0.0	0.0	0.0	0.0	0.0	0.0
vaccination_study_10	T_NK_lineage	25	CD4 Naive / T Central Memory	8	38	0.12771779166929764	0.12771779166929764	0.035526315789473684	0.5	0.049342105263157895	0.5493421052631579	0.0	0.0	0.0	0.05263157894736842	0.02631578947368421	0.05263157894736842	0.0	0.02631578947368421	0.08927737556565762	1.0	0.8052631578947368	0.13157894736842105	0.06578947368421052	NKG7;GNLY;GZMB;PRF1;FOXP3	CD8A;CD8B		0.0	0.0	0.0	0.0	0.0	0.0
vaccination_study_10	T_NK_lineage	25	gdT Cell	9	38	0.5000105238786807	0.5000105238786807	0.0	0.038684210526315786	0.44999999999999996	0.4886842105263157	0.0	0.0	0.0	0.0	0.0	0.0	0.0	0.0	1.0	0.07894736842105263	0.039473684210526314	1.0	1.0	MS4A1;LST1	NKG7;GNLY		0.0	0.0	0.0	0.0	0.0	0.0
vaccination_study_10	T_NK_lineage	3	NK Cell	1	841	0.9450443055292459	1.0	1.0	0.030297265160523185	0.041200951248513674	0.07149821640903686	0.9285017835909631	0.9285017835909631	0.0	1.0	0.8085612366230677	1.0	0.9940546967895363	1.0	1.5315981168387465	0.06183115338882283	0.030915576694411414	0.10939357907253269	0.0558858501783591	MS4A1;LST1	CD8A;CD8B		0.0	0.0	0.0	0.0	0.0	0.9285017835909631
vaccination_study_10	T_NK_lineage	3	NKT Cell	2	841	0.9432131506387994	1.0	1.0	0.030297265160523185	0.041200951248513674	0.07149821640903686	0.9285017835909631	0.9285017835909631	0.0	1.0	0.7190844233055886	1.0	0.13555291319857313	1.0	1.6258775928501554	0.06183115338882283	0.030915576694411414	0.10939357907253269	0.0558858501783591	MS4A1;LST1	CD8A;CD8B		0.0	0.0	0.0	0.0	0.0	0.9285017835909631
vaccination_study_10	T_NK_lineage	3	CD8 Cytotoxic / T Effector Memory	3	841	0.9176611732019954	1.0	1.0	0.004280618311533889	0.36617122473246133	0.3704518430439952	0.6295481569560049	0.6295481569560049	0.0	1.0	0.6697053771964593	1.0	0.9785969084423306	1.0	1.3453516566417099	0.007134363852556481	0.007134363852556481	0.8906064209274673	0.6599286563614744	MS4A1	KLRD1;FCGR3A		0.0	0.0	0.0	0.0	0.0	0.6295481569560049
vaccination_study_10	T_NK_lineage	3	MAIT Cell	4	841	0.7281471659194713	0.8394768133174791	0.9865231910876177	0.030297265160523185	0.44292508917954815	0.4732223543400713	0.5133008367475463	0.5133008367475463	0.0	0.8501783590963139	0.2968688069758224	0.8394768133174791	0.005945303210463734	0.8394768133174791	1.588185511080554	0.06183115338882283	0.030915576694411414	1.0	0.9528339278636544	MS4A1;LST1	NKG7;GNLY;GZMB		0.0	0.0	0.0	0.0	0.0	0.5133008367475463
vaccination_study_10	T_NK_lineage	3	CD4 T Effector Memory	5	841	0.7419334469912231	0.797859690844233	0.8636957722122869	0.0	0.4412604042806183	0.4412604042806183	0.4224353679316686	0.4224353679316686	0.0	0.9881093935790726	0.3779231074118113	0.797859690844233	0.05112960760998811	0.7871581450653984	1.2633443254722156	0.0	0.0	1.0	0.9417360285374554	FOXP3	NKG7;GNLY;GZMB;PRF1		0.0	0.0	0.0	0.0	0.0	0.4224353679316686
vaccination_study_10	T_NK_lineage	3	CD8 Naive / T Central Memory	6	841	0.20380543453095074	0.20380543453095074	0.19500594530321047	0.5	0.0	0.5	0.0	0.0	0.0	0.14625445897740785	0.05231866825208086	0.09750297265160524	0.09750297265160524	0.09750297265160524	0.3890881976852176	1.0	0.9417360285374554	0.0	0.0	NKG7;GNLY;GZMB;PRF1			0.0	0.0	0.0	0.0	0.0	0.0
vaccination_study_10	T_NK_lineage	3	Treg	7	841	0.3238828902780409	0.3238828902780409	0.0023781212841854932	0.5	0.0	0.5	0.0	0.0	0.0	0.2615933412604043	0.046175188267935006	0.0023781212841854932	0.0	0.0023781212841854932	0.13670997939235413	1.0	0.739001189060642	0.0	0.0	NKG7;GNLY;GZMB;CD8A			0.0	0.0	0.0	0.0	0.0	0.0
vaccination_study_10	T_NK_lineage	3	CD4 Naive / T Central Memory	8	841	0.12885437056681612	0.17954815695600476	0.1239001189060642	0.5	0.041200951248513674	0.5412009512485136	0.0	0.0	0.0	0.17954815695600476	0.09393579072532698	0.17954815695600476	0.0	0.09393579072532698	0.2701889730507981	1.0	0.7533888228299643	0.10939357907253269	0.0558858501783591	NKG7;GNLY;GZMB;PRF1;FOXP3	CD8A;CD8B		0.0	0.0	0.0	0.0	0.0	0.0
vaccination_study_10	T_NK_lineage	3	gdT Cell	9	841	0.5000105238786807	0.5000105238786807	0.0	0.030297265160523185	0.44794887039238995	0.4782461355529131	0.0	0.0	0.0	0.0	0.0	0.0	0.0	0.0	1.0	0.06183115338882283	0.030915576694411414	1.0	0.9863258026159334	MS4A1;LST1	NKG7;GNLY		0.0	0.0	0.0	0.0	0.0	0.0
vaccination_study_10	T_NK_lineage	4	CD8 Naive / T Central Memory	1	829	0.9410241838732083	0.9410241838732083	1.0	0.07518094089264174	0.0	0.07518094089264174	0.9248190591073583	0.9248190591073583	0.0	0.9987937273823885	0.7322074788902292	0.5404101326899879	0.5404101326899879	0.5404101326899879	1.9921131596060202	0.1700844390832328	0.04794933655006032	0.0	0.0	NKG7;GNLY;GZMB;PRF1			0.0	0.0	0.0	0.0	0.0	0.9248190591073583
vaccination_study_10	T_NK_lineage	4	CD8 Cytotoxic / T Effector Memory	2	829	0.6951863778914357	0.6951863778914357	0.6055488540410132	0.006513872135102534	0.006785283474065139	0.013299155609167673	0.5922496984318455	0.5922496984318455	0.0	0.9577804583835947	0.18402358933118887	0.6055488540410132	0.07840772014475271	0.5404101326899879	0.8199303668593892	0.010856453558504222	0.010856453558504222	0.018094089264173704	0.009047044632086852	MS4A1	KLRD1;FCGR3A		0.0	0.0	0.0	0.0	0.0	0.5922496984318455
vaccination_study_10	T_NK_lineage	4	CD4 Naive / T Central Memory	3	829	0.7359769316579319	0.9396863691194209	0.8295235223160434	0.07307117008443909	0.38775633293124245	0.46082750301568154	0.3686960193003619	0.3686960193003619	0.0	0.9396863691194209	0.770205066344994	0.9396863691194209	0.0	0.770205066344994	1.3537181733308787	0.1700844390832328	0.03835946924004825	0.9481302774427021	0.6887816646562124	NKG7;GNLY;GZMB;PRF1;FOXP3	CD8A;CD8B		0.0	0.0	0.0	0.0	0.0	0.3686960193003619
vaccination_study_10	T_NK_lineage	4	CD4 T Effector Memory	4	829	0.393235250784029	0.393235250784029	0.06875753920386007	0.0	0.05821773220747889	0.05821773220747889	0.010539806996381185	0.010539806996381185	0.0	0.8588661037394452	0.17893043827905106	0.06875753920386007	0.0048250904704463205	0.05910735826296743	0.12316234040266875	0.0	0.0	0.1700844390832328	0.04794933655006032	FOXP3	NKG7;GNLY;GZMB;PRF1		0.0	0.0	0.0	0.0	0.0	0.010539806996381185
vaccination_study_10	T_NK_lineage	4	NK Cell	5	829	0.2704531582159921	0.2704531582159921	0.14595898673100122	0.054511459589867306	0.38775633293124245	0.44226779252110976	0.0	0.0	0.0	0.2677925211097708	0.0393546441495778	0.14595898673100122	0.013268998793727383	0.08082026537997587	0.23650147562503024	0.11097708082026538	0.05609167671893848	0.9481302774427021	0.6887816646562124	MS4A1;LST1	CD8A;CD8B		0.0	0.0	0.0	0.0	0.0	0.0
vaccination_study_10	T_NK_lineage	4	Treg	6	829	0.5073351434404664	0.5073351434404664	0.006031363088057901	0.2703618817852835	0.0	0.2703618817852835	0.0	0.0	0.0	0.027744270205066344	0.004624045034177723	0.006031363088057901	0.0	0.0048250904704463205	0.17705815503680916	0.609167671893848	0.1767189384800965	0.0	0.0	NKG7;GNLY;GZMB;CD8A			0.0	0.0	0.0	0.0	0.0	0.0
vaccination_study_10	T_NK_lineage	4	gdT Cell	7	829	0.5000105238786807	0.5000105238786807	0.0	0.054511459589867306	0.053287092882991556	0.10779855247285886	0.0	0.0	0.0	0.0	0.0	0.0	0.0	0.0	1.0	0.11097708082026538	0.05609167671893848	0.1399276236429433	0.07539203860072377	MS4A1;LST1	NKG7;GNLY		0.0	0.0	0.0	0.0	0.0	0.0
vaccination_study_10	T_NK_lineage	4	MAIT Cell	8	829	0.6119424975268886	0.6119424975268886	0.04101326899879373	0.054511459589867306	0.05428226779252111	0.10879372738238842	0.0	0.0	0.0	0.8262967430639324	0.2866907921190189	0.04101326899879373	0.0	0.039806996381182146	0.09537462756674389	0.11097708082026538	0.05609167671893848	0.15319662243667068	0.0554885404101327	MS4A1;LST1	NKG7;GNLY;GZMB		0.0	0.0	0.0	0.0	0.0	0.0
vaccination_study_10	T_NK_lineage	4	NKT Cell	9	829	0.3246406095430532	0.3246406095430532	0.08082026537997587	0.054511459589867306	0.38775633293124245	0.44226779252110976	0.0	0.0	0.0	0.15319662243667068	0.042822677925211106	0.08082026537997587	0.0	0.06996381182147166	0.14620062817624502	0.11097708082026538	0.05609167671893848	0.9481302774427021	0.6887816646562124	MS4A1;LST1	CD8A;CD8B		0.0	0.0	0.0	0.0	0.0	0.0
vaccination_study_10	T_NK_lineage	5	CD8 Cytotoxic / T Effector Memory	1	800	0.7372924164930227	0.94625	1.0	0.00675	0.0549375	0.0616875	0.9383125	0.9383125	0.0	0.99625	0.42013888888888884	0.94625	0.5475	0.9175	1.2737549719441932	0.01125	0.01125	0.14625	0.07375000000000001	MS4A1	KLRD1;FCGR3A		0.0	0.0	0.0	0.0	0.0	0.9383125
vaccination_study_10	T_NK_lineage	5	NK Cell	2	800	0.5938414261960387	0.93875	1.0	0.1540125	0.130125	0.2841375	0.7158625000000001	0.7158625000000001	0.0	0.97	0.2778125	0.93875	0.4725	0.9175	1.4387165478720403	0.31375	0.158125	0.33875	0.19	MS4A1;LST1	CD8A;CD8B		0.0	0.0	0.0	0.0	0.0	0.7158625000000001
vaccination_study_10	T_NK_lineage	5	NKT Cell	3	800	0.7529098524552209	0.92375	1.0	0.1540125	0.130125	0.2841375	0.7158625000000001	0.7158625000000001	0.0	0.94375	0.41843749999999996	0.92375	0.1825	0.9175	1.503131883488943	0.31375	0.158125	0.33875	0.19	MS4A1;LST1	CD8A;CD8B		0.0	0.0	0.0	0.0	0.0	0.7158625000000001
vaccination_study_10	T_NK_lineage	5	CD4 T Effector Memory	4	800	0.9573677674643767	0.9775	1.0	0.0765	0.35648437499999996	0.432984375	0.567015625	0.567015625	0.0	1.0	0.7114583333333333	0.9775	0.75375	0.9075	1.544268807495631	0.1275	0.1275	0.95625	0.4640625	FOXP3	NKG7;GNLY;GZMB;PRF1		0.0	0.0	0.0	0.0	0.0	0.567015625
vaccination_study_10	T_NK_lineage	5	MAIT Cell	5	800	0.9807097303782282	0.99875	1.0	0.1540125	0.34812499999999996	0.5021374999999999	0.4978625000000001	0.4978625000000001	0.0	1.0	0.7179166666666666	0.99875	0.265	0.9975	1.885963347305343	0.31375	0.158125	0.93375	0.4533333333333333	MS4A1;LST1	NKG7;GNLY;GZMB		0.0	0.0	0.0	0.0	0.0	0.4978625000000001
vaccination_study_10	T_NK_lineage	5	CD4 Naive / T Central Memory	6	800	0.9344046641830313	0.9825	0.9162812499999999	0.453035	0.130125	0.58316	0.3331212499999999	0.3331212499999999	0.0	0.9825	0.880625	0.9825	0.0	0.880625	1.4147463106969653	0.9625	0.39675	0.33875	0.19	NKG7;GNLY;GZMB;PRF1;FOXP3	CD8A;CD8B		0.0	0.0	0.0	0.0	0.0	0.3331212499999999
vaccination_study_10	T_NK_lineage	5	CD8 Naive / T Central Memory	7	800	0.8284923491401991	0.8284923491401991	0.557876907040652	0.46546875	0.0	0.46546875	0.09240815704065197	0.09240815704065197	0.0	0.935	0.42333333333333334	0.275	0.275	0.275	1.0315076281626079	0.95625	0.4640625	0.0	0.0	NKG7;GNLY;GZMB;PRF1			0.0	0.0	0.0	0.0	0.0	0.09240815704065197
vaccination_study_10	T_NK_lineage	5	Treg	8	800	0.6717181284334154	0.6717181284334154	0.2900639962256686	0.4495	0.0	0.4495	0.0	0.0	0.0	0.20375	0.040625	0.13625	0.03	0.1275	1.6152559849026744	0.94625	0.40874999999999995	0.0	0.0	NKG7;GNLY;GZMB;CD8A			0.0	0.0	0.0	0.0	0.0	0.0
vaccination_study_10	T_NK_lineage	5	gdT Cell	9	800	0.5000105238786807	0.5000105238786807	0.0	0.1540125	0.38109374999999995	0.5351062499999999	0.0	0.0	0.0	0.0	0.0	0.0	0.0	0.0	1.0	0.31375	0.158125	0.93375	0.673125	MS4A1;LST1	NKG7;GNLY		0.0	0.0	0.0	0.0	0.0	0.0
vaccination_study_10	T_NK_lineage	6	CD4 Naive / T Central Memory	1	794	0.9262907537201911	0.9987405541561712	0.9795025188916877	0.06073047858942065	0.020780856423173802	0.08151133501259444	0.8979911838790933	0.8979911838790933	0.0	0.9987405541561712	0.9691435768261965	0.9987405541561712	0.0	0.9691435768261965	1.437896198934867	0.14231738035264482	0.03022670025188917	0.055415617128463476	0.027707808564231738	NKG7;GNLY;GZMB;PRF1;FOXP3	CD8A;CD8B		0.0	0.0	0.0	0.0	0.0	0.8979911838790933
vaccination_study_10	T_NK_lineage	6	CD8 Cytotoxic / T Effector Memory	2	794	0.26839573993391	0.26839573993391	0.13476070528967254	0.005289672544080605	0.009445843828715364	0.014735516372795968	0.12002518891687658	0.12002518891687658	0.0	0.24181360201511334	0.030926392387349566	0.13476070528967254	0.007556675062972292	0.07808564231738035	0.19282579671097355	0.008816120906801008	0.008816120906801008	0.02518891687657431	0.012594458438287154	MS4A1	KLRD1;FCGR3A		0.0	0.0	0.0	0.0	0.0	0.12002518891687658
vaccination_study_10	T_NK_lineage	6	NK Cell	3	794	0.2634547788933089	0.2634547788933089	0.12594458438287154	0.07158690176322419	0.020780856423173802	0.09236775818639799	0.03357682619647355	0.03357682619647355	0.0	0.22040302267002518	0.031958438287153654	0.12594458438287154	0.003778337531486146	0.07808564231738035	0.2061509598368635	0.14609571788413098	0.07304785894206549	0.055415617128463476	0.027707808564231738	MS4A1;LST1	CD8A;CD8B		0.0	0.0	0.0	0.0	0.0	0.03357682619647355
vaccination_study_10	T_NK_lineage	6	CD4 T Effector Memory	4	794	0.5413167477005325	0.5413167477005325	0.061712846347607056	0.0037783375314861464	0.04661523929471033	0.050393576826196475	0.011319269521410581	0.011319269521410581	0.0	0.9899244332493703	0.23026868178001678	0.061712846347607056	0.0012594458438287153	0.05037783375314862	0.11214573337856866	0.006297229219143577	0.006297229219143577	0.13727959697732997	0.03620906801007557	FOXP3	NKG7;GNLY;GZMB;PRF1		0.0	0.0	0.0	0.0	0.0	0.011319269521410581
vaccination_study_10	T_NK_lineage	6	MAIT Cell	5	794	0.8123802908800067	0.8123802908800067	0.12216624685138538	0.07158690176322419	0.04565491183879093	0.11724181360201512	0.004924433249370266	0.004924433249370266	0.0	0.9874055415617129	0.3698572628043661	0.12216624685138538	0.0	0.12216624685138538	0.24709858469652843	0.14609571788413098	0.07304785894206549	0.1297229219143577	0.044920235096557515	MS4A1;LST1	NKG7;GNLY;GZMB		0.0	0.0	0.0	0.0	0.0	0.004924433249370266
vaccination_study_10	T_NK_lineage	6	CD8 Naive / T Central Memory	6	794	0.7892488055397697	0.7892488055397697	0.05037783375314862	0.060132241813602015	0.0	0.060132241813602015	0.0	0.0	0.0	0.9911838790931989	0.34760705289672544	0.02518891687657431	0.02518891687657431	0.02518891687657431	0.12736012696479412	0.13727959697732997	0.03620906801007557	0.0	0.0	NKG7;GNLY;GZMB;PRF1			0.0	0.0	0.0	0.0	0.0	0.0
vaccination_study_10	T_NK_lineage	6	Treg	7	794	0.40408536970385805	0.40408536970385805	0.04408060453400504	0.06527078085642317	0.0	0.06527078085642317	0.0	0.0	0.0	0.06675062972292191	0.011544920235096559	0.04408060453400504	0.0	0.021410579345088162	0.597292445406539	0.1486146095717884	0.039987405541561716	0.0	0.0	NKG7;GNLY;GZMB;CD8A			0.0	0.0	0.0	0.0	0.0	0.0
vaccination_study_10	T_NK_lineage	6	gdT Cell	8	794	0.5000105238786807	0.5000105238786807	0.0	0.07158690176322419	0.043545340050377836	0.11513224181360202	0.0	0.0	0.0	0.0	0.0	0.0	0.0	0.0	1.0	0.14609571788413098	0.07304785894206549	0.11586901763224182	0.058564231738035266	MS4A1;LST1	NKG7;GNLY		0.0	0.0	0.0	0.0	0.0	0.0
vaccination_study_10	T_NK_lineage	6	NKT Cell	9	794	0.3034981372734735	0.3034981372734735	0.055415617128463476	0.07158690176322419	0.020780856423173802	0.09236775818639799	0.0	0.0	0.0	0.1385390428211587	0.036838790931989926	0.055415617128463476	0.0012594458438287153	0.03904282115869018	0.1053047387243897	0.14609571788413098	0.07304785894206549	0.055415617128463476	0.027707808564231738	MS4A1;LST1	CD8A;CD8B		0.0	0.0	0.0	0.0	0.0	0.0
vaccination_study_10	T_NK_lineage	7	CD4 Naive / T Central Memory	1	738	0.924522742101829	0.997289972899729	0.9739498644986451	0.10530623306233063	0.010772357723577234	0.11607859078590786	0.8578712737127372	0.8578712737127372	0.0	0.997289972899729	0.9613821138211383	0.997289972899729	0.0	0.9613821138211383	1.435828486611524	0.24119241192411925	0.06205962059620597	0.028455284552845527	0.014905149051490514	NKG7;GNLY;GZMB;PRF1;FOXP3	CD8A;CD8B		0.0	0.0	0.0	0.0	0.0	0.8578712737127372
vaccination_study_10	T_NK_lineage	7	MAIT Cell	2	738	0.921334006861569	0.921334006861569	0.7985568910375739	0.07215447154471544	0.07540650406504065	0.1475609756097561	0.6509959154278178	0.6509959154278178	0.0	0.997289972899729	0.5700090334236676	0.7113821138211383	0.012195121951219513	0.7086720867208672	1.3486991088657425	0.14634146341463414	0.07520325203252033	0.21002710027100271	0.08265582655826559	MS4A1;LST1	NKG7;GNLY;GZMB		0.0	0.0	0.0	0.0	0.0	0.6509959154278178
vaccination_study_10	T_NK_lineage	7	CD4 T Effector Memory	3	738	0.8472353770705732	0.8472353770705732	0.38482384823848237	0.002439024390243903	0.0826219512195122	0.0850609756097561	0.29976287262872625	0.29976287262872625	0.0	0.997289972899729	0.5049683830171635	0.38482384823848237	0.14498644986449866	0.3252032520325203	0.6174320539646351	0.0040650406504065045	0.0040650406504065045	0.23712737127371275	0.07655826558265583	FOXP3	NKG7;GNLY;GZMB;PRF1		0.0	0.0	0.0	0.0	0.0	0.29976287262872625
vaccination_study_10	T_NK_lineage	7	CD8 Cytotoxic / T Effector Memory	4	738	0.4598724505903896	0.4598724505903896	0.21002710027100271	0.019512195121951223	0.015752032520325202	0.03526422764227642	0.1747628726287263	0.1747628726287263	0.0	0.5094850948509485	0.0921409214092141	0.21002710027100271	0.03116531165311653	0.11653116531165311	0.2930829939165001	0.032520325203252036	0.032520325203252036	0.04200542005420054	0.02100271002710027	MS4A1	KLRD1;FCGR3A		0.0	0.0	0.0	0.0	0.0	0.1747628726287263
vaccination_study_10	T_NK_lineage	7	NK Cell	5	738	0.3812590768453621	0.3812590768453621	0.2086720867208672	0.07215447154471544	0.010772357723577234	0.08292682926829267	0.12574525745257453	0.12574525745257453	0.0	0.33875338753387535	0.06199186991869919	0.2086720867208672	0.03523035230352303	0.11653116531165311	0.33160173883849436	0.14634146341463414	0.07520325203252033	0.028455284552845527	0.014905149051490514	MS4A1;LST1	CD8A;CD8B		0.0	0.0	0.0	0.0	0.0	0.12574525745257453
vaccination_study_10	T_NK_lineage	7	NKT Cell	6	738	0.4543684620403696	0.4543684620403696	0.12330623306233063	0.07215447154471544	0.010772357723577234	0.08292682926829267	0.040379403794037955	0.040379403794037955	0.0	0.22086720867208673	0.06910569105691057	0.12330623306233063	0.005420054200542005	0.10975609756097561	0.21459368051812272	0.14634146341463414	0.07520325203252033	0.028455284552845527	0.014905149051490514	MS4A1;LST1	CD8A;CD8B		0.0	0.0	0.0	0.0	0.0	0.040379403794037955
vaccination_study_10	T_NK_lineage	7	Treg	7	738	0.525667740102292	0.525667740102292	0.07723577235772358	0.09838753387533876	0.0	0.09838753387533876	0.0	0.0	0.0	0.2046070460704607	0.03658536585365854	0.07723577235772358	0.0013550135501355014	0.04878048780487805	0.9634742112712497	0.22086720867208673	0.06571815718157183	0.0	0.0	NKG7;GNLY;GZMB;CD8A			0.0	0.0	0.0	0.0	0.0	0.0
vaccination_study_10	T_NK_lineage	7	CD8 Naive / T Central Memory	8	738	0.7740523247248006	0.7740523247248006	0.02981029810298103	0.10695121951219513	0.0	0.10695121951219513	0.0	0.0	0.0	0.989159891598916	0.33875338753387535	0.014905149051490514	0.014905149051490514	0.014905149051490514	0.0901398288671551	0.23712737127371275	0.07655826558265583	0.0	0.0	NKG7;GNLY;GZMB;PRF1			0.0	0.0	0.0	0.0	0.0	0.0
vaccination_study_10	T_NK_lineage	7	gdT Cell	9	738	0.5000105238786807	0.5000105238786807	0.0	0.07215447154471544	0.07672764227642276	0.1488821138211382	0.0	0.0	0.0	0.0	0.0	0.0	0.0	0.0	1.0	0.14634146341463414	0.07520325203252033	0.1991869918699187	0.11314363143631437	MS4A1;LST1	NKG7;GNLY		0.0	0.0	0.0	0.0	0.0	0.0
vaccination_study_10	T_NK_lineage	8	CD8 Cytotoxic / T Effector Memory	1	650	0.7819031382206225	0.8615384615384616	0.9909983676647101	0.024923076923076923	0.09276923076923077	0.1176923076923077	0.8733060599724024	0.8733060599724024	0.0	1.0	0.43282051282051287	0.8615384615384616	0.4753846153846154	0.64	1.1609165475819172	0.04153846153846154	0.04153846153846154	0.24615384615384617	0.12615384615384614	MS4A1	KLRD1;FCGR3A		0.0	0.0	0.0	0.0	0.0	0.8733060599724024
vaccination_study_10	T_NK_lineage	8	CD4 T Effector Memory	2	650	0.9033486981962072	0.9784615384615385	1.0	0.04153846153846154	0.2543076923076923	0.2958461538461538	0.7041538461538461	0.7041538461538461	0.0	0.9984615384615385	0.5464102564102563	0.9784615384615385	0.6446153846153846	0.9615384615384616	1.5457724772205539	0.06923076923076923	0.06923076923076923	0.7138461538461538	0.2676923076923077	FOXP3	NKG7;GNLY;GZMB;PRF1		0.0	0.0	0.0	0.0	0.0	0.7041538461538461
vaccination_study_10	T_NK_lineage	8	CD8 Naive / T Central Memory	3	650	0.9381090694786471	0.9381090694786471	1.0	0.33015384615384613	0.0	0.33015384615384613	0.6698461538461539	0.6698461538461539	0.0	0.9815384615384616	0.6733333333333333	0.5784615384615385	0.5784615384615385	0.5784615384615385	2.129833564222389	0.7138461538461538	0.2676923076923077	0.0	0.0	NKG7;GNLY;GZMB;PRF1			0.0	0.0	0.0	0.0	0.0	0.6698461538461539
vaccination_study_10	T_NK_lineage	8	NK Cell	4	650	0.3862579192187072	0.7338461538461538	0.7658445123730137	0.07195384615384616	0.3576923076923077	0.42964615384615384	0.3361983585268598	0.3361983585268598	0.0	0.78	0.19326923076923075	0.7338461538461538	0.2907692307692308	0.64	1.1279934341074394	0.14615384615384616	0.07461538461538461	0.8784615384615385	0.6276923076923078	MS4A1;LST1	CD8A;CD8B		0.0	0.0	0.0	0.0	0.0	0.3361983585268598
vaccination_study_10	T_NK_lineage	8	NKT Cell	5	650	0.5910525983456463	0.6430769230769231	0.655904431898283	0.07195384615384616	0.3576923076923077	0.42964615384615384	0.2262582780521291	0.2262582780521291	0.0	0.7369230769230769	0.2780769230769231	0.6430769230769231	0.004615384615384616	0.64	1.0513100352854394	0.14615384615384616	0.07461538461538461	0.8784615384615385	0.6276923076923078	MS4A1;LST1	CD8A;CD8B		0.0	0.0	0.0	0.0	0.0	0.2262582780521291
vaccination_study_10	T_NK_lineage	8	CD4 Naive / T Central Memory	6	650	0.7372713687356612	0.88	0.758	0.33019076923076923	0.3576923076923077	0.6	0.15800000000000003	0.15800000000000003	0.0	0.88	0.6923076923076923	0.88	0.0	0.6923076923076923	1.2686390090884627	0.7369230769230769	0.22799999999999998	0.8784615384615385	0.6276923076923078	NKG7;GNLY;GZMB;PRF1;FOXP3	CD8A;CD8B		0.0	0.0	0.0	0.0	0.0	0.15800000000000003
vaccination_study_10	T_NK_lineage	8	Treg	7	650	0.6004609458862158	0.6004609458862158	0.11321896390854036	0.4098	0.0	0.4098	0.0	0.0	0.0	0.19538461538461538	0.038461538461538464	0.08923076923076922	0.023076923076923078	0.06923076923076923	1.0959527787110845	0.8615384615384616	0.37461538461538463	0.0	0.0	NKG7;GNLY;GZMB;CD8A			0.0	0.0	0.0	0.0	0.0	0.0
vaccination_study_10	T_NK_lineage	8	gdT Cell	8	650	0.5000105238786807	0.5000105238786807	0.0	0.07195384615384616	0.27311538461538465	0.3450692307692308	0.0	0.0	0.0	0.0	0.0	0.0	0.0	0.0	1.0	0.14615384615384616	0.07461538461538461	0.6907692307692308	0.43923076923076926	MS4A1;LST1	NKG7;GNLY		0.0	0.0	0.0	0.0	0.0	0.0
vaccination_study_10	T_NK_lineage	8	MAIT Cell	9	650	0.6744332891330429	0.6744332891330429	0.22153846153846155	0.07195384615384616	0.25369230769230766	0.3256461538461538	0.0	0.0	0.0	0.8107692307692308	0.32871794871794874	0.22153846153846155	0.0	0.22153846153846155	0.4328853055296222	0.14615384615384616	0.07461538461538461	0.6923076923076923	0.3066666666666667	MS4A1;LST1	NKG7;GNLY;GZMB		0.0	0.0	0.0	0.0	0.0	0.0
vaccination_study_10	T_NK_lineage	9	CD4 Naive / T Central Memory	1	648	0.8980551872198017	0.9783950617283951	0.9197145061728396	0.07448148148148148	0.017013888888888887	0.09149537037037037	0.8282191358024692	0.8282191358024692	0.0	0.9783950617283951	0.8881172839506173	0.9783950617283951	0.0	0.8881172839506173	1.4088949794371248	0.1743827160493827	0.03734567901234568	0.044753086419753084	0.023919753086419752	NKG7;GNLY;GZMB;PRF1;FOXP3	CD8A;CD8B		0.0	0.0	0.0	0.0	0.0	0.8282191358024692
vaccination_study_10	T_NK_lineage	9	MAIT Cell	2	648	0.8851950074719539	0.8851950074719539	0.5246913580246914	0.0866358024691358	0.04729938271604939	0.13393518518518518	0.39075617283950614	0.39075617283950614	0.0	0.9521604938271605	0.48559670781893005	0.5246913580246914	0.004629629629629629	0.5216049382716049	0.9996612672669011	0.1743827160493827	0.09259259259259259	0.13425925925925927	0.04681069958847737	MS4A1;LST1	NKG7;GNLY;GZMB		0.0	0.0	0.0	0.0	0.0	0.39075617283950614
vaccination_study_10	T_NK_lineage	9	Treg	3	648	0.3128854370566816	0.3128854370566816	0.29418497794266996	0.06579475308641974	0.0	0.06579475308641974	0.2283902248562502	0.2283902248562502	0.0	0.33487654320987653	0.06275720164609053	0.13734567901234568	0.010802469135802469	0.08641975308641975	1.6273571957212971	0.14969135802469136	0.04050925925925926	0.0	0.0	NKG7;GNLY;GZMB;CD8A			0.0	0.0	0.0	0.0	0.0	0.2283902248562502
vaccination_study_10	T_NK_lineage	9	CD4 T Effector Memory	4	648	0.7749889499273852	0.7749889499273852	0.2330246913580247	0.012962962962962963	0.05295138888888889	0.06591435185185185	0.16711033950617285	0.16711033950617285	0.0	0.9675925925925926	0.397119341563786	0.2330246913580247	0.05864197530864197	0.1867283950617284	0.38004602563589934	0.021604938271604937	0.021604938271604937	0.1558641975308642	0.04128086419753087	FOXP3	NKG7;GNLY;GZMB;PRF1		0.0	0.0	0.0	0.0	0.0	0.16711033950617285
vaccination_study_10	T_NK_lineage	9	CD8 Cytotoxic / T Effector Memory	5	648	0.36291595630485574	0.36291595630485574	0.13580246913580246	0.01759259259259259	0.005208333333333333	0.022800925925925922	0.11300154320987654	0.11300154320987654	0.0	0.36728395061728397	0.052297668038408775	0.13580246913580246	0.010802469135802469	0.06327160493827161	0.1942134588062412	0.029320987654320986	0.029320987654320986	0.013888888888888888	0.006944444444444444	MS4A1	KLRD1;FCGR3A		0.0	0.0	0.0	0.0	0.0	0.11300154320987654
vaccination_study_10	T_NK_lineage	9	NK Cell	6	648	0.36637831239081475	0.36637831239081475	0.12808641975308643	0.0866358024691358	0.017013888888888887	0.10364969135802468	0.024436728395061752	0.024436728395061752	0.0	0.23919753086419754	0.03452932098765432	0.12808641975308643	0.004629629629629629	0.06327160493827161	0.20939891134141772	0.1743827160493827	0.09259259259259259	0.044753086419753084	0.023919753086419752	MS4A1;LST1	CD8A;CD8B		0.0	0.0	0.0	0.0	0.0	0.024436728395061752
vaccination_study_10	T_NK_lineage	9	CD8 Naive / T Central Memory	7	648	0.7661067963208521	0.7661067963208521	0.043209876543209874	0.06831018518518518	0.0	0.06831018518518518	0.0	0.0	0.0	0.9351851851851852	0.32510288065843623	0.021604938271604937	0.021604938271604937	0.021604938271604937	0.11438854356059243	0.1558641975308642	0.04128086419753087	0.0	0.0	NKG7;GNLY;GZMB;PRF1			0.0	0.0	0.0	0.0	0.0	0.0
vaccination_study_10	T_NK_lineage	9	gdT Cell	8	648	0.5000105238786807	0.5000105238786807	0.0	0.0866358024691358	0.04548611111111111	0.1321219135802469	0.0	0.0	0.0	0.0	0.0	0.0	0.0	0.0	1.0	0.1743827160493827	0.09259259259259259	0.12037037037037036	0.0625	MS4A1;LST1	NKG7;GNLY		0.0	0.0	0.0	0.0	0.0	0.0
vaccination_study_10	T_NK_lineage	9	NKT Cell	9	648	0.3794594935909579	0.3794594935909579	0.08641975308641975	0.0866358024691358	0.017013888888888887	0.10364969135802468	0.0	0.0	0.0	0.15123456790123457	0.03973765432098765	0.08641975308641975	0.0	0.06172839506172839	0.15521457034787572	0.1743827160493827	0.09259259259259259	0.044753086419753084	0.023919753086419752	MS4A1;LST1	CD8A;CD8B		0.0	0.0	0.0	0.0	0.0	0.0
vaccination_study_10	Myeloid_lineage	0	Non-Classical Monocyte	1	865	0.9883184946643935	0.9976878612716763	1.0	0.04204624277456648	0.1265028901734104	0.16854913294797688	0.8314508670520231	0.8314508670520231	0.0	1.0	0.7996146435452793	0.9976878612716763	0.9098265895953758	0.9872832369942196	1.772452663368748	0.08554913294797688	0.04335260115606937	0.3190751445086705	0.2052023121387283	VCAN;CD1C	NKG7;GNLY		0.0	0.0	0.0	0.0	0.0	0.8314508670520231
vaccination_study_10	Myeloid_lineage	0	Intermediate Monocyte	2	865	0.9637978573383006	0.991907514450867	1.0	0.11411560693641619	0.37630057803468203	0.49041618497109823	0.5095838150289018	0.5095838150289018	0.0	1.0	0.8621387283236994	0.991907514450867	0.9040462427745665	0.900578034682081	1.0271896976317207	0.2323699421965318	0.11734104046242774	0.9895953757225433	0.5294797687861271	CD1C;NKG7	VCAN;FCGR3A		0.0	0.0	0.0	0.0	0.0	0.5095838150289018
vaccination_study_10	Myeloid_lineage	0	Classical Monocyte	3	865	0.8846161941445139	0.8846161941445139	0.7699421965317919	0.5	0.35791907514450866	0.6	0.16994219653179188	0.16994219653179188	0.0	1.0	0.6809248554913295	0.7699421965317919	0.055491329479768786	0.753757225433526	0.9286440817717374	0.9976878612716763	0.6342967244701349	0.7953757225433526	0.7953757225433526	FCGR3A;MS4A7;CD1C	HLA-DRA		0.0	0.0	0.0	0.0	0.0	0.16994219653179188
vaccination_study_10	Myeloid_lineage	0	Neutrophil	4	865	0.8624318578855423	0.8624318578855423	0.3240077071290943	0.020520231213872836	0.4314450867052023	0.4519653179190751	0.0	0.0	0.0	0.5364161849710982	0.20963391136801537	0.5364161849710982	0.0	0.20963391136801537	0.736814906710915	0.04161849710982659	0.02138728323699422	1.0	0.876300578034682	MS4A1;CD79A	FCN1;LST1		0.0	0.0	0.0	0.0	0.0	0.0
vaccination_study_10	Myeloid_lineage	0	Eosinophil	5	865	0.5000105238786807	0.5000105238786807	0.0	0.011098265895953759	0.0	0.011098265895953759	0.0	0.0	0.0	0.0	0.0	0.0	0.0	0.0	1.0	0.018497109826589597	0.018497109826589597	0.0	0.0	MS4A1			0.0	0.0	0.0	0.0	0.0	0.0
vaccination_study_10	Myeloid_lineage	0	Basophil	6	865	0.08014986003241355	0.10982658959537572	0.10982658959537572	0.49146820809248554	0.009884393063583814	0.5013526011560694	0.0	0.0	0.0	0.10982658959537572	0.10982658959537572	0.10982658959537572	0.0	0.10982658959537572	1.1713112403903378	0.9988439306358381	0.5086705202312138	0.021965317919075144	0.021965317919075144	MS4A1;LST1	FCER1A		0.0	0.0	0.0	0.0	0.0	0.0
vaccination_study_10	Myeloid_lineage	0	Mast Cell	7	865	0.5000105238786807	0.5000105238786807	0.0	0.49146820809248554	0.0	0.49146820809248554	0.0	0.0	0.0	0.0	0.0	0.0	0.0	0.0	1.0	0.9988439306358381	0.5086705202312138	0.0	0.0	MS4A1;LST1			0.0	0.0	0.0	0.0	0.0	0.0
vaccination_study_10	Myeloid_lineage	0	Plasmacytoid DC	8	865	0.07368819852244743	0.16878612716763006	0.16878612716763006	0.3485549132947977	0.007369942196531792	0.3559248554913295	0.0	0.0	0.0	0.44971098265895953	0.08978805394990368	0.16878612716763006	0.004624277456647399	0.10982658959537572	0.6168430002881241	0.7653179190751445	0.26242774566473986	0.019653179190751446	0.009826589595375721	MS4A1;CD1C;FCN1	MZB1;PRDM1		0.0	0.0	0.0	0.0	0.0	0.0
vaccination_study_10	Myeloid_lineage	0	Conventional DC 1	9	865	0.07911851992170234	0.1861271676300578	0.125635838150289	0.013294797687861272	0.35791907514450866	0.37121387283236995	0.0	0.0	0.0	0.1861271676300578	0.0930635838150289	0.1861271676300578	0.0	0.0930635838150289	0.8810447035748141	0.024277456647398842	0.018497109826589593	0.7953757225433526	0.7953757225433526	CD1C;FCER1A	HLA-DRA		0.0	0.0	0.0	0.0	0.0	0.0
vaccination_study_10	Myeloid_lineage	0	Conventional DC 2	10	865	0.4733430153017196	0.4733430153017196	0.027745664739884393	0.015260115606936417	0.4314450867052023	0.4467052023121387	0.0	0.0	0.0	0.9930635838150289	0.3660115606936416	0.025433526011560695	0.013872832369942197	0.021965317919075144	0.070010245287217	0.025433526011560695	0.025433526011560695	1.0	0.876300578034682	LILRA4	FCN1;LST1		0.0	0.0	0.0	0.0	0.0	0.0
vaccination_study_10	Myeloid_lineage	1	Conventional DC 2	1	792	0.7401128159794574	0.9002525252525253	1.0	0.014393939393939393	0.3762310606060606	0.390625	0.609375	0.609375	0.0	0.9191919191919192	0.7588383838383839	0.9002525252525253	0.8787878787878788	0.88510101010101	1.7984945259313492	0.023989898989898988	0.023989898989898988	0.8459595959595959	0.8162878787878788	LILRA4	FCN1;LST1		0.0	0.0	0.0	0.0	0.0	0.609375
vaccination_study_10	Myeloid_lineage	1	Non-Classical Monocyte	2	792	0.6824419608090758	0.8623737373737373	0.9959848767174506	0.5	0.04602272727272727	0.5460227272727273	0.44996214944472335	0.44996214944472335	0.0	0.8876262626262627	0.360479797979798	0.8623737373737373	0.023989898989898988	0.8585858585858586	1.534444557374853	0.8952020202020202	0.8390151515151515	0.12247474747474747	0.061868686868686865	VCAN;CD1C	NKG7;GNLY		0.0	0.0	0.0	0.0	0.0	0.44996214944472335
vaccination_study_10	Myeloid_lineage	1	Classical Monocyte	3	792	0.719959588305866	0.8345959595959596	1.0	0.4712794612794613	0.14829545454545454	0.6	0.4	0.4	0.0	0.8838383838383839	0.6868686868686869	0.8345959595959596	0.797979797979798	0.8295454545454546	1.005624574301563	0.9015151515151515	0.585016835016835	0.32954545454545453	0.32954545454545453	FCGR3A;MS4A7;CD1C	HLA-DRA		0.0	0.0	0.0	0.0	0.0	0.4
vaccination_study_10	Myeloid_lineage	1	Intermediate Monocyte	4	792	0.7041211508913725	0.8977272727272727	1.0	0.43814393939393936	0.3046401515151515	0.6	0.4	0.4	0.0	0.9065656565656566	0.7051767676767676	0.8977272727272727	0.8257575757575758	0.8585858585858586	0.9306329070860747	0.88510101010101	0.46275252525252525	0.8093434343434344	0.4122474747474747	CD1C;NKG7	VCAN;FCGR3A		0.0	0.0	0.0	0.0	0.0	0.4
vaccination_study_10	Myeloid_lineage	1	Neutrophil	5	792	0.8456778430258256	0.898989898989899	0.6730218855218855	0.012651515151515151	0.3762310606060606	0.38888257575757573	0.28413930976430973	0.28413930976430973	0.0	0.898989898989899	0.5513468013468014	0.898989898989899	0.0	0.5513468013468014	1.2257274327641525	0.025252525252525252	0.01388888888888889	0.8459595959595959	0.8162878787878788	MS4A1;CD79A	FCN1;LST1		0.0	0.0	0.0	0.0	0.0	0.28413930976430973
vaccination_study_10	Myeloid_lineage	1	Eosinophil	6	792	0.5000105238786807	0.5000105238786807	0.0	0.006818181818181819	0.0	0.006818181818181819	0.0	0.0	0.0	0.0	0.0	0.0	0.0	0.0	1.0	0.011363636363636364	0.011363636363636364	0.0	0.0	MS4A1			0.0	0.0	0.0	0.0	0.0	0.0
vaccination_study_10	Myeloid_lineage	1	Basophil	7	792	0.6937340826334955	0.6937340826334955	0.03156565656565657	0.3971338383838384	0.39090909090909093	0.6	0.0	0.0	0.0	0.03156565656565657	0.03156565656565657	0.03156565656565657	0.0	0.03156565656565657	0.4063064876832384	0.8093434343434344	0.40719696969696967	0.8686868686868687	0.8686868686868687	MS4A1;LST1	FCER1A		0.0	0.0	0.0	0.0	0.0	0.0
vaccination_study_10	Myeloid_lineage	1	Mast Cell	8	792	0.5000105238786807	0.5000105238786807	0.0	0.3971338383838384	0.0	0.3971338383838384	0.0	0.0	0.0	0.0	0.0	0.0	0.0	0.0	1.0	0.8093434343434344	0.40719696969696967	0.0	0.0	MS4A1;LST1			0.0	0.0	0.0	0.0	0.0	0.0
vaccination_study_10	Myeloid_lineage	1	Plasmacytoid DC	9	792	0.7338511081644251	0.7338511081644251	0.06060606060606061	0.46936868686868694	0.001893939393939394	0.4712626262626263	0.0	0.0	0.0	0.15025252525252525	0.02882996632996633	0.06060606060606061	0.006313131313131313	0.03156565656565657	0.2436030969110503	0.9040404040404041	0.5719696969696969	0.005050505050505051	0.0025252525252525255	MS4A1;CD1C;FCN1	MZB1;PRDM1		0.0	0.0	0.0	0.0	0.0	0.0
vaccination_study_10	Myeloid_lineage	1	Conventional DC 1	10	792	0.8886047441645093	0.8886047441645093	0.020454545454545454	0.5	0.14829545454545454	0.6	0.0	0.0	0.0	0.030303030303030304	0.015151515151515152	0.030303030303030304	0.0	0.015151515151515152	0.18104973327039536	0.8939393939393939	0.8718434343434344	0.32954545454545453	0.32954545454545453	CD1C;FCER1A	HLA-DRA		0.0	0.0	0.0	0.0	0.0	0.0
vaccination_study_10	Myeloid_lineage	10	Intermediate Monocyte	1	505	0.9260381806318537	1.0	1.0	0.10481188118811882	0.27133663366336636	0.37614851485148515	0.6238514851485149	0.6238514851485149	0.0	1.0	0.8267326732673267	1.0	0.9782178217821782	0.9920792079207921	1.0354863893566641	0.2099009900990099	0.11386138613861387	0.7148514851485148	0.3792079207920792	CD1C;NKG7	VCAN;FCGR3A		0.0	0.0	0.0	0.0	0.0	0.6238514851485149
vaccination_study_10	Myeloid_lineage	10	Classical Monocyte	2	505	0.9326471764433499	0.9861386138613861	1.0	0.21856105610561055	0.4464356435643564	0.6	0.4	0.4	0.0	1.0	0.8459405940594058	0.9861386138613861	0.6792079207920793	0.9762376237623762	1.1860599830348724	0.4693069306930693	0.18283828382838285	0.9920792079207921	0.9920792079207921	FCGR3A;MS4A7;CD1C	HLA-DRA		0.0	0.0	0.0	0.0	0.0	0.4
vaccination_study_10	Myeloid_lineage	10	Non-Classical Monocyte	3	505	0.8721769695438951	0.8721769695438951	0.42178217821782177	0.3718217821782178	0.06534653465346535	0.43716831683168317	0.0	0.0	0.0	0.994059405940594	0.36204620462046205	0.42178217821782177	0.055445544554455446	0.3465346534653465	0.7594747353724512	0.7405940594059406	0.41089108910891087	0.17227722772277226	0.09108910891089109	VCAN;CD1C	NKG7;GNLY		0.0	0.0	0.0	0.0	0.0	0.0
vaccination_study_10	Myeloid_lineage	10	Neutrophil	4	505	0.9030961251078697	0.9030961251078697	0.4433993399339934	0.012613861386138615	0.4476237623762376	0.4602376237623762	0.0	0.0	0.0	0.7029702970297029	0.30363036303630364	0.7029702970297029	0.0	0.30363036303630364	0.9614047997523723	0.02574257425742574	0.012871287128712872	1.0	0.9841584158415841	MS4A1;CD79A	FCN1;LST1		0.0	0.0	0.0	0.0	0.0	0.0
vaccination_study_10	Myeloid_lineage	10	Eosinophil	5	505	0.5000105238786807	0.5000105238786807	0.0	0.009504950495049505	0.0	0.009504950495049505	0.0	0.0	0.0	0.0	0.0	0.0	0.0	0.0	1.0	0.015841584158415842	0.015841584158415842	0.0	0.0	MS4A1			0.0	0.0	0.0	0.0	0.0	0.0
vaccination_study_10	Myeloid_lineage	10	Basophil	6	505	0.24198606638462672	0.24198606638462672	0.023762376237623763	0.48786138613861385	0.06326732673267327	0.5511287128712872	0.0	0.0	0.0	0.023762376237623763	0.023762376237623763	0.023762376237623763	0.0	0.023762376237623763	0.33002901044713123	0.9920792079207921	0.503960396039604	0.1405940594059406	0.1405940594059406	MS4A1;LST1	FCER1A		0.0	0.0	0.0	0.0	0.0	0.0
vaccination_study_10	Myeloid_lineage	10	Mast Cell	7	505	0.5000105238786807	0.5000105238786807	0.0	0.48786138613861385	0.0	0.48786138613861385	0.0	0.0	0.0	0.0	0.0	0.0	0.0	0.0	1.0	0.9920792079207921	0.503960396039604	0.0	0.0	MS4A1;LST1			0.0	0.0	0.0	0.0	0.0	0.0
vaccination_study_10	Myeloid_lineage	10	Plasmacytoid DC	8	505	0.1311064806044916	0.1603960396039604	0.1603960396039604	0.45796699669967	0.02004950495049505	0.47801650165016507	0.0	0.0	0.0	0.2851485148514851	0.051815181518151815	0.1603960396039604	0.013861386138613862	0.12673267326732673	0.5878957499200816	0.9881188118811881	0.37491749174917494	0.053465346534653464	0.026732673267326732	MS4A1;CD1C;FCN1	MZB1;PRDM1		0.0	0.0	0.0	0.0	0.0	0.0
vaccination_study_10	Myeloid_lineage	10	Conventional DC 1	9	505	0.15520616278335544	0.18415841584158416	0.1243069306930693	0.10906930693069307	0.4464356435643564	0.5555049504950494	0.0	0.0	0.0	0.18415841584158416	0.09207920792079208	0.18415841584158416	0.0	0.09207920792079208	0.8722006542936869	0.2079207920792079	0.13663366336633664	0.9920792079207921	0.9920792079207921	CD1C;FCER1A	HLA-DRA		0.0	0.0	0.0	0.0	0.0	0.0
vaccination_study_10	Myeloid_lineage	10	Conventional DC 2	10	505	0.8991391467239166	0.8991391467239166	0.2891089108910891	0.07603960396039604	0.4476237623762376	0.5236633663366336	0.0	0.0	0.0	1.0	0.4899009900990099	0.2891089108910891	0.11485148514851486	0.1900990099009901	0.5909851650734753	0.12673267326732673	0.12673267326732673	1.0	0.9841584158415841	LILRA4	FCN1;LST1		0.0	0.0	0.0	0.0	0.0	0.0
vaccination_study_10	Myeloid_lineage	11	Intermediate Monocyte	1	448	0.9263328492349141	1.0	1.0	0.1360044642857143	0.3375	0.47350446428571435	0.5264955357142856	0.5264955357142856	0.0	1.0	0.8041294642857143	1.0	0.9419642857142857	0.9888392857142857	1.0354863893566641	0.27455357142857145	0.1439732142857143	0.8883928571428571	0.47321428571428575	CD1C;NKG7	VCAN;FCGR3A		0.0	0.0	0.0	0.0	0.0	0.5264955357142856
vaccination_study_10	Myeloid_lineage	11	Classical Monocyte	2	448	0.9393929826776957	0.9933035714285714	1.0	0.2235565476190476	0.41383928571428563	0.6	0.4	0.4	0.0	1.0	0.853125	0.9933035714285714	0.8616071428571429	0.9888392857142857	1.194590994012993	0.47544642857142855	0.1949404761904762	0.9196428571428571	0.9196428571428571	FCGR3A;MS4A7;CD1C	HLA-DRA		0.0	0.0	0.0	0.0	0.0	0.4
vaccination_study_10	Myeloid_lineage	11	Neutrophil	3	448	0.9392035528614426	0.9392035528614426	0.5629836309523809	0.011183035714285715	0.44531249999999994	0.45649553571428564	0.10648809523809527	0.10648809523809527	0.0	0.8526785714285714	0.4069940476190476	0.8526785714285714	0.0	0.4069940476190476	1.163278922937228	0.022321428571428572	0.012276785714285714	0.9977678571428571	0.9732142857142857	MS4A1;CD79A	FCN1;LST1		0.0	0.0	0.0	0.0	0.0	0.10648809523809527
vaccination_study_10	Myeloid_lineage	11	Non-Classical Monocyte	4	448	0.8623897623708194	0.8623897623708194	0.4017857142857143	0.45234375	0.09073660714285714	0.5430803571428571	0.0	0.0	0.0	0.9933035714285714	0.35156250000000006	0.4017857142857143	0.05803571428571429	0.35044642857142855	0.7243023500370825	0.8950892857142857	0.5100446428571429	0.23214285714285715	0.140625	VCAN;CD1C	NKG7;GNLY		0.0	0.0	0.0	0.0	0.0	0.0
vaccination_study_10	Myeloid_lineage	11	Eosinophil	5	448	0.5000105238786807	0.5000105238786807	0.0	0.008035714285714285	0.0	0.008035714285714285	0.0	0.0	0.0	0.0	0.0	0.0	0.0	0.0	1.0	0.013392857142857142	0.013392857142857142	0.0	0.0	MS4A1			0.0	0.0	0.0	0.0	0.0	0.0
vaccination_study_10	Myeloid_lineage	11	Basophil	6	448	0.1757645597861548	0.1757645597861548	0.04241071428571429	0.4706919642857143	0.09140625	0.5620982142857143	0.0	0.0	0.0	0.04241071428571429	0.04241071428571429	0.04241071428571429	0.0	0.04241071428571429	0.5123174995386225	0.9575892857142857	0.4854910714285714	0.203125	0.203125	MS4A1;LST1	FCER1A		0.0	0.0	0.0	0.0	0.0	0.0
vaccination_study_10	Myeloid_lineage	11	Mast Cell	7	448	0.5000105238786807	0.5000105238786807	0.0	0.4706919642857143	0.0	0.4706919642857143	0.0	0.0	0.0	0.0	0.0	0.0	0.0	0.0	1.0	0.9575892857142857	0.4854910714285714	0.0	0.0	MS4A1;LST1			0.0	0.0	0.0	0.0	0.0	0.0
vaccination_study_10	Myeloid_lineage	11	Plasmacytoid DC	8	448	0.31282229378459725	0.31282229378459725	0.16517857142857142	0.46394345238095236	0.014229910714285714	0.47817336309523806	0.0	0.0	0.0	0.47544642857142855	0.1015625	0.16517857142857142	0.03125	0.11383928571428571	0.604396310262219	0.9977678571428571	0.3854166666666667	0.03794642857142857	0.018973214285714288	MS4A1;CD1C;FCN1	MZB1;PRDM1		0.0	0.0	0.0	0.0	0.0	0.0
vaccination_study_10	Myeloid_lineage	11	Conventional DC 1	9	448	0.2739260381806319	0.2739260381806319	0.1739955357142857	0.1215625	0.41383928571428563	0.5354017857142856	0.0	0.0	0.0	0.25669642857142855	0.1294642857142857	0.25669642857142855	0.0	0.1294642857142857	1.1980567439712768	0.21651785714285715	0.17857142857142858	0.9196428571428571	0.9196428571428571	CD1C;FCER1A	HLA-DRA		0.0	0.0	0.0	0.0	0.0	0.0
vaccination_study_10	Myeloid_lineage	11	Conventional DC 2	10	448	0.8504451600681948	0.8504451600681948	0.3705357142857143	0.06830357142857144	0.44531249999999994	0.5136160714285714	0.0	0.0	0.0	1.0	0.49910714285714286	0.2544642857142857	0.18526785714285715	0.22321428571428573	0.5225336452975334	0.11383928571428571	0.11383928571428571	0.9977678571428571	0.9732142857142857	LILRA4	FCN1;LST1		0.0	0.0	0.0	0.0	0.0	0.0
vaccination_study_10	Myeloid_lineage	12	Non-Classical Monocyte	1	409	0.9679232177811454	0.9679232177811454	1.0	0.1747921760391198	0.19896088019559902	0.37375305623471883	0.6262469437652811	0.6262469437652811	0.0	1.0	0.6874490627546863	0.9168704156479217	0.6063569682151589	0.7652811735941321	1.6303004134034553	0.3545232273838631	0.18215158924205377	0.48166259168704156	0.36308068459657705	VCAN;CD1C	NKG7;GNLY		0.0	0.0	0.0	0.0	0.0	0.6262469437652811
vaccination_study_10	Myeloid_lineage	12	Intermediate Monocyte	2	409	0.944770684683547	1.0	1.0	0.2082151589242054	0.3344743276283618	0.5426894865525672	0.4573105134474328	0.4573105134474328	0.0	1.0	0.9107579462102688	1.0	0.9853300733496333	0.9828850855745721	1.0354863893566641	0.42053789731051344	0.22004889975550124	0.8459657701711492	0.5378973105134475	CD1C;NKG7	VCAN;FCGR3A		0.0	0.0	0.0	0.0	0.0	0.4573105134474328
vaccination_study_10	Myeloid_lineage	12	Classical Monocyte	3	409	0.8954136936709394	0.980440097799511	1.0	0.4590383048084759	0.44229828850855746	0.6	0.4	0.4	0.0	1.0	0.7828850855745721	0.980440097799511	0.3080684596577017	0.9779951100244498	1.1792750017384723	0.9168704156479217	0.5028524857375712	0.9828850855745721	0.9828850855745721	FCGR3A;MS4A7;CD1C	HLA-DRA		0.0	0.0	0.0	0.0	0.0	0.4
vaccination_study_10	Myeloid_lineage	12	Neutrophil	4	409	0.8696301909031593	0.8696301909031593	0.4262021189894051	0.043031784841075796	0.44779951100244497	0.49083129584352075	0.0	0.0	0.0	0.6577017114914425	0.3015484922575387	0.6577017114914425	0.0	0.3015484922575387	0.9003623754104347	0.08068459657701711	0.05623471882640586	1.0	0.9853300733496333	MS4A1;CD79A	FCN1;LST1		0.0	0.0	0.0	0.0	0.0	0.0
vaccination_study_10	Myeloid_lineage	12	Eosinophil	5	409	0.5000105238786807	0.5000105238786807	0.0	0.035207823960880194	0.0	0.035207823960880194	0.0	0.0	0.0	0.0	0.0	0.0	0.0	0.0	1.0	0.05867970660146699	0.05867970660146699	0.0	0.0	MS4A1			0.0	0.0	0.0	0.0	0.0	0.0
vaccination_study_10	Myeloid_lineage	12	Basophil	6	409	0.059817726421249814	0.061124694376528114	0.06112469437652812	0.49471882640586795	0.015403422982885082	0.5101222493887531	0.0	0.0	0.0	0.061124694376528114	0.061124694376528114	0.061124694376528114	0.0	0.061124694376528114	0.6952476430637717	0.9975550122249389	0.5256723716381418	0.034229828850855744	0.034229828850855744	MS4A1;LST1	FCER1A		0.0	0.0	0.0	0.0	0.0	0.0
vaccination_study_10	Myeloid_lineage	12	Mast Cell	7	409	0.5000105238786807	0.5000105238786807	0.0	0.49471882640586795	0.0	0.49471882640586795	0.0	0.0	0.0	0.0	0.0	0.0	0.0	0.0	1.0	0.9975550122249389	0.5256723716381418	0.0	0.0	MS4A1;LST1			0.0	0.0	0.0	0.0	0.0	0.0
vaccination_study_10	Myeloid_lineage	12	Plasmacytoid DC	8	409	0.07474058639052009	0.13691931540342298	0.13691931540342298	0.45253463732681337	0.017420537897310514	0.4699551752241239	0.0	0.0	0.0	0.5256723716381418	0.12224938875305624	0.13691931540342298	0.009779951100244499	0.061124694376528114	0.5068969989419452	0.980440097799511	0.3634881825590872	0.04645476772616137	0.023227383863080684	MS4A1;CD1C;FCN1	MZB1;PRDM1		0.0	0.0	0.0	0.0	0.0	0.0
vaccination_study_10	Myeloid_lineage	12	Conventional DC 1	9	409	0.06560585969564943	0.19559902200489	0.13202933985330073	0.040342298288508556	0.44229828850855746	0.482640586797066	0.0	0.0	0.0	0.19559902200489	0.097799511002445	0.19559902200489	0.0	0.097799511002445	0.9235942760324082	0.08068459657701711	0.04400977995110024	0.9828850855745721	0.9828850855745721	CD1C;FCER1A	HLA-DRA		0.0	0.0	0.0	0.0	0.0	0.0
vaccination_study_10	Myeloid_lineage	12	Conventional DC 2	10	409	0.6914819725958199	0.6914819725958199	0.20048899755501223	0.02493887530562347	0.44779951100244497	0.4727383863080684	0.0	0.0	0.0	1.0	0.44303178484107575	0.20048899755501223	0.029339853300733496	0.1491442542787286	0.4158882281226787	0.04156479217603912	0.04156479217603912	1.0	0.9853300733496333	LILRA4	FCN1;LST1		0.0	0.0	0.0	0.0	0.0	0.0
vaccination_study_10	Myeloid_lineage	13	Non-Classical Monocyte	1	400	0.9033066026814843	0.93	1.0	0.5	0.44175	0.6	0.4	0.4	0.0	0.9675	0.50875	0.93	0.54	0.7075	1.6533944365113626	0.9675	0.7325	0.9975	0.95	VCAN;CD1C	NKG7;GNLY		0.0	0.0	0.0	0.0	0.0	0.4
vaccination_study_10	Myeloid_lineage	13	Intermediate Monocyte	2	400	0.7121403464460861	0.77	1.0	0.5	0.352875	0.6	0.4	0.4	0.0	0.83	0.5725	0.77	0.605	0.705	0.7996825581170277	1.0	0.98125	0.875	0.6025	CD1C;NKG7	VCAN;FCGR3A		0.0	0.0	0.0	0.0	0.0	0.4
vaccination_study_10	Myeloid_lineage	13	Conventional DC 2	3	400	0.7930268779861506	0.995	1.0	0.3255	0.299625	0.6	0.4	0.4	0.0	0.995	0.7979999999999999	0.995	0.9825	0.9925	1.9856984171063592	0.5425	0.5425	0.6875	0.6225	LILRA4	FCN1;LST1		0.0	0.0	0.0	0.0	0.0	0.4
vaccination_study_10	Myeloid_lineage	13	Classical Monocyte	4	400	0.7272210645955673	0.7272210645955673	0.985	0.5	0.15300000000000002	0.6	0.385	0.385	0.0	0.7925	0.52	0.61	0.4925	0.605	0.738207694440351	0.99	0.7933333333333333	0.34	0.34	FCGR3A;MS4A7;CD1C	HLA-DRA		0.0	0.0	0.0	0.0	0.0	0.385
vaccination_study_10	Myeloid_lineage	13	Plasmacytoid DC	5	400	0.8947085937993307	0.8947085937993307	0.8625	0.48501666666666665	0.0395625	0.5245791666666666	0.33792083333333345	0.33792083333333345	0.0	0.97	0.31416666666666665	0.6125	0.305	0.5425	2.147732454203971	0.97	0.5291666666666667	0.105	0.05375	MS4A1;CD1C;FCN1	MZB1;PRDM1		0.0	0.0	0.0	0.0	0.0	0.33792083333333345
vaccination_study_10	Myeloid_lineage	13	Neutrophil	6	400	0.8234303634947697	0.8234303634947697	0.4696666666666667	0.012250000000000002	0.299625	0.31187499999999996	0.15779166666666672	0.15779166666666672	0.0	0.6625	0.3658333333333334	0.6625	0.0	0.3658333333333334	0.9068326275681227	0.025	0.0125	0.6875	0.6225	MS4A1;CD79A	FCN1;LST1		0.0	0.0	0.0	0.0	0.0	0.15779166666666672
vaccination_study_10	Myeloid_lineage	13	Basophil	7	400	0.9386142156553219	0.9386142156553219	0.36	0.31715000000000004	0.44662500000000005	0.6	0.0	0.0	0.0	0.36	0.36	0.36	0.0	0.36	3.616769536776919	0.645	0.3275	0.9925	0.9925	MS4A1;LST1	FCER1A		0.0	0.0	0.0	0.0	0.0	0.0
vaccination_study_10	Myeloid_lineage	13	Eosinophil	8	400	0.5000105238786807	0.5000105238786807	0.0	0.009000000000000001	0.0	0.009000000000000001	0.0	0.0	0.0	0.0	0.0	0.0	0.0	0.0	1.0	0.015	0.015	0.0	0.0	MS4A1			0.0	0.0	0.0	0.0	0.0	0.0
vaccination_study_10	Myeloid_lineage	13	Mast Cell	9	400	0.5000105238786807	0.5000105238786807	0.0	0.31715000000000004	0.0	0.31715000000000004	0.0	0.0	0.0	0.0	0.0	0.0	0.0	0.0	1.0	0.645	0.3275	0.0	0.0	MS4A1;LST1			0.0	0.0	0.0	0.0	0.0	0.0
vaccination_study_10	Myeloid_lineage	13	Conventional DC 1	10	400	0.859400980825493	0.859400980825493	0.0691875	0.5	0.15300000000000002	0.6	0.0	0.0	0.0	0.1025	0.051250000000000004	0.1025	0.0	0.051250000000000004	0.5053737855386036	0.9925	0.98	0.34	0.34	CD1C;FCER1A	HLA-DRA		0.0	0.0	0.0	0.0	0.0	0.0
vaccination_study_10	Myeloid_lineage	14	Conventional DC 2	1	312	0.7411546799688493	0.8846153846153846	1.0	0.06730769230769232	0.3639423076923077	0.43125	0.56875	0.56875	0.0	0.9262820512820513	0.7461538461538462	0.8846153846153846	0.8557692307692307	0.8589743589743589	1.7675983613430508	0.11217948717948718	0.11217948717948718	0.8205128205128205	0.7852564102564104	LILRA4	FCN1;LST1		0.0	0.0	0.0	0.0	0.0	0.56875
vaccination_study_10	Myeloid_lineage	14	Classical Monocyte	2	312	0.7295889372987308	0.7852564102564102	1.0	0.45346153846153847	0.16586538461538464	0.6	0.4	0.4	0.0	0.8878205128205128	0.676923076923077	0.7852564102564102	0.7403846153846154	0.7724358974358975	0.9468780662972492	0.8685897435897436	0.5608974358974359	0.3685897435897436	0.3685897435897436	FCGR3A;MS4A7;CD1C	HLA-DRA		0.0	0.0	0.0	0.0	0.0	0.4
vaccination_study_10	Myeloid_lineage	14	Intermediate Monocyte	3	312	0.7058786386310538	0.8685897435897436	1.0	0.4211217948717949	0.28509615384615383	0.6	0.4	0.4	0.0	0.8910256410256411	0.6891025641025641	0.8685897435897436	0.7884615384615384	0.8173076923076923	0.9007601201143969	0.8493589743589743	0.44711538461538464	0.7564102564102564	0.38782051282051283	CD1C;NKG7	VCAN;FCGR3A		0.0	0.0	0.0	0.0	0.0	0.4
vaccination_study_10	Myeloid_lineage	14	Non-Classical Monocyte	4	312	0.6778956452190019	0.8173076923076923	0.9311018241546585	0.5	0.04615384615384615	0.5461538461538461	0.3849479780008124	0.3849479780008124	0.0	0.8653846153846154	0.3493589743589743	0.8173076923076923	0.02564102564102564	0.8173076923076923	1.4551765273878645	0.8653846153846154	0.7980769230769231	0.12179487179487179	0.0641025641025641	VCAN;CD1C	NKG7;GNLY		0.0	0.0	0.0	0.0	0.0	0.3849479780008124
vaccination_study_10	Myeloid_lineage	14	Neutrophil	5	312	0.8442465955252468	0.8814102564102564	0.6508547008547008	0.012564102564102564	0.3639423076923077	0.37650641025641024	0.2743482905982905	0.2743482905982905	0.0	0.8814102564102564	0.5267094017094017	0.8814102564102564	0.0	0.5267094017094017	1.2020221636605006	0.02564102564102564	0.01282051282051282	0.8205128205128205	0.7852564102564104	MS4A1;CD79A	FCN1;LST1		0.0	0.0	0.0	0.0	0.0	0.2743482905982905
vaccination_study_10	Myeloid_lineage	14	Eosinophil	6	312	0.5000105238786807	0.5000105238786807	0.0	0.009615384615384614	0.0	0.009615384615384614	0.0	0.0	0.0	0.0	0.0	0.0	0.0	0.0	1.0	0.016025641025641024	0.016025641025641024	0.0	0.0	MS4A1			0.0	0.0	0.0	0.0	0.0	0.0
vaccination_study_10	Myeloid_lineage	14	Basophil	7	312	0.7235903264507166	0.7235903264507166	0.08653846153846154	0.3952564102564103	0.38221153846153844	0.6	0.0	0.0	0.0	0.08653846153846154	0.08653846153846154	0.08653846153846154	0.0	0.08653846153846154	0.9436685589719404	0.8044871794871795	0.40705128205128205	0.8493589743589743	0.8493589743589743	MS4A1;LST1	FCER1A		0.0	0.0	0.0	0.0	0.0	0.0
vaccination_study_10	Myeloid_lineage	14	Mast Cell	8	312	0.5000105238786807	0.5000105238786807	0.0	0.3952564102564103	0.0	0.3952564102564103	0.0	0.0	0.0	0.0	0.0	0.0	0.0	0.0	1.0	0.8044871794871795	0.40705128205128205	0.0	0.0	MS4A1;LST1			0.0	0.0	0.0	0.0	0.0	0.0
vaccination_study_10	Myeloid_lineage	14	Plasmacytoid DC	9	312	0.7319778577592557	0.7319778577592557	0.16346153846153846	0.44848290598290597	0.008413461538461538	0.45689636752136753	0.0	0.0	0.0	0.23397435897435898	0.05395299145299145	0.16346153846153846	0.04487179487179487	0.11217948717948718	0.5984722501365405	0.8653846153846154	0.5438034188034188	0.022435897435897436	0.011217948717948718	MS4A1;CD1C;FCN1	MZB1;PRDM1		0.0	0.0	0.0	0.0	0.0	0.0
vaccination_study_10	Myeloid_lineage	14	Conventional DC 1	10	312	0.8854896760750142	0.8854896760750142	0.02700320512820513	0.5	0.16586538461538464	0.6	0.0	0.0	0.0	0.038461538461538464	0.020833333333333336	0.038461538461538464	0.0	0.020833333333333336	0.2176994768473985	0.8782051282051282	0.8461538461538461	0.3685897435897436	0.3685897435897436	CD1C;FCER1A	HLA-DRA		0.0	0.0	0.0	0.0	0.0	0.0
vaccination_study_10	Myeloid_lineage	15	Conventional DC 2	1	217	0.7339773947085938	0.8894009216589862	1.0	0.2488479262672811	0.21601382488479265	0.46486175115207373	0.5351382488479263	0.5351382488479263	0.0	0.9078341013824884	0.6700460829493087	0.8894009216589862	0.8387096774193549	0.880184331797235	1.7770537178927857	0.4147465437788018	0.4147465437788018	0.4976958525345622	0.4447004608294931	LILRA4	FCN1;LST1		0.0	0.0	0.0	0.0	0.0	0.5351382488479263
vaccination_study_10	Myeloid_lineage	15	Intermediate Monocyte	2	217	0.6674875292037633	0.6674875292037633	0.8755760368663594	0.5	0.19389400921658986	0.6	0.27557603686635945	0.27557603686635945	0.0	0.631336405529954	0.4182027649769585	0.6036866359447005	0.4377880184331797	0.4700460829493088	0.6291724345057579	0.9078341013824884	0.7672811059907834	0.511520737327189	0.2695852534562212	CD1C;NKG7	VCAN;FCGR3A		0.0	0.0	0.0	0.0	0.0	0.27557603686635945
vaccination_study_10	Myeloid_lineage	15	Classical Monocyte	3	217	0.6307381448506661	0.6307381448506661	0.7557603686635944	0.41895545314900157	0.1410138248847926	0.5599692780337941	0.19579109062980027	0.19579109062980027	0.0	0.5990783410138248	0.3797235023041474	0.46543778801843316	0.3778801843317972	0.45161290322580644	0.5660836021659804	0.8294930875576036	0.4715821812596006	0.31336405529953915	0.31336405529953915	FCGR3A;MS4A7;CD1C	HLA-DRA		0.0	0.0	0.0	0.0	0.0	0.19579109062980027
vaccination_study_10	Myeloid_lineage	15	Plasmacytoid DC	4	217	0.7381027551514386	0.7381027551514386	0.6083571010157047	0.40079877112135176	0.019009216589861752	0.4198079877112135	0.1885491133044912	0.1885491133044912	0.0	0.5944700460829493	0.15284178187403993	0.45622119815668205	0.1152073732718894	0.4147465437788018	1.6085436114360907	0.8110599078341014	0.4208909370199693	0.05069124423963134	0.02534562211981567	MS4A1;CD1C;FCN1	MZB1;PRDM1		0.0	0.0	0.0	0.0	0.0	0.1885491133044912
vaccination_study_10	Myeloid_lineage	15	Neutrophil	5	217	0.8344067689587674	0.8344067689587674	0.4205837173579109	0.020322580645161292	0.21601382488479265	0.23633640552995394	0.18424731182795695	0.18424731182795695	0.0	0.6082949308755761	0.3195084485407066	0.6082949308755761	0.0	0.3195084485407066	0.8337398019002965	0.041474654377880185	0.020737327188940093	0.4976958525345622	0.4447004608294931	MS4A1;CD79A	FCN1;LST1		0.0	0.0	0.0	0.0	0.0	0.18424731182795695
vaccination_study_10	Myeloid_lineage	15	Non-Classical Monocyte	6	217	0.680894950643009	0.680894950643009	0.6699876190874077	0.4337327188940092	0.3079493087557603	0.6	0.0699876190874077	0.0699876190874077	0.0	0.695852534562212	0.2634408602150538	0.6359447004608295	0.06912442396313365	0.4700460829493088	1.1361716745063128	0.7972350230414746	0.5944700460829493	0.7511520737327189	0.5506912442396313	VCAN;CD1C	NKG7;GNLY		0.0	0.0	0.0	0.0	0.0	0.0699876190874077
vaccination_study_10	Myeloid_lineage	15	Basophil	7	217	0.8931089642398602	0.8931089642398602	0.14746543778801843	0.21778801843317974	0.39608294930875576	0.6	0.0	0.0	0.0	0.14746543778801843	0.14746543778801843	0.14746543778801843	0.0	0.14746543778801843	1.5392329688836384	0.4423963133640553	0.22580645161290322	0.880184331797235	0.880184331797235	MS4A1;LST1	FCER1A		0.0	0.0	0.0	0.0	0.0	0.0
vaccination_study_10	Myeloid_lineage	15	Eosinophil	8	217	0.5000105238786807	0.5000105238786807	0.0	0.008294930875576038	0.0	0.008294930875576038	0.0	0.0	0.0	0.0	0.0	0.0	0.0	0.0	1.0	0.013824884792626729	0.013824884792626729	0.0	0.0	MS4A1			0.0	0.0	0.0	0.0	0.0	0.0
vaccination_study_10	Myeloid_lineage	15	Mast Cell	9	217	0.5000105238786807	0.5000105238786807	0.0	0.21778801843317974	0.0	0.21778801843317974	0.0	0.0	0.0	0.0	0.0	0.0	0.0	0.0	1.0	0.4423963133640553	0.22580645161290322	0.0	0.0	MS4A1;LST1			0.0	0.0	0.0	0.0	0.0	0.0
vaccination_study_10	Myeloid_lineage	15	Conventional DC 1	10	217	0.6864305108290711	0.6864305108290711	0.034216589861751155	0.5	0.1410138248847926	0.6	0.0	0.0	0.0	0.05069124423963134	0.02534562211981567	0.05069124423963134	0.0	0.02534562211981567	0.27263790089271517	0.8894009216589862	0.8387096774193548	0.31336405529953915	0.31336405529953915	CD1C;FCER1A	HLA-DRA		0.0	0.0	0.0	0.0	0.0	0.0
vaccination_study_10	Myeloid_lineage	16	Intermediate Monocyte	1	187	0.6014607143608849	1.0	1.0	0.22534759358288772	0.020053475935828874	0.2454010695187166	0.7545989304812835	0.7545989304812835	0.0	1.0	0.3315508021390374	1.0	0.0962566844919786	1.0	1.0354863893566641	0.45989304812834225	0.22994652406417113	0.053475935828877004	0.026737967914438502	CD1C;NKG7	VCAN;FCGR3A		0.0	0.0	0.0	0.0	0.0	0.7545989304812835
vaccination_study_10	Myeloid_lineage	16	Plasmacytoid DC	2	187	0.9970322662120351	1.0	1.0	0.11793226381461677	0.2651069518716578	0.3830392156862745	0.6169607843137255	0.6169607843137255	0.0	1.0	0.8734402852049911	1.0	0.9786096256684492	0.9572192513368984	3.4846743433670846	0.25668449197860965	0.09269162210338681	0.7058823529411765	0.3556149732620321	MS4A1;CD1C;FCN1	MZB1;PRDM1		0.0	0.0	0.0	0.0	0.0	0.6169607843137255
vaccination_study_10	Myeloid_lineage	16	Basophil	3	187	0.9929279535265517	0.9929279535265517	0.7807486631016043	0.18288770053475936	0.32245989304812833	0.5053475935828877	0.27540106951871657	0.27540106951871657	0.0	0.7807486631016043	0.7807486631016043	0.7807486631016043	0.0	0.7807486631016043	7.729609935007993	0.36363636363636365	0.2032085561497326	0.7165775401069518	0.7165775401069518	MS4A1;LST1	FCER1A		0.0	0.0	0.0	0.0	0.0	0.27540106951871657
vaccination_study_10	Myeloid_lineage	16	Conventional DC 2	4	187	0.965439582412494	0.965439582412494	0.8334630887665249	0.5	0.10548128342245988	0.6	0.23346308876652488	0.23346308876652488	0.0	1.0	0.5561497326203209	0.7219251336898396	0.06417112299465241	0.7165775401069518	1.4461518203067412	0.9572192513368984	0.9572192513368984	0.27807486631016043	0.14705882352941174	LILRA4	FCN1;LST1		0.0	0.0	0.0	0.0	0.0	0.23346308876652488
vaccination_study_10	Myeloid_lineage	16	Conventional DC 1	5	187	0.9912862284523584	0.9946524064171123	0.6713903743315508	0.3528877005347593	0.44999999999999996	0.6	0.07139037433155082	0.07139037433155082	0.0	0.9946524064171123	0.49732620320855614	0.9946524064171123	0.0	0.49732620320855614	4.5131110202798554	0.7165775401069518	0.36631016042780745	1.0	1.0	CD1C;FCER1A	HLA-DRA		0.0	0.0	0.0	0.0	0.0	0.07139037433155082
vaccination_study_10	Myeloid_lineage	16	Classical Monocyte	6	187	0.3044137147186967	0.3044137147186967	0.0962566844919786	0.02987522281639929	0.44999999999999996	0.47987522281639927	0.0	0.0	0.0	0.786096256684492	0.19893048128342244	0.0962566844919786	0.0053475935828877	0.0748663101604278	0.1265153259317731	0.06417112299465241	0.0249554367201426	1.0	1.0	FCGR3A;MS4A7;CD1C	HLA-DRA		0.0	0.0	0.0	0.0	0.0	0.0
vaccination_study_10	Myeloid_lineage	16	Non-Classical Monocyte	7	187	0.27599924228073497	0.27599924228073497	0.06417112299465241	0.018930481283422458	0.23663101604278075	0.2555614973262032	0.0	0.0	0.0	0.42245989304812837	0.09447415329768272	0.06417112299465241	0.0053475935828877	0.03208556149732621	0.13046183203101946	0.0374331550802139	0.021390374331550804	0.5561497326203209	0.4652406417112299	VCAN;CD1C	NKG7;GNLY		0.0	0.0	0.0	0.0	0.0	0.0
vaccination_study_10	Myeloid_lineage	16	Neutrophil	8	187	0.27863021195091664	0.27863021195091664	0.15543672014260249	0.13668449197860963	0.10548128342245988	0.2421657754010695	0.0	0.0	0.0	0.2620320855614973	0.09803921568627451	0.2620320855614973	0.0	0.09803921568627451	0.36682166681422895	0.25133689839572193	0.18716577540106952	0.27807486631016043	0.14705882352941174	MS4A1;CD79A	FCN1;LST1		0.0	0.0	0.0	0.0	0.0	0.0
vaccination_study_10	Myeloid_lineage	16	Eosinophil	9	187	0.5000105238786807	0.5000105238786807	0.0	0.11229946524064172	0.0	0.11229946524064172	0.0	0.0	0.0	0.0	0.0	0.0	0.0	0.0	1.0	0.18716577540106952	0.18716577540106952	0.0	0.0	MS4A1			0.0	0.0	0.0	0.0	0.0	0.0
vaccination_study_10	Myeloid_lineage	16	Mast Cell	10	187	0.5000105238786807	0.5000105238786807	0.0	0.18288770053475936	0.0	0.18288770053475936	0.0	0.0	0.0	0.0	0.0	0.0	0.0	0.0	1.0	0.36363636363636365	0.2032085561497326	0.0	0.0	MS4A1;LST1			0.0	0.0	0.0	0.0	0.0	0.0
vaccination_study_10	Myeloid_lineage	17	Intermediate Monocyte	1	86	0.9270063774704805	1.0	1.0	0.05697674418604651	0.3226744186046511	0.37965116279069766	0.6203488372093023	0.6203488372093023	0.0	1.0	0.8459302325581395	1.0	1.0	1.0	1.0354863893566641	0.11627906976744186	0.05813953488372093	0.8488372093023255	0.45348837209302323	CD1C;NKG7	VCAN;FCGR3A		0.0	0.0	0.0	0.0	0.0	0.6203488372093023
vaccination_study_10	Myeloid_lineage	17	Classical Monocyte	2	86	0.942613289553998	1.0	1.0	0.24488372093023258	0.43430232558139537	0.6	0.4	0.4	0.0	1.0	0.8604651162790697	1.0	0.8023255813953488	1.0	1.2025641473947652	0.5232558139534884	0.20930232558139536	0.9651162790697675	0.9651162790697675	FCGR3A;MS4A7;CD1C	HLA-DRA		0.0	0.0	0.0	0.0	0.0	0.4
vaccination_study_10	Myeloid_lineage	17	Neutrophil	3	86	0.9215129127991413	0.9215129127991413	0.5013565891472868	0.0069767441860465115	0.4491279069767442	0.4561046511627907	0.04525193798449606	0.04525193798449606	0.0	0.7558139534883721	0.3643410852713178	0.7558139534883721	0.0	0.3643410852713178	1.0326618285058624	0.011627906976744186	0.011627906976744186	1.0	0.9941860465116279	MS4A1;CD79A	FCN1;LST1		0.0	0.0	0.0	0.0	0.0	0.04525193798449606
vaccination_study_10	Myeloid_lineage	17	Non-Classical Monocyte	4	86	0.8582012586558903	0.8582012586558903	0.47674418604651164	0.4166279069767442	0.0436046511627907	0.4602325581395349	0.016511627906976745	0.016511627906976745	0.0	1.0	0.37596899224806196	0.47674418604651164	0.10465116279069768	0.43023255813953487	0.8561490736314404	0.8372093023255814	0.4476744186046512	0.11627906976744186	0.05813953488372093	VCAN;CD1C	NKG7;GNLY		0.0	0.0	0.0	0.0	0.0	0.016511627906976745
vaccination_study_10	Myeloid_lineage	17	Eosinophil	5	86	0.5000105238786807	0.5000105238786807	0.0	0.0069767441860465115	0.0	0.0069767441860465115	0.0	0.0	0.0	0.0	0.0	0.0	0.0	0.0	1.0	0.011627906976744186	0.011627906976744186	0.0	0.0	MS4A1			0.0	0.0	0.0	0.0	0.0	0.0
vaccination_study_10	Myeloid_lineage	17	Basophil	6	86	0.2612447643703563	0.2612447643703563	0.023255813953488372	0.4855813953488372	0.06279069767441861	0.5483720930232558	0.0	0.0	0.0	0.023255813953488372	0.023255813953488372	0.023255813953488372	0.0	0.023255813953488372	0.32507733737215555	0.9883720930232558	0.5	0.13953488372093023	0.13953488372093023	MS4A1;LST1	FCER1A		0.0	0.0	0.0	0.0	0.0	0.0
vaccination_study_10	Myeloid_lineage	17	Mast Cell	7	86	0.5000105238786807	0.5000105238786807	0.0	0.4855813953488372	0.0	0.4855813953488372	0.0	0.0	0.0	0.0	0.0	0.0	0.0	0.0	1.0	0.9883720930232558	0.5	0.0	0.0	MS4A1;LST1			0.0	0.0	0.0	0.0	0.0	0.0
vaccination_study_10	Myeloid_lineage	17	Plasmacytoid DC	8	86	0.1467870598387742	0.1467870598387742	0.12790697674418605	0.4610077519379845	0.02180232558139535	0.4828100775193798	0.0	0.0	0.0	0.26744186046511625	0.04844961240310078	0.12790697674418605	0.023255813953488372	0.10465116279069768	0.4758028748829568	1.0	0.3682170542635659	0.05813953488372093	0.029069767441860465	MS4A1;CD1C;FCN1	MZB1;PRDM1		0.0	0.0	0.0	0.0	0.0	0.0
vaccination_study_10	Myeloid_lineage	17	Conventional DC 1	9	86	0.17481214876554904	0.19767441860465115	0.13343023255813952	0.09627906976744185	0.43430232558139537	0.5305813953488372	0.0	0.0	0.0	0.19767441860465115	0.09883720930232558	0.19767441860465115	0.0	0.09883720930232558	0.9329173963534325	0.18604651162790697	0.11627906976744186	0.9651162790697675	0.9651162790697675	CD1C;FCER1A	HLA-DRA		0.0	0.0	0.0	0.0	0.0	0.0
vaccination_study_10	Myeloid_lineage	17	Conventional DC 2	10	86	0.8507924480646587	0.8507924480646587	0.20930232558139536	0.06279069767441861	0.4491279069767442	0.5119186046511628	0.0	0.0	0.0	1.0	0.4627906976744186	0.20930232558139536	0.09302325581395349	0.13953488372093023	0.4333017719151445	0.10465116279069768	0.10465116279069768	1.0	0.9941860465116279	LILRA4	FCN1;LST1		0.0	0.0	0.0	0.0	0.0	0.0
vaccination_study_10	Myeloid_lineage	18	Non-Classical Monocyte	1	77	0.9875607753993811	1.0	1.0	0.0777922077922078	0.19870129870129868	0.27649350649350646	0.7235064935064935	0.7235064935064935	0.0	1.0	0.8116883116883117	1.0	0.935064935064935	0.987012987012987	1.776519554123911	0.15584415584415584	0.08441558441558442	0.4805194805194805	0.36363636363636365	VCAN;CD1C	NKG7;GNLY		0.0	0.0	0.0	0.0	0.0	0.7235064935064935
vaccination_study_10	Myeloid_lineage	18	Intermediate Monocyte	2	77	0.9622192755361916	1.0	1.0	0.2305194805194805	0.3818181818181818	0.6	0.4	0.4	0.0	1.0	0.9025974025974026	1.0	0.935064935064935	0.948051948051948	1.0354863893566641	0.4675324675324675	0.24025974025974026	0.987012987012987	0.5714285714285714	CD1C;NKG7	VCAN;FCGR3A		0.0	0.0	0.0	0.0	0.0	0.4
vaccination_study_10	Myeloid_lineage	18	Classical Monocyte	3	77	0.8832059944012965	0.8832059944012965	0.8652604092887632	0.5	0.37402597402597404	0.6	0.26526040928876327	0.26526040928876327	0.0	1.0	0.7168831168831169	0.8571428571428571	0.12987012987012986	0.8311688311688312	1.0324702085836246	1.0	0.6493506493506492	0.8311688311688312	0.8311688311688312	FCGR3A;MS4A7;CD1C	HLA-DRA		0.0	0.0	0.0	0.0	0.0	0.26526040928876327
vaccination_study_10	Myeloid_lineage	18	Neutrophil	4	77	0.8691460924838459	0.8691460924838459	0.3989177489177489	0.025454545454545455	0.43733766233766236	0.4627922077922078	0.0	0.0	0.0	0.6493506493506493	0.26406926406926406	0.6493506493506493	0.0	0.26406926406926406	0.8891013856347914	0.05194805194805195	0.025974025974025976	1.0	0.9155844155844156	MS4A1;CD79A	FCN1;LST1		0.0	0.0	0.0	0.0	0.0	0.0
vaccination_study_10	Myeloid_lineage	18	Eosinophil	5	77	0.5000105238786807	0.5000105238786807	0.0	0.023376623376623377	0.0	0.023376623376623377	0.0	0.0	0.0	0.0	0.0	0.0	0.0	0.0	1.0	0.03896103896103896	0.03896103896103896	0.0	0.0	MS4A1			0.0	0.0	0.0	0.0	0.0	0.0
vaccination_study_10	Myeloid_lineage	18	Basophil	6	77	0.04992528046136684	0.04992528046136684	0.025974025974025976	0.4942857142857143	0.005844155844155844	0.5001298701298701	0.0	0.0	0.0	0.025974025974025976	0.025974025974025976	0.025974025974025976	0.0	0.025974025974025976	0.35164800340021296	1.0	0.5194805194805194	0.012987012987012988	0.012987012987012988	MS4A1;LST1	FCER1A		0.0	0.0	0.0	0.0	0.0	0.0
vaccination_study_10	Myeloid_lineage	18	Mast Cell	7	77	0.5000105238786807	0.5000105238786807	0.0	0.4942857142857143	0.0	0.4942857142857143	0.0	0.0	0.0	0.0	0.0	0.0	0.0	0.0	1.0	1.0	0.5194805194805194	0.0	0.0	MS4A1;LST1			0.0	0.0	0.0	0.0	0.0	0.0
vaccination_study_10	Myeloid_lineage	18	Plasmacytoid DC	8	77	0.04135884321525542	0.11688311688311688	0.11688311688311688	0.3806060606060606	0.00974025974025974	0.39034632034632033	0.0	0.0	0.0	0.5454545454545454	0.10822510822510822	0.11688311688311688	0.0	0.09090909090909091	0.4377686554544994	0.8311688311688312	0.2943722943722944	0.025974025974025976	0.012987012987012988	MS4A1;CD1C;FCN1	MZB1;PRDM1		0.0	0.0	0.0	0.0	0.0	0.0
vaccination_study_10	Myeloid_lineage	18	Conventional DC 1	9	77	0.04569468123171476	0.2077922077922078	0.14025974025974025	0.012727272727272728	0.37402597402597404	0.3867532467532468	0.0	0.0	0.0	0.2077922077922078	0.1038961038961039	0.2077922077922078	0.0	0.1038961038961039	0.9783686445578509	0.025974025974025976	0.012987012987012988	0.8311688311688312	0.8311688311688312	CD1C;FCER1A	HLA-DRA		0.0	0.0	0.0	0.0	0.0	0.0
vaccination_study_10	Myeloid_lineage	18	Conventional DC 2	10	77	0.3597272210645956	0.37402597402597404	0.03896103896103896	0.0	0.43733766233766236	0.43733766233766236	0.0	0.0	0.0	1.0	0.37402597402597404	0.03896103896103896	0.0	0.012987012987012988	0.09673816673116205	0.0	0.0	1.0	0.9155844155844156	LILRA4	FCN1;LST1		0.0	0.0	0.0	0.0	0.0	0.0
vaccination_study_10	Myeloid_lineage	19	Conventional DC 2	1	11	0.08145482098882365	0.5454545454545454	0.5698240010972377	0.0	0.10227272727272725	0.10227272727272725	0.4675512738245105	0.4675512738245105	0.0	0.7272727272727273	0.14545454545454545	0.5454545454545454	0.0	0.5454545454545454	1.0974778225707693	0.0	0.0	0.2727272727272727	0.13636363636363635	LILRA4	FCN1;LST1		0.0	0.0	0.0	0.0	0.0	0.4675512738245105
vaccination_study_10	Myeloid_lineage	19	Plasmacytoid DC	2	11	0.5947043842478584	0.5947043842478584	0.605235956224253	0.33636363636363636	0.0	0.33636363636363636	0.2688723198606166	0.2688723198606166	0.0	0.9090909090909091	0.2727272727272727	0.45454545454545453	0.18181818181818182	0.36363636363636365	1.6027620067151938	0.7272727272727273	0.2727272727272727	0.0	0.0	MS4A1;CD1C;FCN1	MZB1;PRDM1		0.0	0.0	0.0	0.0	0.0	0.2688723198606166
vaccination_study_10	Myeloid_lineage	19	Neutrophil	3	11	0.8713982025215213	0.8713982025215213	0.6212121212121212	0.3718181818181818	0.10227272727272725	0.47409090909090906	0.14712121212121215	0.14712121212121215	0.0	0.8181818181818182	0.5151515151515151	0.8181818181818182	0.0	0.5151515151515151	1.1167617758899084	0.6363636363636364	0.5909090909090908	0.2727272727272727	0.13636363636363635	MS4A1;CD79A	FCN1;LST1		0.0	0.0	0.0	0.0	0.0	0.14712121212121215
vaccination_study_10	Myeloid_lineage	19	Classical Monocyte	4	11	0.010965881585317085	0.2727272727272727	0.2727272727272727	0.08909090909090908	0.08181818181818182	0.1709090909090909	0.10181818181818181	0.10181818181818181	0.0	0.36363636363636365	0.09090909090909091	0.2727272727272727	0.09090909090909091	0.18181818181818182	0.3366313679925941	0.18181818181818182	0.0909090909090909	0.18181818181818182	0.18181818181818182	FCGR3A;MS4A7;CD1C	HLA-DRA		0.0	0.0	0.0	0.0	0.0	0.10181818181818181
vaccination_study_10	Myeloid_lineage	19	Non-Classical Monocyte	5	11	0.04434762476058176	0.18181818181818182	0.18181818181818182	0.0890909090909091	0.4022727272727272	0.49136363636363634	0.0	0.0	0.0	0.6363636363636364	0.16666666666666666	0.18181818181818182	0.09090909090909091	0.18181818181818182	0.33739480280841155	0.18181818181818182	0.09090909090909091	0.9090909090909091	0.8636363636363636	VCAN;CD1C	NKG7;GNLY		0.0	0.0	0.0	0.0	0.0	0.0
vaccination_study_10	Myeloid_lineage	19	Intermediate Monocyte	6	11	0.03628633369114521	0.36363636363636365	0.36363636363636365	0.40090909090909094	0.10909090909090907	0.51	0.0	0.0	0.0	0.36363636363636365	0.13636363636363635	0.36363636363636365	0.09090909090909091	0.18181818181818182	0.38306472189521956	0.8181818181818182	0.4090909090909091	0.2727272727272727	0.18181818181818182	CD1C;NKG7	VCAN;FCGR3A		0.0	0.0	0.0	0.0	0.0	0.0
vaccination_study_10	Myeloid_lineage	19	Basophil	7	11	0.049020226894824354	0.36363636363636365	0.36363636363636365	0.32181818181818184	0.24545454545454543	0.5672727272727273	0.0	0.0	0.0	0.36363636363636365	0.36363636363636365	0.36363636363636365	0.0	0.36363636363636365	3.652315183330009	0.6363636363636364	0.36363636363636365	0.5454545454545454	0.5454545454545454	MS4A1;LST1	FCER1A		0.0	0.0	0.0	0.0	0.0	0.0
vaccination_study_10	Myeloid_lineage	19	Eosinophil	8	11	0.5000105238786807	0.5000105238786807	0.0	0.38181818181818183	0.0	0.38181818181818183	0.0	0.0	0.0	0.0	0.0	0.0	0.0	0.0	1.0	0.6363636363636364	0.6363636363636364	0.0	0.0	MS4A1			0.0	0.0	0.0	0.0	0.0	0.0
vaccination_study_10	Myeloid_lineage	19	Mast Cell	9	11	0.5000105238786807	0.5000105238786807	0.0	0.32181818181818184	0.0	0.32181818181818184	0.0	0.0	0.0	0.0	0.0	0.0	0.0	0.0	1.0	0.6363636363636364	0.36363636363636365	0.0	0.0	MS4A1;LST1			0.0	0.0	0.0	0.0	0.0	0.0
vaccination_study_10	Myeloid_lineage	19	Conventional DC 1	10	11	0.11109006335374966	0.11109006335374966	0.06136363636363636	0.2672727272727272	0.08181818181818182	0.349090909090909	0.0	0.0	0.0	0.09090909090909091	0.045454545454545456	0.09090909090909091	0.0	0.045454545454545456	0.45330497127098984	0.5454545454545454	0.2727272727272727	0.18181818181818182	0.18181818181818182	CD1C;FCER1A	HLA-DRA		0.0	0.0	0.0	0.0	0.0	0.0
vaccination_study_10	Myeloid_lineage	2	Intermediate Monocyte	1	718	0.9207341457767675	1.0	1.0	0.08629526462395543	0.3329038997214484	0.41919916434540383	0.5808008356545962	0.5808008356545962	0.0	1.0	0.7959610027855153	1.0	0.9401114206128134	0.9986072423398329	1.0354863893566641	0.17548746518105848	0.08913649025069639	0.8816155988857939	0.4561281337047354	CD1C;NKG7	VCAN;FCGR3A		0.0	0.0	0.0	0.0	0.0	0.5808008356545962
vaccination_study_10	Myeloid_lineage	2	Classical Monocyte	2	718	0.9551367051840627	1.0	1.0	0.15842154131847724	0.4105153203342618	0.568936861652739	0.43106313834726095	0.43106313834726095	0.0	1.0	0.8913649025069639	1.0	0.8760445682451253	0.9986072423398329	1.2025641473947652	0.34540389972144847	0.1234911792014856	0.9122562674094707	0.9122562674094707	FCGR3A;MS4A7;CD1C	HLA-DRA		0.0	0.0	0.0	0.0	0.0	0.43106313834726095
vaccination_study_10	Myeloid_lineage	2	Neutrophil	3	718	0.9181663193786702	0.9181663193786702	0.49468430826369547	0.010389972144846797	0.44801532033426184	0.4584052924791086	0.036279015784586865	0.036279015784586865	0.0	0.7701949860724234	0.3463324048282266	0.7701949860724234	0.0	0.3463324048282266	1.0520539319487443	0.020891364902506964	0.011142061281337047	1.0	0.9867688022284122	MS4A1;CD79A	FCN1;LST1		0.0	0.0	0.0	0.0	0.0	0.036279015784586865
vaccination_study_10	Myeloid_lineage	2	Non-Classical Monocyte	4	718	0.8153901201826945	0.8153901201826945	0.33565459610027853	0.43566852367688025	0.08931058495821728	0.5249791086350976	0.0	0.0	0.0	0.9902506963788301	0.30640668523676884	0.33565459610027853	0.023676880222841225	0.298050139275766	0.6079823256880666	0.8816155988857939	0.4575208913649025	0.23259052924791088	0.13022284122562675	VCAN;CD1C	NKG7;GNLY		0.0	0.0	0.0	0.0	0.0	0.0
vaccination_study_10	Myeloid_lineage	2	Eosinophil	5	718	0.5000105238786807	0.5000105238786807	0.0	0.0075208913649025076	0.0	0.0075208913649025076	0.0	0.0	0.0	0.0	0.0	0.0	0.0	0.0	1.0	0.012534818941504178	0.012534818941504178	0.0	0.0	MS4A1			0.0	0.0	0.0	0.0	0.0	0.0
vaccination_study_10	Myeloid_lineage	2	Basophil	6	718	0.1618467302308939	0.1618467302308939	0.012534818941504178	0.4790947075208914	0.023189415041782728	0.5022841225626741	0.0	0.0	0.0	0.012534818941504178	0.012534818941504178	0.012534818941504178	0.0	0.012534818941504178	0.22027904503896165	0.9749303621169917	0.49373259052924795	0.05153203342618384	0.05153203342618384	MS4A1;LST1	FCER1A		0.0	0.0	0.0	0.0	0.0	0.0
vaccination_study_10	Myeloid_lineage	2	Mast Cell	7	718	0.5000105238786807	0.5000105238786807	0.0	0.4790947075208914	0.0	0.4790947075208914	0.0	0.0	0.0	0.0	0.0	0.0	0.0	0.0	1.0	0.9749303621169917	0.49373259052924795	0.0	0.0	MS4A1;LST1			0.0	0.0	0.0	0.0	0.0	0.0
vaccination_study_10	Myeloid_lineage	2	Plasmacytoid DC	8	718	0.1422302203700196	0.1422302203700196	0.06963788300835655	0.4563788300835655	0.006789693593314763	0.4631685236768803	0.0	0.0	0.0	0.19220055710306408	0.03528319405756732	0.06963788300835655	0.001392757660167131	0.04178272980501393	0.27476444324682137	0.9986072423398329	0.34958217270194986	0.018105849582172703	0.009052924791086351	MS4A1;CD1C;FCN1	MZB1;PRDM1		0.0	0.0	0.0	0.0	0.0	0.0
vaccination_study_10	Myeloid_lineage	2	Conventional DC 1	9	718	0.2235271831786323	0.2235271831786323	0.11939415041782729	0.03520891364902507	0.4105153203342618	0.44572423398328687	0.0	0.0	0.0	0.17688022284122562	0.08844011142061281	0.17688022284122562	0.0	0.08844011142061281	0.8395054725294934	0.06685236768802229	0.04456824512534819	0.9122562674094707	0.9122562674094707	CD1C;FCER1A	HLA-DRA		0.0	0.0	0.0	0.0	0.0	0.0
vaccination_study_10	Myeloid_lineage	2	Conventional DC 2	10	718	0.8088863631580054	0.8088863631580054	0.0947075208913649	0.010027855153203345	0.44801532033426184	0.4580431754874652	0.0	0.0	0.0	1.0	0.4128133704735376	0.0947075208913649	0.03899721448467967	0.06685236768802229	0.20688314277921824	0.016713091922005572	0.016713091922005572	1.0	0.9867688022284122	LILRA4	FCN1;LST1		0.0	0.0	0.0	0.0	0.0	0.0
vaccination_study_10	Myeloid_lineage	20	Conventional DC 2	1	9	0.9711645724148092	0.9711645724148092	1.0	0.0	0.44166666666666665	0.44166666666666665	0.5583333333333333	0.5583333333333333	0.0	1.0	0.8666666666666668	0.7777777777777778	0.7777777777777778	0.7777777777777778	1.556506553596914	0.0	0.0	1.0	0.9444444444444444	LILRA4	FCN1;LST1		0.0	0.0	0.0	0.0	0.0	0.5583333333333333
vaccination_study_10	Myeloid_lineage	20	Non-Classical Monocyte	2	9	0.9607880280356128	1.0	1.0	0.5	0.0	0.5	0.5	0.5	0.0	1.0	0.8333333333333334	1.0	0.7777777777777778	1.0	1.776519554123911	0.8888888888888888	0.8333333333333333	0.0	0.0	VCAN;CD1C	NKG7;GNLY		0.0	0.0	0.0	0.0	0.0	0.5
vaccination_study_10	Myeloid_lineage	20	Plasmacytoid DC	3	9	0.7537412388709983	0.7537412388709983	1.0	0.5	0.0	0.5	0.5	0.5	0.0	0.6666666666666666	0.2777777777777778	0.6666666666666666	0.5555555555555556	0.6666666666666666	2.33461680430204	1.0	0.6666666666666666	0.0	0.0	MS4A1;CD1C;FCN1	MZB1;PRDM1		0.0	0.0	0.0	0.0	0.0	0.5
vaccination_study_10	Myeloid_lineage	20	Classical Monocyte	4	9	0.9591463029614195	1.0	1.0	0.5	0.44999999999999996	0.6	0.4	0.4	0.0	1.0	0.9111111111111111	1.0	0.8888888888888888	1.0	1.2025641473947652	1.0	0.8518518518518517	1.0	1.0	FCGR3A;MS4A7;CD1C	HLA-DRA		0.0	0.0	0.0	0.0	0.0	0.4
vaccination_study_10	Myeloid_lineage	20	Intermediate Monocyte	5	9	0.9917703268716718	1.0	1.0	0.3811111111111111	0.39166666666666666	0.6	0.4	0.4	0.0	1.0	0.9722222222222222	1.0	1.0	1.0	1.0354863893566641	0.7777777777777778	0.3888888888888889	0.8888888888888888	0.8333333333333333	CD1C;NKG7	VCAN;FCGR3A		0.0	0.0	0.0	0.0	0.0	0.4
vaccination_study_10	Myeloid_lineage	20	Conventional DC 1	6	9	0.910357601397571	0.910357601397571	0.7777777777777777	0.4666666666666667	0.44999999999999996	0.6	0.1777777777777777	0.1777777777777777	0.0	0.7777777777777778	0.7777777777777778	0.7777777777777778	0.0	0.7777777777777778	3.538864335277728	0.7777777777777778	0.7777777777777778	1.0	1.0	CD1C;FCER1A	HLA-DRA		0.0	0.0	0.0	0.0	0.0	0.1777777777777777
vaccination_study_10	Myeloid_lineage	20	Neutrophil	7	9	0.8720927785144493	0.8888888888888888	0.6962962962962962	0.17555555555555552	0.44166666666666665	0.6	0.09629629629629621	0.09629629629629621	0.0	0.8888888888888888	0.5925925925925926	0.8888888888888888	0.0	0.5925925925925926	1.2121067256548719	0.3333333333333333	0.2222222222222222	1.0	0.9444444444444444	MS4A1;CD79A	FCN1;LST1		0.0	0.0	0.0	0.0	0.0	0.09629629629629621
vaccination_study_10	Myeloid_lineage	20	Eosinophil	8	9	0.5000105238786807	0.5000105238786807	0.0	0.13333333333333333	0.0	0.13333333333333333	0.0	0.0	0.0	0.0	0.0	0.0	0.0	0.0	1.0	0.2222222222222222	0.2222222222222222	0.0	0.0	MS4A1			0.0	0.0	0.0	0.0	0.0	0.0
vaccination_study_10	Myeloid_lineage	20	Basophil	9	9	0.9681547431121214	0.9681547431121214	0.5555555555555556	0.46	0.35	0.6	0.0	0.0	0.0	0.5555555555555556	0.5555555555555556	0.5555555555555556	0.0	0.5555555555555556	5.528335418076432	0.8888888888888888	0.5555555555555556	0.7777777777777778	0.7777777777777778	MS4A1;LST1	FCER1A		0.0	0.0	0.0	0.0	0.0	0.0
vaccination_study_10	Myeloid_lineage	20	Mast Cell	10	9	0.5000105238786807	0.5000105238786807	0.0	0.46	0.0	0.46	0.0	0.0	0.0	0.0	0.0	0.0	0.0	0.0	1.0	0.8888888888888888	0.5555555555555556	0.0	0.0	MS4A1;LST1			0.0	0.0	0.0	0.0	0.0	0.0
vaccination_study_10	Myeloid_lineage	3	Intermediate Monocyte	1	710	0.9003283450148387	1.0	1.0	0.11932394366197184	0.32260563380281687	0.4419295774647887	0.5580704225352113	0.5580704225352113	0.0	1.0	0.7341549295774648	1.0	0.8309859154929577	0.9478873239436619	1.0354863893566641	0.24225352112676057	0.12394366197183099	0.8577464788732394	0.4352112676056338	CD1C;NKG7	VCAN;FCGR3A		0.0	0.0	0.0	0.0	0.0	0.5580704225352113
vaccination_study_10	Myeloid_lineage	3	Classical Monocyte	2	710	0.9300688261665719	0.9887323943661972	1.0	0.18230985915492956	0.37014084507042255	0.5524507042253521	0.44754929577464786	0.44754929577464786	0.0	1.0	0.8138028169014084	0.9887323943661972	0.8154929577464789	0.9478873239436619	1.1891482874321966	0.3957746478873239	0.14507042253521127	0.8225352112676056	0.8225352112676056	FCGR3A;MS4A7;CD1C	HLA-DRA		0.0	0.0	0.0	0.0	0.0	0.44754929577464786
vaccination_study_10	Myeloid_lineage	3	Plasmacytoid DC	3	710	0.1639830776030814	0.6211267605633802	0.8711267605633802	0.45335211267605635	0.008450704225352114	0.46180281690140845	0.4093239436619718	0.4093239436619718	0.0	0.6619718309859155	0.1323943661971831	0.6211267605633802	0.08169014084507042	0.5929577464788732	2.1774962672748437	0.9704225352112676	0.3845070422535211	0.022535211267605635	0.011267605633802818	MS4A1;CD1C;FCN1	MZB1;PRDM1		0.0	0.0	0.0	0.0	0.0	0.4093239436619718
vaccination_study_10	Myeloid_lineage	3	Neutrophil	4	710	0.9231335901159732	0.9231335901159732	0.4662676056338028	0.013802816901408452	0.4405985915492957	0.45440140845070415	0.01186619718309867	0.01186619718309867	0.0	0.7253521126760564	0.3267605633802817	0.7253521126760564	0.0	0.3267605633802817	0.9915855591461686	0.028169014084507043	0.014084507042253521	0.9985915492957746	0.9401408450704225	MS4A1;CD79A	FCN1;LST1		0.0	0.0	0.0	0.0	0.0	0.01186619718309867
vaccination_study_10	Myeloid_lineage	3	Non-Classical Monocyte	5	710	0.7389025699311738	0.7389025699311738	0.2647887323943662	0.45680281690140845	0.057253521126760555	0.514056338028169	0.0	0.0	0.0	0.971830985915493	0.25868544600938964	0.2647887323943662	0.014084507042253521	0.23380281690140844	0.4833342142094199	0.9	0.5218309859154929	0.15211267605633802	0.07746478873239437	VCAN;CD1C	NKG7;GNLY		0.0	0.0	0.0	0.0	0.0	0.0
vaccination_study_10	Myeloid_lineage	3	Eosinophil	6	710	0.5000105238786807	0.5000105238786807	0.0	0.010985915492957746	0.0	0.010985915492957746	0.0	0.0	0.0	0.0	0.0	0.0	0.0	0.0	1.0	0.018309859154929577	0.018309859154929577	0.0	0.0	MS4A1			0.0	0.0	0.0	0.0	0.0	0.0
vaccination_study_10	Myeloid_lineage	3	Basophil	7	710	0.5416956073330387	0.5416956073330387	0.07746478873239436	0.4599577464788732	0.1742957746478873	0.6	0.0	0.0	0.0	0.07746478873239436	0.07746478873239436	0.07746478873239436	0.0	0.07746478873239436	0.8549729281836568	0.9352112676056338	0.4753521126760563	0.3873239436619718	0.3873239436619718	MS4A1;LST1	FCER1A		0.0	0.0	0.0	0.0	0.0	0.0
vaccination_study_10	Myeloid_lineage	3	Mast Cell	8	710	0.5000105238786807	0.5000105238786807	0.0	0.4599577464788732	0.0	0.4599577464788732	0.0	0.0	0.0	0.0	0.0	0.0	0.0	0.0	1.0	0.9352112676056338	0.4753521126760563	0.0	0.0	MS4A1;LST1			0.0	0.0	0.0	0.0	0.0	0.0
vaccination_study_10	Myeloid_lineage	3	Conventional DC 1	9	710	0.11258445412641283	0.12535211267605634	0.08461267605633802	0.21307042253521127	0.37014084507042255	0.5832112676056338	0.0	0.0	0.0	0.12535211267605634	0.06267605633802817	0.12535211267605634	0.0	0.06267605633802817	0.6080303072332996	0.39436619718309857	0.28732394366197184	0.8225352112676056	0.8225352112676056	CD1C;FCER1A	HLA-DRA		0.0	0.0	0.0	0.0	0.0	0.0
vaccination_study_10	Myeloid_lineage	3	Conventional DC 2	10	710	0.860442844814885	0.860442844814885	0.5802816901408451	0.35577464788732394	0.4405985915492957	0.6	0.0	0.0	0.0	0.9985915492957746	0.5377464788732395	0.4140845070422535	0.29014084507042254	0.3873239436619718	0.8379143625404314	0.5929577464788732	0.5929577464788732	0.9985915492957746	0.9401408450704225	LILRA4	FCN1;LST1		0.0	0.0	0.0	0.0	0.0	0.0
vaccination_study_10	Myeloid_lineage	4	Conventional DC 2	1	703	0.9916650880848645	0.9916650880848645	1.0	0.015362731152204837	0.2991465149359886	0.3145092460881934	0.6854907539118066	0.6854907539118066	0.0	0.9957325746799431	0.8415362731152205	0.9672830725462305	0.8762446657183499	0.9018492176386913	1.930934776338198	0.025604551920341393	0.025604551920341393	0.7339971550497866	0.5263157894736842	LILRA4	FCN1;LST1		0.0	0.0	0.0	0.0	0.0	0.6854907539118066
vaccination_study_10	Myeloid_lineage	4	Intermediate Monocyte	2	703	0.6584790890530614	0.984352773826458	1.0	0.5	0.18264580369843525	0.6	0.4	0.4	0.0	0.984352773826458	0.581081081081081	0.984352773826458	0.6273115220483642	0.9701280227596017	1.0194443203132104	0.9473684210526315	0.7567567567567568	0.4822190611664296	0.2532005689900427	CD1C;NKG7	VCAN;FCGR3A		0.0	0.0	0.0	0.0	0.0	0.4
vaccination_study_10	Myeloid_lineage	4	Neutrophil	3	703	0.8261244764370357	0.930298719772404	0.6963726884779516	0.22049786628733997	0.2991465149359886	0.5196443812233286	0.17672830725462307	0.17672830725462307	0.0	0.930298719772404	0.5704125177809388	0.930298719772404	0.0	0.5704125177809388	1.2679458122678824	0.38549075391180654	0.33641536273115225	0.7339971550497866	0.5263157894736842	MS4A1;CD79A	FCN1;LST1		0.0	0.0	0.0	0.0	0.0	0.17672830725462307
vaccination_study_10	Myeloid_lineage	4	Classical Monocyte	4	703	0.5893372061206879	0.6088193456614509	0.7112375533428165	0.366135609293504	0.43655761024182077	0.6	0.11123755334281649	0.11123755334281649	0.0	0.89900426742532	0.4947368421052632	0.6088193456614509	0.35561877667140823	0.4950213371266003	0.7368019394126231	0.7738264580369844	0.32764343290659076	0.9701280227596017	0.9701280227596017	FCGR3A;MS4A7;CD1C	HLA-DRA		0.0	0.0	0.0	0.0	0.0	0.11123755334281649
vaccination_study_10	Myeloid_lineage	4	Non-Classical Monocyte	5	703	0.30750773505083034	0.3669985775248933	0.3669985775248933	0.45603129445234714	0.4043385490753912	0.6	0.0	0.0	0.0	0.8975817923186344	0.28093883357041255	0.3669985775248933	0.02702702702702703	0.3015647226173542	0.6631142028216556	0.8776671408250356	0.5568990042674253	0.9075391180654339	0.8805120910384068	VCAN;CD1C	NKG7;GNLY		0.0	0.0	0.0	0.0	0.0	0.0
vaccination_study_10	Myeloid_lineage	4	Eosinophil	6	703	0.5000105238786807	0.5000105238786807	0.0	0.22446657183499288	0.0	0.22446657183499288	0.0	0.0	0.0	0.0	0.0	0.0	0.0	0.0	1.0	0.3741109530583215	0.3741109530583215	0.0	0.0	MS4A1			0.0	0.0	0.0	0.0	0.0	0.0
vaccination_study_10	Myeloid_lineage	4	Basophil	7	703	0.012986466292016585	0.03698435277382646	0.03698435277382646	0.39546230440967284	0.40583214793741107	0.6	0.0	0.0	0.0	0.03698435277382646	0.03698435277382646	0.03698435277382646	0.0	0.03698435277382646	0.459274529236637	0.7709815078236131	0.4658605974395448	0.9018492176386913	0.9018492176386913	MS4A1;LST1	FCER1A		0.0	0.0	0.0	0.0	0.0	0.0
vaccination_study_10	Myeloid_lineage	4	Mast Cell	8	703	0.5000105238786807	0.5000105238786807	0.0	0.39546230440967284	0.0	0.39546230440967284	0.0	0.0	0.0	0.0	0.0	0.0	0.0	0.0	1.0	0.7709815078236131	0.4658605974395448	0.0	0.0	MS4A1;LST1			0.0	0.0	0.0	0.0	0.0	0.0
vaccination_study_10	Myeloid_lineage	4	Plasmacytoid DC	9	703	0.01435457052051104	0.22569938359412045	0.1422475106685633	0.46180180180180186	0.017603129445234705	0.47940493124703654	0.0	0.0	0.0	0.9445234708392604	0.22569938359412045	0.1422475106685633	0.011379800853485065	0.09103840682788052	0.5252801923448011	0.9231863442389758	0.5045045045045046	0.04694167852062589	0.023470839260312945	MS4A1;CD1C;FCN1	MZB1;PRDM1		0.0	0.0	0.0	0.0	0.0	0.0
vaccination_study_10	Myeloid_lineage	4	Conventional DC 1	10	703	0.02386815684788786	0.38264580369843526	0.2582859174964438	0.5	0.43655761024182077	0.6	0.0	0.0	0.0	0.38264580369843526	0.19132290184921763	0.38264580369843526	0.0	0.19132290184921763	1.7638479661415616	0.9374110953058321	0.7731152204836416	0.9701280227596017	0.9701280227596017	CD1C;FCER1A	HLA-DRA		0.0	0.0	0.0	0.0	0.0	0.0
vaccination_study_10	Myeloid_lineage	5	Intermediate Monocyte	1	694	0.9305634484645661	1.0	1.0	0.10881844380403458	0.3412824207492795	0.4501008645533141	0.5498991354466859	0.5498991354466859	0.0	1.0	0.8213256484149856	1.0	0.9668587896253602	0.9870317002881844	1.0354863893566641	0.22046109510086456	0.1138328530259366	0.9048991354466859	0.4654178674351585	CD1C;NKG7	VCAN;FCGR3A		0.0	0.0	0.0	0.0	0.0	0.5498991354466859
vaccination_study_10	Myeloid_lineage	5	Classical Monocyte	2	694	0.9556944707541412	0.9971181556195965	1.0	0.20202689721421707	0.4350864553314121	0.6	0.4	0.4	0.0	1.0	0.8792507204610951	0.9971181556195965	0.8876080691642652	0.9870317002881844	1.1991328575628402	0.43515850144092216	0.16666666666666666	0.9668587896253602	0.9668587896253602	FCGR3A;MS4A7;CD1C	HLA-DRA		0.0	0.0	0.0	0.0	0.0	0.4
vaccination_study_10	Myeloid_lineage	5	Neutrophil	3	694	0.9604302161604681	0.9604302161604681	0.610014409221902	0.017737752161383288	0.447514409221902	0.4652521613832853	0.1447622478386167	0.1447622478386167	0.0	0.8919308357348703	0.45821325648414984	0.8919308357348703	0.0	0.45821325648414984	1.216208638890952	0.0345821325648415	0.02089337175792507	1.0	0.9834293948126801	MS4A1;CD79A	FCN1;LST1		0.0	0.0	0.0	0.0	0.0	0.1447622478386167
vaccination_study_10	Myeloid_lineage	5	Non-Classical Monocyte	4	694	0.8100124181768433	0.8100124181768433	0.3919308357348703	0.4585734870317003	0.08948126801152737	0.5480547550432276	0.0	0.0	0.0	0.9899135446685879	0.29346781940441885	0.3919308357348703	0.01729106628242075	0.3515850144092219	0.7069683060280819	0.9135446685878963	0.5064841498559077	0.22910662824207492	0.13832853025936598	VCAN;CD1C	NKG7;GNLY		0.0	0.0	0.0	0.0	0.0	0.0
vaccination_study_10	Myeloid_lineage	5	Eosinophil	5	694	0.5000105238786807	0.5000105238786807	0.0	0.017291066282420747	0.0	0.017291066282420747	0.0	0.0	0.0	0.0	0.0	0.0	0.0	0.0	1.0	0.02881844380403458	0.02881844380403458	0.0	0.0	MS4A1			0.0	0.0	0.0	0.0	0.0	0.0
vaccination_study_10	Myeloid_lineage	5	Basophil	6	694	0.19474437498684516	0.19474437498684516	0.018731988472622477	0.4838328530259366	0.06030259365994236	0.544135446685879	0.0	0.0	0.0	0.018731988472622477	0.018731988472622477	0.018731988472622477	0.0	0.018731988472622477	0.28085670442920696	0.9812680115273775	0.5043227665706052	0.1340057636887608	0.1340057636887608	MS4A1;LST1	FCER1A		0.0	0.0	0.0	0.0	0.0	0.0
vaccination_study_10	Myeloid_lineage	5	Mast Cell	7	694	0.5000105238786807	0.5000105238786807	0.0	0.4838328530259366	0.0	0.4838328530259366	0.0	0.0	0.0	0.0	0.0	0.0	0.0	0.0	1.0	0.9812680115273775	0.5043227665706052	0.0	0.0	MS4A1;LST1			0.0	0.0	0.0	0.0	0.0	0.0
vaccination_study_10	Myeloid_lineage	5	Plasmacytoid DC	8	694	0.16506703710719622	0.16506703710719622	0.11959654178674352	0.45911623439000965	0.028206051873198846	0.4873222862632085	0.0	0.0	0.0	0.2723342939481268	0.053314121037463975	0.11959654178674352	0.011527377521613832	0.07780979827089338	0.44713043975580735	0.9899135446685879	0.3770413064361191	0.07492795389048991	0.03818443804034582	MS4A1;CD1C;FCN1	MZB1;PRDM1		0.0	0.0	0.0	0.0	0.0	0.0
vaccination_study_10	Myeloid_lineage	5	Conventional DC 1	9	694	0.2499315947885753	0.2499315947885753	0.08948126801152737	0.08819884726224785	0.4350864553314121	0.5232853025936599	0.0	0.0	0.0	0.13256484149855907	0.06628242074927954	0.13256484149855907	0.0	0.06628242074927954	0.6404314100696694	0.15994236311239193	0.12463976945244956	0.9668587896253602	0.9668587896253602	CD1C;FCER1A	HLA-DRA		0.0	0.0	0.0	0.0	0.0	0.0
vaccination_study_10	Myeloid_lineage	5	Conventional DC 2	10	694	0.8635158173896571	0.8635158173896571	0.2334293948126801	0.04668587896253602	0.447514409221902	0.494200288184438	0.0	0.0	0.0	1.0	0.476657060518732	0.21469740634005763	0.11671469740634005	0.17146974063400577	0.44396147671378794	0.07780979827089338	0.07780979827089338	1.0	0.9834293948126801	LILRA4	FCN1;LST1		0.0	0.0	0.0	0.0	0.0	0.0
vaccination_study_10	Myeloid_lineage	6	Classical Monocyte	1	663	0.9638610006103849	0.9894419306184012	1.0	0.3461739567621921	0.3739819004524887	0.6	0.4	0.4	0.0	1.0	0.8153846153846155	0.9894419306184012	0.8009049773755657	0.9607843137254902	1.1899931021432633	0.7194570135746606	0.3308195072900955	0.8310708898944194	0.8310708898944194	FCGR3A;MS4A7;CD1C	HLA-DRA		0.0	0.0	0.0	0.0	0.0	0.4
vaccination_study_10	Myeloid_lineage	6	Intermediate Monocyte	2	663	0.9470438424785839	0.995475113122172	1.0	0.298868778280543	0.31402714932126696	0.6	0.4	0.4	0.0	1.0	0.7839366515837104	0.995475113122172	0.8597285067873304	0.9607843137254902	1.0308473212622389	0.6018099547511312	0.3190045248868778	0.8355957767722474	0.42232277526395173	CD1C;NKG7	VCAN;FCGR3A		0.0	0.0	0.0	0.0	0.0	0.4
vaccination_study_10	Myeloid_lineage	6	Conventional DC 2	3	663	0.9387720738355328	0.9387720738355328	1.0	0.36832579185520364	0.4419683257918552	0.6	0.4	0.4	0.0	1.0	0.7647058823529412	0.755656108597285	0.6772247360482655	0.7496229260935143	1.5127981322283022	0.6138763197586727	0.6138763197586727	0.9969834087481146	0.9524886877828054	LILRA4	FCN1;LST1		0.0	0.0	0.0	0.0	0.0	0.4
vaccination_study_10	Myeloid_lineage	6	Plasmacytoid DC	4	663	0.47466902401549116	0.6244343891402715	0.8744343891402715	0.48958270487682254	0.004524886877828055	0.4941075917546506	0.3803267973856209	0.3803267973856209	0.0	0.6546003016591252	0.15434891905480141	0.6244343891402715	0.21116138763197587	0.6138763197586727	2.188908156818686	0.9894419306184012	0.5163398692810457	0.012066365007541479	0.006033182503770739	MS4A1;CD1C;FCN1	MZB1;PRDM1		0.0	0.0	0.0	0.0	0.0	0.3803267973856209
vaccination_study_10	Myeloid_lineage	6	Neutrophil	5	663	0.9512112984361516	0.9512112984361516	0.5141277023629964	0.009607843137254901	0.4419683257918552	0.45157616892911007	0.06255153343388636	0.06255153343388636	0.0	0.7873303167420814	0.36701860231272	0.7873303167420814	0.0	0.36701860231272	1.0751600686556806	0.0196078431372549	0.00980392156862745	0.9969834087481146	0.9524886877828054	MS4A1;CD79A	FCN1;LST1		0.0	0.0	0.0	0.0	0.0	0.06255153343388636
vaccination_study_10	Myeloid_lineage	6	Non-Classical Monocyte	6	663	0.8481193828797542	0.8481193828797542	0.4253393665158371	0.5	0.05339366515837104	0.5533936651583711	0.0	0.0	0.0	0.9743589743589743	0.28707893413775765	0.4253393665158371	0.00904977375565611	0.3996983408748115	0.7657315814804958	0.951734539969834	0.7036199095022624	0.14177978883861236	0.07239819004524888	VCAN;CD1C	NKG7;GNLY		0.0	0.0	0.0	0.0	0.0	0.0
vaccination_study_10	Myeloid_lineage	6	Basophil	7	663	0.7924164930226685	0.7924164930226685	0.20965309200603321	0.463815987933635	0.33733031674208147	0.6	0.0	0.0	0.0	0.2096530920060332	0.2096530920060332	0.2096530920060332	0.0	0.2096530920060332	2.147120572503456	0.9441930618401206	0.4773755656108597	0.7496229260935143	0.7496229260935143	MS4A1;LST1	FCER1A		0.0	0.0	0.0	0.0	0.0	0.0
vaccination_study_10	Myeloid_lineage	6	Eosinophil	8	663	0.5000105238786807	0.5000105238786807	0.0	0.006334841628959276	0.0	0.006334841628959276	0.0	0.0	0.0	0.0	0.0	0.0	0.0	0.0	1.0	0.010558069381598794	0.010558069381598794	0.0	0.0	MS4A1			0.0	0.0	0.0	0.0	0.0	0.0
vaccination_study_10	Myeloid_lineage	6	Mast Cell	9	663	0.5000105238786807	0.5000105238786807	0.0	0.463815987933635	0.0	0.463815987933635	0.0	0.0	0.0	0.0	0.0	0.0	0.0	0.0	1.0	0.9441930618401206	0.4773755656108597	0.0	0.0	MS4A1;LST1			0.0	0.0	0.0	0.0	0.0	0.0
vaccination_study_10	Myeloid_lineage	6	Conventional DC 1	10	663	0.4106838416366736	0.4106838416366736	0.06817496229260936	0.43200603318250375	0.3739819004524887	0.6	0.0	0.0	0.0	0.09954751131221719	0.05128205128205129	0.09954751131221719	0.0	0.05128205128205129	0.4921105821172284	0.7526395173453997	0.6636500754147813	0.8310708898944194	0.8310708898944194	CD1C;FCER1A	HLA-DRA		0.0	0.0	0.0	0.0	0.0	0.0
vaccination_study_10	Myeloid_lineage	7	Conventional DC 2	1	608	0.9209025278356591	0.9736842105263158	1.0	0.3256578947368421	0.15160361842105263	0.4772615131578947	0.5227384868421052	0.5227384868421052	0.0	1.0	0.8296052631578948	0.9736842105263158	0.9013157894736842	0.9407894736842105	1.9435822684324617	0.5427631578947368	0.5427631578947368	0.3684210526315789	0.2738486842105263	LILRA4	FCN1;LST1		0.0	0.0	0.0	0.0	0.0	0.5227384868421052
vaccination_study_10	Myeloid_lineage	7	Intermediate Monocyte	2	608	0.8422786302119509	1.0	1.0	0.46873355263157895	0.0537828947368421	0.5225164473684211	0.47748355263157893	0.47748355263157893	0.0	1.0	0.501233552631579	1.0	0.4934210526315789	1.0	1.0354863893566641	0.9473684210526315	0.4942434210526316	0.14309210526315788	0.07236842105263158	CD1C;NKG7	VCAN;FCGR3A		0.0	0.0	0.0	0.0	0.0	0.47748355263157893
vaccination_study_10	Myeloid_lineage	7	Plasmacytoid DC	3	608	0.9207341457767675	0.9207341457767675	0.9473684210526315	0.5	0.004934210526315788	0.5049342105263158	0.4424342105263157	0.4424342105263157	0.0	0.8240131578947368	0.1968201754385965	0.6973684210526315	0.15953947368421054	0.5427631578947368	2.4405431565843467	0.9835526315789473	0.6365131578947368	0.013157894736842105	0.006578947368421052	MS4A1;CD1C;FCN1	MZB1;PRDM1		0.0	0.0	0.0	0.0	0.0	0.4424342105263157
vaccination_study_10	Myeloid_lineage	7	Classical Monocyte	4	608	0.6471974911073225	0.6471974911073225	0.2598684210526316	0.46375	0.44999999999999996	0.6	0.0	0.0	0.0	0.6726973684210527	0.2710526315789473	0.2598684210526316	0.125	0.24835526315789475	0.32132087888309846	0.9490131578947368	0.46875	1.0	1.0	FCGR3A;MS4A7;CD1C	HLA-DRA		0.0	0.0	0.0	0.0	0.0	0.0
vaccination_study_10	Myeloid_lineage	7	Non-Classical Monocyte	5	608	0.5270147965734251	0.5270147965734251	0.46381578947368424	0.47662828947368424	0.04453125	0.5211595394736842	0.0	0.0	0.0	0.5674342105263158	0.14528508771929827	0.46381578947368424	0.004934210526315789	0.45723684210526316	0.8334089257947113	0.9424342105263158	0.5386513157894737	0.11842105263157894	0.060032894736842105	VCAN;CD1C	NKG7;GNLY		0.0	0.0	0.0	0.0	0.0	0.0
vaccination_study_10	Myeloid_lineage	7	Neutrophil	6	608	0.6359474647976258	0.6359474647976258	0.1769736842105263	0.5	0.15160361842105263	0.6	0.0	0.0	0.0	0.27960526315789475	0.12171052631578948	0.27960526315789475	0.0	0.12171052631578948	0.390518218211199	0.944078947368421	0.7623355263157895	0.3684210526315789	0.2738486842105263	MS4A1;CD79A	FCN1;LST1		0.0	0.0	0.0	0.0	0.0	0.0
vaccination_study_10	Myeloid_lineage	7	Basophil	7	608	0.9002441539853929	0.9002441539853929	0.11842105263157895	0.4127960526315789	0.40929276315789476	0.6	0.0	0.0	0.0	0.11842105263157894	0.11842105263157894	0.11842105263157894	0.0	0.11842105263157894	1.2553225703749191	0.7911184210526315	0.5098684210526316	0.9095394736842105	0.9095394736842105	MS4A1;LST1	FCER1A		0.0	0.0	0.0	0.0	0.0	0.0
vaccination_study_10	Myeloid_lineage	7	Eosinophil	8	608	0.5000105238786807	0.5000105238786807	0.0	0.43223684210526314	0.0	0.43223684210526314	0.0	0.0	0.0	0.0	0.0	0.0	0.0	0.0	1.0	0.7203947368421053	0.7203947368421053	0.0	0.0	MS4A1			0.0	0.0	0.0	0.0	0.0	0.0
vaccination_study_10	Myeloid_lineage	7	Mast Cell	9	608	0.5000105238786807	0.5000105238786807	0.0	0.4127960526315789	0.0	0.4127960526315789	0.0	0.0	0.0	0.0	0.0	0.0	0.0	0.0	1.0	0.7911184210526315	0.5098684210526316	0.0	0.0	MS4A1;LST1			0.0	0.0	0.0	0.0	0.0	0.0
vaccination_study_10	Myeloid_lineage	7	Conventional DC 1	10	608	0.9681336953547599	0.9681336953547599	0.4351973684210526	0.5	0.44999999999999996	0.6	0.0	0.0	0.0	0.6447368421052632	0.3223684210526316	0.6447368421052632	0.0	0.3223684210526316	2.9412163237895808	0.9720394736842105	0.9251644736842105	1.0	1.0	CD1C;FCER1A	HLA-DRA		0.0	0.0	0.0	0.0	0.0	0.0
vaccination_study_10	Myeloid_lineage	8	Intermediate Monocyte	1	582	0.8987497632127297	1.0	1.0	0.21529209621993128	0.3347938144329897	0.550085910652921	0.449914089347079	0.449914089347079	0.0	1.0	0.8462199312714778	1.0	0.9776632302405498	0.9896907216494846	1.0354863893566641	0.43127147766323026	0.23367697594501718	0.8762886597938144	0.4793814432989691	CD1C;NKG7	VCAN;FCGR3A		0.0	0.0	0.0	0.0	0.0	0.449914089347079
vaccination_study_10	Myeloid_lineage	8	Classical Monocyte	2	582	0.9152827766201511	0.993127147766323	1.0	0.2683276059564719	0.4391752577319587	0.6	0.4	0.4	0.0	1.0	0.9072164948453608	0.993127147766323	0.8402061855670103	0.9896907216494846	1.194380933843714	0.5721649484536082	0.23138602520045817	0.9759450171821306	0.9759450171821306	FCGR3A;MS4A7;CD1C	HLA-DRA		0.0	0.0	0.0	0.0	0.0	0.4
vaccination_study_10	Myeloid_lineage	8	Neutrophil	3	582	0.8958451726968492	0.8958451726968492	0.5691294387170676	0.024896907216494846	0.4467783505154639	0.47167525773195873	0.09745418098510883	0.09745418098510883	0.0	0.845360824742268	0.42038946162657503	0.845360824742268	0.0	0.42038946162657503	1.1534113073901373	0.048109965635738834	0.03006872852233677	1.0	0.9785223367697595	MS4A1;CD79A	FCN1;LST1		0.0	0.0	0.0	0.0	0.0	0.09745418098510883
vaccination_study_10	Myeloid_lineage	8	Non-Classical Monocyte	4	582	0.8236197933110228	0.8236197933110228	0.5412371134020618	0.43585910652920967	0.1967783505154639	0.6	0.0	0.0	0.0	0.9896907216494846	0.4014891179839634	0.5412371134020618	0.09106529209621993	0.4518900343642612	0.9695876345718639	0.865979381443299	0.4853951890034364	0.47766323024054985	0.35652920962199314	VCAN;CD1C	NKG7;GNLY		0.0	0.0	0.0	0.0	0.0	0.0
vaccination_study_10	Myeloid_lineage	8	Eosinophil	5	582	0.5000105238786807	0.5000105238786807	0.0	0.02061855670103093	0.0	0.02061855670103093	0.0	0.0	0.0	0.0	0.0	0.0	0.0	0.0	1.0	0.03436426116838488	0.03436426116838488	0.0	0.0	MS4A1			0.0	0.0	0.0	0.0	0.0	0.0
vaccination_study_10	Myeloid_lineage	8	Basophil	6	582	0.047431121214034644	0.047431121214034644	0.020618556701030927	0.4784364261168385	0.024742268041237116	0.5031786941580756	0.0	0.0	0.0	0.020618556701030927	0.020618556701030927	0.020618556701030927	0.0	0.020618556701030927	0.2992980084766634	0.9690721649484536	0.5008591065292096	0.054982817869415807	0.054982817869415807	MS4A1;LST1	FCER1A		0.0	0.0	0.0	0.0	0.0	0.0
vaccination_study_10	Myeloid_lineage	8	Mast Cell	7	582	0.5000105238786807	0.5000105238786807	0.0	0.4784364261168385	0.0	0.4784364261168385	0.0	0.0	0.0	0.0	0.0	0.0	0.0	0.0	1.0	0.9690721649484536	0.5008591065292096	0.0	0.0	MS4A1;LST1			0.0	0.0	0.0	0.0	0.0	0.0
vaccination_study_10	Myeloid_lineage	8	Plasmacytoid DC	8	582	0.04026435983245985	0.09793814432989689	0.08075601374570447	0.4618098510882016	0.023195876288659795	0.48500572737686143	0.0	0.0	0.0	0.48281786941580757	0.09793814432989689	0.08075601374570447	0.0	0.054982817869415807	0.31312391347121465	0.993127147766323	0.3837342497136311	0.061855670103092786	0.03092783505154639	MS4A1;CD1C;FCN1	MZB1;PRDM1		0.0	0.0	0.0	0.0	0.0	0.0
vaccination_study_10	Myeloid_lineage	8	Conventional DC 1	9	582	0.07457220433162846	0.25773195876288657	0.17396907216494845	0.08663230240549827	0.4391752577319587	0.525807560137457	0.0	0.0	0.0	0.25773195876288657	0.12886597938144329	0.25773195876288657	0.0	0.12886597938144329	1.2027085645303581	0.17525773195876287	0.09106529209621993	0.9759450171821306	0.9759450171821306	CD1C;FCER1A	HLA-DRA		0.0	0.0	0.0	0.0	0.0	0.0
vaccination_study_10	Myeloid_lineage	8	Conventional DC 2	10	582	0.6857359348361431	0.6857359348361431	0.3333333333333333	0.003092783505154639	0.4467783505154639	0.4498711340206185	0.0	0.0	0.0	1.0	0.4735395189003436	0.3333333333333333	0.058419243986254296	0.211340206185567	0.6783646333729851	0.005154639175257732	0.005154639175257732	1.0	0.9785223367697595	LILRA4	FCN1;LST1		0.0	0.0	0.0	0.0	0.0	0.0
vaccination_study_10	Myeloid_lineage	9	Intermediate Monocyte	1	538	0.9422975731935762	0.9962825278810409	1.0	0.12611524163568774	0.33303903345724906	0.4591542750929368	0.5408457249070632	0.5408457249070632	0.0	0.9981412639405205	0.8350371747211897	0.9962825278810409	0.9702602230483272	0.983271375464684	1.0316751103645896	0.2527881040892193	0.13661710037174724	0.8773234200743495	0.4656133828996283	CD1C;NKG7	VCAN;FCGR3A		0.0	0.0	0.0	0.0	0.0	0.5408457249070632
vaccination_study_10	Myeloid_lineage	9	Classical Monocyte	2	538	0.9624928963818906	0.9981412639405205	1.0	0.2529739776951673	0.4274163568773234	0.6	0.4	0.4	0.0	1.0	0.8743494423791823	0.9981412639405205	0.845724907063197	0.983271375464684	1.2003510292317952	0.5408921933085502	0.21561338289962825	0.949814126394052	0.949814126394052	FCGR3A;MS4A7;CD1C	HLA-DRA		0.0	0.0	0.0	0.0	0.0	0.4
vaccination_study_10	Myeloid_lineage	9	Neutrophil	3	538	0.926374944749637	0.926374944749637	0.5003407682775712	0.01730483271375465	0.4467936802973978	0.46409851301115246	0.03624225526641878	0.03624225526641878	0.0	0.7713754646840149	0.35439900867410157	0.7713754646840149	0.0	0.35439900867410157	1.0536457483370527	0.03531598513011153	0.017657992565055763	0.9981412639405205	0.9823420074349443	MS4A1;CD79A	FCN1;LST1		0.0	0.0	0.0	0.0	0.0	0.03624225526641878
vaccination_study_10	Myeloid_lineage	9	Non-Classical Monocyte	4	538	0.8988234303634948	0.8988234303634948	0.4962825278810409	0.44814126394052045	0.0783457249070632	0.5264869888475836	0.0	0.0	0.0	1.0	0.38197026022304836	0.4962825278810409	0.055762081784386616	0.4256505576208178	0.8905156541504488	0.8866171003717472	0.5055762081784387	0.20631970260223048	0.10966542750929369	VCAN;CD1C	NKG7;GNLY		0.0	0.0	0.0	0.0	0.0	0.0
vaccination_study_10	Myeloid_lineage	9	Eosinophil	5	538	0.5000105238786807	0.5000105238786807	0.0	0.015613382899628252	0.0	0.015613382899628252	0.0	0.0	0.0	0.0	0.0	0.0	0.0	0.0	1.0	0.026022304832713755	0.026022304832713755	0.0	0.0	MS4A1			0.0	0.0	0.0	0.0	0.0	0.0
vaccination_study_10	Myeloid_lineage	9	Basophil	6	538	0.27004272694744375	0.27004272694744375	0.02973977695167286	0.48375464684014874	0.10204460966542751	0.5857992565055763	0.0	0.0	0.0	0.02973977695167286	0.02973977695167286	0.02973977695167286	0.0	0.02973977695167286	0.3884584180462701	0.9814126394052045	0.5037174721189591	0.22676579925650558	0.22676579925650558	MS4A1;LST1	FCER1A		0.0	0.0	0.0	0.0	0.0	0.0
vaccination_study_10	Myeloid_lineage	9	Mast Cell	7	538	0.5000105238786807	0.5000105238786807	0.0	0.48375464684014874	0.0	0.48375464684014874	0.0	0.0	0.0	0.0	0.0	0.0	0.0	0.0	1.0	0.9814126394052045	0.5037174721189591	0.0	0.0	MS4A1;LST1			0.0	0.0	0.0	0.0	0.0	0.0
vaccination_study_10	Myeloid_lineage	9	Plasmacytoid DC	8	538	0.26828523920776237	0.26828523920776237	0.1691449814126394	0.460817843866171	0.012546468401486988	0.47336431226765796	0.0	0.0	0.0	0.3382899628252788	0.06784386617100371	0.1691449814126394	0.026022304832713755	0.13382899628252787	0.6180811093778196	0.9888475836431226	0.3866171003717472	0.03345724907063197	0.016728624535315983	MS4A1;CD1C;FCN1	MZB1;PRDM1		0.0	0.0	0.0	0.0	0.0	0.0
vaccination_study_10	Myeloid_lineage	9	Conventional DC 1	9	538	0.28060343920355285	0.28060343920355285	0.0978624535315985	0.12979553903345725	0.4274163568773234	0.5572118959107806	0.0	0.0	0.0	0.1449814126394052	0.0724907063197026	0.1449814126394052	0.0	0.0724907063197026	0.6962092728328586	0.23234200743494424	0.18866171003717475	0.949814126394052	0.949814126394052	CD1C;FCER1A	HLA-DRA		0.0	0.0	0.0	0.0	0.0	0.0
vaccination_study_10	Myeloid_lineage	9	Conventional DC 2	10	538	0.888425838226937	0.888425838226937	0.3828996282527881	0.08029739776951672	0.4467936802973978	0.5270910780669145	0.0	0.0	0.0	1.0	0.507806691449814	0.258364312267658	0.19144981412639406	0.22676579925650558	0.5302393931121644	0.13382899628252787	0.13382899628252787	0.9981412639405205	0.9823420074349443	LILRA4	FCN1;LST1		0.0	0.0	0.0	0.0	0.0	0.0
