study	lineage	cluster	candidate_label	rank_within_cluster	n_cells	marker_pct	marker_decision_score	marker_base_score	negative_marker_penalty	confound_marker_penalty	marker_penalty	marker_discriminative_score	marker_gate_score	key_marker_bonus	marker_any_fraction	marker_mean_positive_fraction	key_marker_any_fraction	key_marker_two_fraction	key_marker_max_fraction	key_marker_enrichment	negative_marker_any_fraction	negative_marker_mean_positive_fraction	confound_marker_any_fraction	confound_marker_mean_positive_fraction	available_negative_markers	available_confound_markers	available_policy_required_markers	policy_required_any_fraction	policy_required_mean_positive_fraction	ref_fraction	raw_fraction	screfmapping_fraction	total_score
vaccination_study_09	B_lineage	0	Naive B Cell	1	1479	0.9681766218919692	0.9681766218919692	1.0	0.0716159567275186	0.09519945909398242	0.166815415821501	0.833184584178499	0.833184584178499	0.0	1.0	0.7165072925722012	0.8559837728194726	0.8559837728194726	0.8559837728194726	1.502604754104597	0.15753887762001353	0.05341446923597024	0.2711291413116971	0.09240477800315529	CD27;TNFRSF13B;MZB1	FCRL5;ITGAX;TBX21		0.0	0.0	0.993238674780257	0.9344151453684922	0.9377958079783637	4.482136578769438
vaccination_study_09	B_lineage	0	Memory B Cell	2	1479	0.3487532152043441	0.3487532152043441	0.2927653820148749	0.4388302907369845	0.0	0.4388302907369845	0.0	0.0	0.0	0.9986477349560514	0.32128588112360934	0.2927653820148749	0.016903313049357674	0.2650439486139283	0.9891698544657112	0.8735632183908046	0.4858012170385395	0.0	0.0	TCL1A;MZB1			0.0	0.0	0.10209601081812035	0.10006761325219743	0.05544286680189317	0.3299526707234618
vaccination_study_09	B_lineage	0	Plasma Cell	3	1479	0.3629572735067162	0.3629572735067162	0.18728870858688304	0.48499661933739013	0.08088235294117647	0.5658789722785666	0.0	0.0	0.0	0.22379986477349562	0.04079332882578319	0.18728870858688304	0.00878972278566599	0.11561866125760649	0.9056610742684794	0.9891818796484111	0.49594320486815413	0.23732251521298176	0.06457065584854632	MS4A1;CD79A;CD3D;LST1	LILRA4;CLEC4C;IRF7;TCF4		0.0	0.0	0.002028397565922921	0.002028397565922921	0.0	0.005273833671399594
vaccination_study_09	B_lineage	0	Plasmablast	4	1479	0.284938553872535	0.284938553872535	0.18187964841108858	0.41363984674329507	0.031068289384719405	0.44470813612801446	0.0	0.0	0.0	0.3110209601081812	0.03974156712493427	0.18187964841108858	0.008113590263691683	0.11561866125760649	0.9169989041990162	0.8789722785665991	0.36195627676357905	0.08857336037863421	0.029975208474194274	MS4A1;LST1;CD3D	LILRA4;CLEC4C;IRF7	MKI67;TOP2A;STMN1	0.08248816768086545	0.027496055893621817	0.0	0.0	0.0	0.0
vaccination_study_09	B_lineage	1	Naive B Cell	1	1336	0.9499642755072878	0.9499642755072878	1.0	0.05835329341317365	0.0408682634730539	0.09922155688622755	0.9007784431137724	0.9007784431137724	0.0	1.0	0.6377245508982036	0.7223053892215568	0.7223053892215568	0.7223053892215568	1.270653785714893	0.1279940119760479	0.04416167664670659	0.11676646706586827	0.038922155688622756	CD27;TNFRSF13B;MZB1	FCRL5;ITGAX;TBX21		0.0	0.0	0.9790419161676647	0.8510479041916168	0.8465568862275449	4.334161676646707
vaccination_study_09	B_lineage	1	Memory B Cell	2	1336	0.3487532152043441	0.3487532152043441	0.14595808383233533	0.37043413173652695	0.0	0.37043413173652695	0.0	0.0	0.0	0.9962574850299402	0.2901469787697332	0.14595808383233533	0.006736526946107785	0.11077844311377245	0.50953326982278	0.7395209580838323	0.406437125748503	0.0	0.0	TCL1A;MZB1			0.0	0.0	0.15868263473053892	0.14146706586826346	0.06511976047904192	0.47350299401197604
vaccination_study_09	B_lineage	1	Plasma Cell	3	1336	0.3629572735067162	0.3629572735067162	0.15419161676646706	0.4730089820359281	0.050552020958083824	0.523561002994012	0.0	0.0	0.0	0.18038922155688622	0.032435129740518966	0.15419161676646706	0.008233532934131737	0.09056886227544911	0.7537276567508723	0.9812874251497006	0.4550898203592814	0.14895209580838323	0.03910928143712575	MS4A1;CD79A;CD3D;LST1	LILRA4;CLEC4C;IRF7;TCF4		0.0	0.0	0.004491017964071856	0.004491017964071856	0.002245508982035928	0.01437125748502994
vaccination_study_09	B_lineage	1	Plasmablast	4	1336	0.284938553872535	0.284938553872535	0.14595808383233533	0.38873253493013976	0.017327844311377245	0.406060379241517	0.0	0.0	0.0	0.2372754491017964	0.029773785761809717	0.14595808383233533	0.0074850299401197605	0.09056886227544911	0.7453286117599804	0.8398203592814372	0.31636726546906185	0.04940119760479042	0.016716566866267466	MS4A1;LST1;CD3D	LILRA4;CLEC4C;IRF7	MKI67;TOP2A;STMN1	0.05913173652694611	0.01996007984031936	0.0	0.0	0.0	0.0
vaccination_study_09	B_lineage	10	Memory B Cell	1	626	0.8830380108602458	0.8830380108602458	0.981629392971246	0.12648562300319488	0.0	0.12648562300319488	0.8551437699680511	0.8551437699680511	0.0	1.0	0.4472843450479233	0.731629392971246	0.24920127795527156	0.3961661341853035	2.422989820800647	0.2523961661341853	0.1389776357827476	0.0	0.0	TCL1A;MZB1			0.0	0.0	0.9600638977635783	0.7236421725239617	0.9840255591054313	4.295718849840256
vaccination_study_09	B_lineage	10	Naive B Cell	2	626	0.45436196056016004	0.5328617069831126	0.15654952076677317	0.2826198083067093	0.15950479233226836	0.4421246006389776	0.0	0.0	0.0	1.0	0.5328617069831126	0.07827476038338659	0.07827476038338659	0.07827476038338659	0.15316923801893464	0.5846645367412141	0.27476038338658143	0.4472843450479233	0.1687965921192758	CD27;TNFRSF13B;MZB1	FCRL5;ITGAX;TBX21		0.0	0.0	0.3801916932907348	0.35942492012779553	0.011182108626198083	0.9811501597444089
vaccination_study_09	B_lineage	10	Plasma Cell	3	626	0.3629572735067162	0.3629572735067162	0.42703709936217665	0.49343450479233225	0.1332867412140575	0.6	0.0	0.0	0.0	0.3242811501597444	0.06150159744408946	0.30990415335463256	0.02875399361022364	0.19968051118210864	1.4685317840301764	0.9984025559105432	0.5183706070287539	0.38817891373801916	0.11222044728434505	MS4A1;CD79A;CD3D;LST1	LILRA4;CLEC4C;IRF7;TCF4		0.0	0.0	0.001597444089456869	0.001597444089456869	0.0	0.004153354632587859
vaccination_study_09	B_lineage	10	Plasmablast	4	626	0.284938553872535	0.2987220447284345	0.4175701469924343	0.4514696485623003	0.06429712460063898	0.5157667731629393	0.0	0.0	0.0	0.4984025559105431	0.07330493432729854	0.2987220447284345	0.025559105431309903	0.19968051118210864	1.475392409055999	0.9744408945686901	0.3690095846645367	0.18210862619808307	0.06443024494142706	MS4A1;LST1;CD3D	LILRA4;CLEC4C;IRF7	MKI67;TOP2A;STMN1	0.05910543130990415	0.019701810436634718	0.0	0.0	0.0	0.0
vaccination_study_09	B_lineage	11	Naive B Cell	1	613	0.9595527293512432	0.9595527293512432	1.0	0.04387166938553562	0.05424143556280587	0.0981131049483415	0.9018868950516585	0.9018868950516585	0.0	0.99836867862969	0.6536937776742018	0.7814029363784666	0.7814029363784666	0.7814029363784666	1.3731964176914448	0.09624796084828711	0.03317020119630234	0.15497553017944535	0.051658510059815116	CD27;TNFRSF13B;MZB1	FCRL5;ITGAX;TBX21		0.0	0.0	0.9951060358890701	0.9347471451876019	0.9380097879282219	4.554415443175639
vaccination_study_09	B_lineage	11	Memory B Cell	2	613	0.3487532152043441	0.3487532152043441	0.1729200652528548	0.396721044045677	0.0	0.396721044045677	0.0	0.0	0.0	0.9918433931484503	0.2819219931781107	0.1729200652528548	0.004893964110929853	0.15497553017944535	0.5976212112523989	0.7960848287112561	0.4282218597063622	0.0	0.0	TCL1A;MZB1			0.0	0.0	0.0701468189233279	0.0701468189233279	0.02773246329526917	0.21566068515497555
vaccination_study_09	B_lineage	11	Plasma Cell	3	613	0.3629572735067162	0.3629572735067162	0.12398042414355628	0.46840130505709626	0.05261011419249592	0.5210114192495922	0.0	0.0	0.0	0.15823817292006526	0.027188689505165852	0.12398042414355628	0.0016313213703099511	0.07504078303425775	0.6150420656606558	0.9771615008156607	0.4412724306688418	0.15497553017944535	0.040783034257748776	MS4A1;CD79A;CD3D;LST1	LILRA4;CLEC4C;IRF7;TCF4		0.0	0.0	0.004893964110929853	0.004893964110929853	0.0	0.012724306688417618
vaccination_study_09	B_lineage	11	Plasmablast	4	613	0.284938553872535	0.284938553872535	0.11908646003262642	0.3779227841218053	0.015415986949429037	0.3933387710712343	0.0	0.0	0.0	0.2398042414355628	0.028276237085372486	0.11908646003262642	0.0016313213703099511	0.07504078303425775	0.6169082723314385	0.8172920065252854	0.3061446438281675	0.04404567699836868	0.014681892332789562	MS4A1;LST1;CD3D	LILRA4;CLEC4C;IRF7	MKI67;TOP2A;STMN1	0.0734094616639478	0.025013594344752584	0.0	0.0	0.0	0.0
vaccination_study_09	B_lineage	12	Memory B Cell	1	587	0.7444269791368963	0.7444269791368963	0.6711999233879677	0.07402044293015332	0.0	0.07402044293015332	0.5971794804578144	0.5971794804578144	0.0	0.9982964224872232	0.3839244231067058	0.5025553662691652	0.12776831345826234	0.282793867120954	1.67457822847521	0.14991482112436116	0.07751277683134583	0.0	0.0	TCL1A;MZB1			0.0	0.0	0.9931856899488927	0.8143100511073254	0.9335604770017035	4.120859207885412
vaccination_study_09	B_lineage	12	Naive B Cell	2	587	0.45436196056016004	0.4828425407641762	0.030664395229982964	0.2547643384440659	0.03722316865417376	0.2919875070982396	0.0	0.0	0.0	0.9965928449744463	0.4828425407641762	0.015332197614991482	0.015332197614991482	0.015332197614991482	0.0439549582370043	0.5366269165247018	0.23111868256672344	0.10562180579216354	0.03691084611016468	CD27;TNFRSF13B;MZB1	FCRL5;ITGAX;TBX21		0.0	0.0	0.2061328790459966	0.19591141396933562	0.017035775127768313	0.5461669505962522
vaccination_study_09	B_lineage	12	Plasma Cell	3	587	0.3629572735067162	0.3629572735067162	0.23344365262085576	0.4810817717206133	0.12137989778534923	0.6	0.0	0.0	0.0	0.2674616695059625	0.04826802952867689	0.21976149914821125	0.01192504258943782	0.13969335604770017	1.054728613890578	0.9846678023850085	0.48594548551959116	0.3543441226575809	0.10051107325383304	MS4A1;CD79A;CD3D;LST1	LILRA4;CLEC4C;IRF7;TCF4		0.0	0.0	0.005110732538330494	0.005110732538330494	0.0	0.013287904599659284
vaccination_study_09	B_lineage	12	Plasmablast	4	587	0.284938553872535	0.284938553872535	0.2330540450641172	0.4207836456558774	0.049574105621805795	0.4703577512776832	0.0	0.0	0.0	0.49744463373083475	0.06890024607230742	0.21465076660988075	0.010221465076660987	0.13969335604770017	1.0736131138169458	0.9011925042589438	0.35604770017035775	0.141396933560477	0.04770017035775128	MS4A1;LST1;CD3D	LILRA4;CLEC4C;IRF7	MKI67;TOP2A;STMN1	0.059625212947189095	0.019875070982396367	0.0	0.0	0.0	0.0
vaccination_study_09	B_lineage	13	Naive B Cell	1	536	0.9636681909116891	0.9636681909116891	1.0	0.12389303482587066	0.08488805970149255	0.2087810945273632	0.7912189054726368	0.7912189054726368	0.0	1.0	0.6591151385927506	0.8880597014925373	0.8880597014925373	0.8880597014925373	1.558261042858768	0.27238805970149255	0.09266169154228855	0.24253731343283583	0.08084577114427861	CD27;TNFRSF13B;MZB1	FCRL5;ITGAX;TBX21		0.0	0.0	0.9944029850746269	0.875	0.9235074626865671	4.3654726368159205
vaccination_study_09	B_lineage	13	Memory B Cell	2	536	0.3487532152043441	0.3487532152043441	0.2537313432835821	0.46731343283582094	0.0	0.46731343283582094	0.0	0.0	0.0	1.0	0.2976594301221167	0.2537313432835821	0.009328358208955223	0.23880597014925373	0.8616410922469683	0.8992537313432836	0.5708955223880597	0.0	0.0	TCL1A;MZB1			0.0	0.0	0.04664179104477612	0.04477611940298507	0.029850746268656716	0.15522388059701492
vaccination_study_09	B_lineage	13	Plasma Cell	3	536	0.3629572735067162	0.3629572735067162	0.4025611767559587	0.4804850746268657	0.0759794776119403	0.556464552238806	0.0	0.0	0.0	0.3358208955223881	0.061878109452736314	0.29850746268656714	0.024253731343283583	0.2537313432835821	1.4162148562775663	0.9944029850746269	0.4664179104477612	0.22388059701492538	0.058768656716417914	MS4A1;CD79A;CD3D;LST1	LILRA4;CLEC4C;IRF7;TCF4		0.0	0.0	0.0	0.0	0.0018656716417910447	0.0022388059701492534
vaccination_study_09	B_lineage	13	Plasmablast	4	536	0.284938553872535	0.29850746268656714	0.4170991913605554	0.39063432835820894	0.029384328358208957	0.4200186567164179	0.0	0.0	0.0	0.40671641791044777	0.053689883913764516	0.29850746268656714	0.022388059701492536	0.2537313432835821	1.474366914695953	0.8432835820895522	0.31902985074626866	0.08395522388059702	0.027985074626865673	MS4A1;LST1;CD3D	LILRA4;CLEC4C;IRF7	MKI67;TOP2A;STMN1	0.10074626865671642	0.03420398009950249	0.0	0.0	0.0	0.0
vaccination_study_09	B_lineage	14	Naive B Cell	1	472	0.9585649471277508	0.9585649471277508	1.0	0.06769774011299436	0.06906779661016949	0.13676553672316383	0.8632344632768362	0.8632344632768362	0.0	1.0	0.6658595641646488	0.8008474576271186	0.8008474576271186	0.8008474576271186	1.4069354218004784	0.1483050847457627	0.051553672316384185	0.19703389830508475	0.06638418079096045	CD27;TNFRSF13B;MZB1	FCRL5;ITGAX;TBX21		0.0	0.0	0.989406779661017	0.9173728813559322	0.9173728813559322	4.464505649717514
vaccination_study_09	B_lineage	14	Memory B Cell	2	472	0.3487532152043441	0.3487532152043441	0.22033898305084745	0.4085593220338983	0.0	0.4085593220338983	0.0	0.0	0.0	0.9936440677966102	0.29834360554699535	0.22033898305084745	0.01694915254237288	0.19491525423728814	0.7525443524154048	0.8114406779661016	0.4555084745762712	0.0	0.0	TCL1A;MZB1			0.0	0.0	0.1016949152542373	0.09533898305084745	0.048728813559322036	0.3165254237288136
vaccination_study_09	B_lineage	14	Plasma Cell	3	472	0.3629572735067162	0.3629572735067162	0.17372881355932204	0.47633474576271184	0.06411546610169491	0.5404502118644068	0.0	0.0	0.0	0.2245762711864407	0.040960451977401134	0.17372881355932204	0.01059322033898305	0.11016949152542373	0.8434138773275532	0.9830508474576272	0.4671610169491525	0.1885593220338983	0.05031779661016949	MS4A1;CD79A;CD3D;LST1	LILRA4;CLEC4C;IRF7;TCF4		0.0	0.0	0.00211864406779661	0.00211864406779661	0.0	0.005508474576271186
vaccination_study_09	B_lineage	14	Plasmablast	4	472	0.284938553872535	0.284938553872535	0.1673728813559322	0.40180790960451984	0.02086864406779661	0.42267655367231644	0.0	0.0	0.0	0.2902542372881356	0.036016949152542374	0.1673728813559322	0.01059322033898305	0.11016949152542373	0.8476706059495389	0.864406779661017	0.3333333333333333	0.059322033898305086	0.020480225988700567	MS4A1;LST1;CD3D	LILRA4;CLEC4C;IRF7	MKI67;TOP2A;STMN1	0.06567796610169492	0.021892655367231634	0.0	0.0	0.0	0.0
vaccination_study_09	B_lineage	15	Naive B Cell	1	463	0.9496498999714204	0.9496498999714204	1.0	0.07880489560835133	0.03704103671706263	0.11584593232541396	0.884154067674586	0.884154067674586	0.0	1.0	0.6118481950015427	0.7278617710583153	0.7278617710583153	0.7278617710583153	1.2802948968137198	0.17278617710583152	0.059755219582433405	0.10583153347732181	0.035277177825773935	CD27;TNFRSF13B;MZB1	FCRL5;ITGAX;TBX21		0.0	0.0	0.9827213822894169	0.8358531317494601	0.796976241900648	4.248732901367891
vaccination_study_09	B_lineage	15	Memory B Cell	2	463	0.3487532152043441	0.3487532152043441	0.13174946004319654	0.38652267818574515	0.0	0.38652267818574515	0.0	0.0	0.0	0.9978401727861771	0.2856862360102101	0.13174946004319654	0.0021598272138228943	0.09935205183585313	0.46311203687954366	0.7645788336933045	0.4362850971922246	0.0	0.0	TCL1A;MZB1			0.0	0.0	0.15550755939524838	0.13174946004319654	0.08207343412526998	0.47904967602591797
vaccination_study_09	B_lineage	15	Plasma Cell	3	463	0.3629572735067162	0.3629572735067162	0.20518358531317496	0.47512958963282936	0.07111231101511878	0.5462419006479482	0.0	0.0	0.0	0.22894168466522677	0.039956803455723534	0.20518358531317496	0.004319654427645789	0.1447084233261339	0.9878081641649008	0.980561555075594	0.4659827213822894	0.20950323974082075	0.055075593952483806	MS4A1;CD79A;CD3D;LST1	LILRA4;CLEC4C;IRF7;TCF4		0.0	0.0	0.01511879049676026	0.01511879049676026	0.0021598272138228943	0.04190064794816415
vaccination_study_09	B_lineage	15	Plasmablast	4	463	0.284938553872535	0.284938553872535	0.2027952784233135	0.39056875449964	0.02872570194384449	0.4192944564434845	0.0	0.0	0.0	0.27429805615550756	0.03503719702423806	0.20086393088552915	0.004319654427645789	0.1447084233261339	1.0077253901511374	0.8423326133909287	0.320374370050396	0.08207343412526998	0.027357811375089993	MS4A1;LST1;CD3D	LILRA4;CLEC4C;IRF7	MKI67;TOP2A;STMN1	0.05183585313174946	0.017998560115190784	0.0	0.0	0.0	0.0
vaccination_study_09	B_lineage	16	Memory B Cell	1	330	0.848492426407545	0.848492426407545	0.9409090909090909	0.14866666666666667	0.0	0.14866666666666667	0.7922424242424242	0.7922424242424242	0.0	1.0	0.4413223140495868	0.6909090909090909	0.21212121212121213	0.36363636363636365	2.289951839388879	0.3	0.15757575757575756	0.0	0.0	TCL1A;MZB1			0.0	0.0	0.9575757575757575	0.9	0.8909090909090909	4.293454545454545
vaccination_study_09	B_lineage	16	Naive B Cell	2	330	0.45436196056016004	0.5627705627705628	0.21212121212121213	0.32111111111111107	0.07863636363636364	0.39974747474747474	0.0	0.0	0.0	1.0	0.5627705627705628	0.10606060606060606	0.10606060606060606	0.10606060606060606	0.20138162388786743	0.6666666666666666	0.30808080808080807	0.22424242424242424	0.07575757575757576	CD27;TNFRSF13B;MZB1	FCRL5;ITGAX;TBX21		0.0	0.0	0.19090909090909092	0.1606060606060606	0.10606060606060606	0.5933333333333333
vaccination_study_09	B_lineage	16	Plasma Cell	3	330	0.3629572735067162	0.3629572735067162	0.4122745833436933	0.4973484848484848	0.1527272727272727	0.6	0.0	0.0	0.0	0.32727272727272727	0.061616161616161604	0.30303030303030304	0.02727272727272727	0.20909090909090908	1.4369771212535611	0.996969696969697	0.5386363636363637	0.44545454545454544	0.12727272727272726	MS4A1;CD79A;CD3D;LST1	LILRA4;CLEC4C;IRF7;TCF4		0.0	0.0	0.0	0.0	0.0	0.0
vaccination_study_09	B_lineage	16	Plasmablast	4	330	0.6017737210631608	0.6017737210631608	0.4004226048644517	0.4415555555555556	0.054242424242424245	0.49579797979797985	0.0	0.0	0.0	0.5757575757575758	0.0898989898989899	0.2909090909090909	0.024242424242424242	0.20909090909090908	1.4380540558214432	0.9333333333333333	0.394949494949495	0.15454545454545454	0.052525252525252523	MS4A1;LST1;CD3D	LILRA4;CLEC4C;IRF7	MKI67;TOP2A;STMN1	0.08787878787878788	0.02929292929292929	0.0	0.0	0.0	0.0
vaccination_study_09	B_lineage	17	Plasma Cell	1	297	0.3629572735067162	0.3629572735067162	0.11447811447811448	0.35284511784511785	0.03636363636363636	0.3892087542087542	0.0	0.0	0.0	0.12121212121212122	0.02132435465768799	0.11447811447811448	0.003367003367003367	0.08754208754208755	0.5714213635876535	0.8013468013468014	0.21969696969696972	0.10774410774410774	0.026936026936026935	MS4A1;CD79A;CD3D;LST1	LILRA4;CLEC4C;IRF7;TCF4		0.0	0.0	0.9663299663299664	0.9663299663299664	0.006734006734006734	2.520538720538721
vaccination_study_09	B_lineage	17	Memory B Cell	2	297	0.3487532152043441	0.3487532152043441	0.020202020202020204	0.0065993265993266	0.0	0.0065993265993266	0.013602693602693604	0.013602693602693604	0.0	0.2053872053872054	0.023875114784205696	0.020202020202020204	0.003367003367003367	0.013468013468013467	0.09867352644145767	0.013468013468013467	0.006734006734006735	0.0	0.0	TCL1A;MZB1			0.0	0.0	0.026936026936026935	0.026936026936026935	0.9292929292929293	1.1987878787878787
vaccination_study_09	B_lineage	17	Naive B Cell	3	297	0.45436196056016004	0.45436196056016004	0.020202020202020204	0.010684624017957353	0.02121212121212121	0.031896745230078564	0.0	0.0	0.0	0.11784511784511785	0.021164021164021163	0.010101010101010102	0.010101010101010102	0.010101010101010102	0.0348781054427203	0.02356902356902357	0.007856341189674522	0.06060606060606061	0.0202020202020202	CD27;TNFRSF13B;MZB1	FCRL5;ITGAX;TBX21		0.0	0.0	0.006734006734006734	0.003367003367003367	0.04713804713804714	0.0707070707070707
vaccination_study_09	B_lineage	17	Plasmablast	4	297	0.284938553872535	0.284938553872535	0.09090909090909091	0.3677216610549944	0.03417508417508417	0.40189674523007857	0.0	0.0	0.0	0.13468013468013468	0.015712682379349044	0.09090909090909091	0.0	0.08754208754208755	0.4822477347316622	0.8013468013468014	0.287317620650954	0.09764309764309764	0.03254769921436588	MS4A1;LST1;CD3D	LILRA4;CLEC4C;IRF7	MKI67;TOP2A;STMN1	0.0	0.0	0.0	0.0	0.0	0.0
vaccination_study_09	B_lineage	18	Memory B Cell	1	296	0.9736764075450128	0.9736764075450128	1.0	0.15101351351351353	0.0	0.15101351351351353	0.8489864864864864	0.8489864864864864	0.0	1.0	0.5236486486486487	0.831081081081081	0.4189189189189189	0.5675675675675675	2.7479100980110105	0.30743243243243246	0.1554054054054054	0.0	0.0	TCL1A;MZB1			0.0	0.0	0.9898648648648649	0.7533783783783784	0.9932432432432432	4.378040540540541
vaccination_study_09	B_lineage	18	Naive B Cell	2	296	0.45436196056016004	0.5762548262548262	0.04054054054054054	0.424009009009009	0.09341216216216215	0.5174211711711711	0.0	0.0	0.0	1.0	0.5762548262548262	0.02027027027027027	0.02027027027027027	0.02027027027027027	0.052523215149922954	0.8445945945945946	0.4684684684684685	0.2635135135135135	0.09572072072072073	CD27;TNFRSF13B;MZB1	FCRL5;ITGAX;TBX21		0.0	0.0	0.40878378378378377	0.40878378378378377	0.0033783783783783786	1.066891891891892
vaccination_study_09	B_lineage	18	Plasmablast	3	296	0.7049460560160046	0.7049460560160046	0.6756756756756757	0.4503153153153153	0.1043918918918919	0.5547072072072072	0.12096846846846843	0.12096846846846843	0.0	0.8040540540540541	0.14714714714714716	0.42567567567567566	0.057432432432432436	0.2905405405405405	2.082107823779361	0.9594594594594594	0.3896396396396396	0.2972972972972973	0.10135135135135136	MS4A1;LST1;CD3D	LILRA4;CLEC4C;IRF7	MKI67;TOP2A;STMN1	0.10135135135135136	0.037162162162162164	0.0	0.0	0.0	0.12096846846846843
vaccination_study_09	B_lineage	18	Plasma Cell	4	296	0.3629572735067162	0.44256756756756754	0.6925675675675675	0.4974324324324324	0.19763513513513514	0.6	0.09256756756756757	0.09256756756756757	0.0	0.5304054054054054	0.11092342342342343	0.44256756756756754	0.05405405405405406	0.2905405405405405	2.077528067156534	1.0	0.5337837837837838	0.5709459459459459	0.17567567567567566	MS4A1;CD79A;CD3D;LST1	LILRA4;CLEC4C;IRF7;TCF4		0.0	0.0	0.0033783783783783786	0.0	0.0	0.09797297297297297
vaccination_study_09	B_lineage	19	Plasma Cell	1	263	0.3629572735067162	0.3629572735067162	0.2922604589830724	0.2921482889733841	0.02723384030418251	0.3193821292775666	0.0	0.0	0.0	0.2585551330798479	0.051964512040557666	0.24714828897338403	0.034220532319391636	0.16730038022813687	1.1804486800387535	0.6273764258555133	0.24429657794676804	0.07984790874524715	0.021863117870722433	MS4A1;CD79A;CD3D;LST1	LILRA4;CLEC4C;IRF7;TCF4		0.0	0.0	0.6083650190114068	0.6083650190114068	0.0038022813688212928	1.5863117870722434
vaccination_study_09	B_lineage	19	Memory B Cell	2	263	0.3487532152043441	0.3487532152043441	0.1596958174904943	0.0790874524714829	0.0	0.0790874524714829	0.0806083650190114	0.0806083650190114	0.0	0.38783269961977185	0.09402004839267196	0.1596958174904943	0.03802281368821293	0.13307984790874525	0.5544160497261383	0.1596958174904943	0.08365019011406845	0.0	0.0	TCL1A;MZB1			0.0	0.0	0.23574144486692014	0.21673003802281368	0.07224334600760456	0.7612167300380228
vaccination_study_09	B_lineage	19	Naive B Cell	3	263	0.45436196056016004	0.45436196056016004	0.2813688212927757	0.07723700887198985	0.027946768060836503	0.10518377693282635	0.17618504435994933	0.17618504435994933	0.0	0.33079847908745247	0.15860945138511676	0.14068441064638784	0.14068441064638784	0.14068441064638784	0.26145883896823574	0.16730038022813687	0.06210392902408112	0.07984790874524715	0.02661596958174905	CD27;TNFRSF13B;MZB1	FCRL5;ITGAX;TBX21		0.0	0.0	0.17490494296577946	0.13688212927756654	0.09885931558935361	0.7115462610899873
vaccination_study_09	B_lineage	19	Plasmablast	4	263	0.284938553872535	0.284938553872535	0.18250950570342206	0.28121673003802283	0.01596958174904943	0.2971863117870723	0.0	0.0	0.0	0.3726235741444867	0.05703422053231939	0.18250950570342206	0.019011406844106463	0.16730038022813687	0.9200090121060003	0.596958174904943	0.24714828897338403	0.045627376425855515	0.01520912547528517	MS4A1;LST1;CD3D	LILRA4;CLEC4C;IRF7	MKI67;TOP2A;STMN1	0.057034220532319393	0.022813688212927757	0.019011406844106463	0.019011406844106463	0.0	0.049429657794676805
vaccination_study_09	B_lineage	2	Naive B Cell	1	1330	0.9707809374106888	0.9707809374106888	1.0	0.11622556390977445	0.08842105263157896	0.2046466165413534	0.7953533834586466	0.7953533834586466	0.0	0.9977443609022556	0.7354457572502684	0.9007518796992481	0.9007518796992481	0.9007518796992481	1.5802837734363329	0.2518796992481203	0.09323308270676693	0.2518796992481203	0.0857142857142857	CD27;TNFRSF13B;MZB1	FCRL5;ITGAX;TBX21		0.0	0.0	0.975187969924812	0.9172932330827067	0.9142857142857143	4.37009022556391
vaccination_study_09	B_lineage	2	Memory B Cell	2	1330	0.3487532152043441	0.3487532152043441	0.31412954416797356	0.46754887218045116	0.0	0.46754887218045116	0.0	0.0	0.0	0.9954887218045113	0.3428571428571429	0.30601503759398496	0.02706766917293233	0.24060150375939848	1.0324580262959544	0.9165413533834587	0.5421052631578948	0.0	0.0	TCL1A;MZB1			0.0	0.0	0.12857142857142856	0.12330827067669173	0.07969924812030076	0.42466165413533835
vaccination_study_09	B_lineage	2	Plasma Cell	3	1330	0.3629572735067162	0.3629572735067162	0.2814298842876527	0.4912744360902256	0.14250000000000002	0.6	0.0	0.0	0.0	0.3007518796992481	0.05676691729323307	0.24210526315789474	0.018796992481203006	0.18345864661654135	1.1572984845190317	0.9932330827067669	0.5174812030075188	0.4142857142857143	0.12142857142857143	MS4A1;CD79A;CD3D;LST1	LILRA4;CLEC4C;IRF7;TCF4		0.0	0.0	0.0007518796992481203	0.0007518796992481203	0.0007518796992481203	0.0028571428571428576
vaccination_study_09	B_lineage	2	Plasmablast	4	1330	0.284938553872535	0.284938553872535	0.27680807918280614	0.43162907268170425	0.07703007518796992	0.5086591478696741	0.0	0.0	0.0	0.3699248120300752	0.050960735171261484	0.23458646616541354	0.015789473684210527	0.18345864661654135	1.1688864520695705	0.9187969924812031	0.374937343358396	0.21954887218045113	0.07443609022556391	MS4A1;LST1;CD3D	LILRA4;CLEC4C;IRF7	MKI67;TOP2A;STMN1	0.09097744360902256	0.03032581453634085	0.0	0.0	0.0	0.0
vaccination_study_09	B_lineage	20	Naive B Cell	1	183	0.9184945698771078	0.9184945698771078	0.8633879781420765	0.14633879781420767	0.0633879781420765	0.20972677595628417	0.6536612021857923	0.6536612021857923	0.0	0.994535519125683	0.5441061670569868	0.43169398907103823	0.43169398907103823	0.43169398907103823	0.7664017602509078	0.30601092896174864	0.1366120218579235	0.18032786885245902	0.061930783242258654	CD27;TNFRSF13B;MZB1	FCRL5;ITGAX;TBX21		0.0	0.0	0.8469945355191257	0.7595628415300546	0.5683060109289617	3.4503825136612023
vaccination_study_09	B_lineage	20	Memory B Cell	2	183	0.3487532152043441	0.3487532152043441	0.3339775899684965	0.26961748633879784	0.0	0.26961748633879784	0.06436010362969868	0.06436010362969868	0.0	0.994535519125683	0.30501738698460007	0.31693989071038253	0.08196721311475409	0.17486338797814208	1.068150797032456	0.5355191256830601	0.3005464480874317	0.0	0.0	TCL1A;MZB1			0.0	0.0	0.4371584699453552	0.3224043715846995	0.3770491803278688	1.5386770435204091
vaccination_study_09	B_lineage	20	Plasma Cell	3	183	0.3629572735067162	0.3629572735067162	0.24264028764019205	0.4694262295081967	0.07499999999999998	0.5444262295081966	0.0	0.0	0.0	0.26229508196721313	0.04918032786885246	0.22404371584699453	0.0	0.16939890710382513	1.07438628717279	0.9672131147540983	0.46311475409836067	0.2185792349726776	0.06284153005464481	MS4A1;CD79A;CD3D;LST1	LILRA4;CLEC4C;IRF7;TCF4		0.0	0.0	0.01092896174863388	0.01092896174863388	0.0	0.028415300546448086
vaccination_study_09	B_lineage	20	Plasmablast	4	183	0.284938553872535	0.284938553872535	0.25366929461936694	0.3943897996357013	0.019125683060109287	0.4135154826958106	0.0	0.0	0.0	0.3551912568306011	0.05343047965998785	0.22404371584699453	0.0	0.16939890710382513	1.1185023150894897	0.8469945355191257	0.3296903460837887	0.0546448087431694	0.01821493624772313	MS4A1;LST1;CD3D	LILRA4;CLEC4C;IRF7	MKI67;TOP2A;STMN1	0.08196721311475409	0.0273224043715847	0.0	0.0	0.0	0.0
vaccination_study_09	B_lineage	21	Plasma Cell	1	159	0.9994355530151472	1.0	1.0	0.444811320754717	0.23396226415094337	0.6	0.4	0.4	0.0	1.0	0.660377358490566	1.0	1.0	0.9937106918238994	4.636442154054326	0.9748427672955975	0.3380503144654088	0.6729559748427673	0.2138364779874214	MS4A1;CD79A;CD3D;LST1	LILRA4;CLEC4C;IRF7;TCF4		0.0	0.0	1.0	0.9937106918238994	1.0	4.193710691823899
vaccination_study_09	B_lineage	21	Plasmablast	2	159	0.9994355530151472	1.0	1.0	0.15048218029350105	0.18270440251572326	0.3331865828092243	0.6668134171907757	0.6668134171907757	0.0	1.0	0.5450733752620545	1.0	0.9874213836477987	0.9937106918238994	4.826821921503394	0.32075471698113206	0.12997903563941302	0.5220125786163522	0.1740041928721174	MS4A1;LST1;CD3D	LILRA4;CLEC4C;IRF7	MKI67;TOP2A;STMN1	0.14465408805031446	0.060796645702306085	0.018867924528301886	0.018867924528301886	0.0	0.7158700209643606
vaccination_study_09	B_lineage	21	Memory B Cell	3	159	0.9979851386110318	0.9979851386110318	1.0	0.48761006289308173	0.0	0.48761006289308173	0.5123899371069183	0.5123899371069183	0.0	1.0	0.38936535162950253	0.9685534591194969	0.779874213836478	0.9119496855345912	3.197048408581253	0.9937106918238994	0.5	0.0	0.0	TCL1A;MZB1			0.0	0.0	0.0	0.0	0.0	0.5123899371069183
vaccination_study_09	B_lineage	21	Naive B Cell	4	159	0.45436196056016004	0.45436196056016004	0.012578616352201259	0.5	0.13081761006289308	0.6	0.0	0.0	0.0	0.9811320754716981	0.2902066486972147	0.006289308176100629	0.006289308176100629	0.006289308176100629	0.028264261611731335	0.9937106918238994	0.8658280922431866	0.3710691823899371	0.129979035639413	CD27;TNFRSF13B;MZB1	FCRL5;ITGAX;TBX21		0.0	0.0	0.0	0.0	0.0	0.0
vaccination_study_09	B_lineage	22	Naive B Cell	1	95	0.9417619319805659	0.9417619319805659	1.0	0.14056140350877191	0.09210526315789473	0.23266666666666663	0.7673333333333334	0.7673333333333334	0.0	1.0	0.6766917293233082	0.6421052631578947	0.6421052631578947	0.6421052631578947	1.1314951842659386	0.29473684210526313	0.12982456140350876	0.2631578947368421	0.08771929824561403	CD27;TNFRSF13B;MZB1	FCRL5;ITGAX;TBX21		0.0	0.0	0.7684210526315789	0.7157894736842105	0.6105263157894737	3.4452280701754385
vaccination_study_09	B_lineage	22	Memory B Cell	2	95	0.3487532152043441	0.43157894736842106	0.5422514425168947	0.3508421052631579	0.0	0.3508421052631579	0.19140933725373682	0.19140933725373682	0.0	1.0	0.36076555023923446	0.43157894736842106	0.05263157894736842	0.25263157894736843	1.4426899805938949	0.6947368421052632	0.39473684210526316	0.0	0.0	TCL1A;MZB1			0.0	0.0	0.30526315789473685	0.28421052631578947	0.37894736842105264	1.4187777583063683
vaccination_study_09	B_lineage	22	Plasma Cell	3	95	0.3629572735067162	0.3629572735067162	0.3040365600407906	0.48657894736842106	0.08960526315789473	0.5761842105263157	0.0	0.0	0.0	0.30526315789473685	0.05614035087719299	0.25263157894736843	0.0	0.14736842105263157	1.2056199243736887	0.9894736842105263	0.5026315789473684	0.2631578947368421	0.07105263157894737	MS4A1;CD79A;CD3D;LST1	LILRA4;CLEC4C;IRF7;TCF4		0.0	0.0	0.0	0.0	0.0	0.0
vaccination_study_09	B_lineage	22	Plasmablast	4	95	0.284938553872535	0.284938553872535	0.27020730353961153	0.4338245614035088	0.02210526315789474	0.4559298245614035	0.0	0.0	0.0	0.4	0.05730994152046784	0.23157894736842105	0.0	0.14736842105263157	1.154513424684762	0.9263157894736842	0.3719298245614035	0.06315789473684211	0.021052631578947368	MS4A1;LST1;CD3D	LILRA4;CLEC4C;IRF7	MKI67;TOP2A;STMN1	0.05263157894736842	0.017543859649122806	0.0	0.0	0.0	0.0
vaccination_study_09	B_lineage	23	Naive B Cell	1	17	0.9166547585024293	0.9166547585024293	1.0	0.08	0.020588235294117647	0.10058823529411764	0.8994117647058824	0.8994117647058824	0.0	0.8823529411764706	0.5294117647058822	0.5294117647058824	0.5294117647058824	0.5294117647058824	0.935955969969399	0.17647058823529413	0.0588235294117647	0.058823529411764705	0.0196078431372549	CD27;TNFRSF13B;MZB1	FCRL5;ITGAX;TBX21		0.0	0.0	0.7647058823529411	0.5294117647058824	0.5882352941176471	3.358235294117647
vaccination_study_09	B_lineage	23	Memory B Cell	2	17	0.3487532152043441	0.3487532152043441	0.11764705882352941	0.26588235294117646	0.0	0.26588235294117646	0.0	0.0	0.0	0.8823529411764706	0.2513368983957218	0.11764705882352941	0.0	0.11764705882352941	0.41703784547350686	0.5294117647058824	0.29411764705882354	0.0	0.0	TCL1A;MZB1			0.0	0.0	0.23529411764705882	0.23529411764705882	0.29411764705882354	0.9647058823529413
vaccination_study_09	B_lineage	23	Plasma Cell	3	17	0.3629572735067162	0.3629572735067162	0.11764705882352941	0.4291176470588235	0.14558823529411763	0.5747058823529412	0.0	0.0	0.0	0.17647058823529413	0.02941176470588235	0.11764705882352941	0.0	0.058823529411764705	0.5859685191786772	0.8823529411764706	0.4264705882352941	0.4117647058823529	0.14705882352941177	MS4A1;CD79A;CD3D;LST1	LILRA4;CLEC4C;IRF7;TCF4		0.0	0.0	0.17647058823529413	0.17647058823529413	0.058823529411764705	0.5294117647058824
vaccination_study_09	B_lineage	23	Plasmablast	4	17	0.284938553872535	0.284938553872535	0.11764705882352941	0.3552941176470588	0.06470588235294117	0.42	0.0	0.0	0.0	0.35294117647058826	0.0457516339869281	0.11764705882352941	0.0	0.058823529411764705	0.6100293284602426	0.7647058823529411	0.29411764705882354	0.17647058823529413	0.0784313725490196	MS4A1;LST1;CD3D	LILRA4;CLEC4C;IRF7	MKI67;TOP2A;STMN1	0.23529411764705882	0.0784313725490196	0.0	0.0	0.0	0.0
vaccination_study_09	B_lineage	24	Naive B Cell	1	4	0.9764932837953701	1.0	1.0	0.11333333333333334	0.0	0.11333333333333334	0.8866666666666667	0.8866666666666667	0.0	1.0	0.8214285714285714	1.0	1.0	1.0	1.752493348350554	0.25	0.08333333333333333	0.0	0.0	CD27;TNFRSF13B;MZB1	FCRL5;ITGAX;TBX21		0.0	0.0	1.0	1.0	1.0	4.6866666666666665
vaccination_study_09	B_lineage	24	Plasmablast	2	4	0.4774846384681337	0.5	0.75	0.34	0.0	0.34	0.41	0.41	0.0	0.75	0.1111111111111111	0.5	0.0	0.25	2.4373061187789418	0.75	0.25	0.0	0.0	MS4A1;LST1;CD3D	LILRA4;CLEC4C;IRF7	MKI67;TOP2A;STMN1	0.5	0.16666666666666666	0.0	0.0	0.0	0.41
vaccination_study_09	B_lineage	24	Plasma Cell	3	4	0.5855690911689054	0.5855690911689054	0.75	0.47625	0.08437499999999999	0.560625	0.18937499999999996	0.18937499999999996	0.0	0.5	0.08333333333333333	0.5	0.0	0.25	2.341173760958125	1.0	0.4375	0.25	0.0625	MS4A1;CD79A;CD3D;LST1	LILRA4;CLEC4C;IRF7;TCF4		0.0	0.0	0.0	0.0	0.0	0.18937499999999996
vaccination_study_09	B_lineage	24	Memory B Cell	4	4	0.3487532152043441	0.3487532152043441	0.0	0.5	0.0	0.5	0.0	0.0	0.0	1.0	0.3181818181818182	0.0	0.0	0.0	0.032671167617740166	1.0	0.625	0.0	0.0	TCL1A;MZB1			0.0	0.0	0.0	0.0	0.0	0.0
vaccination_study_09	B_lineage	3	Naive B Cell	1	1328	0.9504144041154616	0.9504144041154616	1.0	0.04863955823293173	0.0654367469879518	0.11407630522088352	0.8859236947791165	0.8859236947791165	0.0	0.9962349397590361	0.6169320137693631	0.7274096385542169	0.7274096385542169	0.7274096385542169	1.2795103827483678	0.10692771084337349	0.03639558232931727	0.18674698795180722	0.06275100401606425	CD27;TNFRSF13B;MZB1	FCRL5;ITGAX;TBX21		0.0	0.0	0.9841867469879518	0.8697289156626506	0.8463855421686747	4.3460140562249
vaccination_study_09	B_lineage	3	Memory B Cell	2	1328	0.3487532152043441	0.3487532152043441	0.19578313253012047	0.37446536144578313	0.0	0.37446536144578313	0.0	0.0	0.0	0.9917168674698795	0.2751232201533406	0.19578313253012047	0.0030120481927710845	0.18072289156626506	0.6723175215795205	0.7484939759036144	0.4092620481927711	0.0	0.0	TCL1A;MZB1			0.0	0.0	0.11144578313253012	0.10768072289156627	0.05572289156626506	0.35286144578313255
vaccination_study_09	B_lineage	3	Plasma Cell	3	1328	0.3629572735067162	0.3629572735067162	0.13629518072289157	0.4625527108433735	0.05890436746987951	0.521457078313253	0.0	0.0	0.0	0.16716867469879518	0.029869477911646583	0.13629518072289157	0.007530120481927711	0.0911144578313253	0.6715734087510994	0.9646084337349398	0.4363704819277109	0.17319277108433734	0.046310240963855415	MS4A1;CD79A;CD3D;LST1	LILRA4;CLEC4C;IRF7;TCF4		0.0	0.0	0.00677710843373494	0.00677710843373494	0.0030120481927710845	0.021234939759036148
vaccination_study_09	B_lineage	3	Plasmablast	4	1328	0.284938553872535	0.284938553872535	0.12876506024096385	0.3728062248995984	0.021950301204819275	0.3947565261044177	0.0	0.0	0.0	0.22740963855421686	0.027777777777777776	0.12876506024096385	0.00677710843373494	0.0911144578313253	0.6631626086235876	0.8042168674698795	0.30547188755020077	0.0625	0.021335341365461846	MS4A1;LST1;CD3D	LILRA4;CLEC4C;IRF7	MKI67;TOP2A;STMN1	0.05948795180722891	0.019829317269076305	0.0	0.0	0.0	0.0
vaccination_study_09	B_lineage	4	Memory B Cell	1	1201	0.7141647613603886	0.7141647613603886	0.6143684761600748	0.11303080766028309	0.0	0.11303080766028309	0.5013376684997918	0.5013376684997918	0.0	0.9991673605328892	0.36363636363636365	0.47127393838467946	0.09658617818484597	0.26894254787676936	1.5723781511015815	0.2273105745212323	0.12114904246461283	0.0	0.0	TCL1A;MZB1			0.0	0.0	0.958368026644463	0.8709408825978351	0.8517901748542881	3.927815603553914
vaccination_study_09	B_lineage	4	Naive B Cell	2	1201	0.45436196056016004	0.5049363625550136	0.13821815154038303	0.23559256175409382	0.041174021648626144	0.27676658340272	0.0	0.0	0.0	0.9991673605328892	0.5049363625550136	0.06910907577019151	0.06910907577019151	0.06910907577019151	0.1372654743380402	0.4962531223980017	0.21371079655842354	0.11740216486261448	0.03968914793227866	CD27;TNFRSF13B;MZB1	FCRL5;ITGAX;TBX21		0.0	0.0	0.27477102414654453	0.19150707743547044	0.08076602830974189	0.7280599500416319
vaccination_study_09	B_lineage	4	Plasma Cell	3	1201	0.3629572735067162	0.3629572735067162	0.2550209200231627	0.48345961698584516	0.11225020815986678	0.5957098251457119	0.0	0.0	0.0	0.2497918401332223	0.0466278101582015	0.22980849292256453	0.02164862614487927	0.17318900915903415	1.1008497084023927	0.9891756869275604	0.4889675270607826	0.32972522897585343	0.0888842631140716	MS4A1;CD79A;CD3D;LST1	LILRA4;CLEC4C;IRF7;TCF4		0.0	0.0	0.00749375520399667	0.00749375520399667	0.002497918401332223	0.02248126561199001
vaccination_study_09	B_lineage	4	Plasmablast	4	1201	0.284938553872535	0.284938553872535	0.24987460621072005	0.4200111018595615	0.032472939217318905	0.4524840410768804	0.0	0.0	0.0	0.4321398834304746	0.06013507262466463	0.22231473771856786	0.019150707743547043	0.17318900915903415	1.1102394739686088	0.9050791007493755	0.3458229253399945	0.09242298084929226	0.03164029975020816	MS4A1;LST1;CD3D	LILRA4;CLEC4C;IRF7	MKI67;TOP2A;STMN1	0.06244796003330558	0.020815986677768527	0.0	0.0	0.0	0.0
vaccination_study_09	B_lineage	5	Memory B Cell	1	1050	0.7324807087739355	0.7324807087739355	0.5731230287605211	0.06844761904761905	0.0	0.06844761904761905	0.504675409712902	0.504675409712902	0.0	1.0	0.37316017316017314	0.44857142857142857	0.09238095238095238	0.24476190476190476	1.4982064007563705	0.13904761904761906	0.07095238095238095	0.0	0.0	TCL1A;MZB1			0.0	0.0	0.9895238095238095	0.9266666666666666	0.9457142857142857	4.149437314474807
vaccination_study_09	B_lineage	5	Naive B Cell	2	1050	0.45436196056016004	0.4979591836734694	0.05333333333333334	0.21972698412698413	0.034095238095238095	0.2538222222222222	0.0	0.0	0.0	0.9990476190476191	0.4979591836734694	0.02666666666666667	0.02666666666666667	0.02666666666666667	0.06362187073219833	0.4666666666666667	0.1926984126984127	0.09714285714285714	0.03301587301587301	CD27;TNFRSF13B;MZB1	FCRL5;ITGAX;TBX21		0.0	0.0	0.1819047619047619	0.15619047619047619	0.024761904761904763	0.4769523809523809
vaccination_study_09	B_lineage	5	Plasma Cell	3	1050	0.3629572735067162	0.3629572735067162	0.18761904761904763	0.4831809523809524	0.09717857142857142	0.5803595238095238	0.0	0.0	0.0	0.24	0.04428571428571428	0.18761904761904763	0.012380952380952381	0.11523809523809524	0.9071775077475462	0.9914285714285714	0.4838095238095238	0.28476190476190477	0.07833333333333334	MS4A1;CD79A;CD3D;LST1	LILRA4;CLEC4C;IRF7;TCF4		0.0	0.0	0.002857142857142857	0.002857142857142857	0.0009523809523809524	0.008571428571428572
vaccination_study_09	B_lineage	5	Plasmablast	4	1050	0.284938553872535	0.284938553872535	0.17047619047619048	0.4291746031746032	0.04076190476190476	0.469936507936508	0.0	0.0	0.0	0.439047619047619	0.06052910052910053	0.17047619047619048	0.007619047619047619	0.11523809523809524	0.862501418316731	0.9219047619047619	0.35841269841269846	0.11619047619047619	0.03936507936507937	MS4A1;LST1;CD3D	LILRA4;CLEC4C;IRF7	MKI67;TOP2A;STMN1	0.06095238095238095	0.020317460317460317	0.0	0.0	0.0	0.0
vaccination_study_09	B_lineage	6	Naive B Cell	1	930	0.9462775078593884	0.9462775078593884	1.0	0.04338351254480287	0.016559139784946237	0.0599426523297491	0.940057347670251	0.940057347670251	0.0	0.9978494623655914	0.5812596006144393	0.6838709677419355	0.6838709677419355	0.6838709677419355	1.2039646094864394	0.0956989247311828	0.03189964157706093	0.047311827956989246	0.015770609318996417	CD27;TNFRSF13B;MZB1	FCRL5;ITGAX;TBX21		0.0	0.0	0.9924731182795699	0.9010752688172043	0.8903225806451613	4.497476702508961
vaccination_study_09	B_lineage	6	Memory B Cell	2	930	0.3487532152043441	0.3487532152043441	0.053763440860215055	0.353247311827957	0.0	0.353247311827957	0.0	0.0	0.0	0.9924731182795699	0.2512218963831867	0.053763440860215055	0.0	0.03763440860215054	0.20832260642279482	0.7086021505376344	0.3817204301075269	0.0	0.0	TCL1A;MZB1			0.0	0.0	0.0956989247311828	0.09032258064516129	0.07096774193548387	0.3286021505376344
vaccination_study_09	B_lineage	6	Plasma Cell	3	930	0.3629572735067162	0.3629572735067162	0.12473118279569892	0.4583225806451613	0.047217741935483865	0.5055403225806452	0.0	0.0	0.0	0.14623655913978495	0.025806451612903226	0.12473118279569892	0.0032258064516129032	0.07956989247311828	0.6184884508708688	0.9602150537634409	0.42473118279569894	0.13978494623655913	0.03521505376344086	MS4A1;CD79A;CD3D;LST1	LILRA4;CLEC4C;IRF7;TCF4		0.0	0.0	0.0032258064516129032	0.0032258064516129032	0.002150537634408602	0.01096774193548387
vaccination_study_09	B_lineage	6	Plasmablast	4	930	0.284938553872535	0.284938553872535	0.11935483870967742	0.3548602150537635	0.012795698924731182	0.3676559139784947	0.0	0.0	0.0	0.1924731182795699	0.023178016726403825	0.11935483870967742	0.0032258064516129032	0.07956989247311828	0.6181908625112938	0.7645161290322581	0.29247311827956984	0.03655913978494624	0.012186379928315413	MS4A1;LST1;CD3D	LILRA4;CLEC4C;IRF7	MKI67;TOP2A;STMN1	0.047311827956989246	0.015770609318996414	0.0	0.0	0.0	0.0
vaccination_study_09	B_lineage	7	Naive B Cell	1	815	0.965725921691912	0.965725921691912	1.0	0.12772188139059304	0.07392638036809816	0.20164826175869122	0.7983517382413088	0.7983517382413088	0.0	1.0	0.6776511831726556	0.9251533742331288	0.9251533742331288	0.9251533742331288	1.6226238297337967	0.27975460122699386	0.09734151329243353	0.21104294478527608	0.07075664621676891	CD27;TNFRSF13B;MZB1	FCRL5;ITGAX;TBX21		0.0	0.0	0.9877300613496932	0.8049079754601227	0.9104294478527607	4.276143149284254
vaccination_study_09	B_lineage	7	Memory B Cell	2	815	0.3487532152043441	0.3487532152043441	0.2331288343558282	0.4843926380368099	0.0	0.4843926380368099	0.0	0.0	0.0	0.9987730061349693	0.31567205800334636	0.2331288343558282	0.0098159509202454	0.20368098159509201	0.7943302899945047	0.9337423312883436	0.5889570552147239	0.0	0.0	TCL1A;MZB1			0.0	0.0	0.0687116564417178	0.05889570552147239	0.049079754601226995	0.22773006134969326
vaccination_study_09	B_lineage	7	Plasma Cell	3	815	0.3629572735067162	0.3629572735067162	0.3965436319876801	0.4842453987730061	0.08572085889570552	0.5699662576687117	0.0	0.0	0.0	0.3214723926380368	0.05991820040899795	0.29570552147239265	0.025766871165644172	0.252760736196319	1.4033524420611498	0.9901840490797545	0.49079754601227	0.25153374233128833	0.06840490797546012	MS4A1;CD79A;CD3D;LST1	LILRA4;CLEC4C;IRF7;TCF4		0.0	0.0	0.0049079754601227	0.0049079754601227	0.0049079754601227	0.01865030674846626
vaccination_study_09	B_lineage	7	Plasmablast	4	815	0.284938553872535	0.29325153374233126	0.40556369978119533	0.4147484662576687	0.029263803680981595	0.4440122699386503	0.0	0.0	0.0	0.40736196319018403	0.05466939331970007	0.29325153374233126	0.025766871165644172	0.252760736196319	1.4492486641554563	0.8932515337423312	0.3423312883435583	0.0834355828220859	0.02822085889570552	MS4A1;LST1;CD3D	LILRA4;CLEC4C;IRF7	MKI67;TOP2A;STMN1	0.12269938650306748	0.04130879345603272	0.0	0.0	0.0	0.0
vaccination_study_09	B_lineage	8	Naive B Cell	1	771	0.9528258073735353	0.9528258073735353	1.0	0.04880242109814095	0.04584954604409857	0.09465196714223953	0.9053480328577604	0.9053480328577604	0.0	0.9987029831387808	0.6221975171391513	0.7341115434500648	0.7341115434500648	0.7341115434500648	1.2911391389377256	0.10765239948119326	0.035884133160397756	0.1309987029831388	0.04366623432771293	CD27;TNFRSF13B;MZB1	FCRL5;ITGAX;TBX21		0.0	0.0	0.9870298313878081	0.9053177691309987	0.8793774319066148	4.44516645049719
vaccination_study_09	B_lineage	8	Memory B Cell	2	771	0.3487532152043441	0.3487532152043441	0.13488975356679636	0.3776523994811932	0.0	0.3776523994811932	0.0	0.0	0.0	0.9883268482490273	0.2710765239948119	0.13488975356679636	0.00648508430609598	0.12062256809338522	0.473371742487387	0.7561608300907912	0.41050583657587547	0.0	0.0	TCL1A;MZB1			0.0	0.0	0.11413748378728923	0.10765239948119326	0.057068741893644616	0.3587548638132296
vaccination_study_09	B_lineage	8	Plasma Cell	3	771	0.3629572735067162	0.3629572735067162	0.14526588845654995	0.46023346303501944	0.049708171206225685	0.5099416342412452	0.0	0.0	0.0	0.16731517509727625	0.030479896238651105	0.14526588845654995	0.0038910505836575876	0.08690012970168612	0.7127537726006388	0.9610894941634242	0.43190661478599224	0.14656290531776914	0.03826199740596628	MS4A1;CD79A;CD3D;LST1	LILRA4;CLEC4C;IRF7;TCF4		0.0	0.0	0.00648508430609598	0.00648508430609598	0.0012970168612191958	0.018417639429312585
vaccination_study_09	B_lineage	8	Plasmablast	4	771	0.284938553872535	0.284938553872535	0.13359273670557717	0.3641158668396023	0.014526588845654992	0.3786424556852573	0.0	0.0	0.0	0.23476005188067445	0.029254935869721856	0.13359273670557717	0.0025940337224383916	0.08690012970168612	0.6862342270288564	0.7859922178988327	0.2974492001729356	0.041504539559014265	0.013834846519671422	MS4A1;LST1;CD3D	LILRA4;CLEC4C;IRF7	MKI67;TOP2A;STMN1	0.07263294422827497	0.024210981409424986	0.0	0.0	0.0	0.0
vaccination_study_09	B_lineage	9	Naive B Cell	1	764	0.9573842526436125	0.9573842526436125	1.0	0.04034904013961606	0.04581151832460733	0.08616055846422338	0.9138394415357767	0.9138394415357767	0.0	1.0	0.6475317875841436	0.7918848167539267	0.7918848167539267	0.7918848167539267	1.3913839678262965	0.08900523560209424	0.02966841186736475	0.13089005235602094	0.04363001745200698	CD27;TNFRSF13B;MZB1	FCRL5;ITGAX;TBX21		0.0	0.0	0.9986910994764397	0.9319371727748691	0.9450261780104712	4.577713787085514
vaccination_study_09	B_lineage	9	Memory B Cell	2	764	0.3487532152043441	0.3487532152043441	0.14136125654450263	0.3999869109947644	0.0	0.3999869109947644	0.0	0.0	0.0	0.993455497382199	0.276534983341266	0.14136125654450263	0.003926701570680628	0.1243455497382199	0.4945148983397216	0.8036649214659686	0.4299738219895288	0.0	0.0	TCL1A;MZB1			0.0	0.0	0.041884816753926704	0.03926701570680628	0.01832460732984293	0.12827225130890052
vaccination_study_09	B_lineage	9	Plasma Cell	3	764	0.3629572735067162	0.3629572735067162	0.12041884816753927	0.46344895287958116	0.06106020942408377	0.524509162303665	0.0	0.0	0.0	0.1662303664921466	0.02879581151832461	0.12041884816753927	0.006544502617801047	0.06806282722513089	0.5986925201259305	0.9685863874345549	0.4335732984293193	0.1793193717277487	0.048429319371727744	MS4A1;CD79A;CD3D;LST1	LILRA4;CLEC4C;IRF7;TCF4		0.0	0.0	0.002617801047120419	0.002617801047120419	0.0	0.00680628272251309
vaccination_study_09	B_lineage	9	Plasmablast	4	764	0.284938553872535	0.284938553872535	0.11780104712041885	0.36373472949389185	0.030301047120418846	0.3940357766143107	0.0	0.0	0.0	0.23298429319371727	0.028504944735311226	0.11780104712041885	0.003926701570680628	0.06806282722513089	0.6107652433979465	0.7879581151832461	0.2923211169284468	0.08638743455497382	0.029232111692844676	MS4A1;LST1;CD3D	LILRA4;CLEC4C;IRF7	MKI67;TOP2A;STMN1	0.0693717277486911	0.0231239092495637	0.0	0.0	0.0	0.0
vaccination_study_09	T_NK_lineage	0	CD4 Naive / T Central Memory	1	6439	0.8087775078593884	0.8087775078593884	0.8588939766688841	0.05479173784749185	0.004659108557229383	0.05945084640472123	0.7994431302641629	0.7994431302641629	0.0	0.9995340891442771	0.5304861003261376	0.7543096754154371	0.2834291038981208	0.5359527876999534	1.418337205013788	0.12843609256095667	0.027209193974219597	0.012424289485945022	0.006212144742972511	NKG7;GNLY;GZMB;PRF1;FOXP3	CD8A;CD8B		0.0	0.0	0.9998446963814257	0.0	0.8314955738468707	3.396989333090689
vaccination_study_09	T_NK_lineage	0	NKT Cell	2	6439	0.5637182052014862	0.7659574468085106	0.7659574468085106	0.04308122379251437	0.004659108557229383	0.04774033234974375	0.7182171144587669	0.7182171144587669	0.0	0.9192421183413574	0.25428379147900815	0.7659574468085106	0.04100015530361857	0.7515142102810995	0.8990949133072952	0.08774654449448673	0.04426153129367914	0.012424289485945022	0.006212144742972511	MS4A1;LST1	CD8A;CD8B		0.0	0.0	0.0	0.0	0.0	0.7182171144587669
vaccination_study_09	T_NK_lineage	0	CD8 Naive / T Central Memory	3	6439	0.7436231780508716	0.7436231780508716	0.7924375505263896	0.05601801521975462	0.050528032303152656	0.10654604752290728	0.6858915030034823	0.6858915030034823	0.0	0.9959621059170679	0.4396300322686408	0.722938344463426	0.22938344463425997	0.5359527876999534	1.2779968242518547	0.12781487808665942	0.033856188849200185	0.11228451622922814	0.11228451622922814	NKG7;GNLY;GZMB;PRF1	CD4		0.0	0.0	0.0029507687529119427	0.0	0.0	0.6906127330081414
vaccination_study_09	T_NK_lineage	0	gdT Cell	4	6439	0.5000035724492712	0.9080602578040068	0.7726393849976705	0.04308122379251437	0.039020034166796086	0.08210125795931045	0.69053812703836	0.69053812703836	0.0	0.9080602578040068	0.6997204534865662	0.9080602578040068	0.0	0.6997204534865662	1.075387867948273	0.08774654449448673	0.04426153129367914	0.103276906351918	0.05357974840813791	MS4A1;LST1	NKG7;GNLY		0.0	0.0	0.0	0.0	0.0	0.69053812703836
vaccination_study_09	T_NK_lineage	0	Treg	5	6439	0.48380965990282937	0.48380965990282937	0.016462183568877155	0.051304550396024225	0.28803773877931355	0.33934228917533776	0.0	0.0	0.0	0.9192421183413574	0.1533778537039913	0.016462183568877155	0.0	0.010250038825904643	0.6092843094905777	0.11725423202360614	0.030672464668426776	0.7226277372262774	0.4749961174095356	NKG7;GNLY;GZMB;CD8A	CCR7;TCF7		0.0	0.0	0.00046591085572293835	0.00015530361857431278	0.005435626650100948	0.007423512967852151
vaccination_study_09	T_NK_lineage	0	CD4 T Effector Memory	6	6439	0.41536867676478995	0.41536867676478995	0.1469172231712999	0.38395791271936636	0.04342289175337785	0.4273808044727442	0.0	0.0	0.0	0.9754620282652586	0.26902037928594846	0.1469172231712999	0.004814412175803696	0.11228451622922814	0.35508228815606824	0.8200031060723715	0.32889423823575087	0.12781487808665942	0.033856188849200185	CCR7;TCF7;LEF1;FOXP3	NKG7;GNLY;GZMB;PRF1		0.0	0.0	0.00015530361857431278	0.0	0.0012424289485945023	0.001739400528032303
vaccination_study_09	T_NK_lineage	0	CD8 Cytotoxic / T Effector Memory	7	6439	0.2746498999714204	0.2746498999714204	0.10622767510482994	0.38590619661438114	0.006522751980121136	0.3924289485945023	0.0	0.0	0.0	0.9229694051871409	0.14543477953945416	0.10622767510482994	0.004348501320080758	0.06258735828544805	0.24888453130926835	0.8232644820624321	0.33211678832116787	0.017394005280323033	0.008697002640161516	CCR7;TCF7;LEF1;MS4A1	KLRD1;FCGR3A		0.0	0.0	0.00015530361857431278	0.0	0.0	0.00024848578971890047
vaccination_study_09	T_NK_lineage	0	NK Cell	8	6439	0.3007895112889397	0.3007895112889397	0.11073148004348501	0.4294975927939121	0.004659108557229383	0.4341567013511415	0.0	0.0	0.0	0.20593259822953874	0.028498214008386397	0.11073148004348501	0.004659108557229384	0.06258735828544805	0.28472185249122367	0.9148936170212766	0.3719909923901227	0.012424289485945022	0.006212144742972511	CD3D;CD3E;MS4A1;LST1	CD8A;CD8B		0.0	0.0	0.00015530361857431278	0.0	0.0	0.00024848578971890047
vaccination_study_09	T_NK_lineage	0	MAIT Cell	9	6439	0.384549156901972	0.384549156901972	0.042863798726510326	0.04308122379251437	0.040254697934461875	0.08333592172697624	0.0	0.0	0.0	0.9669203292436713	0.351063829787234	0.042863798726510326	0.0	0.0425531914893617	0.1677827463815563	0.08774654449448673	0.04426153129367914	0.11430346327069421	0.03975772635502407	MS4A1;LST1	NKG7;GNLY;GZMB		0.0	0.0	0.0	0.0	0.0	0.0
vaccination_study_09	T_NK_lineage	1	NK Cell	1	6386	0.9713310945984568	1.0	1.0	0.12675775133103664	0.031087535233322895	0.15784528656435953	0.8421547134356404	0.8421547134356404	0.0	1.0	0.8484379893517069	1.0	0.9874725963044159	0.9996868149076104	2.3818897185105277	0.28640776699029125	0.0814672721578453	0.0822110867522706	0.04282806138427811	CD3D;CD3E;MS4A1;LST1	CD8A;CD8B		0.0	0.0	1.0	0.9989038521766364	0.0	3.441058565612277
vaccination_study_09	T_NK_lineage	1	NKT Cell	2	6386	0.9312124892826521	0.9996868149076104	1.0	0.04820544942060758	0.031087535233322895	0.07929298465393048	0.9207070153460695	0.9207070153460695	0.0	1.0	0.5075425409750497	0.9996868149076104	0.19652364547447543	0.9996868149076104	1.1699150295556133	0.09802693391794551	0.049796429689946756	0.0822110867522706	0.04282806138427811	MS4A1;LST1	CD8A;CD8B		0.0	0.0	0.0	0.0	0.0	0.9207070153460695
vaccination_study_09	T_NK_lineage	1	CD8 Cytotoxic / T Effector Memory	3	6386	0.9629001143183766	1.0	1.0	0.048997807704353274	0.3804494206075791	0.4294472283119324	0.5705527716880676	0.5705527716880676	0.0	1.0	0.5824246220425362	1.0	0.9664891951143125	0.9996868149076104	2.162766969189036	0.111807077983088	0.029595991230817412	0.9107422486689634	0.7148449733792672	CCR7;TCF7;LEF1;MS4A1	KLRD1;FCGR3A		0.0	0.0	0.014406514249921704	0.0	0.0	0.5936031944879423
vaccination_study_09	T_NK_lineage	1	MAIT Cell	4	6386	0.8864818519577022	0.8864818519577022	1.0	0.04820544942060758	0.4451064829314124	0.49331193235202	0.50668806764798	0.50668806764798	0.0	0.8906984027560289	0.18668441382190207	0.8570310053241466	0.0009395552771688068	0.8570310053241466	2.7518424096582152	0.09802693391794551	0.049796429689946756	1.0	0.967376552876083	MS4A1;LST1	NKG7;GNLY;GZMB		0.0	0.0	0.00031318509238960227	0.00031318509238960227	0.0	0.507502348888193
vaccination_study_09	T_NK_lineage	1	CD4 T Effector Memory	5	6386	0.7187660760217205	0.7676166614469151	0.9575267902946372	0.04235515189476981	0.4440690573128719	0.4864242092076417	0.4711025810869955	0.4711025810869955	0.0	0.9876291888506107	0.27327139228172737	0.7676166614469151	0.019887253366739743	0.7619793297839023	1.7596405153908885	0.0967741935483871	0.025367992483557783	1.0	0.9604603820858126	CCR7;TCF7;LEF1;FOXP3	NKG7;GNLY;GZMB;PRF1		0.0	0.0	0.0	0.0	0.0	0.4711025810869955
vaccination_study_09	T_NK_lineage	1	CD4 Naive / T Central Memory	6	6386	0.12657187767933695	0.12657187767933695	0.08941434387723145	0.5	0.031087535233322895	0.5310875352333229	0.0	0.0	0.0	0.5164422173504541	0.07167240839336048	0.08941434387723145	0.002348888192922017	0.0695270905104917	0.18448420472561783	1.0	0.768493579705606	0.0822110867522706	0.04282806138427811	NKG7;GNLY;GZMB;PRF1;FOXP3	CD8A;CD8B		0.0	0.0	0.002662073285311619	0.0	0.0	0.004259317256498591
vaccination_study_09	T_NK_lineage	1	Treg	7	6386	0.48380965990282937	0.48380965990282937	0.0029752583777012216	0.5	0.031216724083933604	0.5312167240839336	0.0	0.0	0.0	0.3885061071093016	0.04774506733479487	0.0029752583777012216	0.0	0.0017225180081428123	0.2987516627470426	1.0	0.7433056686501722	0.0828374569370498	0.04243658001879111	NKG7;GNLY;GZMB;CD8A	CCR7;TCF7		0.0	0.0	0.00015659254619480113	0.00015659254619480113	0.0	0.00040714062010648294
vaccination_study_09	T_NK_lineage	1	CD8 Naive / T Central Memory	8	6386	0.2577272077736496	0.2577272077736496	0.14735358596930787	0.5	0.003170999060444723	0.5031709990604447	0.0	0.0	0.0	0.4566238647040401	0.06832654765633156	0.14735358596930787	0.00829940494832446	0.07109301597243971	0.2743714865956935	1.0	0.9604603820858126	0.007046664578766051	0.007046664578766051	NKG7;GNLY;GZMB;PRF1	CD4		0.0	0.0	0.0	0.0	0.0	0.0
vaccination_study_09	T_NK_lineage	1	gdT Cell	9	6386	0.5000035724492712	0.5000035724492712	0.14709129345443156	0.04820544942060758	0.4472165674913874	0.49542201691199494	0.0	0.0	0.0	0.2101471969934231	0.11313811462574383	0.2101471969934231	0.0	0.11313811462574383	0.25787373192238455	0.09802693391794551	0.049796429689946756	1.0	0.981443783275916	MS4A1;LST1	NKG7;GNLY		0.0	0.0	0.0	0.0	0.0	0.0
vaccination_study_09	T_NK_lineage	10	CD4 Naive / T Central Memory	1	3848	0.6219991426121749	0.6219991426121749	0.43295218295218296	0.11456756756756756	0.0070361226611226615	0.12160369022869022	0.31134849272349274	0.31134849272349274	0.0	0.9968814968814969	0.41707380457380455	0.43295218295218296	0.0751039501039501	0.27494802494802495	0.8219908517861816	0.2648128898128898	0.06335758835758835	0.018711018711018712	0.009485446985446986	NKG7;GNLY;GZMB;PRF1;FOXP3	CD8A;CD8B		0.0	0.0	0.9898648648648649	0.0	0.24974012474012475	2.1948204261954265
vaccination_study_09	T_NK_lineage	10	CD4 T Effector Memory	2	3848	0.8370409402686482	0.8370409402686482	0.7842771847547121	0.1918373180873181	0.09076793139293139	0.2826052494802495	0.5016719352744625	0.5016719352744625	0.0	0.997920997920998	0.5039847539847541	0.656964656964657	0.2874220374220374	0.5137733887733887	1.5092501111602206	0.4298336798336798	0.12954781704781707	0.26325363825363823	0.07861226611226611	CCR7;TCF7;LEF1;FOXP3	NKG7;GNLY;GZMB;PRF1		0.0	0.0	0.41372141372141374	0.0	0.4430873180873181	1.6953309789335063
vaccination_study_09	T_NK_lineage	10	MAIT Cell	3	3848	0.8583327379251215	0.8583327379251215	0.8976091476091476	0.0705483367983368	0.08312110187110186	0.15366943866943866	0.7439397089397088	0.7439397089397088	0.0	0.9864864864864865	0.4858367983367983	0.6476091476091476	0.008835758835758836	0.6463097713097713	2.087164969023794	0.14345114345114346	0.0728950103950104	0.23310810810810811	0.08792446292446293	MS4A1;LST1	NKG7;GNLY;GZMB		0.0	0.0	0.04677754677754678	0.04235966735966736	0.0	0.861143451143451
vaccination_study_09	T_NK_lineage	10	NKT Cell	4	3848	0.570954201200343	0.7762474012474012	0.7762474012474012	0.0705483367983368	0.0070361226611226615	0.07758445945945946	0.6986629417879417	0.6986629417879417	0.0	0.9119022869022869	0.2759009009009009	0.7762474012474012	0.12759875259875259	0.7461018711018711	0.9110177909499058	0.14345114345114346	0.0728950103950104	0.018711018711018712	0.009485446985446986	MS4A1;LST1	CD8A;CD8B		0.0	0.0	0.0	0.0	0.0	0.6986629417879417
vaccination_study_09	T_NK_lineage	10	gdT Cell	5	3848	0.5000035724492712	0.8905925155925156	0.7587512993762994	0.0705483367983368	0.08501819126819127	0.15556652806652807	0.6031847713097713	0.6031847713097713	0.0	0.8905925155925156	0.6877598752598753	0.8905925155925156	0.0	0.6877598752598753	1.0549266859125555	0.14345114345114346	0.0728950103950104	0.22141372141372143	0.12396049896049896	MS4A1;LST1	NKG7;GNLY		0.0	0.0	0.0002598752598752599	0.0002598752598752599	0.0	0.603860446985447
vaccination_study_09	T_NK_lineage	10	CD8 Naive / T Central Memory	6	3848	0.2577272077736496	0.3588877338877339	0.3588877338877339	0.11733108108108108	0.056133056133056136	0.17346413721413723	0.18542359667359665	0.18542359667359665	0.0	0.9820686070686071	0.3267787017787017	0.3588877338877339	0.038201663201663204	0.27494802494802495	0.6432155664595771	0.26325363825363823	0.07861226611226611	0.12474012474012475	0.12474012474012475	NKG7;GNLY;GZMB;PRF1	CD4		0.0	0.0	0.0010395010395010396	0.0	0.0	0.1870867983367983
vaccination_study_09	T_NK_lineage	10	CD8 Cytotoxic / T Effector Memory	7	3848	0.2746498999714204	0.2746498999714204	0.22791060291060292	0.1974662162162162	0.01033004158004158	0.2077962577962578	0.020114345114345122	0.020114345114345122	0.0	0.9571205821205822	0.21697221697221697	0.22791060291060292	0.027806652806652808	0.14007276507276506	0.5094506867276247	0.4417879417879418	0.13448544698544698	0.02754677754677755	0.013773388773388774	CCR7;TCF7;LEF1;MS4A1	KLRD1;FCGR3A		0.0	0.0	0.06808731808731809	0.0	0.0	0.12905405405405407
vaccination_study_09	T_NK_lineage	10	NK Cell	8	3848	0.3007895112889397	0.3007895112889397	0.23102910602910603	0.4264423076923077	0.0070361226611226615	0.4334784303534303	0.0	0.0	0.0	0.35265072765072764	0.056425415800415796	0.23102910602910603	0.028846153846153848	0.14007276507276506	0.5684205440717937	0.902027027027027	0.38032744282744285	0.018711018711018712	0.009485446985446986	CD3D;CD3E;MS4A1;LST1	CD8A;CD8B		0.0	0.0	0.008575883575883576	0.008316008316008316	0.0	0.02203742203742204
vaccination_study_09	T_NK_lineage	10	Treg	9	3848	0.48380965990282937	0.48380965990282937	0.07268214214742291	0.10595893970893971	0.13516761954261955	0.24112655925155926	0.0	0.0	0.0	0.9163201663201663	0.16044698544698544	0.03924116424116424	0.0005197505197505198	0.02442827442827443	1.1337639116250346	0.23934511434511435	0.06821725571725572	0.35343035343035345	0.19425675675675674	NKG7;GNLY;GZMB;CD8A	CCR7;TCF7		0.0	0.0	0.006756756756756757	0.006496881496881497	0.0033783783783783786	0.021361746361746363
vaccination_study_09	T_NK_lineage	11	MAIT Cell	1	3819	0.9802443555301514	0.9924063891070961	1.0	0.1525896831631317	0.3443047918303221	0.4968944749934538	0.5031055250065462	0.5031055250065462	0.0	0.9994763026970411	0.6053940822204765	0.9924063891070961	0.2432573972244043	0.9884786593349044	3.1815060780046585	0.3102906520031422	0.15763288819062582	0.9345378371301388	0.4262896046085363	MS4A1;LST1	NKG7;GNLY;GZMB		0.0	0.0	0.9910971458496989	0.9078292746792354	0.0	2.9966902330452996
vaccination_study_09	T_NK_lineage	11	CD8 Cytotoxic / T Effector Memory	2	3819	0.8214632752214919	0.942916993977481	1.0	0.10988347735009166	0.05565593087195601	0.16553940822204766	0.8344605917779524	0.8344605917779524	0.0	0.9994763026970411	0.4609964531409936	0.942916993977481	0.45640219952867245	0.9094003665881121	2.0405320781716867	0.2508510081173082	0.06618224666142969	0.14794448808588637	0.07515056297460068	CCR7;TCF7;LEF1;MS4A1	KLRD1;FCGR3A		0.0	0.0	0.2304268133019115	0.0	0.0	1.2031434930610108
vaccination_study_09	T_NK_lineage	11	NKT Cell	3	3819	0.8369891397542155	0.9790521078816444	1.0	0.1525896831631317	0.1085428122545169	0.2611324954176486	0.7388675045823514	0.7388675045823514	0.0	0.9945011783189317	0.5067644234965524	0.9790521078816444	0.7645980623199791	0.9094003665881121	1.1460057801490404	0.3102906520031422	0.15763288819062582	0.27965435978004716	0.16431002880335166	MS4A1;LST1	CD8A;CD8B		0.0	0.0	0.0	0.0	0.0	0.7388675045823514
vaccination_study_09	T_NK_lineage	11	CD4 T Effector Memory	4	3819	0.9473706773363818	0.9730295888976171	1.0	0.10240638910709611	0.3512274155538099	0.45363380466090597	0.546366195339094	0.546366195339094	0.0	0.9994763026970411	0.6228797532803817	0.9730295888976171	0.748101597276774	0.9096622152395916	2.22446197234726	0.23409269442262373	0.06114166012045038	0.9531290913851793	0.43525792092170734	CCR7;TCF7;LEF1;FOXP3	NKG7;GNLY;GZMB;PRF1		0.0	0.0	0.08274417386750459	0.0	0.03168368682901283	0.7167772977219168
vaccination_study_09	T_NK_lineage	11	NK Cell	5	3819	0.8330558731066019	0.9384655669023304	1.0	0.45648991882691803	0.1085428122545169	0.5650327310814349	0.4349672689185651	0.4349672689185651	0.0	0.9659596753076721	0.26993322859387275	0.9384655669023304	0.3995810421576329	0.9094003665881121	2.2367726556098217	0.9447499345378372	0.4431133804660906	0.27965435978004716	0.16431002880335166	CD3D;CD3E;MS4A1;LST1	CD8A;CD8B		0.0	0.0	0.03875360041895784	0.03875360041895784	0.0	0.5357266300078555
vaccination_study_09	T_NK_lineage	11	gdT Cell	6	3819	0.5000035724492712	0.9248494370253993	0.7972833202409009	0.1525896831631317	0.37458758837391987	0.5271772715370515	0.27010604870384936	0.27010604870384936	0.0	0.9248494370253993	0.7285938727415554	0.9248494370253993	0.0	0.7285938727415554	1.0950542019323644	0.3102906520031422	0.15763288819062582	0.933490442524221	0.6302697041110239	MS4A1;LST1	NKG7;GNLY		0.0	0.0	0.0013092432573972245	0.0013092432573972245	0.0	0.2735100811730821
vaccination_study_09	T_NK_lineage	11	CD4 Naive / T Central Memory	7	3819	0.5389254072592169	0.5389254072592169	0.22885572139303484	0.43881749148991883	0.1085428122545169	0.5473603037444357	0.0	0.0	0.0	0.9984289080911233	0.3516627389368944	0.22885572139303484	0.009426551453260016	0.20240900759361088	0.44324698113759686	0.9531290913851793	0.34831107619795765	0.27965435978004716	0.16431002880335166	NKG7;GNLY;GZMB;PRF1;FOXP3	CD8A;CD8B		0.0	0.0	0.06258182770358732	0.0	0.0010473946059177796	0.10138779785284106
vaccination_study_09	T_NK_lineage	11	Treg	8	3819	0.48380965990282937	0.48380965990282937	0.008902854150301126	0.4412005760670332	0.08423016496465043	0.5254307410316836	0.0	0.0	0.0	0.9300864100549883	0.15535480492275466	0.008902854150301126	0.0002618486514794449	0.004975124378109453	0.4352328827433956	0.9437025399319193	0.37542550405865416	0.22335689971196648	0.11482063367373657	NKG7;GNLY;GZMB;CD8A	CCR7;TCF7		0.0	0.0	0.0005236973029588898	0.0005236973029588898	0.0	0.0013616129876931134
vaccination_study_09	T_NK_lineage	11	CD8 Naive / T Central Memory	9	3819	0.2577272077736496	0.394344069128044	0.394344069128044	0.45794579732914376	0.004006284367635506	0.46195208169677926	0.0	0.0	0.0	0.99057344854674	0.32783451165226496	0.394344069128044	0.05551191411364231	0.22283320240900759	0.7050394349732356	0.9531290913851793	0.43525792092170734	0.008902854150301126	0.008902854150301126	NKG7;GNLY;GZMB;PRF1	CD4		0.0	0.0	0.0005236973029588898	0.0	0.0	0.0008379156847342237
vaccination_study_09	T_NK_lineage	12	CD4 Naive / T Central Memory	1	3633	0.7596670477279223	0.7596670477279223	0.6882809189190112	0.139345995045417	0.022522708505367462	0.16186870355078448	0.5264122153682267	0.5264122153682267	0.0	1.0	0.5337737407101569	0.6377649325626205	0.21607486925406	0.42334159097164875	1.202063945425563	0.3220478943022296	0.07712634186622626	0.057803468208092484	0.034544453619598126	NKG7;GNLY;GZMB;PRF1;FOXP3	CD8A;CD8B		0.0	0.0	0.9790806496008808	0.0	0.4772914946325351	2.665691048288678
vaccination_study_09	T_NK_lineage	12	CD4 T Effector Memory	2	3633	0.8048942555015719	0.8048942555015719	0.41453344343517756	0.2982163501238646	0.11009496284062757	0.4083113129644922	0.006222130470685372	0.006222130470685372	0.0	0.9994494907789705	0.4843563629690797	0.41453344343517756	0.12193779245802368	0.23479218276906139	0.9606613184148461	0.649325626204239	0.23396641893751718	0.3192953481970823	0.0953757225433526	CCR7;TCF7;LEF1;FOXP3	NKG7;GNLY;GZMB;PRF1		0.0	0.0	0.6162950729424718	0.0	0.13845306908890723	1.158437930085329
vaccination_study_09	T_NK_lineage	12	NKT Cell	3	3633	0.6462274935695913	0.8720066061106524	0.8774998861607166	0.11997522708505368	0.022522708505367462	0.14249793559042115	0.7350019505702955	0.7350019505702955	0.0	0.9702725020644096	0.321818515460134	0.8720066061106524	0.13404899532067163	0.8521882741535921	1.021973120200257	0.2424993118634737	0.12647949353151666	0.057803468208092484	0.034544453619598126	MS4A1;LST1	CD8A;CD8B		0.0	0.0	0.0	0.0	0.0	0.7350019505702955
vaccination_study_09	T_NK_lineage	12	gdT Cell	4	3633	0.5000035724492712	0.9578860445912469	0.8543834296724471	0.11997522708505368	0.09923616845582164	0.21921139554087532	0.6351720341315717	0.6351720341315717	0.0	0.9578860445912469	0.7986512524084779	0.9578860445912469	0.0	0.7986512524084779	1.1337522793978472	0.2424993118634737	0.12647949353151666	0.25873933388384257	0.14409578860445912	MS4A1;LST1	NKG7;GNLY		0.0	0.0	0.0002752546105147261	0.0002752546105147261	0.0	0.63588769611891
vaccination_study_09	T_NK_lineage	12	MAIT Cell	5	3633	0.784970705915976	0.784970705915976	0.6494848047029669	0.11997522708505368	0.09983484723369115	0.21981007431874483	0.42967473038422205	0.42967473038422205	0.0	0.9961464354527938	0.5148178731993761	0.49710982658959535	0.0038535645472061657	0.49490778970547755	1.609499912453486	0.2424993118634737	0.12647949353151666	0.2802091935039912	0.10514726121662538	MS4A1;LST1	NKG7;GNLY;GZMB		0.0	0.0	0.018717313515001378	0.016515276630883566	0.0	0.4761377086391078
vaccination_study_09	T_NK_lineage	12	CD8 Naive / T Central Memory	6	3633	0.5869605601600457	0.5869605601600457	0.5764632841271431	0.14231489127442884	0.08175061932287367	0.2240655105973025	0.3523977735298406	0.3523977735298406	0.0	0.9975227085053675	0.4338318500168211	0.5725295898706303	0.14616019818331957	0.42334159097164875	1.015734777026051	0.3192953481970823	0.0953757225433526	0.18166804293971925	0.18166804293971925	NKG7;GNLY;GZMB;PRF1	CD4		0.0	0.0	0.005229837599779796	0.0	0.0	0.3607655136894883
vaccination_study_09	T_NK_lineage	12	Treg	7	3633	0.48380965990282937	0.48380965990282937	0.33175061932287364	0.13027112579135702	0.2207266721717589	0.3509977979631159	0.0	0.0	0.0	0.9716487751169832	0.19997247453894856	0.08175061932287365	0.0019267822736030828	0.056427195155518854	2.112532119428645	0.2936966694192128	0.08484723369116433	0.5612441508395266	0.3490228461326727	NKG7;GNLY;GZMB;CD8A	CCR7;TCF7		0.0	0.0	0.042939719240297276	0.04128819157720892	0.0038535645472061657	0.11461601981833196
vaccination_study_09	T_NK_lineage	12	CD8 Cytotoxic / T Effector Memory	8	3633	0.2746498999714204	0.2746498999714204	0.27250206440957886	0.3049339388934765	0.018001651527663087	0.32293559042113956	0.0	0.0	0.0	0.979906413432425	0.21877736906638645	0.27250206440957886	0.037985136251032205	0.1593724194880264	0.6049367659730206	0.662262592898431	0.24215524360033028	0.04789430222956235	0.0242224057252959	CCR7;TCF7;LEF1;MS4A1	KLRD1;FCGR3A		0.0	0.0	0.04541701073492981	0.0	0.0	0.0726672171758877
vaccination_study_09	T_NK_lineage	12	NK Cell	9	3633	0.3007895112889397	0.3007895112889397	0.2689237544728874	0.46952656206991467	0.022522708505367462	0.49204927057528214	0.0	0.0	0.0	0.4836223506743738	0.08009909165978531	0.2689237544728874	0.03440682631434076	0.1593724194880264	0.6577877455716092	0.967795210569777	0.4625653729699973	0.057803468208092484	0.034544453619598126	CD3D;CD3E;MS4A1;LST1	CD8A;CD8B		0.0	0.0	0.00853289292595651	0.00853289292595651	0.0	0.022185521607486925
vaccination_study_09	T_NK_lineage	13	CD4 Naive / T Central Memory	1	3044	0.6297245641611889	0.6297245641611889	0.44612352168199737	0.07890801576872536	0.008968462549277266	0.08787647831800263	0.3582470433639947	0.3582470433639947	0.0	0.9990144546649146	0.45407358738501974	0.44612352168199737	0.08114323258869909	0.2743101182654402	0.8464330384563695	0.18429697766097242	0.040341655716162945	0.023653088042049936	0.012483574244415242	NKG7;GNLY;GZMB;PRF1;FOXP3	CD8A;CD8B		0.0	0.0	0.9931011826544021	0.0	0.7306176084099869	2.8239500657030225
vaccination_study_09	T_NK_lineage	13	CD4 T Effector Memory	2	3044	0.7437160617319234	0.7437160617319234	0.22109067017082787	0.2108032194480946	0.06183065045992116	0.27263386990801575	0.0	0.0	0.0	0.9977003942181341	0.42312746386333777	0.22109067017082787	0.019053876478318004	0.1445466491458607	0.5229266888453635	0.46977660972404733	0.1467641261498029	0.18134034165571616	0.049523653088042054	CCR7;TCF7;LEF1;FOXP3	NKG7;GNLY;GZMB;PRF1		0.0	0.0	0.7424441524310118	0.0	0.04467805519053877	1.2415243101182656
vaccination_study_09	T_NK_lineage	13	NKT Cell	3	3044	0.5824646327522149	0.8298291721419185	0.8298291721419185	0.09524638633377136	0.008968462549277266	0.10421484888304863	0.7256143232588699	0.7256143232588699	0.0	0.9375821287779238	0.2796211125711783	0.8298291721419185	0.07654402102496714	0.812089356110381	0.9731025068778218	0.19349540078843627	0.09871879106438897	0.023653088042049936	0.012483574244415242	MS4A1;LST1	CD8A;CD8B		0.0	0.0	0.0	0.0	0.0	0.7256143232588699
vaccination_study_09	T_NK_lineage	13	gdT Cell	4	3044	0.5000035724492712	0.9273981603153745	0.8078186596583443	0.09524638633377136	0.05597897503285151	0.15122536136662287	0.6565932982917214	0.6565932982917214	0.0	0.9273981603153745	0.7434296977660972	0.9273981603153745	0.0	0.7434296977660972	1.0980396988880354	0.19349540078843627	0.09871879106438897	0.14750328515111696	0.07818659658344285	MS4A1;LST1	NKG7;GNLY		0.0	0.0	0.000328515111695138	0.000328515111695138	0.0	0.6574474375821288
vaccination_study_09	T_NK_lineage	13	MAIT Cell	5	3044	0.384549156901972	0.47426631625054755	0.5869124144834545	0.09524638633377136	0.056750985545335086	0.15199737187910645	0.4349150426043481	0.4349150426043481	0.0	0.9891590013140604	0.47426631625054755	0.46222076215505914	0.006898817345597897	0.4612352168199737	1.4987666093135814	0.19349540078843627	0.09871879106438897	0.16064388961892248	0.0570521243977223	MS4A1;LST1	NKG7;GNLY;GZMB		0.0	0.0	0.006241787122207621	0.006241787122207621	0.0	0.4511436891220879
vaccination_study_09	T_NK_lineage	13	Treg	6	3044	0.48380965990282937	0.48380965990282937	0.33541392904073586	0.07301412614980289	0.13482260183968464	0.20783672798948755	0.1275772010512483	0.1275772010512483	0.0	0.9454664914586071	0.1847240473061761	0.08541392904073587	0.0022996057818659658	0.06274638633377136	2.1968787919580772	0.1662286465177398	0.044760183968462555	0.35216819973718794	0.19448094612352168	NKG7;GNLY;GZMB;CD8A	CCR7;TCF7		0.0	0.0	0.04303547963206308	0.04204993429697766	0.006898817345597897	0.24676248357424438
vaccination_study_09	T_NK_lineage	13	CD8 Naive / T Central Memory	7	3044	0.2577272077736496	0.3564388961892247	0.3564388961892247	0.07980453350854139	0.06504599211563732	0.14485052562417872	0.21158837056504598	0.21158837056504598	0.0	0.9878449408672799	0.34870054022485036	0.3564388961892247	0.04007884362680683	0.2743101182654402	0.6389456209376326	0.18134034165571616	0.049523653088042054	0.1445466491458607	0.1445466491458607	NKG7;GNLY;GZMB;PRF1	CD4		0.0	0.0	0.000328515111695138	0.0	0.0	0.2121139947437582
vaccination_study_09	T_NK_lineage	13	CD8 Cytotoxic / T Effector Memory	8	3044	0.2746498999714204	0.2746498999714204	0.1530880420499343	0.21482752956636006	0.008623521681997372	0.22345105124835743	0.0	0.0	0.0	0.9461235216819974	0.167721897025445	0.1530880420499343	0.010840998685939553	0.08344283837056504	0.34922913902505986	0.4779894875164258	0.1508705650459921	0.022996057818659658	0.01149802890932983	CCR7;TCF7;LEF1;MS4A1	KLRD1;FCGR3A		0.0	0.0	0.012812089356110381	0.0	0.0	0.02049934296977661
vaccination_study_09	T_NK_lineage	13	NK Cell	9	3044	0.3007895112889397	0.3007895112889397	0.15604467805519054	0.4495417214191853	0.008968462549277266	0.45851018396846255	0.0	0.0	0.0	0.2795663600525624	0.04028416557161629	0.15604467805519054	0.011498028909329829	0.08344283837056504	0.39158426878519703	0.9392247043363995	0.4210742444152431	0.023653088042049936	0.012483574244415242	CD3D;CD3E;MS4A1;LST1	CD8A;CD8B		0.0	0.0	0.0042706964520367935	0.0042706964520367935	0.0	0.011103810775295663
vaccination_study_09	T_NK_lineage	14	CD4 Naive / T Central Memory	1	2903	0.7927122034867105	0.7927122034867105	0.8322876168532162	0.061430244574578026	0.005942128832242508	0.06737237340682053	0.7649152434463956	0.7649152434463956	0.0	0.9993110575266965	0.5181536341715466	0.7361350327247674	0.27109886324491905	0.5074061315880124	1.384610336513795	0.14398897692042714	0.030520151567344122	0.01584567688598002	0.00792283844299001	NKG7;GNLY;GZMB;PRF1;FOXP3	CD8A;CD8B		0.0	0.0	1.0	0.0	0.8126076472614536	3.3400444201601402
vaccination_study_09	T_NK_lineage	14	NKT Cell	2	2903	0.5583595312946557	0.7378573889080262	0.7378573889080262	0.046906648294867376	0.005942128832242508	0.052848777127109885	0.6850086117809163	0.6850086117809163	0.0	0.8987254564243886	0.2491675278447583	0.7378573889080262	0.047192559421288326	0.7233895969686531	0.8665356289987566	0.09541853255253187	0.04839820874956941	0.01584567688598002	0.00792283844299001	MS4A1;LST1	CD8A;CD8B		0.0	0.0	0.0	0.0	0.0	0.6850086117809163
vaccination_study_09	T_NK_lineage	14	CD8 Naive / T Central Memory	3	2903	0.7417690768791083	0.7417690768791083	0.7723109838917452	0.06235962797106442	0.04526352049603857	0.107623148467103	0.6646878354246423	0.6646878354246423	0.0	0.9917326903203583	0.42856049297661425	0.70892180502928	0.22493971753358594	0.5074061315880124	1.2535567154498608	0.14226662073716845	0.03771960041336548	0.10058560110230795	0.10058560110230795	NKG7;GNLY;GZMB;PRF1	CD4		0.0	0.0	0.004822597313124354	0.0	0.0	0.6724039911256412
vaccination_study_09	T_NK_lineage	14	gdT Cell	4	2903	0.5000035724492712	0.884946606958319	0.7503789183603169	0.046906648294867376	0.04438511884257664	0.09129176713744402	0.6590871512228729	0.6590871512228729	0.0	0.884946606958319	0.6779193937306235	0.884946606958319	0.0	0.6779193937306235	1.048313240229499	0.09541853255253187	0.04839820874956941	0.1174646916982432	0.0609714088873579	MS4A1;LST1	NKG7;GNLY		0.0	0.0	0.0	0.0	0.0	0.6590871512228729
vaccination_study_09	T_NK_lineage	14	Treg	5	2903	0.48380965990282937	0.48380965990282937	0.021357216672407853	0.05784533241474337	0.2820961074750258	0.33994143988976916	0.0	0.0	0.0	0.8976920427144334	0.1488115742335515	0.021357216672407853	0.0003444712366517396	0.012745435756114365	0.7219910654034183	0.13193248363761625	0.0350499483293145	0.7075439200826731	0.465552876334826	NKG7;GNLY;GZMB;CD8A	CCR7;TCF7		0.0	0.0	0.002411298656562177	0.0003444712366517396	0.009300723389596968	0.015363417154667585
vaccination_study_09	T_NK_lineage	14	CD4 T Effector Memory	6	2903	0.4198663903972564	0.4198663903972564	0.14915604547020322	0.3758405098174302	0.04833792628315535	0.4241784361005856	0.0	0.0	0.0	0.964174991388219	0.2661231676043939	0.14915604547020322	0.006200482259731312	0.10058560110230795	0.36014843786610734	0.8012400964519463	0.32440578711677576	0.14226662073716845	0.03771960041336548	CCR7;TCF7;LEF1;FOXP3	NKG7;GNLY;GZMB;PRF1		0.0	0.0	0.0010334137099552187	0.0	0.004822597313124354	0.007440578711677574
vaccination_study_09	T_NK_lineage	14	CD8 Cytotoxic / T Effector Memory	7	2903	0.2746498999714204	0.2746498999714204	0.12125387530141234	0.37807440578711676	0.005812952118498105	0.38388735790561485	0.0	0.0	0.0	0.9042369962108164	0.1442081858892055	0.12125387530141234	0.006544953496383052	0.07165001722356183	0.281060936712823	0.8053737512917671	0.3274199104374785	0.015501205649328281	0.0077506028246641405	CCR7;TCF7;LEF1;MS4A1	KLRD1;FCGR3A		0.0	0.0	0.0006889424733034792	0.0	0.0	0.0011023079572855669
vaccination_study_09	T_NK_lineage	14	MAIT Cell	8	2903	0.384549156901972	0.384549156901972	0.05649328281088529	0.046906648294867376	0.04516017912504306	0.09206682741991043	0.0	0.0	0.0	0.95246296934206	0.34625100470777354	0.05649328281088529	0.0	0.05580434033758181	0.21104093679785252	0.09541853255253187	0.04839820874956941	0.12814330003444713	0.04478126076472614	MS4A1;LST1	NKG7;GNLY;GZMB		0.0	0.0	0.0	0.0	0.0	0.0
vaccination_study_09	T_NK_lineage	14	NK Cell	9	2903	0.3007895112889397	0.3007895112889397	0.12194281777471581	0.42023251808473994	0.005942128832242508	0.4261746469169824	0.0	0.0	0.0	0.2228728901136755	0.03113158801240096	0.12194281777471581	0.005511539786427834	0.07165001722356183	0.3111616248404987	0.8956252152945229	0.3631588012400964	0.01584567688598002	0.00792283844299001	CD3D;CD3E;MS4A1;LST1	CD8A;CD8B		0.0	0.0	0.0	0.0	0.0	0.0
vaccination_study_09	T_NK_lineage	15	CD8 Cytotoxic / T Effector Memory	1	2733	0.8738853958273792	0.9901207464324918	1.0	0.09877424076106842	0.25096048298573	0.34973472374679837	0.6502652762532016	0.6502652762532016	0.0	1.0	0.582443535242657	0.9901207464324918	0.7142334431028174	0.9824368825466521	2.141611995628591	0.22466154409074277	0.06092206366630077	0.6509330406147091	0.37120380534211495	CCR7;TCF7;LEF1;MS4A1	KLRD1;FCGR3A		0.0	0.0	0.903036955726308	0.0	0.0	2.0951244054152944
vaccination_study_09	T_NK_lineage	15	NK Cell	2	2733	0.8913189482709346	0.9945115257958288	1.0	0.44806073911452615	0.01978594950603732	0.46784668862056344	0.5321533113794366	0.5321533113794366	0.0	0.995609220636663	0.5184778631540432	0.9945115257958288	0.871203805342115	0.9824368825466521	2.368946213285552	0.9436516648371752	0.4066959385290889	0.05195755579948774	0.027991218441273325	CD3D;CD3E;MS4A1;LST1	CD8A;CD8B		0.0	0.0	0.5503110135382364	0.5495792169776802	0.0	1.962230150018295
vaccination_study_09	T_NK_lineage	15	MAIT Cell	3	2733	0.9058731066018862	0.9058731066018862	1.0	0.05552140504939626	0.4004939626783754	0.4560153677277716	0.5439846322722284	0.5439846322722284	0.0	0.9923161361141603	0.4981705085986096	0.8576655689718259	0.0029271862422246614	0.8576655689718259	2.7538564312405907	0.11306256860592755	0.0570801317233809	0.9904866447127698	0.6889864617636298	MS4A1;LST1	NKG7;GNLY;GZMB		0.0	0.0	0.5726308086351994	0.16245883644346873	0.0	1.6226527625320162
vaccination_study_09	T_NK_lineage	15	NKT Cell	4	2733	0.9219777079165475	0.9963410171972191	1.0	0.05552140504939626	0.01978594950603732	0.07530735455543358	0.9246926454445664	0.9246926454445664	0.0	0.9996341017197219	0.6559946334918892	0.9963410171972191	0.8448591291620929	0.9824368825466521	1.166038283846502	0.11306256860592755	0.0570801317233809	0.05195755579948774	0.027991218441273325	MS4A1;LST1	CD8A;CD8B		0.0	0.0	0.0	0.0	0.0	0.9246926454445664
vaccination_study_09	T_NK_lineage	15	CD4 T Effector Memory	5	2733	0.9352314947127751	0.9919502378338821	1.0	0.08969813391877059	0.39375686059275516	0.48345499451152574	0.5165450054884743	0.5165450054884743	0.0	0.9992682034394438	0.5696223116640241	0.9919502378338821	0.4749359678009513	0.9864617636297109	2.267276821997973	0.20453713867544823	0.0544273691913648	0.9934138309549945	0.6382180753750457	CCR7;TCF7;LEF1;FOXP3	NKG7;GNLY;GZMB;PRF1		0.0	0.0	0.002561287961946579	0.0	0.0043907793633369925	0.5259120014635932
vaccination_study_09	T_NK_lineage	15	gdT Cell	6	2733	0.5000035724492712	0.9377972923527259	0.8198316867910721	0.05552140504939626	0.4244511525795829	0.47997255762897917	0.33985912916209293	0.33985912916209293	0.0	0.9377972923527259	0.756311745334797	0.9377972923527259	0.0	0.756311745334797	1.110220925920899	0.11306256860592755	0.0570801317233809	0.9901207464324918	0.849432857665569	MS4A1;LST1	NKG7;GNLY		0.0	0.0	0.012806439809732895	0.012806439809732895	0.0	0.37315587266739847
vaccination_study_09	T_NK_lineage	15	CD4 Naive / T Central Memory	7	2733	0.4549871391826236	0.4549871391826236	0.18880351262349068	0.48982363702890597	0.01978594950603732	0.5096095865349433	0.0	0.0	0.0	0.9857299670691547	0.30073179656055615	0.18880351262349068	0.008415660446395901	0.1668496158068057	0.368921691705736	0.9934138309549945	0.5105744603000366	0.05195755579948774	0.027991218441273325	NKG7;GNLY;GZMB;PRF1;FOXP3	CD8A;CD8B		0.0	0.0	0.07171606293450421	0.0	0.0	0.11474570069520673
vaccination_study_09	T_NK_lineage	15	Treg	8	2733	0.48380965990282937	0.48380965990282937	0.005488474204171241	0.4920600073179656	0.06978594950603732	0.561845956824003	0.0	0.0	0.0	0.9392608854738382	0.1552140504939627	0.005488474204171241	0.0	0.003658982802780827	0.3566177479643085	0.9904866447127698	0.5257958287596048	0.18477863154043175	0.09568240029271863	NKG7;GNLY;GZMB;CD8A	CCR7;TCF7		0.0	0.0	0.0014635931211123307	0.0014635931211123307	0.0	0.00380534211489206
vaccination_study_09	T_NK_lineage	15	CD8 Naive / T Central Memory	9	2733	0.2577272077736496	0.2937756636988251	0.21478229052323455	0.5	0.002799121844127332	0.5027991218441273	0.0	0.0	0.0	0.9806073911452616	0.2937756636988251	0.21478229052323455	0.012440541529454811	0.1668496158068057	0.3919443642248772	0.9934138309549945	0.6382180753750457	0.0062202707647274055	0.0062202707647274055	NKG7;GNLY;GZMB;PRF1	CD4		0.0	0.0	0.0	0.0	0.0	0.0
vaccination_study_09	T_NK_lineage	16	NK Cell	1	2666	0.9376571877679337	0.9939984996249063	1.0	0.15690735183795948	0.029257314328582144	0.18616466616654162	0.8138353338334584	0.8138353338334584	0.0	0.9988747186796699	0.6858589647411852	0.9939984996249063	0.9711177794448612	0.9838709677419355	2.36773634025402	0.35183795948987245	0.10549512378094525	0.07726931732933233	0.04051012753188297	CD3D;CD3E;MS4A1;LST1	CD8A;CD8B		0.0	0.0	0.9984996249062266	0.9561140285071268	0.0	3.3675487621905478
vaccination_study_09	T_NK_lineage	16	NKT Cell	2	2666	0.9111746213203773	0.9846211552888222	1.0	0.05516129032258065	0.029257314328582144	0.0844186046511628	0.9155813953488372	0.9155813953488372	0.0	0.9951237809452363	0.49849962490622657	0.9846211552888222	0.16054013503375844	0.9838709677419355	1.152458585282047	0.1121530382595649	0.05701425356339085	0.07726931732933233	0.04051012753188297	MS4A1;LST1	CD8A;CD8B		0.0	0.0	0.0	0.0	0.0	0.9155813953488372
vaccination_study_09	T_NK_lineage	16	CD8 Cytotoxic / T Effector Memory	3	2666	0.9119998571020291	0.9936234058514629	1.0	0.09633158289572392	0.3075393848462115	0.4038709677419354	0.5961290322580646	0.5961290322580646	0.0	0.9958739684921231	0.4902134624565233	0.9936234058514629	0.9448612153038259	0.9838709677419355	2.1491124274064815	0.21680420105026257	0.06339084771192799	0.7753188297074268	0.49962490622655664	CCR7;TCF7;LEF1;MS4A1	KLRD1;FCGR3A		0.0	0.0	0.04538634658664666	0.0	0.0	0.6687471867966992
vaccination_study_09	T_NK_lineage	16	MAIT Cell	4	2666	0.8687017719348386	0.8687017719348386	0.9998124531132783	0.05516129032258065	0.42666916729182297	0.48183045761440363	0.5179819954988747	0.5179819954988747	0.0	0.8383345836459115	0.1996124031007752	0.7498124531132783	0.011252813203300824	0.7498124531132783	2.411544822531311	0.1121530382595649	0.05701425356339085	0.9939984996249063	0.8564641160290073	MS4A1;LST1	NKG7;GNLY;GZMB		0.0	0.0	0.00450112528132033	0.0018754688672168042	0.0	0.527059264816204
vaccination_study_09	T_NK_lineage	16	CD4 T Effector Memory	5	2666	0.6901114604172621	0.7610652663165791	0.9472691666087609	0.09108589647411854	0.42172730682670667	0.5128132033008252	0.4344559633079357	0.4344559633079357	0.0	0.972993248312078	0.2838209552388097	0.7610652663165791	0.1447861965491373	0.6661665416354089	1.7448156011687275	0.20555138784696175	0.05898349587396849	0.9943735933983496	0.8227681920480121	CCR7;TCF7;LEF1;FOXP3	NKG7;GNLY;GZMB;PRF1		0.0	0.0	0.0007501875468867217	0.0	0.002250562640660165	0.4383569385517466
vaccination_study_09	T_NK_lineage	16	CD4 Naive / T Central Memory	6	2666	0.3246141754787082	0.3246141754787082	0.18417104276069018	0.5	0.029257314328582144	0.5292573143285821	0.0	0.0	0.0	0.6980495123780945	0.13630907726931732	0.18417104276069018	0.015753938484621154	0.15641410352588148	0.3603251704672161	0.9943735933983496	0.6582895723930984	0.07726931732933233	0.04051012753188297	NKG7;GNLY;GZMB;PRF1;FOXP3	CD8A;CD8B		0.0	0.0	0.04988747186796699	0.0	0.003000750187546887	0.08342085521380346
vaccination_study_09	T_NK_lineage	16	Treg	7	2666	0.48380965990282937	0.48380965990282937	0.006751687921980495	0.5	0.06841710427606901	0.5684171042760691	0.0	0.0	0.0	0.44973743435858965	0.05772693173293323	0.006751687921980495	0.0	0.004876219054763691	0.3857028873592165	0.9939984996249063	0.6590397599399851	0.17966991747936983	0.0967741935483871	NKG7;GNLY;GZMB;CD8A	CCR7;TCF7		0.0	0.0	0.0007501875468867217	0.0007501875468867217	0.0	0.0019504876219054764
vaccination_study_09	T_NK_lineage	16	gdT Cell	8	2666	0.5000035724492712	0.5000035724492712	0.19867779444861214	0.05516129032258065	0.4433327081770443	0.49849399849962495	0.0	0.0	0.0	0.28169542385596397	0.15397599399849962	0.28169542385596397	0.0	0.15397599399849962	0.34168314910076464	0.1121530382595649	0.05701425356339085	0.9936234058514629	0.9683045761440361	MS4A1;LST1	NKG7;GNLY		0.0	0.0	0.00037509377344336085	0.00037509377344336085	0.0	0.0009752438109527382
vaccination_study_09	T_NK_lineage	16	CD8 Naive / T Central Memory	9	2666	0.2577272077736496	0.2577272077736496	0.23330832708177043	0.5	0.003038259564891223	0.5030382595648912	0.0	0.0	0.0	0.6489122280570142	0.12903225806451613	0.23330832708177043	0.025506376594148537	0.15641410352588148	0.42424751232271024	0.9943735933983496	0.8227681920480121	0.006751687921980495	0.006751687921980495	NKG7;GNLY;GZMB;PRF1	CD4		0.0	0.0	0.0	0.0	0.0	0.0
vaccination_study_09	T_NK_lineage	17	CD8 Naive / T Central Memory	1	2396	0.9496320377250642	0.9496320377250642	1.0	0.1296306343906511	0.006573455759599332	0.13620409015025042	0.8637959098497496	0.8637959098497496	0.0	1.0	0.6547486551660174	0.9148580968280468	0.595575959933222	0.6702838063439065	1.6126400256697702	0.2929883138564274	0.08315943238731219	0.014607679465776294	0.014607679465776294	NKG7;GNLY;GZMB;PRF1	CD4		0.0	0.0	0.9849749582637729	0.0	0.0	2.4397558430717865
vaccination_study_09	T_NK_lineage	17	CD4 Naive / T Central Memory	2	2396	0.8319519862817948	0.8443238731218697	0.9906682389450558	0.12632554257095158	0.35797161936560934	0.4842971619365609	0.5063710770084949	0.5063710770084949	0.0	0.9995826377295493	0.5835559265442405	0.8443238731218697	0.38021702838063437	0.6702838063439065	1.5853774632927444	0.2938230383973289	0.06669449081803006	0.8785475792988314	0.6293823038397329	NKG7;GNLY;GZMB;PRF1;FOXP3	CD8A;CD8B		0.0	0.0	0.5375626043405676	0.0	0.09348914858096828	1.4786582222505649
vaccination_study_09	T_NK_lineage	17	gdT Cell	3	2396	0.5000035724492712	0.9599332220367279	0.8637625208681136	0.0980550918196995	0.08758347245409014	0.18563856427378964	0.6781239565943239	0.6781239565943239	0.0	0.9599332220367279	0.8119782971619366	0.9599332220367279	0.0	0.8119782971619366	1.1361502808031947	0.19908180300500836	0.1018363939899833	0.2303839732888147	0.12312186978297163	MS4A1;LST1	NKG7;GNLY		0.0	0.0	0.0	0.0	0.0	0.6781239565943239
vaccination_study_09	T_NK_lineage	17	NKT Cell	4	2396	0.6385842383538154	0.8718697829716193	0.8773234290865906	0.0980550918196995	0.35797161936560934	0.45602671118530885	0.4212967179012817	0.4212967179012817	0.0	0.9682804674457429	0.3160823594880356	0.8718697829716193	0.1189482470784641	0.8568447412353923	1.0218145844598847	0.19908180300500836	0.1018363939899833	0.8785475792988314	0.6293823038397329	MS4A1;LST1	CD8A;CD8B		0.0	0.0	0.0	0.0	0.0	0.4212967179012817
vaccination_study_09	T_NK_lineage	17	CD8 Cytotoxic / T Effector Memory	5	2396	0.761908759645613	0.761908759645613	0.6665600388816941	0.4388397328881469	0.015525876460767946	0.4543656093489149	0.21219442953277923	0.21219442953277923	0.0	0.994991652754591	0.30346031264228257	0.5934891485809682	0.11060100166944908	0.46327212020033387	1.2922835612029036	0.9115191986644408	0.42028380634390655	0.041318864774624375	0.020868113522537562	CCR7;TCF7;LEF1;MS4A1	KLRD1;FCGR3A		0.0	0.0	0.012103505843071787	0.0	0.0	0.23156003888169407
vaccination_study_09	T_NK_lineage	17	Treg	6	2396	0.48380965990282937	0.48380965990282937	0.005425709515859766	0.2708931552587646	0.34357262103505837	0.6	0.0	0.0	0.0	0.9632721202003339	0.16669449081803006	0.005425709515859766	0.0	0.004173622704507512	0.35517260872707546	0.6055926544240401	0.18530884808013354	0.8414023372287145	0.6076794657762938	NKG7;GNLY;GZMB;CD8A	CCR7;TCF7		0.0	0.0	0.001669449081803005	0.0012520868113522537	0.0025041736227045075	0.006928213689482472
vaccination_study_09	T_NK_lineage	17	CD4 T Effector Memory	7	2396	0.43235567304944267	0.43235567304944267	0.11602671118530884	0.4345325542570952	0.10037040901502504	0.5349029632721203	0.0	0.0	0.0	0.9870617696160268	0.3032832498608793	0.11602671118530884	0.009181969949916527	0.083889816360601	0.28518126992096904	0.9052587646076795	0.41151919866444076	0.2929883138564274	0.08315943238731219	CCR7;TCF7;LEF1;FOXP3	NKG7;GNLY;GZMB;PRF1		0.0	0.0	0.0	0.0	0.005008347245409015	0.006010016694490818
vaccination_study_09	T_NK_lineage	17	NK Cell	8	2396	0.3007895112889397	0.3007895112889397	0.2378964941569282	0.46894198664440734	0.35797161936560934	0.6	0.0	0.0	0.0	0.4603505843071786	0.07439482470784642	0.2378964941569282	0.02003338898163606	0.12437395659432388	0.5846159511754381	0.9695325542570952	0.45690734557595997	0.8785475792988314	0.6293823038397329	CD3D;CD3E;MS4A1;LST1	CD8A;CD8B		0.0	0.0	0.002086811352253756	0.002086811352253756	0.0	0.005425709515859766
vaccination_study_09	T_NK_lineage	17	MAIT Cell	9	2396	0.384549156901972	0.40275459098497496	0.049248747913188645	0.0980550918196995	0.0898998330550918	0.18795492487479132	0.0	0.0	0.0	0.9824707846410684	0.40275459098497496	0.049248747913188645	0.0	0.048831385642737896	0.18804773557746782	0.19908180300500836	0.1018363939899833	0.253338898163606	0.09265442404006678	MS4A1;LST1	NKG7;GNLY;GZMB		0.0	0.0	0.0	0.0	0.0	0.0
vaccination_study_09	T_NK_lineage	18	Treg	1	2389	0.48380965990282937	0.48380965990282937	1.0	0.07215780661364588	0.16481791544579322	0.2369757220594391	0.7630242779405609	0.7630242779405609	0.8	0.9564671410632064	0.2341565508580996	0.38802846379238176	0.06529928840519046	0.23189619087484303	9.164493061886315	0.1645039765592298	0.043846797823357056	0.4227710339053998	0.2532440351611553	NKG7;GNLY;GZMB;CD8A	CCR7;TCF7		0.0	0.0	0.7664294683968188	0.49141900376726666	0.5496023440770197	3.1402532440351614
vaccination_study_09	T_NK_lineage	18	CD4 Naive / T Central Memory	2	2389	0.6511646184624178	0.6511646184624178	0.4930933444956049	0.12777396400167434	0.007534533277521975	0.13530849727919633	0.3577848472164086	0.3577848472164086	0.0	0.9933026370866471	0.4387191293428213	0.4930933444956049	0.11720385098367518	0.2641272498953537	0.9335954143261167	0.2963583089158644	0.06889912097111764	0.019673503557974047	0.010883214734198409	NKG7;GNLY;GZMB;PRF1;FOXP3	CD8A;CD8B		0.0	0.0	0.6919213059857681	0.0	0.19799079112599413	1.7024478861448302
vaccination_study_09	T_NK_lineage	18	NKT Cell	3	2389	0.5791333238068019	0.7856843867727082	0.7856843867727082	0.05161992465466722	0.007534533277521975	0.059154457932189194	0.726529928840519	0.726529928840519	0.0	0.911678526580159	0.25722059439095857	0.7856843867727082	0.05441607367099205	0.7672666387609879	0.9219523411854317	0.1050648807032231	0.053160318124738384	0.019673503557974047	0.010883214734198409	MS4A1;LST1	CD8A;CD8B		0.0	0.0	0.0	0.0	0.0	0.726529928840519
vaccination_study_09	T_NK_lineage	18	gdT Cell	4	2389	0.5000035724492712	0.895772289660946	0.7608204269568857	0.05161992465466722	0.0541544579321892	0.10577438258685642	0.6550460443700292	0.6550460443700292	0.0	0.895772289660946	0.6881540393470071	0.895772289660946	0.0	0.6881540393470071	1.0609941157403393	0.1050648807032231	0.053160318124738384	0.14315613227291754	0.07471745500209293	MS4A1;LST1	NKG7;GNLY		0.0	0.0	0.0	0.0	0.0	0.6550460443700292
vaccination_study_09	T_NK_lineage	18	CD8 Naive / T Central Memory	5	2389	0.62681480422978	0.62681480422978	0.42904981163666805	0.08927794056090416	0.05029300962745918	0.13957095018836335	0.2894788614483047	0.2894788614483047	0.0	0.9753034742570112	0.35072787312218034	0.42904981163666805	0.08622854750941816	0.2641272498953537	0.7655545233764696	0.2030138133110088	0.05514859773964002	0.11176224361657597	0.11176224361657597	NKG7;GNLY;GZMB;PRF1	CD4		0.0	0.0	0.011720385098367517	0.0	0.0	0.30823147760569275
vaccination_study_09	T_NK_lineage	18	CD4 T Effector Memory	6	2389	0.3382216347527865	0.3382216347527865	0.17957304311427374	0.29609878610297197	0.06917643365424864	0.3652752197572206	0.0	0.0	0.0	0.9543742151527836	0.25263941212036645	0.17957304311427374	0.016743407283382167	0.11176224361657597	0.4289779576856354	0.6425282544997907	0.23608204269568858	0.2030138133110088	0.05514859773964002	CCR7;TCF7;LEF1;FOXP3	NKG7;GNLY;GZMB;PRF1		0.0	0.0	0.034742570113018	0.0	0.011301799916282964	0.06915027208036835
vaccination_study_09	T_NK_lineage	18	MAIT Cell	7	2389	0.384549156901972	0.384549156901972	0.1197153620761825	0.05161992465466722	0.05537881958978653	0.10699874424445374	0.012716617831728755	0.012716617831728755	0.0	0.9367936375052324	0.3158922840798103	0.1197153620761825	0.0	0.11929677689409796	0.41169950365495744	0.1050648807032231	0.053160318124738384	0.15696944328170784	0.05525324403516116	MS4A1;LST1	NKG7;GNLY;GZMB		0.0	0.0	0.0	0.0	0.0	0.012716617831728755
vaccination_study_09	T_NK_lineage	18	CD8 Cytotoxic / T Effector Memory	8	2389	0.2746498999714204	0.2746498999714204	0.15110925073252407	0.273143574717455	0.007848472164085392	0.2809920468815404	0.0	0.0	0.0	0.9208874005860193	0.15978537996118575	0.15110925073252407	0.00795311845960653	0.0849727919631645	0.3449918474406907	0.5969024696525743	0.21054834658853078	0.020929259104227712	0.010464629552113854	CCR7;TCF7;LEF1;MS4A1	KLRD1;FCGR3A		0.0	0.0	0.007534533277521975	0.0	0.0	0.012055253244035162
vaccination_study_09	T_NK_lineage	18	NK Cell	9	2389	0.3007895112889397	0.3007895112889397	0.14943491000418585	0.4251192967768941	0.007534533277521975	0.43265383005441604	0.0	0.0	0.0	0.3030556718292172	0.044370029300962746	0.14943491000418585	0.00795311845960653	0.0849727919631645	0.3759964088223976	0.9041439933026371	0.3706571787358728	0.019673503557974047	0.010883214734198409	CD3D;CD3E;MS4A1;LST1	CD8A;CD8B		0.0	0.0	0.0046044370029300966	0.0046044370029300966	0.0	0.01197153620761825
vaccination_study_09	T_NK_lineage	19	CD8 Cytotoxic / T Effector Memory	1	2386	0.8893398113746784	0.9886839899413243	1.0	0.08276194467728416	0.06274098910310143	0.1455029337803856	0.8544970662196144	0.8544970662196144	0.0	1.0	0.5890421397546293	0.9886839899413243	0.863788767812238	0.9551550712489523	2.1385353921812	0.18734283319362952	0.052598491198658844	0.1647108130762783	0.08885163453478626	CCR7;TCF7;LEF1;MS4A1	KLRD1;FCGR3A		0.0	0.0	0.9920368818105616	0.0	0.0	2.441756077116513
vaccination_study_09	T_NK_lineage	19	NK Cell	2	2386	0.8790332952272077	0.9886839899413243	1.0	0.4196144174350377	0.021406119027661357	0.44102053646269906	0.5589794635373009	0.5589794635373009	0.0	0.9958088851634534	0.4688809723386421	0.9886839899413243	0.8683989941324393	0.9551550712489523	2.3552030967151603	0.8914501257334451	0.36756077116512986	0.056160938809723386	0.03038558256496228	CD3D;CD3E;MS4A1;LST1	CD8A;CD8B		0.0	0.0	0.501257334450964	0.5008382229673093	0.0	1.8618294216261526
vaccination_study_09	T_NK_lineage	19	NKT Cell	3	2386	0.897195627322092	0.9756915339480302	1.0	0.049061190276613584	0.021406119027661357	0.07046730930427494	0.9295326906957251	0.9295326906957251	0.0	0.9953897736797989	0.5553925677563564	0.9756915339480302	0.7388935456831517	0.9551550712489523	1.1421119133630036	0.0997485331098072	0.05071248952221291	0.056160938809723386	0.03038558256496228	MS4A1;LST1	CD8A;CD8B		0.0	0.0	0.0	0.0	0.0	0.9295326906957251
vaccination_study_09	T_NK_lineage	19	CD4 T Effector Memory	4	2386	0.8677907973706773	0.960184409052808	1.0	0.07127200335289187	0.39513306789606034	0.4664050712489522	0.5335949287510477	0.5335949287510477	0.0	0.9953897736797989	0.4371798453944305	0.960184409052808	0.2179379715004191	0.9522212908633697	2.1953950811616325	0.16177703269069574	0.04453059513830679	0.991617770326907	0.6509849119865885	CCR7;TCF7;LEF1;FOXP3	NKG7;GNLY;GZMB;PRF1		0.0	0.0	0.004191114836546521	0.0	0.004191114836546521	0.545330050293378
vaccination_study_09	T_NK_lineage	19	CD4 Naive / T Central Memory	5	2386	0.3908277364961418	0.3908277364961418	0.2527242246437552	0.49140653813914503	0.021406119027661357	0.5128126571668064	0.0	0.0	0.0	0.950544844928751	0.251802179379715	0.2527242246437552	0.024727577535624476	0.13872590108968985	0.48754000434195216	0.991617770326907	0.5208717518860018	0.056160938809723386	0.03038558256496228	NKG7;GNLY;GZMB;PRF1;FOXP3	CD8A;CD8B		0.0	0.0	0.19907795473595977	0.0	0.0	0.31852472757753564
vaccination_study_09	T_NK_lineage	19	gdT Cell	6	2386	0.5000035724492712	0.8813914501257335	0.7533528918692372	0.049061190276613584	0.4351634534786253	0.4842246437552389	0.26912824811399827	0.26912824811399827	0.0	0.8813914501257335	0.6844090528080469	0.8813914501257335	0.0	0.6844090528080469	1.0441488376274728	0.0997485331098072	0.05071248952221291	0.9886839899413243	0.9237217099748534	MS4A1;LST1	NKG7;GNLY		0.0	0.0	0.0	0.0	0.0	0.26912824811399827
vaccination_study_09	T_NK_lineage	19	MAIT Cell	7	2386	0.384549156901972	0.384549156901972	0.29840737636211234	0.049061190276613584	0.4070201173512154	0.456081307627829	0.0	0.0	0.0	0.9346186085498742	0.3493294216261525	0.29840737636211234	0.0	0.29798826487845764	0.9788444617472408	0.0997485331098072	0.05071248952221291	0.9899413243922883	0.7335848002235261	MS4A1;LST1	NKG7;GNLY;GZMB		0.0	0.0	0.006705783738474434	0.0020955574182732607	0.0	0.012824811399832357
vaccination_study_09	T_NK_lineage	19	Treg	8	2386	0.48380965990282937	0.48380965990282937	0.010058675607711651	0.4993629505448449	0.05063914501257334	0.5500020955574183	0.0	0.0	0.0	0.8977367979882649	0.15750209555741826	0.010058675607711651	0.0	0.008382229673093043	0.46184534564691127	0.9899413243922883	0.5599329421626152	0.13411567476948869	0.06936295054484493	NKG7;GNLY;GZMB;CD8A	CCR7;TCF7		0.0	0.0	0.0016764459346186086	0.0016764459346186086	0.0	0.0043587594300083824
vaccination_study_09	T_NK_lineage	19	CD8 Naive / T Central Memory	9	2386	0.2577272077736496	0.2577272077736496	0.16932103939647947	0.5	0.06242665549036043	0.5624266554903604	0.0	0.0	0.0	0.9404861693210393	0.24047685573251373	0.16932103939647947	0.008382229673093043	0.12363788767812238	0.31267530291107354	0.991617770326907	0.6509849119865885	0.13872590108968985	0.13872590108968985	NKG7;GNLY;GZMB;PRF1	CD4		0.0	0.0	0.0	0.0	0.0	0.0
vaccination_study_09	T_NK_lineage	2	CD4 Naive / T Central Memory	1	6315	0.8714989997142041	0.8714989997142041	1.0	0.10802977038796517	0.010653206650831354	0.11868297703879653	0.8813170229612035	0.8813170229612035	0.0	1.0	0.5972763262074425	0.8506730007917657	0.4273950910530483	0.6492478226444972	1.597159603808892	0.25225653206650833	0.055328582739509115	0.028345209817893905	0.01433095803642122	NKG7;GNLY;GZMB;PRF1;FOXP3	CD8A;CD8B		0.0	0.0	0.9998416468725257	0.0	0.6706254948535234	3.2858142517814732
vaccination_study_09	T_NK_lineage	2	CD8 Naive / T Central Memory	2	6315	0.8005287224921406	0.8281868566904196	0.9435655236246115	0.110624703087886	0.07083135391923989	0.1814560570071259	0.7621094666174857	0.7621094666174857	0.0	0.9992082343626286	0.5025424474355591	0.8281868566904196	0.35661124307205067	0.6492478226444972	1.4615146677367679	0.2513064133016627	0.06876484560570072	0.157403008709422	0.157403008709422	NKG7;GNLY;GZMB;PRF1	CD4		0.0	0.0	0.010926365795724466	0.0	0.0	0.7795916518906448
vaccination_study_09	T_NK_lineage	2	NKT Cell	3	6315	0.6215061446127464	0.8273950910530483	0.8273950910530483	0.08585114806017419	0.010653206650831354	0.09650435471100555	0.7308907363420427	0.7308907363420427	0.0	0.9534441805225653	0.29622591712852997	0.8273950910530483	0.0855106888361045	0.8077593032462391	0.970282159016503	0.17371338083927157	0.09018210609659541	0.028345209817893905	0.01433095803642122	MS4A1;LST1	CD8A;CD8B		0.0	0.0	0.0	0.0	0.0	0.7308907363420427
vaccination_study_09	T_NK_lineage	2	gdT Cell	4	6315	0.5000035724492712	0.9388756927949327	0.8260649247822645	0.08585114806017419	0.07878859857482184	0.16463974663499603	0.6614251781472684	0.6614251781472684	0.0	0.9388756927949327	0.7653206650831355	0.9388756927949327	0.0	0.7653206650831355	1.1114841314049413	0.17371338083927157	0.09018210609659541	0.20760095011876484	0.11005542359461601	MS4A1;LST1	NKG7;GNLY		0.0	0.0	0.0	0.0	0.0	0.6614251781472684
vaccination_study_09	T_NK_lineage	2	Treg	5	6315	0.48380965990282937	0.48380965990282937	0.02280285035629454	0.10186381631037213	0.33659144893111637	0.4384552652414885	0.0	0.0	0.0	0.9499604117181314	0.1724782264449723	0.02280285035629454	0.00047505938242280285	0.010926365795724466	0.755276373041415	0.23198733174980204	0.06231195566112431	0.8269200316706254	0.5901029295328583	NKG7;GNLY;GZMB;CD8A	CCR7;TCF7		0.0	0.0	0.004908946951702296	0.002533650039588282	0.009976247030878859	0.022359461599366588
vaccination_study_09	T_NK_lineage	2	CD4 T Effector Memory	6	6315	0.5313303801086025	0.5313303801086025	0.2131433095803642	0.42602850356294536	0.08570665083135391	0.5117351543942993	0.0	0.0	0.0	0.9878068091844814	0.3191871206122987	0.2131433095803642	0.012034837688044338	0.157403008709422	0.5049428950575868	0.8939034045922407	0.39247822644497227	0.2513064133016627	0.06876484560570072	CCR7;TCF7;LEF1;FOXP3	NKG7;GNLY;GZMB;PRF1		0.0	0.0	0.0014251781472684087	0.0	0.006017418844022169	0.009501187648456056
vaccination_study_09	T_NK_lineage	2	NK Cell	7	6315	0.3007895112889397	0.3007895112889397	0.2180522565320665	0.45454869358669836	0.010653206650831354	0.4652019002375297	0.0	0.0	0.0	0.4243863816310372	0.06575613618368964	0.2180522565320665	0.014093428345209817	0.12826603325415678	0.5378171535810441	0.948535233570863	0.4277513855898655	0.028345209817893905	0.01433095803642122	CD3D;CD3E;MS4A1;LST1	CD8A;CD8B		0.0	0.0	0.0006334125098970705	0.00015835312747426763	0.0	0.0011718131433095804
vaccination_study_09	T_NK_lineage	2	CD8 Cytotoxic / T Effector Memory	8	6315	0.2746498999714204	0.2746498999714204	0.21393507521773555	0.4289928741092637	0.015890736342042754	0.4448836104513064	0.0	0.0	0.0	0.9586698337292161	0.17454833369322684	0.21393507521773555	0.012984956452889945	0.12826603325415678	0.4795241424987929	0.8967537608867775	0.4010292953285827	0.04228028503562945	0.02137767220902613	CCR7;TCF7;LEF1;MS4A1	KLRD1;FCGR3A		0.0	0.0	0.0006334125098970705	0.0	0.0	0.0010134600158353128
vaccination_study_09	T_NK_lineage	2	MAIT Cell	9	6315	0.384549156901972	0.39849564528899445	0.07585114806017419	0.08585114806017419	0.0798178939034046	0.1656690419635788	0.0	0.0	0.0	0.9825811559778306	0.39849564528899445	0.07585114806017419	0.0	0.07569279493269992	0.27248025583757574	0.17371338083927157	0.09018210609659541	0.22565320665083136	0.08081287938770125	MS4A1;LST1	NKG7;GNLY;GZMB		0.0	0.0	0.0	0.0	0.0	0.0
vaccination_study_09	T_NK_lineage	20	CD4 Naive / T Central Memory	1	2244	0.5529311946270363	0.5529311946270363	0.46702317290552586	0.09431550802139037	0.012199197860962567	0.10651470588235293	0.36050846702317296	0.36050846702317296	0.0	0.9790552584670231	0.35543672014260247	0.46702317290552586	0.10427807486631016	0.2914438502673797	0.8852167328875962	0.2192513368983957	0.05	0.03208556149732621	0.01715686274509804	NKG7;GNLY;GZMB;PRF1;FOXP3	CD8A;CD8B		0.0	0.0	0.9848484848484849	0.0	0.5913547237076648	2.6458917112299467
vaccination_study_09	T_NK_lineage	20	NKT Cell	2	2244	0.4582862960845956	0.6136363636363636	0.6136363636363636	0.06813279857397504	0.012199197860962567	0.0803319964349376	0.533304367201426	0.533304367201426	0.0	0.785204991087344	0.2054367201426025	0.6136363636363636	0.05837789661319073	0.5744206773618539	0.7226018444762523	0.13814616755793227	0.07107843137254902	0.03208556149732621	0.01715686274509804	MS4A1;LST1	CD8A;CD8B		0.0	0.0	0.0	0.0	0.0	0.533304367201426
vaccination_study_09	T_NK_lineage	20	gdT Cell	3	2244	0.5000035724492712	0.7290552584670231	0.584659090909091	0.06813279857397504	0.06955213903743315	0.1376849376114082	0.44697415329768275	0.44697415329768275	0.0	0.7290552584670231	0.5069073083778967	0.7290552584670231	0.0	0.5069073083778967	0.8657068552339888	0.13814616755793227	0.07107843137254902	0.18270944741532977	0.0982620320855615	MS4A1;LST1	NKG7;GNLY		0.0	0.0	0.0	0.0	0.0	0.44697415329768275
vaccination_study_09	T_NK_lineage	20	CD8 Naive / T Central Memory	4	2244	0.5434552729351243	0.5434552729351243	0.41711229946524064	0.09665329768270944	0.04532085561497326	0.1419741532976827	0.27513814616755794	0.27513814616755794	0.0	0.9233511586452763	0.27460883343236286	0.41711229946524064	0.07442067736185383	0.2914438502673797	0.7447395356496085	0.21836007130124777	0.062165775401069524	0.10071301247771836	0.10071301247771836	NKG7;GNLY;GZMB;PRF1	CD4		0.0	0.0	0.012032085561497326	0.0	0.0	0.29438948306595364
vaccination_study_09	T_NK_lineage	20	CD4 T Effector Memory	5	2244	0.45577307802229206	0.45577307802229206	0.23306595365418895	0.22406417112299465	0.07483288770053476	0.2988970588235294	0.0	0.0	0.0	0.9264705882352942	0.26549811843929494	0.23306595365418895	0.04055258467023173	0.12165775401069519	0.550025123132258	0.4959893048128342	0.16176470588235295	0.21836007130124777	0.062165775401069524	CCR7;TCF7;LEF1;FOXP3	NKG7;GNLY;GZMB;PRF1		0.0	0.0	0.029857397504456328	0.0	0.10427807486631016	0.17290552584670232
vaccination_study_09	T_NK_lineage	20	Treg	6	2244	0.48380965990282937	0.48380965990282937	0.04240225685411128	0.09100713012477718	0.1588903743315508	0.24989750445632797	0.0	0.0	0.0	0.7664884135472371	0.12036541889483068	0.034759358288770054	0.00089126559714795	0.017825311942959002	1.030571594261365	0.2054367201426025	0.05882352941176471	0.4095365418894831	0.24019607843137253	NKG7;GNLY;GZMB;CD8A	CCR7;TCF7		0.0	0.0	0.028966131907308377	0.015597147950089126	0.04055258467023173	0.1106060606060606
vaccination_study_09	T_NK_lineage	20	MAIT Cell	7	2244	0.384549156901972	0.384549156901972	0.232620320855615	0.06813279857397504	0.07130124777183601	0.13943404634581105	0.09318627450980393	0.09318627450980393	0.0	0.8787878787878788	0.29916815210932857	0.232620320855615	0.00089126559714795	0.23128342245989306	0.7700449975554882	0.13814616755793227	0.07107843137254902	0.20053475935828877	0.07427213309566251	MS4A1;LST1	NKG7;GNLY;GZMB		0.0	0.0	0.000445632798573975	0.000445632798573975	0.0	0.09434491978609627
vaccination_study_09	T_NK_lineage	20	CD8 Cytotoxic / T Effector Memory	8	2244	0.2746498999714204	0.2746498999714204	0.1876114081996435	0.23003342245989306	0.010394385026737969	0.24042780748663103	0.0	0.0	0.0	0.821301247771836	0.13478366553232865	0.1876114081996435	0.020053475935828877	0.10962566844919786	0.4231558677120005	0.5080213903743316	0.1681149732620321	0.027629233511586453	0.014037433155080214	CCR7;TCF7;LEF1;MS4A1	KLRD1;FCGR3A		0.0	0.0	0.02807486631016043	0.0	0.0	0.044919786096256686
vaccination_study_09	T_NK_lineage	20	NK Cell	9	2244	0.3007895112889397	0.3007895112889397	0.19073083778966132	0.35077985739750445	0.012199197860962567	0.362979055258467	0.0	0.0	0.0	0.3315508021390374	0.052083333333333336	0.19073083778966132	0.015597147950089126	0.10962566844919786	0.47338487001900875	0.7557932263814616	0.2889928698752229	0.03208556149732621	0.01715686274509804	CD3D;CD3E;MS4A1;LST1	CD8A;CD8B		0.0	0.0	0.0106951871657754	0.0106951871657754	0.0	0.027807486631016044
vaccination_study_09	T_NK_lineage	21	CD4 Naive / T Central Memory	1	1081	0.7921727636467563	0.7921727636467563	0.8434438410670967	0.05932284921369102	0.019703977798334875	0.0790268270120259	0.7644170140550708	0.7644170140550708	0.0	1.0	0.5365402405180388	0.7437557816836263	0.25254394079555964	0.5004625346901017	1.3987522375338814	0.13876040703052728	0.029972247918593892	0.05180388529139685	0.027752081406105456	NKG7;GNLY;GZMB;PRF1;FOXP3	CD8A;CD8B		0.0	0.0	0.996299722479186	0.0	0.786308973172988	3.302067337829354
vaccination_study_09	T_NK_lineage	21	CD8 Naive / T Central Memory	2	1081	0.7565625893112318	0.7565625893112318	0.8077180955307744	0.06097132284921369	0.03246993524514338	0.09344125809435708	0.7142768374364173	0.7142768374364173	0.0	0.9981498612395929	0.4560592044403331	0.7335800185013877	0.2183163737280296	0.5004625346901017	1.2965523081175472	0.13876040703052728	0.037465309898242365	0.07215541165587419	0.07215541165587419	NKG7;GNLY;GZMB;PRF1	CD4		0.0	0.0	0.08603145235892692	0.0	0.0	0.8519271612107004
vaccination_study_09	T_NK_lineage	21	NKT Cell	3	1081	0.5804872820805944	0.8214616096207216	0.8214616096207216	0.056308973172987976	0.019703977798334875	0.07601295097132285	0.7454486586493987	0.7454486586493987	0.0	0.9306197964847364	0.26595744680851063	0.8214616096207216	0.05087881591119334	0.8094357076780758	0.9634070874569093	0.1147086031452359	0.057816836262719704	0.05180388529139685	0.027752081406105456	MS4A1;LST1	CD8A;CD8B		0.0	0.0	0.0	0.0	0.0	0.7454486586493987
vaccination_study_09	T_NK_lineage	21	gdT Cell	4	1081	0.5000035724492712	0.9185938945420906	0.7950277520814061	0.056308973172987976	0.04488899167437558	0.10119796484736356	0.6938297872340425	0.6938297872340425	0.0	0.9185938945420906	0.7284921369102683	0.9185938945420906	0.0	0.7284921369102683	1.0877266496973113	0.1147086031452359	0.057816836262719704	0.11840888066604996	0.06244218316373727	MS4A1;LST1	NKG7;GNLY		0.0	0.0	0.0	0.0	0.0	0.6938297872340425
vaccination_study_09	T_NK_lineage	21	Treg	5	1081	0.48380965990282937	0.48380965990282937	0.004625346901017576	0.062428307123034224	0.2895929694727104	0.3520212765957446	0.0	0.0	0.0	0.9213691026827012	0.15624421831637375	0.004625346901017576	0.0	0.0027752081406105457	0.33674448536919305	0.14246068455134134	0.03769657724329325	0.7298797409805735	0.47086031452358923	NKG7;GNLY;GZMB;CD8A	CCR7;TCF7		0.0	0.0	0.0027752081406105457	0.0027752081406105457	0.0037002775208140612	0.011655874190564294
vaccination_study_09	T_NK_lineage	21	CD8 Cytotoxic / T Effector Memory	6	1081	0.2746498999714204	0.2746498999714204	0.13043478260869565	0.3915124884366327	0.00971322849213691	0.4012257169287696	0.0	0.0	0.0	0.9361702127659575	0.1570095029854512	0.13043478260869565	0.0074005550416281225	0.06938020351526364	0.3007205041102276	0.8344125809435707	0.3383441258094357	0.025901942645698426	0.012950971322849213	CCR7;TCF7;LEF1;MS4A1	KLRD1;FCGR3A		0.0	0.0	0.0064754856614246065	0.0	0.0	0.01036077705827937
vaccination_study_09	T_NK_lineage	21	NK Cell	7	1081	0.3007895112889397	0.3007895112889397	0.12395929694727105	0.4380203515263645	0.019703977798334875	0.45772432932469936	0.0	0.0	0.0	0.24606845513413506	0.03469010175763182	0.12395929694727105	0.0074005550416281225	0.06938020351526364	0.31591710108673626	0.9250693802035153	0.393154486586494	0.05180388529139685	0.027752081406105456	CD3D;CD3E;MS4A1;LST1	CD8A;CD8B		0.0	0.0	0.0037002775208140612	0.0027752081406105457	0.0	0.008695652173913044
vaccination_study_09	T_NK_lineage	21	CD4 T Effector Memory	8	1081	0.3955272935124321	0.3955272935124321	0.11748381128584644	0.38969472710453285	0.04724791859389453	0.4369426456984274	0.0	0.0	0.0	0.9759481961147086	0.27022304450611573	0.11748381128584644	0.0018501387604070306	0.07215541165587419	0.2884784888451563	0.8316373728029602	0.3348751156336725	0.13876040703052728	0.037465309898242365	CCR7;TCF7;LEF1;FOXP3	NKG7;GNLY;GZMB;PRF1		0.0	0.0	0.0018501387604070306	0.0	0.004625346901017576	0.00851063829787234
vaccination_study_09	T_NK_lineage	21	MAIT Cell	9	1081	0.384549156901972	0.384549156901972	0.06105457909343201	0.056308973172987976	0.04602220166512488	0.10233117483811285	0.0	0.0	0.0	0.9703977798334875	0.36833179155103296	0.06105457909343201	0.0	0.060129509713228495	0.225517891458356	0.1147086031452359	0.057816836262719704	0.13043478260869565	0.04594511255010792	MS4A1;LST1	NKG7;GNLY;GZMB		0.0	0.0	0.0	0.0	0.0	0.0
vaccination_study_09	T_NK_lineage	22	CD4 Naive / T Central Memory	1	867	0.7848313803943984	0.7848313803943984	0.8251468360644516	0.12716493656286043	0.03849480968858131	0.16565974625144175	0.6594870898130099	0.6594870898130099	0.0	0.9976931949250288	0.5343713956170703	0.7312572087658593	0.2906574394463668	0.5144175317185697	1.375558509194369	0.2895040369088812	0.07797001153402537	0.09688581314878893	0.06286043829296424	NKG7;GNLY;GZMB;PRF1;FOXP3	CD8A;CD8B		0.0	0.0	0.9065743944636678	0.0	0.5547866205305652	2.7757500655915566
vaccination_study_09	T_NK_lineage	22	NKT Cell	2	867	0.6109709917119177	0.8419838523644751	0.8419838523644751	0.08207612456747404	0.03849480968858131	0.12057093425605535	0.7214129181084198	0.7214129181084198	0.0	0.9538638985005767	0.30699730872741254	0.8419838523644751	0.12572087658592848	0.8096885813148789	0.987186025511382	0.16724336793540945	0.08419838523644753	0.09688581314878893	0.06286043829296424	MS4A1;LST1	CD8A;CD8B		0.0	0.0	0.0	0.0	0.0	0.7214129181084198
vaccination_study_09	T_NK_lineage	22	CD8 Naive / T Central Memory	3	867	0.7218526721920548	0.7218526721920548	0.7646342102099022	0.13044982698961938	0.06903114186851211	0.1994809688581315	0.5651532413517707	0.5651532413517707	0.0	0.9965397923875432	0.45187748301935154	0.7035755478662054	0.2422145328719723	0.5144175317185697	1.2442346493747871	0.28719723183391005	0.09688581314878893	0.15340253748558247	0.15340253748558247	NKG7;GNLY;GZMB;PRF1	CD4		0.0	0.0	0.04844290657439446	0.0	0.0	0.6426618918708018
vaccination_study_09	T_NK_lineage	22	gdT Cell	4	867	0.5000035724492712	0.9423298731257209	0.8163783160322953	0.08207612456747404	0.09775086505190311	0.17982698961937715	0.6365513264129181	0.6365513264129181	0.0	0.9423298731257209	0.748558246828143	0.9423298731257209	0.0	0.748558246828143	1.115530253203439	0.16724336793540945	0.08419838523644753	0.2491349480968858	0.15340253748558247	MS4A1;LST1	NKG7;GNLY		0.0	0.0	0.0	0.0	0.0	0.6365513264129181
vaccination_study_09	T_NK_lineage	22	CD4 T Effector Memory	5	867	0.6106101743355244	0.6106101743355244	0.35870818915801617	0.35556516724336795	0.10069204152249135	0.4562572087658593	0.0	0.0	0.0	0.9896193771626297	0.3831859541202101	0.35870818915801617	0.1303344867358708	0.2122260668973472	0.8343363769902241	0.7612456747404844	0.3013264129181084	0.28719723183391005	0.09688581314878893	CCR7;TCF7;LEF1;FOXP3	NKG7;GNLY;GZMB;PRF1		0.0	0.0	0.1580161476355248	0.0	0.07727797001153403	0.3455594002306805
vaccination_study_09	T_NK_lineage	22	MAIT Cell	6	867	0.384549156901972	0.4250288350634372	0.2779700115340254	0.08207612456747404	0.09480968858131487	0.17688581314878893	0.10108419838523647	0.10108419838523647	0.0	0.9803921568627451	0.4250288350634372	0.2779700115340254	0.0057670126874279125	0.2768166089965398	0.9139789529820025	0.16724336793540945	0.08419838523644753	0.2618223760092272	0.10841983852364474	MS4A1;LST1	NKG7;GNLY;GZMB		0.0	0.0	0.04152249134948097	0.029988465974625143	0.0	0.19750865051903116
vaccination_study_09	T_NK_lineage	22	CD8 Cytotoxic / T Effector Memory	7	867	0.2746498999714204	0.2746498999714204	0.2710495963091119	0.3597750865051903	0.013062283737024222	0.3728373702422145	0.0	0.0	0.0	0.9665513264129181	0.21390374331550802	0.2710495963091119	0.07381776239907728	0.15916955017301038	0.6018265184170892	0.7693194925028836	0.3065167243367935	0.03460207612456748	0.01787773933102653	CCR7;TCF7;LEF1;MS4A1	KLRD1;FCGR3A		0.0	0.0	0.0853517877739331	0.0	0.0	0.13656286043829297
vaccination_study_09	T_NK_lineage	22	Treg	8	867	0.48380965990282937	0.48380965990282937	0.03354703580162129	0.1279354094579008	0.2728373702422145	0.40077277970011527	0.0	0.0	0.0	0.9596309111880046	0.1742791234140715	0.03344867358708189	0.0011534025374855825	0.01730103806228374	1.0003934488581576	0.2825836216839677	0.09342560553633218	0.6828143021914648	0.45328719723183386	NKG7;GNLY;GZMB;CD8A	CCR7;TCF7		0.0	0.0	0.014994232987312572	0.011534025374855825	0.01730103806228374	0.05628604382929643
vaccination_study_09	T_NK_lineage	22	NK Cell	9	867	0.3007895112889397	0.3007895112889397	0.25259515570934254	0.45363321799307954	0.03849480968858131	0.49212802768166086	0.0	0.0	0.0	0.41522491349480967	0.07670126874279123	0.25259515570934254	0.06459054209919261	0.15916955017301038	0.6192799024898555	0.9527104959630911	0.41637831603229525	0.09688581314878893	0.06286043829296424	CD3D;CD3E;MS4A1;LST1	CD8A;CD8B		0.0	0.0	0.012687427912341407	0.011534025374855825	0.0	0.03183391003460208
vaccination_study_09	T_NK_lineage	23	CD8 Cytotoxic / T Effector Memory	1	680	0.7282402114889969	0.7282402114889969	0.5726952745475089	0.28600735294117646	0.020514705882352942	0.3065220588235294	0.2661732157239795	0.2661732157239795	0.0	0.9794117647058823	0.28422459893048124	0.5323529411764706	0.10294117647058823	0.4	1.1613693334841535	0.6294117647058823	0.21286764705882352	0.054411764705882354	0.027941176470588237	CCR7;TCF7;LEF1;MS4A1	KLRD1;FCGR3A		0.0	0.0	0.8808823529411764	0.0	0.0	1.675584980429862
vaccination_study_09	T_NK_lineage	23	CD4 Naive / T Central Memory	2	680	0.6732780794512718	0.6732780794512718	0.536118237151584	0.11161764705882354	0.31698529411764703	0.4286029411764706	0.10751529597511345	0.10751529597511345	0.0	0.9985294117647059	0.4848529411764706	0.5338235294117647	0.07941176470588235	0.3588235294117647	1.0091788309592775	0.25882352941176473	0.06029411764705883	0.7911764705882353	0.5308823529411765	NKG7;GNLY;GZMB;PRF1;FOXP3	CD8A;CD8B		0.0	0.0	0.7764705882352941	0.0	0.15294117647058825	1.53339764891629
vaccination_study_09	T_NK_lineage	23	CD8 Naive / T Central Memory	3	680	0.8139897113460989	0.8139897113460989	0.7700582279227982	0.11493382352941178	0.00926470588235294	0.12419852941176472	0.6458596985110335	0.6458596985110335	0.0	0.9970588235294118	0.5169934640522875	0.7073529411764706	0.26029411764705884	0.4	1.2508211469853103	0.25882352941176473	0.07536764705882354	0.020588235294117647	0.020588235294117647	NKG7;GNLY;GZMB;PRF1	CD4		0.0	0.0	0.11764705882352941	0.0	0.0	0.8340949926286806
vaccination_study_09	T_NK_lineage	23	gdT Cell	4	680	0.5000035724492712	0.9294117647058824	0.8070588235294118	0.07110294117647059	0.08272058823529412	0.1538235294117647	0.6532352941176471	0.6532352941176471	0.0	0.9294117647058824	0.7411764705882353	0.9294117647058824	0.0	0.7411764705882353	1.1003983738377379	0.14411764705882352	0.07426470588235295	0.21470588235294116	0.12205882352941176	MS4A1;LST1	NKG7;GNLY		0.0	0.0	0.0	0.0	0.0	0.6532352941176471
vaccination_study_09	T_NK_lineage	23	CD4 T Effector Memory	5	680	0.6840347242069162	0.6840347242069162	0.18970588235294117	0.283125	0.08895220588235295	0.37207720588235293	0.0	0.0	0.0	0.9941176470588236	0.3663398692810458	0.18970588235294117	0.010294117647058823	0.15588235294117647	0.45190719177267913	0.6235294117647059	0.2099264705882353	0.25882352941176473	0.07536764705882354	CCR7;TCF7;LEF1;FOXP3	NKG7;GNLY;GZMB;PRF1		0.0	0.0	0.38529411764705884	0.0	0.025	0.6464705882352942
vaccination_study_09	T_NK_lineage	23	NKT Cell	6	680	0.592192412117748	0.8279411764705882	0.8279411764705882	0.07110294117647059	0.31698529411764703	0.3880882352941176	0.43985294117647056	0.43985294117647056	0.0	0.9397058823529412	0.3004901960784314	0.8279411764705882	0.1264705882352941	0.8	0.9709149032773653	0.14411764705882352	0.07426470588235295	0.7911764705882353	0.5308823529411765	MS4A1;LST1	CD8A;CD8B		0.0	0.0	0.0	0.0	0.0	0.43985294117647056
vaccination_study_09	T_NK_lineage	23	Treg	7	680	0.48380965990282937	0.48380965990282937	0.09569297714799589	0.24084558823529412	0.20183823529411765	0.44268382352941177	0.0	0.0	0.0	0.9338235294117647	0.16441176470588237	0.04264705882352941	0.0	0.03529411764705882	1.212183673297866	0.538235294117647	0.16507352941176473	0.5235294117647059	0.2985294117647059	NKG7;GNLY;GZMB;CD8A	CCR7;TCF7		0.0	0.0	0.039705882352941174	0.03823529411764706	0.0029411764705882353	0.10529411764705882
vaccination_study_09	T_NK_lineage	23	NK Cell	8	680	0.3007895112889397	0.3007895112889397	0.23970588235294119	0.4462279411764706	0.31698529411764703	0.6	0.0	0.0	0.0	0.36323529411764705	0.05716911764705882	0.23970588235294119	0.04411764705882353	0.1264705882352941	0.5888830433941288	0.9382352941176471	0.4077205882352941	0.7911764705882353	0.5308823529411765	CD3D;CD3E;MS4A1;LST1	CD8A;CD8B		0.0	0.0	0.008823529411764706	0.008823529411764706	0.0	0.022941176470588236
vaccination_study_09	T_NK_lineage	23	MAIT Cell	9	680	0.384549156901972	0.3926470588235294	0.07941176470588235	0.07110294117647059	0.0813970588235294	0.1525	0.0	0.0	0.0	0.9838235294117647	0.3926470588235294	0.07941176470588235	0.0	0.07941176470588235	0.28378118490473353	0.14411764705882352	0.07426470588235295	0.22794117647058823	0.08676470588235295	MS4A1;LST1	NKG7;GNLY;GZMB		0.0	0.0	0.0	0.0	0.0	0.0
vaccination_study_09	T_NK_lineage	24	CD4 Naive / T Central Memory	1	540	0.8558355958845384	0.8558355958845384	0.8580068779965798	0.11182962962962964	0.04444444444444444	0.15627407407407407	0.7017328039225057	0.7017328039225057	0.0	0.9981481481481481	0.5635185185185185	0.7537037037037037	0.337037037037037	0.55	1.4172126971715047	0.2574074074074074	0.06370370370370372	0.1111111111111111	0.07407407407407407	NKG7;GNLY;GZMB;PRF1;FOXP3	CD8A;CD8B		0.0	0.0	0.9611111111111111	0.0	0.6370370370370371	3.003955026144728
vaccination_study_09	T_NK_lineage	24	CD8 Naive / T Central Memory	2	540	0.7829737067733639	0.7829737067733639	0.8073638764672209	0.11442592592592593	0.057499999999999996	0.17192592592592593	0.6354379505412949	0.6354379505412949	0.0	0.9907407407407407	0.49074074074074076	0.7333333333333333	0.31296296296296294	0.55	1.2961221725355503	0.25555555555555554	0.07870370370370372	0.12777777777777777	0.12777777777777777	NKG7;GNLY;GZMB;PRF1	CD4		0.0	0.0	0.06481481481481481	0.0	0.0	0.7391416542449987
vaccination_study_09	T_NK_lineage	24	NKT Cell	3	540	0.608632823663904	0.8296296296296296	0.8296296296296296	0.06937037037037037	0.04444444444444444	0.11381481481481481	0.7158148148148148	0.7158148148148148	0.0	0.937037037037037	0.29537037037037034	0.8296296296296296	0.10925925925925926	0.8111111111111111	0.9728712987638647	0.14074074074074075	0.07222222222222222	0.1111111111111111	0.07407407407407407	MS4A1;LST1	CD8A;CD8B		0.0	0.0	0.0	0.0	0.0	0.7158148148148148
vaccination_study_09	T_NK_lineage	24	gdT Cell	4	540	0.5000035724492712	0.9333333333333333	0.812962962962963	0.06937037037037037	0.08361111111111112	0.1529814814814815	0.6599814814814815	0.6599814814814815	0.0	0.9333333333333333	0.7481481481481482	0.9333333333333333	0.0	0.7481481481481482	1.1049919800737542	0.14074074074074075	0.07222222222222222	0.21851851851851853	0.12037037037037038	MS4A1;LST1	NKG7;GNLY		0.0	0.0	0.0	0.0	0.0	0.6599814814814815
vaccination_study_09	T_NK_lineage	24	CD4 T Effector Memory	5	540	0.5970312946556159	0.5970312946556159	0.26666666666666666	0.3803796296296296	0.08847222222222222	0.46885185185185185	0.0	0.0	0.0	0.9814814814814815	0.355761316872428	0.26666666666666666	0.05925925925925926	0.13148148148148148	0.6260589568888073	0.8018518518518518	0.3439814814814815	0.25555555555555554	0.07870370370370372	CCR7;TCF7;LEF1;FOXP3	NKG7;GNLY;GZMB;PRF1		0.0	0.0	0.09259259259259259	0.0	0.003703703703703704	0.15259259259259259
vaccination_study_09	T_NK_lineage	24	Treg	6	540	0.48380965990282937	0.48380965990282937	0.08281355008387442	0.11936111111111111	0.2938888888888889	0.41325	0.0	0.0	0.0	0.9518518518518518	0.1748148148148148	0.040740740740740744	0.003703703703703704	0.020370370370370372	1.1682912373725347	0.26666666666666666	0.08194444444444446	0.725925925925926	0.5074074074074074	NKG7;GNLY;GZMB;CD8A	CCR7;TCF7		0.0	0.0	0.03518518518518519	0.02962962962962963	0.001851851851851852	0.08814814814814816
vaccination_study_09	T_NK_lineage	24	CD8 Cytotoxic / T Effector Memory	7	540	0.2746498999714204	0.2746498999714204	0.2462962962962963	0.3817037037037037	0.02111111111111111	0.40281481481481485	0.0	0.0	0.0	0.9462962962962963	0.19764309764309765	0.2462962962962963	0.03888888888888889	0.12222222222222222	0.5488209544110059	0.8018518518518518	0.35	0.05555555555555555	0.029629629629629627	CCR7;TCF7;LEF1;MS4A1	KLRD1;FCGR3A		0.0	0.0	0.046296296296296294	0.0	0.0	0.07407407407407407
vaccination_study_09	T_NK_lineage	24	MAIT Cell	8	540	0.384549156901972	0.4163580246913581	0.20555555555555555	0.06937037037037037	0.08564814814814815	0.15501851851851853	0.05053703703703702	0.05053703703703702	0.0	0.9703703703703703	0.4163580246913581	0.20555555555555555	0.0	0.2037037037037037	0.6841449910934293	0.14074074074074075	0.07222222222222222	0.2388888888888889	0.09320987654320989	MS4A1;LST1	NKG7;GNLY;GZMB		0.0	0.0	0.003703703703703704	0.003703703703703704	0.0	0.060166666666666646
vaccination_study_09	T_NK_lineage	24	NK Cell	9	540	0.3007895112889397	0.3007895112889397	0.2388888888888889	0.44772222222222224	0.04444444444444444	0.4921666666666667	0.0	0.0	0.0	0.3814814814814815	0.06574074074074074	0.2388888888888889	0.025925925925925925	0.12222222222222222	0.5869563222732214	0.9407407407407408	0.4101851851851852	0.1111111111111111	0.07407407407407407	CD3D;CD3E;MS4A1;LST1	CD8A;CD8B		0.0	0.0	0.011111111111111112	0.009259259259259259	0.0	0.027037037037037037
vaccination_study_09	T_NK_lineage	25	NK Cell	1	523	0.7601850528722492	0.7601850528722492	0.8243308886189504	0.42690248565965583	0.12045889101338432	0.5473613766730402	0.27696951194591024	0.27696951194591024	0.0	0.7533460803059273	0.33269598470363293	0.6252390057361377	0.34990439770554493	0.5717017208413002	1.498088372831442	0.8738049713193117	0.4311663479923518	0.2925430210325048	0.2179732313575526	CD3D;CD3E;MS4A1;LST1	CD8A;CD8B		0.0	0.0	0.745697896749522	0.2179732313575526	0.0	1.688059378102698
vaccination_study_09	T_NK_lineage	25	CD8 Cytotoxic / T Effector Memory	2	523	0.7631108888253787	0.7631108888253787	0.8888199453637604	0.26261950286806884	0.12045889101338432	0.38307839388145315	0.5057415514823073	0.5057415514823073	0.0	0.988527724665392	0.45854336867721185	0.638623326959847	0.39579349904397704	0.5717017208413002	1.3889317891032253	0.5621414913957935	0.22275334608030595	0.2982791586998088	0.20650095602294455	CCR7;TCF7;LEF1;MS4A1	KLRD1;FCGR3A		0.0	0.0	0.3422562141491396	0.0	0.0	1.0533514941209305
vaccination_study_09	T_NK_lineage	25	Treg	3	523	0.48380965990282937	0.48380965990282937	0.4201720841300191	0.3244072657743786	0.1908699808795411	0.5152772466539197	0.0	0.0	0.0	0.9139579349904398	0.23365200764818356	0.1701720841300191	0.017208413001912046	0.13766730401529637	4.14841139556402	0.655831739961759	0.3417782026768643	0.4837476099426386	0.3049713193116635	NKG7;GNLY;GZMB;CD8A	CCR7;TCF7		0.0	0.0	0.30975143403441685	0.30975143403441685	0.02676864244741874	0.8374760994263863
vaccination_study_09	T_NK_lineage	25	NKT Cell	4	523	0.815840240068591	0.9694072657743786	1.0	0.07724665391969407	0.12045889101338432	0.1977055449330784	0.8022944550669215	0.8022944550669215	0.0	0.9866156787762906	0.4569789674952199	0.9694072657743786	0.4340344168260038	0.8030592734225621	1.134830388361822	0.15678776290630975	0.08030592734225622	0.2925430210325048	0.2179732313575526	MS4A1;LST1	CD8A;CD8B		0.0	0.0	0.0	0.0	0.0	0.8022944550669215
vaccination_study_09	T_NK_lineage	25	CD4 Naive / T Central Memory	5	523	0.528665332952272	0.5621414913957935	0.5775736813447327	0.34476481835564055	0.12045889101338432	0.46522370936902485	0.1123499719757079	0.1123499719757079	0.0	0.9464627151051626	0.4013384321223709	0.5621414913957935	0.1835564053537285	0.37858508604206503	1.0617287597957572	0.7151051625239006	0.33193116634799236	0.2925430210325048	0.2179732313575526	NKG7;GNLY;GZMB;PRF1;FOXP3	CD8A;CD8B		0.0	0.0	0.30401529636711283	0.0	0.11854684512428298	0.741030660312228
vaccination_study_09	T_NK_lineage	25	CD4 T Effector Memory	6	523	0.8280080022863675	0.8374760994263862	1.0	0.264282982791587	0.2706739961759082	0.5349569789674953	0.4650430210325047	0.4650430210325047	0.0	0.9961759082217974	0.4758869768429997	0.8374760994263862	0.3479923518164436	0.5315487571701721	1.9177229016689585	0.5659655831739961	0.2237093690248566	0.6978967495219885	0.4086998087954111	CCR7;TCF7;LEF1;FOXP3	NKG7;GNLY;GZMB;PRF1		0.0	0.0	0.06692160611854685	0.0	0.11089866156787763	0.7051959847036329
vaccination_study_09	T_NK_lineage	25	gdT Cell	7	523	0.5000035724492712	0.858508604206501	0.8087954110898661	0.07724665391969407	0.2555449330783939	0.332791586998088	0.4760038240917781	0.4760038240917781	0.0	0.858508604206501	0.7820267686424474	0.858508604206501	0.0	0.7820267686424474	1.0173445677808135	0.15678776290630975	0.08030592734225622	0.6233269598470363	0.45697896749521993	MS4A1;LST1	NKG7;GNLY		0.0	0.0	0.0	0.0	0.0	0.4760038240917781
vaccination_study_09	T_NK_lineage	25	CD8 Naive / T Central Memory	8	523	0.673978279508431	0.673978279508431	0.6164575798934167	0.3551147227533461	0.07055449330783939	0.42566921606118546	0.1907883638322312	0.1907883638322312	0.0	0.9311663479923518	0.40684087529211815	0.6003824091778203	0.18929254302103252	0.37858508604206503	1.0643006828623853	0.6978967495219885	0.4086998087954111	0.15678776290630975	0.15678776290630975	NKG7;GNLY;GZMB;PRF1	CD4		0.0	0.0	0.0248565965583174	0.0	0.0	0.23055891832553904
vaccination_study_09	T_NK_lineage	25	MAIT Cell	9	523	0.384549156901972	0.384549156901972	0.3271804521457174	0.07724665391969407	0.2508604206500956	0.3281070745697897	0.0	0.0	0.0	0.9770554493307839	0.3655194391332059	0.3173996175908222	0.0038240917782026767	0.3173996175908222	1.0391233382195808	0.15678776290630975	0.08030592734225622	0.6405353728489483	0.391332058636074	MS4A1;LST1	NKG7;GNLY;GZMB		0.0	0.0	0.0076481835564053535	0.0057361376673040155	0.0	0.01797323135755258
vaccination_study_09	T_NK_lineage	26	NK Cell	1	320	0.9703022292083452	1.0	1.0	0.368796875	0.06	0.428796875	0.571203125	0.571203125	0.0	1.0	0.81328125	1.0	0.996875	1.0	2.3818897185105277	0.8	0.29453125	0.153125	0.09375	CD3D;CD3E;MS4A1;LST1	CD8A;CD8B		0.0	0.0	0.8875	0.865625	0.0	2.856828125
vaccination_study_09	T_NK_lineage	26	CD8 Cytotoxic / T Effector Memory	2	320	0.9751178908259504	1.0	1.0	0.07664062499999999	0.3553125	0.43195312499999994	0.5680468750000001	0.5680468750000001	0.0	1.0	0.6940340909090909	1.0	0.99375	1.0	2.162766969189036	0.175	0.046093749999999996	0.85	0.66875	CCR7;TCF7;LEF1;MS4A1	KLRD1;FCGR3A		0.0	0.0	0.63125	0.0	0.0	1.578046875
vaccination_study_09	T_NK_lineage	26	NKT Cell	3	320	0.9756859102600743	1.0	1.0	0.067375	0.06	0.12737500000000002	0.872625	0.872625	0.0	1.0	0.6302083333333334	1.0	0.434375	1.0	1.1702779143048343	0.1375	0.06875	0.153125	0.09375	MS4A1;LST1	CD8A;CD8B		0.0	0.0	0.0	0.0	0.0	0.872625
vaccination_study_09	T_NK_lineage	26	CD4 T Effector Memory	4	320	0.8729136896256073	0.990625	1.0	0.06949999999999999	0.4339453125	0.5034453125	0.4965546875	0.4965546875	0.0	1.0	0.3784722222222222	0.990625	0.046875	0.990625	2.2642779894103473	0.159375	0.040624999999999994	1.0	0.8929687500000001	CCR7;TCF7;LEF1;FOXP3	NKG7;GNLY;GZMB;PRF1		0.0	0.0	0.0	0.0	0.0	0.4965546875
vaccination_study_09	T_NK_lineage	26	MAIT Cell	5	320	0.5865157902257788	0.5865157902257788	0.6546682357111908	0.067375	0.438125	0.5055	0.14916823571119087	0.14916823571119087	0.0	0.928125	0.278125	0.5	0.0	0.5	1.618672942844763	0.1375	0.06875	1.0	0.9208333333333334	MS4A1;LST1	NKG7;GNLY;GZMB		0.0	0.0	0.0	0.0	0.0	0.14916823571119087
vaccination_study_09	T_NK_lineage	26	gdT Cell	6	320	0.5000035724492712	0.771875	0.608359375	0.067375	0.448828125	0.516203125	0.09215625000000005	0.09215625000000005	0.0	0.771875	0.5203125	0.771875	0.0	0.5203125	0.9158645983252649	0.1375	0.06875	1.0	0.9921875	MS4A1;LST1	NKG7;GNLY		0.0	0.0	0.0	0.0	0.0	0.09215625000000005
vaccination_study_09	T_NK_lineage	26	CD4 Naive / T Central Memory	7	320	0.12657187767933695	0.1715625	0.15	0.5	0.06	0.56	0.0	0.0	0.0	0.865625	0.1715625	0.15	0.00625	0.125	0.29691362035794866	1.0	0.7143750000000001	0.153125	0.09375	NKG7;GNLY;GZMB;PRF1;FOXP3	CD8A;CD8B		0.0	0.0	0.003125	0.0	0.0	0.005000000000000001
vaccination_study_09	T_NK_lineage	26	Treg	8	320	0.48380965990282937	0.48380965990282937	0.00625	0.5	0.052968749999999995	0.55296875	0.0	0.0	0.0	0.821875	0.12625	0.00625	0.0	0.00625	0.37415166452350335	1.0	0.71796875	0.140625	0.071875	NKG7;GNLY;GZMB;CD8A	CCR7;TCF7		0.0	0.0	0.0	0.0	0.0	0.0
vaccination_study_09	T_NK_lineage	26	CD8 Naive / T Central Memory	9	320	0.2577272077736496	0.2577272077736496	0.225	0.5	0.005625	0.505625	0.0	0.0	0.0	0.828125	0.18229166666666666	0.225	0.028125	0.125	0.4097605971468893	1.0	0.8929687500000001	0.0125	0.0125	NKG7;GNLY;GZMB;PRF1	CD4		0.0	0.0	0.0	0.0	0.0	0.0
vaccination_study_09	T_NK_lineage	27	CD8 Cytotoxic / T Effector Memory	1	7	0.566536867676479	0.5714285714285714	0.6326895885643344	0.06214285714285714	0.0	0.06214285714285714	0.5705467314214773	0.5705467314214773	0.0	0.5714285714285714	0.051948051948051945	0.5714285714285714	0.0	0.42857142857142855	1.245044068543052	0.14285714285714285	0.03571428571428571	0.0	0.0	CCR7;TCF7;LEF1;MS4A1	KLRD1;FCGR3A		0.0	0.0	0.0	0.0	0.0	0.5705467314214773
vaccination_study_09	T_NK_lineage	27	NK Cell	2	7	0.6158152329236924	0.6158152329236924	0.6642252883429225	0.12428571428571428	0.0	0.12428571428571428	0.5399395740572082	0.5399395740572082	0.0	0.7142857142857143	0.10714285714285714	0.5714285714285714	0.0	0.42857142857142855	1.3711868676574042	0.2857142857142857	0.07142857142857142	0.0	0.0	CD3D;CD3E;MS4A1;LST1	CD8A;CD8B		0.0	0.0	0.0	0.0	0.0	0.5399395740572082
vaccination_study_09	T_NK_lineage	27	NKT Cell	3	7	0.29807802229208347	0.5714285714285714	0.5714285714285714	0.13999999999999999	0.0	0.13999999999999999	0.4314285714285714	0.4314285714285714	0.0	0.7142857142857143	0.11904761904761903	0.5714285714285714	0.0	0.42857142857142855	0.6736960553353147	0.2857142857142857	0.14285714285714285	0.0	0.0	MS4A1;LST1	CD8A;CD8B		0.0	0.0	0.0	0.0	0.0	0.4314285714285714
vaccination_study_09	T_NK_lineage	27	CD4 Naive / T Central Memory	4	7	0.27157402114889967	0.27157402114889967	0.0	0.24228571428571427	0.0	0.24228571428571427	0.0	0.0	0.0	0.7142857142857143	0.0857142857142857	0.0	0.0	0.0	0.01855710127237179	0.5714285714285714	0.11428571428571428	0.0	0.0	NKG7;GNLY;GZMB;PRF1;FOXP3	CD8A;CD8B		0.0	0.0	0.0	0.0	0.0	0.0
vaccination_study_09	T_NK_lineage	27	CD4 T Effector Memory	5	7	0.6696913403829665	0.6696913403829665	0.0	0.06214285714285714	0.19285714285714284	0.255	0.0	0.0	0.0	1.0	0.1111111111111111	0.0	0.0	0.0	0.02262863699598099	0.14285714285714285	0.03571428571428571	0.5714285714285714	0.14285714285714285	CCR7;TCF7;LEF1;FOXP3	NKG7;GNLY;GZMB;PRF1		0.0	0.0	0.0	0.0	0.0	0.0
vaccination_study_09	T_NK_lineage	27	Treg	6	7	0.48380965990282937	0.48380965990282937	0.0	0.24857142857142855	0.0	0.24857142857142855	0.0	0.0	0.0	0.0	0.0	0.0	0.0	0.0	0.23024717816830972	0.5714285714285714	0.14285714285714285	0.0	0.0	NKG7;GNLY;GZMB;CD8A	CCR7;TCF7		0.0	0.0	0.0	0.0	0.0	0.0
vaccination_study_09	T_NK_lineage	27	CD8 Naive / T Central Memory	7	7	0.2577272077736496	0.2577272077736496	0.0	0.24857142857142855	0.0	0.24857142857142855	0.0	0.0	0.0	0.5714285714285714	0.07936507936507936	0.0	0.0	0.0	0.017436621155186776	0.5714285714285714	0.14285714285714285	0.0	0.0	NKG7;GNLY;GZMB;PRF1	CD4		0.0	0.0	0.0	0.0	0.0	0.0
vaccination_study_09	T_NK_lineage	27	gdT Cell	8	7	0.5000035724492712	0.5000035724492712	0.0	0.13999999999999999	0.21428571428571425	0.3542857142857142	0.0	0.0	0.0	0.0	0.0	0.0	0.0	0.0	0.011713695901841917	0.2857142857142857	0.14285714285714285	0.5714285714285714	0.2857142857142857	MS4A1;LST1	NKG7;GNLY		0.0	0.0	0.0	0.0	0.0	0.0
vaccination_study_09	T_NK_lineage	27	MAIT Cell	9	7	0.384549156901972	0.384549156901972	0.0	0.13999999999999999	0.19999999999999996	0.33999999999999997	0.0	0.0	0.0	0.0	0.0	0.0	0.0	0.0	0.031738685153818884	0.2857142857142857	0.14285714285714285	0.5714285714285714	0.19047619047619047	MS4A1;LST1	NKG7;GNLY;GZMB		0.0	0.0	0.0	0.0	0.0	0.0
vaccination_study_09	T_NK_lineage	3	CD4 Naive / T Central Memory	1	5941	0.7510360102886539	0.7510360102886539	0.697161209196321	0.06478639959602761	0.0058575997306850695	0.07064399932671268	0.6265172098696082	0.6265172098696082	0.0	0.999663356337317	0.5210570611008248	0.6438310048813332	0.208719070863491	0.39959602760478036	1.2133208172599512	0.15199461370139708	0.03194748358862144	0.0154856084834203	0.0080794479043932	NKG7;GNLY;GZMB;PRF1;FOXP3	CD8A;CD8B		0.0	0.0	0.9989900690119509	0.0	0.7747853896650395	3.1546437878867772
vaccination_study_09	T_NK_lineage	3	NKT Cell	2	5941	0.5803086596170335	0.8193906749705436	0.8193906749705436	0.05750883689614543	0.0058575997306850695	0.0633664366268305	0.7560242383437131	0.7560242383437131	0.0	0.9424339336811984	0.27273747405038434	0.8193906749705436	0.05689277899343545	0.8060932502945632	0.9610075141073332	0.11664702911967682	0.059922571957582896	0.0154856084834203	0.0080794479043932	MS4A1;LST1	CD8A;CD8B		0.0	0.0	0.0	0.0	0.0	0.7560242383437131
vaccination_study_09	T_NK_lineage	3	gdT Cell	3	5941	0.5000035724492712	0.9319979801380239	0.8082561858273019	0.05750883689614543	0.04438646692476014	0.10189530382090557	0.7063608820063962	0.7063608820063962	0.0	0.9319979801380239	0.7416259888907591	0.9319979801380239	0.0	0.7416259888907591	1.1034277879486134	0.11664702911967682	0.059922571957582896	0.1178252819390675	0.06025921562026595	MS4A1;LST1	NKG7;GNLY		0.0	0.0	0.0	0.0	0.0	0.7063608820063962
vaccination_study_09	T_NK_lineage	3	CD8 Naive / T Central Memory	4	5941	0.6264504144041154	0.6264504144041154	0.6005366113749308	0.06573809123043259	0.0671856589799697	0.13292375021040229	0.4676128611645285	0.4676128611645285	0.0	0.9957919542164618	0.42059885167106176	0.589294731526679	0.1400437636761488	0.39959602760478036	1.044967519393007	0.1501430735566403	0.03947146944958761	0.14930146439993267	0.14930146439993267	NKG7;GNLY;GZMB;PRF1	CD4		0.0	0.0	0.00033664366268305	0.0	0.0	0.4681514910248214
vaccination_study_09	T_NK_lineage	3	CD4 T Effector Memory	5	5941	0.6373178050871677	0.6373178050871677	0.21696684059922572	0.32257448241036857	0.050963642484430235	0.3735381248947988	0.0	0.0	0.0	0.9959602760478034	0.37814434532158825	0.21696684059922572	0.018347079616226225	0.14930146439993267	0.5135950246044559	0.7019020366941592	0.25387140212085507	0.1501430735566403	0.03947146944958761	CCR7;TCF7;LEF1;FOXP3	NKG7;GNLY;GZMB;PRF1		0.0	0.0	0.14627167143578523	0.0	0.03130786062952365	0.2716041070526848
vaccination_study_09	T_NK_lineage	3	MAIT Cell	6	5941	0.384549156901972	0.4332603938730853	0.3704485249204128	0.05750883689614543	0.04586769904056556	0.10337653593671099	0.2670719889837018	0.2670719889837018	0.0	0.9875441844807271	0.4332603938730853	0.3415249957919542	0.000168321831341525	0.3413566739606127	1.1156941165138343	0.11664702911967682	0.059922571957582896	0.13044941928968187	0.04488582169107333	MS4A1;LST1	NKG7;GNLY;GZMB		0.0	0.0	0.000841609156707625	0.000841609156707625	0.0	0.26926017279114167
vaccination_study_09	T_NK_lineage	3	Treg	7	5941	0.48380965990282937	0.48380965990282937	0.17601864408984869	0.059110419121360044	0.23076923076923075	0.2898796498905908	0.0	0.0	0.0	0.9471469449587612	0.17791617572799193	0.0545362733546541	0.000504965494024575	0.029961285978791448	1.4859294829407783	0.13516243056724458	0.0352213432082141	0.5879481568759468	0.36256522470964486	NKG7;GNLY;GZMB;CD8A	CCR7;TCF7		0.0	0.0	0.0195253324356169	0.017673792290860125	0.012119171856589799	0.06345733041575492
vaccination_study_09	T_NK_lineage	3	CD8 Cytotoxic / T Effector Memory	8	5941	0.2746498999714204	0.2746498999714204	0.12270661504797173	0.3248687089715536	0.007195758289850194	0.3320644672614038	0.0	0.0	0.0	0.9478202322841273	0.16013526954445995	0.12270661504797173	0.003871402120855075	0.07288335297088032	0.28417176595904753	0.7059417606463558	0.25732199966335634	0.01918868877293385	0.009594344386466926	CCR7;TCF7;LEF1;MS4A1	KLRD1;FCGR3A		0.0	0.0	0.0053862986029288	0.0	0.0	0.00861807776468608
vaccination_study_09	T_NK_lineage	3	NK Cell	9	5941	0.3007895112889397	0.3007895112889397	0.12607305167480223	0.4450799528698872	0.0058575997306850695	0.4509375526005723	0.0	0.0	0.0	0.23868035684228245	0.03305419962969197	0.12607305167480223	0.003534758458172025	0.07288335297088032	0.3209019829213497	0.9392358188857095	0.400774280424171	0.0154856084834203	0.0080794479043932	CD3D;CD3E;MS4A1;LST1	CD8A;CD8B		0.0	0.0	0.000841609156707625	0.0	0.0	0.0013465746507322
vaccination_study_09	T_NK_lineage	4	CD4 Naive / T Central Memory	1	5330	0.7492319234066876	0.7492319234066876	0.7887269220839457	0.07065816135084427	0.00675422138836773	0.077412382739212	0.7113145393447337	0.7113145393447337	0.0	0.99812382739212	0.4868480300187617	0.7063789868667918	0.24559099437148219	0.4771106941838649	1.3293917408686156	0.16547842401500937	0.03534709193245778	0.01801125703564728	0.00900562851782364	NKG7;GNLY;GZMB;PRF1;FOXP3	CD8A;CD8B		0.0	0.0	0.999812382739212	0.0	0.7819887429643527	3.2494008432846964
vaccination_study_09	T_NK_lineage	4	NKT Cell	2	5330	0.5310195770220063	0.7221388367729831	0.7221388367729831	0.047733583489681056	0.00675422138836773	0.05448780487804879	0.6676510318949342	0.6676510318949342	0.0	0.8782363977485929	0.23986866791744843	0.7221388367729831	0.049906191369606	0.701688555347092	0.8483226840398556	0.09737335834896811	0.048780487804878044	0.01801125703564728	0.00900562851782364	MS4A1;LST1	CD8A;CD8B		0.0	0.0	0.0	0.0	0.0	0.6676510318949342
vaccination_study_09	T_NK_lineage	4	CD8 Naive / T Central Memory	3	5330	0.7113603886824806	0.7113603886824806	0.7330985767559335	0.07203095684803001	0.040778611632270166	0.11280956848030019	0.6202890082756333	0.6202890082756333	0.0	0.9900562851782364	0.4010006253908693	0.6816135084427767	0.20356472795497185	0.4771106941838649	1.205940273252627	0.16416510318949343	0.04385553470919324	0.09061913696060038	0.09061913696060038	NKG7;GNLY;GZMB;PRF1	CD4		0.0	0.0	0.009193245778611633	0.0	0.0	0.6349982015214118
vaccination_study_09	T_NK_lineage	4	gdT Cell	4	5330	0.5000035724492712	0.8566604127579738	0.716843339587242	0.047733583489681056	0.051289868667917446	0.0990234521575985	0.6178198874296434	0.6178198874296434	0.0	0.8566604127579738	0.6415572232645403	0.8566604127579738	0.0	0.6415572232645403	1.0151796525211703	0.09737335834896811	0.048780487804878044	0.13583489681050656	0.07026266416510318	MS4A1;LST1	NKG7;GNLY		0.0	0.0	0.0	0.0	0.0	0.6178198874296434
vaccination_study_09	T_NK_lineage	4	Treg	5	5330	0.48380965990282937	0.48380965990282937	0.02045028142589118	0.0671219512195122	0.27042213883677296	0.33754409005628516	0.0	0.0	0.0	0.8741088180112571	0.14045028142589117	0.02045028142589118	0.0001876172607879925	0.013883677298311446	0.7011091372742339	0.15328330206378987	0.04033771106941838	0.6808630393996248	0.44108818011257034	NKG7;GNLY;GZMB;CD8A	CCR7;TCF7		0.0	0.0	0.005440900562851783	0.000375234521575985	0.013133208255159476	0.02484052532833021
vaccination_study_09	T_NK_lineage	4	CD4 T Effector Memory	6	5330	0.39118140897399256	0.39118140897399256	0.1378986866791745	0.36396998123827395	0.05582786116322701	0.419797842401501	0.0	0.0	0.0	0.9544090056285178	0.24709193245778613	0.1378986866791745	0.006191369606003753	0.09061913696060038	0.3346745693045369	0.7821763602251407	0.3033771106941839	0.16416510318949343	0.04385553470919324	CCR7;TCF7;LEF1;FOXP3	NKG7;GNLY;GZMB;PRF1		0.0	0.0	0.0	0.0	0.00225140712945591	0.002701688555347092
vaccination_study_09	T_NK_lineage	4	CD8 Cytotoxic / T Effector Memory	7	5330	0.2746498999714204	0.2746498999714204	0.1401500938086304	0.3654324577861163	0.007809568480300187	0.3732420262664165	0.0	0.0	0.0	0.8891181988742964	0.1406788333617602	0.1401500938086304	0.005065666041275798	0.07673545966228892	0.3215244191187535	0.7848030018761726	0.3054878048780488	0.020825515947467167	0.010412757973733585	CCR7;TCF7;LEF1;MS4A1	KLRD1;FCGR3A		0.0	0.0	0.0005628517823639775	0.0	0.0	0.000900562851782364
vaccination_study_09	T_NK_lineage	4	MAIT Cell	8	5330	0.384549156901972	0.384549156901972	0.04709193245778612	0.047733583489681056	0.0525234521575985	0.10025703564727956	0.0	0.0	0.0	0.9388367729831144	0.32470293933708566	0.04709193245778612	0.0	0.04690431519699812	0.18120228691007667	0.09737335834896811	0.048780487804878044	0.14896810506566605	0.052220137585991235	MS4A1;LST1	NKG7;GNLY;GZMB		0.0	0.0	0.0	0.0	0.0	0.0
vaccination_study_09	T_NK_lineage	4	NK Cell	9	5330	0.3007895112889397	0.3007895112889397	0.14315196998123828	0.40681519699812385	0.00675422138836773	0.4135694183864916	0.0	0.0	0.0	0.2699812382739212	0.03836772983114446	0.14315196998123828	0.005816135084427768	0.07673545966228892	0.3611793095722222	0.8707317073170732	0.3451688555347092	0.01801125703564728	0.00900562851782364	CD3D;CD3E;MS4A1;LST1	CD8A;CD8B		0.0	0.0	0.0	0.0	0.0	0.0
vaccination_study_09	T_NK_lineage	5	CD8 Cytotoxic / T Effector Memory	1	5252	0.9266790511574736	0.9994287890327495	1.0	0.0771077684691546	0.2709396420411272	0.34804741051028176	0.6519525894897182	0.6519525894897182	0.0	1.0	0.7292806203697293	0.9994287890327495	0.8973724295506473	0.9965727341964966	2.1615438046222955	0.17574257425742573	0.04693450114242193	0.6833587204874334	0.43954683929931454	CCR7;TCF7;LEF1;MS4A1	KLRD1;FCGR3A		0.0	0.0	0.9965727341964966	0.0	0.0	2.246468964204113
vaccination_study_09	T_NK_lineage	5	NK Cell	2	5252	0.9071699056873392	0.9994287890327495	1.0	0.4449990479817213	0.24716298552932217	0.6	0.4	0.4	0.0	0.9998095963442498	0.6243097867479055	0.9994287890327495	0.893945163747144	0.9965727341964966	2.3805426278867707	0.9417364813404417	0.3960872048743336	0.6104341203351105	0.4268849961919269	CD3D;CD3E;MS4A1;LST1	CD8A;CD8B		0.0	0.0	0.6443259710586443	0.6435643564356436	0.0	2.0744859101294746
vaccination_study_09	T_NK_lineage	5	NKT Cell	3	5252	0.934517004858531	0.9992383853769993	1.0	0.04091774562071592	0.24716298552932217	0.28808073115003807	0.7119192688499619	0.7119192688499619	0.0	1.0	0.6431200812388931	0.9992383853769993	0.8455826351865956	0.9965727341964966	1.1693954382924487	0.08320639756283321	0.04226961157654227	0.6104341203351105	0.4268849961919269	MS4A1;LST1	CD8A;CD8B		0.0	0.0	0.0	0.0	0.0	0.7119192688499619
vaccination_study_09	T_NK_lineage	5	CD4 T Effector Memory	4	5252	0.8472063446699056	0.991051028179741	1.0	0.07064546839299314	0.4108077875095202	0.4814532559025133	0.5185467440974867	0.5185467440974867	0.0	0.9990479817212491	0.402999915376153	0.991051028179741	0.10091393754760092	0.9908606245239908	2.265242033113289	0.16127189642041126	0.04255521706016755	0.9996191926884996	0.739480198019802	CCR7;TCF7;LEF1;FOXP3	NKG7;GNLY;GZMB;PRF1		0.0	0.0	0.0003808073115003808	0.0	0.0	0.5191560357958873
vaccination_study_09	T_NK_lineage	5	gdT Cell	5	5252	0.5000035724492712	0.9379284082254379	0.8157130616907844	0.04091774562071592	0.4352199162223914	0.47613766184310735	0.33957539984767704	0.33957539984767704	0.0	0.9379284082254379	0.7499047981721249	0.9379284082254379	0.0	0.7499047981721249	1.1103745110669845	0.08320639756283321	0.04226961157654227	0.9990479817212491	0.9033701447067783	MS4A1;LST1	NKG7;GNLY		0.0	0.0	0.0007616146230007616	0.0007616146230007616	0.0	0.341555597867479
vaccination_study_09	T_NK_lineage	5	CD4 Naive / T Central Memory	6	5252	0.12657187767933695	0.21924980959634421	0.13594821020563594	0.5	0.24716298552932217	0.6	0.0	0.0	0.0	0.9668697638994669	0.21924980959634421	0.13594821020563594	0.003808073115003808	0.1188118811881188	0.27083757173073925	0.9996191926884996	0.5916984006092918	0.6104341203351105	0.4268849961919269	NKG7;GNLY;GZMB;PRF1;FOXP3	CD8A;CD8B		0.0	0.0	0.02399086062452399	0.0	0.0	0.038385376999238385
vaccination_study_09	T_NK_lineage	5	CD8 Naive / T Central Memory	7	5252	0.6583380965990283	0.6583380965990283	0.5081873571972582	0.5	0.002399086062452399	0.5023990860624524	0.005788271134805734	0.005788271134805734	0.0	0.9803884234577304	0.31537192180756535	0.5081873571972582	0.059215536938309214	0.43412033511043413	0.9035436634856039	0.9996191926884996	0.739480198019802	0.005331302361005331	0.005331302361005331	NKG7;GNLY;GZMB;PRF1	CD4		0.0	0.0	0.0001904036557501904	0.0	0.0	0.006092916984006038
vaccination_study_09	T_NK_lineage	5	Treg	8	5252	0.48380965990282937	0.48380965990282937	0.006664127951256664	0.5	0.0494525894897182	0.5494525894897182	0.0	0.0	0.0	0.9472581873571972	0.16921172886519423	0.006664127951256664	0.0	0.0057121096725057125	0.38368684374125034	0.9996191926884996	0.7073495811119573	0.1311881188118812	0.0673076923076923	NKG7;GNLY;GZMB;CD8A	CCR7;TCF7		0.0	0.0	0.000952018278750952	0.000952018278750952	0.0	0.0024752475247524753
vaccination_study_09	T_NK_lineage	5	MAIT Cell	9	5252	0.384549156901972	0.384549156901972	0.2301980198019802	0.04091774562071592	0.41959253617669456	0.4605102817974105	0.0	0.0	0.0	0.9605864432597105	0.319053059152069	0.2301980198019802	0.0	0.22981721249047982	0.7623569325065803	0.08320639756283321	0.04226961157654227	0.9994287890327495	0.7984259964457984	MS4A1;LST1	NKG7;GNLY;GZMB		0.0	0.0	0.000952018278750952	0.0001904036557501904	0.0	0.0017136329017517138
vaccination_study_09	T_NK_lineage	6	CD8 Naive / T Central Memory	1	4889	0.9139968562446413	0.9139968562446413	0.973348206139085	0.07022090407036204	0.0026692575168746164	0.07289016158723666	0.9004580445518484	0.9004580445518484	0.0	0.9997954591941092	0.5876457353241972	0.8294129678870935	0.42871752914706485	0.547760278175496	1.4636525913798213	0.15974636940069545	0.04326038044589895	0.005931683370832481	0.005931683370832481	NKG7;GNLY;GZMB;PRF1	CD4		0.0	0.0	0.9928410717938229	0.0	0.0	2.489003759421965
vaccination_study_09	T_NK_lineage	6	CD4 Naive / T Central Memory	2	4889	0.7840883109459845	0.7840883109459845	0.8293040148688311	0.06850889752505625	0.3294538760482716	0.3979627735733278	0.4313412412955033	0.4313412412955033	0.0	0.9997954591941092	0.5328492534260586	0.7340969523419922	0.2442217222335856	0.547760278175496	1.3808282501073554	0.160155451012477	0.03477193700143178	0.8226631212926979	0.5510329310697484	NKG7;GNLY;GZMB;PRF1;FOXP3	CD8A;CD8B		0.0	0.0	0.6498261403149929	0.0	0.15647371650644304	1.6588315256072235
vaccination_study_09	T_NK_lineage	6	gdT Cell	3	4889	0.5000035724492712	0.9421149519329106	0.8245193291061568	0.050525669871139295	0.04832276539169564	0.09884843526283493	0.7256708938433218	0.7256708938433218	0.0	0.9421149519329106	0.76119860912252	0.9421149519329106	0.0	0.76119860912252	1.115278501053895	0.10288402536305993	0.0519533646962569	0.1278380036817345	0.06647576191450194	MS4A1;LST1	NKG7;GNLY		0.0	0.0	0.0	0.0	0.0	0.7256708938433218
vaccination_study_09	T_NK_lineage	6	NKT Cell	4	4889	0.5876107459274078	0.8265493966046227	0.8265493966046227	0.050525669871139295	0.3294538760482716	0.37997954591941085	0.4465698506852118	0.4465698506852118	0.0	0.9511147473921048	0.2785845776232358	0.8265493966046227	0.05972591532010636	0.8112088361628145	0.9693022604667578	0.10288402536305993	0.0519533646962569	0.8226631212926979	0.5510329310697484	MS4A1;LST1	CD8A;CD8B		0.0	0.0	0.0	0.0	0.0	0.4465698506852118
vaccination_study_09	T_NK_lineage	6	CD8 Cytotoxic / T Effector Memory	5	4889	0.7357244927122035	0.7357244927122035	0.4563305379423195	0.39502045408058906	0.0065964409899775004	0.4016168950705666	0.0547136428717529	0.0547136428717529	0.0	0.989977500511352	0.2616076907343015	0.4563305379423195	0.05297606872571078	0.3786050317038249	0.9985784991938645	0.8375946001227245	0.34879320924524443	0.017590509306606668	0.008795254653303334	CCR7;TCF7;LEF1;MS4A1	KLRD1;FCGR3A		0.0	0.0	0.008590713847412558	0.0	0.0	0.06845878502761299
vaccination_study_09	T_NK_lineage	6	CD4 T Effector Memory	6	4889	0.3752607887967991	0.3752607887967991	0.07240744528533442	0.39382286766209856	0.054412967887093475	0.44823583554919205	0.0	0.0	0.0	0.9834321947228472	0.272289266153042	0.07240744528533442	0.0040908161178155045	0.056657803231744734	0.18647681651279974	0.8363673552873798	0.34546942114951934	0.15974636940069545	0.04326038044589895	CCR7;TCF7;LEF1;FOXP3	NKG7;GNLY;GZMB;PRF1		0.0	0.0	0.00020454080589077522	0.0	0.0028635712824708528	0.0037635508283902636
vaccination_study_09	T_NK_lineage	6	Treg	7	4889	0.48380965990282937	0.48380965990282937	0.0040908161178155045	0.20469318879116385	0.29274391491102475	0.49743710370218863	0.0	0.0	0.0	0.9435467375741461	0.1543260380445899	0.0040908161178155045	0.0	0.0022499488647985274	0.3244370649215557	0.4626713029249335	0.13126406218040498	0.7322560850889752	0.4871139292288812	NKG7;GNLY;GZMB;CD8A	CCR7;TCF7		0.0	0.0	0.0	0.0	0.0016363264471262017	0.001963591736551442
vaccination_study_09	T_NK_lineage	6	MAIT Cell	8	4889	0.384549156901972	0.384549156901972	0.03109020249539783	0.050525669871139295	0.048742074043771726	0.09926774391491103	0.0	0.0	0.0	0.9809777050521579	0.37724142633121976	0.03109020249539783	0.00020454080589077522	0.030885661689507057	0.1304148999908095	0.10288402536305993	0.0519533646962569	0.13806504397627326	0.048817072339265015	MS4A1;LST1	NKG7;GNLY;GZMB		0.0	0.0	0.0006136224176723256	0.0006136224176723256	0.0	0.0015954182859480466
vaccination_study_09	T_NK_lineage	6	NK Cell	9	4889	0.3007895112889397	0.3007895112889397	0.13499693188791165	0.4493935365105339	0.3294538760482716	0.6	0.0	0.0	0.0	0.25199427285743503	0.03579464103088566	0.13499693188791165	0.006954387400286357	0.06790754755573737	0.34194722898949315	0.94722847208018	0.40657598690938845	0.8226631212926979	0.5510329310697484	CD3D;CD3E;MS4A1;LST1	CD8A;CD8B		0.0	0.0	0.00020454080589077522	0.00020454080589077522	0.0	0.0005318060953160156
vaccination_study_09	T_NK_lineage	7	CD4 Naive / T Central Memory	1	4849	0.8225064304086882	0.8225064304086882	0.8967382344508135	0.0650996081666323	0.004949474118374923	0.07004908228500722	0.8266891521658062	0.8266891521658062	0.0	0.9997937719117344	0.5545267065374304	0.7801608579088471	0.31284800989894823	0.5623839967003506	1.4663095061678653	0.1524025572282945	0.03266652918127449	0.013198597648999794	0.006599298824499897	NKG7;GNLY;GZMB;PRF1;FOXP3	CD8A;CD8B		0.0	0.0	1.0	0.0	0.8065580532068468	3.3945588160140225
vaccination_study_09	T_NK_lineage	7	NKT Cell	2	4849	0.5681551871963418	0.785729016292019	0.785729016292019	0.05623015054650444	0.004949474118374923	0.06117962466487936	0.7245493916271396	0.7245493916271396	0.0	0.9298824499896886	0.2629064411906235	0.785729016292019	0.051763250154671064	0.7714992782016911	0.9220040530079816	0.11466281707568571	0.057537636626108474	0.013198597648999794	0.006599298824499897	MS4A1;LST1	CD8A;CD8B		0.0	0.0	0.0	0.0	0.0	0.7245493916271396
vaccination_study_09	T_NK_lineage	7	CD8 Naive / T Central Memory	3	4849	0.7553122320663047	0.7553122320663047	0.8337388423926109	0.0665260878531656	0.0532687151990101	0.11979480305217571	0.7139440393404352	0.7139440393404352	0.0	0.9979377191173437	0.45906372447927407	0.7517013817281913	0.2559290575376366	0.5623839967003506	1.328149842657678	0.151577644875232	0.04057537636626109	0.1183749226644669	0.1183749226644669	NKG7;GNLY;GZMB;PRF1	CD4		0.0	0.0	0.0032996494122499486	0.0	0.0	0.7192234784000351
vaccination_study_09	T_NK_lineage	7	gdT Cell	4	4849	0.5000035724492712	0.917714992782017	0.7850072179830893	0.05623015054650444	0.04692720148484224	0.10315735203134668	0.6818498659517426	0.6818498659517426	0.0	0.917714992782017	0.7135491853990513	0.917714992782017	0.0	0.7135491853990513	1.0866971309028015	0.11466281707568571	0.057537636626108474	0.1239430810476387	0.06496184780367086	MS4A1;LST1	NKG7;GNLY		0.0	0.0	0.0	0.0	0.0	0.6818498659517426
vaccination_study_09	T_NK_lineage	7	Treg	5	4849	0.48380965990282937	0.48380965990282937	0.02227263353268715	0.061658073829655595	0.3006650855846566	0.3623231594143122	0.0	0.0	0.0	0.928026397195298	0.15739327696432254	0.02227263353268715	0.0	0.013611053825531037	0.7430682802961186	0.14064755619715405	0.03732728397607754	0.7508764693751289	0.5026809651474531	NKG7;GNLY;GZMB;CD8A	CCR7;TCF7		0.0	0.0	0.0008249123530624871	0.0	0.004330789853578057	0.006516807589193648
vaccination_study_09	T_NK_lineage	7	CD4 T Effector Memory	6	4849	0.4604458416690483	0.4604458416690483	0.15755825943493504	0.396065168075892	0.05155959991750876	0.44762476799340073	0.0	0.0	0.0	0.9816457001443597	0.28665704268921427	0.15755825943493504	0.004743246030109301	0.1183749226644669	0.37916150284315514	0.8403794596824088	0.34873169725716646	0.151577644875232	0.04057537636626109	CCR7;TCF7;LEF1;FOXP3	NKG7;GNLY;GZMB;PRF1		0.0	0.0	0.00041245617653124357	0.0	0.0008249123530624871	0.0016498247061249743
vaccination_study_09	T_NK_lineage	7	CD8 Cytotoxic / T Effector Memory	7	4849	0.2746498999714204	0.2746498999714204	0.12744895854815425	0.39696741596205404	0.007362342751082698	0.40432975871313676	0.0	0.0	0.0	0.9342132398432667	0.15110894467462832	0.12744895854815425	0.005980614559703032	0.0748607960404207	0.29432679950235746	0.8414106001237368	0.3510517632501547	0.01959166838523407	0.009898948236749847	CCR7;TCF7;LEF1;MS4A1	KLRD1;FCGR3A		0.0	0.0	0.0	0.0	0.0	0.0
vaccination_study_09	T_NK_lineage	7	MAIT Cell	8	4849	0.384549156901972	0.384549156901972	0.05939368942049907	0.05623015054650444	0.048494534955660966	0.1047246855021654	0.0	0.0	0.0	0.9750464013198598	0.37086684539767645	0.05939368942049907	0.0	0.05918746133223345	0.22024644601791124	0.11466281707568571	0.057537636626108474	0.1373479067849041	0.0486010861345982	MS4A1;LST1	NKG7;GNLY;GZMB		0.0	0.0	0.0	0.0	0.0	0.0
vaccination_study_09	T_NK_lineage	7	NK Cell	9	4849	0.3007895112889397	0.3007895112889397	0.13219220457826356	0.4362157145803258	0.004949474118374923	0.44116518869870075	0.0	0.0	0.0	0.2538667766549804	0.03570323778098577	0.13219220457826356	0.006805526912765519	0.0748607960404207	0.3353328219181303	0.9247267477830481	0.3855434110125799	0.013198597648999794	0.006599298824499897	CD3D;CD3E;MS4A1;LST1	CD8A;CD8B		0.0	0.0	0.0	0.0	0.0	0.0
vaccination_study_09	T_NK_lineage	8	CD8 Cytotoxic / T Effector Memory	1	4705	0.807294941411832	0.8155154091392136	1.0	0.19605419766206167	0.08524973432518597	0.2813039319872476	0.7186960680127523	0.7186960680127523	0.0	0.9970244420828905	0.45634238237851416	0.8155154091392136	0.3880977683315622	0.6771519659936238	1.767720256874123	0.4359192348565356	0.13820403825717323	0.2250797024442083	0.1181721572794899	CCR7;TCF7;LEF1;MS4A1	KLRD1;FCGR3A		0.0	0.0	0.9679064824654623	0.0	0.0	2.267346439957492
vaccination_study_09	T_NK_lineage	8	CD4 T Effector Memory	2	4705	0.921448985424407	0.961317747077577	1.0	0.1840010626992561	0.2656243358129649	0.449625398512221	0.5503746014877791	0.5503746014877791	0.0	0.9976620616365569	0.4815916873302633	0.961317747077577	0.6318809776833156	0.9319872476089267	2.1979596706372564	0.4104144527098831	0.12747077577045696	0.748990435706695	0.2728480340063762	CCR7;TCF7;LEF1;FOXP3	NKG7;GNLY;GZMB;PRF1		0.0	0.0	0.02975557917109458	0.0	0.0718384697130712	0.6841896918172159
vaccination_study_09	T_NK_lineage	8	NKT Cell	3	4705	0.7774042583595313	0.9200850159404889	1.0	0.06455047821466525	0.27043039319872475	0.33498087141339	0.66501912858661	0.66501912858661	0.0	0.9725823591923486	0.41980162947219274	0.9200850159404889	0.548990435706695	0.78788522848034	1.0776811411693206	0.13092454835281617	0.06726886291179596	0.675451647183847	0.4519659936238045	MS4A1;LST1	CD8A;CD8B		0.0	0.0	0.0	0.0	0.0	0.66501912858661
vaccination_study_09	T_NK_lineage	8	NK Cell	4	4705	0.7859817090597313	0.7859817090597313	0.9549196937242761	0.4346822529224229	0.27043039319872475	0.6	0.3549196937242761	0.3549196937242761	0.0	0.7991498405951116	0.19992029755579172	0.7543039319872477	0.28076514346439957	0.6771519659936238	1.8024630469481138	0.9185972369819341	0.3891604675876727	0.675451647183847	0.4519659936238045	CD3D;CD3E;MS4A1;LST1	CD8A;CD8B		0.0	0.0	0.07290116896918172	0.0720510095642933	0.0	0.5436125736392602
vaccination_study_09	T_NK_lineage	8	CD4 Naive / T Central Memory	5	4705	0.49517719348385253	0.49517719348385253	0.357066950053135	0.33265632306057386	0.27043039319872475	0.6	0.0	0.0	0.0	0.9844845908607864	0.34597236981934115	0.357066950053135	0.04442082890541977	0.27970244420828905	0.6811698565876664	0.748990435706695	0.21836344314558978	0.675451647183847	0.4519659936238045	NKG7;GNLY;GZMB;PRF1;FOXP3	CD8A;CD8B		0.0	0.0	0.3075451647183847	0.0	0.016578108395324122	0.5119659936238046
vaccination_study_09	T_NK_lineage	8	gdT Cell	6	4705	0.5000035724492712	0.9079702444208289	0.7799734325185972	0.06455047821466525	0.28482465462274176	0.349375132837407	0.4305982996811902	0.4305982996811902	0.0	0.9079702444208289	0.7110520722635494	0.9079702444208289	0.0	0.7110520722635494	1.0752824290085086	0.13092454835281617	0.06726886291179596	0.7264612114771519	0.4459086078639745	MS4A1;LST1	NKG7;GNLY		0.0	0.0	0.0006376195536663124	0.0006376195536663124	0.0	0.4322561105207226
vaccination_study_09	T_NK_lineage	8	CD8 Naive / T Central Memory	7	4705	0.7424121177479279	0.7424121177479279	0.6152980940708471	0.34464293304994686	0.005260361317747077	0.34990329436769396	0.26539479970315316	0.26539479970315316	0.0	0.9874601487778959	0.4075569724878971	0.5995749202975558	0.16153028692879914	0.3883103081827843	1.0628926950931654	0.748990435706695	0.2728480340063762	0.011689691817215728	0.011689691817215728	NKG7;GNLY;GZMB;PRF1	CD4		0.0	0.0	0.07290116896918172	0.0	0.0	0.3820366700538439
vaccination_study_09	T_NK_lineage	8	MAIT Cell	8	4705	0.384549156901972	0.384549156901972	0.1696068012752391	0.06455047821466525	0.26528161530286926	0.3298320935175345	0.0	0.0	0.0	0.961317747077577	0.3630889125044279	0.1696068012752391	0.00021253985122210415	0.1687566418703507	0.570048371715933	0.13092454835281617	0.06726886291179596	0.728586609989373	0.3113708820403826	MS4A1;LST1	NKG7;GNLY;GZMB		0.0	0.0	0.015090329436769395	0.004038257173219979	0.0	0.028182784272051013
vaccination_study_09	T_NK_lineage	8	Treg	9	4705	0.48380965990282937	0.48380965990282937	0.015090329436769395	0.38311370882040385	0.133788522848034	0.5169022316684379	0.0	0.0	0.0	0.9198724760892667	0.158788522848034	0.015090329436769395	0.0	0.008501594048884165	0.5776977552129429	0.8167906482465462	0.330605738575983	0.3483528161530287	0.19521785334750266	NKG7;GNLY;GZMB;CD8A	CCR7;TCF7		0.0	0.0	0.004463336875664187	0.004463336875664187	0.0019128586609989374	0.013900106269925612
vaccination_study_09	T_NK_lineage	9	CD8 Naive / T Central Memory	1	4059	0.877529294084024	0.877529294084024	0.872597388052688	0.08145725548164573	0.0031042128603104213	0.08456146834195614	0.788035919710732	0.788035919710732	0.0	0.9955654101995566	0.5365853658536586	0.7787632421778763	0.3727519093372752	0.49371766444937176	1.3753365834992468	0.18551367331855137	0.04982754372998276	0.006898250800689825	0.006898250800689825	NKG7;GNLY;GZMB;PRF1	CD4		0.0	0.0	0.9812761763981276	0.0	0.0	2.358077801947736
vaccination_study_09	T_NK_lineage	9	CD4 Naive / T Central Memory	2	4059	0.7267862246356102	0.7267862246356102	0.7684604854476635	0.07939098300073909	0.29955654101995566	0.37894752402069476	0.3895129614269688	0.3895129614269688	0.0	0.9977827050997783	0.49660014781966	0.6925351071692535	0.21483123922148312	0.49371766444937176	1.3037015131136405	0.185760039418576	0.04000985464400099	0.7551120965755113	0.486819413648682	NKG7;GNLY;GZMB;PRF1;FOXP3	CD8A;CD8B		0.0	0.0	0.8164572554816457	0.0	0.20916481892091648	1.9468423529027017
vaccination_study_09	T_NK_lineage	9	gdT Cell	3	4059	0.5000035724492712	0.9110618378911062	0.7873552599162356	0.04979058881497907	0.05508130081300813	0.1048718896279872	0.6824833702882483	0.6824833702882483	0.0	0.9110618378911062	0.7207440256220744	0.9110618378911062	0.0	0.7207440256220744	1.0789038275848035	0.10150283321015029	0.050997782705099776	0.1453559990145356	0.07649667405764968	MS4A1;LST1	NKG7;GNLY		0.0	0.0	0.0	0.0	0.0	0.6824833702882483
vaccination_study_09	T_NK_lineage	9	NKT Cell	4	4059	0.5601314661331809	0.8019216555801921	0.8019216555801921	0.04979058881497907	0.29955654101995566	0.3493471298349347	0.4525745257452574	0.4525745257452574	0.0	0.9255974377925598	0.26886753716022005	0.8019216555801921	0.059374230105937426	0.7866469573786647	0.9407663184864508	0.10150283321015029	0.050997782705099776	0.7551120965755113	0.486819413648682	MS4A1;LST1	CD8A;CD8B		0.0	0.0	0.0	0.0	0.0	0.4525745257452574
vaccination_study_09	T_NK_lineage	9	CD8 Cytotoxic / T Effector Memory	5	4059	0.7207094884252644	0.7207094884252644	0.41290958364129093	0.3711431387041143	0.009700665188470067	0.3808438038925844	0.03206577974870656	0.03206577974870656	0.0	0.9761024882976103	0.24623171851553224	0.41290958364129093	0.05075141660507514	0.3136240453313624	0.9055988895572991	0.7930524759793053	0.3171963537817196	0.025868440502586843	0.012934220251293422	CCR7;TCF7;LEF1;MS4A1	KLRD1;FCGR3A		0.0	0.0	0.011332840601133284	0.0	0.0	0.05019832471051981
vaccination_study_09	T_NK_lineage	9	Treg	6	4059	0.48380965990282937	0.48380965990282937	0.006405518600640552	0.18769154964276916	0.2742978566149298	0.4619894062576989	0.0	0.0	0.0	0.9132791327913279	0.14742547425474256	0.006405518600640552	0.0	0.004188223700418822	0.37773243641852045	0.42374969204237495	0.12121212121212122	0.6890859817689086	0.450480413895048	NKG7;GNLY;GZMB;CD8A	CCR7;TCF7		0.0	0.0	0.0004927322000492732	0.0004927322000492732	0.0034491254003449125	0.005420054200542005
vaccination_study_09	T_NK_lineage	9	CD4 T Effector Memory	7	4059	0.34389825664475565	0.34389825664475565	0.08154717910815472	0.3704138950480414	0.06312823355506282	0.4335421286031042	0.0	0.0	0.0	0.9662478442966248	0.2552079056144097	0.08154717910815472	0.0034491254003449125	0.06627248090662725	0.20715878840444876	0.792559743779256	0.31473269278147326	0.18551367331855137	0.04982754372998276	CCR7;TCF7;LEF1;FOXP3	NKG7;GNLY;GZMB;PRF1		0.0	0.0	0.0	0.0	0.004188223700418822	0.005025868440502587
vaccination_study_09	T_NK_lineage	9	NK Cell	8	4059	0.3007895112889397	0.3007895112889397	0.1527469820152747	0.4340909090909091	0.29955654101995566	0.6	0.0	0.0	0.0	0.29366839122936683	0.042067011579206705	0.1527469820152747	0.009608277900960829	0.08721359940872137	0.3838072902780204	0.9189455530918945	0.3858709041635871	0.7551120965755113	0.486819413648682	CD3D;CD3E;MS4A1;LST1	CD8A;CD8B		0.0	0.0	0.0007390983000739098	0.0004927322000492732	0.0	0.001675289480167529
vaccination_study_09	T_NK_lineage	9	MAIT Cell	9	4059	0.384549156901972	0.384549156901972	0.03399852180339985	0.04979058881497907	0.05689825080068983	0.1066888396156689	0.0	0.0	0.0	0.9595959595959596	0.35406914675207357	0.03399852180339985	0.0	0.03350578960335058	0.13964552307515432	0.10150283321015029	0.050997782705099776	0.16112342941611235	0.05707481317237415	MS4A1;LST1	NKG7;GNLY;GZMB		0.0	0.0	0.0	0.0	0.0	0.0
vaccination_study_09	Myeloid_lineage	0	Classical Monocyte	1	2880	0.8767933695341527	0.9996527777777777	1.0	0.08964583333333333	0.35	0.4396458333333333	0.5603541666666667	0.5603541666666667	0.0	1.0	0.8384114583333333	0.9996527777777777	0.9645833333333333	0.9996527777777777	1.0327886291425448	0.20555555555555555	0.05243055555555556	0.7777777777777778	0.7777777777777778	FCGR3A;MS4A7;CD1C;CLEC4C	HLA-DRA		0.0	0.0	0.9993055555555556	0.9996527777777777	0.0	3.1588958333333332
vaccination_study_09	Myeloid_lineage	0	Intermediate Monocyte	2	2880	0.7899828522434982	0.9746527777777778	1.0	0.0327662037037037	0.2850260416666666	0.3177922453703703	0.6822077546296297	0.6822077546296297	0.0	1.0	0.7685763888888889	0.9746527777777778	0.7506944444444444	0.8982638888888889	0.9803002384541414	0.07222222222222222	0.024189814814814813	0.7569444444444444	0.38628472222222227	CD1C;CLEC4C;NKG7	VCAN;FCGR3A		0.0	0.0	0.0	0.0	0.0	0.6822077546296297
vaccination_study_09	Myeloid_lineage	0	Neutrophil	3	2880	0.8962525007144899	0.9996527777777777	1.0	0.025078703703703704	0.43190104166666665	0.45697974537037034	0.5430202546296297	0.5430202546296297	0.0	0.9996527777777777	0.4694444444444444	0.9996527777777777	0.9986111111111111	0.9996527777777777	1.0268144748888373	0.05520833333333333	0.01863425925925926	0.9871527777777778	0.9050347222222221	CD3D;MS4A1;CD79A	FCN1;LST1		0.0	0.0	0.00034722222222222224	0.00034722222222222224	0.0	0.5439230324074075
vaccination_study_09	Myeloid_lineage	0	Non-Classical Monocyte	4	2880	0.7937875107173478	0.7937875107173478	0.22569444444444445	0.5	0.05036458333333334	0.5503645833333334	0.0	0.0	0.0	0.9458333333333333	0.23894675925925926	0.22569444444444445	0.010069444444444445	0.18333333333333332	0.5051073679557138	0.9996527777777777	0.6888020833333334	0.13333333333333333	0.06909722222222223	S100A8;S100A9;VCAN;CD1C	NKG7;GNLY		0.0	0.0	0.0006944444444444445	0.0006944444444444445	0.0	0.0018055555555555555
vaccination_study_09	Myeloid_lineage	0	Conventional DC 2	5	2880	0.47718991140325806	0.47718991140325806	0.017361111111111112	0.49	0.43190104166666665	0.6	0.0	0.0	0.0	0.9940972222222222	0.4297453703703704	0.017361111111111112	0.00034722222222222224	0.010416666666666666	0.18284755810380685	1.0	0.5	0.9871527777777778	0.9050347222222221	CLEC4C;LILRA4;S100A8;S100A9	FCN1;LST1		0.0	0.0	0.00034722222222222224	0.00034722222222222224	0.0	0.0009027777777777777
vaccination_study_09	Myeloid_lineage	0	Plasmacytoid DC	6	2880	0.4380251500428694	0.4380251500428694	0.01875	0.46573888888888887	0.04239583333333333	0.5081347222222222	0.0	0.0	0.0	0.09756944444444444	0.014384920634920636	0.01875	0.0	0.013541666666666667	0.27744222081746556	1.0	0.3897222222222222	0.12083333333333333	0.04097222222222222	CD3D;MS4A1;CD1C;FCN1;S100A8	MZB1;XBP1;PRDM1		0.0	0.0	0.0	0.0	0.0	0.0
vaccination_study_09	Myeloid_lineage	0	Conventional DC 1	7	2880	0.49054372677907976	0.49054372677907976	0.009027777777777777	0.4352690972222222	0.35	0.6	0.0	0.0	0.0	0.096875	0.016435185185185188	0.009027777777777777	0.0	0.00798611111111111	0.21892840146162815	0.9996527777777777	0.2518229166666667	0.7777777777777778	0.7777777777777778	CD1C;FCER1A;CLEC4C;S100A8	HLA-DRA		0.0	0.0	0.0	0.0	0.0	0.0
vaccination_study_09	Myeloid_lineage	0	Eosinophil	8	2880	0.48252000571591885	0.48252000571591885	0.08645833333333333	0.45664351851851853	0.0	0.45664351851851853	0.0	0.0	0.0	0.08645833333333333	0.017291666666666667	0.08645833333333333	0.0	0.08333333333333333	0.624342245869485	1.0	0.3483796296296296	0.0	0.0	S100A8;CD3D;MS4A1			0.0	0.0	0.0	0.0	0.0	0.0
vaccination_study_09	Myeloid_lineage	0	Basophil	9	2880	0.49301586167476424	0.49301586167476424	0.0	0.417875	0.0009114583333333333	0.41878645833333333	0.0	0.0	0.0	0.004166666666666667	0.0008333333333333333	0.0	0.0	0.0	0.9936497856802667	0.9149305555555556	0.3190972222222222	0.0024305555555555556	0.0012152777777777778	CD3D;MS4A1;LST1	CLEC4C;FCER1A		0.0	0.0	0.0	0.0	0.0	0.0
vaccination_study_09	Myeloid_lineage	0	Mast Cell	10	2880	0.49957130608745354	0.49957130608745354	0.0	0.417875	0.0	0.417875	0.0	0.0	0.0	0.00034722222222222224	8.680555555555556e-05	0.0	0.0	0.0	0.9873797128884682	0.9149305555555556	0.3190972222222222	0.0	0.0	CD3D;MS4A1;LST1			0.0	0.0	0.0	0.0	0.0	0.0
vaccination_study_09	Myeloid_lineage	1	Non-Classical Monocyte	1	2676	0.9892219205487283	0.9988789237668162	1.0	0.4283034379671151	0.10350336322869955	0.5318068011958147	0.4681931988041853	0.4681931988041853	0.0	1.0	0.8072371699053313	0.9988789237668162	0.9147982062780269	0.9876681614349776	2.1620882026770283	0.9088191330343797	0.37705530642750373	0.2713004484304933	0.14742152466367714	S100A8;S100A9;VCAN;CD1C	NKG7;GNLY		0.0	0.0	1.0	1.0	0.0	3.0681931988041855
vaccination_study_09	Myeloid_lineage	1	Classical Monocyte	2	2676	0.775957416404687	0.8920029895366218	0.9985052316890882	0.48373878923766817	0.4370515695067265	0.6	0.39850523168908825	0.39850523168908825	0.0	1.0	0.7286528400597907	0.8920029895366218	0.4992526158445441	0.7929745889387145	0.9226720824721417	0.9985052316890882	0.47412182361733934	0.9712257100149477	0.9712257100149477	FCGR3A;MS4A7;CD1C;CLEC4C	HLA-DRA		0.0	0.0	0.0033632286995515697	1.0	0.0	1.4038863976083709
vaccination_study_09	Myeloid_lineage	1	Intermediate Monocyte	3	2676	0.9609316947699342	0.9988789237668162	1.0	0.0854907822620827	0.37819506726457397	0.4636858495266567	0.5363141504733433	0.5363141504733433	0.0	1.0	0.870079720976582	0.9988789237668162	0.9615097159940209	0.9712257100149477	1.0044192956749791	0.18834080717488788	0.06327852516193323	0.9891629297458894	0.5429745889387145	CD1C;CLEC4C;NKG7	VCAN;FCGR3A		0.0	0.0	0.011584454409566517	0.011584454409566517	0.0	0.5664337319382162
vaccination_study_09	Myeloid_lineage	1	Neutrophil	4	2676	0.7408866819091169	0.906203288490284	1.0	0.04442949676133533	0.434445067264574	0.47887456402590933	0.5211254359740907	0.5211254359740907	0.0	0.953662182361734	0.3396860986547085	0.906203288490284	0.5093423019431988	0.8501494768310912	0.9317765664283035	0.09715994020926756	0.03413054309915297	1.0	0.8963004484304933	CD3D;MS4A1;CD79A	FCN1;LST1		0.0	0.0	0.0	0.0	0.0	0.5211254359740907
vaccination_study_09	Myeloid_lineage	1	Conventional DC 1	5	2676	0.49054372677907976	0.49054372677907976	0.5448430493273543	0.24410127055306424	0.4370515695067265	0.6	0.0	0.0	0.0	0.4398355754857997	0.08464125560538117	0.2948430493273543	0.0003736920777279522	0.2944693572496263	3.5074406620340643	0.5605381165919282	0.1413490284005979	0.9712257100149477	0.9712257100149477	CD1C;FCER1A;CLEC4C;S100A8	HLA-DRA		0.0	0.0	0.0	0.0	0.0	0.0
vaccination_study_09	Myeloid_lineage	1	Plasmacytoid DC	6	2676	0.4380251500428694	0.4380251500428694	0.3454327313813608	0.4011479820627803	0.05956651718983558	0.46071449925261587	0.0	0.0	0.0	0.3867713004484305	0.06555626734998933	0.16741405082212257	0.006352765321375187	0.13153961136023917	1.712074722236953	0.890881913303438	0.28460388639760836	0.1696562032884903	0.05779770802192327	CD3D;MS4A1;CD1C;FCN1;S100A8	MZB1;XBP1;PRDM1		0.0	0.0	0.0	0.0	0.0	0.0
vaccination_study_09	Myeloid_lineage	1	Conventional DC 2	7	2676	0.47718991140325806	0.49526656701544597	0.01233183856502242	0.42129484304932735	0.434445067264574	0.6	0.0	0.0	0.0	1.0	0.49526656701544597	0.01233183856502242	0.0	0.00523168908819133	0.1492381699339896	0.9047085201793722	0.3522982062780269	1.0	0.8963004484304933	CLEC4C;LILRA4;S100A8;S100A9	FCN1;LST1		0.0	0.0	0.0	0.0	0.0	0.0
vaccination_study_09	Myeloid_lineage	1	Eosinophil	8	2676	0.48252000571591885	0.48252000571591885	0.004110612855007474	0.2677927254608869	0.0	0.2677927254608869	0.0	0.0	0.0	0.004110612855007474	0.0008221225710014948	0.004110612855007474	0.0	0.004110612855007474	0.09133323597916397	0.5837070254110612	0.20901843547583457	0.0	0.0	S100A8;CD3D;MS4A1			0.0	0.0	0.0	0.0	0.0	0.0
vaccination_study_09	Myeloid_lineage	1	Basophil	9	2676	0.49301586167476424	0.49301586167476424	0.0	0.458315894369706	0.001989910313901345	0.4603058046836073	0.0	0.0	0.0	0.13191330343796712	0.026382660687593422	0.0	0.0	0.0	0.9936497856802667	0.999626307922272	0.35662680617837567	0.00523168908819133	0.002802690582959641	CD3D;MS4A1;LST1	CLEC4C;FCER1A		0.0	0.0	0.0	0.0	0.0	0.0
vaccination_study_09	Myeloid_lineage	1	Mast Cell	10	2676	0.49957130608745354	0.49957130608745354	0.0	0.458315894369706	0.0	0.458315894369706	0.0	0.0	0.0	0.0003736920777279522	9.342301943198804e-05	0.0	0.0	0.0	0.9873797128884682	0.999626307922272	0.35662680617837567	0.0	0.0	CD3D;MS4A1;LST1			0.0	0.0	0.0	0.0	0.0	0.0
vaccination_study_09	Myeloid_lineage	10	Classical Monocyte	1	1410	0.9541368962560732	1.0	1.0	0.19230851063829787	0.44617021276595736	0.6	0.4	0.4	0.0	1.0	0.9559397163120567	1.0	0.9964539007092199	0.9971631205673759	1.0331438078443613	0.43617021276595747	0.12074468085106384	0.9914893617021276	0.9914893617021276	FCGR3A;MS4A7;CD1C;CLEC4C	HLA-DRA		0.0	0.0	0.999290780141844	0.9985815602836879	0.0	2.9974468085106385
vaccination_study_09	Myeloid_lineage	10	Intermediate Monocyte	2	1410	0.9239246927693627	1.0	1.0	0.09852009456264776	0.34393617021276596	0.4424562647754137	0.5575437352245862	0.5575437352245862	0.0	1.0	0.8888888888888888	1.0	0.9900709219858156	0.9950354609929078	1.0055354163253425	0.21560283687943263	0.07541371158392435	0.9014184397163121	0.4900709219858156	CD1C;CLEC4C;NKG7	VCAN;FCGR3A		0.0	0.0	0.0	0.0	0.0	0.5575437352245862
vaccination_study_09	Myeloid_lineage	10	Neutrophil	3	1410	0.9398863961131751	1.0	1.0	0.08474704491725768	0.44898936170212767	0.5337364066193854	0.4662635933806146	0.4662635933806146	0.0	1.0	0.5059101654846335	1.0	0.9971631205673759	1.0	1.0271675990634328	0.1851063829787234	0.06548463356973995	0.999290780141844	0.9946808510638299	CD3D;MS4A1;CD79A	FCN1;LST1		0.0	0.0	0.0	0.0	0.0	0.4662635933806146
vaccination_study_09	Myeloid_lineage	10	Non-Classical Monocyte	4	1410	0.8973760360102887	0.8973760360102887	0.5047238512164027	0.5	0.13526595744680853	0.6	0.0	0.0	0.0	0.9985815602836879	0.34763593380614655	0.4879432624113475	0.08226950354609928	0.3567375886524823	1.0671223552202207	1.0	0.7303191489361702	0.35319148936170214	0.19539007092198582	S100A8;S100A9;VCAN;CD1C	NKG7;GNLY		0.0	0.0	0.014893617021276596	0.014893617021276596	0.0	0.03872340425531915
vaccination_study_09	Myeloid_lineage	10	Conventional DC 2	5	1410	0.47718991140325806	0.5268321513002364	0.17772771436807994	0.49	0.44898936170212767	0.6	0.0	0.0	0.0	1.0	0.5268321513002364	0.15390070921985816	0.01702127659574468	0.09078014184397164	1.0953080205928871	1.0	0.5	0.999290780141844	0.9946808510638299	CLEC4C;LILRA4;S100A8;S100A9	FCN1;LST1		0.0	0.0	0.0028368794326241137	0.0	0.0	0.004539007092198582
vaccination_study_09	Myeloid_lineage	10	Eosinophil	6	1410	0.48252000571591885	0.48252000571591885	0.4662160176944483	0.4641843971631206	0.0	0.4641843971631206	0.002031620531327716	0.002031620531327716	0.0	0.2673758865248227	0.05390070921985816	0.2673758865248227	0.002127659574468085	0.2645390070921986	1.7953605246785025	0.9985815602836879	0.3851063829787234	0.0	0.0	S100A8;CD3D;MS4A1			0.0	0.0	0.0	0.0	0.0	0.002031620531327716
vaccination_study_09	Myeloid_lineage	10	Conventional DC 1	7	1410	0.49054372677907976	0.49054372677907976	0.036170212765957444	0.43848226950354613	0.44617021276595736	0.6	0.0	0.0	0.0	0.3219858156028369	0.058510638297872335	0.036170212765957444	0.0	0.036170212765957444	0.5312218270595557	0.997872340425532	0.2695035460992908	0.9914893617021276	0.9914893617021276	CD1C;FCER1A;CLEC4C;S100A8	HLA-DRA		0.0	0.0	0.0	0.0	0.0	0.0
vaccination_study_09	Myeloid_lineage	10	Plasmacytoid DC	8	1410	0.4380251500428694	0.4380251500428694	0.08156028368794327	0.4761446808510639	0.10687943262411348	0.5830241134751774	0.0	0.0	0.0	0.2815602836879433	0.04457953394123607	0.08156028368794327	0.0014184397163120568	0.06170212765957447	0.8835717720020921	1.0	0.43702127659574475	0.30354609929078014	0.10543735224586288	CD3D;MS4A1;CD1C;FCN1;S100A8	MZB1;XBP1;PRDM1		0.0	0.0	0.0	0.0	0.0	0.0
vaccination_study_09	Myeloid_lineage	10	Basophil	9	1410	0.49301586167476424	0.49301586167476424	0.0	0.46235933806146573	0.017287234042553192	0.4796465721040189	0.0	0.0	0.0	0.018439716312056736	0.0036879432624113474	0.0	0.0	0.0	0.9936497856802667	0.9943262411347518	0.38416075650118203	0.04609929078014184	0.023049645390070924	CD3D;MS4A1;LST1	CLEC4C;FCER1A		0.0	0.0	0.0	0.0	0.0	0.0
vaccination_study_09	Myeloid_lineage	10	Mast Cell	10	1410	0.49957130608745354	0.49957130608745354	0.0	0.46235933806146573	0.0	0.46235933806146573	0.0	0.0	0.0	0.0	0.0	0.0	0.0	0.0	0.9873797128884682	0.9943262411347518	0.38416075650118203	0.0	0.0	CD3D;MS4A1;LST1			0.0	0.0	0.0	0.0	0.0	0.0
vaccination_study_09	Myeloid_lineage	11	Classical Monocyte	1	1356	0.9034509859959989	0.9992625368731564	1.0	0.18156710914454277	0.44601769911504424	0.6	0.4	0.4	0.0	1.0	0.8895648967551621	0.9992625368731564	0.9904129793510325	0.9948377581120944	1.0323894459997949	0.41002949852507375	0.11707227138643068	0.9911504424778761	0.9911504424778761	FCGR3A;MS4A7;CD1C;CLEC4C	HLA-DRA		0.0	0.0	0.9941002949852508	1.0	0.0	2.990560471976401
vaccination_study_09	Myeloid_lineage	11	Intermediate Monocyte	2	1356	0.9038939697056302	1.0	1.0	0.053038348082595874	0.2928650442477876	0.3459033923303835	0.6540966076696165	0.6540966076696165	0.0	1.0	0.8788102261553589	1.0	0.9845132743362832	0.9911504424778761	1.0055354163253425	0.11651917404129794	0.03982300884955752	0.7676991150442478	0.4170353982300885	CD1C;CLEC4C;NKG7	VCAN;FCGR3A		0.0	0.0	0.0014749262536873156	0.0014749262536873156	0.0	0.6579314159292036
vaccination_study_09	Myeloid_lineage	11	Neutrophil	3	1356	0.9126178908259502	1.0	1.0	0.031922320550639136	0.44662610619469023	0.4785484267453294	0.5214515732546706	0.5214515732546706	0.0	1.0	0.5266715830875124	1.0	0.9941002949852508	0.9992625368731564	1.0271675990634328	0.0700589970501475	0.024090462143559487	0.9992625368731564	0.9789823008849557	CD3D;MS4A1;CD79A	FCN1;LST1		0.0	0.0	0.0	0.0	0.0	0.5214515732546706
vaccination_study_09	Myeloid_lineage	11	Non-Classical Monocyte	4	1356	0.8659831380394398	0.8659831380394398	0.43215339233038347	0.5	0.07444690265486725	0.5744469026548673	0.0	0.0	0.0	0.9948377581120944	0.38815142576204525	0.43215339233038347	0.07079646017699115	0.3392330383480826	0.9475613087067579	1.0	0.6865781710914455	0.19616519174041297	0.10398230088495575	S100A8;S100A9;VCAN;CD1C	NKG7;GNLY		0.0	0.0	0.09365781710914454	0.09218289085545722	0.0	0.2420353982300885
vaccination_study_09	Myeloid_lineage	11	Conventional DC 2	5	1356	0.47718991140325806	0.508480825958702	0.07300884955752213	0.4898783185840708	0.44662610619469023	0.6	0.0	0.0	0.0	1.0	0.508480825958702	0.07300884955752213	0.0022123893805309734	0.045722713864306784	0.5547276709985489	1.0	0.49944690265486724	0.9992625368731564	0.9789823008849557	CLEC4C;LILRA4;S100A8;S100A9	FCN1;LST1		0.0	0.0	0.0014749262536873156	0.0014749262536873156	0.0	0.0038348082595870206
vaccination_study_09	Myeloid_lineage	11	Plasmacytoid DC	6	1356	0.4380251500428694	0.4380251500428694	0.046460176991150445	0.47051032448377583	0.09922566371681416	0.56973598820059	0.0	0.0	0.0	0.3230088495575221	0.04962073324905183	0.046460176991150445	0.0014749262536873156	0.03171091445427729	0.5448499788581549	0.9992625368731564	0.4126843657817109	0.2809734513274336	0.0995575221238938	CD3D;MS4A1;CD1C;FCN1;S100A8	MZB1;XBP1;PRDM1		0.0	0.0	0.0	0.0	0.0	0.0
vaccination_study_09	Myeloid_lineage	11	Conventional DC 1	7	1356	0.49054372677907976	0.49054372677907976	0.05530973451327434	0.43445796460176994	0.44601769911504424	0.6	0.0	0.0	0.0	0.3089970501474926	0.057276302851524095	0.05530973451327434	0.0	0.05457227138643068	0.7514359240401185	0.9948377581120944	0.256452802359882	0.9911504424778761	0.9911504424778761	CD1C;FCER1A;CLEC4C;S100A8	HLA-DRA		0.0	0.0	0.0	0.0	0.0	0.0
vaccination_study_09	Myeloid_lineage	11	Eosinophil	8	1356	0.48252000571591885	0.48252000571591885	0.10693215339233038	0.45587020648967547	0.0	0.45587020648967547	0.0	0.0	0.0	0.10766961651917405	0.021976401179941003	0.10693215339233038	0.0022123893805309734	0.10545722713864307	0.7568623750841226	0.995575221238938	0.3525073746312684	0.0	0.0	S100A8;CD3D;MS4A1			0.0	0.0	0.0	0.0	0.0	0.0
vaccination_study_09	Myeloid_lineage	11	Basophil	9	1356	0.49301586167476424	0.49301586167476424	0.0	0.44712389380530976	0.0030420353982300885	0.45016592920353987	0.0	0.0	0.0	0.012536873156342183	0.0025073746312684365	0.0	0.0	0.0	0.9936497856802667	0.976401179941003	0.34587020648967554	0.008112094395280236	0.004056047197640118	CD3D;MS4A1;LST1	CLEC4C;FCER1A		0.0	0.0	0.0	0.0	0.0	0.0
vaccination_study_09	Myeloid_lineage	11	Mast Cell	10	1356	0.49957130608745354	0.49957130608745354	0.0	0.44712389380530976	0.0	0.44712389380530976	0.0	0.0	0.0	0.0	0.0	0.0	0.0	0.0	0.9873797128884682	0.976401179941003	0.34587020648967554	0.0	0.0	CD3D;MS4A1;LST1			0.0	0.0	0.0	0.0	0.0	0.0
vaccination_study_09	Myeloid_lineage	12	Conventional DC 2	1	1292	0.9953022292083453	0.9953022292083453	1.0	0.43105650154798764	0.42945046439628476	0.6	0.4	0.4	0.0	1.0	0.9111197110423116	0.9938080495356038	0.9109907120743034	0.9465944272445821	6.708201648579787	0.903250773993808	0.399187306501548	0.9984520123839009	0.8660990712074303	CLEC4C;LILRA4;S100A8;S100A9	FCN1;LST1		0.0	0.0	0.9976780185758514	0.9605263157894737	0.0	2.956811145510836
vaccination_study_09	Myeloid_lineage	12	Classical Monocyte	2	1292	0.8048085167190626	0.868421052631579	1.0	0.357828947368421	0.44999999999999996	0.6	0.4	0.4	0.0	1.0	0.8020510835913313	0.868421052631579	0.6486068111455109	0.7407120743034056	0.8985497734717245	0.7941176470588235	0.2548374613003096	1.0	1.0	FCGR3A;MS4A7;CD1C;CLEC4C	HLA-DRA		0.0	0.0	0.07120743034055728	0.07198142414860681	0.0	0.5859133126934986
vaccination_study_09	Myeloid_lineage	12	Neutrophil	3	1292	0.7901471849099743	0.9009287925696594	1.0	0.05051599587203302	0.42945046439628476	0.4799664602683178	0.5200335397316822	0.5200335397316822	0.0	0.9643962848297214	0.3925438596491228	0.9009287925696594	0.6602167182662538	0.8506191950464397	0.9264124166153751	0.11068111455108359	0.038441692466460266	0.9984520123839009	0.8660990712074303	CD3D;MS4A1;CD79A	FCN1;LST1		0.0	0.0	0.0	0.0	0.0	0.5200335397316822
vaccination_study_09	Myeloid_lineage	12	Intermediate Monocyte	4	1292	0.9451307516433267	1.0	1.0	0.36619711042311665	0.18035990712074304	0.5465570175438597	0.45344298245614034	0.45344298245614034	0.0	1.0	0.7865067079463364	1.0	0.8134674922600619	1.0	1.0055354163253425	0.7863777089783281	0.3062435500515996	0.47832817337461303	0.24574303405572756	CD1C;CLEC4C;NKG7	VCAN;FCGR3A		0.0	0.0	0.0	0.0	0.0	0.45344298245614034
vaccination_study_09	Myeloid_lineage	12	Eosinophil	5	1292	0.48252000571591885	0.48252000571591885	0.34979752848975	0.33786377708978327	0.0	0.33786377708978327	0.011933751399966719	0.011933751399966719	0.0	0.22291021671826625	0.04551083591331269	0.22291021671826625	0.0046439628482972135	0.22058823529411764	1.507549247085935	0.7345201238390093	0.26702786377708976	0.0	0.0	S100A8;CD3D;MS4A1			0.0	0.0	0.0	0.0	0.0	0.011933751399966719
vaccination_study_09	Myeloid_lineage	12	Non-Classical Monocyte	6	1292	0.874399828522435	0.874399828522435	0.3606811145510836	0.5	0.1125	0.6	0.0	0.0	0.0	0.9984520123839009	0.3778379772961817	0.3606811145510836	0.030959752321981424	0.27631578947368424	0.7943919194324545	0.9852941176470589	0.6834365325077401	0.2948916408668731	0.16021671826625386	S100A8;S100A9;VCAN;CD1C	NKG7;GNLY		0.0	0.0	0.0023219814241486067	0.0023219814241486067	0.0	0.006037151702786378
vaccination_study_09	Myeloid_lineage	12	Conventional DC 1	7	1292	0.49054372677907976	0.49054372677907976	0.510061919504644	0.5	0.44999999999999996	0.6	0.0	0.0	0.0	0.6060371517027864	0.12925696594427244	0.26006191950464397	0.0030959752321981426	0.2515479876160991	3.1072585050820174	0.9938080495356038	0.5930727554179567	1.0	1.0	CD1C;FCER1A;CLEC4C;S100A8	HLA-DRA		0.0	0.0	0.0007739938080495357	0.0007739938080495357	0.0	0.002012383900928793
vaccination_study_09	Myeloid_lineage	12	Plasmacytoid DC	8	1292	0.4380251500428694	0.4380251500428694	0.3842623940085894	0.4669752321981424	0.1385061919504644	0.6	0.0	0.0	0.0	0.45588235294117646	0.0819327731092437	0.17879256965944273	0.01780185758513932	0.11996904024767802	1.8218792973965867	0.968266253869969	0.45015479876160996	0.39241486068111453	0.1385448916408669	CD3D;MS4A1;CD1C;FCN1;S100A8	MZB1;XBP1;PRDM1		0.0	0.0	0.0007739938080495357	0.0007739938080495357	0.0	0.002012383900928793
vaccination_study_09	Myeloid_lineage	12	Basophil	9	1292	0.49301586167476424	0.49301586167476424	0.0	0.456702786377709	0.35566950464396285	0.6	0.0	0.0	0.0	0.047987616099071206	0.009907120743034055	0.0	0.0	0.0	0.9936497856802667	0.9930340557275542	0.3606811145510836	0.9473684210526315	0.47639318885448917	CD3D;MS4A1;LST1	CLEC4C;FCER1A		0.0	0.0	0.0	0.0	0.0	0.0
vaccination_study_09	Myeloid_lineage	12	Mast Cell	10	1292	0.49957130608745354	0.49957130608745354	0.0	0.456702786377709	0.0	0.456702786377709	0.0	0.0	0.0	0.00696594427244582	0.001741486068111455	0.0	0.0	0.0	0.9873797128884682	0.9930340557275542	0.3606811145510836	0.0	0.0	CD3D;MS4A1;LST1			0.0	0.0	0.0	0.0	0.0	0.0
vaccination_study_09	Myeloid_lineage	13	Classical Monocyte	1	1254	0.9317519291226064	1.0	1.0	0.20194976076555024	0.4377990430622009	0.6	0.4	0.4	0.0	1.0	0.934310207336523	1.0	0.9976076555023924	0.9984051036682615	1.0331438078443613	0.4609250398724083	0.12181020733652313	0.9728867623604466	0.9728867623604466	FCGR3A;MS4A7;CD1C;CLEC4C	HLA-DRA		0.0	0.0	1.0	0.9992025518341308	0.0	2.9992025518341308
vaccination_study_09	Myeloid_lineage	13	Intermediate Monocyte	2	1254	0.8871534724206916	0.9992025518341308	1.0	0.06705475810738969	0.347188995215311	0.4142437533227007	0.5857562466772993	0.5857562466772993	0.0	1.0	0.893939393939394	0.9992025518341308	0.9736842105263158	0.9872408293460925	1.0047414931832979	0.14752791068580542	0.04997341839447103	0.9186602870813397	0.47727272727272724	CD1C;CLEC4C;NKG7	VCAN;FCGR3A		0.0	0.0	0.0	0.0	0.0	0.5857562466772993
vaccination_study_09	Myeloid_lineage	13	Neutrophil	3	1254	0.919959274078308	0.9992025518341308	1.0	0.03229133439659756	0.4476674641148325	0.47995879851143003	0.52004120148857	0.52004120148857	0.0	0.9992025518341308	0.5090377458798511	0.9992025518341308	0.9976076555023924	0.9984051036682615	1.0263565961744094	0.07097288676236045	0.0241892610313663	1.0	0.9844497607655502	CD3D;MS4A1;CD79A	FCN1;LST1		0.0	0.0	0.0	0.0	0.0	0.52004120148857
vaccination_study_09	Myeloid_lineage	13	Non-Classical Monocyte	4	1254	0.8721170334381252	0.8721170334381252	0.4840499909259448	0.5	0.08528708133971291	0.5852870813397129	0.0	0.0	0.0	0.9960127591706539	0.3611111111111111	0.474481658692185	0.044657097288676235	0.4258373205741627	1.0382733289350392	1.0	0.7324561403508772	0.2240829346092504	0.120414673046252	S100A8;S100A9;VCAN;CD1C	NKG7;GNLY		0.0	0.0	0.0	0.0	0.0	0.0
vaccination_study_09	Myeloid_lineage	13	Conventional DC 1	5	1254	0.49054372677907976	0.49054372677907976	0.019138755980861243	0.4362799043062201	0.4377990430622009	0.6	0.0	0.0	0.0	0.22886762360446572	0.04133439659755449	0.019138755980861243	0.0	0.019138755980861243	0.33526254836340835	0.9984051036682615	0.25857256778309406	0.9728867623604466	0.9728867623604466	CD1C;FCER1A;CLEC4C;S100A8	HLA-DRA		0.0	0.0	0.0	0.0	0.0	0.0
vaccination_study_09	Myeloid_lineage	13	Plasmacytoid DC	6	1254	0.4380251500428694	0.4380251500428694	0.05582137161084529	0.47119298245614033	0.07575757575757576	0.5469505582137161	0.0	0.0	0.0	0.27352472089314195	0.041695146958304855	0.05582137161084529	0.0	0.04226475279106858	0.6351870440683339	1.0	0.4145135566188197	0.215311004784689	0.07442849548112707	CD3D;MS4A1;CD1C;FCN1;S100A8	MZB1;XBP1;PRDM1		0.0	0.0	0.0	0.0	0.0	0.0
vaccination_study_09	Myeloid_lineage	13	Conventional DC 2	7	1254	0.47718991140325806	0.5077086656034024	0.07814992025518341	0.48956539074960126	0.4476674641148325	0.6	0.0	0.0	0.0	1.0	0.5077086656034024	0.07814992025518341	0.0023923444976076554	0.044657097288676235	0.5890841786450772	0.9992025518341308	0.49940191387559807	1.0	0.9844497607655502	CLEC4C;LILRA4;S100A8;S100A9	FCN1;LST1		0.0	0.0	0.0	0.0	0.0	0.0
vaccination_study_09	Myeloid_lineage	13	Eosinophil	8	1254	0.48252000571591885	0.48252000571591885	0.34242864121690497	0.45752259436469966	0.0	0.45752259436469966	0.0	0.0	0.0	0.22169059011164274	0.044657097288676235	0.22009569377990432	0.001594896331738437	0.21690590111642744	1.4893317897480025	0.9984051036682615	0.355130249867092	0.0	0.0	S100A8;CD3D;MS4A1			0.0	0.0	0.0	0.0	0.0	0.0
vaccination_study_09	Myeloid_lineage	13	Basophil	9	1254	0.49301586167476424	0.49301586167476424	0.0	0.4499308878256247	0.005980861244019139	0.4559117490696438	0.0	0.0	0.0	0.012759170653907496	0.002551834130781499	0.0	0.0	0.0	0.9936497856802667	0.981658692185008	0.34954811270600744	0.01594896331738437	0.007974481658692184	CD3D;MS4A1;LST1	CLEC4C;FCER1A		0.0	0.0	0.0	0.0	0.0	0.0
vaccination_study_09	Myeloid_lineage	13	Mast Cell	10	1254	0.49957130608745354	0.49957130608745354	0.0	0.4499308878256247	0.0	0.4499308878256247	0.0	0.0	0.0	0.0	0.0	0.0	0.0	0.0	0.9873797128884682	0.981658692185008	0.34954811270600744	0.0	0.0	CD3D;MS4A1;LST1			0.0	0.0	0.0	0.0	0.0	0.0
vaccination_study_09	Myeloid_lineage	14	Non-Classical Monocyte	1	1000	0.9736567590740212	0.9736567590740212	1.0	0.48604499999999995	0.1293	0.6	0.4	0.4	0.0	0.999	0.7025	0.931	0.62	0.802	2.0166195871382153	0.977	0.5217499999999999	0.339	0.184	S100A8;S100A9;VCAN;CD1C	NKG7;GNLY		0.0	0.0	0.935	0.914	0.0	2.81
vaccination_study_09	Myeloid_lineage	14	Classical Monocyte	2	1000	0.8014861388968277	0.989	1.0	0.434495	0.44504999999999995	0.6	0.4	0.4	0.0	1.0	0.8274999999999999	0.989	0.861	0.968	1.021891746570809	0.925	0.37725	0.989	0.989	FCGR3A;MS4A7;CD1C;CLEC4C	HLA-DRA		0.0	0.0	0.309	1.0	0.0	1.8944
vaccination_study_09	Myeloid_lineage	14	Intermediate Monocyte	3	1000	0.9576557587882253	1.0	1.0	0.12857333333333332	0.336975	0.46554833333333334	0.5344516666666667	0.5344516666666667	0.0	1.0	0.9123333333333333	1.0	0.98	0.989	1.0055354163253425	0.282	0.09733333333333334	0.86	0.5265	CD1C;CLEC4C;NKG7	VCAN;FCGR3A		0.0	0.0	0.013	0.013	0.0	0.5682516666666666
vaccination_study_09	Myeloid_lineage	14	Neutrophil	4	1000	0.7980887396398971	0.973	1.0	0.03641333333333333	0.44714999999999994	0.4835633333333333	0.5164366666666667	0.5164366666666667	0.0	0.986	0.42050000000000004	0.973	0.833	0.95	0.9997086632468855	0.08	0.027333333333333334	0.999	0.983	CD3D;MS4A1;CD79A	FCN1;LST1		0.0	0.0	0.0	0.0	0.0	0.5164366666666667
vaccination_study_09	Myeloid_lineage	14	Conventional DC 1	5	1000	0.49054372677907976	0.49054372677907976	0.45499999999999996	0.37596999999999997	0.44504999999999995	0.6	0.0	0.0	0.0	0.415	0.079	0.205	0.0	0.204	2.473731134763507	0.86	0.2235	0.989	0.989	CD1C;FCER1A;CLEC4C;S100A8	HLA-DRA		0.0	0.0	0.0	0.0	0.0	0.0
vaccination_study_09	Myeloid_lineage	14	Plasmacytoid DC	6	1000	0.4380251500428694	0.4380251500428694	0.082	0.45962800000000004	0.065	0.5246280000000001	0.0	0.0	0.0	0.331	0.05171428571428571	0.082	0.002	0.04	0.8878151066158899	0.987	0.3844	0.185	0.06333333333333334	CD3D;MS4A1;CD1C;FCN1;S100A8	MZB1;XBP1;PRDM1		0.0	0.0	0.0	0.0	0.0	0.0
vaccination_study_09	Myeloid_lineage	14	Conventional DC 2	7	1000	0.47718991140325806	0.5146666666666667	0.107	0.46918	0.44714999999999994	0.6	0.0	0.0	0.0	1.0	0.5146666666666667	0.107	0.006	0.074	0.7818821469372936	0.973	0.45199999999999996	0.999	0.983	CLEC4C;LILRA4;S100A8;S100A9	FCN1;LST1		0.0	0.0	0.0	0.0	0.0	0.0
vaccination_study_09	Myeloid_lineage	14	Eosinophil	8	1000	0.48252000571591885	0.48252000571591885	0.037	0.3944133333333333	0.0	0.3944133333333333	0.0	0.0	0.0	0.037	0.0073999999999999995	0.037	0.0	0.037	0.30421514183187	0.86	0.30733333333333335	0.0	0.0	S100A8;CD3D;MS4A1			0.0	0.0	0.0	0.0	0.0	0.0
vaccination_study_09	Myeloid_lineage	14	Basophil	9	1000	0.49301586167476424	0.49301586167476424	0.0	0.45741333333333334	0.0029999999999999996	0.46041333333333334	0.0	0.0	0.0	0.04	0.008	0.0	0.0	0.0	0.9936497856802667	0.998	0.35533333333333333	0.008	0.004	CD3D;MS4A1;LST1	CLEC4C;FCER1A		0.0	0.0	0.0	0.0	0.0	0.0
vaccination_study_09	Myeloid_lineage	14	Mast Cell	10	1000	0.49957130608745354	0.49957130608745354	0.0	0.45741333333333334	0.0	0.45741333333333334	0.0	0.0	0.0	0.0	0.0	0.0	0.0	0.0	0.9873797128884682	0.998	0.35533333333333333	0.0	0.0	CD3D;MS4A1;LST1			0.0	0.0	0.0	0.0	0.0	0.0
vaccination_study_09	Myeloid_lineage	15	Classical Monocyte	1	837	0.9231709059731352	0.998805256869773	1.0	0.23609318996415768	0.44999999999999996	0.6	0.4	0.4	0.0	1.0	0.950268817204301	0.998805256869773	0.994026284348865	0.98805256869773	1.0319216875800459	0.5268817204301075	0.16308243727598568	1.0	1.0	FCGR3A;MS4A7;CD1C;CLEC4C	HLA-DRA		0.0	0.0	0.9629629629629629	0.9605734767025089	0.0	2.90131421744325
vaccination_study_09	Myeloid_lineage	15	Conventional DC 2	2	837	0.9654401257502143	0.9654401257502143	0.8593189964157706	0.4880465949820788	0.44856630824372756	0.6	0.2593189964157706	0.2593189964157706	0.0	1.0	0.6539227399442453	0.6093189964157706	0.26881720430107525	0.43130227001194743	4.138756124415495	0.996415770609319	0.49731182795698925	1.0	0.990442054958184	CLEC4C;LILRA4;S100A8;S100A9	FCN1;LST1		0.0	0.0	0.3632019115890084	0.06332138590203107	0.0	0.9037634408602151
vaccination_study_09	Myeloid_lineage	15	Neutrophil	3	837	0.8862817947985139	0.996415770609319	1.0	0.03600955794504181	0.44856630824372756	0.48457586618876936	0.5154241338112306	0.5154241338112306	0.0	0.998805256869773	0.4974113898845081	0.996415770609319	0.986857825567503	0.996415770609319	1.0235224462934143	0.07885304659498207	0.027479091995221028	1.0	0.990442054958184	CD3D;MS4A1;CD79A	FCN1;LST1		0.0	0.0	0.0	0.0	0.0	0.5154241338112306
vaccination_study_09	Myeloid_lineage	15	Intermediate Monocyte	4	837	0.9517076307516433	1.0	1.0	0.16827558741537235	0.33718637992831535	0.5054619673436878	0.49453803265631224	0.49453803265631224	0.0	1.0	0.8952608522500997	1.0	0.9904420549581839	1.0	1.0055354163253425	0.3655913978494624	0.13341298287534845	0.8876941457586619	0.472520908004779	CD1C;CLEC4C;NKG7	VCAN;FCGR3A		0.0	0.0	0.0011947431302270011	0.0011947431302270011	0.0	0.4976443647949024
vaccination_study_09	Myeloid_lineage	15	Eosinophil	5	837	0.48252000571591885	0.48252000571591885	0.6323178016726404	0.45299880525686975	0.0	0.45299880525686975	0.17931899641577065	0.17931899641577065	0.0	0.3823178016726404	0.07789725209080048	0.3823178016726404	0.007168458781362007	0.37873357228195936	2.539340759127867	0.98805256869773	0.35244922341696533	0.0	0.0	S100A8;CD3D;MS4A1			0.0	0.0	0.0	0.0	0.0	0.17931899641577065
vaccination_study_09	Myeloid_lineage	15	Non-Classical Monocyte	6	837	0.8936053158045155	0.8936053158045155	0.48195616094214583	0.5	0.11801075268817204	0.6	0.0	0.0	0.0	1.0	0.39565909996017523	0.4731182795698925	0.07048984468339307	0.4038231780167264	1.0353515254890133	0.997610513739546	0.7589605734767025	0.3094384707287933	0.16786140979689365	S100A8;S100A9;VCAN;CD1C	NKG7;GNLY		0.0	0.0	0.04659498207885305	0.04659498207885305	0.0	0.12114695340501794
vaccination_study_09	Myeloid_lineage	15	Conventional DC 1	7	837	0.49054372677907976	0.49054372677907976	0.20484759244840817	0.458626045400239	0.44999999999999996	0.6	0.0	0.0	0.0	0.3906810035842294	0.07606531262445242	0.10991636798088411	0.0	0.10991636798088411	1.3797248978700962	0.992831541218638	0.3697729988052569	1.0	1.0	CD1C;FCER1A;CLEC4C;S100A8	HLA-DRA		0.0	0.0	0.0	0.0	0.0	0.0
vaccination_study_09	Myeloid_lineage	15	Plasmacytoid DC	8	837	0.4380251500428694	0.4380251500428694	0.1451424183952164	0.4773763440860215	0.14229390681003584	0.6	0.0	0.0	0.0	0.2939068100358423	0.0469363372589179	0.1087216248506571	0.0023894862604540022	0.08721624850657109	1.1456831741782372	0.998805256869773	0.4446833930704899	0.4026284348864994	0.14336917562724014	CD3D;MS4A1;CD1C;FCN1;S100A8	MZB1;XBP1;PRDM1		0.0	0.0	0.0	0.0	0.0	0.0
vaccination_study_09	Myeloid_lineage	15	Basophil	9	837	0.49301586167476424	0.49301586167476424	0.0	0.4552528872958981	0.117831541218638	0.5730844285145361	0.0	0.0	0.0	0.019115890083632018	0.0038231780167264037	0.0	0.0	0.0	0.9936497856802667	0.992831541218638	0.35444046196734375	0.3142174432497013	0.15710872162485065	CD3D;MS4A1;LST1	CLEC4C;FCER1A		0.0	0.0	0.0	0.0	0.0	0.0
vaccination_study_09	Myeloid_lineage	15	Mast Cell	10	837	0.49957130608745354	0.49957130608745354	0.027531299574819208	0.4552528872958981	0.0	0.4552528872958981	0.0	0.0	0.0	0.0011947431302270011	0.0002986857825567503	0.0011947431302270011	0.0	0.0011947431302270011	1.1053462257783688	0.992831541218638	0.35444046196734375	0.0	0.0	CD3D;MS4A1;LST1			0.0	0.0	0.0	0.0	0.0	0.0
vaccination_study_09	Myeloid_lineage	16	Plasmacytoid DC	1	801	0.9971420405830237	1.0	1.0	0.18352559300873908	0.34163545568039944	0.5251610486891385	0.4748389513108615	0.4748389513108615	0.0	1.0	0.834135901551632	1.0	0.9725343320848939	0.9600499375780275	9.746665844370096	0.4257178526841448	0.09887640449438202	0.9001248439450686	0.4773200166458593	CD3D;MS4A1;CD1C;FCN1;S100A8	MZB1;XBP1;PRDM1		0.0	0.0	1.0	0.9925093632958801	0.0	3.0673483146067415
vaccination_study_09	Myeloid_lineage	16	Intermediate Monocyte	2	801	0.729637039154044	0.9975031210986267	0.9982655147429311	0.31111943404078235	0.019756554307116106	0.33087598834789844	0.6673895263950327	0.6673895263950327	0.0	1.0	0.4544319600499376	0.9975031210986267	0.09363295880149813	0.9975031210986267	1.0030495745772174	0.6679151061173533	0.2605076987099459	0.052434456928838954	0.0268414481897628	CD1C;CLEC4C;NKG7	VCAN;FCGR3A		0.0	0.0	0.0	0.0	0.0	0.6673895263950327
vaccination_study_09	Myeloid_lineage	16	Neutrophil	3	801	0.39024364104029724	0.550561797752809	0.550561797752809	0.09137744486059092	0.1297752808988764	0.22115272575946732	0.3294090719933417	0.3294090719933417	0.0	0.6092384519350812	0.14565126924677488	0.550561797752809	0.1772784019975031	0.383270911360799	0.5700900157667668	0.19975031210986266	0.07032875572201415	0.34207240948813983	0.18102372034956304	CD3D;MS4A1;CD79A	FCN1;LST1		0.0	0.0	0.0	0.0	0.0	0.3294090719933417
vaccination_study_09	Myeloid_lineage	16	Conventional DC 2	4	801	0.47718991140325806	0.5819808572617561	0.7468789013732834	0.5	0.1297752808988764	0.6	0.1468789013732834	0.1468789013732834	0.0	1.0	0.5819808572617561	0.4968789013732834	0.011235955056179775	0.49063670411985016	3.3873466978030735	0.9875156054931336	0.5730337078651685	0.34207240948813983	0.18102372034956304	CLEC4C;LILRA4;S100A8;S100A9	FCN1;LST1		0.0	0.0	0.004993757802746567	0.004993757802746567	0.0	0.15986267166042448
vaccination_study_09	Myeloid_lineage	16	Non-Classical Monocyte	5	801	0.3045977422120606	0.3045977422120606	0.04119850187265917	0.255980024968789	0.10299625468164794	0.358976279650437	0.0	0.0	0.0	0.46941323345817726	0.10112359550561799	0.04119850187265917	0.003745318352059925	0.02372034956304619	0.10972146834063452	0.5630461922596754	0.19101123595505617	0.2721598002496879	0.14232209737827717	S100A8;S100A9;VCAN;CD1C	NKG7;GNLY		0.0	0.0	0.0	0.0	0.0	0.0
vaccination_study_09	Myeloid_lineage	16	Classical Monocyte	6	801	0.34001857673621033	0.3945068664169788	0.3945068664169788	0.26951935081148565	0.448876404494382	0.6	0.0	0.0	0.0	0.9525593008739076	0.28870162297128593	0.3945068664169788	0.05368289637952559	0.3445692883895131	0.4137760042269583	0.6154806491885143	0.16198501872659177	0.9975031210986267	0.9975031210986267	FCGR3A;MS4A7;CD1C;CLEC4C	HLA-DRA		0.0	0.0	0.0	0.0	0.0	0.0
vaccination_study_09	Myeloid_lineage	16	Conventional DC 1	7	801	0.49054372677907976	0.49054372677907976	0.0024968789013732834	0.40373283395755305	0.448876404494382	0.6	0.0	0.0	0.0	0.9837702871410736	0.16625052018310446	0.0024968789013732834	0.0	0.0024968789013732834	0.14378566709626167	0.8539325842696629	0.3601747815230961	0.9975031210986267	0.9975031210986267	CD1C;FCER1A;CLEC4C;S100A8	HLA-DRA		0.0	0.0	0.0	0.0	0.0	0.0
vaccination_study_09	Myeloid_lineage	16	Eosinophil	8	801	0.48252000571591885	0.48252000571591885	0.008739076154806492	0.17981689554723262	0.0	0.17981689554723262	0.0	0.0	0.0	0.008739076154806492	0.0017478152309612985	0.008739076154806492	0.0	0.006242197253433208	0.12129171723899299	0.3920099875156055	0.1402413649604661	0.0	0.0	S100A8;CD3D;MS4A1			0.0	0.0	0.0	0.0	0.0	0.0
vaccination_study_09	Myeloid_lineage	16	Basophil	9	801	0.9932194912832237	0.9932194912832237	0.0	0.15728672492717438	0.31807116104868915	0.47535788597586354	0.0	0.0	0.0	0.7528089887640449	0.15056179775280898	0.0	0.0	0.0	0.9936497856802667	0.3433208489388265	0.12193091968372867	0.7865168539325843	0.5474406991260924	CD3D;MS4A1;LST1	CLEC4C;FCER1A		0.0	0.0	0.0	0.0	0.0	0.0
vaccination_study_09	Myeloid_lineage	16	Mast Cell	10	801	0.49957130608745354	0.49957130608745354	0.0	0.15728672492717438	0.0	0.15728672492717438	0.0	0.0	0.0	0.0	0.0	0.0	0.0	0.0	0.9873797128884682	0.3433208489388265	0.12193091968372867	0.0	0.0	CD3D;MS4A1;LST1			0.0	0.0	0.0	0.0	0.0	0.0
vaccination_study_09	Myeloid_lineage	17	Classical Monocyte	1	781	0.900242926550443	1.0	1.0	0.11662612035851472	0.4137003841229193	0.530326504481434	0.46967349551856596	0.46967349551856596	0.0	1.0	0.8774007682458387	1.0	0.9846350832266325	1.0	1.0331438078443613	0.26632522407170295	0.07010243277848911	0.9193341869398207	0.9193341869398207	FCGR3A;MS4A7;CD1C;CLEC4C	HLA-DRA		0.0	0.0	1.0	1.0	0.0	3.069673495518566
vaccination_study_09	Myeloid_lineage	17	Intermediate Monocyte	2	781	0.8310588739639897	0.9948783610755442	1.0	0.04469483568075117	0.3119078104993598	0.35660264618011095	0.643397353819889	0.643397353819889	0.0	1.0	0.8382415706359367	0.9948783610755442	0.8988476312419974	0.942381562099872	1.00043641699052	0.09859154929577464	0.03286384976525822	0.8271446862996159	0.42509603072983354	CD1C;CLEC4C;NKG7	VCAN;FCGR3A		0.0	0.0	0.0	0.0	0.0	0.643397353819889
vaccination_study_09	Myeloid_lineage	17	Neutrophil	3	781	0.9232137753643899	1.0	1.0	0.027562953478446436	0.44078104993597955	0.468344003414426	0.531655996585574	0.531655996585574	0.0	1.0	0.5260349978659838	1.0	1.0	1.0	1.0271675990634328	0.06017925736235595	0.021340162185232606	0.9974391805377721	0.943661971830986	CD3D;MS4A1;CD79A	FCN1;LST1		0.0	0.0	0.0	0.0	0.0	0.531655996585574
vaccination_study_09	Myeloid_lineage	17	Non-Classical Monocyte	4	781	0.8220134324092598	0.8220134324092598	0.2752880921895006	0.5	0.062131882202304735	0.5621318822023047	0.0	0.0	0.0	0.9795134443021767	0.2919334186939821	0.2752880921895006	0.019206145966709345	0.24327784891165172	0.611389537392816	1.0	0.7071062740076824	0.16389244558258642	0.08642765685019206	S100A8;S100A9;VCAN;CD1C	NKG7;GNLY		0.0	0.0	0.0012804097311139564	0.0012804097311139564	0.0	0.0033290653008962866
vaccination_study_09	Myeloid_lineage	17	Conventional DC 1	5	781	0.49054372677907976	0.49054372677907976	0.010243277848911651	0.4356338028169014	0.4137003841229193	0.6	0.0	0.0	0.0	0.13188220230473752	0.02390098164746052	0.010243277848911651	0.0	0.010243277848911651	0.23291361248614503	1.0	0.2528809218950064	0.9193341869398207	0.9193341869398207	CD1C;FCER1A;CLEC4C;S100A8	HLA-DRA		0.0	0.0	0.0	0.0	0.0	0.0
vaccination_study_09	Myeloid_lineage	17	Plasmacytoid DC	6	781	0.4380251500428694	0.4380251500428694	0.03969270166453265	0.468112676056338	0.0702944942381562	0.5384071702944941	0.0	0.0	0.0	0.19590268886043533	0.029815255167367848	0.03969270166453265	0.0	0.03329065300896287	0.47954273072096376	1.0	0.40051216389244554	0.19846350832266324	0.07170294494238157	CD3D;MS4A1;CD1C;FCN1;S100A8	MZB1;XBP1;PRDM1		0.0	0.0	0.0	0.0	0.0	0.0
vaccination_study_09	Myeloid_lineage	17	Conventional DC 2	7	781	0.47718991140325806	0.48484848484848486	0.03329065300896287	0.49014084507042255	0.44078104993597955	0.6	0.0	0.0	0.0	1.0	0.48484848484848486	0.03329065300896287	0.0	0.02176696542893726	0.28930075826466073	1.0	0.5006402048655569	0.9974391805377721	0.943661971830986	CLEC4C;LILRA4;S100A8;S100A9	FCN1;LST1		0.0	0.0	0.0	0.0	0.0	0.0
vaccination_study_09	Myeloid_lineage	17	Eosinophil	8	781	0.48252000571591885	0.48252000571591885	0.11011523687580026	0.4571830985915493	0.0	0.4571830985915493	0.0	0.0	0.0	0.11011523687580026	0.022023047375160053	0.11011523687580026	0.0	0.10755441741357234	0.7774654004753241	1.0	0.35083226632522413	0.0	0.0	S100A8;CD3D;MS4A1			0.0	0.0	0.0	0.0	0.0	0.0
vaccination_study_09	Myeloid_lineage	17	Basophil	9	781	0.49301586167476424	0.49301586167476424	0.0	0.4336833119931711	0.0014404609475032009	0.43512377294067434	0.0	0.0	0.0	0.0038412291933418692	0.0007682458386683739	0.0	0.0	0.0	0.9936497856802667	0.9487836107554417	0.33247972684592403	0.0038412291933418692	0.0019206145966709346	CD3D;MS4A1;LST1	CLEC4C;FCER1A		0.0	0.0	0.0	0.0	0.0	0.0
vaccination_study_09	Myeloid_lineage	17	Mast Cell	10	781	0.49957130608745354	0.49957130608745354	0.0	0.4336833119931711	0.0	0.4336833119931711	0.0	0.0	0.0	0.0	0.0	0.0	0.0	0.0	0.9873797128884682	0.9487836107554417	0.33247972684592403	0.0	0.0	CD3D;MS4A1;LST1			0.0	0.0	0.0	0.0	0.0	0.0
vaccination_study_09	Myeloid_lineage	18	Classical Monocyte	1	508	0.926832666476136	1.0	1.0	0.12492125984251967	0.41102362204724413	0.5359448818897639	0.46405511811023614	0.46405511811023614	0.0	1.0	0.8929625984251969	1.0	0.9901574803149606	1.0	1.0331438078443613	0.2854330708661417	0.07480314960629922	0.9133858267716536	0.9133858267716536	FCGR3A;MS4A7;CD1C;CLEC4C	HLA-DRA		0.0	0.0	1.0	1.0	0.0	3.064055118110236
vaccination_study_09	Myeloid_lineage	18	Intermediate Monocyte	2	508	0.842265647327808	0.9940944881889764	1.0	0.061574803149606304	0.31668307086614167	0.37825787401574795	0.621742125984252	0.621742125984252	0.0	1.0	0.8431758530183727	0.9940944881889764	0.9035433070866141	0.9606299212598425	0.9996560091198853	0.13582677165354332	0.045275590551181105	0.8405511811023622	0.43011811023622043	CD1C;CLEC4C;NKG7	VCAN;FCGR3A		0.0	0.0	0.0	0.0	0.0	0.621742125984252
vaccination_study_09	Myeloid_lineage	18	Neutrophil	3	508	0.9138896827665047	1.0	1.0	0.03062992125984252	0.44232283464566924	0.4729527559055118	0.5270472440944882	0.5270472440944882	0.0	1.0	0.4878608923884515	1.0	0.9980314960629921	1.0	1.0271675990634328	0.06692913385826772	0.02362204724409449	0.9940944881889764	0.9606299212598425	CD3D;MS4A1;CD79A	FCN1;LST1		0.0	0.0	0.0	0.0	0.0	0.5270472440944882
vaccination_study_09	Myeloid_lineage	18	Non-Classical Monocyte	4	508	0.8318412403543869	0.8318412403543869	0.32086614173228345	0.5	0.07618110236220473	0.5761811023622048	0.0	0.0	0.0	0.9744094488188977	0.27919947506561676	0.32086614173228345	0.02952755905511811	0.2578740157480315	0.7090660384040082	1.0	0.7130905511811023	0.20078740157480315	0.1062992125984252	S100A8;S100A9;VCAN;CD1C	NKG7;GNLY		0.0	0.0	0.005905511811023622	0.005905511811023622	0.0	0.015354330708661417
vaccination_study_09	Myeloid_lineage	18	Conventional DC 1	5	508	0.49054372677907976	0.49054372677907976	0.00984251968503937	0.4364074803149606	0.41102362204724413	0.6	0.0	0.0	0.0	0.14173228346456693	0.024278215223097113	0.00984251968503937	0.0	0.00984251968503937	0.22830259877692863	1.0	0.2563976377952756	0.9133858267716536	0.9133858267716536	CD1C;FCER1A;CLEC4C;S100A8	HLA-DRA		0.0	0.0	0.0	0.0	0.0	0.0
vaccination_study_09	Myeloid_lineage	18	Plasmacytoid DC	6	508	0.4380251500428694	0.4380251500428694	0.025590551181102362	0.4696456692913386	0.07342519685039368	0.5430708661417323	0.0	0.0	0.0	0.12992125984251968	0.019685039370078736	0.025590551181102362	0.0	0.011811023622047244	0.34345466294965954	1.0	0.4074803149606299	0.20866141732283464	0.07217847769028872	CD3D;MS4A1;CD1C;FCN1;S100A8	MZB1;XBP1;PRDM1		0.0	0.0	0.0	0.0	0.0	0.0
vaccination_study_09	Myeloid_lineage	18	Conventional DC 2	7	508	0.47718991140325806	0.4849081364829397	0.04330708661417323	0.49	0.44232283464566924	0.6	0.0	0.0	0.0	1.0	0.4849081364829397	0.04330708661417323	0.001968503937007874	0.01968503937007874	0.35623811392189775	1.0	0.5	0.9940944881889764	0.9606299212598425	CLEC4C;LILRA4;S100A8;S100A9	FCN1;LST1		0.0	0.0	0.0	0.0	0.0	0.0
vaccination_study_09	Myeloid_lineage	18	Eosinophil	8	508	0.48252000571591885	0.48252000571591885	0.14756799103769766	0.45766404199475064	0.0	0.45766404199475064	0.0	0.0	0.0	0.14566929133858267	0.029133858267716535	0.14566929133858267	0.0	0.1437007874015748	1.00759479879646	1.0	0.353018372703412	0.0	0.0	S100A8;CD3D;MS4A1			0.0	0.0	0.0	0.0	0.0	0.0
vaccination_study_09	Myeloid_lineage	18	Basophil	9	508	0.49301586167476424	0.49301586167476424	0.0	0.44131233595800523	0.002952755905511811	0.44426509186351704	0.0	0.0	0.0	0.011811023622047244	0.002362204724409449	0.0	0.0	0.0	0.9936497856802667	0.9645669291338582	0.33989501312335957	0.007874015748031496	0.003937007874015748	CD3D;MS4A1;LST1	CLEC4C;FCER1A		0.0	0.0	0.0	0.0	0.0	0.0
vaccination_study_09	Myeloid_lineage	18	Mast Cell	10	508	0.49957130608745354	0.49957130608745354	0.0	0.44131233595800523	0.0	0.44131233595800523	0.0	0.0	0.0	0.0	0.0	0.0	0.0	0.0	0.9873797128884682	0.9645669291338582	0.33989501312335957	0.0	0.0	CD3D;MS4A1;LST1			0.0	0.0	0.0	0.0	0.0	0.0
vaccination_study_09	Myeloid_lineage	19	Classical Monocyte	1	365	0.9019505573020863	1.0	1.0	0.17015068493150687	0.4265753424657534	0.5967260273972603	0.40327397260273967	0.40327397260273967	0.0	1.0	0.9010273972602739	1.0	0.9863013698630136	1.0	1.0331438078443613	0.3863013698630137	0.10616438356164384	0.947945205479452	0.947945205479452	FCGR3A;MS4A7;CD1C;CLEC4C	HLA-DRA		0.0	0.0	1.0	1.0	0.0	3.0032739726027398
vaccination_study_09	Myeloid_lineage	19	Intermediate Monocyte	2	365	0.8597313518148042	0.9972602739726028	1.0	0.07099543378995433	0.31438356164383563	0.38537899543378995	0.61462100456621	0.61462100456621	0.0	1.0	0.8634703196347031	0.9972602739726028	0.936986301369863	0.9671232876712329	1.0028078009277421	0.15616438356164383	0.05296803652968036	0.8273972602739726	0.44109589041095887	CD1C;CLEC4C;NKG7	VCAN;FCGR3A		0.0	0.0	0.0	0.0	0.0	0.61462100456621
vaccination_study_09	Myeloid_lineage	19	Neutrophil	3	365	0.9063875392969419	1.0	1.0	0.04222831050228311	0.443013698630137	0.4852420091324201	0.5147579908675799	0.5147579908675799	0.0	1.0	0.4954337899543379	1.0	1.0	1.0	1.0271675990634328	0.09315068493150686	0.03105022831050228	0.9945205479452055	0.9643835616438357	CD3D;MS4A1;CD79A	FCN1;LST1		0.0	0.0	0.0	0.0	0.0	0.5147579908675799
vaccination_study_09	Myeloid_lineage	19	Non-Classical Monocyte	4	365	0.8513432409259789	0.8513432409259789	0.40821917808219177	0.5	0.09041095890410959	0.5904109589041096	0.0	0.0	0.0	0.9917808219178083	0.3200913242009133	0.40821917808219177	0.06301369863013699	0.33972602739726027	0.8962688482862841	1.0	0.7102739726027397	0.2356164383561644	0.1315068493150685	S100A8;S100A9;VCAN;CD1C	NKG7;GNLY		0.0	0.0	0.01643835616438356	0.01643835616438356	0.0	0.04273972602739726
vaccination_study_09	Myeloid_lineage	19	Conventional DC 1	5	365	0.49054372677907976	0.49054372677907976	0.01643835616438356	0.4363561643835617	0.4265753424657534	0.6	0.0	0.0	0.0	0.2191780821917808	0.040639269406392696	0.01643835616438356	0.0	0.01643835616438356	0.30419248742233623	1.0	0.25616438356164384	0.947945205479452	0.947945205479452	CD1C;FCER1A;CLEC4C;S100A8	HLA-DRA		0.0	0.0	0.0	0.0	0.0	0.0
vaccination_study_09	Myeloid_lineage	19	Plasmacytoid DC	6	365	0.4380251500428694	0.4380251500428694	0.0410958904109589	0.47125479452054797	0.0806849315068493	0.5519397260273973	0.0	0.0	0.0	0.18356164383561643	0.027788649706457925	0.0410958904109589	0.0	0.03287671232876712	0.493083732530862	1.0	0.4147945205479452	0.23013698630136986	0.0776255707762557	CD3D;MS4A1;CD1C;FCN1;S100A8	MZB1;XBP1;PRDM1		0.0	0.0	0.0	0.0	0.0	0.0
vaccination_study_09	Myeloid_lineage	19	Conventional DC 2	7	365	0.47718991140325806	0.4945205479452055	0.0684931506849315	0.49	0.443013698630137	0.6	0.0	0.0	0.0	1.0	0.4945205479452055	0.0684931506849315	0.0	0.043835616438356165	0.5245503690376645	1.0	0.5	0.9945205479452055	0.9643835616438357	CLEC4C;LILRA4;S100A8;S100A9	FCN1;LST1		0.0	0.0	0.0	0.0	0.0	0.0
vaccination_study_09	Myeloid_lineage	19	Eosinophil	8	365	0.48252000571591885	0.48252000571591885	0.1178082191780822	0.45956164383561643	0.0	0.45956164383561643	0.0	0.0	0.0	0.1178082191780822	0.023561643835616437	0.1178082191780822	0.0	0.11232876712328767	0.8272594792455106	1.0	0.36164383561643837	0.0	0.0	S100A8;CD3D;MS4A1			0.0	0.0	0.0	0.0	0.0	0.0
vaccination_study_09	Myeloid_lineage	19	Basophil	9	365	0.49301586167476424	0.49301586167476424	0.0	0.4442557077625571	0.0010273972602739725	0.445283105022831	0.0	0.0	0.0	0.00821917808219178	0.001643835616438356	0.0	0.0	0.0	0.9936497856802667	0.9671232876712329	0.3488584474885845	0.0027397260273972603	0.0013698630136986301	CD3D;MS4A1;LST1	CLEC4C;FCER1A		0.0	0.0	0.0	0.0	0.0	0.0
vaccination_study_09	Myeloid_lineage	19	Mast Cell	10	365	0.49957130608745354	0.49957130608745354	0.0	0.4442557077625571	0.0	0.4442557077625571	0.0	0.0	0.0	0.0	0.0	0.0	0.0	0.0	0.9873797128884682	0.9671232876712329	0.3488584474885845	0.0	0.0	CD3D;MS4A1;LST1			0.0	0.0	0.0	0.0	0.0	0.0
vaccination_study_09	Myeloid_lineage	2	Classical Monocyte	1	2657	0.9587739354101171	1.0	1.0	0.142442604441099	0.42815205118554756	0.5705946556266466	0.4294053443733534	0.4294053443733534	0.0	1.0	0.9238332706059467	1.0	0.9992472713586752	1.0	1.0331438078443613	0.32593150169363944	0.08449378998870906	0.9514490026345502	0.9514490026345502	FCGR3A;MS4A7;CD1C;CLEC4C	HLA-DRA		0.0	0.0	1.0	1.0	0.0	3.0294053443733535
vaccination_study_09	Myeloid_lineage	2	Intermediate Monocyte	2	2657	0.8737424978565305	0.9984945427173504	1.0	0.0582913059841927	0.3507809559653745	0.4090722619495672	0.5909277380504327	0.5909277380504327	0.0	1.0	0.8638815706937649	0.9984945427173504	0.954083552879187	0.9853217914941663	1.0040366137357692	0.12834023334587882	0.04328189687617614	0.9307489649981182	0.47704177643959356	CD1C;CLEC4C;NKG7	VCAN;FCGR3A		0.0	0.0	0.0	0.0	0.0	0.5909277380504327
vaccination_study_09	Myeloid_lineage	2	Neutrophil	3	2657	0.95120034295513	1.0	1.0	0.029230962238113157	0.44630222054949187	0.47553318278760504	0.524466817212395	0.524466817212395	0.0	1.0	0.5060218291305985	1.0	1.0	1.0	1.0271675990634328	0.0643582988332706	0.021703675824865137	0.9996236356793377	0.9761008656379375	CD3D;MS4A1;CD79A	FCN1;LST1		0.0	0.0	0.0	0.0	0.0	0.524466817212395
vaccination_study_09	Myeloid_lineage	2	Non-Classical Monocyte	4	2657	0.8567376393255216	0.8567376393255216	0.3406097101994731	0.5	0.07581859239744071	0.5758185923974407	0.0	0.0	0.0	0.9819345126082047	0.2865387027976415	0.3406097101994731	0.015430937147158449	0.29770417764395934	0.751377692910851	1.0	0.7362627022958224	0.19984945427173503	0.10575837410613473	S100A8;S100A9;VCAN;CD1C	NKG7;GNLY		0.0	0.0	0.0003763643206624012	0.0003763643206624012	0.0	0.0009785472337222431
vaccination_study_09	Myeloid_lineage	2	Conventional DC 1	5	2657	0.49054372677907976	0.49054372677907976	0.013549115543846444	0.43675950319909673	0.42815205118554756	0.6	0.0	0.0	0.0	0.19721490402709824	0.03487642704804918	0.013549115543846444	0.0	0.013549115543846444	0.27094967589281954	1.0	0.25799774181407603	0.9514490026345502	0.9514490026345502	CD1C;FCER1A;CLEC4C;S100A8	HLA-DRA		0.0	0.0	0.0	0.0	0.0	0.0
vaccination_study_09	Myeloid_lineage	2	Plasmacytoid DC	6	2657	0.4380251500428694	0.4380251500428694	0.044787354158825746	0.47043432442604444	0.09202107640195709	0.5624554008280015	0.0	0.0	0.0	0.14941663530297328	0.02279692456583687	0.044787354158825746	0.0007527286413248024	0.03575461046292811	0.528706963844787	1.0	0.41106511102747467	0.26194956718103124	0.08957470831765148	CD3D;MS4A1;CD1C;FCN1;S100A8	MZB1;XBP1;PRDM1		0.0	0.0	0.0	0.0	0.0	0.0
vaccination_study_09	Myeloid_lineage	2	Conventional DC 2	7	2657	0.47718991140325806	0.4964245389537072	0.04516371847948814	0.4901242002258186	0.44630222054949187	0.6	0.0	0.0	0.0	1.0	0.4964245389537072	0.04516371847948814	0.004516371847948814	0.01881821603312006	0.36864552681868934	1.0	0.5005645464809936	0.9996236356793377	0.9761008656379375	CLEC4C;LILRA4;S100A8;S100A9	FCN1;LST1		0.0	0.0	0.0	0.0	0.0	0.0
vaccination_study_09	Myeloid_lineage	2	Eosinophil	8	2657	0.48252000571591885	0.48252000571591885	0.44511132584468005	0.45736294065989214	0.0	0.45736294065989214	0.0	0.0	0.0	0.2593150169363944	0.052314640572073766	0.2593150169363944	0.002258185923974407	0.2544222807677832	1.7431852356331425	1.0	0.35164973027223684	0.0	0.0	S100A8;CD3D;MS4A1			0.0	0.0	0.0	0.0	0.0	0.0
vaccination_study_09	Myeloid_lineage	2	Basophil	9	2657	0.49301586167476424	0.49301586167476424	0.0	0.443063605570192	0.0062382386149793	0.4493018441851713	0.0	0.0	0.0	0.007527286413248024	0.0015054572826496047	0.0	0.0	0.0	0.9936497856802667	0.9687617613850207	0.3406097101994731	0.016560030109145654	0.008468197214904027	CD3D;MS4A1;LST1	CLEC4C;FCER1A		0.0	0.0	0.0	0.0	0.0	0.0
vaccination_study_09	Myeloid_lineage	2	Mast Cell	10	2657	0.49957130608745354	0.49957130608745354	0.0	0.443063605570192	0.0	0.443063605570192	0.0	0.0	0.0	0.0	0.0	0.0	0.0	0.0	0.9873797128884682	0.9687617613850207	0.3406097101994731	0.0	0.0	CD3D;MS4A1;LST1			0.0	0.0	0.0	0.0	0.0	0.0
vaccination_study_09	Myeloid_lineage	20	Non-Classical Monocyte	1	347	0.9858602457845098	0.9858602457845098	1.0	0.448314121037464	0.14048991354466858	0.5888040345821326	0.4111959654178674	0.4111959654178674	0.0	1.0	0.782420749279539	0.9567723342939481	0.8530259365994236	0.9193083573487032	2.071851249352296	0.9365994236311239	0.420028818443804	0.37175792507204614	0.1930835734870317	S100A8;S100A9;VCAN;CD1C	NKG7;GNLY		0.0	0.0	0.9481268011527377	0.9481268011527377	0.0	2.8763256484149853
vaccination_study_09	Myeloid_lineage	20	Classical Monocyte	2	347	0.7878965418691054	0.9654178674351584	1.0	0.46374639769452447	0.44999999999999996	0.6	0.4	0.4	0.0	1.0	0.7755763688760806	0.9654178674351584	0.6109510086455331	0.9164265129682997	0.997769237427115	0.9567723342939481	0.4553314121037464	1.0	1.0	FCGR3A;MS4A7;CD1C;CLEC4C	HLA-DRA		0.0	0.0	0.2017291066282421	0.9884726224783862	0.0	1.7112391930835735
vaccination_study_09	Myeloid_lineage	20	Intermediate Monocyte	3	347	0.9803229494141183	1.0	1.0	0.14063400576368879	0.36938040345821327	0.5100144092219021	0.4899855907780979	0.4899855907780979	0.0	1.0	0.8991354466858791	1.0	0.9884726224783862	1.0	1.0055354163253425	0.30835734870317005	0.10662824207492795	0.9596541786743515	0.5432276657060519	CD1C;CLEC4C;NKG7	VCAN;FCGR3A		0.0	0.0	0.020172910662824207	0.020172910662824207	0.0	0.5424351585014409
vaccination_study_09	Myeloid_lineage	20	Neutrophil	4	347	0.7582380680194342	0.9193083573487032	1.0	0.03788664745437079	0.44373198847262246	0.4816186359269933	0.5183813640730067	0.5183813640730067	0.0	0.9711815561959655	0.3659942363112392	0.9193083573487032	0.5648414985590778	0.8645533141210374	0.945104390304406	0.08357348703170028	0.02785782901056676	1.0	0.9582132564841499	CD3D;MS4A1;CD79A	FCN1;LST1		0.0	0.0	0.0	0.0	0.0	0.5183813640730067
vaccination_study_09	Myeloid_lineage	20	Conventional DC 1	5	347	0.49054372677907976	0.49054372677907976	0.5410662824207493	0.27471181556195967	0.44999999999999996	0.6	0.0	0.0	0.0	0.553314121037464	0.11239193083573489	0.2910662824207493	0.0	0.2910662824207493	3.4639862160544674	0.6282420749279539	0.16354466858789626	1.0	1.0	CD1C;FCER1A;CLEC4C;S100A8	HLA-DRA		0.0	0.0	0.0	0.0	0.0	0.0
vaccination_study_09	Myeloid_lineage	20	Plasmacytoid DC	6	347	0.4380251500428694	0.4380251500428694	0.28551484748138867	0.4411988472622479	0.07910662824207493	0.5203054755043228	0.0	0.0	0.0	0.4783861671469741	0.08192671881432688	0.14985590778097982	0.008645533141210375	0.07780979827089338	1.5426357588016355	0.9711815561959655	0.3279538904899136	0.22478386167146974	0.07780979827089338	CD3D;MS4A1;CD1C;FCN1;S100A8	MZB1;XBP1;PRDM1		0.0	0.0	0.0	0.0	0.0	0.0
vaccination_study_09	Myeloid_lineage	20	Conventional DC 2	7	347	0.47718991140325806	0.5230547550432276	0.12103746397694524	0.4309654178674352	0.44373198847262246	0.6	0.0	0.0	0.0	1.0	0.5230547550432276	0.12103746397694524	0.020172910662824207	0.1037463976945245	0.875691056953096	0.9193083573487032	0.37103746397694526	1.0	0.9582132564841499	CLEC4C;LILRA4;S100A8;S100A9	FCN1;LST1		0.0	0.0	0.0	0.0	0.0	0.0
vaccination_study_09	Myeloid_lineage	20	Eosinophil	8	347	0.48252000571591885	0.48252000571591885	0.025936599423631124	0.2936215177713737	0.0	0.2936215177713737	0.0	0.0	0.0	0.025936599423631124	0.005187319884726224	0.025936599423631124	0.0	0.023054755043227664	0.2326054827790434	0.6397694524495677	0.22958693563880883	0.0	0.0	S100A8;CD3D;MS4A1			0.0	0.0	0.0	0.0	0.0	0.0
vaccination_study_09	Myeloid_lineage	20	Basophil	9	347	0.49301586167476424	0.49301586167476424	0.0	0.45882804995196924	0.0021613832853025934	0.4609894332372718	0.0	0.0	0.0	0.07492795389048991	0.014985590778097982	0.0	0.0	0.0	0.9936497856802667	1.0	0.35830931796349663	0.005763688760806916	0.002881844380403458	CD3D;MS4A1;LST1	CLEC4C;FCER1A		0.0	0.0	0.0	0.0	0.0	0.0
vaccination_study_09	Myeloid_lineage	20	Mast Cell	10	347	0.49957130608745354	0.49957130608745354	0.0	0.45882804995196924	0.0	0.45882804995196924	0.0	0.0	0.0	0.0	0.0	0.0	0.0	0.0	0.9873797128884682	1.0	0.35830931796349663	0.0	0.0	CD3D;MS4A1;LST1			0.0	0.0	0.0	0.0	0.0	0.0
vaccination_study_09	Myeloid_lineage	21	Classical Monocyte	1	322	0.908155901686196	1.0	1.0	0.15013975155279502	0.42484472049689437	0.5749844720496894	0.4250155279503106	0.4250155279503106	0.0	1.0	0.9103260869565217	1.0	0.9875776397515528	0.9968944099378882	1.0331438078443613	0.3416149068322981	0.0923913043478261	0.9440993788819876	0.9440993788819876	FCGR3A;MS4A7;CD1C;CLEC4C	HLA-DRA		0.0	0.0	1.0	1.0	0.0	3.025015527950311
vaccination_study_09	Myeloid_lineage	21	Intermediate Monocyte	2	322	0.8689268362389254	1.0	1.0	0.060766045548654245	0.3207298136645963	0.3814958592132505	0.6185041407867495	0.6185041407867495	0.0	1.0	0.8586956521739131	1.0	0.9285714285714286	0.9596273291925466	1.0055354163253425	0.13354037267080746	0.04554865424430642	0.8509316770186336	0.4363354037267081	CD1C;CLEC4C;NKG7	VCAN;FCGR3A		0.0	0.0	0.0	0.0	0.0	0.6185041407867495
vaccination_study_09	Myeloid_lineage	21	Neutrophil	3	322	0.9075521577593598	1.0	1.0	0.04151138716356108	0.4434782608695652	0.4849896480331263	0.5150103519668737	0.5150103519668737	0.0	1.0	0.479296066252588	1.0	0.9937888198757764	0.9968944099378882	1.0271675990634328	0.09006211180124224	0.033126293995859216	0.9968944099378882	0.9627329192546583	CD3D;MS4A1;CD79A	FCN1;LST1		0.0	0.0	0.0	0.0	0.0	0.5150103519668737
vaccination_study_09	Myeloid_lineage	21	Non-Classical Monocyte	4	322	0.862215990282938	0.862215990282938	0.35403726708074534	0.5	0.08920807453416149	0.5892080745341615	0.0	0.0	0.0	0.984472049689441	0.30383022774327123	0.35403726708074534	0.040372670807453416	0.30745341614906835	0.7801537547750232	1.0	0.7150621118012422	0.2360248447204969	0.12267080745341616	S100A8;S100A9;VCAN;CD1C	NKG7;GNLY		0.0	0.0	0.021739130434782608	0.021739130434782608	0.0	0.05652173913043478
vaccination_study_09	Myeloid_lineage	21	Conventional DC 2	5	322	0.47718991140325806	0.49792960662525876	0.07142857142857142	0.4896583850931677	0.4434782608695652	0.6	0.0	0.0	0.0	1.0	0.49792960662525876	0.07142857142857142	0.006211180124223602	0.034161490683229816	0.5441670619710103	1.0	0.4984472049689441	0.9968944099378882	0.9627329192546583	CLEC4C;LILRA4;S100A8;S100A9	FCN1;LST1		0.0	0.0	0.003105590062111801	0.0	0.0	0.004968944099378882
vaccination_study_09	Myeloid_lineage	21	Plasmacytoid DC	6	322	0.4380251500428694	0.4380251500428694	0.034161490683229816	0.4707329192546584	0.07950310559006211	0.5502360248447205	0.0	0.0	0.0	0.16459627329192547	0.024401064773735583	0.034161490683229816	0.0	0.027950310559006212	0.4261656365135686	1.0	0.4124223602484472	0.2267080745341615	0.07660455486542443	CD3D;MS4A1;CD1C;FCN1;S100A8	MZB1;XBP1;PRDM1		0.0	0.0	0.0	0.0	0.0	0.0
vaccination_study_09	Myeloid_lineage	21	Conventional DC 1	7	322	0.49054372677907976	0.49054372677907976	0.024844720496894408	0.4360403726708075	0.42484472049689437	0.6	0.0	0.0	0.0	0.21428571428571427	0.037267080745341616	0.024844720496894408	0.0	0.024844720496894408	0.40091381383860386	0.9968944099378882	0.26009316770186336	0.9440993788819876	0.9440993788819876	CD1C;FCER1A;CLEC4C;S100A8	HLA-DRA		0.0	0.0	0.0	0.0	0.0	0.0
vaccination_study_09	Myeloid_lineage	21	Eosinophil	8	322	0.48252000571591885	0.48252000571591885	0.1808600665740054	0.45761904761904765	0.0	0.45761904761904765	0.0	0.0	0.0	0.15838509316770186	0.031677018633540374	0.15838509316770186	0.0	0.15527950310559005	1.0898998936252142	0.9968944099378882	0.35817805383022777	0.0	0.0	S100A8;CD3D;MS4A1			0.0	0.0	0.0	0.0	0.0	0.0
vaccination_study_09	Myeloid_lineage	21	Basophil	9	322	0.49301586167476424	0.49301586167476424	0.0	0.4435403726708075	0.005822981366459628	0.4493633540372671	0.0	0.0	0.0	0.006211180124223602	0.0012422360248447203	0.0	0.0	0.0	0.9936497856802667	0.9658385093167702	0.34782608695652173	0.015527950310559006	0.007763975155279503	CD3D;MS4A1;LST1	CLEC4C;FCER1A		0.0	0.0	0.0	0.0	0.0	0.0
vaccination_study_09	Myeloid_lineage	21	Mast Cell	10	322	0.49957130608745354	0.49957130608745354	0.0	0.4435403726708075	0.0	0.4435403726708075	0.0	0.0	0.0	0.0	0.0	0.0	0.0	0.0	0.9873797128884682	0.9658385093167702	0.34782608695652173	0.0	0.0	CD3D;MS4A1;LST1			0.0	0.0	0.0	0.0	0.0	0.0
vaccination_study_09	Myeloid_lineage	22	Classical Monocyte	1	106	0.833738210917405	0.8679245283018868	1.0	0.18528301886792453	0.3735849056603774	0.5588679245283019	0.4411320754716981	0.4411320754716981	0.0	0.9622641509433962	0.7311320754716981	0.8679245283018868	0.7547169811320755	0.8301886792452831	0.898041871455224	0.4056603773584906	0.14150943396226415	0.8301886792452831	0.8301886792452831	FCGR3A;MS4A7;CD1C;CLEC4C	HLA-DRA		0.0	0.0	0.8962264150943396	0.9905660377358491	0.0	2.8656603773584903
vaccination_study_09	Myeloid_lineage	22	Intermediate Monocyte	2	106	0.8287546441840525	0.8679245283018868	1.0	0.2843396226415094	0.2639150943396226	0.548254716981132	0.45174528301886796	0.45174528301886796	0.0	0.9433962264150944	0.7327044025157233	0.8679245283018868	0.7452830188679245	0.8301886792452831	0.8740437683844235	0.6226415094339622	0.21698113207547168	0.6792452830188679	0.40094339622641506	CD1C;CLEC4C;NKG7	VCAN;FCGR3A		0.0	0.0	0.0	0.0	0.0	0.45174528301886796
vaccination_study_09	Myeloid_lineage	22	Neutrophil	3	106	0.8444984281223207	0.8962264150943396	1.0	0.19314465408805034	0.3650943396226415	0.5582389937106919	0.44176100628930814	0.44176100628930814	0.0	0.9056603773584906	0.40880503144654085	0.8962264150943396	0.7830188679245284	0.8490566037735849	0.9216301099013016	0.42452830188679247	0.14465408805031446	0.8301886792452831	0.7735849056603774	CD3D;MS4A1;CD79A	FCN1;LST1		0.0	0.0	0.0	0.0	0.0	0.44176100628930814
vaccination_study_09	Myeloid_lineage	22	Non-Classical Monocyte	4	106	0.8050389396970563	0.8050389396970563	0.44339622641509435	0.46867924528301885	0.2985849056603773	0.6	0.0	0.0	0.0	0.8207547169811321	0.3349056603773585	0.44339622641509435	0.16037735849056603	0.29245283018867924	0.9716553782393543	0.9056603773584906	0.5660377358490566	0.7075471698113207	0.5754716981132075	S100A8;S100A9;VCAN;CD1C	NKG7;GNLY		0.0	0.0	0.1320754716981132	0.1320754716981132	0.0	0.3433962264150944
vaccination_study_09	Myeloid_lineage	22	Conventional DC 1	5	106	0.49054372677907976	0.49054372677907976	0.07547169811320754	0.367311320754717	0.3735849056603774	0.6	0.0	0.0	0.0	0.2169811320754717	0.03930817610062893	0.07547169811320754	0.0	0.07547169811320754	0.9834139570406919	0.839622641509434	0.21933962264150944	0.8301886792452831	0.8301886792452831	CD1C;FCER1A;CLEC4C;S100A8	HLA-DRA		0.0	0.0	0.0	0.0	0.0	0.0
vaccination_study_09	Myeloid_lineage	22	Plasmacytoid DC	6	106	0.4380251500428694	0.4380251500428694	0.009433962264150943	0.4369811320754717	0.14575471698113207	0.5827358490566037	0.0	0.0	0.0	0.4056603773584906	0.0646900269541779	0.009433962264150943	0.0	0.009433962264150943	0.18754092695126467	0.9150943396226415	0.40566037735849053	0.41509433962264153	0.14150943396226415	CD3D;MS4A1;CD1C;FCN1;S100A8	MZB1;XBP1;PRDM1		0.0	0.0	0.0	0.0	0.0	0.0
vaccination_study_09	Myeloid_lineage	22	Conventional DC 2	7	106	0.47718991140325806	0.47718991140325806	0.07547169811320754	0.4329245283018868	0.3650943396226415	0.6	0.0	0.0	0.0	0.9056603773584906	0.42924528301886794	0.07547169811320754	0.0	0.02830188679245283	0.5711862805395808	0.8962264150943396	0.419811320754717	0.8301886792452831	0.7735849056603774	CLEC4C;LILRA4;S100A8;S100A9	FCN1;LST1		0.0	0.0	0.0	0.0	0.0	0.0
vaccination_study_09	Myeloid_lineage	22	Eosinophil	8	106	0.48252000571591885	0.48252000571591885	0.09433962264150944	0.42830188679245285	0.0	0.42830188679245285	0.0	0.0	0.0	0.09433962264150944	0.01886792452830189	0.09433962264150944	0.0	0.09433962264150944	0.6753551723525657	0.8867924528301887	0.4150943396226415	0.0	0.0	S100A8;CD3D;MS4A1			0.0	0.0	0.0	0.0	0.0	0.0
vaccination_study_09	Myeloid_lineage	22	Basophil	9	106	0.49301586167476424	0.49301586167476424	0.0	0.41836477987421383	0.007075471698113207	0.42544025157232707	0.0	0.0	0.0	0.0	0.0	0.0	0.0	0.0	0.9936497856802667	0.8679245283018868	0.40251572327044033	0.018867924528301886	0.009433962264150943	CD3D;MS4A1;LST1	CLEC4C;FCER1A		0.0	0.0	0.0	0.0	0.0	0.0
vaccination_study_09	Myeloid_lineage	22	Mast Cell	10	106	0.49957130608745354	0.49957130608745354	0.0	0.41836477987421383	0.0	0.41836477987421383	0.0	0.0	0.0	0.0	0.0	0.0	0.0	0.0	0.9873797128884682	0.8679245283018868	0.40251572327044033	0.0	0.0	CD3D;MS4A1;LST1			0.0	0.0	0.0	0.0	0.0	0.0
vaccination_study_09	Myeloid_lineage	23	Conventional DC 1	1	48	0.9998320948842527	0.9998320948842527	1.0	0.20958333333333334	0.44999999999999996	0.6	0.4	0.4	0.0	1.0	0.6875	0.9791666666666666	0.7083333333333334	0.9583333333333334	11.381080840946831	0.4791666666666667	0.125	1.0	1.0	CD1C;FCER1A;CLEC4C;S100A8	HLA-DRA		0.0	0.0	1.0	1.0	0.0	3.0
vaccination_study_09	Myeloid_lineage	23	Conventional DC 2	2	48	0.47718991140325806	0.5034722222222222	0.020833333333333332	0.3559375	0.28593749999999996	0.6	0.0	0.0	0.0	1.0	0.5034722222222222	0.020833333333333332	0.0	0.020833333333333332	0.20605156293931529	0.7708333333333334	0.28645833333333337	0.75	0.40625	CLEC4C;LILRA4;S100A8;S100A9	FCN1;LST1		0.0	0.0	1.0	0.0	0.0	1.6
vaccination_study_09	Myeloid_lineage	23	Intermediate Monocyte	3	48	0.8431837667905115	1.0	1.0	0.0975	0.0390625	0.1365625	0.8634375	0.8634375	0.0	1.0	0.5381944444444444	1.0	0.125	1.0	1.0055354163253425	0.20833333333333334	0.08333333333333333	0.10416666666666667	0.05208333333333333	CD1C;CLEC4C;NKG7	VCAN;FCGR3A		0.0	0.0	0.0	0.0	0.0	0.8634375
vaccination_study_09	Myeloid_lineage	23	Neutrophil	4	48	0.42208845384395544	0.6875	0.6875	0.04722222222222223	0.28593749999999996	0.3331597222222222	0.3543402777777778	0.3543402777777778	0.0	0.8125	0.21527777777777776	0.6875	0.20833333333333334	0.5416666666666666	0.7093558419274696	0.10416666666666667	0.03472222222222222	0.75	0.40625	CD3D;MS4A1;CD79A	FCN1;LST1		0.0	0.0	0.0	0.0	0.0	0.3543402777777778
vaccination_study_09	Myeloid_lineage	23	Plasmacytoid DC	5	48	0.8762682194912832	0.8762682194912832	0.5833333333333333	0.191	0.11041666666666666	0.30141666666666667	0.2819166666666666	0.2819166666666666	0.0	0.5416666666666666	0.10119047619047618	0.3333333333333333	0.041666666666666664	0.125	3.313223042805676	0.4375	0.1125	0.3125	0.1111111111111111	CD3D;MS4A1;CD1C;FCN1;S100A8	MZB1;XBP1;PRDM1		0.0	0.0	0.0	0.0	0.0	0.2819166666666666
vaccination_study_09	Myeloid_lineage	23	Classical Monocyte	6	48	0.7686874821377536	0.7686874821377536	0.4375	0.10875	0.44999999999999996	0.55875	0.0	0.0	0.0	1.0	0.5078125	0.4375	0.0625	0.3541666666666667	0.45775431090133833	0.25	0.0625	1.0	1.0	FCGR3A;MS4A7;CD1C;CLEC4C	HLA-DRA		0.0	0.0	0.0	0.0	0.0	0.0
vaccination_study_09	Myeloid_lineage	23	Non-Classical Monocyte	7	48	0.622072377822235	0.622072377822235	0.10416666666666667	0.3230208333333333	0.10468749999999999	0.4277083333333333	0.0	0.0	0.0	0.875	0.24305555555555555	0.10416666666666667	0.0	0.0625	0.24466603209168925	0.7083333333333334	0.24479166666666666	0.2708333333333333	0.15625	S100A8;S100A9;VCAN;CD1C	NKG7;GNLY		0.0	0.0	0.0	0.0	0.0	0.0
vaccination_study_09	Myeloid_lineage	23	Eosinophil	8	48	0.48252000571591885	0.48252000571591885	0.0	0.1840277777777778	0.0	0.1840277777777778	0.0	0.0	0.0	0.0	0.0	0.0	0.0	0.0	0.06472662592167447	0.3958333333333333	0.1527777777777778	0.0	0.0	S100A8;CD3D;MS4A1			0.0	0.0	0.0	0.0	0.0	0.0
vaccination_study_09	Myeloid_lineage	23	Basophil	9	48	0.49301586167476424	0.49301586167476424	0.0	0.33819444444444446	0.046875	0.38506944444444446	0.0	0.0	0.0	0.10416666666666667	0.020833333333333336	0.0	0.0	0.0	0.9936497856802667	0.7291666666666666	0.27777777777777773	0.125	0.0625	CD3D;MS4A1;LST1	CLEC4C;FCER1A		0.0	0.0	0.0	0.0	0.0	0.0
vaccination_study_09	Myeloid_lineage	23	Mast Cell	10	48	0.49957130608745354	0.49957130608745354	0.0	0.33819444444444446	0.0	0.33819444444444446	0.0	0.0	0.0	0.10416666666666667	0.026041666666666668	0.0	0.0	0.0	0.9873797128884682	0.7291666666666666	0.27777777777777773	0.0	0.0	CD3D;MS4A1;LST1			0.0	0.0	0.0	0.0	0.0	0.0
vaccination_study_09	Myeloid_lineage	3	Classical Monocyte	1	2042	0.9316519005430123	1.0	1.0	0.21776689520078354	0.4354554358472086	0.6	0.4	0.4	0.0	1.0	0.94300930460333	1.0	0.9965719882468168	0.9980411361410382	1.0331438078443613	0.48971596474045054	0.14397649363369247	0.9676787463271302	0.9676787463271302	FCGR3A;MS4A7;CD1C;CLEC4C	HLA-DRA		0.0	0.0	0.9985308521057786	0.9990205680705191	0.0	2.9966699314397647
vaccination_study_09	Myeloid_lineage	3	Intermediate Monocyte	2	2042	0.8997320663046584	0.9990205680705191	1.0	0.10147894221351617	0.35255876591576885	0.454037708129285	0.545962291870715	0.545962291870715	0.0	1.0	0.8844270323212537	0.9990205680705191	0.9681684622918707	0.9892262487757101	1.0045603138570525	0.222820763956905	0.07639569049951028	0.9142997061704211	0.52179236043095	CD1C;CLEC4C;NKG7	VCAN;FCGR3A		0.0	0.0	0.0004897159647404506	0.0004897159647404506	0.0	0.5472355533790402
vaccination_study_09	Myeloid_lineage	3	Neutrophil	3	2042	0.92620034295513	0.9990205680705191	1.0	0.07478289258896506	0.446767874632713	0.521550767221678	0.47844923277832196	0.47844923277832196	0.0	1.0	0.4859614756774404	0.9990205680705191	0.9980411361410382	0.9990205680705191	1.0261715191194218	0.16258570029382957	0.059092393078681034	0.9995102840352595	0.9794319294809011	CD3D;MS4A1;CD79A	FCN1;LST1		0.0	0.0	0.0	0.0	0.0	0.47844923277832196
vaccination_study_09	Myeloid_lineage	3	Non-Classical Monocyte	4	2042	0.8821252500714489	0.8821252500714489	0.5864156142574858	0.5	0.13655729676787462	0.6	0.0	0.0	0.0	0.9941234084231146	0.4318478615736207	0.5411361410381978	0.13026444662095985	0.39373163565132224	1.1811178928771517	0.9995102840352595	0.7309010773751224	0.35700293829578844	0.19637610186092067	S100A8;S100A9;VCAN;CD1C	NKG7;GNLY		0.0	0.0	0.0455435847208619	0.0455435847208619	0.0	0.11841332027424095
vaccination_study_09	Myeloid_lineage	3	Conventional DC 2	5	2042	0.47718991140325806	0.5132223310479921	0.11557296767874632	0.4897624877571009	0.446767874632713	0.6	0.0	0.0	0.0	1.0	0.5132223310479921	0.11557296767874632	0.00930460333006856	0.06904995102840353	0.8391731757773125	0.9990205680705191	0.5006121449559255	0.9995102840352595	0.9794319294809011	CLEC4C;LILRA4;S100A8;S100A9	FCN1;LST1		0.0	0.0	0.0004897159647404506	0.0004897159647404506	0.0	0.0012732615083251714
vaccination_study_09	Myeloid_lineage	3	Eosinophil	6	2042	0.48252000571591885	0.48252000571591885	0.46495750279913295	0.4637642833823049	0.0	0.4637642833823049	0.0011932194168280397	0.0011932194168280397	0.0	0.26689520078354556	0.05406464250734574	0.26689520078354556	0.0034280117531831538	0.26346718903036237	1.7922492080623496	0.9985308521057786	0.3832843617368593	0.0	0.0	S100A8;CD3D;MS4A1			0.0	0.0	0.0	0.0	0.0	0.0011932194168280397
vaccination_study_09	Myeloid_lineage	3	Conventional DC 1	7	2042	0.49054372677907976	0.49054372677907976	0.05337904015670911	0.4372992164544564	0.4354554358472086	0.6	0.0	0.0	0.0	0.31145935357492655	0.05778648383937316	0.05337904015670911	0.0	0.051420176297747304	0.7292218833817575	0.9980411361410382	0.26383447600391774	0.9676787463271302	0.9676787463271302	CD1C;FCER1A;CLEC4C;S100A8	HLA-DRA		0.0	0.0	0.0	0.0	0.0	0.0
vaccination_study_09	Myeloid_lineage	3	Plasmacytoid DC	8	2042	0.4380251500428694	0.4380251500428694	0.08227228207639568	0.47554162585700294	0.10071008814887365	0.5762517140058766	0.0	0.0	0.0	0.5215475024485798	0.0853504967119071	0.08227228207639568	0.0014691478942213516	0.06807051909892263	0.8904426733624641	1.0	0.4342801175318315	0.2859941234084231	0.09941234084231144	CD3D;MS4A1;CD1C;FCN1;S100A8	MZB1;XBP1;PRDM1		0.0	0.0	0.0	0.0	0.0	0.0
vaccination_study_09	Myeloid_lineage	3	Basophil	9	2042	0.49301586167476424	0.49301586167476424	0.0	0.45237675481554035	0.009365817825661116	0.46174257264120144	0.0	0.0	0.0	0.010773751224289911	0.0021547502448579824	0.0	0.0	0.0	0.9936497856802667	0.9740450538687562	0.37381651975187724	0.02497551420176298	0.012487757100881488	CD3D;MS4A1;LST1	CLEC4C;FCER1A		0.0	0.0	0.0	0.0	0.0	0.0
vaccination_study_09	Myeloid_lineage	3	Mast Cell	10	2042	0.49957130608745354	0.49957130608745354	0.022001140584714186	0.45237675481554035	0.0	0.45237675481554035	0.0	0.0	0.0	0.0009794319294809011	0.0002448579823702253	0.0009794319294809011	0.0	0.0009794319294809011	1.0840868346209331	0.9740450538687562	0.37381651975187724	0.0	0.0	CD3D;MS4A1;LST1			0.0	0.0	0.0	0.0	0.0	0.0
vaccination_study_09	Myeloid_lineage	4	Classical Monocyte	1	1955	0.9239639897113461	1.0	1.0	0.13746547314578006	0.4256010230179028	0.5630664961636829	0.4369335038363171	0.4369335038363171	0.0	1.0	0.9228260869565217	1.0	0.9943734015345268	0.9979539641943734	1.0331438078443613	0.3135549872122762	0.08324808184143222	0.9457800511508951	0.9457800511508951	FCGR3A;MS4A7;CD1C;CLEC4C	HLA-DRA		0.0	0.0	0.9989769820971867	1.0	0.0	3.035296675191816
vaccination_study_09	Myeloid_lineage	4	Intermediate Monocyte	2	1955	0.8572949414118319	0.99846547314578	1.0	0.06955839727195226	0.3346035805626598	0.40416197783461205	0.595838022165388	0.595838022165388	0.0	1.0	0.8515771526001704	0.99846547314578	0.9289002557544757	0.9631713554987212	1.004007672662748	0.15294117647058825	0.05200341005967604	0.881841432225064	0.46700767263427106	CD1C;CLEC4C;NKG7	VCAN;FCGR3A		0.0	0.0	0.0	0.0	0.0	0.595838022165388
vaccination_study_09	Myeloid_lineage	4	Neutrophil	3	1955	0.9240568733923978	1.0	1.0	0.06850468883205456	0.4447058823529412	0.5132105711849957	0.4867894288150043	0.4867894288150043	0.0	1.0	0.48201193520886615	1.0	0.9974424552429667	0.9994884910485934	1.0271675990634328	0.14987212276214834	0.05251491901108269	0.9989769820971867	0.9667519181585678	CD3D;MS4A1;CD79A	FCN1;LST1		0.0	0.0	0.0	0.0	0.0	0.4867894288150043
vaccination_study_09	Myeloid_lineage	4	Non-Classical Monocyte	4	1955	0.8552264932837954	0.8552264932837954	0.35345268542199487	0.5	0.10108695652173913	0.6	0.0	0.0	0.0	0.9856777493606138	0.2828644501278772	0.35345268542199487	0.04296675191815857	0.25524296675191815	0.7789009611264388	1.0	0.7225063938618925	0.26547314578005116	0.14296675191815855	S100A8;S100A9;VCAN;CD1C	NKG7;GNLY		0.0	0.0	0.004092071611253197	0.0035805626598465474	0.0	0.010127877237851662
vaccination_study_09	Myeloid_lineage	4	Conventional DC 1	5	1955	0.49054372677907976	0.49054372677907976	0.02608695652173913	0.435769820971867	0.4256010230179028	0.6	0.0	0.0	0.0	0.179539641943734	0.0309462915601023	0.02608695652173913	0.0	0.02404092071611253	0.4152066414264329	0.9979539641943734	0.2570332480818414	0.9457800511508951	0.9457800511508951	CD1C;FCER1A;CLEC4C;S100A8	HLA-DRA		0.0	0.0	0.0	0.0	0.0	0.0
vaccination_study_09	Myeloid_lineage	4	Plasmacytoid DC	6	1955	0.4380251500428694	0.4380251500428694	0.04245524296675192	0.4728613810741688	0.06373401534526854	0.5365953964194373	0.0	0.0	0.0	0.1887468030690537	0.0288637194008038	0.04245524296675192	0.0	0.029156010230179028	0.5062017079031442	1.0	0.42209718670076724	0.1815856777493606	0.06172208013640238	CD3D;MS4A1;CD1C;FCN1;S100A8	MZB1;XBP1;PRDM1		0.0	0.0	0.0	0.0	0.0	0.0
vaccination_study_09	Myeloid_lineage	4	Conventional DC 2	7	1955	0.47718991140325806	0.49556692242114236	0.05421994884910486	0.49	0.4447058823529412	0.6	0.0	0.0	0.0	1.0	0.49556692242114236	0.05421994884910486	0.0010230179028132991	0.02557544757033248	0.42916608104565207	1.0	0.5	0.9989769820971867	0.9667519181585678	CLEC4C;LILRA4;S100A8;S100A9	FCN1;LST1		0.0	0.0	0.0	0.0	0.0	0.0
vaccination_study_09	Myeloid_lineage	4	Eosinophil	8	1955	0.48252000571591885	0.48252000571591885	0.1625893453911046	0.4620460358056266	0.0	0.4620460358056266	0.0	0.0	0.0	0.1514066496163683	0.030485933503836316	0.1514066496163683	0.0010230179028132991	0.14680306905370843	1.0447307830989452	0.9979539641943734	0.3764705882352941	0.0	0.0	S100A8;CD3D;MS4A1			0.0	0.0	0.0	0.0	0.0	0.0
vaccination_study_09	Myeloid_lineage	4	Basophil	9	1955	0.49301586167476424	0.49301586167476424	0.0	0.45049616368286444	0.004603580562659847	0.4550997442455243	0.0	0.0	0.0	0.010741687979539642	0.002148337595907928	0.0	0.0	0.0	0.9936497856802667	0.9728900255754476	0.3672634271099744	0.012276214833759591	0.006138107416879795	CD3D;MS4A1;LST1	CLEC4C;FCER1A		0.0	0.0	0.0	0.0	0.0	0.0
vaccination_study_09	Myeloid_lineage	4	Mast Cell	10	1955	0.49957130608745354	0.49957130608745354	0.0	0.45049616368286444	0.0	0.45049616368286444	0.0	0.0	0.0	0.0	0.0	0.0	0.0	0.0	0.9873797128884682	0.9728900255754476	0.3672634271099744	0.0	0.0	CD3D;MS4A1;LST1			0.0	0.0	0.0	0.0	0.0	0.0
vaccination_study_09	Myeloid_lineage	5	Classical Monocyte	1	1941	0.856144612746499	0.9984544049459042	1.0	0.08536579082946935	0.35726429675425037	0.4426300875837197	0.5573699124162803	0.5573699124162803	0.0	0.9994848016486347	0.8297269448737763	0.9984544049459042	0.9510561566202989	0.996393611540443	1.031562796003199	0.1947449768160742	0.05164863472436888	0.7939206594538898	0.7939206594538898	FCGR3A;MS4A7;CD1C;CLEC4C	HLA-DRA		0.0	0.0	0.9979392065945389	0.9994848016486347	0.0	3.1535574446161774
vaccination_study_09	Myeloid_lineage	5	Intermediate Monocyte	2	1941	0.791747642183481	0.9685729005667182	1.0	0.0467490984028851	0.2578438948995363	0.3045929933024214	0.6954070066975786	0.6954070066975786	0.0	1.0	0.7613772969259832	0.9685729005667182	0.7367336424523442	0.8753219989696033	0.9742472366099535	0.10303967027305512	0.034518289541473464	0.6821226172076249	0.35471406491499224	CD1C;CLEC4C;NKG7	VCAN;FCGR3A		0.0	0.0	0.0	0.0	0.0	0.6954070066975786
vaccination_study_09	Myeloid_lineage	5	Neutrophil	3	1941	0.8762717919405545	0.9989696032972695	1.0	0.05441181521552464	0.42418856259659965	0.4786003778121243	0.5213996221878757	0.5213996221878757	0.0	0.9994848016486347	0.4355143396874463	0.9989696032972695	0.9958784131890778	0.9984544049459042	1.0261196880661787	0.11952601751674395	0.040872402541645196	0.973724884080371	0.880473982483256	CD3D;MS4A1;CD79A	FCN1;LST1		0.0	0.0	0.0	0.0	0.0	0.5213996221878757
vaccination_study_09	Myeloid_lineage	5	Non-Classical Monocyte	4	1941	0.7902829379822807	0.7902829379822807	0.2282328696548171	0.5	0.0839644513137558	0.5839644513137559	0.0	0.0	0.0	0.9227202472952086	0.23355658595225826	0.2282328696548171	0.020607934054611025	0.15404430705821742	0.5105473658300207	0.9989696032972695	0.6653786707882534	0.2199896960329727	0.11978361669242658	S100A8;S100A9;VCAN;CD1C	NKG7;GNLY		0.0	0.0	0.0030911901081916537	0.0030911901081916537	0.0	0.0080370942812983
vaccination_study_09	Myeloid_lineage	5	Conventional DC 1	5	1941	0.49054372677907976	0.49054372677907976	0.01648634724368882	0.43391293147861926	0.35726429675425037	0.6	0.0	0.0	0.0	0.11128284389489954	0.018890606216726773	0.01648634724368882	0.0	0.015971148892323546	0.3047446596412587	0.996393611540443	0.25128799587841316	0.7939206594538898	0.7939206594538898	CD1C;FCER1A;CLEC4C;S100A8	HLA-DRA		0.0	0.0	0.0	0.0	0.0	0.0
vaccination_study_09	Myeloid_lineage	5	Plasmacytoid DC	6	1941	0.4380251500428694	0.4380251500428694	0.025244719216898505	0.4665512622359609	0.0469345698093766	0.5134858320453375	0.0	0.0	0.0	0.1561051004636785	0.02340472510487967	0.025244719216898505	0.0	0.014940752189592994	0.3401173277086723	0.9984544049459042	0.3960844925296239	0.13395157135497165	0.044993989352567404	CD3D;MS4A1;CD1C;FCN1;S100A8	MZB1;XBP1;PRDM1		0.0	0.0	0.0	0.0	0.0	0.0
vaccination_study_09	Myeloid_lineage	5	Conventional DC 2	7	1941	0.47718991140325806	0.47718991140325806	0.020607934054611025	0.48943843379701185	0.42418856259659965	0.6	0.0	0.0	0.0	0.994332818134982	0.4365447363901769	0.020607934054611025	0.0	0.012364760432766615	0.20454527514473825	0.9989696032972695	0.49922720247295205	0.973724884080371	0.880473982483256	CLEC4C;LILRA4;S100A8;S100A9	FCN1;LST1		0.0	0.0	0.0	0.0	0.0	0.0
vaccination_study_09	Myeloid_lineage	5	Eosinophil	8	1941	0.48252000571591885	0.48252000571591885	0.061823802163833076	0.45933024214322515	0.0	0.45933024214322515	0.0	0.0	0.0	0.061823802163833076	0.012364760432766615	0.061823802163833076	0.0	0.0592478104070067	0.46489123749307765	0.996393611540443	0.36682122617207624	0.0	0.0	S100A8;CD3D;MS4A1			0.0	0.0	0.0	0.0	0.0	0.0
vaccination_study_09	Myeloid_lineage	5	Basophil	9	1941	0.49301586167476424	0.49301586167476424	0.0	0.4140099605014598	0.001545595054095827	0.4155555555555556	0.0	0.0	0.0	0.00927357032457496	0.0018547140649149926	0.0	0.0	0.0	0.9936497856802667	0.8985059247810407	0.3298986776575648	0.004121586810922205	0.0020607934054611026	CD3D;MS4A1;LST1	CLEC4C;FCER1A		0.0	0.0	0.0	0.0	0.0	0.0
vaccination_study_09	Myeloid_lineage	5	Mast Cell	10	1941	0.49957130608745354	0.49957130608745354	0.0	0.4140099605014598	0.0	0.4140099605014598	0.0	0.0	0.0	0.0	0.0	0.0	0.0	0.0	0.9873797128884682	0.8985059247810407	0.3298986776575648	0.0	0.0	CD3D;MS4A1;LST1			0.0	0.0	0.0	0.0	0.0	0.0
vaccination_study_09	Myeloid_lineage	6	Classical Monocyte	1	1747	0.9066519005430123	1.0	1.0	0.24	0.44896966227819113	0.6	0.4	0.4	0.0	1.0	0.9202919290211792	1.0	0.9931310818546079	0.9942759015455066	1.0331438078443613	0.5334859759587864	0.16943331425300517	0.9977103606182026	0.9977103606182026	FCGR3A;MS4A7;CD1C;CLEC4C	HLA-DRA		0.0	0.0	0.979965655409273	0.9994275901545506	0.0	2.9673726388093873
vaccination_study_09	Myeloid_lineage	6	Non-Classical Monocyte	2	1747	0.9110460131466133	0.9110460131466133	0.6740035921222081	0.5	0.12763308528906697	0.6	0.07400359212220808	0.07400359212220808	0.0	0.9959931310818546	0.444953253195955	0.5981682884945622	0.21293646250715512	0.4184315970234688	1.3033412145105834	1.0	0.6813108185460789	0.3325701202060675	0.1857469948483114	S100A8;S100A9;VCAN;CD1C	NKG7;GNLY		0.0	0.0	0.20721236405266172	0.20721236405266172	0.0	0.6127557386591286
vaccination_study_09	Myeloid_lineage	6	Intermediate Monocyte	3	1747	0.948249499857102	1.0	1.0	0.096809769128029	0.3075558099599313	0.40436557908796034	0.5956344209120397	0.5956344209120397	0.0	1.0	0.8983018507918336	1.0	0.994848311390956	0.9977103606182026	1.0055354163253425	0.21179164281625643	0.07422247662659798	0.795649685174585	0.45907269605037204	CD1C;CLEC4C;NKG7	VCAN;FCGR3A		0.0	0.0	0.004006868918145392	0.004006868918145392	0.0	0.6060522800992176
vaccination_study_09	Myeloid_lineage	6	Neutrophil	4	1747	0.8884824235495856	1.0	1.0	0.07778286586529289	0.4484974241556955	0.5262802900209884	0.4737197099790116	0.4737197099790116	0.0	1.0	0.4632703682503339	1.0	0.9931310818546079	0.9988551803091014	1.0271675990634328	0.1700057240984545	0.059912230490364426	1.0	0.9899828277046365	CD3D;MS4A1;CD79A	FCN1;LST1		0.0	0.0	0.0	0.0	0.0	0.4737197099790116
vaccination_study_09	Myeloid_lineage	6	Conventional DC 2	5	1747	0.47718991140325806	0.5280480824270177	0.18710716724977902	0.4897481396680023	0.4484974241556955	0.6	0.0	0.0	0.0	1.0	0.5280480824270177	0.15741270749856898	0.014310246136233544	0.12707498568975387	1.1187778390048402	1.0	0.49885518030910136	1.0	0.9899828277046365	CLEC4C;LILRA4;S100A8;S100A9	FCN1;LST1		0.0	0.0	0.0005724098454493417	0.0005724098454493417	0.0	0.0014882655981682885
vaccination_study_09	Myeloid_lineage	6	Plasmacytoid DC	6	1747	0.4380251500428694	0.4380251500428694	0.14331273652812082	0.4753291356611334	0.09805380652547224	0.5733829421866057	0.0	0.0	0.0	0.40526617057813397	0.06811677160847167	0.10818546078992558	0.0045792787635947334	0.06296508299942759	1.140509102952781	1.0	0.4333142530051517	0.27761877504293075	0.09845449341728678	CD3D;MS4A1;CD1C;FCN1;S100A8	MZB1;XBP1;PRDM1		0.0	0.0	0.0	0.0	0.0	0.0
vaccination_study_09	Myeloid_lineage	6	Conventional DC 1	7	1747	0.49054372677907976	0.49054372677907976	0.14710297473080797	0.4352146536920435	0.44896966227819113	0.6	0.0	0.0	0.0	0.41785918717801945	0.07851555046746804	0.09502003434459072	0.0	0.09502003434459072	1.208331761544869	0.994848311390956	0.25987406983400113	0.9977103606182026	0.9977103606182026	CD1C;FCER1A;CLEC4C;S100A8	HLA-DRA		0.0	0.0	0.0	0.0	0.0	0.0
vaccination_study_09	Myeloid_lineage	6	Eosinophil	8	1747	0.48252000571591885	0.48252000571591885	0.21578079466734393	0.4613661514978058	0.0	0.4613661514978058	0.0	0.0	0.0	0.17172295363480253	0.034917000572409845	0.17172295363480253	0.0028620492272467086	0.17115054378935318	1.1762313641301656	0.994848311390956	0.37874451440564777	0.0	0.0	S100A8;CD3D;MS4A1			0.0	0.0	0.0	0.0	0.0	0.0
vaccination_study_09	Myeloid_lineage	6	Basophil	9	1747	0.49301586167476424	0.49301586167476424	0.013204229271816328	0.4579507727532913	0.0032198053806525477	0.46117057813394385	0.0	0.0	0.0	0.048082427017744706	0.00961648540354894	0.0005724098454493417	0.0	0.0005724098454493417	1.050527277705468	0.9874069834001145	0.3760732684602175	0.008586147681740127	0.004293073840870063	CD3D;MS4A1;LST1	CLEC4C;FCER1A		0.0	0.0	0.0	0.0	0.0	0.0
vaccination_study_09	Myeloid_lineage	6	Mast Cell	10	1747	0.49957130608745354	0.49957130608745354	0.0	0.4579507727532913	0.0	0.4579507727532913	0.0	0.0	0.0	0.0005724098454493417	0.00014310246136233542	0.0	0.0	0.0	0.9873797128884682	0.9874069834001145	0.3760732684602175	0.0	0.0	CD3D;MS4A1;LST1			0.0	0.0	0.0	0.0	0.0	0.0
vaccination_study_09	Myeloid_lineage	7	Classical Monocyte	1	1693	0.855365818805373	1.0	1.0	0.23992025989367985	0.44973419964559946	0.6	0.4	0.4	0.0	1.0	0.9046810395747193	1.0	0.9793266391021854	0.9864146485528648	1.0331438078443613	0.538098050797401	0.1611045481393975	0.9994093325457767	0.9994093325457767	FCGR3A;MS4A7;CD1C;CLEC4C	HLA-DRA		0.0	0.0	0.9940933254577673	0.997637330183107	0.0	2.9881866509155346
vaccination_study_09	Myeloid_lineage	7	Intermediate Monocyte	2	1693	0.9397256358959702	1.0	1.0	0.09069895648749754	0.27364146485528645	0.364340421342784	0.635659578657216	0.635659578657216	0.0	1.0	0.8931876353612916	1.0	0.9917306556408741	0.9994093325457767	1.0055354163253425	0.19787359716479622	0.07048631620397716	0.7129356172474897	0.3984051978735972	CD1C;CLEC4C;NKG7	VCAN;FCGR3A		0.0	0.0	0.0005906674542232723	0.0005906674542232723	0.0	0.6371953140381965
vaccination_study_09	Myeloid_lineage	7	Neutrophil	3	1693	0.8381823378108031	0.997637330183107	1.0	0.03310887970072848	0.4481836975782634	0.4812925772789919	0.5187074227210081	0.5187074227210081	0.0	0.9982279976373302	0.47361685371136053	0.997637330183107	0.9692852923803899	0.9911399881866509	1.0247647694761084	0.07265209686946249	0.025004922228785195	0.9994093325457767	0.9890726520968695	CD3D;MS4A1;CD79A	FCN1;LST1		0.0	0.0	0.0	0.0	0.0	0.5187074227210081
vaccination_study_09	Myeloid_lineage	7	Non-Classical Monocyte	4	1693	0.9064304086881966	0.9064304086881966	0.5753999365367046	0.5	0.08031600708800946	0.5803160070880095	0.0	0.0	0.0	0.9988186650915535	0.4177987792872613	0.5339633786178382	0.10632014176018902	0.40578854105138806	1.165746231675466	0.9988186650915535	0.6761665682220909	0.21027761370348494	0.11488481984642646	S100A8;S100A9;VCAN;CD1C	NKG7;GNLY		0.0	0.0	0.12226816302421736	0.12049616066154754	0.0	0.3161252215002953
vaccination_study_09	Myeloid_lineage	7	Conventional DC 2	5	1693	0.47718991140325806	0.5448907265209687	0.41032226803437	0.4874453632604844	0.4481836975782634	0.6	0.0	0.0	0.0	1.0	0.5448907265209687	0.2409923213230951	0.02835203780271707	0.16538688718251623	1.6773197868450997	0.997637330183107	0.4924689899586533	0.9994093325457767	0.9890726520968695	CLEC4C;LILRA4;S100A8;S100A9	FCN1;LST1		0.0	0.0	0.0029533372711163615	0.002362669816893089	0.0	0.0070880094506792675
vaccination_study_09	Myeloid_lineage	7	Plasmacytoid DC	6	1693	0.4380251500428694	0.4380251500428694	0.0637920850561134	0.4729639692852924	0.10815121086828114	0.5811151801535736	0.0	0.0	0.0	0.22504430005906675	0.03476499873428403	0.0637920850561134	0.0005906674542232723	0.04311872415829888	0.7121057376250232	1.0	0.42256349675132904	0.305965741287655	0.10907658987989761	CD3D;MS4A1;CD1C;FCN1;S100A8	MZB1;XBP1;PRDM1		0.0	0.0	0.0	0.0	0.0	0.0
vaccination_study_09	Myeloid_lineage	7	Conventional DC 1	7	1693	0.49054372677907976	0.49054372677907976	0.11076819918697689	0.4324601299468399	0.44973419964559946	0.6	0.0	0.0	0.0	0.364441819255759	0.06871431384130734	0.08564678086237448	0.0	0.08505611340815121	1.1004856732984096	0.9816893089190786	0.27008269344359126	0.9994093325457767	0.9994093325457767	CD1C;FCER1A;CLEC4C;S100A8	HLA-DRA		0.0	0.0	0.0	0.0	0.0	0.0
vaccination_study_09	Myeloid_lineage	7	Eosinophil	8	1693	0.48252000571591885	0.48252000571591885	0.12226816302421736	0.44704075605434135	0.0	0.44704075605434135	0.0	0.0	0.0	0.12226816302421736	0.024453632604843473	0.12226816302421736	0.0	0.119314825753101	0.8561271909415572	0.9763733018310691	0.3455404607206143	0.0	0.0	S100A8;CD3D;MS4A1			0.0	0.0	0.0	0.0	0.0	0.0
vaccination_study_09	Myeloid_lineage	7	Basophil	9	1693	0.49301586167476424	0.49301586167476424	0.013676028606721527	0.45404607206142944	0.005537507383343178	0.4595835794447726	0.0	0.0	0.0	0.02008269344359126	0.004016538688718251	0.0005906674542232723	0.0	0.0005906674542232723	1.052341444609993	0.9917306556408741	0.35085646780862373	0.014766686355581808	0.007383343177790904	CD3D;MS4A1;LST1	CLEC4C;FCER1A		0.0	0.0	0.0	0.0	0.0	0.0
vaccination_study_09	Myeloid_lineage	7	Mast Cell	10	1693	0.49957130608745354	0.49957130608745354	0.0120159222104287	0.45404607206142944	0.0	0.45404607206142944	0.0	0.0	0.0	0.0005906674542232723	0.00014766686355581807	0.0005906674542232723	0.0	0.0005906674542232723	1.0457010190248217	0.9917306556408741	0.35085646780862373	0.0	0.0	CD3D;MS4A1;LST1			0.0	0.0	0.0	0.0	0.0	0.0
vaccination_study_09	Myeloid_lineage	8	Classical Monocyte	1	1661	0.9243712489282652	1.0	1.0	0.15119205298013244	0.4388922335942203	0.5900842865743527	0.40991571342564725	0.40991571342564725	0.0	1.0	0.9139825406381699	1.0	0.9963877182420229	0.9957856712823601	1.0331438078443613	0.3443708609271523	0.09241420830824805	0.975316074653823	0.975316074653823	FCGR3A;MS4A7;CD1C;CLEC4C	HLA-DRA		0.0	0.0	1.0	0.9993979530403372	0.0	3.0093136664659843
vaccination_study_09	Myeloid_lineage	8	Intermediate Monocyte	2	1661	0.8819734209774222	1.0	1.0	0.05453341360626129	0.3376128838049368	0.3921462974111981	0.6078537025888019	0.6078537025888019	0.0	1.0	0.8680513746738913	1.0	0.9650812763395545	0.9819385912101144	1.0055354163253425	0.11980734497290789	0.04093919325707405	0.8946417820590006	0.46146899458157736	CD1C;CLEC4C;NKG7	VCAN;FCGR3A		0.0	0.0	0.0	0.0	0.0	0.6078537025888019
vaccination_study_09	Myeloid_lineage	8	Neutrophil	3	1661	0.9327593598170906	0.9987959060806743	1.0	0.030198675496688743	0.44638771824202284	0.4765863937387116	0.5234136062612884	0.5234136062612884	0.0	0.9993979530403372	0.5476620509733093	0.9987959060806743	0.9957856712823601	0.9987959060806743	1.025943038409808	0.06622516556291391	0.022877784467188442	1.0	0.9759181216134858	CD3D;MS4A1;CD79A	FCN1;LST1		0.0	0.0	0.0	0.0	0.0	0.5234136062612884
vaccination_study_09	Myeloid_lineage	8	Non-Classical Monocyte	4	1661	0.8492855101457559	0.8492855101457559	0.3431667670078266	0.5	0.06976219145093317	0.5697621914509332	0.0	0.0	0.0	0.983744732089103	0.28667469395946216	0.3431667670078266	0.02588801926550271	0.3016255267910897	0.7568576194200441	1.0	0.727423239012643	0.18422636965683323	0.09662853702588803	S100A8;S100A9;VCAN;CD1C	NKG7;GNLY		0.0	0.0	0.00481637567730283	0.00481637567730283	0.0	0.012522576760987357
vaccination_study_09	Myeloid_lineage	8	Conventional DC 1	5	1661	0.49054372677907976	0.49054372677907976	0.029500301023479832	0.43535219747140275	0.4388922335942203	0.6	0.0	0.0	0.0	0.21553281155930162	0.03762793497892836	0.029500301023479832	0.0	0.029500301023479832	0.4544796487177343	0.9957856712823601	0.2588801926550271	0.975316074653823	0.975316074653823	CD1C;FCER1A;CLEC4C;S100A8	HLA-DRA		0.0	0.0	0.0	0.0	0.0	0.0
vaccination_study_09	Myeloid_lineage	8	Plasmacytoid DC	6	1661	0.4380251500428694	0.4380251500428694	0.03732691149909693	0.4707645996387719	0.09846478025285972	0.5692293798916316	0.0	0.0	0.0	0.16074653822998194	0.023995871677990884	0.03732691149909693	0.0	0.02588801926550271	0.4567124671562123	0.9993979530403372	0.4136062612883805	0.27874774232390126	0.09893638370459562	CD3D;MS4A1;CD1C;FCN1;S100A8	MZB1;XBP1;PRDM1		0.0	0.0	0.0	0.0	0.0	0.0
vaccination_study_09	Myeloid_lineage	8	Conventional DC 2	7	1661	0.47718991140325806	0.506823198876179	0.0806742925948224	0.48927754364840453	0.44638771824202284	0.6	0.0	0.0	0.0	1.0	0.506823198876179	0.0806742925948224	0.003612281757977122	0.044551475015051176	0.605953936462052	0.9987959060806743	0.49879590608067426	1.0	0.9759181216134858	CLEC4C;LILRA4;S100A8;S100A9	FCN1;LST1		0.0	0.0	0.0	0.0	0.0	0.0
vaccination_study_09	Myeloid_lineage	8	Eosinophil	8	1661	0.48252000571591885	0.48252000571591885	0.1570938062181559	0.4560666265302027	0.0	0.4560666265302027	0.0	0.0	0.0	0.1493076459963877	0.029861529199277544	0.1493076459963877	0.0	0.14870559903672487	1.0311446408870728	0.9963877182420229	0.35199678908288184	0.0	0.0	S100A8;CD3D;MS4A1			0.0	0.0	0.0	0.0	0.0	0.0
vaccination_study_09	Myeloid_lineage	8	Basophil	9	1661	0.49301586167476424	0.49301586167476424	0.0	0.44501705799719043	0.003612281757977122	0.44862933975516756	0.0	0.0	0.0	0.010836845273931367	0.0021673690547862733	0.0	0.0	0.0	0.9936497856802667	0.9723058398555088	0.3433674493277142	0.00963275135460566	0.00481637567730283	CD3D;MS4A1;LST1	CLEC4C;FCER1A		0.0	0.0	0.0	0.0	0.0	0.0
vaccination_study_09	Myeloid_lineage	8	Mast Cell	10	1661	0.49957130608745354	0.49957130608745354	0.0	0.44501705799719043	0.0	0.44501705799719043	0.0	0.0	0.0	0.0	0.0	0.0	0.0	0.0	0.9873797128884682	0.9723058398555088	0.3433674493277142	0.0	0.0	CD3D;MS4A1;LST1			0.0	0.0	0.0	0.0	0.0	0.0
vaccination_study_09	Myeloid_lineage	9	Classical Monocyte	1	1616	0.8679694198342384	1.0	1.0	0.1495111386138614	0.44108910891089104	0.5906002475247525	0.4093997524752475	0.4093997524752475	0.0	1.0	0.8862933168316832	1.0	0.9826732673267327	0.9987623762376238	1.0331438078443613	0.3409653465346535	0.0906559405940594	0.9801980198019802	0.9801980198019802	FCGR3A;MS4A7;CD1C;CLEC4C	HLA-DRA		0.0	0.0	0.9956683168316832	0.9987623762376238	0.0	3.0012314356435645
vaccination_study_09	Myeloid_lineage	9	Intermediate Monocyte	2	1616	0.8598635324378394	0.9981435643564357	1.0	0.04277640264026403	0.28904702970297025	0.3318234323432343	0.6681765676567657	0.6681765676567657	0.0	1.0	0.8656146864686468	0.9981435643564357	0.9573019801980198	0.9801980198019802	1.0036871868325379	0.09405940594059406	0.03197194719471947	0.7648514851485149	0.3972772277227723	CD1C;CLEC4C;NKG7	VCAN;FCGR3A		0.0	0.0	0.0	0.0	0.0	0.6681765676567657
vaccination_study_09	Myeloid_lineage	9	Neutrophil	3	1616	0.8695734495570163	0.9993811881188119	1.0	0.03398927392739274	0.44466274752475243	0.4786520214521452	0.5213479785478548	0.5213479785478548	0.0	0.9993811881188119	0.47772277227722776	0.9993811881188119	0.9962871287128713	0.9987623762376238	1.0265382688512823	0.07487623762376237	0.025165016501650164	0.9987623762376238	0.9668935643564356	CD3D;MS4A1;CD79A	FCN1;LST1		0.0	0.0	0.0	0.0	0.0	0.5213479785478548
vaccination_study_09	Myeloid_lineage	9	Non-Classical Monocyte	4	1616	0.8486013861103172	0.8486013861103172	0.3613861386138614	0.5	0.0604269801980198	0.5604269801980198	0.0	0.0	0.0	0.9900990099009901	0.31208745874587457	0.3613861386138614	0.037747524752475246	0.2902227722772277	0.7959028283956866	0.9993811881188119	0.6921410891089109	0.15965346534653466	0.08353960396039603	S100A8;S100A9;VCAN;CD1C	NKG7;GNLY		0.0	0.0	0.009282178217821782	0.008663366336633664	0.0	0.023514851485148515
vaccination_study_09	Myeloid_lineage	9	Conventional DC 1	5	1616	0.49054372677907976	0.49054372677907976	0.022277227722772276	0.43623143564356437	0.44108910891089104	0.6	0.0	0.0	0.0	0.17636138613861385	0.031146864686468646	0.022277227722772276	0.0	0.021658415841584157	0.3713729449380167	0.9987623762376238	0.25773514851485146	0.9801980198019802	0.9801980198019802	CD1C;FCER1A;CLEC4C;S100A8	HLA-DRA		0.0	0.0	0.0006188118811881188	0.0006188118811881188	0.0	0.001608910891089109
vaccination_study_09	Myeloid_lineage	9	Plasmacytoid DC	6	1616	0.4380251500428694	0.4380251500428694	0.03589108910891089	0.47020544554455446	0.05665222772277228	0.5268576732673267	0.0	0.0	0.0	0.1280940594059406	0.019359971711456862	0.03589108910891089	0.0006188118811881188	0.024752475247524754	0.44285654532551116	1.0	0.4100247524752475	0.16150990099009901	0.054661716171617164	CD3D;MS4A1;CD1C;FCN1;S100A8	MZB1;XBP1;PRDM1		0.0	0.0	0.0	0.0	0.0	0.0
vaccination_study_09	Myeloid_lineage	9	Conventional DC 2	7	1616	0.47718991140325806	0.504950495049505	0.06683168316831684	0.4896627475247525	0.44466274752475243	0.6	0.0	0.0	0.0	1.0	0.504950495049505	0.06683168316831684	0.0006188118811881188	0.03527227722772277	0.5134471913542692	0.9993811881188119	0.4995358910891089	0.9987623762376238	0.9668935643564356	CLEC4C;LILRA4;S100A8;S100A9	FCN1;LST1		0.0	0.0	0.0	0.0	0.0	0.0
vaccination_study_09	Myeloid_lineage	9	Eosinophil	8	1616	0.48252000571591885	0.48252000571591885	0.08292079207920793	0.4575825082508251	0.0	0.4575825082508251	0.0	0.0	0.0	0.08292079207920793	0.016584158415841585	0.08292079207920793	0.0	0.08168316831683169	0.6014449349256583	0.9987623762376238	0.3547854785478548	0.0	0.0	S100A8;CD3D;MS4A1			0.0	0.0	0.0	0.0	0.0	0.0
vaccination_study_09	Myeloid_lineage	9	Basophil	9	1616	0.49301586167476424	0.49301586167476424	0.0	0.447256600660066	0.00255259900990099	0.449809199669967	0.0	0.0	0.0	0.009282178217821782	0.0018564356435643563	0.0	0.0	0.0	0.9936497856802667	0.9764851485148515	0.3463283828382839	0.006806930693069307	0.0034034653465346535	CD3D;MS4A1;LST1	CLEC4C;FCER1A		0.0	0.0	0.0	0.0	0.0	0.0
vaccination_study_09	Myeloid_lineage	9	Mast Cell	10	1616	0.49957130608745354	0.49957130608745354	0.0	0.447256600660066	0.0	0.447256600660066	0.0	0.0	0.0	0.0	0.0	0.0	0.0	0.0	0.9873797128884682	0.9764851485148515	0.3463283828382839	0.0	0.0	CD3D;MS4A1;LST1			0.0	0.0	0.0	0.0	0.0	0.0
