study	lineage	cluster	candidate_label	rank_within_cluster	n_cells	marker_pct	marker_decision_score	marker_base_score	negative_marker_penalty	confound_marker_penalty	marker_penalty	marker_discriminative_score	marker_gate_score	key_marker_bonus	marker_any_fraction	marker_mean_positive_fraction	key_marker_any_fraction	key_marker_two_fraction	key_marker_max_fraction	key_marker_enrichment	negative_marker_any_fraction	negative_marker_mean_positive_fraction	confound_marker_any_fraction	confound_marker_mean_positive_fraction	available_negative_markers	available_confound_markers	available_policy_required_markers	policy_required_any_fraction	policy_required_mean_positive_fraction	ref_fraction	raw_fraction	screfmapping_fraction	total_score
vaccination_study_09	T_NK_lineage	0	NK Cell	1	7828	0.9663296656187482	1.0	1.0	0.13412046499744507	0.030822049054675525	0.1649425140521206	0.8350574859478794	0.8350574859478794	0.0	1.0	0.8283565406234032	1.0	0.984925907000511	0.9992335206949412	2.3792890026413467	0.3021205927439959	0.0877938170669392	0.08150229943791518	0.04247572815533981	CD3D;CD3E;MS4A1;LST1	CD8A;CD8B		0.0	0.0	0.9925907000510986	0.991951967296883	0.0	3.41515457332652
vaccination_study_09	T_NK_lineage	0	NKT Cell	2	7828	0.9241104601314661	0.9992335206949412	1.0	0.04753960143076137	0.030822049054675525	0.07836165048543689	0.9216383495145631	0.9216383495145631	0.0	1.0	0.5074518821325158	0.9992335206949412	0.19724067450178845	0.9992335206949412	1.170461651015981	0.09670413898824731	0.04905467552376086	0.08150229943791518	0.04247572815533981	MS4A1;LST1	CD8A;CD8B		0.0	0.0	0.0	0.0	0.0	0.9216383495145631
vaccination_study_09	T_NK_lineage	0	CD8 Cytotoxic / T Effector Memory	3	7828	0.9325700200057159	0.9998722534491569	1.0	0.05070452222789985	0.3712346704138988	0.42193919264179863	0.5780608073582014	0.5780608073582014	0.0	1.0	0.5748827054396805	0.9998722534491569	0.96282575370465	0.9992335206949412	2.160386791202778	0.11573837506387327	0.03056336228921819	0.8928206438426163	0.689256515074093	CCR7;TCF7;LEF1;MS4A1	KLRD1;FCGR3A		0.0	0.0	0.036535513541134386	0.03602452733776188	0.0	0.6725421563617784
vaccination_study_09	T_NK_lineage	0	MAIT Cell	4	7828	0.47511253215204347	0.8371231476750127	1.0	0.04753960143076137	0.44324220746039855	0.4907818088911599	0.50921819110884	0.50921819110884	0.0	0.8847726111394992	0.22593254982115485	0.8371231476750127	0.8371231476750127	0.8371231476750127	2.6919245984717497	0.09670413898824731	0.04905467552376086	1.0	0.9549480497359903	MS4A1;LST1	NKG7;GNLY;GZMB		0.0	0.0	0.0048543689320388345	0.00012774655084312725	0.0	0.5171129279509453
vaccination_study_09	T_NK_lineage	0	CD4 T Effector Memory	5	7828	0.6261717633609603	0.7687787429739397	1.0	0.04621274058933742	0.4416549565661727	0.48786769715551015	0.5121323028444899	0.5121323028444899	0.0	0.9854368932038835	0.30703883495145634	0.7687787429739397	0.024271844660194174	0.7608584568216659	2.0468127796280973	0.10117526826775677	0.03530063021631749	1.0	0.944366377107818	CCR7;TCF7;LEF1	NKG7;GNLY;GZMB;PRF1		0.0	0.0	0.0	0.0	0.00012774655084312725	0.5122855987055016
vaccination_study_09	T_NK_lineage	0	CD4 Naive / T Central Memory	6	7828	0.16880715918833952	0.16880715918833952	0.08737864077669903	0.5	0.030822049054675525	0.5308220490546756	0.0	0.0	0.0	0.476877874297394	0.0726735933685346	0.08737864077669903	0.0017884517118037812	0.07370975983648441	0.19221371276276328	1.0	0.944366377107818	0.08150229943791518	0.04247572815533981	NKG7;GNLY;GZMB;PRF1	CD8A;CD8B		0.0	0.0	0.00012774655084312725	0.00012774655084312725	0.0	0.0003321410321921309
vaccination_study_09	T_NK_lineage	0	Treg	7	7828	0.2029651328951129	0.3819621870209504	0.20993389115993866	0.5	0.03290112416964742	0.5329011241696474	0.0	0.0	0.0	0.3819621870209504	0.1173032703117016	0.3819621870209504	0.0	0.1173032703117016	0.44932155255392314	1.0	0.7336803781297904	0.08737864077669903	0.0445835462442514	NKG7;GNLY;GZMB;CD8A	CCR7;TCF7		0.0	0.0	0.00012774655084312725	0.00012774655084312725	0.0	0.0003321410321921309
vaccination_study_09	T_NK_lineage	0	CD8 Naive / T Central Memory	8	7828	0.09919619891397542	0.15074092999489014	0.15074092999489014	0.5	0.0	0.5	0.0	0.0	0.0	0.48288196218702095	0.07430591040708569	0.15074092999489014	0.007920286152273888	0.07370975983648441	0.280733306099655	1.0	0.944366377107818	0.0	0.0	NKG7;GNLY;GZMB;PRF1			0.0	0.0	0.0	0.0	0.0	0.0
vaccination_study_09	T_NK_lineage	0	gdT Cell	9	7828	0.2106923406687625	0.2298160449667859	0.16268203883495147	0.04753960143076137	0.4468765968318855	0.4944161982626469	0.0	0.0	0.0	0.2298160449667859	0.12653295861011754	0.2298160449667859	0.0	0.12653295861011754	0.2812237391356823	0.09670413898824731	0.04905467552376086	0.9998722534491569	0.9794328053142565	MS4A1;LST1	NKG7;GNLY		0.0	0.0	0.0	0.0	0.0	0.0
vaccination_study_09	T_NK_lineage	1	CD8 Naive / T Central Memory	1	7394	0.892897970848814	0.892897970848814	0.9786112595162733	0.07516635109548282	0.0	0.07516635109548282	0.9034449084207904	0.9034449084207904	0.0	0.9991885312415472	0.5762179544976408	0.8289153367595348	0.4311604003245875	0.5362456045442251	1.4651618354683926	0.17094941844738978	0.04638896402488504	0.0	0.0	NKG7;GNLY;GZMB;PRF1			0.0	0.0	0.953611035975115	0.9284555044630781	0.0	3.3576780704440528
vaccination_study_09	T_NK_lineage	1	CD4 Naive / T Central Memory	2	7394	0.7596991997713632	0.7596991997713632	0.8365591672302757	0.07516635109548282	0.3194346767649445	0.39460102786042733	0.44195813936984835	0.44195813936984835	0.0	0.9994590208276981	0.5623328224085595	0.7242358669191236	0.23316202326210442	0.5362456045442251	1.4492932012446085	0.17094941844738978	0.04638896402488504	0.7945631593183663	0.5404381931295645	NKG7;GNLY;GZMB;PRF1	CD8A;CD8B		0.0	0.0	0.5954828239112794	0.5954828239112794	0.7562888828780092	2.897760140992786
vaccination_study_09	T_NK_lineage	1	gdT Cell	3	7394	0.7188339525578737	0.9387341087368136	0.8210677576413308	0.05232485799296727	0.050970381390316476	0.10329523938328375	0.717772518258047	0.717772518258047	0.0	0.9387341087368136	0.7577089532053016	0.9387341087368136	0.0	0.7577089532053016	1.1125467169699925	0.10657289694346768	0.05375980524749797	0.13456856911008927	0.0706654043819313	MS4A1;LST1	NKG7;GNLY		0.0	0.0	0.0	0.0	0.0	0.717772518258047
vaccination_study_09	T_NK_lineage	1	NKT Cell	4	7394	0.5783402400685911	0.825804706518799	0.825804706518799	0.05232485799296727	0.3194346767649445	0.3717595347579118	0.4540451717608872	0.4540451717608872	0.0	0.9488774682174737	0.2791227121089172	0.825804706518799	0.060589667297809034	0.811604003245875	0.9693270552937002	0.10657289694346768	0.05375980524749797	0.7945631593183663	0.5404381931295645	MS4A1;LST1	CD8A;CD8B		0.0	0.0	0.0	0.0	0.0	0.4540451717608872
vaccination_study_09	T_NK_lineage	1	CD8 Cytotoxic / T Effector Memory	5	7394	0.7436874821377537	0.7436874821377537	0.48290200408881745	0.38781850148769276	0.008327698133621856	0.3961461996213146	0.08675580446750286	0.08675580446750286	0.0	0.9876927238301325	0.2619199842624241	0.4740329997295104	0.05693805788477144	0.39275087909115497	1.0354760174372282	0.8243170137949689	0.33899107384365706	0.022180146064376523	0.011157695428725994	CCR7;TCF7;LEF1;MS4A1	KLRD1;FCGR3A		0.0	0.0	0.023532593995131187	0.021368677305923723	0.0	0.14577663216563647
vaccination_study_09	T_NK_lineage	1	Treg	6	7394	0.6875089311231781	0.9392750879091155	0.5760346226670273	0.213078847714363	0.2890756018393292	0.5021544495536922	0.07388017311333517	0.07388017311333517	0.0	0.9392750879091155	0.3804436029212876	0.9392750879091155	0.0	0.3804436029212876	1.0881910817516884	0.48120097376251014	0.1373748985664052	0.7242358669191236	0.47869894509061406	NKG7;GNLY;GZMB;CD8A	CCR7;TCF7		0.0	0.0	0.0001352447930754666	0.0	0.008926156342980796	0.08480795239383287
vaccination_study_09	T_NK_lineage	1	CD4 T Effector Memory	7	7394	0.5424639182623607	0.5424639182623607	0.08114687584527995	0.4110612208096655	0.05824317013794969	0.4693043909476152	0.0	0.0	0.0	0.9810657289694347	0.3060927779280498	0.08114687584527995	0.008790911549905328	0.0724912090884501	0.23955531912808953	0.8228293210711387	0.44720944910287624	0.17094941844738978	0.04638896402488504	CCR7;TCF7;LEF1	NKG7;GNLY;GZMB;PRF1		0.0	0.0	0.0005409791723018664	0.0005409791723018664	0.018799026237489858	0.02396537733297268
vaccination_study_09	T_NK_lineage	1	NK Cell	8	7394	0.19795655901686196	0.19795655901686196	0.14241276710846631	0.4481390316472816	0.3194346767649445	0.6	0.0	0.0	0.0	0.26981336218555585	0.03849404922910468	0.14241276710846631	0.008790911549905328	0.07424939139843116	0.3590435847953571	0.9444143900459833	0.4057343792263998	0.7945631593183663	0.5404381931295645	CD3D;CD3E;MS4A1;LST1	CD8A;CD8B		0.0	0.0	0.0001352447930754666	0.0001352447930754666	0.0	0.00035163646199621316
vaccination_study_09	T_NK_lineage	1	MAIT Cell	9	7394	0.6534706344669906	0.6534706344669906	0.0668109277792805	0.05232485799296727	0.052021909656478224	0.1043467676494455	0.0	0.0	0.0	0.9782255883148498	0.44922910467946986	0.03340546388964025	0.03340546388964025	0.03340546388964025	0.13793063768035008	0.10657289694346768	0.05375980524749797	0.14728157965918312	0.052249571724821926	MS4A1;LST1	NKG7;GNLY;GZMB		0.0	0.0	0.0	0.0	0.0	0.0
vaccination_study_09	T_NK_lineage	10	CD8 Cytotoxic / T Effector Memory	1	4234	0.9596277507859388	0.9985829003306566	1.0	0.076907179971658	0.2532357109116674	0.3301428908833254	0.6698571091166746	0.6698571091166746	0.0	1.0	0.7214110877313522	0.9985829003306566	0.8986773736419461	0.9957487009919698	2.1576285201077057	0.175484175720359	0.046469059990552675	0.6358053849787435	0.4166273027869627	CCR7;TCF7;LEF1;MS4A1	KLRD1;FCGR3A		0.0	0.0	0.9683514407179972	0.9659896079357582	0.0	3.1852090222012284
vaccination_study_09	T_NK_lineage	10	NKT Cell	2	4234	0.933834667047728	0.999763816721776	1.0	0.04471185640056684	0.17793457723193198	0.2226464336324988	0.7773535663675012	0.7773535663675012	0.0	1.0	0.6480475515666824	0.999763816721776	0.8646669815777043	0.9957487009919698	1.1710766634490488	0.09093056211620218	0.046173830892772785	0.43788379782711384	0.3104629192253189	MS4A1;LST1	CD8A;CD8B		0.0	0.0	0.0	0.0	0.0	0.7773535663675012
vaccination_study_09	T_NK_lineage	10	NK Cell	3	4234	0.9205451557587883	0.9983467170524327	1.0	0.4483372697213037	0.17793457723193198	0.6	0.4	0.4	0.0	0.9988190836088805	0.6316721776098253	0.9983467170524327	0.9043457723193198	0.9957487009919698	2.375394311616197	0.9435521965044875	0.40812470477090224	0.43788379782711384	0.3104629192253189	CD3D;CD3E;MS4A1;LST1	CD8A;CD8B		0.0	0.0	0.134624468587624	0.1341521020311762	0.0	0.7495512517713746
vaccination_study_09	T_NK_lineage	10	CD4 T Effector Memory	4	4234	0.8535295798799657	0.9891355692017005	1.0	0.07279168634860653	0.41420937647614553	0.4870010628247521	0.5129989371752479	0.5129989371752479	0.0	0.999763816721776	0.49043457723193196	0.9891355692017005	0.09848842701936703	0.987954652810581	2.6259620849608463	0.15942371280113368	0.05550307038261692	0.9983467170524327	0.7647024090694379	CCR7;TCF7;LEF1	NKG7;GNLY;GZMB;PRF1		0.0	0.0	0.0007085498346717053	0.0007085498346717053	0.004959848842701937	0.5207929853566367
vaccination_study_09	T_NK_lineage	10	MAIT Cell	5	4234	0.681841240354387	0.681841240354387	0.7274812970984441	0.04471185640056684	0.42143363249881904	0.4661454888993859	0.2613358081990582	0.2613358081990582	0.0	0.9733112895606991	0.42796410014171	0.3469532357109117	0.3469532357109117	0.3469532357109117	1.134299302706483	0.09093056211620218	0.046173830892772785	0.9978743504959848	0.8138088490001575	MS4A1;LST1	NKG7;GNLY;GZMB		0.0	0.0	0.0958904109589041	0.009683514407179971	0.0	0.4244439801404848
vaccination_study_09	T_NK_lineage	10	gdT Cell	6	4234	0.7843812517862246	0.9395370807746811	0.829387104393009	0.04471185640056684	0.43651983939537076	0.4812316957959376	0.3481554085970714	0.3481554085970714	0.0	0.9395370807746811	0.7700755786490316	0.9395370807746811	0.0	0.7700755786490316	1.113488333695186	0.09093056211620218	0.046173830892772785	0.9978743504959848	0.9143835616438356	MS4A1;LST1	NKG7;GNLY		0.0	0.0	0.00023618327822390176	0.00023618327822390176	0.0	0.3487694851204535
vaccination_study_09	T_NK_lineage	10	Treg	7	4234	0.7987246356101743	0.9489844119036372	0.605178318375059	0.5	0.049226499763816725	0.5492264997638168	0.05595181861124221	0.05595181861124221	0.0	0.9489844119036372	0.42005196032120923	0.9489844119036372	0.0	0.42005196032120923	1.0993212587838785	0.9985829003306566	0.6908360888049127	0.13084553613604158	0.06648559282002835	NKG7;GNLY;GZMB;CD8A	CCR7;TCF7		0.0	0.0	0.001889466225791214	0.0016532829475673122	0.0	0.060628247520075465
vaccination_study_09	T_NK_lineage	10	CD4 Naive / T Central Memory	8	4234	0.4525578736781938	0.4525578736781938	0.13084553613604158	0.5	0.17793457723193198	0.6	0.0	0.0	0.0	0.9674067076051016	0.24531569831522596	0.13084553613604158	0.0021256495040151155	0.11549362305148796	0.278012130903027	0.9983467170524327	0.7647024090694379	0.43788379782711384	0.3104629192253189	NKG7;GNLY;GZMB;PRF1	CD8A;CD8B		0.0	0.0	0.0025980160604629193	0.001889466225791214	0.00023618327822390176	0.006329711856400567
vaccination_study_09	T_NK_lineage	10	CD8 Naive / T Central Memory	9	4234	0.597227779365533	0.597227779365533	0.41166745394426074	0.5	0.0	0.5	0.0	0.0	0.0	0.9730751062824752	0.3031018737206739	0.41166745394426074	0.04274917335852622	0.3219178082191781	0.7364402982125302	0.9983467170524327	0.7647024090694379	0.0	0.0	NKG7;GNLY;GZMB;PRF1			0.0	0.0	0.0	0.0	0.0	0.0
vaccination_study_09	T_NK_lineage	11	CD4 Naive / T Central Memory	1	3881	0.7940197199199771	0.7940197199199771	0.7150499791282425	0.07702525122391136	0.010010306622004637	0.087035557845916	0.6280144212823265	0.6280144212823265	0.0	0.999742334449884	0.5743651407140198	0.642875547539294	0.17778922958000515	0.44601906725070856	1.2886977263557942	0.17521257407884566	0.047474877608863694	0.02576655501159495	0.015202267456841018	NKG7;GNLY;GZMB;PRF1	CD8A;CD8B		0.0	0.0	0.9933006956969853	0.9549085287297089	0.9044060809069827	4.2574913602155915
vaccination_study_09	T_NK_lineage	11	NKT Cell	2	3881	0.5896827665047156	0.8325173924246329	0.8325173924246329	0.06642875547539294	0.010010306622004637	0.07643906209739758	0.7560783303272353	0.7560783303272353	0.0	0.9500128832775058	0.27900884651722063	0.8325173924246329	0.05771708322597269	0.816284462767328	0.9771121132282442	0.13475908271064158	0.06918320020613244	0.02576655501159495	0.015202267456841018	MS4A1;LST1	CD8A;CD8B		0.0	0.0	0.0	0.0	0.0	0.7560783303272353
vaccination_study_09	T_NK_lineage	11	gdT Cell	3	3881	0.725957416404687	0.9391909301726359	0.8183522288070084	0.06642875547539294	0.05242849780984283	0.11885725328523578	0.6994949755217726	0.6994949755217726	0.0	0.9391909301726359	0.7532852357639783	0.9391909301726359	0.0	0.7532852357639783	1.1130824152061845	0.13475908271064158	0.06918320020613244	0.1383664004122649	0.07279051790775573	MS4A1;LST1	NKG7;GNLY		0.0	0.0	0.0	0.0	0.0	0.6994949755217726
vaccination_study_09	T_NK_lineage	11	MAIT Cell	4	3881	0.7637682194912833	0.7637682194912833	0.782545124778719	0.06642875547539294	0.053684617366658076	0.12011337284205101	0.6624317519366679	0.6624317519366679	0.0	0.9868590569440866	0.5272352486472559	0.36665807781499615	0.36665807781499615	0.36665807781499615	1.1969158765949068	0.13475908271064158	0.06918320020613244	0.1520226745684102	0.05385209997423344	MS4A1;LST1	NKG7;GNLY;GZMB		0.0	0.0	0.0012883277505797476	0.0012883277505797476	0.0	0.6657814040881753
vaccination_study_09	T_NK_lineage	11	CD8 Naive / T Central Memory	5	3881	0.7197842240640183	0.7197842240640183	0.6820084473928892	0.07702525122391136	0.0	0.07702525122391136	0.6049831961689779	0.6049831961689779	0.0	0.9981963411491883	0.4394915399811045	0.6457098685905694	0.1821695439319763	0.44601906725070856	1.1451943152092792	0.17521257407884566	0.047474877608863694	0.0	0.0	NKG7;GNLY;GZMB;PRF1			0.0	0.0	0.007729966503478485	0.0056686421025508886	0.0	0.6230197846770944
vaccination_study_09	T_NK_lineage	11	CD4 T Effector Memory	6	3881	0.7107745070020006	0.7107745070020006	0.11131151765009019	0.370306622004638	0.05968500386498325	0.42999162586962125	0.0	0.0	0.0	0.9943313578974491	0.40649961350167485	0.11131151765009019	0.021128575109507858	0.08142231383664005	0.31883505666075046	0.7534140685390364	0.38186034527183715	0.17521257407884566	0.047474877608863694	CCR7;TCF7;LEF1	NKG7;GNLY;GZMB;PRF1		0.0	0.0	0.14377737696469983	0.14377737696469983	0.05668642102550889	0.44184488533883026
vaccination_study_09	T_NK_lineage	11	Treg	7	3881	0.7220027150614461	0.9433135789744911	0.5912232671991754	0.06952847204328781	0.25441252254573565	0.3239409945890235	0.2672822726101519	0.2672822726101519	0.0	0.9433135789744911	0.4016361762432362	0.9433135789744911	0.0	0.4016361762432362	1.0928205616748952	0.158206647771193	0.042772481319247616	0.642875547539294	0.4103323885596496	NKG7;GNLY;GZMB;CD8A	CCR7;TCF7		0.0	0.0	0.03169286266426179	0.023189899510435454	0.02525122391136305	0.3714822210770419
vaccination_study_09	T_NK_lineage	11	CD8 Cytotoxic / T Effector Memory	8	3881	0.5418333809659903	0.5418333809659903	0.1448080391651636	0.3526062870394228	0.007633341922185004	0.3602396289616078	0.0	0.0	0.0	0.9564545220304045	0.1683727249303132	0.1448080391651636	0.00953362535429013	0.08296830713733575	0.3311757916331937	0.7590827106415872	0.29161298634372584	0.02035557845916001	0.010177789229580004	CCR7;TCF7;LEF1;MS4A1	KLRD1;FCGR3A		0.0	0.0	0.014171605256377222	0.011337284205101777	0.0	0.03401185261530534
vaccination_study_09	T_NK_lineage	11	NK Cell	9	3881	0.19795655901686196	0.19795655901686196	0.14661169801597526	0.4498119041484154	0.010010306622004637	0.45982221077042	0.0	0.0	0.0	0.2615305333676887	0.03813450141716052	0.14661169801597526	0.008245297603710384	0.08296830713733575	0.36893513938059164	0.9456325689255347	0.4112342179850554	0.02576655501159495	0.015202267456841018	CD3D;CD3E;MS4A1;LST1	CD8A;CD8B		0.0	0.0	0.0002576655501159495	0.0002576655501159495	0.0	0.0006699304303014687
vaccination_study_09	T_NK_lineage	12	CD4 Naive / T Central Memory	1	3567	0.8265504429837096	0.8265504429837096	0.7020131725972397	0.1388183347350715	0.034924306139613115	0.1737426408746846	0.5282705317225551	0.5282705317225551	0.0	1.0	0.6032769523097529	0.6341463414634146	0.18502943650126155	0.4592094196804037	1.2714673245353003	0.311466218110457	0.09300532660499018	0.08830950378469302	0.05620970002803476	NKG7;GNLY;GZMB;PRF1	CD8A;CD8B		0.0	0.0	0.9643958508550603	0.5466778805719091	0.7415194841603588	3.5078051546549918
vaccination_study_09	T_NK_lineage	12	CD4 T Effector Memory	2	3567	0.8276721920548729	0.8276721920548729	0.24922904401457807	0.35340061676478834	0.10739066442388562	0.46079128118867396	0.0	0.0	0.0	0.9980375665825624	0.5068334735071489	0.24922904401457807	0.07597420801794225	0.2099803756658256	0.6813145902180437	0.7165685449957948	0.3686571348472105	0.311466218110457	0.09300532660499018	CCR7;TCF7;LEF1	NKG7;GNLY;GZMB;PRF1		0.0	0.0	0.6058312307261003	0.6058312307261003	0.17185309784132324	1.7813849172974487
vaccination_study_09	T_NK_lineage	12	MAIT Cell	3	3567	0.8608102314947128	0.8608102314947128	0.975366867455148	0.11370619568264648	0.09807961872722175	0.2117858144098682	0.7635810530452798	0.7635810530452798	0.0	0.9957947855340622	0.6123913652929632	0.43566021867115223	0.43566021867115223	0.43566021867115223	1.4161857204513741	0.2301654051023269	0.1192879170171012	0.2750210260723297	0.10382207270348565	MS4A1;LST1	NKG7;GNLY;GZMB		0.0	0.0	0.009531819456125596	0.008410428931875526	0.0	0.7872423931069563
vaccination_study_09	T_NK_lineage	12	NKT Cell	4	3567	0.649285510145756	0.8895430333613681	0.9003549768804148	0.11370619568264648	0.034924306139613115	0.1486305018222596	0.7517244750581552	0.7517244750581552	0.0	0.9795346229324362	0.33006261097093725	0.8895430333613681	0.14185590131763387	0.8738435660218671	1.0432477740761867	0.2301654051023269	0.1192879170171012	0.08830950378469302	0.05620970002803476	MS4A1;LST1	CD8A;CD8B		0.0	0.0	0.0	0.0	0.0	0.7517244750581552
vaccination_study_09	T_NK_lineage	12	gdT Cell	5	3567	0.775357244927122	0.9719652368937483	0.874838800112139	0.11370619568264648	0.09718250630782169	0.21088870199046816	0.6639500981216708	0.6639500981216708	0.0	0.9719652368937483	0.8225399495374264	0.9719652368937483	0.0	0.8225399495374264	1.1515156780221378	0.2301654051023269	0.1192879170171012	0.2531539108494533	0.14157555368657135	MS4A1;LST1	NKG7;GNLY		0.0	0.0	0.0002803476310625175	0.0002803476310625175	0.0	0.6646790019624333
vaccination_study_09	T_NK_lineage	12	CD8 Naive / T Central Memory	6	3567	0.7548228065161474	0.7548228065161474	0.6887557460126077	0.1388183347350715	0.0	0.1388183347350715	0.5499374112775361	0.5499374112775361	0.0	0.9997196523689375	0.47104631965859883	0.6504065040650406	0.20072890384076256	0.4592094196804037	1.1533969677902685	0.311466218110457	0.09300532660499018	0.0	0.0	NKG7;GNLY;GZMB;PRF1			0.0	0.0	0.010653209980375666	0.009531819456125596	0.0	0.5765143667022629
vaccination_study_09	T_NK_lineage	12	Treg	7	3567	0.7737067733638182	0.977291841883936	0.632793664143538	0.13181805438744043	0.2516820857863751	0.3835001401738155	0.24929352396972249	0.24929352396972249	0.0	0.977291841883936	0.4472946453602467	0.977291841883936	0.0	0.4472946453602467	1.1317711705578413	0.2960470984020185	0.08781889543033361	0.6341463414634146	0.4095878889823381	NKG7;GNLY;GZMB;CD8A	CCR7;TCF7		0.0	0.0	0.03756658256237735	0.030277544154751892	0.020745724698626296	0.3645724698626297
vaccination_study_09	T_NK_lineage	12	CD8 Cytotoxic / T Effector Memory	8	3567	0.6144005430122892	0.6144005430122892	0.27446033081020466	0.3392066162040931	0.02178301093355761	0.3609896271376507	0.0	0.0	0.0	0.9834594897673115	0.22279990824986617	0.27446033081020466	0.044575273338940284	0.14942528735632185	0.6085367126432083	0.7275021026072329	0.28525371460611154	0.057751611998878606	0.02971684889262686	CCR7;TCF7;LEF1;MS4A1	KLRD1;FCGR3A		0.0	0.0	0.03924866834875245	0.03280067283431455	0.0	0.09559854219231848
vaccination_study_09	T_NK_lineage	12	NK Cell	9	3567	0.19795655901686196	0.2671712924025792	0.2671712924025792	0.47497196523689367	0.034924306139613115	0.5098962713765067	0.0	0.0	0.0	0.46846089150546677	0.0770255116344267	0.2671712924025792	0.03644519203812728	0.14942528735632185	0.6529411959023225	0.977291841883936	0.4709139332772638	0.08830950378469302	0.05620970002803476	CD3D;CD3E;MS4A1;LST1	CD8A;CD8B		0.0	0.0	0.00224278104850014	0.00224278104850014	0.0	0.005831230726100365
vaccination_study_09	T_NK_lineage	13	CD4 Naive / T Central Memory	1	3254	0.8331987710774507	0.8331987710774507	0.8619566413535958	0.07401505838967426	0.015903503380454827	0.08991856177012908	0.7720380795834667	0.7720380795834667	0.0	0.9993853718500307	0.5996039063033531	0.7412415488629379	0.24308543331284574	0.5734480639213276	1.4828603699626317	0.16902274124154887	0.04448371235402582	0.0421020282728949	0.021819299323909035	NKG7;GNLY;GZMB;PRF1	CD8A;CD8B		0.0	0.0	0.994161032575292	0.9929317762753535	0.9794099569760295	4.530919456350523
vaccination_study_09	T_NK_lineage	13	CD8 Naive / T Central Memory	2	3254	0.7618462417833667	0.7618462417833667	0.821459013052279	0.07401505838967426	0.0	0.07401505838967426	0.7474439546626047	0.7474439546626047	0.0	0.9981561155500922	0.46284914293519086	0.7427781192378611	0.2464658881376767	0.5734480639213276	1.3147235752576714	0.16902274124154887	0.04448371235402582	0.0	0.0	NKG7;GNLY;GZMB;PRF1			0.0	0.0	0.022433927473878304	0.021204671173939767	0.0	0.8045429097947497
vaccination_study_09	T_NK_lineage	13	NKT Cell	3	3254	0.5504429837096313	0.7578365089121082	0.7578365089121082	0.06463736939151812	0.015903503380454827	0.08054087277197294	0.6772956361401352	0.6772956361401352	0.0	0.9244007375537799	0.2597316123745134	0.7578365089121082	0.055623847572218804	0.7406269207129687	0.8905007310030364	0.13122311001843884	0.0671481253841426	0.0421020282728949	0.021819299323909035	MS4A1;LST1	CD8A;CD8B		0.0	0.0	0.0	0.0	0.0	0.6772956361401352
vaccination_study_09	T_NK_lineage	13	gdT Cell	4	3254	0.6763807516433267	0.9108789182544561	0.7723494161032576	0.06463736939151812	0.05245851259987708	0.1170958819913952	0.6552535341118624	0.6552535341118624	0.0	0.9108789182544561	0.6977566072526122	0.9108789182544561	0.0	0.6977566072526122	1.0798819266601105	0.13122311001843884	0.0671481253841426	0.1389059618930547	0.07191149354640443	MS4A1;LST1	NKG7;GNLY		0.0	0.0	0.0	0.0	0.0	0.6552535341118624
vaccination_study_09	T_NK_lineage	13	Treg	5	3254	0.6474992855101458	0.9114935464044254	0.5464428395820529	0.06965273509526737	0.29619698832206515	0.3658497234173325	0.18059311616472035	0.18059311616472035	0.0	0.9114935464044254	0.3498770743700062	0.9114935464044254	0.0	0.3498770743700062	1.0563440164617874	0.15918869084204057	0.04164105716041795	0.7412415488629379	0.4921634910878918	NKG7;GNLY;GZMB;CD8A	CCR7;TCF7		0.0	0.0	0.0006146281499692685	0.0	0.007682851874615857	0.19079594345421022
vaccination_study_09	T_NK_lineage	13	CD4 T Effector Memory	6	3254	0.5629679908545299	0.5629679908545299	0.05808236017209588	0.42227617291538616	0.05737937922556854	0.4796555521409547	0.0	0.0	0.0	0.9784880147510756	0.31184695759065767	0.05808236017209588	0.0021511985248924403	0.04578979717271051	0.1789363745796949	0.8426551936078672	0.4639418152018029	0.16902274124154887	0.04448371235402582	CCR7;TCF7;LEF1	NKG7;GNLY;GZMB;PRF1		0.0	0.0	0.007375537799631223	0.007375537799631223	0.008297480024585127	0.029133374308543333
vaccination_study_09	T_NK_lineage	13	MAIT Cell	7	3254	0.6679283366676194	0.6679283366676194	0.14136447449293177	0.06463736939151812	0.053334357713583275	0.1179717271051014	0.02339274738783037	0.02339274738783037	0.0	0.9741856177012908	0.44781807006760915	0.07068223724646588	0.07068223724646588	0.07068223724646588	0.25638598083358866	0.13122311001843884	0.0671481253841426	0.1515058389674247	0.05255070682237247	MS4A1;LST1	NKG7;GNLY;GZMB		0.0	0.0	0.0	0.0	0.0	0.02339274738783037
vaccination_study_09	T_NK_lineage	13	CD8 Cytotoxic / T Effector Memory	8	3254	0.5058177336381824	0.5058177336381824	0.14689612784265518	0.3983881376767056	0.007490780577750461	0.4058789182544561	0.0	0.0	0.0	0.9314689612784266	0.15365703749231716	0.14689612784265518	0.005838967424708051	0.08236017209588199	0.33564277167181306	0.8448063921327597	0.35164413030116776	0.01997541487400123	0.009987707437000615	CCR7;TCF7;LEF1;MS4A1	KLRD1;FCGR3A		0.0	0.0	0.002458512599877074	0.0015365703749231714	0.0	0.00547019053472649
vaccination_study_09	T_NK_lineage	13	NK Cell	9	3254	0.19795655901686196	0.19795655901686196	0.14474492931776275	0.4341272280270437	0.015903503380454827	0.4500307314074985	0.0	0.0	0.0	0.28272894898586354	0.03983558696988322	0.14474492931776275	0.005531653349723417	0.08236017209588199	0.3645375332081836	0.921020282728949	0.3824523663183774	0.0421020282728949	0.021819299323909035	CD3D;CD3E;MS4A1;LST1	CD8A;CD8B		0.0	0.0	0.0	0.0	0.0	0.0
vaccination_study_09	T_NK_lineage	14	CD4 Naive / T Central Memory	1	2480	0.7966168905401543	0.7966168905401543	0.8702194796623726	0.07117943548387096	0.029002016129032256	0.1001814516129032	0.7700380280494694	0.7700380280494694	0.0	0.9983870967741936	0.5685931899641576	0.7467741935483871	0.23709677419354838	0.5459677419354839	1.4937811444559417	0.16169354838709676	0.044254032258064506	0.075	0.04334677419354839	NKG7;GNLY;GZMB;PRF1	CD8A;CD8B		0.0	0.0	0.9725806451612903	0.9701612903225807	0.9459677419354838	4.431489640952695
vaccination_study_09	T_NK_lineage	14	CD8 Naive / T Central Memory	2	2480	0.7545905973135181	0.7545905973135181	0.83762697749916	0.07117943548387096	0.0	0.07117943548387096	0.7664475420152891	0.7664475420152891	0.0	0.9963709677419355	0.4527777777777778	0.7540322580645161	0.24556451612903227	0.5459677419354839	1.3343788777385754	0.16169354838709676	0.044254032258064506	0.0	0.0	NKG7;GNLY;GZMB;PRF1			0.0	0.0	0.07903225806451612	0.07741935483870968	0.0	0.9703185097572246
vaccination_study_09	T_NK_lineage	14	NKT Cell	3	2480	0.5694198342383539	0.8036290322580645	0.8036290322580645	0.057475806451612904	0.029002016129032256	0.08647782258064515	0.7171512096774193	0.7171512096774193	0.0	0.9254032258064516	0.2671370967741935	0.8036290322580645	0.05846774193548387	0.7899193548387097	0.9436087494949201	0.11693548387096774	0.059274193548387095	0.075	0.04334677419354839	MS4A1;LST1	CD8A;CD8B		0.0	0.0	0.0	0.0	0.0	0.7171512096774193
vaccination_study_09	T_NK_lineage	14	gdT Cell	4	2480	0.703267004858531	0.9129032258064517	0.7873588709677419	0.057475806451612904	0.0504133064516129	0.10788911290322581	0.6794697580645161	0.6794697580645161	0.0	0.9129032258064517	0.719758064516129	0.9129032258064517	0.0	0.719758064516129	1.0822557600665101	0.11693548387096774	0.059274193548387095	0.13306451612903225	0.06995967741935483	MS4A1;LST1	NKG7;GNLY		0.0	0.0	0.0	0.0	0.0	0.6794697580645161
vaccination_study_09	T_NK_lineage	14	Treg	5	2480	0.6736531866247499	0.9141129032258064	0.5561542338709677	0.07155241935483872	0.2978225806451613	0.369375	0.18677923387096773	0.18677923387096773	0.0	0.9141129032258064	0.3634072580645161	0.9141129032258064	0.0	0.3634072580645161	1.0593466874148727	0.1625	0.04455645161290322	0.7467741935483871	0.49193548387096775	NKG7;GNLY;GZMB;CD8A	CCR7;TCF7		0.0	0.0	0.004032258064516129	0.0012096774193548388	0.01129032258064516	0.20798891129032257
vaccination_study_09	T_NK_lineage	14	MAIT Cell	6	2480	0.6597313518148042	0.6597313518148042	0.19596774193548386	0.057475806451612904	0.052479838709677415	0.10995564516129032	0.08601209677419354	0.08601209677419354	0.0	0.9693548387096774	0.4423387096774193	0.09798387096774193	0.09798387096774193	0.09798387096774193	0.3431430711037317	0.11693548387096774	0.059274193548387095	0.14838709677419354	0.05309139784946235	MS4A1;LST1	NKG7;GNLY;GZMB		0.0	0.0	0.0008064516129032258	0.0008064516129032258	0.0	0.08810887096774192
vaccination_study_09	T_NK_lineage	14	CD4 T Effector Memory	7	2480	0.561981994855673	0.561981994855673	0.0842741935483871	0.40850268817204305	0.0551461693548387	0.46364885752688173	0.0	0.0	0.0	0.9745967741935484	0.31421370967741935	0.0842741935483871	0.012903225806451613	0.06854838709677419	0.24777464187980347	0.8201612903225807	0.44018817204301075	0.16169354838709676	0.044254032258064506	CCR7;TCF7;LEF1	NKG7;GNLY;GZMB;PRF1		0.0	0.0	0.011693548387096775	0.011693548387096775	0.025403225806451612	0.060887096774193544
vaccination_study_09	T_NK_lineage	14	CD8 Cytotoxic / T Effector Memory	8	2480	0.52710774507002	0.52710774507002	0.14798387096774193	0.3860100806451613	0.010191532258064516	0.3962016129032258	0.0	0.0	0.0	0.9354838709677419	0.16411290322580643	0.14798387096774193	0.010080645161290322	0.07620967741935483	0.3379697450802149	0.8225806451612904	0.33377016129032255	0.027016129032258064	0.013911290322580646	CCR7;TCF7;LEF1;MS4A1	KLRD1;FCGR3A		0.0	0.0	0.014919354838709677	0.0125	0.0	0.03637096774193549
vaccination_study_09	T_NK_lineage	14	NK Cell	9	2480	0.19795655901686196	0.19795655901686196	0.1439516129032258	0.4364274193548387	0.029002016129032256	0.46542943548387095	0.0	0.0	0.0	0.25564516129032255	0.038004032258064514	0.1439516129032258	0.009274193548387096	0.07620967741935483	0.36266869259360673	0.9229838709677419	0.389516129032258	0.075	0.04334677419354839	CD3D;CD3E;MS4A1;LST1	CD8A;CD8B		0.0	0.0	0.0	0.0	0.0	0.0
vaccination_study_09	T_NK_lineage	15	CD8 Cytotoxic / T Effector Memory	1	1988	0.8740175764504144	0.8740175764504144	1.0	0.12895875251509056	0.1505658953722334	0.27952464788732395	0.7204753521126761	0.7204753521126761	0.0	0.9954728370221329	0.5408359246387415	0.8661971830985915	0.6046277665995976	0.8098591549295775	1.8744200708457035	0.2917505030181087	0.08224346076458752	0.3888329979879276	0.2261066398390342	CCR7;TCF7;LEF1;MS4A1	KLRD1;FCGR3A		0.0	0.0	0.8586519114688129	0.852112676056338	0.0	2.946431086519115
vaccination_study_09	T_NK_lineage	15	CD4 T Effector Memory	2	1988	0.8759252643612461	0.954225352112676	1.0	0.12437290409121396	0.3298604124748491	0.45423331656606303	0.545766683433937	0.545766683433937	0.0	0.9969818913480886	0.5281061368209256	0.954225352112676	0.37525150905432597	0.9330985915492958	2.5342098650626235	0.2701207243460765	0.09875922199865861	0.8551307847082495	0.488807847082495	CCR7;TCF7;LEF1	NKG7;GNLY;GZMB;PRF1		0.0	0.0	0.04024144869215292	0.04024144869215292	0.15442655935613683	0.8357063212608988
vaccination_study_09	T_NK_lineage	15	NKT Cell	3	1988	0.8640004286939125	0.9466800804828974	1.0	0.053214285714285714	0.15116951710261567	0.20438380281690138	0.7956161971830986	0.7956161971830986	0.0	0.9823943661971831	0.5201207243460765	0.9466800804828974	0.647887323943662	0.8098591549295775	1.1095126385864271	0.10814889336016097	0.055080482897384306	0.3777665995975855	0.2522635814889336	MS4A1;LST1	CD8A;CD8B		0.0	0.0	0.0	0.0	0.0	0.7956161971830986
vaccination_study_09	T_NK_lineage	15	MAIT Cell	4	1988	0.6849314089739926	0.6849314089739926	0.8121814762744342	0.053214285714285714	0.3335513078470825	0.3867655935613682	0.42541588271306596	0.42541588271306596	0.0	0.9683098591549296	0.4578470824949698	0.3772635814889336	0.3772635814889336	0.3772635814889336	1.2306172531862678	0.10814889336016097	0.055080482897384306	0.8420523138832998	0.539570757880617	MS4A1;LST1	NKG7;GNLY;GZMB		0.0	0.0	0.16700201207243462	0.05985915492957746	0.0	0.7524782569585389
vaccination_study_09	T_NK_lineage	15	NK Cell	5	1988	0.8514468419548442	0.8514468419548442	1.0	0.43154929577464785	0.15116951710261567	0.5827188128772636	0.41728118712273643	0.41728118712273643	0.0	0.8822937625754527	0.3863807847082495	0.8495975855130785	0.6106639839034205	0.8098591549295775	2.024981269216161	0.9154929577464789	0.38028169014084506	0.3777665995975855	0.2522635814889336	CD3D;CD3E;MS4A1;LST1	CD8A;CD8B		0.0	0.0	0.06891348088531186	0.06841046277665996	0.0	0.5959532193158954
vaccination_study_09	T_NK_lineage	15	CD4 Naive / T Central Memory	6	1988	0.49098671048871106	0.49098671048871106	0.22686116700201206	0.4324874245472837	0.15116951710261567	0.5836569416498993	0.0	0.0	0.0	0.9723340040241448	0.3010842834786497	0.22686116700201206	0.01056338028169014	0.1921529175050302	0.46753542620479543	0.8551307847082495	0.488807847082495	0.3777665995975855	0.2522635814889336	NKG7;GNLY;GZMB;PRF1	CD8A;CD8B		0.0	0.0	0.15040241448692154	0.14084507042253522	0.022635814889336015	0.40865191146881297
vaccination_study_09	T_NK_lineage	15	gdT Cell	7	1988	0.7035795941697628	0.9084507042253521	0.7765216297786721	0.053214285714285714	0.35330734406438624	0.40652162977867196	0.37000000000000016	0.37000000000000016	0.0	0.9084507042253521	0.7054828973843059	0.9084507042253521	0.0	0.7054828973843059	1.0770344465059745	0.10814889336016097	0.055080482897384306	0.8390342052313883	0.6773138832997988	MS4A1;LST1	NKG7;GNLY		0.0	0.0	0.001006036217303823	0.001006036217303823	0.0	0.3726156941649901
vaccination_study_09	T_NK_lineage	15	Treg	8	1988	0.6911046013146613	0.9124748490945674	0.5615631287726359	0.4320598591549296	0.08586519114688128	0.5179250503018109	0.043638078470825015	0.043638078470825015	0.0	0.9124748490945674	0.37261066398390347	0.9124748490945674	0.0	0.37261066398390347	1.0574689220339577	0.8687122736418511	0.46340543259557343	0.22686116700201206	0.11871227364185111	NKG7;GNLY;GZMB;CD8A	CCR7;TCF7		0.0	0.0	0.0015090543259557343	0.001006036217303823	0.0025150905432595573	0.05007671026156948
vaccination_study_09	T_NK_lineage	15	CD8 Naive / T Central Memory	9	1988	0.5869391254644184	0.5869391254644184	0.39738430583501005	0.4324874245472837	0.0	0.4324874245472837	0.0	0.0	0.0	0.971327967806841	0.32165213503241674	0.39738430583501005	0.07042253521126761	0.23490945674044267	0.7114948447406083	0.8551307847082495	0.488807847082495	0.0	0.0	NKG7;GNLY;GZMB;PRF1			0.0	0.0	0.014084507042253521	0.01358148893360161	0.0	0.03611670020120725
vaccination_study_09	T_NK_lineage	16	CD4 Naive / T Central Memory	1	1943	0.6887396398971135	0.6887396398971135	0.4143077714873906	0.07918167781780752	0.014320638188368501	0.09350231600617602	0.3208054554812146	0.3208054554812146	0.0	0.9943386515697376	0.45896952021501686	0.4143077714873906	0.06948018528049409	0.25939269171384455	0.8375324553842081	0.17961914565105508	0.049665465774575396	0.03757076685537828	0.020329387545033453	NKG7;GNLY;GZMB;PRF1	CD8A;CD8B		0.0	0.0	0.7164179104477612	0.6911991765311374	0.3262995367987648	2.549832732887288
vaccination_study_09	T_NK_lineage	16	Treg	2	1943	0.7879394112603602	0.9248584662892434	0.5939204837879568	0.06795676788471436	0.16057642820380852	0.22853319608852288	0.36538728769943396	0.36538728769943396	0.0	0.9248584662892434	0.41572310859495626	0.9248584662892434	0.0	0.41572310859495626	1.071664745734288	0.15440041173443128	0.042202779207411216	0.4143077714873906	0.24189397838394233	NKG7;GNLY;GZMB;CD8A	CCR7;TCF7		0.0	0.0	0.6119402985074627	0.4240864642305713	0.6206896551724138	2.513405815748842
vaccination_study_09	T_NK_lineage	16	NKT Cell	3	1943	0.554637039154044	0.7689140504374679	0.7689140504374679	0.05539886773031395	0.014320638188368501	0.06971950591868245	0.6991945445187854	0.6991945445187854	0.0	0.9089037570766856	0.25184422714016125	0.7689140504374679	0.05352547606793618	0.7534740092640247	0.9033479435431455	0.11271230056613485	0.057128152341739576	0.03757076685537828	0.020329387545033453	MS4A1;LST1	CD8A;CD8B		0.0	0.0	0.0	0.0	0.0	0.6991945445187854
vaccination_study_09	T_NK_lineage	16	gdT Cell	4	1943	0.6753536724778508	0.8929490478641277	0.7504374678332475	0.05539886773031395	0.05114513638703036	0.10654400411734431	0.6438934637159032	0.6438934637159032	0.0	0.8929490478641277	0.6737004632012352	0.8929490478641277	0.0	0.6737004632012352	1.058856205907837	0.11271230056613485	0.057128152341739576	0.13484302624806999	0.07128152341739577	MS4A1;LST1	NKG7;GNLY		0.0	0.0	0.0	0.0	0.0	0.6438934637159032
vaccination_study_09	T_NK_lineage	16	CD8 Naive / T Central Memory	5	1943	0.6259002572163476	0.6259002572163476	0.4215131240349974	0.07918167781780752	0.0	0.07918167781780752	0.3423314462171899	0.3423314462171899	0.0	0.9804426145136387	0.3468290730256762	0.4215131240349974	0.0725681935151827	0.25939269171384455	0.7536357164263409	0.17961914565105508	0.049665465774575396	0.0	0.0	NKG7;GNLY;GZMB;PRF1			0.0	0.0	0.007720020586721565	0.007205352547606794	0.0	0.36188883170355124
vaccination_study_09	T_NK_lineage	16	CD4 T Effector Memory	6	1943	0.5217776507573593	0.5217776507573593	0.09161091096242924	0.274959684336936	0.061335563561502826	0.33629524789843884	0.0	0.0	0.0	0.9511065362840968	0.2801080802882141	0.09161091096242924	0.01544004117344313	0.06896551724137931	0.26705725211931275	0.5723108594956253	0.2612798078572654	0.17961914565105508	0.049665465774575396	CCR7;TCF7;LEF1	NKG7;GNLY;GZMB;PRF1		0.0	0.0	0.05918682449819866	0.05918682449819866	0.03962943901183737	0.20144107050952137
vaccination_study_09	T_NK_lineage	16	MAIT Cell	7	1943	0.6110960274364104	0.6110960274364104	0.28409675759135355	0.05539886773031395	0.05136387030365414	0.1067627380339681	0.17733401955738545	0.17733401955738545	0.0	0.939269171384457	0.38569222851260937	0.14204837879567678	0.14204837879567678	0.14204837879567678	0.4831679693338473	0.11271230056613485	0.057128152341739576	0.1451363870303654	0.05215302796363012	MS4A1;LST1	NKG7;GNLY;GZMB		0.0	0.0	0.001029336078229542	0.001029336078229542	0.0	0.18001029336078225
vaccination_study_09	T_NK_lineage	16	CD8 Cytotoxic / T Effector Memory	8	1943	0.5313089454129751	0.5313089454129751	0.14462171899125065	0.2658569222851261	0.008299022130725682	0.2741559444158518	0.0	0.0	0.0	0.9197117858980958	0.1590792120900201	0.14462171899125065	0.010293360782295419	0.08337622233659289	0.33077720295895163	0.5831188883170355	0.20123520329387545	0.02213072568193515	0.011065362840967576	CCR7;TCF7;LEF1;MS4A1	KLRD1;FCGR3A		0.0	0.0	0.02007205352547607	0.011322696860524962	0.0	0.04343798250128667
vaccination_study_09	T_NK_lineage	16	NK Cell	9	1943	0.19795655901686196	0.19795655901686196	0.14204837879567678	0.4240144107050952	0.014320638188368501	0.4383350488934637	0.0	0.0	0.0	0.27586206896551724	0.040594441585177554	0.14204837879567678	0.00977869274318065	0.08337622233659289	0.3581851837009896	0.9042717447246525	0.36541430777148737	0.03757076685537828	0.020329387545033453	CD3D;CD3E;MS4A1;LST1	CD8A;CD8B		0.0	0.0	0.0	0.0	0.0	0.0
vaccination_study_09	T_NK_lineage	17	CD4 Naive / T Central Memory	1	1564	0.8040154329808518	0.8040154329808518	0.8673978922747674	0.09714833759590792	0.027765345268542196	0.12491368286445012	0.7424842094103172	0.7424842094103172	0.0	0.9987212276214834	0.5658567774936061	0.7448849104859335	0.2717391304347826	0.520460358056266	1.4900519271553352	0.22122762148337596	0.059462915601023014	0.07225063938618925	0.04060102301790282	NKG7;GNLY;GZMB;PRF1	CD8A;CD8B		0.0	0.0	0.9808184143222506	0.9801790281329923	0.920076726342711	4.396064772070163
vaccination_study_09	T_NK_lineage	17	CD8 Naive / T Central Memory	2	1564	0.7503286653329523	0.7519181585677749	0.834589811703806	0.09714833759590792	0.0	0.09714833759590792	0.7374414741078981	0.7374414741078981	0.0	0.9936061381074168	0.44771241830065356	0.7519181585677749	0.2813299232736573	0.520460358056266	1.3306866125441246	0.22122762148337596	0.059462915601023014	0.0	0.0	NKG7;GNLY;GZMB;PRF1			0.0	0.0	0.05754475703324808	0.05370843989769821	0.0	0.8832215252587932
vaccination_study_09	T_NK_lineage	17	NKT Cell	3	1564	0.5703718919691341	0.770460358056266	0.770460358056266	0.07192455242966753	0.027765345268542196	0.09968989769820973	0.6707704603580563	0.6707704603580563	0.0	0.9239130434782609	0.26832907075873824	0.770460358056266	0.06457800511508952	0.7512787723785166	0.9051412785160374	0.14578005115089515	0.07512787723785166	0.07225063938618925	0.04060102301790282	MS4A1;LST1	CD8A;CD8B		0.0	0.0	0.0	0.0	0.0	0.6707704603580563
vaccination_study_09	T_NK_lineage	17	gdT Cell	4	1564	0.6941322520720206	0.9034526854219949	0.7721227621483375	0.07192455242966753	0.06819053708439897	0.14011508951406648	0.632007672634271	0.632007672634271	0.0	0.9034526854219949	0.7014066496163682	0.9034526854219949	0.0	0.7014066496163682	1.07117344777111	0.14578005115089515	0.07512787723785166	0.18030690537084398	0.09398976982097186	MS4A1;LST1	NKG7;GNLY		0.0	0.0	0.0	0.0	0.0	0.632007672634271
vaccination_study_09	T_NK_lineage	17	Treg	5	1564	0.66882323521006	0.9047314578005116	0.5467950767263428	0.0948881074168798	0.29971227621483376	0.39460038363171357	0.15219469309462919	0.15219469309462919	0.0	0.9047314578005116	0.35406010230179025	0.9047314578005116	0.0	0.35406010230179025	1.0485923703830922	0.21611253196930946	0.05802429667519181	0.7448849104859335	0.5083120204603581	NKG7;GNLY;GZMB;CD8A	CCR7;TCF7		0.0	0.0	0.00639386189258312	0.0	0.029411764705882353	0.197718989769821
vaccination_study_09	T_NK_lineage	17	CD4 T Effector Memory	6	1564	0.5833166619034009	0.5833166619034009	0.08695652173913043	0.41332480818414324	0.07528772378516624	0.4886125319693095	0.0	0.0	0.0	0.9718670076726342	0.3162563938618925	0.08695652173913043	0.011508951406649617	0.06905370843989769	0.25482442806041306	0.8267263427109974	0.45076726342711	0.22122762148337596	0.059462915601023014	CCR7;TCF7;LEF1	NKG7;GNLY;GZMB;PRF1		0.0	0.0	0.010869565217391304	0.010869565217391304	0.03324808184143223	0.06815856777493606
vaccination_study_09	T_NK_lineage	17	MAIT Cell	7	1564	0.6624089025435839	0.6624089025435839	0.18030690537084398	0.07192455242966753	0.07074808184143222	0.14267263427109975	0.03763427109974424	0.03763427109974424	0.0	0.9616368286445013	0.43849104859335036	0.09015345268542199	0.09015345268542199	0.09015345268542199	0.31826015337405755	0.14578005115089515	0.07512787723785166	0.20076726342711	0.07011935208866155	MS4A1;LST1	NKG7;GNLY;GZMB		0.0	0.0	0.0	0.0	0.0	0.03763427109974424
vaccination_study_09	T_NK_lineage	17	CD8 Cytotoxic / T Effector Memory	8	1564	0.52936196056016	0.52936196056016	0.1956521739130435	0.391710358056266	0.01678388746803069	0.40849424552429664	0.0	0.0	0.0	0.9418158567774936	0.16676354336200883	0.1956521739130435	0.014066496163682864	0.11253196930946291	0.4399449916426918	0.8312020460358056	0.34478900255754474	0.04475703324808184	0.02237851662404092	CCR7;TCF7;LEF1;MS4A1	KLRD1;FCGR3A		0.0	0.0	0.013427109974424553	0.012148337595907928	0.0	0.033631713554987216
vaccination_study_09	T_NK_lineage	17	NK Cell	9	1564	0.19795655901686196	0.19795655901686196	0.18861892583120204	0.4340760869565217	0.027765345268542196	0.4618414322250639	0.0	0.0	0.0	0.3670076726342711	0.056585677749360616	0.18861892583120204	0.00959079283887468	0.11253196930946291	0.4678928969768478	0.9175191815856778	0.38826726342710993	0.07225063938618925	0.04060102301790282	CD3D;CD3E;MS4A1;LST1	CD8A;CD8B		0.0	0.0	0.0006393861892583121	0.0	0.0	0.0010230179028132994
vaccination_study_09	T_NK_lineage	18	CD8 Cytotoxic / T Effector Memory	1	1442	0.8415940268648185	0.8585298196948682	1.0	0.20647711511789182	0.0924237170596394	0.2989008321775312	0.7010991678224687	0.7010991678224687	0.0	0.9979195561719834	0.488778212079183	0.8585298196948682	0.4798890429958391	0.7614424410540915	1.8580175302627928	0.4618585298196949	0.1407766990291262	0.2434119278779473	0.12933425797503467	CCR7;TCF7;LEF1;MS4A1	KLRD1;FCGR3A		0.0	0.0	0.5929264909847434	0.5776699029126213	0.0	2.2274514563106793
vaccination_study_09	T_NK_lineage	18	MAIT Cell	2	1442	0.881112460703058	0.881112460703058	1.0	0.1264147018030513	0.30523578363384185	0.43165048543689316	0.5683495145631068	0.5683495145631068	0.0	0.9937586685159501	0.611373092926491	0.579750346740638	0.579750346740638	0.579750346740638	1.874064555673568	0.2565880721220527	0.13141470180305131	0.8169209431345353	0.4010633379565418	MS4A1;LST1	NKG7;GNLY;GZMB		0.0	0.0	0.42163661581137307	0.39042995839112343	0.0	1.6333980582524272
vaccination_study_09	T_NK_lineage	18	CD4 T Effector Memory	3	1442	0.9531437553586739	0.9531437553586739	1.0	0.20478039759593158	0.3119105409153953	0.5166909385113269	0.48330906148867314	0.48330906148867314	0.0	0.9993065187239945	0.6663488210818308	0.9348127600554785	0.6428571428571429	0.8828016643550625	2.4831890303687465	0.4375866851595007	0.17498844197873323	0.8432732316227461	0.39285714285714285	CCR7;TCF7;LEF1	NKG7;GNLY;GZMB;PRF1		0.0	0.0	0.18377253814147018	0.18377253814147018	0.18377253814147018	1.1816447064262598
vaccination_study_09	T_NK_lineage	18	NKT Cell	4	1442	0.830008573878251	0.9611650485436893	1.0	0.1264147018030513	0.1767857142857143	0.3032004160887656	0.6967995839112344	0.6967995839112344	0.0	0.9889042995839112	0.5062413314840499	0.9611650485436893	0.6712898751733704	0.8564493758668515	1.126311624434295	0.2565880721220527	0.13141470180305131	0.4389736477115118	0.30062413314840497	MS4A1;LST1	CD8A;CD8B		0.0	0.0	0.0	0.0	0.0	0.6967995839112344
vaccination_study_09	T_NK_lineage	18	NK Cell	5	1442	0.7745641611889111	0.8314840499306518	1.0	0.4734188626907074	0.1767857142857143	0.6	0.4	0.4	0.0	0.8841886269070736	0.2743585298196949	0.8314840499306518	0.40499306518723993	0.7614424410540915	1.982310639503071	0.9750346740638003	0.46775312066574204	0.4389736477115118	0.30062413314840497	CD3D;CD3E;MS4A1;LST1	CD8A;CD8B		0.0	0.0	0.023578363384188627	0.023578363384188627	0.0	0.46130374479889047
vaccination_study_09	T_NK_lineage	18	CD4 Naive / T Central Memory	6	1442	0.6467062017719348	0.6467062017719348	0.39042995839112343	0.40687239944521497	0.1767857142857143	0.5836581137309292	0.0	0.0	0.0	0.9979195561719834	0.43989828941285253	0.39042995839112343	0.03536754507628294	0.31761442441054094	0.7904005271576326	0.8432732316227461	0.39285714285714285	0.4389736477115118	0.30062413314840497	NKG7;GNLY;GZMB;PRF1	CD8A;CD8B		0.0	0.0	0.19833564493758668	0.10402219140083217	0.03259361997226075	0.4604715672676838
vaccination_study_09	T_NK_lineage	18	gdT Cell	7	1442	0.765450843098028	0.9639389736477115	0.8600381414701803	0.1264147018030513	0.3292302357836338	0.4556449375866851	0.4043932038834952	0.4043932038834952	0.0	0.9639389736477115	0.8040915395284327	0.9639389736477115	0.0	0.8040915395284327	1.1421035648265825	0.2565880721220527	0.13141470180305131	0.8141470180305131	0.5665742024965326	MS4A1;LST1	NKG7;GNLY		0.0	0.0	0.0013869625520110957	0.0013869625520110957	0.0	0.40799930651872407
vaccination_study_09	T_NK_lineage	18	CD8 Naive / T Central Memory	8	1442	0.7007359245498714	0.7007359245498714	0.5547850208044383	0.40687239944521497	0.0	0.40687239944521497	0.14791262135922328	0.14791262135922328	0.0	0.9979195561719834	0.41732162120511634	0.5547850208044383	0.15950069348127602	0.31761442441054094	0.9863944804290526	0.8432732316227461	0.39285714285714285	0.0	0.0	NKG7;GNLY;GZMB;PRF1			0.0	0.0	0.03952843273231623	0.036061026352288486	0.0	0.24721914008321774
vaccination_study_09	T_NK_lineage	18	Treg	9	1442	0.7583452414975707	0.9667128987517337	0.6165828710124827	0.40964632454923716	0.1490638002773925	0.5587101248266296	0.05787274618585303	0.05787274618585303	0.0	0.9667128987517337	0.4280513176144244	0.9667128987517337	0.0	0.4280513176144244	1.1196441151684735	0.8606102635228848	0.3755201109570041	0.39042995839112343	0.2128987517337032	NKG7;GNLY;GZMB;CD8A	CCR7;TCF7		0.0	0.0	0.0020804438280166435	0.0006934812760055479	0.004160887656033287	0.06688800277392516
vaccination_study_09	T_NK_lineage	19	CD4 Naive / T Central Memory	1	1366	0.8148292369248357	0.8148292369248357	0.8504375104732782	0.05669106881405564	0.021412884333821373	0.07810395314787702	0.7723335573254012	0.7723335573254012	0.0	0.9985358711566618	0.5786562550837807	0.7335285505124451	0.24231332357247437	0.5658857979502196	1.4676358398433325	0.12884333821376281	0.03513909224011713	0.055636896046852125	0.0314787701317716	NKG7;GNLY;GZMB;PRF1	CD8A;CD8B		0.0	0.0	0.9831625183016105	0.9824304538799414	0.9524158125915081	4.470723015597729
vaccination_study_09	T_NK_lineage	19	CD8 Naive / T Central Memory	2	1366	0.7516361817662189	0.7516361817662189	0.8134293679606781	0.05669106881405564	0.0	0.05669106881405564	0.7567382991466225	0.7567382991466225	0.0	0.9941434846266471	0.45387994143484633	0.7371888726207906	0.24816983894582723	0.5658857979502196	1.3049619813595499	0.12884333821376281	0.03513909224011713	0.0	0.0	NKG7;GNLY;GZMB;PRF1			0.0	0.0	0.05856515373352855	0.05490483162518302	0.0	0.9053473767454512
vaccination_study_09	T_NK_lineage	19	NKT Cell	3	1366	0.5495070020005716	0.7628111273792094	0.7628111273792094	0.047071742313323575	0.021412884333821373	0.06848462664714494	0.6943265007320645	0.6943265007320645	0.0	0.9092240117130308	0.2521961932650073	0.7628111273792094	0.04319180087847731	0.7489019033674963	0.8962700599291789	0.095900439238653	0.048316251830161056	0.055636896046852125	0.0314787701317716	MS4A1;LST1	CD8A;CD8B		0.0	0.0	0.0	0.0	0.0	0.6943265007320645
vaccination_study_09	T_NK_lineage	19	gdT Cell	4	1366	0.6865354386967706	0.9026354319180088	0.7677342606149341	0.047071742313323575	0.038378477306002926	0.0854502196193265	0.6822840409956076	0.6822840409956076	0.0	0.9026354319180088	0.695095168374817	0.9026354319180088	0.0	0.695095168374817	1.0702150836789803	0.095900439238653	0.048316251830161056	0.10102489019033675	0.05380673499267936	MS4A1;LST1	NKG7;GNLY		0.0	0.0	0.0	0.0	0.0	0.6822840409956076
vaccination_study_09	T_NK_lineage	19	Treg	5	1366	0.6582219919977137	0.9026354319180088	0.5430179355783309	0.05629209370424597	0.2932467057101025	0.34953879941434846	0.19347913616398243	0.19347913616398243	0.0	0.9026354319180088	0.3493777452415813	0.9026354319180088	0.0	0.3493777452415813	1.0461896141098983	0.1281112737920937	0.034590043923865305	0.7335285505124451	0.48792093704245976	NKG7;GNLY;GZMB;CD8A	CCR7;TCF7		0.0	0.0	0.0036603221083455345	0.0	0.018301610541727673	0.2212975841874085
vaccination_study_09	T_NK_lineage	19	CD4 T Effector Memory	6	1366	0.5514236210345813	0.5514236210345813	0.06661786237188873	0.41719863347974623	0.043923865300146414	0.46112249877989264	0.0	0.0	0.0	0.9699853587115667	0.3020680819912152	0.06661786237188873	0.010980966325036604	0.055636896046852125	0.2013696717654456	0.8345534407027818	0.45485602733040514	0.12884333821376281	0.03513909224011713	CCR7;TCF7;LEF1	NKG7;GNLY;GZMB;PRF1		0.0	0.0	0.005124450951683748	0.005124450951683748	0.01683748169838946	0.0335285505124451
vaccination_study_09	T_NK_lineage	19	CD8 Cytotoxic / T Effector Memory	7	1366	0.5148578165190054	0.5148578165190054	0.11346998535871157	0.39282210834553444	0.008510248901903368	0.4013323572474378	0.0	0.0	0.0	0.9187408491947291	0.1524025023292959	0.11346998535871157	0.008052708638360176	0.055636896046852125	0.26413531470729756	0.835285505124451	0.34278916544655935	0.022693997071742314	0.011346998535871157	CCR7;TCF7;LEF1;MS4A1	KLRD1;FCGR3A		0.0	0.0	0.012445095168374817	0.010980966325036604	0.0	0.030893118594436313
vaccination_study_09	T_NK_lineage	19	MAIT Cell	8	1366	0.6592187053443841	0.6592187053443841	0.09956076134699854	0.047071742313323575	0.04092240117130307	0.08799414348462664	0.011566617862371897	0.011566617862371897	0.0	0.9619326500732065	0.4301610541727673	0.04978038067349927	0.04978038067349927	0.04978038067349927	0.1899656238678704	0.095900439238653	0.048316251830161056	0.11566617862371889	0.04148365056124939	MS4A1;LST1	NKG7;GNLY;GZMB		0.0	0.0	0.0	0.0	0.0	0.011566617862371897
vaccination_study_09	T_NK_lineage	19	NK Cell	9	1366	0.19795655901686196	0.19795655901686196	0.11127379209370425	0.4272803806734993	0.021412884333821373	0.4486932650073207	0.0	0.0	0.0	0.21742313323572474	0.03074670571010249	0.11127379209370425	0.006588579795021962	0.055636896046852125	0.28568851469026096	0.9092240117130308	0.37170571010248904	0.055636896046852125	0.0314787701317716	CD3D;CD3E;MS4A1;LST1	CD8A;CD8B		0.0	0.0	0.0	0.0	0.0	0.0
vaccination_study_09	T_NK_lineage	2	CD4 Naive / T Central Memory	1	6640	0.7091347527865104	0.7091347527865104	0.6876786264231648	0.0685730421686747	0.035625000000000004	0.1041980421686747	0.5834805842544901	0.5834805842544901	0.0	0.9956325301204819	0.4850066934404284	0.6245481927710843	0.16897590361445783	0.42876506024096384	1.252521734608322	0.15632530120481927	0.04167921686746988	0.09262048192771084	0.052259036144578316	NKG7;GNLY;GZMB;PRF1	CD8A;CD8B		0.0	0.0	0.9852409638554217	0.984789156626506	0.9600903614457831	4.296763716784611
vaccination_study_09	T_NK_lineage	2	CD8 Naive / T Central Memory	2	6640	0.6749464132609317	0.6749464132609317	0.6637231837405501	0.0685730421686747	0.0	0.0685730421686747	0.5951501415718754	0.5951501415718754	0.0	0.9841867469879518	0.3862617135207496	0.6329819277108434	0.1789156626506024	0.42876506024096384	1.1229650241188267	0.15632530120481927	0.04167921686746988	0.0	0.0	NKG7;GNLY;GZMB;PRF1			0.0	0.0	0.11656626506024097	0.07228915662650602	0.0	0.853945322294767
vaccination_study_09	T_NK_lineage	2	NKT Cell	3	6640	0.513902186338954	0.7024096385542169	0.7024096385542169	0.04382680722891566	0.035625000000000004	0.07945180722891566	0.6229578313253012	0.6229578313253012	0.0	0.8634036144578313	0.23102409638554214	0.7024096385542169	0.046987951807228916	0.6802710843373494	0.8262192492057668	0.08930722891566265	0.044954819277108427	0.09262048192771084	0.052259036144578316	MS4A1;LST1	CD8A;CD8B		0.0	0.0	0.0	0.0	0.0	0.6229578313253012
vaccination_study_09	T_NK_lineage	2	gdT Cell	4	6640	0.629165475850243	0.8359939759036145	0.6920444277108433	0.04382680722891566	0.049676204819277106	0.09350301204819277	0.5985414156626505	0.5985414156626505	0.0	0.8359939759036145	0.6145331325301204	0.8359939759036145	0.0	0.6145331325301204	0.9920670204649042	0.08930722891566265	0.044954819277108427	0.13147590361445782	0.06822289156626506	MS4A1;LST1	NKG7;GNLY		0.0	0.0	0.0	0.0	0.0	0.5985414156626505
vaccination_study_09	T_NK_lineage	2	Treg	5	6640	0.6030687339239783	0.8368975903614457	0.49361634036144575	0.07130873493975905	0.24687876506024095	0.3181875	0.17542884036144574	0.17542884036144574	0.0	0.8368975903614457	0.3087725903614458	0.8368975903614457	0.0	0.3087725903614458	0.9708317607051261	0.1625	0.04344879518072289	0.6245481927710843	0.39676204819277106	NKG7;GNLY;GZMB;CD8A	CCR7;TCF7		0.0	0.0	0.0009036144578313253	0.0	0.013403614457831326	0.19295896084337347
vaccination_study_09	T_NK_lineage	2	CD8 Cytotoxic / T Effector Memory	6	6640	0.48993819662760785	0.48993819662760785	0.15015060240963857	0.3412959337349397	0.0077484939759036135	0.3490444277108433	0.0	0.0	0.0	0.8801204819277109	0.1427710843373494	0.15015060240963857	0.008132530120481927	0.07816265060240964	0.34260496302106797	0.7376506024096385	0.27722138554216863	0.020632530120481926	0.01039156626506024	CCR7;TCF7;LEF1;MS4A1	KLRD1;FCGR3A		0.0	0.0	0.009939759036144578	0.00783132530120482	0.0	0.023734939759036143
vaccination_study_09	T_NK_lineage	2	CD4 T Effector Memory	7	6640	0.4886931980565876	0.4886931980565876	0.05918674698795181	0.3596174698795181	0.05314947289156626	0.41276694277108433	0.0	0.0	0.0	0.9402108433734939	0.2579066265060241	0.05918674698795181	0.0031626506024096386	0.046987951807228916	0.18183896157085314	0.7344879518072289	0.3659638554216867	0.15632530120481927	0.04167921686746988	CCR7;TCF7;LEF1	NKG7;GNLY;GZMB;PRF1		0.0	0.0	0.00030120481927710846	0.00030120481927710846	0.013102409638554217	0.01650602409638554
vaccination_study_09	T_NK_lineage	2	MAIT Cell	8	6640	0.589947127750786	0.589947127750786	0.10210843373493976	0.04382680722891566	0.05073042168674699	0.09455722891566265	0.00755120481927711	0.00755120481927711	0.0	0.9256024096385542	0.37542168674698795	0.05105421686746988	0.05105421686746988	0.05105421686746988	0.1940135252791167	0.08930722891566265	0.044954819277108427	0.1438253012048193	0.05055220883534137	MS4A1;LST1	NKG7;GNLY;GZMB		0.0	0.0	0.0	0.0	0.0	0.00755120481927711
vaccination_study_09	T_NK_lineage	2	NK Cell	9	6640	0.19795655901686196	0.19795655901686196	0.1394578313253012	0.3957725903614458	0.035625000000000004	0.4313975903614458	0.0	0.0	0.0	0.25180722891566265	0.03563629518072289	0.1394578313253012	0.006325301204819277	0.07816265060240964	0.35208254894149954	0.8506024096385543	0.32974397590361443	0.09262048192771084	0.052259036144578316	CD3D;CD3E;MS4A1;LST1	CD8A;CD8B		0.0	0.0	0.0	0.0	0.0	0.0
vaccination_study_09	T_NK_lineage	20	CD4 Naive / T Central Memory	1	1062	0.7243819662760789	0.7243819662760789	0.6127658095564318	0.21415254237288134	0.06836158192090395	0.2825141242937853	0.3302516852626465	0.3302516852626465	0.0	0.9830508474576272	0.4900606821510777	0.5743879472693032	0.15160075329566855	0.4303201506591337	1.1535114491485143	0.4340866290018832	0.2236346516007533	0.17325800376647835	0.10922787193973635	NKG7;GNLY;GZMB;PRF1	CD8A;CD8B		0.0	0.0	0.6807909604519774	0.576271186440678	0.5696798493408662	2.6794042276355277
vaccination_study_09	T_NK_lineage	20	CD8 Cytotoxic / T Effector Memory	2	1062	0.6501250357244928	0.6501250357244928	0.4764595103578154	0.29850753295668553	0.06207627118644067	0.3605838041431262	0.11587570621468923	0.11587570621468923	0.0	0.9661016949152542	0.31013525081321697	0.4274952919020716	0.2382297551789077	0.3210922787193974	0.9359194161543761	0.6431261770244822	0.2459981167608286	0.15630885122410546	0.1012241054613936	CCR7;TCF7;LEF1;MS4A1	KLRD1;FCGR3A		0.0	0.0	0.3804143126177024	0.3757062146892655	0.0	1.1002448210922786
vaccination_study_09	T_NK_lineage	20	NKT Cell	3	1062	0.6643951843383824	0.871939736346516	0.8776478105268934	0.074030131826742	0.06836158192090395	0.14239171374764595	0.7352560967792475	0.7352560967792475	0.0	0.9566854990583804	0.37303829252981796	0.871939736346516	0.2580037664783427	0.7928436911487758	1.0228322967215098	0.15065913370998116	0.07627118644067797	0.17325800376647835	0.10922787193973635	MS4A1;LST1	CD8A;CD8B		0.0	0.0	0.0	0.0	0.0	0.7352560967792475
vaccination_study_09	T_NK_lineage	20	CD8 Naive / T Central Memory	4	1062	0.7109495570162904	0.7109495570162904	0.6471833314912451	0.21415254237288134	0.0	0.21415254237288134	0.43303078911836373	0.43303078911836373	0.0	0.980225988700565	0.4091860221803725	0.6214689265536724	0.1817325800376648	0.4303201506591337	1.1028576197502908	0.4340866290018832	0.2236346516007533	0.0	0.0	NKG7;GNLY;GZMB;PRF1			0.0	0.0	0.07721280602636535	0.07344632768361582	0.0	0.630017606444164
vaccination_study_09	T_NK_lineage	20	gdT Cell	5	1062	0.7116586881966276	0.9256120527306968	0.7995291902071563	0.074030131826742	0.16871468926553673	0.24274482109227874	0.5567843691148775	0.5567843691148775	0.0	0.9256120527306968	0.731638418079096	0.9256120527306968	0.0	0.731638418079096	1.0971589490010099	0.15065913370998116	0.07627118644067797	0.4067796610169492	0.3112052730696798	MS4A1;LST1	NKG7;GNLY		0.0	0.0	0.0	0.0	0.0	0.5567843691148775
vaccination_study_09	T_NK_lineage	20	MAIT Cell	6	1062	0.722227779365533	0.722227779365533	0.631533007997675	0.074030131826742	0.1611111111111111	0.2351412429378531	0.3963917650598219	0.3963917650598219	0.0	0.9708097928436912	0.48757062146892655	0.3126177024482109	0.3126177024482109	0.3126177024482109	1.0251904124050126	0.15065913370998116	0.07627118644067797	0.4152542372881356	0.24356559949780288	MS4A1;LST1	NKG7;GNLY;GZMB		0.0	0.0	0.07156308851224105	0.022598870056497175	0.0	0.5334915767359047
vaccination_study_09	T_NK_lineage	20	CD4 T Effector Memory	7	1062	0.7564482709345528	0.7564482709345528	0.45871401843793663	0.30960451977401127	0.16377118644067795	0.4733757062146892	0.0	0.0	0.0	0.9887005649717514	0.434439736346516	0.423728813559322	0.14124293785310735	0.3926553672316384	1.1399408195144585	0.6299435028248588	0.31920903954802254	0.4340866290018832	0.2236346516007533	CCR7;TCF7;LEF1	NKG7;GNLY;GZMB;PRF1		0.0	0.0	0.12523540489642185	0.12523540489642185	0.10357815442561205	0.44990583804143125
vaccination_study_09	T_NK_lineage	20	Treg	8	1062	0.7033027293512433	0.931261770244821	0.5747410546139359	0.21010828625235403	0.22676553672316382	0.43687382297551786	0.13786723163841802	0.13786723163841802	0.0	0.931261770244821	0.38276836158192085	0.931261770244821	0.0	0.38276836158192085	1.0790051029678827	0.4350282485875706	0.2036252354048964	0.5743879472693032	0.36299435028248583	NKG7;GNLY;GZMB;CD8A	CCR7;TCF7		0.0	0.0	0.011299435028248588	0.00847457627118644	0.017890772128060263	0.18588983050847452
vaccination_study_09	T_NK_lineage	20	NK Cell	9	1062	0.4209399114032581	0.4209399114032581	0.4595103578154426	0.44489642184557443	0.06836158192090395	0.5132580037664783	0.0	0.0	0.0	0.5291902071563088	0.18326271186440676	0.4105461393596987	0.2297551789077213	0.3210922787193974	0.9906938658235706	0.9369114877589454	0.403954802259887	0.17325800376647835	0.10922787193973635	CD3D;CD3E;MS4A1;LST1	CD8A;CD8B		0.0	0.0	0.05555555555555555	0.05555555555555555	0.0	0.14444444444444443
vaccination_study_09	T_NK_lineage	21	NK Cell	1	954	0.9156830523006574	0.9758909853249476	1.0	0.22150419287211742	0.029638364779874214	0.2511425576519916	0.7488574423480083	0.7488574423480083	0.0	0.9947589098532494	0.6263102725366877	0.9758909853249476	0.949685534591195	0.9528301886792453	2.322494632858306	0.4947589098532495	0.15225366876310273	0.07756813417190776	0.04245283018867925	CD3D;CD3E;MS4A1;LST1	CD8A;CD8B		0.0	0.0	0.9790356394129979	0.9423480083857443	0.0	3.257662473794549
vaccination_study_09	T_NK_lineage	21	NKT Cell	2	954	0.9293190911689053	0.9528301886792453	0.9819915000062649	0.08138364779874213	0.029638364779874214	0.11102201257861635	0.8709694874276486	0.8709694874276486	0.0	0.9832285115303984	0.527078965758211	0.9528301886792453	0.16142557651991615	0.9465408805031447	1.1166452453080782	0.16561844863731656	0.08385744234800838	0.07756813417190776	0.04245283018867925	MS4A1;LST1	CD8A;CD8B		0.0	0.0	0.0	0.0	0.0	0.8709694874276486
vaccination_study_09	T_NK_lineage	21	CD8 Cytotoxic / T Effector Memory	3	954	0.8542119176907688	0.9748427672955975	1.0	0.1687631027253669	0.3002358490566038	0.4689989517819707	0.5310010482180293	0.5310010482180293	0.0	0.9853249475890985	0.4494949494949495	0.9748427672955975	0.9245283018867925	0.9528301886792453	2.106842027405121	0.37735849056603776	0.11530398322851153	0.7714884696016772	0.4585953878406709	CCR7;TCF7;LEF1;MS4A1	KLRD1;FCGR3A		0.0	0.0	0.03459119496855346	0.03459119496855346	0.0	0.6209381551362683
vaccination_study_09	T_NK_lineage	21	CD4 T Effector Memory	4	954	0.7571413260931694	0.7819706498951782	1.0	0.17011879804332636	0.4035770440251572	0.5736958420684836	0.42630415793151644	0.42630415793151644	0.0	0.989517819706499	0.39111635220125784	0.7819706498951782	0.2662473794549266	0.5670859538784067	2.081484198073527	0.3637316561844864	0.14500349406009783	0.9779874213836478	0.734538784067086	CCR7;TCF7;LEF1	NKG7;GNLY;GZMB;PRF1		0.0	0.0	0.03878406708595388	0.03878406708595388	0.025157232704402517	0.5573314116002795
vaccination_study_09	T_NK_lineage	21	MAIT Cell	5	954	0.5255751643326665	0.7547169811320755	1.0	0.08138364779874213	0.40885744234800836	0.4902410901467505	0.5097589098532496	0.5097589098532496	0.0	0.8888888888888888	0.29643605870020967	0.7547169811320755	0.7547169811320755	0.7547169811320755	2.4300604440196807	0.16561844863731656	0.08385744234800838	0.9748427672955975	0.7760307477288609	MS4A1;LST1	NKG7;GNLY;GZMB		0.0	0.0	0.008385744234800839	0.0	0.0	0.5231761006289309
vaccination_study_09	T_NK_lineage	21	CD4 Naive / T Central Memory	6	954	0.42966561874821374	0.42966561874821374	0.3218029350104822	0.5	0.029638364779874214	0.5296383647798742	0.0	0.0	0.0	0.8951781970649895	0.23235499650593988	0.3218029350104822	0.03563941299790356	0.27882599580712786	0.654939045516102	0.9779874213836478	0.734538784067086	0.07756813417190776	0.04245283018867925	NKG7;GNLY;GZMB;PRF1	CD8A;CD8B		0.0	0.0	0.012578616352201259	0.011530398322851153	0.0220125786163522	0.058071278825995803
vaccination_study_09	T_NK_lineage	21	Treg	7	954	0.4849582023435267	0.5723270440251572	0.3255110062893082	0.5	0.12334905660377357	0.6	0.0	0.0	0.0	0.5723270440251572	0.19261006289308177	0.5723270440251572	0.0	0.19261006289308177	0.6675442177322454	0.9748427672955975	0.5980083857442348	0.3218029350104822	0.17872117400419285	NKG7;GNLY;GZMB;CD8A	CCR7;TCF7		0.0	0.0	0.0010482180293501049	0.0010482180293501049	0.0	0.0027253668763102725
vaccination_study_09	T_NK_lineage	21	CD8 Naive / T Central Memory	8	954	0.4551353958273793	0.4551353958273793	0.3637316561844864	0.5	0.0	0.5	0.0	0.0	0.0	0.8867924528301887	0.21639878872583276	0.3637316561844864	0.05555555555555555	0.27882599580712786	0.652720644568286	0.9779874213836478	0.734538784067086	0.0	0.0	NKG7;GNLY;GZMB;PRF1			0.0	0.0	0.0	0.0	0.0	0.0
vaccination_study_09	T_NK_lineage	21	gdT Cell	9	954	0.2106923406687625	0.39622641509433965	0.282101677148847	0.08138364779874213	0.43490566037735845	0.5162893081761006	0.0	0.0	0.0	0.39622641509433965	0.22064989517819708	0.39622641509433965	0.0	0.22064989517819708	0.47636725642913547	0.16561844863731656	0.08385744234800838	0.9748427672955975	0.949685534591195	MS4A1;LST1	NKG7;GNLY		0.0	0.0	0.0	0.0	0.0	0.0
vaccination_study_09	T_NK_lineage	22	Treg	1	873	0.8863889682766505	0.9266895761741123	0.6452462772050401	0.2690836197021764	0.1804123711340206	0.449495990836197	0.19575028636884312	0.19575028636884312	0.0	0.9266895761741123	0.4936998854524628	0.9266895761741123	0.0	0.4936998854524628	1.073763818460204	0.5532646048109966	0.2674684994272623	0.4581901489117984	0.286368843069874	NKG7;GNLY;GZMB;CD8A	CCR7;TCF7		0.0	0.0	0.7605956471935853	0.5922107674684994	0.10996563573883161	2.1368728522336773
vaccination_study_09	T_NK_lineage	22	CD8 Cytotoxic / T Effector Memory	2	873	0.7541869105458703	0.7541869105458703	0.6135665559514049	0.2724398625429553	0.09054982817869416	0.3629896907216495	0.25057686522975536	0.25057686522975536	0.0	0.9988545246277205	0.39477246693741536	0.5337915234822451	0.286368843069874	0.4329896907216495	1.1633154792466276	0.5876288659793815	0.22336769759450173	0.22336769759450173	0.15693012600229095	CCR7;TCF7;LEF1;MS4A1	KLRD1;FCGR3A		0.0	0.0	0.2943871706758305	0.27262313860252	0.0	0.9942194769136041
vaccination_study_09	T_NK_lineage	22	CD4 Naive / T Central Memory	3	873	0.6519648470991712	0.6519648470991712	0.4581901489117984	0.3015807560137457	0.090893470790378	0.3924742268041237	0.06571592210767468	0.06571592210767468	0.0	0.9461626575028637	0.4463535700649103	0.4581901489117984	0.1145475372279496	0.33791523482245134	0.9241509850979702	0.6059564719358533	0.3241695303550974	0.2222222222222222	0.16151202749140892	NKG7;GNLY;GZMB;PRF1	CD8A;CD8B		0.0	0.0	0.1729667812142039	0.10882016036655212	0.3757159221076747	0.9021420389461626
vaccination_study_09	T_NK_lineage	22	NKT Cell	4	873	0.7820734495570163	0.9805269186712485	1.0	0.08245131729667812	0.090893470790378	0.1733447880870561	0.8266552119129439	0.8266552119129439	0.0	0.997709049255441	0.42458953799159976	0.9805269186712485	0.32989690721649484	0.852233676975945	1.1487666123152516	0.1672394043528064	0.0859106529209622	0.2222222222222222	0.16151202749140892	MS4A1;LST1	CD8A;CD8B		0.0	0.0	0.0	0.0	0.0	0.8266552119129439
vaccination_study_09	T_NK_lineage	22	CD4 T Effector Memory	5	873	0.859759931408974	0.859759931408974	0.6524830859946494	0.2829705994654448	0.2304123711340206	0.5133829705994654	0.13910011539518408	0.13910011539518408	0.0	0.997709049255441	0.49312714776632305	0.5406643757159221	0.20618556701030927	0.41580756013745707	1.4472748411149094	0.5773195876288659	0.28904161893852615	0.6059564719358533	0.3241695303550974	CCR7;TCF7;LEF1	NKG7;GNLY;GZMB;PRF1		0.0	0.0	0.21305841924398625	0.21305841924398625	0.06529209621993128	0.7714025208934658
vaccination_study_09	T_NK_lineage	22	gdT Cell	6	873	0.8554194055444413	0.9003436426116839	0.8415234822451317	0.08245131729667812	0.206786941580756	0.28923825887743415	0.5522852233676976	0.5522852233676976	0.0	0.9003436426116839	0.8098510882016037	0.9003436426116839	0.0	0.8098510882016037	1.0675275839408993	0.1672394043528064	0.0859106529209622	0.5085910652920962	0.36139747995418103	MS4A1;LST1	NKG7;GNLY		0.0	0.0	0.0	0.0	0.0	0.5522852233676976
vaccination_study_09	T_NK_lineage	22	MAIT Cell	7	873	0.725957416404687	0.725957416404687	0.8238614096564365	0.08245131729667812	0.20446735395189003	0.2869186712485682	0.5369427384078683	0.5369427384078683	0.0	0.9805269186712485	0.47308132875143183	0.38144329896907214	0.38144329896907214	0.38144329896907214	1.243899246873169	0.1672394043528064	0.0859106529209622	0.5280641466208477	0.30698739977090495	MS4A1;LST1	NKG7;GNLY;GZMB		0.0	0.0	0.004581901489117984	0.003436426116838488	0.0	0.5477102069072955
vaccination_study_09	T_NK_lineage	22	NK Cell	8	873	0.5144541297513575	0.5154639175257731	0.5749269175886225	0.4437113402061856	0.090893470790378	0.5346048109965635	0.040322106592058926	0.040322106592058926	0.0	0.6586483390607102	0.25615693012600227	0.5154639175257731	0.2520045819014891	0.4329896907216495	1.2378520002513975	0.9083619702176403	0.4478808705612829	0.2222222222222222	0.16151202749140892	CD3D;CD3E;MS4A1;LST1	CD8A;CD8B		0.0	0.0	0.12600229095074456	0.21420389461626574	0.0	0.45612966672951594
vaccination_study_09	T_NK_lineage	22	CD8 Naive / T Central Memory	9	873	0.6900828808230923	0.6900828808230923	0.5486827033218786	0.3015807560137457	0.0	0.3015807560137457	0.24710194730813295	0.24710194730813295	0.0	0.9518900343642611	0.4105892834415171	0.5486827033218786	0.16265750286368844	0.33791523482245134	0.9757368105885015	0.6059564719358533	0.3241695303550974	0.0	0.0	NKG7;GNLY;GZMB;PRF1			0.0	0.0	0.003436426116838488	0.002290950744558992	0.0	0.2548911798396335
vaccination_study_09	T_NK_lineage	23	CD4 Naive / T Central Memory	1	678	0.7182302086310375	0.7182302086310375	0.5853744520296635	0.15387905604719765	0.18285398230088493	0.33673303834808255	0.248641413681581	0.248641413681581	0.0	0.9985250737463127	0.5077023926581448	0.556047197640118	0.11946902654867257	0.4056047197640118	1.1173090175581823	0.3421828908554572	0.1084070796460177	0.45870206489675514	0.30162241887905605	NKG7;GNLY;GZMB;PRF1	CD8A;CD8B		0.0	0.0	0.6474926253687315	0.6430678466076696	0.40117994100294985	2.4091133900827613
vaccination_study_09	T_NK_lineage	23	CD8 Cytotoxic / T Effector Memory	2	678	0.7318876821949128	0.7318876821949128	0.4498525073746313	0.3101843657817109	0.04767699115044248	0.3578613569321534	0.09199115044247791	0.09199115044247791	0.0	0.9793510324483776	0.2948511665325824	0.4498525073746313	0.1415929203539823	0.2581120943952802	0.983747478396928	0.6696165191740413	0.25331858407079644	0.12684365781710916	0.06415929203539823	CCR7;TCF7;LEF1;MS4A1	KLRD1;FCGR3A		0.0	0.0	0.5958702064896755	0.4778761061946903	0.0	1.5232595870206491
vaccination_study_09	T_NK_lineage	23	CD8 Naive / T Central Memory	3	678	0.7681623320948843	0.7681623320948843	0.7142343979549357	0.15387905604719765	0.0	0.15387905604719765	0.5603553419077381	0.5603553419077381	0.0	1.0	0.46640445755489995	0.668141592920354	0.22713864306784662	0.4056047197640118	1.1843712201383267	0.3421828908554572	0.1084070796460177	0.0	0.0	NKG7;GNLY;GZMB;PRF1			0.0	0.0	0.17404129793510326	0.16371681415929204	0.0	1.0025382327631953
vaccination_study_09	T_NK_lineage	23	CD4 T Effector Memory	4	678	0.7964882823663904	0.7964882823663904	0.7586266118234579	0.3228908554572272	0.11891592920353983	0.441806784660767	0.3168198271626909	0.3168198271626909	0.0	0.995575221238938	0.45814896755162243	0.6047197640117994	0.2994100294985251	0.5663716814159292	1.6156273912466341	0.6592920353982301	0.32890855457227136	0.3421828908554572	0.1084070796460177	CCR7;TCF7;LEF1	NKG7;GNLY;GZMB;PRF1		0.0	0.0	0.048672566371681415	0.048672566371681415	0.25663716814159293	0.7513331014989741
vaccination_study_09	T_NK_lineage	23	gdT Cell	5	678	0.7213096599028295	0.9218289085545722	0.8019911504424778	0.06320058997050147	0.12146017699115043	0.1846607669616519	0.6173303834808259	0.6173303834808259	0.0	0.9218289085545722	0.7374631268436578	0.9218289085545722	0.0	0.7374631268436578	1.0927225904952789	0.12831858407079647	0.06563421828908556	0.3141592920353982	0.18141592920353983	MS4A1;LST1	NKG7;GNLY		0.0	0.0	0.0	0.0	0.0	0.6173303834808259
vaccination_study_09	T_NK_lineage	23	NKT Cell	6	678	0.6335631609031152	0.8510324483775811	0.8510324483775811	0.06320058997050147	0.18285398230088493	0.24605457227138638	0.6049778761061947	0.6049778761061947	0.0	0.9528023598820059	0.32620452310717796	0.8510324483775811	0.21091445427728614	0.799410029498525	0.9985850057897385	0.12831858407079647	0.06563421828908556	0.45870206489675514	0.30162241887905605	MS4A1;LST1	CD8A;CD8B		0.0	0.0	0.0	0.0	0.0	0.6049778761061947
vaccination_study_09	T_NK_lineage	23	MAIT Cell	7	678	0.6896506144612746	0.6896506144612746	0.35988200589970504	0.06320058997050147	0.11482300884955753	0.178023598820059	0.18185840707964604	0.18185840707964604	0.0	0.9808259587020649	0.4672566371681416	0.17994100294985252	0.17994100294985252	0.17994100294985252	0.6035803171031505	0.12831858407079647	0.06563421828908556	0.3200589970501475	0.12536873156342185	MS4A1;LST1	NKG7;GNLY;GZMB		0.0	0.0	0.02064896755162242	0.016224188790560472	0.0	0.2311209439528024
vaccination_study_09	T_NK_lineage	23	Treg	8	678	0.6995409402686481	0.9233038348082596	0.5707411504424779	0.2072566371681416	0.21747787610619468	0.4247345132743363	0.14600663716814155	0.14600663716814155	0.0	0.9233038348082596	0.38089970501474923	0.9233038348082596	0.0	0.38089970501474923	1.069882610993195	0.4557522123893805	0.15486725663716816	0.556047197640118	0.33775811209439527	NKG7;GNLY;GZMB;CD8A	CCR7;TCF7		0.0	0.0	0.0029498525073746312	0.0014749262536873156	0.02064896755162242	0.17698008849557517
vaccination_study_09	T_NK_lineage	23	NK Cell	9	678	0.19795655901686196	0.3584070796460177	0.3584070796460177	0.44087758112094394	0.18285398230088493	0.6	0.0	0.0	0.0	0.4424778761061947	0.08314896755162242	0.3584070796460177	0.10029498525073746	0.2581120943952802	0.8678682307890937	0.9277286135693216	0.40154867256637167	0.45870206489675514	0.30162241887905605	CD3D;CD3E;MS4A1;LST1	CD8A;CD8B		0.0	0.0	0.007374631268436578	0.007374631268436578	0.0	0.019174041297935103
vaccination_study_09	T_NK_lineage	24	NK Cell	1	405	0.9083523863961132	0.9629629629629629	1.0	0.13175308641975308	0.029074074074074075	0.16082716049382717	0.8391728395061728	0.8391728395061728	0.0	0.9728395061728395	0.6182098765432099	0.9629629629629629	0.8864197530864197	0.9259259259259259	2.2920396809456607	0.2938271604938272	0.09135802469135802	0.07654320987654321	0.040740740740740744	CD3D;CD3E;MS4A1;LST1	CD8A;CD8B		0.0	0.0	0.8864197530864197	0.8839506172839506	0.0	3.141395061728395
vaccination_study_09	T_NK_lineage	24	CD8 Cytotoxic / T Effector Memory	2	405	0.8537082023435267	0.9604938271604938	1.0	0.05102469135802469	0.24037037037037035	0.291395061728395	0.708604938271605	0.708604938271605	0.0	0.9950617283950617	0.4648709315375982	0.9604938271604938	0.8518518518518519	0.9259259259259259	2.076145807532002	0.11604938271604938	0.03148148148148148	0.6098765432098765	0.3827160493827161	CCR7;TCF7;LEF1;MS4A1	KLRD1;FCGR3A		0.0	0.0	0.10123456790123457	0.09135802469135802	0.0	0.9619382716049383
vaccination_study_09	T_NK_lineage	24	NKT Cell	3	405	0.8513075164332666	0.9481481481481482	0.975951956781842	0.03750617283950618	0.029074074074074075	0.06658024691358025	0.9093717098682618	0.9093717098682618	0.0	0.9876543209876543	0.43744855967078194	0.9481481481481482	0.18024691358024691	0.9259259259259259	1.1112152345347754	0.07654320987654321	0.03827160493827161	0.07654320987654321	0.040740740740740744	MS4A1;LST1	CD8A;CD8B		0.0	0.0	0.0	0.0	0.0	0.9093717098682618
vaccination_study_09	T_NK_lineage	24	MAIT Cell	4	405	0.4134324092597885	0.5777777777777777	1.0	0.03750617283950618	0.4095061728395062	0.4470123456790124	0.5529876543209876	0.5529876543209876	0.0	0.7086419753086419	0.19061728395061728	0.5777777777777777	0.5777777777777777	0.5777777777777777	1.8677962735142632	0.07654320987654321	0.03827160493827161	0.9604938271604938	0.8090534979423869	MS4A1;LST1	NKG7;GNLY;GZMB		0.0	0.0	0.01728395061728395	0.0024691358024691358	0.0	0.583111111111111
vaccination_study_09	T_NK_lineage	24	CD4 T Effector Memory	5	405	0.47994426979136895	0.6938271604938272	0.9062827808305036	0.04961316872427984	0.4053703703703704	0.4549835390946502	0.4512992417358534	0.4512992417358534	0.0	0.9234567901234568	0.2441358024691358	0.6938271604938272	0.04938271604938271	0.674074074074074	1.8498224813467057	0.10864197530864197	0.03786008230452675	0.9654320987654321	0.771604938271605	CCR7;TCF7;LEF1	NKG7;GNLY;GZMB;PRF1		0.0	0.0	0.0024691358024691358	0.0024691358024691358	0.037037037037037035	0.5021634392667176
vaccination_study_09	T_NK_lineage	24	CD4 Naive / T Central Memory	6	405	0.06473635324378393	0.08148148148148149	0.08148148148148149	0.5	0.029074074074074075	0.529074074074074	0.0	0.0	0.0	0.4271604938271605	0.07681755829903977	0.08148148148148149	0.0049382716049382715	0.06666666666666667	0.18057343031636428	0.9654320987654321	0.771604938271605	0.07654320987654321	0.040740740740740744	NKG7;GNLY;GZMB;PRF1	CD8A;CD8B		0.0	0.0	0.05432098765432099	0.05432098765432099	0.022222222222222223	0.16790123456790124
vaccination_study_09	T_NK_lineage	24	Treg	7	405	0.2029651328951129	0.3234567901234568	0.18101851851851852	0.5	0.030925925925925926	0.5309259259259259	0.0	0.0	0.0	0.3234567901234568	0.10432098765432098	0.3234567901234568	0.0	0.10432098765432098	0.38225453273101295	0.9604938271604938	0.6203703703703705	0.08148148148148149	0.043209876543209874	NKG7;GNLY;GZMB;CD8A	CCR7;TCF7		0.0	0.0	0.0	0.0	0.0049382716049382715	0.005925925925925926
vaccination_study_09	T_NK_lineage	24	CD8 Naive / T Central Memory	8	405	0.09919619891397542	0.12345679012345678	0.12345679012345678	0.5	0.0	0.5	0.0	0.0	0.0	0.4246913580246914	0.07489711934156379	0.12345679012345678	0.01728395061728395	0.06666666666666667	0.2330816794079568	0.9654320987654321	0.771604938271605	0.0	0.0	NKG7;GNLY;GZMB;PRF1			0.0	0.0	0.0	0.0	0.0	0.0
vaccination_study_09	T_NK_lineage	24	gdT Cell	9	405	0.2106923406687625	0.2345679012345679	0.17598765432098762	0.03750617283950618	0.42388888888888887	0.46139506172839506	0.0	0.0	0.0	0.2345679012345679	0.14444444444444443	0.2345679012345679	0.0	0.14444444444444443	0.2867960718277925	0.07654320987654321	0.03827160493827161	0.9604938271604938	0.9049382716049383	MS4A1;LST1	NKG7;GNLY		0.0	0.0	0.0	0.0	0.0	0.0
vaccination_study_09	T_NK_lineage	25	CD4 Naive / T Central Memory	1	48	0.4807266361817662	0.4807266361817662	0.375	0.23364583333333333	0.040625	0.27427083333333335	0.10072916666666665	0.10072916666666665	0.0	0.9583333333333334	0.35648148148148145	0.375	0.041666666666666664	0.22916666666666666	0.7599436470196788	0.4791666666666667	0.234375	0.10416666666666667	0.0625	NKG7;GNLY;GZMB;PRF1	CD8A;CD8B		0.0	0.0	0.8125	0.8125	0.4583333333333333	2.763229166666666
vaccination_study_09	T_NK_lineage	25	NKT Cell	2	48	0.540257930837382	0.8125	0.8125	0.030625	0.040625	0.07125000000000001	0.74125	0.74125	0.0	0.9166666666666666	0.3368055555555555	0.8125	0.16666666666666666	0.5625	0.9538968813657143	0.0625	0.03125	0.10416666666666667	0.0625	MS4A1;LST1	CD8A;CD8B		0.0	0.0	0.0	0.0	0.0	0.74125
vaccination_study_09	T_NK_lineage	25	CD8 Cytotoxic / T Effector Memory	3	48	0.5020077164904259	0.5020077164904259	0.5416666666666666	0.23343750000000002	0.049999999999999996	0.2834375	0.2582291666666666	0.2582291666666666	0.0	0.9375	0.26515151515151514	0.4375	0.2708333333333333	0.375	0.9573221620470201	0.5208333333333334	0.16145833333333331	0.125	0.08333333333333333	CCR7;TCF7;LEF1;MS4A1	KLRD1;FCGR3A		0.0	0.0	0.22916666666666666	0.0625	0.0	0.6873958333333333
vaccination_study_09	T_NK_lineage	25	MAIT Cell	4	48	0.5713060874535582	0.5713060874535582	0.6894214154927099	0.030625	0.17708333333333331	0.20770833333333333	0.4817130821593765	0.4817130821593765	0.0	0.9583333333333334	0.45	0.3333333333333333	0.3333333333333333	0.3333333333333333	1.0910189953041727	0.0625	0.03125	0.4583333333333333	0.2638888888888889	MS4A1;LST1	NKG7;GNLY;GZMB		0.0	0.0	0.020833333333333332	0.020833333333333332	0.0	0.5358797488260432
vaccination_study_09	T_NK_lineage	25	NK Cell	5	48	0.2971599028293798	0.4583333333333333	0.6091502515438195	0.3684375	0.040625	0.4090625	0.20008775154381953	0.20008775154381953	0.0	0.5	0.1640625	0.4583333333333333	0.2916666666666667	0.375	1.1032676728419446	0.7916666666666666	0.30729166666666663	0.10416666666666667	0.0625	CD3D;CD3E;MS4A1;LST1	CD8A;CD8B		0.0	0.0	0.10416666666666667	0.10416666666666667	0.0	0.4709210848771529
vaccination_study_09	T_NK_lineage	25	gdT Cell	6	48	0.5609888539582738	0.7916666666666666	0.65625	0.030625	0.1828125	0.2134375	0.4428125	0.4428125	0.0	0.7916666666666666	0.5833333333333333	0.7916666666666666	0.0	0.5833333333333333	0.9400859628539981	0.0625	0.03125	0.4375	0.34375	MS4A1;LST1	NKG7;GNLY		0.0	0.0	0.0	0.0	0.0	0.4428125
vaccination_study_09	T_NK_lineage	25	CD8 Naive / T Central Memory	7	48	0.4946913403829666	0.4946913403829666	0.4166666666666667	0.23364583333333333	0.0	0.23364583333333333	0.18302083333333335	0.18302083333333335	0.0	0.9583333333333334	0.32175925925925924	0.4166666666666667	0.041666666666666664	0.22916666666666666	0.7451714005864003	0.4791666666666667	0.234375	0.0	0.0	NKG7;GNLY;GZMB;PRF1			0.0	0.0	0.020833333333333332	0.0	0.0	0.21635416666666668
vaccination_study_09	T_NK_lineage	25	Treg	8	48	0.5463596741926264	0.7916666666666666	0.4768229166666666	0.22	0.14375	0.36375	0.11307291666666658	0.11307291666666658	0.0	0.7916666666666666	0.30729166666666663	0.7916666666666666	0.0	0.30729166666666663	0.9189817875930516	0.4583333333333333	0.20833333333333331	0.375	0.20833333333333331	NKG7;GNLY;GZMB;CD8A	CCR7;TCF7		0.0	0.0	0.0	0.0	0.041666666666666664	0.16307291666666657
vaccination_study_09	T_NK_lineage	25	CD4 T Effector Memory	9	48	0.5756894827093455	0.5756894827093455	0.375	0.2452777777777778	0.17890625	0.42418402777777775	0.0	0.0	0.0	0.9583333333333334	0.38541666666666663	0.3125	0.1875	0.3125	0.8476054686718	0.5208333333333334	0.21527777777777776	0.4791666666666667	0.234375	CCR7;TCF7;LEF1	NKG7;GNLY;GZMB;PRF1		0.0	0.0	0.0	0.0	0.10416666666666667	0.125
vaccination_study_09	T_NK_lineage	26	CD4 Naive / T Central Memory	1	19	0.7178265218633896	0.7178265218633896	0.42105263157894735	0.1431578947368421	0.10657894736842105	0.24973684210526315	0.1713157894736842	0.1713157894736842	0.0	1.0	0.4619883040935673	0.42105263157894735	0.10526315789473684	0.3157894736842105	0.8508459971416499	0.3157894736842105	0.10526315789473684	0.2631578947368421	0.18421052631578946	NKG7;GNLY;GZMB;PRF1	CD8A;CD8B		0.0	0.0	0.8421052631578947	0.8421052631578947	0.5789473684210527	3.055526315789473
vaccination_study_09	T_NK_lineage	26	CD8 Cytotoxic / T Effector Memory	2	19	0.5793941126036011	0.5793941126036011	0.42105263157894735	0.24052631578947367	0.019736842105263153	0.2602631578947368	0.16078947368421054	0.16078947368421054	0.0	0.8421052631578947	0.20095693779904308	0.42105263157894735	0.05263157894736842	0.2631578947368421	0.9221368429479676	0.5263157894736842	0.18421052631578946	0.05263157894736842	0.02631578947368421	CCR7;TCF7;LEF1;MS4A1	KLRD1;FCGR3A		0.0	0.0	0.3157894736842105	0.3157894736842105	0.0	0.9818421052631578
vaccination_study_09	T_NK_lineage	26	CD8 Naive / T Central Memory	3	19	0.6488568162332095	0.6488568162332095	0.5263157894736842	0.1431578947368421	0.0	0.1431578947368421	0.3831578947368421	0.3831578947368421	0.0	1.0	0.3859649122807018	0.5263157894736842	0.10526315789473684	0.3157894736842105	0.9366730968719678	0.3157894736842105	0.10526315789473684	0.0	0.0	NKG7;GNLY;GZMB;PRF1			0.0	0.0	0.05263157894736842	0.05263157894736842	0.0	0.52
vaccination_study_09	T_NK_lineage	26	gdT Cell	4	19	0.5426086024578451	0.6842105263157895	0.5815789473684211	0.025789473684210525	0.10263157894736841	0.12842105263157894	0.45315789473684215	0.45315789473684215	0.0	0.6842105263157895	0.5263157894736842	0.6842105263157895	0.0	0.5263157894736842	0.8140759722099291	0.05263157894736842	0.02631578947368421	0.2631578947368421	0.15789473684210525	MS4A1;LST1	NKG7;GNLY		0.0	0.0	0.0	0.0	0.0	0.45315789473684215
vaccination_study_09	T_NK_lineage	26	CD4 T Effector Memory	5	19	0.5695841669048299	0.5695841669048299	0.2631578947368421	0.2540350877192982	0.11052631578947367	0.36456140350877186	0.0	0.0	0.0	0.8421052631578947	0.30921052631578944	0.2631578947368421	0.05263157894736842	0.2631578947368421	0.7179228694258085	0.5263157894736842	0.24561403508771928	0.3157894736842105	0.10526315789473684	CCR7;TCF7;LEF1	NKG7;GNLY;GZMB;PRF1		0.0	0.0	0.05263157894736842	0.05263157894736842	0.2631578947368421	0.4526315789473684
vaccination_study_09	T_NK_lineage	26	NKT Cell	6	19	0.4971777650757359	0.5263157894736842	0.5263157894736842	0.025789473684210525	0.10657894736842105	0.13236842105263158	0.3939473684210526	0.3939473684210526	0.0	0.6842105263157895	0.23684210526315785	0.5263157894736842	0.2631578947368421	0.5263157894736842	0.621993871132083	0.05263157894736842	0.02631578947368421	0.2631578947368421	0.18421052631578946	MS4A1;LST1	CD8A;CD8B		0.0	0.0	0.0	0.0	0.0	0.3939473684210526
vaccination_study_09	T_NK_lineage	26	MAIT Cell	7	19	0.6766933409545585	0.6766933409545585	0.5263157894736842	0.025789473684210525	0.1131578947368421	0.13894736842105262	0.3873684210526316	0.3873684210526316	0.0	0.7894736842105263	0.41052631578947363	0.2631578947368421	0.2631578947368421	0.2631578947368421	0.8680207336170654	0.05263157894736842	0.02631578947368421	0.3157894736842105	0.12280701754385964	MS4A1;LST1	NKG7;GNLY;GZMB		0.0	0.0	0.0	0.0	0.0	0.3873684210526316
vaccination_study_09	T_NK_lineage	26	Treg	8	19	0.5824592740783081	0.6842105263157895	0.419078947368421	0.20894736842105263	0.1657894736842105	0.37473684210526315	0.04434210526315785	0.04434210526315785	0.0	0.6842105263157895	0.2763157894736842	0.6842105263157895	0.0	0.2763157894736842	0.795800620090974	0.47368421052631576	0.13157894736842105	0.42105263157894735	0.2631578947368421	NKG7;GNLY;GZMB;CD8A	CCR7;TCF7		0.0	0.0	0.0	0.0	0.0	0.04434210526315785
vaccination_study_09	T_NK_lineage	26	NK Cell	9	19	0.19795655901686196	0.3157894736842105	0.3157894736842105	0.3207894736842105	0.10657894736842105	0.42736842105263156	0.0	0.0	0.0	0.47368421052631576	0.08552631578947367	0.3157894736842105	0.05263157894736842	0.2631578947368421	0.7674725860526282	0.6842105263157895	0.2763157894736842	0.2631578947368421	0.18421052631578946	CD3D;CD3E;MS4A1;LST1	CD8A;CD8B		0.0	0.0	0.0	0.0	0.0	0.0
vaccination_study_09	T_NK_lineage	3	CD4 Naive / T Central Memory	1	6575	0.8758859674192626	0.8758859674192626	1.0	0.12244030418250951	0.12266920152091254	0.24510950570342205	0.754890494296578	0.754890494296578	0.0	1.0	0.6537389100126743	0.8515589353612167	0.38874524714828895	0.6725475285171103	1.700613608989077	0.2774144486692015	0.07737642585551331	0.30220532319391635	0.21338403041825094	NKG7;GNLY;GZMB;PRF1	CD8A;CD8B		0.0	0.0	0.8174904942965779	0.8168821292775665	0.8489733840304182	3.898525475285171
vaccination_study_09	T_NK_lineage	3	CD8 Naive / T Central Memory	2	6575	0.8761931980565876	0.8761931980565876	1.0	0.12244030418250951	0.0	0.12244030418250951	0.8775596958174905	0.8775596958174905	0.0	0.9996958174904943	0.5686861005492185	0.8736121673003803	0.4620532319391635	0.6725475285171103	1.543224647536896	0.2774144486692015	0.07737642585551331	0.0	0.0	NKG7;GNLY;GZMB;PRF1			0.0	0.0	0.3215209125475285	0.31634980988593153	0.0	1.7083429657794675
vaccination_study_09	T_NK_lineage	3	gdT Cell	3	6575	0.7673442412117748	0.9577186311787073	0.8541634980988594	0.08696730038022814	0.08422813688212928	0.17119543726235742	0.682968060836502	0.682968060836502	0.0	0.9577186311787073	0.7984030418250951	0.9577186311787073	0.0	0.7984030418250951	1.134809190640401	0.17642585551330797	0.0905703422053232	0.22159695817490493	0.11832699619771864	MS4A1;LST1	NKG7;GNLY		0.0	0.0	0.0	0.0	0.0	0.682968060836502
vaccination_study_09	T_NK_lineage	3	NKT Cell	4	6575	0.631534009717062	0.8622053231939163	0.8650910185450567	0.08696730038022814	0.12266920152091254	0.2096365019011407	0.655454516643916	0.655454516643916	0.0	0.9692775665399239	0.3105196451204056	0.8622053231939163	0.10570342205323194	0.8438022813688213	1.0115427814045612	0.17642585551330797	0.0905703422053232	0.30220532319391635	0.21338403041825094	MS4A1;LST1	CD8A;CD8B		0.0	0.0	0.0	0.0	0.0	0.655454516643916
vaccination_study_09	T_NK_lineage	3	Treg	5	6575	0.735781651900543	0.9589353612167301	0.597480988593156	0.15949201520912548	0.3484904942965779	0.5079825095057033	0.08949847908745268	0.08949847908745268	0.0	0.9589353612167301	0.40285171102661604	0.9589353612167301	0.0	0.40285171102661604	1.1107284203489436	0.3587832699619772	0.10524714828897339	0.8515589353612167	0.6201520912547529	NKG7;GNLY;GZMB;CD8A	CCR7;TCF7		0.0	0.0	0.0050190114068441065	0.001064638783269962	0.017338403041825094	0.11939961977186332
vaccination_study_09	T_NK_lineage	3	CD4 T Effector Memory	6	6575	0.6250142897970848	0.6250142897970848	0.08775665399239543	0.4702235741444867	0.09483079847908744	0.5650543726235742	0.0	0.0	0.0	0.9922433460076046	0.3489733840304183	0.08775665399239543	0.009125475285171103	0.06600760456273765	0.2569273628620506	0.9166539923954372	0.5540684410646388	0.2774144486692015	0.07737642585551331	CCR7;TCF7;LEF1	NKG7;GNLY;GZMB;PRF1		0.0	0.0	0.004714828897338403	0.004714828897338403	0.024790874524714828	0.04200760456273764
vaccination_study_09	T_NK_lineage	3	CD8 Cytotoxic / T Effector Memory	7	6575	0.6330594455558731	0.6330594455558731	0.34159695817490493	0.44315969581749054	0.016254752851711025	0.45941444866920156	0.0	0.0	0.0	0.9793155893536122	0.22226062910473557	0.34159695817490493	0.049581749049429656	0.15695817490494296	0.7521599109925267	0.9206083650190114	0.42422053231939166	0.04319391634980989	0.02197718631178707	CCR7;TCF7;LEF1;MS4A1	KLRD1;FCGR3A		0.0	0.0	0.012471482889733841	0.012015209125475285	0.0	0.03196958174904943
vaccination_study_09	T_NK_lineage	3	NK Cell	8	6575	0.19795655901686196	0.23193916349809887	0.23193916349809887	0.4644942965779468	0.12266920152091254	0.5871634980988594	0.0	0.0	0.0	0.44593155893536124	0.07011406844106464	0.23193916349809887	0.018098859315589355	0.1269961977186312	0.569943753484429	0.9650190114068441	0.4444866920152092	0.30220532319391635	0.21338403041825094	CD3D;CD3E;MS4A1;LST1	CD8A;CD8B		0.0	0.0	0.0006083650190114068	0.0006083650190114068	0.0	0.0015817490494296578
vaccination_study_09	T_NK_lineage	3	MAIT Cell	9	6575	0.7276293226636181	0.7276293226636181	0.1326235741444867	0.08696730038022814	0.08602281368821293	0.17299011406844106	0.0	0.0	0.0	0.989657794676806	0.48915589353612177	0.06631178707224335	0.06631178707224335	0.06631178707224335	0.24249789105269387	0.17642585551330797	0.0905703422053232	0.24273764258555133	0.08801013941698353	MS4A1;LST1	NKG7;GNLY;GZMB		0.0	0.0	0.0	0.0	0.0	0.0
vaccination_study_09	T_NK_lineage	4	CD8 Cytotoxic / T Effector Memory	1	5983	0.8697770791654759	0.9187698479023901	1.0	0.10130452950025072	0.12808791576132375	0.22939244526157448	0.7706075547384255	0.7706075547384255	0.0	0.9959886344643155	0.54078981356267	0.9187698479023901	0.6449941500919272	0.8619421694801939	1.9868870588558618	0.22965067691793414	0.0638057830519806	0.3332776199231155	0.187364198562594	CCR7;TCF7;LEF1;MS4A1	KLRD1;FCGR3A		0.0	0.0	0.9369881330436236	0.9304696640481364	0.0	3.2002582316563597
vaccination_study_09	T_NK_lineage	4	NKT Cell	2	5983	0.8440840240068591	0.9476851078054488	1.0	0.048313555072706	0.18256727394283806	0.23088082901554408	0.7691191709844559	0.7691191709844559	0.0	0.9807788734748454	0.5006407042175052	0.9476851078054488	0.6515126190874143	0.8619421694801939	1.1106782220863287	0.09811131539361524	0.050142069196055496	0.4572956710680261	0.30252381748286816	MS4A1;LST1	CD8A;CD8B		0.0	0.0	0.0	0.0	0.0	0.7691191709844559
vaccination_study_09	T_NK_lineage	4	CD4 T Effector Memory	3	5983	0.8278651043155187	0.9530335951863613	1.0	0.0950002785670511	0.3449272939996657	0.4399275725667168	0.5600724274332832	0.5600724274332832	0.0	0.9948186528497409	0.47336202573959557	0.9530335951863613	0.34681597860605046	0.9349824502757814	2.531077648975579	0.20658532508774863	0.07499025015321187	0.904897208758148	0.4897208758148086	CCR7;TCF7;LEF1	NKG7;GNLY;GZMB;PRF1		0.0	0.0	0.008189871302022396	0.008189871302022396	0.12268092929968244	0.7285832079781603
vaccination_study_09	T_NK_lineage	4	NK Cell	4	5983	0.8426121749071164	0.9015544041450777	1.0	0.41041283636971415	0.18256727394283806	0.5929801103125523	0.40701988968744773	0.40701988968744773	0.0	0.9231154938993816	0.37690122012368377	0.9015544041450777	0.6032090924285476	0.8619421694801939	2.1473775931600683	0.876149089085743	0.35216446598696305	0.4572956710680261	0.30252381748286816	CD3D;CD3E;MS4A1;LST1	CD8A;CD8B		0.0	0.0	0.058666220959384924	0.058666220959384924	0.0	0.5595520641818486
vaccination_study_09	T_NK_lineage	4	MAIT Cell	5	5983	0.598978279508431	0.598978279508431	0.5602540531505934	0.048313555072706	0.35179675747952527	0.4001103125522313	0.16014374059836212	0.16014374059836212	0.0	0.9316396456627111	0.39515293331104795	0.2801270265752967	0.2801270265752967	0.2801270265752967	0.9219439719750503	0.09811131539361524	0.050142069196055496	0.8960387765335116	0.5532341634631456	MS4A1;LST1	NKG7;GNLY;GZMB		0.0	0.0	0.082232993481531	0.03392946682266421	0.0	0.3256459969914759
vaccination_study_09	T_NK_lineage	4	gdT Cell	6	5983	0.6563018005144327	0.8657863947852248	0.7282466989804446	0.048313555072706	0.37388433896038775	0.42219789403309377	0.3060488049473508	0.3060488049473508	0.0	0.8657863947852248	0.6541868627778706	0.8657863947852248	0.0	0.6541868627778706	1.0270035295585445	0.09811131539361524	0.050142069196055496	0.8936988133043624	0.7051646331271937	MS4A1;LST1	NKG7;GNLY		0.0	0.0	0.00033428046130703663	0.00033428046130703663	0.0	0.3069179341467491
vaccination_study_09	T_NK_lineage	4	CD4 Naive / T Central Memory	7	5983	0.43640325807373537	0.43640325807373537	0.17549724218619422	0.45159953200735414	0.18256727394283806	0.6	0.0	0.0	0.0	0.9415009192712686	0.25188032759485207	0.17549724218619422	0.005849908072873141	0.15393615243189035	0.36614922269888067	0.904897208758148	0.4897208758148086	0.4572956710680261	0.30252381748286816	NKG7;GNLY;GZMB;PRF1	CD8A;CD8B		0.0	0.0	0.0767173658699649	0.07170315895035935	0.010696974761825172	0.2072873140564934
vaccination_study_09	T_NK_lineage	4	Treg	8	5983	0.6555337239211203	0.8756476683937824	0.5351119839545379	0.45709175998662877	0.06625020892528831	0.5233419689119171	0.011770015042620763	0.011770015042620763	0.0	0.8756476683937824	0.35174661541032926	0.8756476683937824	0.0	0.35174661541032926	1.0152524874987148	0.9206083904395788	0.48754805281631286	0.17549724218619422	0.09067357512953367	NKG7;GNLY;GZMB;CD8A	CCR7;TCF7		0.0	0.0	0.0010028413839211097	0.0010028413839211097	0.001671402306535183	0.016383085408657867
vaccination_study_09	T_NK_lineage	4	CD8 Naive / T Central Memory	9	5983	0.566876250357245	0.566876250357245	0.41400635132876484	0.45159953200735414	0.0	0.45159953200735414	0.0	0.0	0.0	0.9538692963396289	0.29711961669173775	0.41400635132876484	0.055657696807621594	0.2904897208758148	0.7405251718996523	0.904897208758148	0.4897208758148086	0.0	0.0	NKG7;GNLY;GZMB;PRF1			0.0	0.0	0.005849908072873141	0.004512786227644994	0.0	0.01387263914424202
vaccination_study_09	T_NK_lineage	5	CD4 Naive / T Central Memory	1	5730	0.7212024864246928	0.7212024864246928	0.41273996509598604	0.0942041884816754	0.0300261780104712	0.12423036649214661	0.2885095986038394	0.2885095986038394	0.0	0.9994764397905759	0.5091138258677526	0.41273996509598604	0.0537521815008726	0.30837696335078535	0.8344377943273126	0.21239092495637	0.06134380453752182	0.07591623036649214	0.048342059336823735	NKG7;GNLY;GZMB;PRF1	CD8A;CD8B		0.0	0.0	0.9584642233856894	0.4870855148342059	0.7474694589877836	3.2061012216404885
vaccination_study_09	T_NK_lineage	5	CD4 T Effector Memory	2	5730	0.8039261217490712	0.8039261217490712	0.21727748691099477	0.24836532867946481	0.07291884816753927	0.32128417684700405	0.0	0.0	0.0	0.9975567190226876	0.48488219895287954	0.21727748691099477	0.054275741710296685	0.18656195462478184	0.5973384211216825	0.5244328097731239	0.22309482257126237	0.21239092495637	0.06134380453752182	CCR7;TCF7;LEF1	NKG7;GNLY;GZMB;PRF1		0.0	0.0	0.7582897033158813	0.7582897033158813	0.2031413612565445	2.215322862129145
vaccination_study_09	T_NK_lineage	5	MAIT Cell	3	5730	0.8210167190625893	0.8210167190625893	1.0	0.08870331588132635	0.06737347294938918	0.15607678883071552	0.8439232111692845	0.8439232111692845	0.0	0.9940663176265271	0.5787434554973822	0.47172774869109946	0.47172774869109946	0.47172774869109946	1.5307984205449643	0.1799301919720768	0.09240837696335079	0.18952879581151832	0.07009889470622456	MS4A1;LST1	NKG7;GNLY;GZMB		0.0	0.0	0.02949389179755672	0.028970331588132635	0.0	0.9200837696335079
vaccination_study_09	T_NK_lineage	5	NKT Cell	4	5730	0.5889825664475564	0.8291448516579407	0.8291448516579407	0.08870331588132635	0.0300261780104712	0.11872949389179754	0.7104153577661432	0.7104153577661432	0.0	0.943804537521815	0.28894706224549155	0.8291448516579407	0.09860383944153578	0.8087260034904014	0.9732007987970875	0.1799301919720768	0.09240837696335079	0.07591623036649214	0.048342059336823735	MS4A1;LST1	CD8A;CD8B		0.0	0.0	0.0	0.0	0.0	0.7104153577661432
vaccination_study_09	T_NK_lineage	5	gdT Cell	5	5730	0.712775078593884	0.9287958115183246	0.811500872600349	0.08870331588132635	0.0674083769633508	0.15611169284467713	0.6553891797556719	0.6553891797556719	0.0	0.9287958115183246	0.7483420593368237	0.9287958115183246	0.0	0.7483420593368237	1.1008924295981348	0.1799301919720768	0.09240837696335079	0.1762652705061082	0.0968586387434555	MS4A1;LST1	NKG7;GNLY		0.0	0.0	0.00017452006980802793	0.00017452006980802793	0.0	0.6558429319371728
vaccination_study_09	T_NK_lineage	5	Treg	6	5730	0.7103672477850815	0.9368237347294939	0.5884838568935428	0.0959869109947644	0.1588089005235602	0.2547958115183246	0.3336880453752182	0.3336880453752182	0.0	0.9368237347294939	0.40091623036649215	0.9368237347294939	0.0	0.40091623036649215	1.0853809999300286	0.21675392670157068	0.06191099476439791	0.41273996509598604	0.23324607329842934	NKG7;GNLY;GZMB;CD8A	CCR7;TCF7		0.0	0.0	0.009773123909249564	0.009424083769633508	0.008027923211169284	0.36838263525305415
vaccination_study_09	T_NK_lineage	5	CD8 Naive / T Central Memory	7	5730	0.6324449842812232	0.6324449842812232	0.42984293193717277	0.0942041884816754	0.0	0.0942041884816754	0.3356387434554974	0.3356387434554974	0.0	0.9942408376963351	0.38140391700601123	0.42984293193717277	0.07102966841186736	0.30837696335078535	0.7681836881944963	0.21239092495637	0.06134380453752182	0.0	0.0	NKG7;GNLY;GZMB;PRF1			0.0	0.0	0.0033158813263525306	0.0033158813263525306	0.0	0.34426003490401397
vaccination_study_09	T_NK_lineage	5	CD8 Cytotoxic / T Effector Memory	8	5730	0.5589400543012288	0.5589400543012288	0.20401396160558463	0.24086474694589877	0.010222513089005235	0.251087260034904	0.0	0.0	0.0	0.9588132635253054	0.19174996033634778	0.20401396160558463	0.024956369982547993	0.1012216404886562	0.4578330914692877	0.5342059336823735	0.17212041884816756	0.027225130890052355	0.013699825479930192	CCR7;TCF7;LEF1;MS4A1	KLRD1;FCGR3A		0.0	0.0	0.06212914485165794	0.015706806282722512	0.0	0.11511343804537523
vaccination_study_09	T_NK_lineage	5	NK Cell	9	5730	0.19795655901686196	0.19795655901686196	0.18708551483420593	0.4498019197207679	0.0300261780104712	0.4798280977312391	0.0	0.0	0.0	0.31221640488656194	0.047818499127399654	0.18708551483420593	0.020593368237347295	0.1012216404886562	0.4642805921038952	0.9403141361256544	0.42037521815008727	0.07591623036649214	0.048342059336823735	CD3D;CD3E;MS4A1;LST1	CD8A;CD8B		0.0	0.0	0.00017452006980802793	0.00017452006980802793	0.0	0.0004537521815008727
vaccination_study_09	T_NK_lineage	6	CD4 Naive / T Central Memory	1	5483	0.7876893398113747	0.7876893398113747	0.812048812533837	0.06791811052343608	0.04732810505197885	0.11524621557541492	0.6968025969584221	0.6968025969584221	0.0	0.9983585628305672	0.5556771434940322	0.707824183840963	0.2270654751048696	0.5026445376618639	1.4168985147714956	0.15484223964982674	0.04126390662046325	0.12128396863031188	0.07295276308590187	NKG7;GNLY;GZMB;PRF1	CD8A;CD8B		0.0	0.0	0.9536749954404523	0.952398322086449	0.9275943826372424	4.288194170914286
vaccination_study_09	T_NK_lineage	6	CD8 Naive / T Central Memory	2	5483	0.7501571877679337	0.7501571877679337	0.7861781646898008	0.06791811052343608	0.0	0.06791811052343608	0.7182600541663647	0.7182600541663647	0.0	0.992522341783695	0.4469167325268	0.718219952580704	0.2443917563377713	0.5026445376618639	1.2718328484363872	0.15484223964982674	0.04126390662046325	0.0	0.0	NKG7;GNLY;GZMB;PRF1			0.0	0.0	0.1397045413095021	0.13040306401604962	0.0	1.0721903842776177
vaccination_study_09	T_NK_lineage	6	gdT Cell	3	5483	0.6850385824521292	0.8931242020791538	0.760290899142805	0.05298559182929054	0.04761535655662958	0.10060094838592012	0.6596899507568849	0.6596899507568849	0.0	0.8931242020791538	0.6887652744847711	0.8931242020791538	0.0	0.6887652744847711	1.059061603020786	0.10797008936713479	0.0543498084989969	0.12584351632318075	0.06574867773116908	MS4A1;LST1	NKG7;GNLY		0.0	0.0	0.0	0.0	0.0	0.6596899507568849
vaccination_study_09	T_NK_lineage	6	NKT Cell	4	5483	0.5566376107459274	0.7598030275396681	0.7598030275396681	0.05298559182929054	0.04732810505197885	0.10031369688126938	0.6594893306583988	0.6594893306583988	0.0	0.9066204632500456	0.25448355523132105	0.7598030275396681	0.050519788436987054	0.7408353091373335	0.8927814069738291	0.10797008936713479	0.0543498084989969	0.12128396863031188	0.07295276308590187	MS4A1;LST1	CD8A;CD8B		0.0	0.0	0.0	0.0	0.0	0.6594893306583988
vaccination_study_09	T_NK_lineage	6	Treg	5	5483	0.6575021434695627	0.8947656392485865	0.538943096844793	0.07516870326463615	0.28246397957322633	0.3576326828378625	0.18131041400693054	0.18131041400693054	0.0	0.8947656392485865	0.3473463432427503	0.8947656392485865	0.0	0.3473463432427503	1.0371681636292343	0.17125661134415465	0.04586904979026081	0.707824183840963	0.46744482947291627	NKG7;GNLY;GZMB;CD8A	CCR7;TCF7		0.0	0.0	0.0034652562465803394	0.0001823819077147547	0.019514864125478752	0.21045504285974834
vaccination_study_09	T_NK_lineage	6	CD4 T Effector Memory	6	5483	0.5486996284652758	0.5486996284652758	0.0736822907167609	0.3998224816098243	0.052642257888017505	0.45246473949784183	0.0	0.0	0.0	0.9691774575962064	0.2999270472369141	0.0736822907167609	0.009119095385737734	0.060186029545869046	0.2199366426124339	0.8024803939449207	0.4312724177761566	0.15484223964982674	0.04126390662046325	CCR7;TCF7;LEF1	NKG7;GNLY;GZMB;PRF1		0.0	0.0	0.012584351632318073	0.012584351632318073	0.023162502279773848	0.06051431697975561
vaccination_study_09	T_NK_lineage	6	MAIT Cell	7	5483	0.6504144041154616	0.6504144041154616	0.15356556629582346	0.05298559182929054	0.048449753784424586	0.10143534561371512	0.05213022068210835	0.05213022068210835	0.0	0.9607878898413278	0.4266642349078971	0.07678278314791173	0.07678278314791173	0.07678278314791173	0.2757718394555375	0.10797008936713479	0.0543498084989969	0.1373335765092103	0.04833120554441	MS4A1;LST1	NKG7;GNLY;GZMB		0.0	0.0	0.0001823819077147547	0.0001823819077147547	0.0	0.05260441364216671
vaccination_study_09	T_NK_lineage	6	CD8 Cytotoxic / T Effector Memory	8	5483	0.5311660474421264	0.5311660474421264	0.1597665511581251	0.3781825642896225	0.0067162137515958415	0.38489877804121836	0.0	0.0	0.0	0.9228524530366587	0.1616732711024157	0.1597665511581251	0.010213386832026264	0.07277038117818713	0.36317604871053044	0.8057632682837862	0.3272387379171986	0.01787342695604596	0.009027904431880358	CCR7;TCF7;LEF1;MS4A1	KLRD1;FCGR3A		0.0	0.0	0.012401969724603319	0.010395768739741018	0.0	0.03023892029910633
vaccination_study_09	T_NK_lineage	6	NK Cell	9	5483	0.19795655901686196	0.19795655901686196	0.1316797373700529	0.4251495531643261	0.04732810505197885	0.47247765821630494	0.0	0.0	0.0	0.25278132409265003	0.03561006748130585	0.1316797373700529	0.006565748677731169	0.07277038117818713	0.3337594465561199	0.9037023527266095	0.371557541491884	0.12128396863031188	0.07295276308590187	CD3D;CD3E;MS4A1;LST1	CD8A;CD8B		0.0	0.0	0.0001823819077147547	0.0001823819077147547	0.0	0.00047419296005836225
vaccination_study_09	T_NK_lineage	7	CD4 Naive / T Central Memory	1	5161	0.6048728208059445	0.6048728208059445	0.35690757605115286	0.09081670218949817	0.029732609959310215	0.12054931214880837	0.2363582639023445	0.2363582639023445	0.0	0.9854679325712071	0.402053865529936	0.35690757605115286	0.03700833171865917	0.26428986630497964	0.7242313804245799	0.20480527029645418	0.059048633985661694	0.07634179422592521	0.04553381127688433	NKG7;GNLY;GZMB;PRF1	CD8A;CD8B		0.0	0.0	0.9503972098430536	0.8880062003487696	0.6448362720403022	3.4188035264483627
vaccination_study_09	T_NK_lineage	7	CD4 T Effector Memory	2	5161	0.6751643326664761	0.6751643326664761	0.2809533036233288	0.208816120906801	0.0702988761867855	0.2791149970935865	0.0018383065297423173	0.0018383065297423173	0.0	0.9695795388490602	0.3871584964154233	0.2809533036233288	0.08990505715946522	0.23561325324549506	0.7646933683077833	0.44429374152296064	0.18174772330943614	0.20480527029645418	0.059048633985661694	CCR7;TCF7;LEF1	NKG7;GNLY;GZMB;PRF1		0.0	0.0	0.20209261770974618	0.20209261770974618	0.2332881224568882	0.8072248595233482
vaccination_study_09	T_NK_lineage	7	NKT Cell	3	5161	0.5068805372963704	0.7031583026545243	0.7031583026545243	0.06165278046890138	0.029732609959310215	0.09138539042821159	0.6117729122263127	0.6117729122263127	0.0	0.8529354776206162	0.23761544920235092	0.7031583026545243	0.07517922883162177	0.668475101724472	0.8270875146774673	0.12516954078666925	0.06403797713621391	0.07634179422592521	0.04553381127688433	MS4A1;LST1	CD8A;CD8B		0.0	0.0	0.0	0.0	0.0	0.6117729122263127
vaccination_study_09	T_NK_lineage	7	MAIT Cell	4	5161	0.6513218062303515	0.6513218062303515	0.6383444885434966	0.06165278046890138	0.06560744041852354	0.12726022088742492	0.5110842676560716	0.5110842676560716	0.0	0.9401278821933734	0.4370858360782794	0.3150552218562294	0.3150552218562294	0.3150552218562294	1.0329361793241507	0.12516954078666925	0.06403797713621391	0.18465413679519474	0.06807466253310082	MS4A1;LST1	NKG7;GNLY;GZMB		0.0	0.0	0.01956985080410773	0.018794807207905443	0.0	0.5611908361505494
vaccination_study_09	T_NK_lineage	7	gdT Cell	5	5161	0.6098956844812804	0.8246463863592327	0.6805028095330362	0.06165278046890138	0.06597558612671962	0.127628366595621	0.5528744429374153	0.5528744429374153	0.0	0.8246463863592327	0.6028870373958535	0.8246463863592327	0.0	0.6028870373958535	0.9787601061494339	0.12516954078666925	0.06403797713621391	0.1726409610540593	0.09455531873667894	MS4A1;LST1	NKG7;GNLY		0.0	0.0	0.0	0.0	0.0	0.5528744429374153
vaccination_study_09	T_NK_lineage	7	Treg	6	5161	0.5972670763075164	0.8333656268165084	0.49759736485177286	0.09097461732222438	0.13661596589808175	0.22759058322030612	0.27000678163146674	0.27000678163146674	0.0	0.8333656268165084	0.31679906994768453	0.8333656268165084	0.0	0.31679906994768453	0.9667829330474462	0.20519279209455532	0.05909707421042434	0.35690757605115286	0.196957953884906	NKG7;GNLY;GZMB;CD8A	CCR7;TCF7		0.0	0.0	0.016663437318349156	0.014338306529742297	0.06258477039333463	0.3861083123425692
vaccination_study_09	T_NK_lineage	7	CD8 Naive / T Central Memory	7	5161	0.5470134324092598	0.5470134324092598	0.37434605696570433	0.09081670218949817	0.0	0.09081670218949817	0.28352935477620617	0.28352935477620617	0.0	0.9554349932183686	0.3033219229692781	0.37434605696570433	0.049990311955047474	0.26428986630497964	0.6712586474507678	0.20480527029645418	0.059048633985661694	0.0	0.0	NKG7;GNLY;GZMB;PRF1			0.0	0.0	0.005425305173416005	0.00484402247626429	0.0	0.29705386552993607
vaccination_study_09	T_NK_lineage	7	CD8 Cytotoxic / T Effector Memory	8	5161	0.5148328093741069	0.5148328093741069	0.19337337725247045	0.20496802945165665	0.010390428211586901	0.21535845766324355	0.0	0.0	0.0	0.890525092036427	0.16962885980518222	0.19337337725247045	0.026545243169928307	0.0955241232319318	0.43507003623271345	0.45727572175934894	0.1418329781050184	0.027707808564231738	0.013853904282115869	CCR7;TCF7;LEF1;MS4A1	KLRD1;FCGR3A		0.0	0.0	0.09746173222243751	0.060453400503778336	0.0	0.21639217205967837
vaccination_study_09	T_NK_lineage	7	NK Cell	9	5161	0.19795655901686196	0.19795655901686196	0.181360201511335	0.3932803720209262	0.029732609959310215	0.4230129819802364	0.0	0.0	0.0	0.29412904475876767	0.04575179228831622	0.181360201511335	0.020538655299360588	0.0955241232319318	0.4507932900981697	0.8418911063747336	0.33346250726603366	0.07634179422592521	0.04553381127688433	CD3D;CD3E;MS4A1;LST1	CD8A;CD8B		0.0	0.0	0.000968804495252858	0.00038752179810114316	0.0	0.001937608990505716
vaccination_study_09	T_NK_lineage	8	MAIT Cell	1	5153	0.9240783080880252	0.9240783080880252	1.0	0.11311857170580245	0.35206675722879877	0.4651853289346012	0.5348146710653988	0.5348146710653988	0.0	0.9959247040558897	0.6351639821463225	0.8874442072579081	0.8874442072579081	0.8874442072579081	2.851831099060406	0.23015718998641568	0.1166310886862022	0.9293615369687561	0.48838864092114626	MS4A1;LST1	NKG7;GNLY;GZMB		0.0	0.0	0.8839510964486706	0.7292839122841064	0.0	2.6784203376673785
vaccination_study_09	T_NK_lineage	8	CD8 Cytotoxic / T Effector Memory	2	5153	0.8346384681337525	0.9357655734523579	1.0	0.10822142441296333	0.11220163011837764	0.22042305453134098	0.779576945468659	0.779576945468659	0.0	0.9980593828837571	0.48709489617698426	0.9357655734523579	0.51309916553464	0.9058800698622161	2.0232454604850303	0.24684649718610518	0.06554434310110616	0.29419755482243354	0.1596157578109839	CCR7;TCF7;LEF1;MS4A1	KLRD1;FCGR3A		0.0	0.0	0.4362507277314186	0.4343101106151756	0.0	1.9118882204541043
vaccination_study_09	T_NK_lineage	8	CD4 T Effector Memory	3	5153	0.9549657044869962	0.9708907432563555	1.0	0.1034944045539815	0.35424509994178144	0.45773950449576295	0.542260495504237	0.542260495504237	0.0	0.9996118765767514	0.6702648942363671	0.9708907432563555	0.6677663496992043	0.9221812536386571	2.5780104128794834	0.22666407917717835	0.0789184293938806	0.9443042887638269	0.4730254220842228	CCR7;TCF7;LEF1	NKG7;GNLY;GZMB;PRF1		0.0	0.0	0.07160877158936542	0.07160877158936542	0.123035125169804	0.876085451840352
vaccination_study_09	T_NK_lineage	8	NK Cell	4	5153	0.8034581308945413	0.9340190180477392	1.0	0.44942072579080145	0.08712400543372792	0.5365447312245294	0.4634552687754706	0.4634552687754706	0.0	0.9569183000194061	0.32941975548224334	0.9340190180477392	0.5301765961575781	0.9058800698622161	2.223855512797296	0.9379002522802251	0.4228119542014361	0.2235590917911896	0.1337085193091403	CD3D;CD3E;MS4A1;LST1	CD8A;CD8B		0.0	0.0	0.14360566660197943	0.14360566660197943	0.0	0.8368300019406172
vaccination_study_09	T_NK_lineage	8	NKT Cell	5	5153	0.8611246070305801	0.9755482243353386	1.0	0.11311857170580245	0.08712400543372792	0.20024257713953036	0.7997574228604696	0.7997574228604696	0.0	0.992819716669901	0.5415938935248076	0.9755482243353386	0.7659615757810984	0.9058800698622161	1.142992556387838	0.23015718998641568	0.1166310886862022	0.2235590917911896	0.1337085193091403	MS4A1;LST1	CD8A;CD8B		0.0	0.0	0.0	0.0	0.0	0.7997574228604696
vaccination_study_09	T_NK_lineage	8	gdT Cell	6	5153	0.7168440983138039	0.9212109450805356	0.7962691635940229	0.11311857170580245	0.379992237531535	0.4931108092373374	0.3031583543566855	0.3031583543566855	0.0	0.9212109450805356	0.72899281971667	0.9212109450805356	0.0	0.72899281971667	1.0919979267270898	0.23015718998641568	0.1166310886862022	0.9283912284106346	0.6764991267222977	MS4A1;LST1	NKG7;GNLY		0.0	0.0	0.005821851348728896	0.005821851348728896	0.0	0.31829516786338063
vaccination_study_09	T_NK_lineage	8	CD4 Naive / T Central Memory	7	5153	0.5614246927693627	0.5614246927693627	0.20881040170774307	0.46290122258878325	0.08712400543372792	0.5500252280225112	0.0	0.0	0.0	0.991461284688531	0.3539254371779115	0.20881040170774307	0.004657481078983117	0.19095672423830778	0.4319053887782421	0.9443042887638269	0.4730254220842228	0.2235590917911896	0.1337085193091403	NKG7;GNLY;GZMB;PRF1	CD8A;CD8B		0.0	0.0	0.05860663691053755	0.04152920628759946	0.006209974771977489	0.14275179507083255
vaccination_study_09	T_NK_lineage	8	Treg	8	5153	0.6923978279508431	0.9233456239084029	0.5653284494469242	0.4457442266640792	0.07865321172132739	0.5243974383854066	0.04093101106151753	0.04093101106151753	0.0	0.9233456239084029	0.37254997089074326	0.9233456239084029	0.0	0.37254997089074326	1.069930515469642	0.9367358820104793	0.4081117795458956	0.20881040170774307	0.10673394139336309	NKG7;GNLY;GZMB;CD8A	CCR7;TCF7		0.0	0.0	0.00038812342324859306	0.00038812342324859306	0.0	0.041940131961963875
vaccination_study_09	T_NK_lineage	8	CD8 Naive / T Central Memory	9	5153	0.5778293798228065	0.5778293798228065	0.33921987191927033	0.46290122258878325	0.0	0.46290122258878325	0.0	0.0	0.0	0.9873859887444207	0.31772214675377886	0.33921987191927033	0.04036483601785368	0.19095672423830778	0.6099109243844203	0.9443042887638269	0.4730254220842228	0.0	0.0	NKG7;GNLY;GZMB;PRF1			0.0	0.0	0.00038812342324859306	0.00038812342324859306	0.0	0.0010091209004463421
vaccination_study_09	T_NK_lineage	9	CD4 Naive / T Central Memory	1	4882	0.8148756787653615	0.8148756787653615	0.8788610437490756	0.06295780417861532	0.01656083572306432	0.07951863990167965	0.799342403847396	0.799342403847396	0.0	0.9997951659156084	0.57854249169284	0.7525604260548955	0.24969274887341253	0.5610405571487096	1.5052024707767204	0.14338385907414994	0.03850880786562884	0.04362965997541991	0.023146251536255633	NKG7;GNLY;GZMB;PRF1	CD8A;CD8B		0.0	0.0	0.9918066366243343	0.9911921343711594	0.9705038918476034	4.542029827034614
vaccination_study_09	T_NK_lineage	9	CD8 Naive / T Central Memory	2	4882	0.7672656473278079	0.7672656473278079	0.8375723952467891	0.06295780417861532	0.0	0.06295780417861532	0.7746145910681738	0.7746145910681738	0.0	0.9991806636624334	0.4589649050935409	0.753994264645637	0.2544039328144203	0.5610405571487096	1.3343125224046084	0.14338385907414994	0.03850880786562884	0.0	0.0	NKG7;GNLY;GZMB;PRF1			0.0	0.0	0.03912331011880377	0.0383039737812372	0.0	0.875515861039497
vaccination_study_09	T_NK_lineage	9	NKT Cell	3	4882	0.5833202343526722	0.7974190905366653	0.7974190905366653	0.04517820565342073	0.01656083572306432	0.06173904137648505	0.7356800491601803	0.7356800491601803	0.0	0.9405981155264236	0.26700122900450635	0.7974190905366653	0.04588283490372798	0.7841048750512085	0.9364067506602629	0.0919705038918476	0.04649733715690291	0.04362965997541991	0.023146251536255633	MS4A1;LST1	CD8A;CD8B		0.0	0.0	0.0	0.0	0.0	0.7356800491601803
vaccination_study_09	T_NK_lineage	9	gdT Cell	4	4882	0.7208773935410118	0.9299467431380581	0.8002662843097091	0.04517820565342073	0.04485866448176976	0.09003687013519049	0.7102294141745187	0.7102294141745187	0.0	0.9299467431380581	0.7304383449405981	0.9299467431380581	0.0	0.7304383449405981	1.102242086138571	0.0919705038918476	0.04649733715690291	0.1188037689471528	0.061450225317492835	MS4A1;LST1	NKG7;GNLY		0.0	0.0	0.0	0.0	0.0	0.7102294141745187
vaccination_study_09	T_NK_lineage	9	Treg	5	4882	0.6899507002000571	0.9309709135600164	0.5646302744776731	0.05969274887341254	0.30093711593609174	0.36062986480950426	0.20400040966816885	0.20400040966816885	0.0	0.9309709135600164	0.3673699303564113	0.9309709135600164	0.0	0.3673699303564113	1.0786716825984832	0.13621466612044245	0.036050798852929125	0.7525604260548955	0.5011265874641541	NKG7;GNLY;GZMB;CD8A	CCR7;TCF7		0.0	0.0	0.0008193363375665711	0.0	0.012904547316673495	0.22079680458828357
vaccination_study_09	T_NK_lineage	9	MAIT Cell	6	4882	0.6725993140897399	0.6725993140897399	0.11265874641540352	0.04517820565342073	0.045637034002458	0.09081523965587873	0.02184350675952479	0.02184350675952479	0.0	0.9752150757886112	0.4409668168783286	0.05632937320770176	0.05632937320770176	0.05632937320770176	0.2107765226686086	0.0919705038918476	0.04649733715690291	0.12945514133551822	0.0453366106786836	MS4A1;LST1	NKG7;GNLY;GZMB		0.0	0.0	0.0006145022531749283	0.0006145022531749283	0.0	0.0234412126177796
vaccination_study_09	T_NK_lineage	9	CD4 T Effector Memory	7	4882	0.565775935981709	0.565775935981709	0.047726341663252764	0.418824252355592	0.048791478902089305	0.4676157312576813	0.0	0.0	0.0	0.9793117574764441	0.3044346579270791	0.047726341663252764	0.0022531749283080703	0.04076198279393691	0.15171833451221647	0.8396149119213437	0.45350266284309715	0.14338385907414994	0.03850880786562884	CCR7;TCF7;LEF1	NKG7;GNLY;GZMB;PRF1		0.0	0.0	0.0012290045063498567	0.0012290045063498567	0.010651372388365424	0.015977058582548137
vaccination_study_09	T_NK_lineage	9	CD8 Cytotoxic / T Effector Memory	8	4882	0.5293065875964562	0.5293065875964562	0.12556329373207703	0.3951689881196231	0.006544448996312986	0.4017134371159361	0.0	0.0	0.0	0.9442851290454731	0.1567353171204052	0.12556329373207703	0.005530520278574355	0.07414993854977468	0.29000613508336814	0.8412535845964768	0.3431482998770996	0.017410897173289634	0.008807865628840639	CCR7;TCF7;LEF1;MS4A1	KLRD1;FCGR3A		0.0	0.0	0.0024580090126997134	0.0018435067595247848	0.0	0.005776321179844327
vaccination_study_09	T_NK_lineage	9	NK Cell	9	4882	0.19795655901686196	0.19795655901686196	0.12556329373207703	0.4410221220811143	0.01656083572306432	0.4575829578041786	0.0	0.0	0.0	0.22490782466202375	0.03157005325686194	0.12556329373207703	0.004916018025399427	0.07414993854977468	0.31935074647383116	0.9356820975010242	0.38846784104875054	0.04362965997541991	0.023146251536255633	CD3D;CD3E;MS4A1;LST1	CD8A;CD8B		0.0	0.0	0.0	0.0	0.0	0.0
