study	lineage	cluster	candidate_label	rank_within_cluster	n_cells	marker_pct	marker_decision_score	marker_base_score	negative_marker_penalty	confound_marker_penalty	marker_penalty	marker_discriminative_score	marker_gate_score	key_marker_bonus	marker_any_fraction	marker_mean_positive_fraction	key_marker_any_fraction	key_marker_two_fraction	key_marker_max_fraction	key_marker_enrichment	negative_marker_any_fraction	negative_marker_mean_positive_fraction	confound_marker_any_fraction	confound_marker_mean_positive_fraction	available_negative_markers	available_confound_markers	available_policy_required_markers	policy_required_any_fraction	policy_required_mean_positive_fraction	ref_fraction	raw_fraction	screfmapping_fraction	total_score
infection_study_03	B_lineage	0	Naive B Cell	1	13682	0.955324327124234	0.955324327124234	1.0	0.2921177459435755	0.08112118111387223	0.3732389270574477	0.6267610729425523	0.6267610729425523	0.0	0.9926911270282123	0.6368545859117414	0.7806607221166496	0.5136675924572431	0.6874725917263558	1.2405528170096631	0.6188422745212688	0.2588985528431516	0.22730594942259905	0.08619597524728355	CD27;TNFRSF13B;MZB1;JCHAIN	FCRL5;ITGAX;TBX21		0.0	0.0	0.0	0.0	0.0	0.6267610729425523
infection_study_03	B_lineage	0	Memory B Cell	2	13682	0.9673461782883048	0.9673461782883048	0.4773370209973869	0.4373544803391317	0.0	0.4373544803391317	0.03998254065825518	0.03998254065825518	0.0	0.9883058032451396	0.4029913223744535	0.4386785557667008	0.14537348340885836	0.24652828533840082	1.1546338609227444	0.9035959655021196	0.42721824294693755	0.0	0.0	TCL1A;IGHD;IGHM;MZB1;JCHAIN			0.0	0.0	0.0	0.0	0.0	0.03998254065825518
infection_study_03	B_lineage	0	Plasmablast	3	13682	0.6066747946234881	0.6066747946234881	0.5628563075573747	0.43537445792525453	0.1195146908346733	0.5548891487599278	0.007967158797446916	0.007967158797446916	0.0	0.6445695073819617	0.1343736295863178	0.5628563075573747	0.1926618915363251	0.3427130536471276	0.8436409538136227	0.9438678555766701	0.3486576036641816	0.3386200847829265	0.11952443599863567	MS4A1;LST1;CD3D	LILRA4;CLEC4C;IRF7		0.0	0.0	0.0	0.0	0.0	0.007967158797446916
infection_study_03	B_lineage	0	Plasma Cell	4	13682	0.7663655663258284	0.7663655663258284	0.5708960678263412	0.4860188568922672	0.19803299956146764	0.6	0.0	0.0	0.0	0.7052331530478	0.14711137098215013	0.5708960678263412	0.20187107148077765	0.3427130536471276	0.8388172428534779	0.9882327145154217	0.5022292062563952	0.5684841397456513	0.18325171758514835	MS4A1;CD79A;CD3D;LST1	LILRA4;CLEC4C;IRF7;TCF4		0.0	0.0	0.0	0.0	0.0	0.0
infection_study_03	B_lineage	1	Naive B Cell	1	14216	0.938601197701082	0.938601197701082	1.0	0.2704449212155318	0.07732132808103545	0.3477662492965673	0.6522337507034327	0.6522337507034327	0.0	0.9978897017445132	0.7083958606890515	0.8844259988745076	0.6274620146314013	0.7876336522228475	1.4033613425743825	0.588351153629713	0.21305219471018572	0.21848621271806415	0.07850309510410805	CD27;TNFRSF13B;MZB1;JCHAIN	FCRL5;ITGAX;TBX21		0.0	0.0	0.0	0.0	0.0	0.6522337507034327
infection_study_03	B_lineage	1	Plasmablast	2	14216	0.47165355730828046	0.5550787844682048	0.5550787844682048	0.43804305008441197	0.10838491840180077	0.5464279684862128	0.008650815981992022	0.008650815981992022	0.0	0.673466516601013	0.13104072875633088	0.5550787844682048	0.1560213843556556	0.327870005627462	0.8321870570672774	0.94309229037704	0.3621271806415307	0.30775182892515474	0.1070624648283624	MS4A1;LST1;CD3D	LILRA4;CLEC4C;IRF7		0.0	0.0	0.0	0.0	0.0	0.008650815981992022
infection_study_03	B_lineage	1	Plasma Cell	3	14216	0.647856786122377	0.647856786122377	0.5619020821609454	0.4919752391671357	0.18986617191896454	0.6	0.0	0.0	0.0	0.7486634777715251	0.14342212217845307	0.5619020821609454	0.16298536859876195	0.327870005627462	0.825829876135123	0.9964828362408554	0.5150534608891391	0.5474113674732696	0.17095174451322454	MS4A1;CD79A;CD3D;LST1	LILRA4;CLEC4C;IRF7;TCF4		0.0	0.0	0.0	0.0	0.0	0.0
infection_study_03	B_lineage	1	Memory B Cell	4	14216	0.9323289611419754	0.9323289611419754	0.3681767023072594	0.4638792909397862	0.0	0.4638792909397862	0.0	0.0	0.0	0.9981710748452448	0.38956105796285884	0.3681767023072594	0.073297692740574	0.18662070906021386	0.9732036895543319	0.9459060213843556	0.47470455824423186	0.0	0.0	TCL1A;IGHD;IGHM;MZB1;JCHAIN			0.0	0.0	0.0	0.0	0.0	0.0
infection_study_03	B_lineage	2	Plasmablast	1	4095	0.9917230907676822	0.9973137973137973	1.0	0.05185022385022385	0.2695360195360195	0.3213862433862434	0.6786137566137567	0.6786137566137567	0.0	0.9975579975579976	0.8306776556776556	0.9973137973137973	0.9902319902319903	0.9897435897435898	1.4834630631527452	0.11330891330891331	0.03996743996743997	0.768986568986569	0.25893365893365894	MS4A1;LST1;CD3D	LILRA4;CLEC4C;IRF7		0.0	0.0	0.0	0.0	0.0	0.6786137566137567
infection_study_03	B_lineage	2	Memory B Cell	2	4095	0.8948602140894549	0.9614163614163614	1.0	0.49271697191697195	0.0	0.49271697191697195	0.507283028083028	0.507283028083028	0.0	0.9897435897435898	0.41507381507381513	0.9614163614163614	0.8297924297924298	0.8302808302808303	2.499852532575484	0.9970695970695971	0.5174114774114774	0.0	0.0	TCL1A;IGHD;IGHM;MZB1;JCHAIN			0.0	0.0	0.0	0.0	0.0	0.507283028083028
infection_study_03	B_lineage	2	Plasma Cell	3	4095	0.9925673262320658	0.9973137973137973	1.0	0.3880329670329671	0.3161172161172161	0.6	0.4	0.4	0.0	0.998046398046398	0.7826889160222493	0.9973137973137973	0.9907203907203908	0.9897435897435898	1.4545668820117146	0.8788766788766789	0.24572649572649574	0.8881562881562881	0.3311355311355312	MS4A1;CD79A;CD3D;LST1	LILRA4;CLEC4C;IRF7;TCF4		0.0	0.0	0.0	0.0	0.0	0.4
infection_study_03	B_lineage	2	Naive B Cell	4	4095	0.8820714384009624	0.8820714384009624	0.5428571428571428	0.5	0.19494505494505496	0.6	0.0	0.0	0.0	0.9804639804639804	0.29466829466829464	0.5428571428571428	0.06862026862026863	0.5035409035409035	0.8674371532447973	0.9946275946275946	0.9050671550671551	0.5516483516483517	0.19633699633699633	CD27;TNFRSF13B;MZB1;JCHAIN	FCRL5;ITGAX;TBX21		0.0	0.0	0.0	0.0	0.0	0.0
infection_study_03	B_lineage	3	Plasmablast	1	10455	0.9185838491261544	0.9622190339550454	1.0	0.05980232743503906	0.11179818268770922	0.1716005101227483	0.8283994898772518	0.8283994898772518	0.0	0.9956001912960306	0.26495695839311334	0.9622190339550454	0.2937350549976088	0.8777618364418939	1.4317792826946316	0.13094213295074128	0.04565598597162442	0.3191774270683883	0.10696636378128486	MS4A1;LST1;CD3D	LILRA4;CLEC4C;IRF7		0.0	0.0	0.0	0.0	0.0	0.8283994898772518
infection_study_03	B_lineage	3	Plasma Cell	2	10455	0.9347263733901929	0.9937828790052606	1.0	0.06844476327116213	0.11242467718794835	0.18086944045911046	0.8191305595408895	0.8191305595408895	0.0	0.9955045432807269	0.24440193421542059	0.9937828790052606	0.8295552367288379	0.8777618364418939	1.4494682157883565	0.15600191296030608	0.04165471066475371	0.33208990913438546	0.08531802965088474	MS4A1;CD79A;CD3D;LST1	LILRA4;CLEC4C;IRF7;TCF4		0.0	0.0	0.0	0.0	0.0	0.8191305595408895
infection_study_03	B_lineage	3	Naive B Cell	3	10455	0.32745280553670025	0.32745280553670025	0.08350071736011477	0.17152462936394072	0.15276422764227643	0.3242888570062171	0.0	0.0	0.0	0.29516977522716403	0.040469738030713645	0.08350071736011477	0.001912960306073649	0.07718794835007174	0.1467033521065712	0.3868962219033955	0.11138211382113822	0.4255380200860832	0.1673521441096764	CD27;TNFRSF13B;MZB1;JCHAIN	FCRL5;ITGAX;TBX21		0.0	0.0	0.0	0.0	0.0	0.0
infection_study_03	B_lineage	3	Memory B Cell	4	10455	0.5269529129989068	0.5269529129989068	0.04753706360593018	0.16903720707795314	0.0	0.16903720707795314	0.0	0.0	0.0	0.5383070301291248	0.06905786704925874	0.04753706360593018	0.0005738880918220947	0.04170253467240555	0.14806645212617753	0.3886178861788618	0.09710186513629843	0.0	0.0	TCL1A;IGHD;IGHM;MZB1;JCHAIN			0.0	0.0	0.0	0.0	0.0	0.0
infection_study_03	B_lineage	4	Naive B Cell	1	24451	0.9364009283497671	0.9364009283497671	1.0	0.22116212015868475	0.05076070508363666	0.2719228252423214	0.7280771747576786	0.7280771747576786	0.0	0.9596744509427018	0.5584502338009352	0.7820948018485951	0.48304772810927976	0.6335528199255654	1.2428028992529279	0.485583411721402	0.1665473804752362	0.1439613921720993	0.050481916213379135	CD27;TNFRSF13B;MZB1;JCHAIN	FCRL5;ITGAX;TBX21		0.0	0.0	0.0	0.0	0.0	0.7280771747576786
infection_study_03	B_lineage	4	Plasma Cell	2	24451	0.6881864245081865	0.6881864245081865	0.49212711136558834	0.4601940615925729	0.14462445298760787	0.6	0.0	0.0	0.0	0.6113860373808843	0.1124971030496367	0.49212711136558834	0.1487055744141344	0.29332133655065235	0.725074419411597	0.9494499202486606	0.4518322359003722	0.41981923029732937	0.12452455932272707	MS4A1;CD79A;CD3D;LST1	LILRA4;CLEC4C;IRF7;TCF4		0.0	0.0	0.0	0.0	0.0	0.0
infection_study_03	B_lineage	4	Plasmablast	3	24451	0.5355498895226668	0.5355498895226668	0.48312952435483214	0.3939819775605633	0.0907038566929778	0.4846858342535411	0.0	0.0	0.0	0.5392826469265061	0.09866672119749703	0.48312952435483214	0.13316428775919184	0.29332133655065235	0.7262279506954744	0.8580426158439327	0.30875356154485845	0.25794446034927	0.08880345725464533	MS4A1;LST1;CD3D	LILRA4;CLEC4C;IRF7		0.0	0.0	0.0	0.0	0.0	0.0
infection_study_03	B_lineage	4	Memory B Cell	4	24451	0.9316323895729189	0.9316323895729189	0.24260766430820827	0.4235280356631631	0.0	0.4235280356631631	0.0	0.0	0.0	0.9550529630689951	0.3085800543573232	0.24260766430820827	0.03713549548075743	0.12702956934276716	0.650063077430699	0.890147642223222	0.3875996891742669	0.0	0.0	TCL1A;IGHD;IGHM;MZB1;JCHAIN			0.0	0.0	0.0	0.0	0.0	0.0
infection_study_03	B_lineage	5	Plasma Cell	1	9079	0.9197813955861638	0.9939420641039762	1.0	0.28613118184822117	0.08393407864302237	0.37006526049124355	0.6299347395087564	0.6299347395087564	0.0	0.9944927855490693	0.21883222577131597	0.9939420641039762	0.7932591695120608	0.8705804604031281	1.4496980799809438	0.6452252450710431	0.18611631236920367	0.24760436171384514	0.06435180085912545	MS4A1;CD79A;CD3D;LST1	LILRA4;CLEC4C;IRF7;TCF4		0.0	0.0	0.0	0.0	0.0	0.6299347395087564
infection_study_03	B_lineage	5	Plasmablast	2	9079	0.9376185756541665	0.9502147813635863	1.0	0.2942335793222455	0.08529573741601498	0.37952931673826046	0.6204706832617395	0.6204706832617395	0.0	0.9979072585086464	0.29420916400484637	0.9502147813635863	0.2612622535521533	0.8705804604031281	1.4141007148365587	0.636964423394647	0.23721408378308917	0.24308844586408196	0.08246135771193597	MS4A1;LST1;CD3D	LILRA4;CLEC4C;IRF7		0.0	0.0	0.0	0.0	0.0	0.6204706832617395
infection_study_03	B_lineage	5	Memory B Cell	3	9079	0.2138304632935388	0.3928846789293975	0.4020815395549096	0.14212005727503027	0.0	0.14212005727503027	0.25996148227987936	0.25996148227987936	0.0	0.4989536292543232	0.05769558121138692	0.3928846789293975	0.002313030069390902	0.3892499173917832	1.0367874425020485	0.3301024341887873	0.07582332856041414	0.0	0.0	TCL1A;IGHD;IGHM;MZB1;JCHAIN			0.0	0.0	0.0	0.0	0.0	0.25996148227987936
infection_study_03	B_lineage	5	Naive B Cell	4	9079	0.32745280553670025	0.32745280553670025	0.017292653375922458	0.2685565590924111	0.023466240775415797	0.2920227998678269	0.0	0.0	0.0	0.29221279876638395	0.04011699771144644	0.017292653375922458	0.003965194404670118	0.01233616037008481	0.042822385230581475	0.5980834893710761	0.18765833241546426	0.06674743914528032	0.022946726878878	CD27;TNFRSF13B;MZB1;JCHAIN	FCRL5;ITGAX;TBX21		0.0	0.0	0.0	0.0	0.0	0.0
infection_study_03	B_lineage	6	Naive B Cell	1	11147	0.9613646308634549	0.9613646308634549	1.0	0.2835466941778057	0.0861173409886068	0.3696640351664125	0.6303359648335876	0.6303359648335876	0.0	0.9987440566968692	0.69369935109596	0.8542208666008791	0.6030322059747018	0.7567955503722975	1.355969255321222	0.6017762626715708	0.2494168834664035	0.24015430160581322	0.09380700337908555	CD27;TNFRSF13B;MZB1;JCHAIN	FCRL5;ITGAX;TBX21		0.0	0.0	0.0	0.0	0.0	0.6303359648335876
infection_study_03	B_lineage	6	Plasma Cell	2	11147	0.7229106331920605	0.7229106331920605	0.5776442092042702	0.4927698035345833	0.23252893155108995	0.6	0.0	0.0	0.0	0.7133757961783439	0.14835082682934123	0.5776442092042702	0.19754193953530097	0.32295684937651387	0.8485615975815117	0.997667533865614	0.5166188212074998	0.6627792231093568	0.22463443078855294	MS4A1;CD79A;CD3D;LST1	LILRA4;CLEC4C;IRF7;TCF4		0.0	0.0	0.0	0.0	0.0	0.0
infection_study_03	B_lineage	6	Plasmablast	3	11147	0.579263814305307	0.579263814305307	0.5703776800932987	0.45221075924763016	0.1715304566251009	0.6	0.0	0.0	0.0	0.6623306719296672	0.14068807750964385	0.5703776800932987	0.1888400466493227	0.32295684937651387	0.8547176196659211	0.9784695433748991	0.36541969438712957	0.48640889925540504	0.17071857898986273	MS4A1;LST1;CD3D	LILRA4;CLEC4C;IRF7		0.0	0.0	0.0	0.0	0.0	0.0
infection_study_03	B_lineage	6	Memory B Cell	4	11147	0.9626077907780418	0.9626077907780418	0.4441736663729481	0.4587074549206065	0.0	0.4587074549206065	0.0	0.0	0.0	0.9985646362249933	0.4190120456380436	0.4184982506503992	0.1394994168834664	0.20965282138692024	1.1027016628901956	0.9363954427200144	0.4676235758500045	0.0	0.0	TCL1A;IGHD;IGHM;MZB1;JCHAIN			0.0	0.0	0.0	0.0	0.0	0.0
infection_study_03	B_lineage	7	Plasmablast	1	2693	0.9907783510813482	1.0	1.0	0.050318108676816437	0.22339398440401037	0.2737120930808268	0.7262879069191732	0.7262879069191732	0.0	1.0	0.7337077608614927	1.0	0.9959153360564427	0.9948013367991088	1.4874190126053883	0.10991459339027107	0.03886619631142468	0.6357222428518381	0.2178487436563931	MS4A1;LST1;CD3D	LILRA4;CLEC4C;IRF7		0.0	0.0	0.0	0.0	0.0	0.7262879069191732
infection_study_03	B_lineage	7	Memory B Cell	2	2693	0.8912807175692203	0.9079093947270702	1.0	0.49227924248050503	0.0	0.49227924248050503	0.507720757519495	0.507720757519495	0.0	0.9721500185666543	0.3271106910171151	0.9079093947270702	0.6431489045673969	0.7593761604158931	2.3621571719644785	1.0	0.5103601930932046	0.0	0.0	TCL1A;IGHD;IGHM;MZB1;JCHAIN			0.0	0.0	0.0	0.0	0.0	0.507720757519495
infection_study_03	B_lineage	7	Plasma Cell	3	2693	0.9916952588292959	1.0	1.0	0.3394578536947642	0.26166450055699964	0.6	0.4	0.4	0.0	1.0	0.7119693031315757	1.0	0.9977720014853323	0.9948013367991088	1.4584457740472856	0.7675454883030078	0.21722985518009652	0.7419235053843297	0.26058299294467135	MS4A1;CD79A;CD3D;LST1	LILRA4;CLEC4C;IRF7;TCF4		0.0	0.0	0.0	0.0	0.0	0.4
infection_study_03	B_lineage	7	Naive B Cell	4	2693	0.8830022621181033	0.8830022621181033	0.5150389899740067	0.5	0.14706646862235423	0.6	0.0	0.0	0.0	0.93501670998886	0.24223294962247804	0.5150389899740067	0.044188637207575196	0.4909023393984404	0.8237902552038844	1.0	0.8429261047159302	0.4173783884144077	0.14568634732021288	CD27;TNFRSF13B;MZB1;JCHAIN	FCRL5;ITGAX;TBX21		0.0	0.0	0.0	0.0	0.0	0.0
infection_study_03	B_lineage	8	Plasmablast	1	2818	0.9951626544865858	0.9996451383960255	1.0	0.05239413295481429	0.2969659332860185	0.3493600662408328	0.6506399337591672	0.6506399337591672	0.0	0.9996451383960255	0.8343683463449255	0.9996451383960255	0.9978708303761533	0.9975159687721789	1.486896410727571	0.11391057487579843	0.04140052046368583	0.847764371894961	0.28424414478353444	MS4A1;LST1;CD3D	LILRA4;CLEC4C;IRF7		0.0	0.0	0.0	0.0	0.0	0.6506399337591672
infection_study_03	B_lineage	8	Memory B Cell	2	2818	0.9036164511495364	0.9886444286728177	1.0	0.4928317955997161	0.0	0.4928317955997161	0.5071682044002839	0.5071682044002839	0.0	0.9982256919801278	0.44157687592747924	0.9886444286728177	0.8949609652235628	0.936124911284599	2.569921511842978	0.9996451383960255	0.5134847409510291	0.0	0.0	TCL1A;IGHD;IGHM;MZB1;JCHAIN			0.0	0.0	0.0	0.0	0.0	0.5071682044002839
infection_study_03	B_lineage	8	Plasma Cell	3	2818	0.9932476625037303	0.9996451383960255	1.0	0.40823278921220724	0.333361426543648	0.6	0.4	0.4	0.0	0.9996451383960255	0.7710354073022633	0.9996451383960255	0.9982256919801278	0.9975159687721789	1.4579333518624455	0.9237047551454932	0.2601135557132718	0.932931156848829	0.3565471965933286	MS4A1;CD79A;CD3D;LST1	LILRA4;CLEC4C;IRF7;TCF4		0.0	0.0	0.0	0.0	0.0	0.4
infection_study_03	B_lineage	8	Naive B Cell	4	2818	0.8860668677781918	0.8860668677781918	0.5223562810503903	0.5	0.2093683463449255	0.6	0.0	0.0	0.0	0.9886444286728177	0.29682201719107326	0.5223562810503903	0.044712562100780694	0.5099361249112846	0.8352711417634018	0.9996451383960255	0.9375443577004968	0.5933286018452804	0.20913177194227583	CD27;TNFRSF13B;MZB1;JCHAIN	FCRL5;ITGAX;TBX21		0.0	0.0	0.0	0.0	0.0	0.0
infection_study_03	B_lineage	9	Naive B Cell	1	1215	0.9815737105694878	0.9815737105694878	1.0	0.25740329218106994	0.09950617283950618	0.35690946502057613	0.6430905349794238	0.6430905349794238	0.0	0.8930041152263375	0.6014631915866483	0.7127572016460906	0.5069958847736625	0.6411522633744856	1.1340116657316346	0.5497942386831276	0.22037037037037036	0.27983539094650206	0.1037037037037037	CD27;TNFRSF13B;MZB1;JCHAIN	FCRL5;ITGAX;TBX21		0.0	0.0	0.0	0.0	0.0	0.6430905349794238
infection_study_03	B_lineage	9	Plasmablast	2	1215	0.7982725643574919	0.7982725643574919	0.6131687242798354	0.390002743484225	0.06674897119341563	0.45675171467764064	0.15641700960219473	0.15641700960219473	0.0	0.7037037037037037	0.1477366255144033	0.6131687242798354	0.1646090534979424	0.3242798353909465	0.9177356520345269	0.8403292181069959	0.3212620027434842	0.19012345679012346	0.06474622770919068	MS4A1;LST1;CD3D	LILRA4;CLEC4C;IRF7		0.0	0.0	0.0	0.0	0.0	0.15641700960219473
infection_study_03	B_lineage	9	Plasma Cell	3	1215	0.8811831357008004	0.8811831357008004	0.6386831275720165	0.4247942386831276	0.14682098765432097	0.5716152263374485	0.06706790123456796	0.06706790123456796	0.0	0.7341563786008231	0.14220393232738912	0.6386831275720165	0.23292181069958848	0.3242798353909465	0.9367021446566175	0.8592592592592593	0.44670781893004113	0.42633744855967076	0.12613168724279836	MS4A1;CD79A;CD3D;LST1	LILRA4;CLEC4C;IRF7;TCF4		0.0	0.0	0.0	0.0	0.0	0.06706790123456796
infection_study_03	B_lineage	9	Memory B Cell	4	1215	0.9841064169626387	0.9841064169626387	0.38672345037651285	0.39800823045267497	0.0	0.39800823045267497	0.0	0.0	0.0	0.9390946502057613	0.35869809203142533	0.38353909465020575	0.08724279835390947	0.18106995884773663	1.0127374229052284	0.811522633744856	0.40740740740740744	0.0	0.0	TCL1A;IGHD;IGHM;MZB1;JCHAIN			0.0	0.0	0.0	0.0	0.0	0.0
infection_study_03	T_NK_lineage	0	NKT Cell	1	17363	0.6058943406845729	0.9647526349133214	0.9647526349133214	0.06595576801244024	0.10131889650406035	0.16727466451650058	0.7974779703968209	0.7974779703968209	0.0	0.9997696250647929	0.3946158086571609	0.9647526349133214	0.2128664401313137	0.9550768876346254	0.985273588391249	0.1339054310890975	0.06850774635719634	0.23636468352243276	0.20272994298220354	MS4A1;LST1	CD8A;CD8B		0.0	0.0	0.0	0.0	0.0	0.7974779703968209
infection_study_03	T_NK_lineage	0	CD4 Naive / T Central Memory	2	17363	0.9381033152477275	0.9381033152477275	1.0	0.16410597247019523	0.10131889650406035	0.2654248689742556	0.7345751310257445	0.7345751310257445	0.0	1.0	0.7751598226112999	0.9111328687438807	0.6080746414790071	0.7537867879974659	1.8365863159471454	0.3741864885100501	0.09961412198352819	0.23636468352243276	0.20272994298220354	NKG7;GNLY;GZMB;PRF1;FOXP3	CD8A;CD8B		0.0	0.0	0.0	0.0	0.0	0.7345751310257445
infection_study_03	T_NK_lineage	0	CD8 Naive / T Central Memory	3	17363	0.9131983690484106	0.9131983690484106	1.0	0.16247595461613776	0.1655848643667569	0.32806081898289463	0.6719391810171054	0.6719391810171054	0.0	1.0	0.6830744814964131	0.8735817543051316	0.5447215342970685	0.7537867879974659	1.221141033231714	0.35909693025398837	0.11826873236191902	0.36796636525945975	0.36796636525945975	NKG7;GNLY;GZMB;PRF1	CD4		0.0	0.0	0.0	0.0	0.0	0.6719391810171054
infection_study_03	T_NK_lineage	0	MAIT Cell	4	17363	0.8941659618485973	0.8941659618485973	0.2395323388815297	0.06595576801244024	0.11269077924321834	0.1786465472556586	0.0608857916258711	0.0608857916258711	0.0	0.9999424062661982	0.4801671863815503	0.2395323388815297	0.009214997408281978	0.23682543339284687	0.7316026547998475	0.1339054310890975	0.06850774635719634	0.31261878707596613	0.1260342874695233	MS4A1;LST1	NKG7;GNLY;GZMB		0.0	0.0	0.0	0.0	0.0	0.0608857916258711
infection_study_03	T_NK_lineage	0	NK Cell	5	17363	0.14127182681112474	0.3103726314576974	0.3103726314576974	0.48885791625871106	0.10131889650406035	0.5901768127627715	0.0	0.0	0.0	0.42198928756551285	0.07719720094453723	0.3103726314576974	0.06404423198755975	0.1946668202499568	0.471667728983849	0.9997120313309912	0.4953061106951564	0.23636468352243276	0.20272994298220354	CD3D;CD3E;TRAC;MS4A1;LST1	CD8A;CD8B		0.0	0.0	0.0	0.0	0.0	0.0
infection_study_03	T_NK_lineage	0	Treg	6	17363	0.8666602756289632	0.8666602756289632	0.3185034006696632	0.1934380579392962	0.3546247768242815	0.5480628347635776	0.0	0.0	0.0	0.9998272187985947	0.26334734780855845	0.12958590105396534	0.01411046478143178	0.07659966595634395	1.7556699984627915	0.42596325519783446	0.14350918620054137	0.8512353855900479	0.6616944076484479	NKG7;GNLY;GZMB;CD8A	CCR7;TCF7		0.0	0.0	0.0	0.0	0.0	0.0
infection_study_03	T_NK_lineage	0	CD4 T Effector Memory	7	17363	0.7837195530190695	0.7837195530190695	0.5493866267350113	0.4638633876634222	0.12546938893048437	0.5893327765939066	0.0	0.0	0.0	0.9999424062661982	0.5198346419909513	0.5493866267350113	0.14911017681276278	0.36796636525945975	0.7368192390444789	0.9227668029718367	0.5146000115187468	0.35909693025398837	0.11826873236191902	CCR7;TCF7;LEF1;FOXP3	NKG7;GNLY;GZMB;PRF1		0.0	0.0	0.0	0.0	0.0	0.0
infection_study_03	T_NK_lineage	0	gdT Cell	8	17363	0.8274419820051057	0.8274419820051057	0.038702989114784314	0.06595576801244024	0.11459281230202155	0.1805485803144618	0.0	0.0	0.0	0.9997120313309912	0.33325654168826435	0.038702989114784314	0.002822092956286356	0.017162932672925187	0.24496727545211397	0.1339054310890975	0.06850774635719634	0.29562863560444624	0.17269481080458446	MS4A1;LST1	NKG7;GNLY		0.0	0.0	0.0	0.0	0.0	0.0
infection_study_03	T_NK_lineage	0	CD8 Cytotoxic / T Effector Memory	9	17363	0.5744434771986845	0.5744434771986845	0.41150722801359213	0.4638541726660139	0.019126878995565283	0.48298105166157923	0.0	0.0	0.0	0.9999424062661982	0.2987072824658496	0.41150722801359213	0.11380521799228244	0.19593388239359558	0.5682195730474838	0.9227092092380349	0.5146576052525486	0.05039451707654207	0.02672349248401774	CCR7;TCF7;LEF1;MS4A1	KLRD1;FCGR3A		0.0	0.0	0.0	0.0	0.0	0.0
infection_study_03	T_NK_lineage	1	NKT Cell	1	14371	0.7849302423388724	0.9955465868763482	1.0	0.060839190035488135	0.2622260107160253	0.32306520075151346	0.6769347992484865	0.6769347992484865	0.0	1.0	0.6139248685348468	0.9955465868763482	0.8785053232203743	0.9653468791315845	1.0163999136399693	0.1234430450212233	0.06332196785192401	0.6138055806833206	0.5205622434068611	MS4A1;LST1	CD8A;CD8B		0.0	0.0	0.0	0.0	0.0	0.6769347992484865
infection_study_03	T_NK_lineage	1	CD8 Cytotoxic / T Effector Memory	2	14371	0.7657571292283286	0.9880314522301857	1.0	0.13687078143483405	0.20941131445271724	0.3462820958875513	0.6537179041124487	0.6537179041124487	0.0	1.0	0.6984204300327049	0.9880314522301857	0.8204021988727298	0.9653468791315845	1.3454122918525833	0.30610256767100413	0.09341729872660219	0.5415767865840929	0.31292185651659593	CCR7;TCF7;LEF1;MS4A1	KLRD1;FCGR3A		0.0	0.0	0.0	0.0	0.0	0.6537179041124487
infection_study_03	T_NK_lineage	1	CD4 T Effector Memory	3	14371	0.9472646616332091	0.9977732934381741	1.0	0.12159696611230951	0.38319358430171874	0.5047905504140282	0.4952094495859718	0.4952094495859718	0.0	1.0	0.6255344482329382	0.9977732934381741	0.6555563287175562	0.9910235891726393	1.3274302883043676	0.273119476723958	0.08096165889638857	0.9782200264421405	0.5981838424605108	CCR7;TCF7;LEF1;FOXP3	NKG7;GNLY;GZMB;PRF1		0.0	0.0	0.0	0.0	0.0	0.4952094495859718
infection_study_03	T_NK_lineage	1	NK Cell	4	14371	0.7198777250173563	0.9771762577412846	1.0	0.4812781295664881	0.2622260107160253	0.6	0.4	0.4	0.0	0.983508454526477	0.46311147449725143	0.9771762577412846	0.7094147936817201	0.9653468791315845	1.4533675410319427	0.9996520770997147	0.4609560921299839	0.6138055806833206	0.5205622434068611	CD3D;CD3E;TRAC;MS4A1;LST1	CD8A;CD8B		0.0	0.0	0.0	0.0	0.0	0.4
infection_study_03	T_NK_lineage	1	CD8 Naive / T Central Memory	5	14371	0.7711518866188679	0.7711518866188679	0.6501983160531626	0.5	0.02063530721592095	0.520635307215921	0.1295630088372416	0.1295630088372416	0.0	1.0	0.4855766628781729	0.6501983160531626	0.15155521536427527	0.5712198176884002	0.9124172719444694	0.9782200264421405	0.5981838424605108	0.045856238257602114	0.045856238257602114	NKG7;GNLY;GZMB;PRF1	CD4		0.0	0.0	0.0	0.0	0.0	0.1295630088372416
infection_study_03	T_NK_lineage	1	MAIT Cell	6	14371	0.8833238756283447	0.8833238756283447	0.5182416162010967	0.060839190035488135	0.3837485213276738	0.44458771136316194	0.07365390483793471	0.07365390483793471	0.0	0.999930415419943	0.4718033340954501	0.4390787001600445	0.032983090947046136	0.43587780947741983	1.3166516641642085	0.1234430450212233	0.06332196785192401	0.9737666133184886	0.6107902488808481	MS4A1;LST1	NKG7;GNLY;GZMB		0.0	0.0	0.0	0.0	0.0	0.07365390483793471
infection_study_03	T_NK_lineage	1	CD4 Naive / T Central Memory	7	14371	0.6923689463601236	0.6923689463601236	0.26490849627722496	0.4771823811843296	0.2622260107160253	0.6	0.0	0.0	0.0	0.999930415419943	0.39674344165332964	0.26490849627722496	0.028668846983508453	0.19581100828056502	0.5481219914439323	0.9783591956022546	0.47911766752487656	0.6138055806833206	0.5205622434068611	NKG7;GNLY;GZMB;PRF1;FOXP3	CD8A;CD8B		0.0	0.0	0.0	0.0	0.0	0.0
infection_study_03	T_NK_lineage	1	Treg	8	14371	0.8164715596245162	0.8164715596245162	0.025607125460997842	0.5	0.08650233108343192	0.5865023310834319	0.0	0.0	0.0	0.9995824925196577	0.21280356273049894	0.025607125460997842	0.0008350149606847123	0.014056085171525989	0.4478558466961918	0.988240205970357	0.6008976410827361	0.22621946976549998	0.12424326769187947	NKG7;GNLY;GZMB;CD8A	CCR7;TCF7		0.0	0.0	0.0	0.0	0.0	0.0
infection_study_03	T_NK_lineage	1	gdT Cell	9	14371	0.8906861964409135	0.8906861964409135	0.29493243165565364	0.060839190035488135	0.4047317514438801	0.4655709414793682	0.0	0.0	0.0	0.9998608308398859	0.3976410827360657	0.23582214181337416	0.034792290028529675	0.12386055250156565	1.236441159369118	0.1234430450212233	0.06332196785192401	0.973001182937861	0.7522093104168117	MS4A1;LST1	NKG7;GNLY		0.0	0.0	0.0	0.0	0.0	0.0
infection_study_03	T_NK_lineage	10	NKT Cell	1	15033	0.5895252953664462	0.9777822124659084	0.9777822124659084	0.07609991352358146	0.17073937337856715	0.24683928690214862	0.7309429255637597	0.7309429255637597	0.0	0.999800439034125	0.42066501316152083	0.9777822124659084	0.25783276791059667	0.9690680502893634	0.9984438001666714	0.15426062662143286	0.07945852457925896	0.3943324685691479	0.3495975520521519	MS4A1;LST1	CD8A;CD8B		0.0	0.0	0.0	0.0	0.0	0.7309429255637597
infection_study_03	T_NK_lineage	10	CD8 Naive / T Central Memory	2	15033	0.903536047771976	0.903536047771976	1.0	0.20460653229561632	0.12692077429654758	0.3315273065921639	0.6684726934078361	0.6684726934078361	0.0	1.0	0.7225806928461088	0.888046298144083	0.6033393201623096	0.7769573604736247	1.2411315410966182	0.4532694738242533	0.14710969201090934	0.2820461651034391	0.2820461651034391	NKG7;GNLY;GZMB;PRF1	CD4		0.0	0.0	0.0	0.0	0.0	0.6684726934078361
infection_study_03	T_NK_lineage	10	CD4 Naive / T Central Memory	3	15033	0.8951308023793215	0.8980908667597951	1.0	0.20530353222909598	0.17073937337856715	0.3760429056076631	0.6239570943923369	0.6239570943923369	0.0	1.0	0.766813011374975	0.8980908667597951	0.5845805893700525	0.7769573604736247	1.8105827249460007	0.4687021885185924	0.12362136632741302	0.3943324685691479	0.3495975520521519	NKG7;GNLY;GZMB;PRF1;FOXP3	CD8A;CD8B		0.0	0.0	0.0	0.0	0.0	0.6239570943923369
infection_study_03	T_NK_lineage	10	CD8 Cytotoxic / T Effector Memory	4	15033	0.6007431127549135	0.6007431127549135	0.5811880529501763	0.4687041841282512	0.02622729994013171	0.49493148406838294	0.08625656888179334	0.08625656888179334	0.0	1.0	0.34700628314677406	0.5811880529501763	0.1822656821659017	0.33725803232887647	0.7969605281057957	0.9273598084214728	0.5286702587640525	0.06958025676844276	0.035688152730659214	CCR7;TCF7;LEF1;MS4A1	KLRD1;FCGR3A		0.0	0.0	0.0	0.0	0.0	0.08625656888179334
infection_study_03	T_NK_lineage	10	MAIT Cell	5	15033	0.846019800877943	0.846019800877943	0.2245060866094592	0.07609991352358146	0.14739240337923235	0.2234923169028138	0.0010137697066454066	0.0010137697066454066	0.0	1.0	0.48379279870000275	0.2245060866094592	0.010776292157254041	0.22164571276524977	0.6875472586006468	0.15426062662143286	0.07945852457925896	0.4089004190780283	0.16481518437215903	MS4A1;LST1	NKG7;GNLY;GZMB		0.0	0.0	0.0	0.0	0.0	0.0010137697066454066
infection_study_03	T_NK_lineage	10	NK Cell	6	15033	0.2929118237805359	0.410696467770904	0.410696467770904	0.4927833433113816	0.17073937337856715	0.6	0.0	0.0	0.0	0.5297013237544069	0.09648772700059868	0.410696467770904	0.08714162176544935	0.2451939067385086	0.6193692221528925	0.9997339187121665	0.5131111554579924	0.3943324685691479	0.3495975520521519	CD3D;CD3E;TRAC;MS4A1;LST1	CD8A;CD8B		0.0	0.0	0.0	0.0	0.0	0.0
infection_study_03	T_NK_lineage	10	CD4 T Effector Memory	7	15033	0.7239442804593507	0.7239442804593507	0.5531829974057074	0.46856548925696806	0.1580472959489124	0.6	0.0	0.0	0.0	1.0	0.5180159205303886	0.5531829974057074	0.17228763387214793	0.3442426661345041	0.7418197857415636	0.9280250116410563	0.5268908401516664	0.4532694738242533	0.14710969201090934	CCR7;TCF7;LEF1;FOXP3	NKG7;GNLY;GZMB;PRF1		0.0	0.0	0.0	0.0	0.0	0.0
infection_study_03	T_NK_lineage	10	Treg	8	15033	0.7992404973258146	0.7992404973258146	0.260590929921129	0.2722320894033127	0.35513869487128313	0.6	0.0	0.0	0.0	0.9997339187121665	0.2542340184926495	0.11561231956362669	0.015166633406505687	0.06153129781148141	1.579914441430009	0.5960220847468902	0.2079258963613384	0.8521918446085279	0.6632076099248321	NKG7;GNLY;GZMB;CD8A	CCR7;TCF7		0.0	0.0	0.0	0.0	0.0	0.0
infection_study_03	T_NK_lineage	10	gdT Cell	9	15033	0.7762188456239688	0.7762188456239688	0.052484534025144684	0.07609991352358146	0.1502793853522251	0.22637929887580654	0.0	0.0	0.0	0.999800439034125	0.3383667043615157	0.052484534025144684	0.003592097385751347	0.024812080090467637	0.31428596758115823	0.15426062662143286	0.07945852457925896	0.38754739572939534	0.22676777755604338	MS4A1;LST1	NKG7;GNLY		0.0	0.0	0.0	0.0	0.0	0.0
infection_study_03	T_NK_lineage	11	NKT Cell	1	12271	0.925758304354616	0.9997555211474207	1.0	0.061769211963165184	0.311924456034553	0.3736936679977182	0.6263063320022818	0.6263063320022818	0.0	1.0	0.6997916108828015	0.9997555211474207	0.9254339499633282	0.9977996903267867	1.020654276874321	0.1252546654714367	0.06442017765463287	0.7192567842881591	0.6409828049873686	MS4A1;LST1	CD8A;CD8B		0.0	0.0	0.0	0.0	0.0	0.6263063320022818
infection_study_03	T_NK_lineage	11	CD8 Cytotoxic / T Effector Memory	2	12271	0.9155470754044522	0.9995925352457012	1.0	0.14155855268519274	0.3217219460516665	0.4632804987368592	0.5367195012631407	0.5367195012631407	0.0	1.0	0.8325690282336033	0.9995925352457012	0.9413250753809795	0.9977996903267867	1.3609973950689647	0.31464428326949717	0.09997147746719909	0.7890147502241056	0.5667834732295657	CCR7;TCF7;LEF1;MS4A1	KLRD1;FCGR3A		0.0	0.0	0.0	0.0	0.0	0.5367195012631407
infection_study_03	T_NK_lineage	11	CD4 T Effector Memory	3	12271	0.9523424441699047	0.9986146198353842	1.0	0.13131488876212208	0.42098341618449997	0.552298304946622	0.447701695053378	0.447701695053378	0.0	1.0	0.6131529622687638	0.9986146198353842	0.48455708581207724	0.9921766767174639	1.328538476176857	0.2935376089968218	0.08986635156059002	0.9991850704914025	0.8081859669138619	CCR7;TCF7;LEF1;FOXP3	NKG7;GNLY;GZMB;PRF1		0.0	0.0	0.0	0.0	0.0	0.447701695053378
infection_study_03	T_NK_lineage	11	NK Cell	4	12271	0.7933571347947163	0.9989405916388232	1.0	0.48634145546410235	0.311924456034553	0.6	0.4	0.4	0.0	0.9995110422948414	0.6808226713389293	0.9989405916388232	0.8865618124032271	0.9977996903267867	1.4854100219879158	0.9986146198353842	0.48576318148480163	0.7192567842881591	0.6409828049873686	CD3D;CD3E;TRAC;MS4A1;LST1	CD8A;CD8B		0.0	0.0	0.0	0.0	0.0	0.4
infection_study_03	T_NK_lineage	11	CD8 Naive / T Central Memory	5	12271	0.8215400648484165	0.8215400648484165	0.7935900673746131	0.5	0.019252709640616084	0.5192527096406161	0.27433735773399703	0.27433735773399703	0.0	0.999674028196561	0.5062794846023597	0.7730421318555944	0.17741015402167712	0.6973351805068861	1.0821917420760747	0.9991850704914025	0.8081859669138619	0.04278379920136908	0.04278379920136908	NKG7;GNLY;GZMB;PRF1	CD4		0.0	0.0	0.0	0.0	0.0	0.27433735773399703
infection_study_03	T_NK_lineage	11	gdT Cell	6	12271	0.9388300380833691	0.9388300380833691	0.586377308474353	0.061769211963165184	0.43039279602314395	0.49216200798630916	0.09421530048804383	0.09421530048804383	0.0	0.9992665634422623	0.42762067747806487	0.36492543394996335	0.08002607774427511	0.1772471681199576	1.8858074980975585	0.1252546654714367	0.06442017765463287	0.9984516339336648	0.8723820389536305	MS4A1;LST1	NKG7;GNLY		0.0	0.0	0.0	0.0	0.0	0.09421530048804383
infection_study_03	T_NK_lineage	11	MAIT Cell	7	12271	0.8550327102586979	0.8550327102586979	0.5281365943571742	0.061769211963165184	0.41922418710781517	0.4809933990709804	0.04714319528619382	0.04714319528619382	0.0	0.9997555211474207	0.44825779712911984	0.44478852579251893	0.04082796838073507	0.4430771738244642	1.333392274258621	0.1252546654714367	0.06442017765463287	0.9986146198353842	0.7975986743813327	MS4A1;LST1	NKG7;GNLY;GZMB		0.0	0.0	0.0	0.0	0.0	0.04714319528619382
infection_study_03	T_NK_lineage	11	Treg	8	12271	0.8805623288529066	0.8805623288529066	0.034227039361095266	0.5	0.09416714204221335	0.5941671420422133	0.0	0.0	0.0	0.9987776057371037	0.22976122565398094	0.034227039361095266	0.0013038872137560102	0.02428489935620569	0.5562745631243114	0.9995925352457012	0.772532800912721	0.24553826094042866	0.13670442506723168	NKG7;GNLY;GZMB;CD8A	CCR7;TCF7		0.0	0.0	0.0	0.0	0.0	0.0
infection_study_03	T_NK_lineage	11	CD4 Naive / T Central Memory	9	12271	0.6724814801643322	0.6724814801643322	0.27609811751283514	0.5	0.311924456034553	0.6	0.0	0.0	0.0	0.9997555211474207	0.38146850297449275	0.27609811751283514	0.03748675739548529	0.22239426289625946	0.5704322421572496	0.9991850704914025	0.6471518213674516	0.7192567842881591	0.6409828049873686	NKG7;GNLY;GZMB;PRF1;FOXP3	CD8A;CD8B		0.0	0.0	0.0	0.0	0.0	0.0
infection_study_03	T_NK_lineage	12	NKT Cell	1	16459	0.9095585699950057	1.0	1.0	0.020174980253964397	0.08566285922595542	0.10583783947991982	0.8941621605200802	0.8941621605200802	0.0	1.0	0.5839531997257253	1.0	0.420377908742937	1.0	1.020901394499592	0.041132511088158456	0.020657391093019017	0.22437572148976245	0.12233428519351115	MS4A1;LST1	CD8A;CD8B		0.0	0.0	0.0	0.0	0.0	0.8941621605200802
infection_study_03	T_NK_lineage	12	NK Cell	2	16459	0.948534107267383	1.0	1.0	0.30791688437936693	0.08566285922595542	0.39357974360532233	0.6064202563946777	0.6064202563946777	0.0	1.0	0.9454781578467708	1.0	0.9997569718694939	1.0	1.4869697330453466	0.7019259979342609	0.1872045689288535	0.22437572148976245	0.12233428519351115	CD3D;CD3E;TRAC;MS4A1;LST1	CD8A;CD8B		0.0	0.0	0.0	0.0	0.0	0.6064202563946777
infection_study_03	T_NK_lineage	12	CD8 Cytotoxic / T Effector Memory	3	16459	0.9056651910585259	1.0	1.0	0.030116349717479795	0.42743939485995497	0.45755574457743475	0.5424442554225652	0.5424442554225652	0.0	1.0	0.7113709548243845	1.0	0.9987848593474695	1.0	1.3615466844603012	0.06853393280272191	0.018515705692933957	0.9859651254632724	0.8776657148064888	CCR7;TCF7;LEF1;MS4A1	KLRD1;FCGR3A		0.0	0.0	0.0	0.0	0.0	0.5424442554225652
infection_study_03	T_NK_lineage	12	CD4 T Effector Memory	4	16459	0.6902583576991645	0.9399720517649918	1.0	0.027076371590011545	0.44919345039188285	0.4762698219818944	0.5237301780181056	0.5237301780181056	0.0	0.9981772890212042	0.367505788795053	0.9399720517649918	0.042165380642809405	0.9343824047633513	1.2512949914095508	0.06166838811592442	0.016556291390728475	1.0	0.9946230026125524	CCR7;TCF7;LEF1;FOXP3	NKG7;GNLY;GZMB;PRF1		0.0	0.0	0.0	0.0	0.0	0.5237301780181056
infection_study_03	T_NK_lineage	12	MAIT Cell	5	16459	0.529872174091867	0.6683273588917917	0.9155235327554685	0.020174980253964397	0.4493985053769974	0.4695734856309618	0.4459500471245067	0.4459500471245067	0.0	0.905036758004739	0.22372475328304967	0.6683273588917917	0.002187253174554955	0.6680235737286591	1.988784695454707	0.041132511088158456	0.020657391093019017	1.0	0.9959900358466492	MS4A1;LST1	NKG7;GNLY;GZMB		0.0	0.0	0.0	0.0	0.0	0.4459500471245067
infection_study_03	T_NK_lineage	12	gdT Cell	6	16459	0.5702988377073286	0.5702988377073286	0.6774864815602406	0.020174980253964397	0.4498860805638253	0.4700610608177897	0.2074254207424509	0.2074254207424509	0.0	0.7907527796342426	0.2246491281365818	0.4274864815602406	0.08627498632966765	0.3324624825323531	2.200478315250081	0.041132511088158456	0.020657391093019017	1.0	0.9992405370921684	MS4A1;LST1	NKG7;GNLY		0.0	0.0	0.0	0.0	0.0	0.2074254207424509
infection_study_03	T_NK_lineage	12	CD8 Naive / T Central Memory	7	16459	0.46420116925065597	0.46420116925065597	0.23373230451424754	0.5	0.003034813779695	0.503034813779695	0.0	0.0	0.0	0.8270854851449055	0.1633014021372974	0.23373230451424754	0.010207181481256456	0.20438665775563522	0.3368466095144066	1.0	0.9946230026125524	0.006744030621544444	0.006744030621544444	NKG7;GNLY;GZMB;PRF1	CD4		0.0	0.0	0.0	0.0	0.0	0.0
infection_study_03	T_NK_lineage	12	CD4 Naive / T Central Memory	8	16459	0.36776968761741596	0.36776968761741596	0.044534904915243936	0.5	0.08566285922595542	0.5856628592259554	0.0	0.0	0.0	0.7941551734613281	0.1372136824837475	0.044534904915243936	0.0019442250440488487	0.03110760070478158	0.10873356440466408	1.0	0.7958685217813962	0.22437572148976245	0.12233428519351115	NKG7;GNLY;GZMB;PRF1;FOXP3	CD8A;CD8B		0.0	0.0	0.0	0.0	0.0	0.0
infection_study_03	T_NK_lineage	12	Treg	9	16459	0.5525822627056665	0.5525822627056665	0.006379488425785285	0.5	0.014490552281426575	0.5144905522814266	0.0	0.0	0.0	0.7932438179719302	0.12574275472385926	0.006379488425785285	0.00018227109787957957	0.0038884500880976974	0.20601633977490336	1.0	0.7980891913238958	0.038337687587338236	0.019928306701500698	NKG7;GNLY;GZMB;CD8A	CCR7;TCF7		0.0	0.0	0.0	0.0	0.0	0.0
infection_study_03	T_NK_lineage	2	NKT Cell	1	21324	0.6131990648468703	0.9556368411179891	0.9556368411179891	0.06334693303320203	0.14695765334833988	0.21030458638154192	0.7453322547364472	0.7453322547364472	0.0	0.9998124179328456	0.38621807755178594	0.9556368411179891	0.2163290189457888	0.942787469517914	0.9760594036411248	0.1288688801350591	0.06534890264490714	0.33980491465015944	0.30010785968861375	MS4A1;LST1	CD8A;CD8B		0.0	0.0	0.0	0.0	0.0	0.7453322547364472
infection_study_03	T_NK_lineage	2	CD8 Naive / T Central Memory	2	21324	0.9252410941662711	0.9252410941662711	1.0	0.15949985931344962	0.13351857062464828	0.2930184299380979	0.7069815700619021	0.7069815700619021	0.0	1.0	0.6809229037703994	0.8732414181204277	0.5631213655974489	0.7169855561808292	1.2206706766651478	0.3541080472706809	0.1133581879572313	0.29670793472144064	0.29670793472144064	NKG7;GNLY;GZMB;PRF1	CD4		0.0	0.0	0.0	0.0	0.0	0.7069815700619021
infection_study_03	T_NK_lineage	2	CD4 Naive / T Central Memory	3	21324	0.9388184414423748	0.9388184414423748	1.0	0.1595239167135622	0.14695765334833988	0.3064815700619021	0.6935184299380979	0.6935184299380979	0.0	1.0	0.7435331082348526	0.885715625586194	0.5647158131682611	0.7169855561808292	1.7859085445240435	0.36508159819921215	0.09451322453573438	0.33980491465015944	0.30010785968861375	NKG7;GNLY;GZMB;PRF1;FOXP3	CD8A;CD8B		0.0	0.0	0.0	0.0	0.0	0.6935184299380979
infection_study_03	T_NK_lineage	2	NK Cell	4	21324	0.14127182681112474	0.3065559932470456	0.3065559932470456	0.4867216282123428	0.14695765334833988	0.6	0.0	0.0	0.0	0.4360345151003564	0.07738346464078034	0.3065559932470456	0.06049521665728756	0.2047458262990058	0.4660486938341227	0.9997186268992684	0.4855843181391858	0.33980491465015944	0.30010785968861375	CD3D;CD3E;TRAC;MS4A1;LST1	CD8A;CD8B		0.0	0.0	0.0	0.0	0.0	0.0
infection_study_03	T_NK_lineage	2	CD4 T Effector Memory	5	21324	0.7614686913886437	0.7614686913886437	0.4865409866816732	0.4460192740574001	0.12323614237478897	0.569255416432189	0.0	0.0	0.0	1.0	0.49112111548802606	0.4865409866816732	0.13576252110298256	0.29670793472144064	0.6540395041201053	0.9018476833614707	0.46962342900018755	0.3541080472706809	0.1133581879572313	CCR7;TCF7;LEF1;FOXP3	NKG7;GNLY;GZMB;PRF1		0.0	0.0	0.0	0.0	0.0	0.0
infection_study_03	T_NK_lineage	2	Treg	6	21324	0.8730426802775153	0.8730426802775153	0.33069144968040154	0.21660077846557868	0.345258863252673	0.5618596417182518	0.0	0.0	0.0	0.9997186268992684	0.25435190395798163	0.1325267304445695	0.013974864003001313	0.07625211029825549	1.792658876943328	0.47608328643781656	0.16222331645094729	0.8300506471581317	0.6416244607015569	NKG7;GNLY;GZMB;CD8A	CCR7;TCF7		0.0	0.0	0.0	0.0	0.0	0.0
infection_study_03	T_NK_lineage	2	CD8 Cytotoxic / T Effector Memory	7	21324	0.5968887758431145	0.5968887758431145	0.46398424310635905	0.44473808853873575	0.020747749015194147	0.4654858375539299	0.0	0.0	0.0	0.9999062089664228	0.3126055149127744	0.46398424310635905	0.1399831176139561	0.2876570999812418	0.6389620541464244	0.8991277433877322	0.4684979365972613	0.05505533670981054	0.028207653348339898	CCR7;TCF7;LEF1;MS4A1	KLRD1;FCGR3A		0.0	0.0	0.0	0.0	0.0	0.0
infection_study_03	T_NK_lineage	2	gdT Cell	8	21324	0.8482150450181604	0.8482150450181604	0.04103357719002063	0.06334693303320203	0.11266178953292064	0.17600872256612266	0.0	0.0	0.0	0.9996248358656913	0.3315591196148315	0.04103357719002063	0.0026261489401613208	0.020446445319827426	0.25668971428736237	0.1288688801350591	0.06534890264490714	0.2921121740761583	0.16685424873382104	MS4A1;LST1	NKG7;GNLY		0.0	0.0	0.0	0.0	0.0	0.0
infection_study_03	T_NK_lineage	2	MAIT Cell	9	21324	0.8871994730486332	0.8871994730486332	0.14879947477021196	0.06334693303320203	0.11040845995122867	0.1737553929844307	0.0	0.0	0.0	1.0	0.45735187716054343	0.14879947477021196	0.005017820296379666	0.14734571374976552	0.46558341032448824	0.1288688801350591	0.06534890264490714	0.30782217220033764	0.12041205527418246	MS4A1;LST1	NKG7;GNLY;GZMB		0.0	0.0	0.0	0.0	0.0	0.0
infection_study_03	T_NK_lineage	3	NKT Cell	1	24218	0.9468000228840382	1.0	1.0	0.020390618548187297	0.3408415228342555	0.3612321413824428	0.6387678586175571	0.6387678586175571	0.0	1.0	0.6959168505126057	1.0	0.9205549591213147	0.9999174167974234	1.020901394499592	0.04153935089602775	0.020934841853167067	0.7954001156164836	0.6814765876620695	MS4A1;LST1	CD8A;CD8B		0.0	0.0	0.0	0.0	0.0	0.6387678586175571
infection_study_03	T_NK_lineage	3	CD8 Cytotoxic / T Effector Memory	2	24218	0.9607461433437601	1.0	1.0	0.039952927574531345	0.3439693616318441	0.38392228920637544	0.6160777107936246	0.6160777107936246	0.0	1.0	0.9083439064857844	1.0	0.9890990172598894	0.9999174167974234	1.3615466844603012	0.0911305640432736	0.024196878354942605	0.8455281195804774	0.6020728383846725	CCR7;TCF7;LEF1;MS4A1	KLRD1;FCGR3A		0.0	0.0	0.0	0.0	0.0	0.6160777107936246
infection_study_03	T_NK_lineage	3	CD4 T Effector Memory	3	24218	0.86307768667113	0.9978115451317202	1.0	0.036595507473779834	0.44134424807994055	0.47793975555372037	0.5220602444462796	0.5220602444462796	0.0	0.9999587083987117	0.48358429451005225	0.9978115451317202	0.09852176067387894	0.9977702535304319	1.3274806731051187	0.08357420100751507	0.021987777686018662	1.0	0.9422949871996036	CCR7;TCF7;LEF1;FOXP3	NKG7;GNLY;GZMB;PRF1		0.0	0.0	0.0	0.0	0.0	0.5220602444462796
infection_study_03	T_NK_lineage	3	NK Cell	4	24218	0.8358681013515499	1.0	1.0	0.4759928978445784	0.3408415228342555	0.6	0.4	0.4	0.0	1.0	0.7705838632422165	1.0	0.9815839458254191	0.9999174167974234	1.4869697330453466	0.9985960855561978	0.4387562969691964	0.7954001156164836	0.6814765876620695	CD3D;CD3E;TRAC;MS4A1;LST1	CD8A;CD8B		0.0	0.0	0.0	0.0	0.0	0.4
infection_study_03	T_NK_lineage	3	CD8 Naive / T Central Memory	5	24218	0.7591617329401814	0.7727723181104963	0.7932270306102913	0.5	0.015719712610455034	0.515719712610455	0.2775073179998363	0.2775073179998363	0.0	0.999298042778099	0.4415999119112506	0.7727723181104963	0.038359897596828806	0.7625732925922867	1.0818188499991799	1.0	0.9422949871996036	0.034932694689900075	0.034932694689900075	NKG7;GNLY;GZMB;PRF1	CD4		0.0	0.0	0.0	0.0	0.0	0.2775073179998363
infection_study_03	T_NK_lineage	3	Treg	6	24218	0.8618229301155489	0.8618229301155489	0.02291683871500537	0.5	0.018256049219588736	0.5182560492195888	0.0	0.0	0.0	0.998472210752333	0.21608307870179205	0.02291683871500537	0.0004954992154595756	0.020728383846725575	0.41401821917408976	1.0	0.9060099925675117	0.04847633991246181	0.02475431497233463	NKG7;GNLY;GZMB;CD8A	CCR7;TCF7		0.0	0.0	0.0	0.0	0.0	0.0
infection_study_03	T_NK_lineage	3	CD4 Naive / T Central Memory	7	24218	0.6010001716302866	0.6010001716302866	0.08188124535469485	0.5	0.3408415228342555	0.6	0.0	0.0	0.0	0.9986786687587744	0.2819844743579155	0.08188124535469485	0.0025187876785861757	0.04376909736559584	0.18319597925186493	1.0	0.7540094144850937	0.7954001156164836	0.6814765876620695	NKG7;GNLY;GZMB;PRF1;FOXP3	CD8A;CD8B		0.0	0.0	0.0	0.0	0.0	0.0
infection_study_03	T_NK_lineage	3	gdT Cell	8	24218	0.9031367367670731	0.9031367367670731	0.2246360172951069	0.020390618548187297	0.44480345197786764	0.46519407052605494	0.0	0.0	0.0	0.9985547939549095	0.36156302474743307	0.204682467586093	0.021760673878933025	0.13056404327359816	1.0798141988360557	0.04153935089602775	0.020934841853167067	1.0	0.965356346519118	MS4A1;LST1	NKG7;GNLY		0.0	0.0	0.0	0.0	0.0	0.0
infection_study_03	T_NK_lineage	3	MAIT Cell	9	24218	0.7189434223079171	0.7189434223079171	0.18399537534065571	0.020390618548187297	0.443073333883888	0.4634639524320753	0.0	0.0	0.0	0.9986786687587744	0.34879605488243687	0.18399537534065571	0.0002477496077297878	0.1837476257329259	0.5687741006006418	0.04153935089602775	0.020934841853167067	1.0	0.9538222258925867	MS4A1;LST1	NKG7;GNLY;GZMB		0.0	0.0	0.0	0.0	0.0	0.0
infection_study_03	T_NK_lineage	4	NKT Cell	1	15652	0.9189665382789657	1.0	1.0	0.024157935088167645	0.12097176079734219	0.14512969588550984	0.8548703041144902	0.8548703041144902	0.0	1.0	0.590129969698076	1.0	0.4798747763864043	1.0	1.020901394499592	0.04925888065422949	0.024725274725274728	0.3142729363659596	0.17793253258369537	MS4A1;LST1	CD8A;CD8B		0.0	0.0	0.0	0.0	0.0	0.8548703041144902
infection_study_03	T_NK_lineage	4	NK Cell	2	15652	0.9652201274393535	1.0	1.0	0.2835034500383337	0.12097176079734219	0.4044752108356759	0.595524789164324	0.595524789164324	0.0	1.0	0.9526098901098902	1.0	1.0	1.0	1.4869697330453466	0.6474571939688218	0.17031689240991565	0.3142729363659596	0.17793253258369537	CD3D;CD3E;TRAC;MS4A1;LST1	CD8A;CD8B		0.0	0.0	0.0	0.0	0.0	0.595524789164324
infection_study_03	T_NK_lineage	4	MAIT Cell	3	15652	0.5427602943382106	0.8119729108101201	1.0	0.024157935088167645	0.4494154101712241	0.47357334525939176	0.5264266547406082	0.5264266547406082	0.0	0.9375159723996933	0.23441093789931	0.8119729108101201	0.0049833887043189366	0.8115895732174802	2.409938392825903	0.04925888065422949	0.024725274725274728	1.0	0.9961027344748276	MS4A1;LST1	NKG7;GNLY;GZMB		0.0	0.0	0.0	0.0	0.0	0.5264266547406082
infection_study_03	T_NK_lineage	4	CD8 Cytotoxic / T Effector Memory	4	15652	0.9178207901487307	1.0	1.0	0.04313090978788653	0.43396690518783543	0.47709781497572196	0.5229021850242781	0.5229021850242781	0.0	1.0	0.7085588829774875	1.0	0.9983388704318937	1.0	1.3615466844603012	0.09749552772808587	0.0276482238691541	0.9919499105545617	0.9092128801431127	CCR7;TCF7;LEF1;MS4A1	KLRD1;FCGR3A		0.0	0.0	0.0	0.0	0.0	0.5229021850242781
infection_study_03	T_NK_lineage	4	CD4 T Effector Memory	5	15652	0.7185271028962225	0.9207130079223103	0.9771947941730619	0.0414068489649885	0.4493627012522361	0.49076955021722457	0.4864252439558373	0.4864252439558373	0.0	0.9989777664196269	0.38667404946474715	0.9207130079223103	0.0787758752875032	0.9065295169946332	1.2259271450030063	0.09372604140046001	0.026322514694607713	1.0	0.9957513416815742	CCR7;TCF7;LEF1;FOXP3	NKG7;GNLY;GZMB;PRF1		0.0	0.0	0.0	0.0	0.0	0.4864252439558373
infection_study_03	T_NK_lineage	4	gdT Cell	6	15652	0.5573542804748128	0.5573542804748128	0.7460388448760542	0.024157935088167645	0.44984187324303604	0.4739998083312037	0.2720390365448505	0.2720390365448505	0.0	0.7830948121645797	0.22164366641110825	0.49603884487605415	0.09832609251213903	0.38921543572706363	2.545284372794105	0.04925888065422949	0.024725274725274728	1.0	0.9989458216202403	MS4A1;LST1	NKG7;GNLY		0.0	0.0	0.0	0.0	0.0	0.2720390365448505
infection_study_03	T_NK_lineage	4	CD8 Naive / T Central Memory	7	15652	0.47281515418120756	0.47281515418120756	0.34487605417837974	0.5	0.00379504216713519	0.5037950421671352	0.0	0.0	0.0	0.8291592128801432	0.18625237811284323	0.34487605417837974	0.024150268336314847	0.29919499105545616	0.4904511771062763	1.0	0.9957513416815742	0.0084334270380782	0.0084334270380782	NKG7;GNLY;GZMB;PRF1	CD4		0.0	0.0	0.0	0.0	0.0	0.0
infection_study_03	T_NK_lineage	4	CD4 Naive / T Central Memory	8	15652	0.3734257559850264	0.3734257559850264	0.07347303858931765	0.5	0.12097176079734219	0.6	0.0	0.0	0.0	0.790186557628418	0.15224891387682085	0.07347303858931765	0.005558395093278814	0.05775619729108101	0.1664314081341235	1.0	0.796882187579862	0.3142729363659596	0.17793253258369537	NKG7;GNLY;GZMB;PRF1;FOXP3	CD8A;CD8B		0.0	0.0	0.0	0.0	0.0	0.0
infection_study_03	T_NK_lineage	4	Treg	9	15652	0.5473255053429591	0.5473255053429591	0.009647329414771276	0.5	0.02526194735497061	0.5252619473549706	0.0	0.0	0.0	0.7936365959621774	0.13054561717352417	0.009647329414771276	0.00038333759263991824	0.006388959877331971	0.24711827299874378	1.0	0.8218757986199847	0.06650907232302582	0.03539483772041911	NKG7;GNLY;GZMB;CD8A	CCR7;TCF7		0.0	0.0	0.0	0.0	0.0	0.0
infection_study_03	T_NK_lineage	5	NKT Cell	1	25968	0.5924754808353911	0.9418515095502157	0.9418515095502157	0.04116990141712878	0.12551698243992607	0.16668688385705485	0.7751646256931608	0.7751646256931608	0.0	0.9997689463955638	0.3580670715606021	0.9418515095502157	0.15850277264325324	0.9275646950092421	0.9621252806498584	0.08379544054220579	0.04239833641404806	0.2941697473813925	0.24844038817005543	MS4A1;LST1	CD8A;CD8B		0.0	0.0	0.0	0.0	0.0	0.7751646256931608
infection_study_03	T_NK_lineage	5	CD4 Naive / T Central Memory	2	25968	0.9057912078906638	0.9057912078906638	0.9761462638089224	0.1213673752310536	0.12551698243992607	0.24688435767097966	0.7292619061379428	0.7292619061379428	0.0	1.0	0.68284426987061	0.7962877387553913	0.4121226124460875	0.5717036352433764	1.60760415566699	0.2798059149722736	0.06836876155268021	0.2941697473813925	0.24844038817005543	NKG7;GNLY;GZMB;PRF1;FOXP3	CD8A;CD8B		0.0	0.0	0.0	0.0	0.0	0.7292619061379428
infection_study_03	T_NK_lineage	5	CD8 Naive / T Central Memory	3	25968	0.8926676758321364	0.8926676758321364	0.8571992243731161	0.11866431762168823	0.10536044362292052	0.22402476124460874	0.6331744631285074	0.6331744631285074	0.0	1.0	0.6201179229136715	0.7813077634011091	0.4168977202711029	0.5717036352433764	1.0936151353236414	0.26567313616759086	0.08049329944547134	0.2341343191620456	0.2341343191620456	NKG7;GNLY;GZMB;PRF1	CD4		0.0	0.0	0.0	0.0	0.0	0.6331744631285074
infection_study_03	T_NK_lineage	5	MAIT Cell	4	25968	0.8693101080961563	0.8693101080961563	0.12399876771410967	0.04116990141712878	0.08225123228589033	0.1234211337030191	0.0005776340110905664	0.0005776340110905664	0.0	1.0	0.4438814805034768	0.12399876771410967	0.002233518176216882	0.12295902649414664	0.39287033752404416	0.08379544054220579	0.04239833641404806	0.23024491682070242	0.08785171493119737	MS4A1;LST1	NKG7;GNLY;GZMB		0.0	0.0	0.0	0.0	0.0	0.0005776340110905664
infection_study_03	T_NK_lineage	5	NK Cell	5	25968	0.14127182681112474	0.22901263093037585	0.22901263093037585	0.4808168515095502	0.12551698243992607	0.6	0.0	0.0	0.0	0.3426139864448552	0.05608826247689464	0.22901263093037585	0.033541281577325936	0.14529420825631548	0.35188569109802664	0.9996534195933456	0.4588570548367222	0.2941697473813925	0.24844038817005543	CD3D;CD3E;TRAC;MS4A1;LST1	CD8A;CD8B		0.0	0.0	0.0	0.0	0.0	0.0
infection_study_03	T_NK_lineage	5	Treg	6	25968	0.846222742095343	0.846222742095343	0.25113945684028616	0.17412777264325324	0.29576305452865065	0.4698908271719039	0.0	0.0	0.0	0.999730437461491	0.23997612446087496	0.11333179297597043	0.012746457178065312	0.06916204559457795	1.5512306554572628	0.38647566235366604	0.12394100431300062	0.7255468268638324	0.5206600431300061	NKG7;GNLY;GZMB;CD8A	CCR7;TCF7		0.0	0.0	0.0	0.0	0.0	0.0
infection_study_03	T_NK_lineage	5	CD4 T Effector Memory	7	25968	0.7141141944431989	0.7141141944431989	0.39902957486136786	0.3972015557609365	0.09177593576709796	0.4889774915280345	0.0	0.0	0.0	1.0	0.4483766344903128	0.39902957486136786	0.09041897720271103	0.2341343191620456	0.5387702274098302	0.8218191620455946	0.38595579174368455	0.26567313616759086	0.08049329944547134	CCR7;TCF7;LEF1;FOXP3	NKG7;GNLY;GZMB;PRF1		0.0	0.0	0.0	0.0	0.0	0.0
infection_study_03	T_NK_lineage	5	gdT Cell	8	25968	0.8234237459005874	0.8234237459005874	0.025338878619839803	0.04116990141712878	0.08315908040665435	0.12432898182378313	0.0	0.0	0.0	0.9996534195933456	0.32479718628055043	0.025338878619839803	0.000885705483672212	0.011437153419593346	0.17774820335220928	0.08379544054220579	0.04239833641404806	0.21684380776340112	0.12070625385089341	MS4A1;LST1	NKG7;GNLY		0.0	0.0	0.0	0.0	0.0	0.0
infection_study_03	T_NK_lineage	5	CD8 Cytotoxic / T Effector Memory	9	25968	0.5761389061120483	0.5761389061120483	0.37577017868145407	0.39479147412199633	0.012185189463955637	0.40697666358595197	0.0	0.0	0.0	0.9998459642637092	0.27949434268750345	0.37577017868145407	0.08961028958718423	0.23220887245841035	0.5200436710370216	0.8166974738139249	0.38384742760320395	0.032463031423290205	0.01630853357979051	CCR7;TCF7;LEF1;MS4A1	KLRD1;FCGR3A		0.0	0.0	0.0	0.0	0.0	0.0
infection_study_03	T_NK_lineage	6	NKT Cell	1	1215	0.9449747115915385	0.9975308641975309	1.0	0.03213168724279835	0.1506172839506173	0.18274897119341565	0.8172510288065844	0.8172510288065844	0.0	1.0	0.6203409758965314	0.9975308641975309	0.5407407407407407	0.9958847736625515	1.01840560817885	0.06502057613168724	0.033744855967078186	0.3860082304526749	0.23209876543209879	MS4A1;LST1	CD8A;CD8B		0.0	0.0	0.0	0.0	0.0	0.8172510288065844
infection_study_03	T_NK_lineage	6	CD8 Cytotoxic / T Effector Memory	2	1215	0.9257041866966427	0.9983539094650206	1.0	0.10112757201646091	0.4091358024691358	0.5102633744855967	0.48973662551440333	0.48973662551440333	0.0	1.0	0.7201646090534979	0.9983539094650206	0.9860082304526749	0.9958847736625515	1.3593276457373085	0.22633744855967078	0.06872427983539095	0.951440329218107	0.8246913580246913	CCR7;TCF7;LEF1;MS4A1	KLRD1;FCGR3A		0.0	0.0	0.0	0.0	0.0	0.48973662551440333
infection_study_03	T_NK_lineage	6	NK Cell	3	1215	0.9501669143193777	0.9975308641975309	1.0	0.3685135802469136	0.1506172839506173	0.519130864197531	0.48086913580246904	0.48086913580246904	0.0	0.9991769547325103	0.8744855967078189	0.9975308641975309	0.9917695473251029	0.9958847736625515	1.4833345546245047	0.8238683127572016	0.2520164609053498	0.3860082304526749	0.23209876543209879	CD3D;CD3E;TRAC;MS4A1;LST1	CD8A;CD8B		0.0	0.0	0.0	0.0	0.0	0.48086913580246904
infection_study_03	T_NK_lineage	6	MAIT Cell	4	1215	0.6497930386137221	0.6946502057613169	0.9446502057613169	0.03213168724279835	0.44320987654320987	0.4753415637860082	0.46930864197530864	0.46930864197530864	0.0	0.9777777777777777	0.28830099941211046	0.6946502057613169	0.0024691358024691358	0.6946502057613169	2.0659605225958035	0.06502057613168724	0.033744855967078186	0.9983539094650206	0.9580246913580247	MS4A1;LST1	NKG7;GNLY;GZMB		0.0	0.0	0.0	0.0	0.0	0.46930864197530864
infection_study_03	T_NK_lineage	6	CD4 T Effector Memory	5	1215	0.8513898187676946	0.9604938271604938	1.0	0.09799176954732511	0.4425617283950617	0.5405534979423868	0.45944650205761317	0.45944650205761317	0.0	0.9991769547325103	0.44508459076360307	0.9604938271604938	0.17366255144032922	0.928395061728395	1.278326096924196	0.21975308641975308	0.06584362139917696	0.9983539094650206	0.9537037037037037	CCR7;TCF7;LEF1;FOXP3	NKG7;GNLY;GZMB;PRF1		0.0	0.0	0.0	0.0	0.0	0.45944650205761317
infection_study_03	T_NK_lineage	6	gdT Cell	6	1215	0.7497259327178352	0.7497259327178352	0.8096707818930041	0.03213168724279835	0.4474074074074074	0.4795390946502058	0.33013168724279834	0.33013168724279834	0.0	0.8946502057613168	0.29739368998628257	0.5596707818930041	0.13662551440329218	0.44609053497942386	2.8653415710503602	0.06502057613168724	0.033744855967078186	0.9975308641975309	0.9876543209876543	MS4A1;LST1	NKG7;GNLY		0.0	0.0	0.0	0.0	0.0	0.33013168724279834
infection_study_03	T_NK_lineage	6	CD8 Naive / T Central Memory	7	1215	0.5650007189917416	0.5650007189917416	0.46255144032921813	0.5	0.013703703703703704	0.5137037037037037	0.0	0.0	0.0	0.934156378600823	0.2652034750800183	0.46255144032921813	0.07983539094650206	0.3506172839506173	0.6530826958424041	0.9983539094650206	0.9537037037037037	0.030452674897119343	0.030452674897119343	NKG7;GNLY;GZMB;PRF1	CD4		0.0	0.0	0.0	0.0	0.0	0.0
infection_study_03	T_NK_lineage	6	CD4 Naive / T Central Memory	8	1215	0.5255721396111879	0.5255721396111879	0.19588477366255144	0.5	0.1506172839506173	0.6	0.0	0.0	0.0	0.9218106995884774	0.23045267489711932	0.19588477366255144	0.027983539094650206	0.14320987654320988	0.41050012522748686	0.9983539094650206	0.763127572016461	0.3860082304526749	0.23209876543209879	NKG7;GNLY;GZMB;PRF1;FOXP3	CD8A;CD8B		0.0	0.0	0.0	0.0	0.0	0.0
infection_study_03	T_NK_lineage	6	Treg	9	1215	0.670571899947274	0.670571899947274	0.013991769547325103	0.5	0.0665432098765432	0.5665432098765432	0.0	0.0	0.0	0.9004115226337449	0.16962962962962963	0.013991769547325103	0.0	0.006584362139917695	0.30176135043887603	0.9983539094650206	0.8061728395061729	0.1728395061728395	0.09794238683127572	NKG7;GNLY;GZMB;CD8A	CCR7;TCF7		0.0	0.0	0.0	0.0	0.0	0.0
infection_study_03	T_NK_lineage	7	NKT Cell	1	10132	0.8400320685778961	0.9989143308330043	1.0	0.08507106198183972	0.28611330438215554	0.37118436636399527	0.6288156336360047	0.6288156336360047	0.0	1.0	0.6839997744064069	0.9989143308330043	0.9238057639163048	0.9928938018160284	1.0198040072059769	0.17193051717331229	0.08971575207264114	0.6695617844453218	0.5682984603237268	MS4A1;LST1	CD8A;CD8B		0.0	0.0	0.0	0.0	0.0	0.6288156336360047
infection_study_03	T_NK_lineage	7	CD8 Cytotoxic / T Effector Memory	2	10132	0.7962632530278829	0.9988156336360048	1.0	0.19411517962889854	0.2669487761547572	0.4610639557836558	0.5389360442163442	0.5389360442163442	0.0	1.0	0.7825521300649606	0.9988156336360048	0.9199565732333201	0.9928938018160284	1.3599500804047726	0.4260757994472957	0.14639261744966445	0.6615673114883537	0.45652388472167393	CCR7;TCF7;LEF1;MS4A1	KLRD1;FCGR3A		0.0	0.0	0.0	0.0	0.0	0.5389360442163442
infection_study_03	T_NK_lineage	7	CD4 T Effector Memory	3	10132	0.9379471471490044	0.9954599289380182	1.0	0.17724585471772603	0.411378553099092	0.588624407816818	0.411375592183182	0.411375592183182	0.0	0.9999013028030004	0.6515330964600605	0.9954599289380182	0.5857678641926569	0.9885511251480458	1.324383144541589	0.39093959731543626	0.1304036715357284	0.9983221476510067	0.7458793920252665	CCR7;TCF7;LEF1;FOXP3	NKG7;GNLY;GZMB;PRF1		0.0	0.0	0.0	0.0	0.0	0.411375592183182
infection_study_03	T_NK_lineage	7	NK Cell	4	10132	0.7423512421548724	0.9972364784840111	1.0	0.4891504145282274	0.28611330438215554	0.6	0.4	0.4	0.0	0.9990130280300039	0.6009055467824713	0.9972364784840111	0.8633043821555468	0.9928938018160284	1.4829011460642623	0.9988156336360048	0.49818397157520733	0.6695617844453218	0.5682984603237268	CD3D;CD3E;TRAC;MS4A1;LST1	CD8A;CD8B		0.0	0.0	0.0	0.0	0.0	0.4
infection_study_03	T_NK_lineage	7	MAIT Cell	5	10132	0.8568116349872206	0.8568116349872206	0.7132703717210599	0.08507106198183972	0.41213482037110144	0.49720588235294116	0.21606448936811873	0.21606448936811873	0.0	0.9996052112120016	0.5093339349162483	0.5516186340307935	0.10876431109356494	0.547769443347809	1.6466069507610657	0.17193051717331229	0.08971575207264114	0.9971377812870115	0.7532899065666535	MS4A1;LST1	NKG7;GNLY;GZMB		0.0	0.0	0.0	0.0	0.0	0.21606448936811873
infection_study_03	T_NK_lineage	7	CD8 Naive / T Central Memory	6	10132	0.7454831083327278	0.7454831083327278	0.7420029949700628	0.5	0.042637189103829444	0.5426371891038294	0.19936580586623343	0.19936580586623343	0.0	0.999506514015002	0.5163837347019345	0.7347019344650612	0.21585076983813659	0.6339320963284643	1.029204242020007	0.9983221476510067	0.7458793920252665	0.094749309119621	0.094749309119621	NKG7;GNLY;GZMB;PRF1	CD4		0.0	0.0	0.0	0.0	0.0	0.19936580586623343
infection_study_03	T_NK_lineage	7	CD4 Naive / T Central Memory	7	10132	0.6732924719245321	0.6732924719245321	0.36764705882352944	0.5	0.28611330438215554	0.6	0.0	0.0	0.0	0.999506514015002	0.4228878799842085	0.36764705882352944	0.06563363600473747	0.27684563758389263	0.7529656622054922	0.9983221476510067	0.5978681405448085	0.6695617844453218	0.5682984603237268	NKG7;GNLY;GZMB;PRF1;FOXP3	CD8A;CD8B		0.0	0.0	0.0	0.0	0.0	0.0
infection_study_03	T_NK_lineage	7	Treg	8	10132	0.8007302791388798	0.8007302791388798	0.037406237662850374	0.5	0.11684514409790762	0.6	0.0	0.0	0.0	0.9990130280300039	0.23546190288195815	0.037406237662850374	0.0017765495459928938	0.02161468614291354	0.5962615749601085	0.9990130280300039	0.7234504540071063	0.3028030003947888	0.17336162652980658	NKG7;GNLY;GZMB;CD8A	CCR7;TCF7		0.0	0.0	0.0	0.0	0.0	0.0
infection_study_03	T_NK_lineage	7	gdT Cell	9	10132	0.8505722555775979	0.8505722555775979	0.501394220181558	0.08507106198183972	0.43032471377812864	0.5153957757599683	0.0	0.0	0.0	0.9992104224240032	0.40242137123305705	0.3272799052506909	0.06938412949072247	0.14834188709040663	1.6964572597234682	0.17193051717331229	0.08971575207264114	0.9968416896960126	0.8751480457954994	MS4A1;LST1	NKG7;GNLY		0.0	0.0	0.0	0.0	0.0	0.0
infection_study_03	T_NK_lineage	8	NKT Cell	1	11953	0.8929135246212151	0.9999163389943947	1.0	0.02925207060988873	0.3342152597674224	0.3634673303773111	0.636532669622689	0.636532669622689	0.0	1.0	0.6630851788552784	0.9999163389943947	0.9185978415460554	0.999414372960763	1.0208168305022773	0.05956663599096461	0.030076131515100808	0.7765414540282775	0.6750188237262612	MS4A1;LST1	CD8A;CD8B		0.0	0.0	0.0	0.0	0.0	0.636532669622689
infection_study_03	T_NK_lineage	8	CD8 Cytotoxic / T Effector Memory	2	11953	0.9164376974328129	0.9998326779887894	1.0	0.08926085501547729	0.32031707521124403	0.4095779302267213	0.5904220697732787	0.5904220697732787	0.0	1.0	0.8611075196032947	0.9998326779887894	0.9286371622186899	0.999414372960763	1.3613211233418845	0.2007864134526897	0.058918263197523635	0.7911821300092027	0.5530829080565549	CCR7;TCF7;LEF1;MS4A1	KLRD1;FCGR3A		0.0	0.0	0.0	0.0	0.0	0.5904220697732787
infection_study_03	T_NK_lineage	8	CD4 T Effector Memory	3	11953	0.8950704998461513	0.9992470509495525	1.0	0.08308499958169496	0.42415188655567637	0.5072368861373713	0.4927631138626287	0.4927631138626287	0.0	1.0	0.5227325543564145	0.9992470509495525	0.21032376809169245	0.9986614239103154	1.3293715089846116	0.18714966953902787	0.05440056889483812	0.9998326779887894	0.8280138877269305	CCR7;TCF7;LEF1;FOXP3	NKG7;GNLY;GZMB;PRF1		0.0	0.0	0.0	0.0	0.0	0.4927631138626287
infection_study_03	T_NK_lineage	8	NK Cell	4	11953	0.7878518227600315	0.9997490169831842	1.0	0.4743890236760646	0.3342152597674224	0.6	0.4	0.4	0.0	1.0	0.7041014807997992	0.9997490169831842	0.8932485568476534	0.999414372960763	1.4866002239864222	0.9871998661423911	0.45115033882707267	0.7765414540282775	0.6750188237262612	CD3D;CD3E;TRAC;MS4A1;LST1	CD8A;CD8B		0.0	0.0	0.0	0.0	0.0	0.4
infection_study_03	T_NK_lineage	8	CD8 Naive / T Central Memory	5	11953	0.7561906735174467	0.7624027440809839	0.7792746776576984	0.5	0.0365933238517527	0.5365933238517527	0.2426813538059457	0.2426813538059457	0.0	0.9951476616748933	0.447986093681735	0.7624027440809839	0.09119049610976324	0.7345436292144232	1.067487734306858	0.9998326779887894	0.8280138877269305	0.08131849744833933	0.08131849744833933	NKG7;GNLY;GZMB;PRF1	CD4		0.0	0.0	0.0	0.0	0.0	0.2426813538059457
infection_study_03	T_NK_lineage	8	Treg	6	11953	0.8810602113062611	0.8810602113062611	0.02777545386095541	0.5	0.04464360411612148	0.5446436041161214	0.0	0.0	0.0	0.9917175604450765	0.22488078306701248	0.02777545386095541	0.0007529490504475864	0.021500878440558854	0.47512843719334064	0.9998326779887894	0.7884213168242282	0.1172927298586129	0.06303856772358403	NKG7;GNLY;GZMB;CD8A	CCR7;TCF7		0.0	0.0	0.0	0.0	0.0	0.0
infection_study_03	T_NK_lineage	8	CD4 Naive / T Central Memory	7	11953	0.6115666443495753	0.6115666443495753	0.1881536016062913	0.5	0.3342152597674224	0.6	0.0	0.0	0.0	0.9906299673722078	0.30307035890571404	0.1881536016062913	0.017401489165899776	0.10491090102903036	0.3950854491405039	0.9998326779887894	0.6630469338241446	0.7765414540282775	0.6750188237262612	NKG7;GNLY;GZMB;PRF1;FOXP3	CD8A;CD8B		0.0	0.0	0.0	0.0	0.0	0.0
infection_study_03	T_NK_lineage	8	gdT Cell	8	11953	0.910316217206632	0.910316217206632	0.2700439453098814	0.02925207060988873	0.4266397557098637	0.4558918263197524	0.0	0.0	0.0	0.990964611394629	0.3579296689812878	0.22479712206140717	0.019325692294821385	0.14088513343930395	1.180987292993897	0.05956663599096461	0.030076131515100808	0.9995816949719736	0.8451016481218104	MS4A1;LST1	NKG7;GNLY		0.0	0.0	0.0	0.0	0.0	0.0
infection_study_03	T_NK_lineage	8	MAIT Cell	9	11953	0.7447703014662793	0.7447703014662793	0.20915251401321844	0.02925207060988873	0.4208566886973981	0.45010875930728683	0.0	0.0	0.0	0.9926378315067347	0.3661005605287375	0.20915251401321844	0.0018405421233163223	0.20856688697398143	0.6425321935296426	0.05956663599096461	0.030076131515100808	0.9996653559775789	0.8063805460274965	MS4A1;LST1	NKG7;GNLY;GZMB		0.0	0.0	0.0	0.0	0.0	0.0
infection_study_03	T_NK_lineage	9	NKT Cell	1	14010	0.5996317679929617	0.9535331905781584	0.9535331905781584	0.05460599571734476	0.06539614561027837	0.12000214132762313	0.8335310492505353	0.8335310492505353	0.0	0.9995003568879371	0.38078923218109517	0.9535331905781584	0.19000713775874375	0.939329050678087	0.9739330474335477	0.11099214846538187	0.056495360456816565	0.15603140613847252	0.12391149179157745	MS4A1;LST1	CD8A;CD8B		0.0	0.0	0.0	0.0	0.0	0.8335310492505353
infection_study_03	T_NK_lineage	9	CD4 Naive / T Central Memory	2	14010	0.9223867742628789	0.9223867742628789	1.0	0.15584154175588866	0.06539614561027837	0.22123768736616703	0.778762312633833	0.778762312633833	0.0	1.0	0.7308708065667382	0.8661670235546038	0.5428979300499643	0.6784439685938616	1.7469318711196145	0.35560314061384724	0.09414703783012134	0.15603140613847252	0.12391149179157745	NKG7;GNLY;GZMB;PRF1;FOXP3	CD8A;CD8B		0.0	0.0	0.0	0.0	0.0	0.778762312633833
infection_study_03	T_NK_lineage	9	CD8 Naive / T Central Memory	3	14010	0.8961745000688067	0.8961745000688067	0.940553749717355	0.15264132762312635	0.1532762312633833	0.3059175588865096	0.6346361908308453	0.6346361908308453	0.0	1.0	0.6347291617098898	0.8104925053533191	0.45353319057815844	0.6784439685938616	1.1339494742441523	0.33768736616702355	0.11054603854389722	0.34061384725196286	0.34061384725196286	NKG7;GNLY;GZMB;PRF1	CD4		0.0	0.0	0.0	0.0	0.0	0.6346361908308453
infection_study_03	T_NK_lineage	9	MAIT Cell	4	14010	0.8984037610226072	0.8984037610226072	0.2435403283369022	0.05460599571734476	0.10021413276231263	0.15482012847965737	0.08872019985724483	0.08872019985724483	0.0	0.9999286224125624	0.47674110329356584	0.2435403283369022	0.01006423982869379	0.23875802997858672	0.7433536596559855	0.11099214846538187	0.056495360456816565	0.2788722341184868	0.11034975017844396	MS4A1;LST1	NKG7;GNLY;GZMB		0.0	0.0	0.0	0.0	0.0	0.08872019985724483
infection_study_03	T_NK_lineage	9	NK Cell	5	14010	0.14127182681112474	0.27715917201998574	0.27715917201998574	0.48610021413276233	0.06539614561027837	0.5514963597430407	0.0	0.0	0.0	0.4226980728051392	0.07479478943611706	0.27715917201998574	0.049964311206281226	0.1814418272662384	0.42276930431691184	0.9993576017130621	0.4833832976445397	0.15603140613847252	0.12391149179157745	CD3D;CD3E;TRAC;MS4A1;LST1	CD8A;CD8B		0.0	0.0	0.0	0.0	0.0	0.0
infection_study_03	T_NK_lineage	9	Treg	6	14010	0.8590884421690976	0.8590884421690976	0.31835594260366684	0.1575142755174875	0.3278104925053533	0.48532476802284086	0.0	0.0	0.0	0.9995717344753747	0.2590221270521057	0.12955032119914348	0.019271948608137045	0.0681655960028551	1.7552224856180934	0.35003568879371877	0.11136688079942898	0.792005710206995	0.6013918629550321	NKG7;GNLY;GZMB;CD8A	CCR7;TCF7		0.0	0.0	0.0	0.0	0.0	0.0
infection_study_03	T_NK_lineage	9	CD4 T Effector Memory	7	14010	0.7651734316316166	0.7651734316316166	0.5271948608137045	0.4394093504639543	0.11788811563169165	0.5572974660956459	0.0	0.0	0.0	1.0	0.5031326830042033	0.5271948608137045	0.15196288365453248	0.34061384725196286	0.7075884364158413	0.8836545324768023	0.4710028551034975	0.33768736616702355	0.11054603854389722	CCR7;TCF7;LEF1;FOXP3	NKG7;GNLY;GZMB;PRF1		0.0	0.0	0.0	0.0	0.0	0.0
infection_study_03	T_NK_lineage	9	gdT Cell	8	14010	0.818140702818293	0.818140702818293	0.032548179871520345	0.05460599571734476	0.10242505353319058	0.15703104925053535	0.0	0.0	0.0	0.9992862241256245	0.3285867237687366	0.032548179871520345	0.001998572448251249	0.015417558886509636	0.21400969197204425	0.11099214846538187	0.056495360456816565	0.26502498215560316	0.15278372591006423	MS4A1;LST1	NKG7;GNLY		0.0	0.0	0.0	0.0	0.0	0.0
infection_study_03	T_NK_lineage	9	CD8 Cytotoxic / T Effector Memory	9	14010	0.5622693234828888	0.5622693234828888	0.3373304782298358	0.43900178443968596	0.015208779443254817	0.4542105638829408	0.0	0.0	0.0	0.9995003568879371	0.27750308221400305	0.3373304782298358	0.07665952890792291	0.1814418272662384	0.4682244168770731	0.8827266238401142	0.4707530335474661	0.04039971448965025	0.02059243397573162	CCR7;TCF7;LEF1;MS4A1	KLRD1;FCGR3A		0.0	0.0	0.0	0.0	0.0	0.0
infection_study_03	Myeloid_lineage	0	Neutrophil	1	19475	0.9335589781967687	0.999178433889602	1.0	0.01174257595207531	0.4446469833119383	0.4563895592640136	0.5436104407359864	0.5436104407359864	0.0	0.9996405648267009	0.5911852802738554	0.999178433889602	0.9976893453145058	0.9985622593068036	1.0487414525236003	0.02582798459563543	0.008763371844244758	0.9981514762516046	0.9680102695763799	CD3D;MS4A1;CD79A	FCN1;LST1		0.0	0.0	0.0	0.0	0.0	0.5436104407359864
infection_study_03	Myeloid_lineage	0	Intermediate Monocyte	2	19475	0.9193956139957541	0.9987163029525032	1.0	0.1524556268720582	0.3667355584082156	0.5191911852802737	0.48080881471972625	0.48080881471972625	0.0	0.9997946084724005	0.8854086435601197	0.9987163029525032	0.9606161745827985	0.9950192554557125	1.0361673831980163	0.33504492939666236	0.11426615318784766	0.9647240051347882	0.5154557124518613	CD1C;CLEC4C;NKG7	VCAN;FCGR3A		0.0	0.0	0.0	0.0	0.0	0.48080881471972625
infection_study_03	Myeloid_lineage	0	Classical Monocyte	3	19475	0.9428904086501665	0.9992811296534018	1.0	0.20973170731707316	0.42647753530166876	0.6	0.4	0.4	0.0	0.9997432605905007	0.9739281129653401	0.9992811296534018	0.9979460847240051	0.9985622593068036	1.0566389659156161	0.47553273427471116	0.13195121951219513	0.9477278562259307	0.9477278562259307	FCGR3A;MS4A7;CD1C;CLEC4C	HLA-DRA		0.0	0.0	0.0	0.0	0.0	0.4
infection_study_03	Myeloid_lineage	0	Eosinophil	4	19475	0.43698307972767997	0.4872400513478819	0.4872400513478819	0.45417098844672654	0.0	0.45417098844672654	0.033069062901155355	0.033069062901155355	0.0	0.4901155327342747	0.08735986307231491	0.4872400513478819	0.03152759948652118	0.48005134788189985	0.987030644234015	0.9987163029525032	0.3393581514762516	0.0	0.0	S100A8;CD3D;MS4A1			0.0	0.0	0.0	0.0	0.0	0.033069062901155355
infection_study_03	Myeloid_lineage	0	Non-Classical Monocyte	5	19475	0.7603809264633802	0.7603809264633802	0.5054172015404365	0.5	0.14485879332477533	0.6	0.0	0.0	0.0	0.9909114249037227	0.4088318356867779	0.5054172015404365	0.08210526315789474	0.43137355584082154	0.9861015874705928	0.9993324775353016	0.7459563543003851	0.38069319640564825	0.20433889602053915	S100A8;S100A9;VCAN;CD1C	NKG7;GNLY		0.0	0.0	0.0	0.0	0.0	0.0
infection_study_03	Myeloid_lineage	0	Basophil	6	19475	0.48352658491292466	0.48352658491292466	0.0012323491655969192	0.4284864356011981	0.00745186136071887	0.43593829696191694	0.0	0.0	0.0	0.04580231065468549	0.008095849379546426	0.0012323491655969192	0.0005648267008985879	0.0010783055198973041	0.6388517303611073	0.9422336328626444	0.3201711596063329	0.019871630295250322	0.009935815147625161	CD3D;MS4A1;LST1	CLEC4C;FCER1A		0.0	0.0	0.0	0.0	0.0	0.0
infection_study_03	Myeloid_lineage	0	Mast Cell	7	19475	0.49795744496620736	0.49795744496620736	0.0018485237483953788	0.4284864356011981	0.0	0.4284864356011981	0.0	0.0	0.0	0.0023106546854942235	0.0007958921694480103	0.0018485237483953788	0.0007702182284980744	0.0010783055198973041	0.6291548227456145	0.9422336328626444	0.3201711596063329	0.0	0.0	CD3D;MS4A1;LST1			0.0	0.0	0.0	0.0	0.0	0.0
infection_study_03	Myeloid_lineage	0	Plasmacytoid DC	8	19475	0.20369113351753954	0.20369113351753954	0.11055198973042361	0.46943938382541717	0.12679332477535302	0.5962327086007702	0.0	0.0	0.0	0.4336328626444159	0.06369704749679075	0.11055198973042361	0.004980744544287548	0.06387676508344031	0.6125019809816947	0.9992811296534018	0.4077843388960206	0.35974326059050066	0.1258023106546855	CD3D;MS4A1;CD1C;FCN1;S100A8	MZB1;XBP1;PRDM1		0.0	0.0	0.0	0.0	0.0	0.0
infection_study_03	Myeloid_lineage	0	Conventional DC 1	9	19475	0.4128311420835917	0.4128311420835917	0.03948652118100129	0.4370441591784339	0.42647753530166876	0.6	0.0	0.0	0.0	0.2931450577663671	0.053136499786050485	0.03948652118100129	0.0	0.038305519897304234	0.45167141003381317	0.9989730423620026	0.26106546854942236	0.9477278562259307	0.9477278562259307	CD1C;FCER1A;CLEC4C;S100A8	HLA-DRA		0.0	0.0	0.0	0.0	0.0	0.0
infection_study_03	Myeloid_lineage	0	Conventional DC 2	10	19475	0.8879749017764508	0.8879749017764508	0.10531450577663672	0.4900069319640565	0.4446469833119383	0.6	0.0	0.0	0.0	0.9998973042362003	0.509602053915276	0.10531450577663672	0.006983311938382542	0.06813863928112965	0.7617323315605873	0.999178433889602	0.5014505776636714	0.9981514762516046	0.9680102695763799	CLEC4C;LILRA4;S100A8;S100A9	FCN1;LST1		0.0	0.0	0.0	0.0	0.0	0.0
infection_study_03	Myeloid_lineage	1	Neutrophil	1	9064	0.7877211672714959	0.9654677846425419	1.0	0.019680788467196234	0.4475838481906443	0.4672646366578405	0.5327353633421594	0.5327353633421594	0.0	0.9902912621359223	0.5149124742571344	0.9654677846425419	0.800639894086496	0.9250882612533098	1.013709238130538	0.04280670785525154	0.015519270373639307	1.0	0.983892321270962	CD3D;MS4A1;CD79A	FCN1;LST1		0.0	0.0	0.0	0.0	0.0	0.5327353633421594
infection_study_03	Myeloid_lineage	1	Intermediate Monocyte	2	9064	0.9390051473623826	1.0	1.0	0.14644160047072668	0.401602493380406	0.5480440938511326	0.4519559061488674	0.4519559061488674	0.0	1.0	0.9509598411297441	1.0	0.9982347749338041	0.9938217122683142	1.0374860146176041	0.32171226831421007	0.10995881141512209	0.9943733451015004	0.6886032656663725	CD1C;CLEC4C;NKG7	VCAN;FCGR3A		0.0	0.0	0.0	0.0	0.0	0.4519559061488674
infection_study_03	Myeloid_lineage	1	Non-Classical Monocyte	3	9064	0.9914687377752076	0.999558693733451	1.0	0.48214199029126215	0.14065809796999118	0.6	0.4	0.4	0.0	1.0	0.8969549867608121	0.999558693733451	0.9713150926743159	0.9901809355692851	1.9314982650170456	0.9635922330097088	0.5271679170344219	0.366946160635481	0.20382833186231245	S100A8;S100A9;VCAN;CD1C	NKG7;GNLY		0.0	0.0	0.0	0.0	0.0	0.4
infection_study_03	Myeloid_lineage	1	Classical Monocyte	4	9064	0.8055506162455024	0.983451015004413	1.0	0.48809907325684027	0.44721977052074136	0.6	0.4	0.4	0.0	1.0	0.8641328331862312	0.983451015004413	0.8099073256840247	0.9685569285083848	1.0400660651830154	0.999117387466902	0.49288393645189765	0.9938217122683142	0.9938217122683142	FCGR3A;MS4A7;CD1C;CLEC4C	HLA-DRA		0.0	0.0	0.0	0.0	0.0	0.4
infection_study_03	Myeloid_lineage	1	Conventional DC 1	5	9064	0.8542530294291824	0.8542530294291824	0.6810458958517212	0.3417988746690203	0.44721977052074136	0.6	0.08104589585172117	0.08104589585172117	0.0	0.6248896734333628	0.13195057369814653	0.4310458958517211	0.00033097969991173877	0.4306045895851721	4.025496577954088	0.7834289496910856	0.20043578993821715	0.9938217122683142	0.9938217122683142	CD1C;FCER1A;CLEC4C;S100A8	HLA-DRA		0.0	0.0	0.0	0.0	0.0	0.08104589585172117
infection_study_03	Myeloid_lineage	1	Plasmacytoid DC	6	9064	0.5463104127012597	0.5463104127012597	0.6007535669193437	0.45183848190644305	0.11665379523389231	0.5684922771403353	0.03226128977900833	0.03226128977900833	0.0	0.792144748455428	0.14287290379523387	0.3691526919682259	0.03331862312444837	0.2914827890556046	1.926403499804471	0.9815754633715799	0.35836275375110327	0.33075904677846424	0.11617387466902031	CD3D;MS4A1;CD1C;FCN1;S100A8	MZB1;XBP1;PRDM1		0.0	0.0	0.0	0.0	0.0	0.03226128977900833
infection_study_03	Myeloid_lineage	1	Basophil	7	9064	0.48352658491292466	0.48352658491292466	0.0005516328331862312	0.4549411591644601	0.0017790158870255954	0.4567201750514857	0.0	0.0	0.0	0.2921447484554281	0.048911444542512506	0.0005516328331862312	0.0	0.00033097969991173877	0.6001352695002218	0.9992277140335393	0.341975581053251	0.004633715798764342	0.002592674315975287	CD3D;MS4A1;LST1	CLEC4C;FCER1A		0.0	0.0	0.0	0.0	0.0	0.0
infection_study_03	Myeloid_lineage	1	Eosinophil	8	9064	0.43698307972767997	0.43698307972767997	0.11484995586937334	0.35898205354516033	0.0	0.35898205354516033	0.0	0.0	0.0	0.1159532215357458	0.01989555751691674	0.11484995586937334	0.0031994704324801414	0.11242277140335392	0.24782945790527344	0.7889452780229479	0.2690129449838188	0.0	0.0	S100A8;CD3D;MS4A1			0.0	0.0	0.0	0.0	0.0	0.0
infection_study_03	Myeloid_lineage	1	Mast Cell	9	9064	0.49795744496620736	0.49795744496620736	0.00088261253309797	0.4549411591644601	0.0	0.4549411591644601	0.0	0.0	0.0	0.0011032656663724624	0.0002022653721682848	0.00088261253309797	0.0	0.000441306266548985	0.5778650829980159	0.9992277140335393	0.341975581053251	0.0	0.0	CD3D;MS4A1;LST1			0.0	0.0	0.0	0.0	0.0	0.0
infection_study_03	Myeloid_lineage	1	Conventional DC 2	10	9064	0.9485418383613792	0.9485418383613792	0.07568402471315093	0.45899271844660194	0.4475838481906443	0.6	0.0	0.0	0.0	1.0	0.5122830244189468	0.07568402471315093	0.003971756398940865	0.059796999117387464	0.5660024424738689	0.9563106796116505	0.4345211827007944	1.0	0.983892321270962	CLEC4C;LILRA4;S100A8;S100A9	FCN1;LST1		0.0	0.0	0.0	0.0	0.0	0.0
infection_study_03	Myeloid_lineage	2	Neutrophil	1	13119	0.802609708089353	0.8715603323424042	1.0	0.04755545392179282	0.3974502629773611	0.4450057168991539	0.5549942831008461	0.5549942831008461	0.0	0.9553319612775364	0.4835861473181391	0.8715603323424042	0.7108773534568184	0.8252915618568488	0.9161203136938008	0.10038874914246512	0.04276240567116396	0.9175242015397516	0.8146200167695709	CD3D;MS4A1;CD79A	FCN1;LST1		0.0	0.0	0.0	0.0	0.0	0.5549942831008461
infection_study_03	Myeloid_lineage	2	Intermediate Monocyte	2	13119	0.9099976961339892	0.994969128744569	1.0	0.2800884213735803	0.2750057168991539	0.5550941382727341	0.44490586172726587	0.44490586172726587	0.0	0.9995426480676881	0.8020174301903094	0.994969128744569	0.7991462763930177	0.9939781995578931	1.0323182338563652	0.5938714841070204	0.24735117005869353	0.707066087354219	0.41923927128592114	CD1C;CLEC4C;NKG7	VCAN;FCGR3A		0.0	0.0	0.0	0.0	0.0	0.44490586172726587
infection_study_03	Myeloid_lineage	2	Conventional DC 2	3	13119	0.9875189218525556	0.9875189218525556	1.0	0.4277120969586097	0.3974502629773611	0.6	0.4	0.4	0.0	0.999847549355896	0.6955052468430013	0.6300022867596615	0.37533348578397746	0.44637548593642806	4.227659224779998	0.8887872551261529	0.4089679091394161	0.9175242015397516	0.8146200167695709	CLEC4C;LILRA4;S100A8;S100A9	FCN1;LST1		0.0	0.0	0.0	0.0	0.0	0.4
infection_study_03	Myeloid_lineage	2	Classical Monocyte	4	13119	0.8230197962392867	0.856315267932007	1.0	0.31174136748227765	0.44729018980105195	0.6	0.4	0.4	0.0	0.9882613004039942	0.818888634804482	0.856315267932007	0.7204055187133166	0.7567649973321138	0.9069648108638851	0.6801585486698681	0.24218690448967148	0.9939781995578931	0.9939781995578931	FCGR3A;MS4A7;CD1C;CLEC4C	HLA-DRA		0.0	0.0	0.0	0.0	0.0	0.4
infection_study_03	Myeloid_lineage	2	Eosinophil	5	13119	0.43698307972767997	0.43698307972767997	0.40094519399344464	0.36235841146428843	0.0	0.36235841146428843	0.038586782529156205	0.038586782529156205	0.0	0.40894885280890314	0.07490408313641791	0.40094519399344464	0.03521609878801738	0.39393246436466195	0.8157337657590316	0.7920573214421831	0.2789846787102676	0.0	0.0	S100A8;CD3D;MS4A1			0.0	0.0	0.0	0.0	0.0	0.038586782529156205
infection_study_03	Myeloid_lineage	2	Non-Classical Monocyte	6	13119	0.8392937491012603	0.8392937491012603	0.588194579107353	0.4979350560256117	0.16308598216327463	0.6	0.0	0.0	0.0	0.9754554462992606	0.5102396015956501	0.563762481896486	0.19628020428386309	0.4328836039332266	1.0977283888434677	0.930634956932693	0.6558807835963107	0.4223645094900526	0.2425108621083924	S100A8;S100A9;VCAN;CD1C	NKG7;GNLY		0.0	0.0	0.0	0.0	0.0	0.0
infection_study_03	Myeloid_lineage	2	Basophil	7	13119	0.48352658491292466	0.48352658491292466	0.30922707523439286	0.41803237035343144	0.15986165104047564	0.5778940213939071	0.0	0.0	0.0	0.20413141245521763	0.049394008689686714	0.05922707523439286	0.008384785425718423	0.056101837030261455	3.9373630706555907	0.9127220062504764	0.3236273089920471	0.4241939172193003	0.21735650583123714	CD3D;MS4A1;LST1	CLEC4C;FCER1A		0.0	0.0	0.0	0.0	0.0	0.0
infection_study_03	Myeloid_lineage	2	Mast Cell	8	13119	0.49795744496620736	0.49795744496620736	0.31692583276164343	0.41803237035343144	0.0	0.41803237035343144	0.0	0.0	0.0	0.09535787788703408	0.024608074802449375	0.06692583276164342	0.018370302614528548	0.056101837030261455	4.084750109250111	0.9127220062504764	0.3236273089920471	0.0	0.0	CD3D;MS4A1;LST1			0.0	0.0	0.0	0.0	0.0	0.0
infection_study_03	Myeloid_lineage	2	Plasmacytoid DC	9	13119	0.49100332591663715	0.49100332591663715	0.543662925945744	0.4327921335467642	0.18811266102599283	0.6	0.0	0.0	0.0	0.7632441497065325	0.1521076301547374	0.34400487842061134	0.05023248723225856	0.23363061208933608	1.7986321901005302	0.915008765912036	0.3867672840917753	0.5293086363289885	0.19546713418197523	CD3D;MS4A1;CD1C;FCN1;S100A8	MZB1;XBP1;PRDM1		0.0	0.0	0.0	0.0	0.0	0.0
infection_study_03	Myeloid_lineage	2	Conventional DC 1	10	13119	0.8302978481272971	0.8302978481272971	0.4142166149982746	0.43966308407653026	0.44729018980105195	0.6	0.0	0.0	0.0	0.5209238509032701	0.12542876743654244	0.19544172574129126	0.024239652412531443	0.1718881012272277	1.8750995570279334	0.9326930406280967	0.3874533119902432	0.9939781995578931	0.9939781995578931	CD1C;FCER1A;CLEC4C;S100A8	HLA-DRA		0.0	0.0	0.0	0.0	0.0	0.0
infection_study_03	Myeloid_lineage	3	Neutrophil	1	12903	0.9107893601591986	0.9980624660931566	1.0	0.027469580717662558	0.4441932108811904	0.47166279159885294	0.5283372084011471	0.5283372084011471	0.0	0.9991474850809889	0.5743754682373609	0.9980624660931566	0.9934123847167325	0.9956599240486709	1.0475817352243484	0.060218553824691934	0.02084786483763466	0.9968999457490506	0.9674881810431682	CD3D;MS4A1;CD79A	FCN1;LST1		0.0	0.0	0.0	0.0	0.0	0.5283372084011471
infection_study_03	Myeloid_lineage	3	Intermediate Monocyte	2	12903	0.8774946307552196	0.9951949159110285	1.0	0.16828592833707923	0.3590037200651011	0.5272896484021803	0.4727103515978197	0.4727103515978197	0.0	0.9998449972874526	0.8731302797798962	0.9951949159110285	0.909400914516004	0.9875997829962024	1.0325501655667433	0.36952646671316747	0.1266630499367072	0.9347438580175154	0.5238704177323104	CD1C;CLEC4C;NKG7	VCAN;FCGR3A		0.0	0.0	0.0	0.0	0.0	0.4727103515978197
infection_study_03	Myeloid_lineage	3	Classical Monocyte	3	12903	0.8945138610784258	0.998527474230799	1.0	0.22086646516314035	0.39988374796558934	0.6	0.4	0.4	0.0	0.9997674959311788	0.9543807641633729	0.998527474230799	0.9945749050608386	0.9956599240486709	1.0558499472140885	0.4933736340385957	0.15174765558397268	0.8886305510346431	0.8886305510346431	FCGR3A;MS4A7;CD1C;CLEC4C	HLA-DRA		0.0	0.0	0.0	0.0	0.0	0.4
infection_study_03	Myeloid_lineage	3	Eosinophil	4	12903	0.8769843785514713	0.8769843785514713	0.537472506235081	0.45521351623653417	0.0	0.45521351623653417	0.08225898999854686	0.08225898999854686	0.0	0.5238316670541735	0.09305329509933091	0.5229791521351623	0.03379059133534837	0.5166240409207161	1.0579734163996748	0.9965124389676819	0.3479035883127955	0.0	0.0	S100A8;CD3D;MS4A1			0.0	0.0	0.0	0.0	0.0	0.08225898999854686
infection_study_03	Myeloid_lineage	3	Non-Classical Monocyte	5	12903	0.8552893825793713	0.8552893825793713	0.5377575353273691	0.5	0.1602534294350151	0.6	0.0	0.0	0.0	0.9948849104859335	0.45679299387739286	0.5296442687747036	0.15477020847864836	0.43230256529489264	1.0324530662106624	0.9984499728745253	0.7325040688212044	0.4183523211656204	0.23165155390219327	S100A8;S100A9;VCAN;CD1C	NKG7;GNLY		0.0	0.0	0.0	0.0	0.0	0.0
infection_study_03	Myeloid_lineage	3	Basophil	6	12903	0.48352658491292466	0.48352658491292466	0.00023250406882120437	0.4336490221912217	0.0068995582422692395	0.44054858043349093	0.0	0.0	0.0	0.045105789351313645	0.007582216022113721	0.00023250406882120437	7.750135627373479e-05	0.00015500271254746957	0.5819844837369869	0.9490816089281563	0.3318091399932832	0.018367821436875147	0.009261412074711307	CD3D;MS4A1;LST1	CLEC4C;FCER1A		0.0	0.0	0.0	0.0	0.0	0.0
infection_study_03	Myeloid_lineage	3	Mast Cell	7	12903	0.49795744496620736	0.49795744496620736	0.00046500813764240875	0.4336490221912217	0.0	0.4336490221912217	0.0	0.0	0.0	0.001860032550569635	0.0004133405667932522	0.00031000542509493915	0.00023250406882120437	0.00031000542509493915	0.5474597319864761	0.9490816089281563	0.3318091399932832	0.0	0.0	CD3D;MS4A1;LST1			0.0	0.0	0.0	0.0	0.0	0.0
infection_study_03	Myeloid_lineage	3	Plasmacytoid DC	8	12903	0.46733303542851135	0.46733303542851135	0.12640471208246146	0.4704722932651321	0.13552662171588	0.6	0.0	0.0	0.0	0.667441680229404	0.10620592110361932	0.12640471208246146	0.0055025962954351705	0.07796636441137719	0.6930466809595958	0.9991474850809889	0.4127102224288925	0.3823141904983337	0.13888243044253276	CD3D;MS4A1;CD1C;FCN1;S100A8	MZB1;XBP1;PRDM1		0.0	0.0	0.0	0.0	0.0	0.0
infection_study_03	Myeloid_lineage	3	Conventional DC 1	9	12903	0.4128311420835917	0.4128311420835917	0.06951871657754011	0.43625745950554135	0.39988374796558934	0.6	0.0	0.0	0.0	0.3368208943656514	0.06410653853109097	0.06951871657754011	0.00031000542509493915	0.0670386731767806	0.7257800706840872	0.9965899403239556	0.2616058281019918	0.8886305510346431	0.8886305510346431	CD1C;FCER1A;CLEC4C;S100A8	HLA-DRA		0.0	0.0	0.0	0.0	0.0	0.0
infection_study_03	Myeloid_lineage	3	Conventional DC 2	10	12903	0.800239354670122	0.800239354670122	0.11493451135394869	0.4894683406959622	0.4441932108811904	0.6	0.0	0.0	0.0	0.9996124932186313	0.5013433568420781	0.11493451135394869	0.016042780748663103	0.08501898783228706	0.8252791440685101	0.9980624660931566	0.5009300162752849	0.9968999457490506	0.9674881810431682	CLEC4C;LILRA4;S100A8;S100A9	FCN1;LST1		0.0	0.0	0.0	0.0	0.0	0.0
infection_study_03	Myeloid_lineage	4	Neutrophil	1	1828	0.8130319959056127	0.8769146608315098	1.0	0.0612253829321663	0.39046772428884025	0.45169310722100653	0.5483068927789935	0.5483068927789935	0.0	0.9245076586433261	0.4843180160466812	0.8769146608315098	0.7538293216630197	0.8429978118161926	0.9216845489651695	0.12691466083150985	0.05908096280087527	0.888402625820569	0.8263129102844639	CD3D;MS4A1;CD79A	FCN1;LST1		0.0	0.0	0.0	0.0	0.0	0.5483068927789935
infection_study_03	Myeloid_lineage	4	Intermediate Monocyte	2	1828	0.931431381129018	0.962253829321663	1.0	0.21433260393873088	0.31152899343544854	0.5258615973741794	0.47413840262582063	0.47413840262582063	0.0	0.9978118161925602	0.8103574033552152	0.962253829321663	0.8150984682713348	0.925054704595186	0.9987126243362738	0.45951859956236324	0.18052516411378558	0.8101750547045952	0.45650984682713347	CD1C;CLEC4C;NKG7	VCAN;FCGR3A		0.0	0.0	0.0	0.0	0.0	0.47413840262582063
infection_study_03	Myeloid_lineage	4	Classical Monocyte	3	1828	0.8406219510498052	0.8583150984682714	1.0	0.3138676148796499	0.41627461706783375	0.6	0.4	0.4	0.0	0.975929978118162	0.8023112691466083	0.8583150984682714	0.7428884026258206	0.7970459518599562	0.9090584781363235	0.6810722100656456	0.25027352297593	0.925054704595186	0.925054704595186	FCGR3A;MS4A7;CD1C;CLEC4C	HLA-DRA		0.0	0.0	0.0	0.0	0.0	0.4
infection_study_03	Myeloid_lineage	4	Non-Classical Monocyte	4	1828	0.8034566494366351	0.8034566494366351	0.72619725352473	0.472007658643326	0.18036105032822755	0.6	0.12619725352473	0.12619725352473	0.0	0.9513129102844639	0.5181436907366885	0.649343544857768	0.3304157549234136	0.5273522975929978	1.2614629747116113	0.8977024070021882	0.5949124726477023	0.46225382932166303	0.2778993435448578	S100A8;S100A9;VCAN;CD1C	NKG7;GNLY		0.0	0.0	0.0	0.0	0.0	0.12619725352473
infection_study_03	Myeloid_lineage	4	Eosinophil	5	1828	0.43698307972767997	0.43698307972767997	0.1526258205689278	0.3710685630926331	0.0	0.3710685630926331	0.0	0.0	0.0	0.16192560175054704	0.028446389496717725	0.1526258205689278	0.004923413566739606	0.14551422319474835	0.3228152438849552	0.8085339168490153	0.29011670313639676	0.0	0.0	S100A8;CD3D;MS4A1			0.0	0.0	0.0	0.0	0.0	0.0
infection_study_03	Myeloid_lineage	4	Basophil	6	1828	0.48352658491292466	0.48352658491292466	0.29048140043763676	0.41068563092633115	0.07524617067833697	0.4859318016046681	0.0	0.0	0.0	0.2363238512035011	0.04978118161925602	0.04048140043763676	0.006564551422319475	0.038293216630196934	2.8711830041229267	0.8944201312910285	0.32184536834427424	0.1974835886214442	0.10667396061269147	CD3D;MS4A1;LST1	CLEC4C;FCER1A		0.0	0.0	0.0	0.0	0.0	0.0
infection_study_03	Myeloid_lineage	4	Mast Cell	7	1828	0.49795744496620736	0.49795744496620736	0.2937636761487965	0.41068563092633115	0.0	0.41068563092633115	0.0	0.0	0.0	0.05908096280087528	0.01787016776075857	0.0437636761487965	0.0175054704595186	0.038293216630196934	2.8548430889653766	0.8944201312910285	0.32184536834427424	0.0	0.0	CD3D;MS4A1;LST1			0.0	0.0	0.0	0.0	0.0	0.0
infection_study_03	Myeloid_lineage	4	Plasmacytoid DC	8	1828	0.43909328183393914	0.43909328183393914	0.4817652238405632	0.42340700218818383	0.15300875273522976	0.5764157549234136	0.0	0.0	0.0	0.6050328227571116	0.1273933260393873	0.31673960612691465	0.05689277899343545	0.18107221006564553	1.6601024708545942	0.9031728665207878	0.36455142231947485	0.43161925601750545	0.15681983953318746	CD3D;MS4A1;CD1C;FCN1;S100A8	MZB1;XBP1;PRDM1		0.0	0.0	0.0	0.0	0.0	0.0
infection_study_03	Myeloid_lineage	4	Conventional DC 1	9	1828	0.8324621678915296	0.8324621678915296	0.47811816192560175	0.38327133479212255	0.41627461706783375	0.6	0.0	0.0	0.0	0.524070021881838	0.11797957695113055	0.22811816192560175	0.009299781181619256	0.21553610503282275	2.173342627141208	0.8451859956236324	0.28227571115973743	0.925054704595186	0.925054704595186	CD1C;FCER1A;CLEC4C;S100A8	HLA-DRA		0.0	0.0	0.0	0.0	0.0	0.0
infection_study_03	Myeloid_lineage	4	Conventional DC 2	10	1828	0.9427640052633288	0.9427640052633288	0.4933150079498443	0.4315344638949672	0.39046772428884025	0.6	0.0	0.0	0.0	0.9983588621444202	0.5589897884755654	0.2658643326039387	0.14387308533916848	0.18708971553610504	1.8222753490860293	0.8927789934354485	0.41944748358862144	0.888402625820569	0.8263129102844639	CLEC4C;LILRA4;S100A8;S100A9	FCN1;LST1		0.0	0.0	0.0	0.0	0.0	0.0
infection_study_03	Myeloid_lineage	5	Neutrophil	1	17535	0.8243897460954109	0.9822070145423439	1.0	0.01433209770934322	0.43938836612489307	0.4537204638342363	0.5462795361657637	0.5462795361657637	0.0	0.989848873681209	0.5006368215949054	0.9822070145423439	0.9261477045908184	0.9552894211576847	1.031104699319283	0.030738522954091817	0.01205208630358331	0.9882520672939835	0.9527516395779869	CD3D;MS4A1;CD79A	FCN1;LST1		0.0	0.0	0.0	0.0	0.0	0.5462795361657637
infection_study_03	Myeloid_lineage	5	Intermediate Monocyte	2	17535	0.9138802515388743	0.9997148560022812	1.0	0.1465784621233723	0.3563088109495295	0.5028872730729018	0.4971127269270982	0.4971127269270982	0.0	1.0	0.8976238000190095	0.9997148560022812	0.9710863986313089	0.9901910464784717	1.0371931107465293	0.3214713430282293	0.11099705351202356	0.8947248360422013	0.5859424009124607	CD1C;CLEC4C;NKG7	VCAN;FCGR3A		0.0	0.0	0.0	0.0	0.0	0.4971127269270982
infection_study_03	Myeloid_lineage	5	Classical Monocyte	3	17535	0.8465447421602841	0.9865982321072141	1.0	0.3241285999429712	0.44558597091531227	0.6	0.4	0.4	0.0	0.998289136013687	0.9114913031080696	0.9865982321072141	0.9479327060165383	0.9641288850869689	1.0433609570890572	0.7019104647847163	0.2609210151126319	0.9901910464784717	0.9901910464784717	FCGR3A;MS4A7;CD1C;CLEC4C	HLA-DRA		0.0	0.0	0.0	0.0	0.0	0.4
infection_study_03	Myeloid_lineage	5	Non-Classical Monocyte	4	17535	0.9444721904817863	0.9444721904817863	0.8765967986410115	0.5	0.1345337895637297	0.6	0.2765967986410115	0.2765967986410115	0.0	0.9938408896492729	0.5880904856952761	0.7188480182492158	0.38899344168805244	0.5351012261191902	1.3944396610596264	0.9865982321072141	0.6617051611063587	0.3515825491873396	0.19372683205018534	S100A8;S100A9;VCAN;CD1C	NKG7;GNLY		0.0	0.0	0.0	0.0	0.0	0.2765967986410115
infection_study_03	Myeloid_lineage	5	Eosinophil	5	17535	0.43698307972767997	0.43698307972767997	0.36424294268605645	0.43644254348445966	0.0	0.43644254348445966	0.0	0.0	0.0	0.36595380667236954	0.06390076988879384	0.36424294268605645	0.01619617907043057	0.3580268035357856	0.74287912210237	0.9599087539207299	0.32580553179355576	0.0	0.0	S100A8;CD3D;MS4A1			0.0	0.0	0.0	0.0	0.0	0.0
infection_study_03	Myeloid_lineage	5	Basophil	6	17535	0.48352658491292466	0.48352658491292466	0.0010835471913316224	0.4307195133542439	0.009200171086398631	0.43991968444064256	0.0	0.0	0.0	0.1035642999714856	0.017488831860089347	0.0010835471913316224	0.0	0.001026518391787853	0.6303884608046645	0.9475335044197319	0.32116718943066247	0.02440832620473339	0.012517821499857428	CD3D;MS4A1;LST1	CLEC4C;FCER1A		0.0	0.0	0.0	0.0	0.0	0.0
infection_study_03	Myeloid_lineage	5	Mast Cell	7	17535	0.49795744496620736	0.49795744496620736	0.0019389791844881665	0.4307195133542439	0.0	0.4307195133542439	0.0	0.0	0.0	0.003022526375819789	0.0005797927953616577	0.0019389791844881665	0.00017108639863130882	0.001026518391787853	0.6339579927497294	0.9475335044197319	0.32116718943066247	0.0	0.0	CD3D;MS4A1;LST1			0.0	0.0	0.0	0.0	0.0	0.0
infection_study_03	Myeloid_lineage	5	Plasmacytoid DC	8	17535	0.48817142618583387	0.48817142618583387	0.16817792985457655	0.46419366980325066	0.07321927573424579	0.5374129455374964	0.0	0.0	0.0	0.6533789563729684	0.10196749358426006	0.16817792985457655	0.01157684630738523	0.10019960079840319	0.9052885418746717	0.9923011120615911	0.3959965782720274	0.20781294553749644	0.07250261381997909	CD3D;MS4A1;CD1C;FCN1;S100A8	MZB1;XBP1;PRDM1		0.0	0.0	0.0	0.0	0.0	0.0
infection_study_03	Myeloid_lineage	5	Conventional DC 1	9	17535	0.4128311420835917	0.4128311420835917	0.2906800687344301	0.4224009124607927	0.44558597091531227	0.6	0.0	0.0	0.0	0.37154262902765894	0.07047809143617527	0.1577986883376105	0.0005132591958939265	0.15631593954947248	1.5315255215872783	0.9641288850869689	0.25469061876247506	0.9901910464784717	0.9901910464784717	CD1C;FCER1A;CLEC4C;S100A8	HLA-DRA		0.0	0.0	0.0	0.0	0.0	0.0
infection_study_03	Myeloid_lineage	5	Conventional DC 2	10	17535	0.9280173300203018	0.9280173300203018	0.1412603364699173	0.47928086683775306	0.43938836612489307	0.6	0.0	0.0	0.0	1.0	0.5260336469917308	0.1412603364699173	0.02286854861705161	0.10932420872540632	0.999179487401603	0.9827202737382378	0.4811234673510123	0.9882520672939835	0.9527516395779869	CLEC4C;LILRA4;S100A8;S100A9	FCN1;LST1		0.0	0.0	0.0	0.0	0.0	0.0
infection_study_03	Myeloid_lineage	6	Neutrophil	1	4836	0.49358241887376514	0.5576923076923077	0.5576923076923077	0.03521091811414392	0.051349255583126543	0.08656017369727045	0.4711321339950373	0.4711321339950373	0.0	0.6356492969396195	0.15722360077198785	0.5576923076923077	0.18755169561621174	0.36579818031430933	0.5899476597622522	0.07733664185277088	0.026468155500413565	0.13502894954507857	0.07227047146401985	CD3D;MS4A1;CD79A	FCN1;LST1		0.0	0.0	0.0	0.0	0.0	0.4711321339950373
infection_study_03	Myeloid_lineage	6	Non-Classical Monocyte	2	4836	0.8984026013585078	0.8984026013585078	1.0	0.25080851943755167	0.4407723325062035	0.6	0.4	0.4	0.0	0.9693961952026469	0.5003101736972705	0.8600082712985939	0.544044665012407	0.825062034739454	1.664508935433314	0.5483870967741935	0.19282464846980976	0.9906947890818859	0.9570926385442515	S100A8;S100A9;VCAN;CD1C	NKG7;GNLY		0.0	0.0	0.0	0.0	0.0	0.4
infection_study_03	Myeloid_lineage	6	Classical Monocyte	3	4836	0.46851975835692605	0.46851975835692605	0.42411083540115796	0.3602801902398676	0.0635545905707196	0.42383478081058723	0.000276054590570729	0.000276054590570729	0.0	0.80479735318445	0.2093930934656741	0.42411083540115796	0.06472291149710505	0.36579818031430933	0.4544803333126479	0.8269230769230769	0.20931555004135646	0.141232423490488	0.141232423490488	FCGR3A;MS4A7;CD1C;CLEC4C	HLA-DRA		0.0	0.0	0.0	0.0	0.0	0.000276054590570729
infection_study_03	Myeloid_lineage	6	Intermediate Monocyte	4	4836	0.42840929648590853	0.42840929648590853	0.20057899090157155	0.4473890267438655	0.31752481389578163	0.6	0.0	0.0	0.0	0.9336228287841191	0.25768541494347946	0.20057899090157155	0.015715467328370553	0.141232423490488	0.21630966141848337	0.9863523573200993	0.329886958919217	0.8362282878411911	0.4443755169561621	CD1C;CLEC4C;NKG7	VCAN;FCGR3A		0.0	0.0	0.0	0.0	0.0	0.0
infection_study_03	Myeloid_lineage	6	Eosinophil	5	4836	0.43698307972767997	0.43698307972767997	0.06513647642679901	0.18256134546457128	0.0	0.18256134546457128	0.0	0.0	0.0	0.08519437551695616	0.014302453818582849	0.06513647642679901	0.00020678246484698098	0.06182795698924731	0.14914728717444295	0.3992969396195203	0.14012958367797076	0.0	0.0	S100A8;CD3D;MS4A1			0.0	0.0	0.0	0.0	0.0	0.0
infection_study_03	Myeloid_lineage	6	Basophil	6	4836	0.48352658491292466	0.48352658491292466	0.0020678246484698098	0.056978218913702784	0.0013337468982630273	0.058311965811965814	0.0	0.0	0.0	0.11497105045492143	0.019299696719051556	0.0020678246484698098	0.0	0.0018610421836228288	0.6863702814708266	0.12448304383788254	0.04397573752412462	0.003515301902398677	0.0018610421836228288	CD3D;MS4A1;LST1	CLEC4C;FCER1A		0.0	0.0	0.0	0.0	0.0	0.0
infection_study_03	Myeloid_lineage	6	Mast Cell	7	4836	0.49795744496620736	0.49795744496620736	0.002274607113316791	0.056978218913702784	0.0	0.056978218913702784	0.0	0.0	0.0	0.08167907361455748	0.01361317893575958	0.002274607113316791	0.0	0.0018610421836228288	0.6517797851143056	0.12448304383788254	0.04397573752412462	0.0	0.0	CD3D;MS4A1;LST1			0.0	0.0	0.0	0.0	0.0	0.0
infection_study_03	Myeloid_lineage	6	Plasmacytoid DC	8	4836	0.924570035207402	0.924570035207402	0.08002481389578164	0.18557816377171216	0.1944582299421009	0.38003639371381304	0.0	0.0	0.0	0.9650537634408602	0.2178970223325062	0.08002481389578164	0.002274607113316791	0.047766749379652605	0.4573991434896982	0.4317617866004963	0.0977667493796526	0.5504549214226634	0.19547835676867933	CD3D;MS4A1;CD1C;FCN1;S100A8	MZB1;XBP1;PRDM1		0.0	0.0	0.0	0.0	0.0	0.0
infection_study_03	Myeloid_lineage	6	Conventional DC 1	9	4836	0.4128311420835917	0.4128311420835917	0.008064516129032258	0.16025951199338295	0.0635545905707196	0.22381410256410256	0.0	0.0	0.0	0.4425144747725393	0.07547559966914806	0.008064516129032258	0.0	0.007030603804797354	0.16487773391335145	0.3680727874276261	0.09269023986765922	0.141232423490488	0.141232423490488	CD1C;FCER1A;CLEC4C;S100A8	HLA-DRA		0.0	0.0	0.0	0.0	0.0	0.0
infection_study_03	Myeloid_lineage	6	Conventional DC 2	10	4836	0.4562698399199677	0.4562698399199677	0.0033085194375516956	0.24151468155500413	0.051349255583126543	0.2928639371381307	0.0	0.0	0.0	0.9154259718775848	0.21550179211469533	0.0033085194375516956	0.0006203473945409429	0.0016542597187758478	0.08791200614796862	0.53287841191067	0.17736765922249792	0.13502894954507857	0.07227047146401985	CLEC4C;LILRA4;S100A8;S100A9	FCN1;LST1		0.0	0.0	0.0	0.0	0.0	0.0
infection_study_03	Myeloid_lineage	7	Classical Monocyte	1	33932	0.8974926515951567	0.9953141577272191	1.0	0.09239626311446422	0.3118781681009077	0.4042744312153719	0.5957255687846281	0.5957255687846281	0.0	0.9982317576329128	0.8989486325592362	0.9953141577272191	0.9834669338677354	0.9945773900742662	1.0524858543684525	0.21089237298125663	0.05571436991630319	0.6930625957797949	0.6930625957797949	FCGR3A;MS4A7;CD1C;CLEC4C	HLA-DRA		0.0	0.0	0.0	0.0	0.0	0.5957255687846281
infection_study_03	Myeloid_lineage	7	Neutrophil	2	33932	0.9208042193218593	0.9959035718495816	1.0	0.009211167432905025	0.42621271955676054	0.43542388698966555	0.5645761130103344	0.5645761130103344	0.0	0.9966108687964164	0.508944359306849	0.9959035718495816	0.9911882588706825	0.9945773900742662	1.045338205429399	0.02027584580926559	0.006847027388109553	0.9785747966521278	0.8842685370741483	CD3D;MS4A1;CD79A	FCN1;LST1		0.0	0.0	0.0	0.0	0.0	0.5645761130103344
infection_study_03	Myeloid_lineage	7	Intermediate Monocyte	3	33932	0.8465029942527047	0.9731816574325121	1.0	0.18757868678533535	0.34879022751385125	0.5363689142991865	0.46363108570081346	0.46363108570081346	0.0	0.9993516444654014	0.7632274352626821	0.9731816574325121	0.7104208416833667	0.9525816338559472	1.0099378410047402	0.41338559471884945	0.13860073087351174	0.9231109277378285	0.4790463279500177	CD1C;CLEC4C;NKG7	VCAN;FCGR3A		0.0	0.0	0.0	0.0	0.0	0.46363108570081346
infection_study_03	Myeloid_lineage	7	Eosinophil	4	33932	0.9088817127156396	0.9088817127156396	0.6187087158568971	0.4522372195371135	0.0	0.4522372195371135	0.16647149631978364	0.16647149631978364	0.0	0.5794235529883296	0.10401685724389957	0.5772721914417069	0.04317458446304374	0.5668985028881292	1.165746097660761	0.9954320405516917	0.33624110967032106	0.0	0.0	S100A8;CD3D;MS4A1			0.0	0.0	0.0	0.0	0.0	0.16647149631978364
infection_study_03	Myeloid_lineage	7	Non-Classical Monocyte	5	33932	0.7926930338204438	0.7926930338204438	0.2311682187905222	0.5	0.17279043380879403	0.6	0.0	0.0	0.0	0.9676706353884239	0.33071044048882076	0.2311682187905222	0.02068843569491925	0.176942119533184	0.46140556171975494	0.9961982789107627	0.7276833077920547	0.4533184015089001	0.24529942237416008	S100A8;S100A9;VCAN;CD1C	NKG7;GNLY		0.0	0.0	0.0	0.0	0.0	0.0
infection_study_03	Myeloid_lineage	7	Basophil	6	33932	0.48352658491292466	0.48352658491292466	0.0035659554402923494	0.3721354473653189	0.002868973240598844	0.37500442060591777	0.0	0.0	0.0	0.02652363550630673	0.00524087390467209	0.0035659554402923494	0.0009135918896616763	0.003006012024048096	0.7715780536432314	0.8191088058469881	0.27670045974301544	0.0076329128845927146	0.0038606625014735354	CD3D;MS4A1;LST1	CLEC4C;FCER1A		0.0	0.0	0.0	0.0	0.0	0.0
infection_study_03	Myeloid_lineage	7	Mast Cell	7	33932	0.49795744496620736	0.49795744496620736	0.00397854532594601	0.3721354473653189	0.0	0.3721354473653189	0.0	0.0	0.0	0.005953082635859955	0.001591418130378404	0.00397854532594601	0.001002004008016032	0.003006012024048096	0.7422586470300273	0.8191088058469881	0.27670045974301544	0.0	0.0	CD3D;MS4A1;LST1			0.0	0.0	0.0	0.0	0.0	0.0
infection_study_03	Myeloid_lineage	7	Plasmacytoid DC	8	33932	0.20369113351753954	0.20369113351753954	0.07367676529529647	0.46490510432629967	0.06292732523871271	0.5278324295650124	0.0	0.0	0.0	0.4629553224095249	0.06734793115643051	0.07367676529529647	0.003153365554638689	0.04467759047506778	0.42514590277704006	0.9958446304373453	0.3931097489095839	0.17897559825533418	0.06156430508074973	CD3D;MS4A1;CD1C;FCN1;S100A8	MZB1;XBP1;PRDM1		0.0	0.0	0.0	0.0	0.0	0.0
infection_study_03	Myeloid_lineage	7	Conventional DC 1	9	33932	0.4128311420835917	0.4128311420835917	0.020393728633738065	0.4339599787810916	0.3118781681009077	0.6	0.0	0.0	0.0	0.16927973594247317	0.029284058312703837	0.020393728633738065	0.0	0.01948013674407639	0.277408432449197	0.9963161617352352	0.2516356241895556	0.6930625957797949	0.6930625957797949	CD1C;FCER1A;CLEC4C;S100A8	HLA-DRA		0.0	0.0	0.0	0.0	0.0	0.0
infection_study_03	Myeloid_lineage	7	Conventional DC 2	10	33932	0.7238862972543793	0.7238862972543793	0.022515619474242604	0.48862445479193684	0.42621271955676054	0.6	0.0	0.0	0.0	0.9943121537192031	0.44038567330739914	0.022515619474242604	0.0003241777672993045	0.013910173287751975	0.21478823039165137	0.9963161617352352	0.5001105151479429	0.9785747966521278	0.8842685370741483	CLEC4C;LILRA4;S100A8;S100A9	FCN1;LST1		0.0	0.0	0.0	0.0	0.0	0.0
infection_study_03	Myeloid_lineage	8	Intermediate Monocyte	1	3449	0.7307507356135937	0.9973905479849232	1.0	0.42490963564318157	0.044578138590895905	0.4694877742340775	0.5305122257659225	0.5305122257659225	0.0	0.9997100608872137	0.4516284913501498	0.9973905479849232	0.09452015076833865	0.9968106697593505	1.034805549299329	0.8918527109307045	0.3909345704068812	0.11800521890403015	0.06117715279791244	CD1C;CLEC4C;NKG7	VCAN;FCGR3A		0.0	0.0	0.0	0.0	0.0	0.5305122257659225
infection_study_03	Myeloid_lineage	8	Plasmacytoid DC	2	3449	0.996619965704867	0.9979704262104958	1.0	0.1857732676138011	0.37287619599884025	0.5586494636126413	0.44135053638735866	0.44135053638735866	0.0	1.0	0.9287837054218614	0.9979704262104958	0.9886923746013337	0.9454914467961728	5.12130811117656	0.42968976514931867	0.10223253116845461	0.963177732676138	0.5594858413066589	CD3D;MS4A1;CD1C;FCN1;S100A8	MZB1;XBP1;PRDM1		0.0	0.0	0.0	0.0	0.0	0.44135053638735866
infection_study_03	Myeloid_lineage	8	Neutrophil	3	3449	0.43762939918576116	0.5042041171354016	0.5042041171354016	0.06515318449792211	0.11383734415772688	0.178990528655649	0.32521358847975257	0.32521358847975257	0.0	0.6361264134531749	0.1649270319899488	0.5042041171354016	0.17889243258915627	0.35952449985503043	0.5343625612566243	0.1423601043780806	0.050256112882961244	0.2957378950420412	0.16743983763409684	CD3D;MS4A1;CD79A	FCN1;LST1		0.0	0.0	0.0	0.0	0.0	0.32521358847975257
infection_study_03	Myeloid_lineage	8	Conventional DC 2	4	3449	0.9562451004191799	0.9562451004191799	0.6289504204117136	0.5	0.11383734415772688	0.6	0.028950420411713584	0.028950420411713584	0.0	0.9997100608872137	0.5618053542089495	0.37895042041171356	0.002609452015076834	0.3722818208176283	2.5692874335824647	0.9927515221803421	0.6172078863438678	0.2957378950420412	0.16743983763409684	CLEC4C;LILRA4;S100A8;S100A9	FCN1;LST1		0.0	0.0	0.0	0.0	0.0	0.028950420411713584
infection_study_03	Myeloid_lineage	8	Non-Classical Monocyte	5	3449	0.3894507676203229	0.3894507676203229	0.06610611771527979	0.2407523919976805	0.15293563351696143	0.39368802551464194	0.0	0.0	0.0	0.5879965207306466	0.14380979994201218	0.06610611771527979	0.009278051609162076	0.0350826326471441	0.14560702140123155	0.5218904030153668	0.19288199478109597	0.392287619599884	0.2349956509133082	S100A8;S100A9;VCAN;CD1C	NKG7;GNLY		0.0	0.0	0.0	0.0	0.0	0.0
infection_study_03	Myeloid_lineage	8	Classical Monocyte	6	3449	0.5420347311666684	0.5420347311666684	0.41026384459263554	0.37215714699913016	0.4485648013917077	0.6	0.0	0.0	0.0	0.9356335169614381	0.27529718759060595	0.41026384459263554	0.0916207596404755	0.35952449985503043	0.43998360923936153	0.8495216004639026	0.22426790374021455	0.9968106697593505	0.9968106697593505	FCGR3A;MS4A7;CD1C;CLEC4C	HLA-DRA		0.0	0.0	0.0	0.0	0.0	0.0
infection_study_03	Myeloid_lineage	8	Basophil	7	3449	0.9932986877241051	0.9932986877241051	0.0	0.1361534744370349	0.3587344157726877	0.4948878902097226	0.0	0.0	0.0	0.921716439547695	0.15400599207499757	0.0	0.0	0.0	0.5687605690872031	0.29747752971875907	0.10505460519957477	0.8924325891562772	0.6066975935053638	CD3D;MS4A1;LST1	CLEC4C;FCER1A		0.0	0.0	0.0	0.0	0.0	0.0
infection_study_03	Myeloid_lineage	8	Eosinophil	8	3449	0.43698307972767997	0.43698307972767997	0.026674398376340967	0.1846042331110467	0.0	0.1846042331110467	0.0	0.0	0.0	0.030443606842563063	0.005267227215618054	0.026674398376340967	0.0011597564511452595	0.023485068135691504	0.07279935507642597	0.4038851841113366	0.14149028703972166	0.0	0.0	S100A8;CD3D;MS4A1			0.0	0.0	0.0	0.0	0.0	0.0
infection_study_03	Myeloid_lineage	8	Mast Cell	9	3449	0.49795744496620736	0.49795744496620736	0.00028993911278631486	0.1361534744370349	0.0	0.1361534744370349	0.0	0.0	0.0	0.002029573789504204	0.00033826229825070065	0.00028993911278631486	0.0	0.00028993911278631486	0.5463942138314907	0.29747752971875907	0.10505460519957477	0.0	0.0	CD3D;MS4A1;LST1			0.0	0.0	0.0	0.0	0.0	0.0
infection_study_03	Myeloid_lineage	8	Conventional DC 1	10	3449	0.9922735446602107	0.9922735446602107	0.0031893302406494637	0.4397390547984923	0.4485648013917077	0.6	0.0	0.0	0.0	0.9811539576688896	0.16840630134338455	0.0031893302406494637	0.0005798782255726297	0.002609452015076834	0.12038113096304782	0.9292548564801392	0.39373731516381555	0.9968106697593505	0.9968106697593505	CD1C;FCER1A;CLEC4C;S100A8	HLA-DRA		0.0	0.0	0.0	0.0	0.0	0.0
infection_study_03	Myeloid_lineage	9	Eosinophil	1	21420	0.9596541263167986	0.9596541263167986	1.0	0.454400871459695	0.0	0.454400871459695	0.545599128540305	0.545599128540305	0.0	0.8745098039215686	0.16922657952069717	0.8741830065359477	0.13795518207282914	0.8686274509803922	1.7551195246566542	0.999953314659197	0.3382664176781824	0.0	0.0	S100A8;CD3D;MS4A1			0.0	0.0	0.0	0.0	0.0	0.545599128540305
infection_study_03	Myeloid_lineage	9	Neutrophil	2	21420	0.9471649305206582	0.999953314659197	1.0	0.010127606598194833	0.4467331932773109	0.45686079987550576	0.5431392001244942	0.5431392001244942	0.0	0.999953314659197	0.574673202614379	0.999953314659197	0.999906629318394	0.999953314659197	1.0495467110948775	0.022128851540616248	0.007812013694366636	0.9995798319327731	0.97906162464986	CD3D;MS4A1;CD79A	FCN1;LST1		0.0	0.0	0.0	0.0	0.0	0.5431392001244942
infection_study_03	Myeloid_lineage	9	Intermediate Monocyte	3	21420	0.9432375347705952	0.9996265172735761	1.0	0.31775070028011204	0.38284663865546215	0.6	0.4	0.4	0.0	1.0	0.8911998132586368	0.9996265172735761	0.9670401493930906	0.9980392156862745	1.037102367978628	0.6986928104575163	0.23748832866479927	0.9870681605975724	0.5781746031746031	CD1C;CLEC4C;NKG7	VCAN;FCGR3A		0.0	0.0	0.0	0.0	0.0	0.4
infection_study_03	Myeloid_lineage	9	Classical Monocyte	4	21420	0.9628281269569332	0.999953314659197	1.0	0.2263877217553688	0.4314495798319328	0.6	0.4	0.4	0.0	1.0	0.9805555555555556	0.999953314659197	0.999906629318394	0.999953314659197	1.057342691417421	0.5054621848739496	0.15596405228758173	0.9587768440709618	0.9587768440709618	FCGR3A;MS4A7;CD1C;CLEC4C	HLA-DRA		0.0	0.0	0.0	0.0	0.0	0.4
infection_study_03	Myeloid_lineage	9	Non-Classical Monocyte	5	21420	0.9141477473911424	0.9141477473911424	0.5394152607381609	0.5	0.2777240896358543	0.6	0.0	0.0	0.0	0.999906629318394	0.4763460939931529	0.530765639589169	0.14738562091503268	0.430952380952381	1.0345984845959677	0.999953314659197	0.7499299719887955	0.7232492997198879	0.4049953314659197	S100A8;S100A9;VCAN;CD1C	NKG7;GNLY		0.0	0.0	0.0	0.0	0.0	0.0
infection_study_03	Myeloid_lineage	9	Basophil	6	21420	0.48352658491292466	0.48352658491292466	0.00046685340802987864	0.4365042016806723	0.003991596638655463	0.4404957983193277	0.0	0.0	0.0	0.07791783380018674	0.013110799875505758	0.00046685340802987864	9.337068160597572e-05	0.00037348272642390287	0.5953133500903405	0.9605508870214753	0.3249766573295985	0.010550887021475257	0.005508870214752567	CD3D;MS4A1;LST1	CLEC4C;FCER1A		0.0	0.0	0.0	0.0	0.0	0.0
infection_study_03	Myeloid_lineage	9	Mast Cell	7	21420	0.49795744496620736	0.49795744496620736	0.00130718954248366	0.4365042016806723	0.0	0.4365042016806723	0.0	0.0	0.0	0.0014939309056956115	0.0003190164954870837	0.00130718954248366	0.00018674136321195143	0.00065359477124183	0.6004100581151137	0.9605508870214753	0.3249766573295985	0.0	0.0	CD3D;MS4A1;LST1			0.0	0.0	0.0	0.0	0.0	0.0
infection_study_03	Myeloid_lineage	9	Plasmacytoid DC	8	21420	0.5757654942720325	0.5757654942720325	0.2077338814999302	0.4692578898225957	0.15200513538748833	0.6	0.0	0.0	0.0	0.838608776844071	0.13691643323996264	0.19603174603174603	0.016946778711484593	0.11531279178338003	1.0468085418727366	0.999953314659197	0.4057983193277311	0.4297385620915033	0.15389044506691565	CD3D;MS4A1;CD1C;FCN1;S100A8	MZB1;XBP1;PRDM1		0.0	0.0	0.0	0.0	0.0	0.0
infection_study_03	Myeloid_lineage	9	Conventional DC 1	9	21420	0.4128311420835917	0.4128311420835917	0.07623716153127919	0.43649183006535947	0.4314495798319328	0.6	0.0	0.0	0.0	0.39663865546218485	0.07618269530034236	0.07623716153127919	9.337068160597572e-05	0.07488328664799253	0.7871003945434029	1.0	0.25678104575163396	0.9587768440709618	0.9587768440709618	CD1C;FCER1A;CLEC4C;S100A8	HLA-DRA		0.0	0.0	0.0	0.0	0.0	0.0
infection_study_03	Myeloid_lineage	9	Conventional DC 2	10	21420	0.8882346665347227	0.8882346665347227	0.08935574229691877	0.4912763772175537	0.4467331932773109	0.6	0.0	0.0	0.0	1.0	0.5088702147525678	0.08935574229691877	0.0056022408963585435	0.07226890756302522	0.6563136244139238	0.999953314659197	0.5058823529411764	0.9995798319327731	0.97906162464986	CLEC4C;LILRA4;S100A8;S100A9	FCN1;LST1		0.0	0.0	0.0	0.0	0.0	0.0
