study	lineage	cluster	candidate_label	rank_within_cluster	n_cells	marker_pct	marker_decision_score	marker_base_score	negative_marker_penalty	confound_marker_penalty	marker_penalty	marker_discriminative_score	marker_gate_score	key_marker_bonus	marker_any_fraction	marker_mean_positive_fraction	key_marker_any_fraction	key_marker_two_fraction	key_marker_max_fraction	key_marker_enrichment	negative_marker_any_fraction	negative_marker_mean_positive_fraction	confound_marker_any_fraction	confound_marker_mean_positive_fraction	available_negative_markers	available_confound_markers	available_policy_required_markers	policy_required_any_fraction	policy_required_mean_positive_fraction	ref_fraction	raw_fraction	screfmapping_fraction	total_score
vaccination_study_06	B_lineage	0	Memory B Cell	1	325	0.9629565126526063	0.9629565126526063	0.036923076923076927	0.1972717948717949	0.0	0.1972717948717949	0.0	0.0	0.0	0.9415384615384615	0.21094017094017092	0.018461538461538463	0.018461538461538463	0.018461538461538463	0.46217954114241677	0.4276923076923077	0.15794871794871793	0.0	0.0	TCL1A;IGHM;MZB1			0.0	0.0	0.9815384615384616	0.9815384615384616	0.2276923076923077	2.825230769230769
vaccination_study_06	B_lineage	0	Naive B Cell	2	325	0.9661261951618803	0.9661261951618803	0.27692307692307694	0.09867692307692309	0.010384615384615384	0.10906153846153847	0.16786153846153845	0.16786153846153845	0.0	0.9446153846153846	0.3032967032967033	0.27692307692307694	0.009230769230769232	0.2523076923076923	0.7270220486077781	0.2	0.10307692307692308	0.027692307692307693	0.013846153846153845	CD27;MZB1	ITGAX;TBX21		0.0	0.0	0.2953846153846154	0.2953846153846154	0.5907692307692308	1.6447846153846155
vaccination_study_06	B_lineage	0	Plasma Cell	3	325	0.7163830787718352	0.7163830787718352	0.4461538461538462	0.4278615384615384	0.338	0.6	0.0	0.0	0.0	0.5661538461538461	0.1876923076923077	0.4461538461538462	0.07692307692307693	0.3230769230769231	0.8515719393691696	0.9046153846153846	0.38230769230769224	0.8830769230769231	0.4871794871794872	MS4A1;CD79A;CD3D;LST1	LILRA4;IRF7;TCF4		0.0	0.0	0.036923076923076927	0.036923076923076927	0.16307692307692306	0.2916923076923077
vaccination_study_06	B_lineage	0	Plasmablast	4	325	0.6317943537853323	0.6317943537853323	0.4369230769230769	0.3589948717948718	0.24946153846153848	0.6	0.0	0.0	0.0	0.5753846153846154	0.15384615384615385	0.4369230769230769	0.07384615384615385	0.3230769230769231	0.8558752845601717	0.7784615384615384	0.28717948717948716	0.6461538461538462	0.3707692307692308	MS4A1;LST1;CD3D	LILRA4;IRF7		0.0	0.0	0.006153846153846154	0.003076923076923077	0.0	0.012923076923076923
vaccination_study_06	B_lineage	1	Memory B Cell	1	291	0.9673627196572563	0.9673627196572563	0.061855670103092786	0.16297823596792668	0.0	0.16297823596792668	0.0	0.0	0.0	0.9965635738831615	0.3711340206185567	0.030927835051546393	0.030927835051546393	0.030927835051546393	0.664616498143219	0.3539518900343643	0.12943871706758303	0.0	0.0	TCL1A;IGHM;MZB1			0.0	0.0	1.0	1.0	0.6116838487972509	3.334020618556701
vaccination_study_06	B_lineage	1	Naive B Cell	2	291	0.9643323638516867	0.9643323638516867	0.29896907216494845	0.04790378006872852	0.014175257731958763	0.062079037800687284	0.23689003436426115	0.23689003436426115	0.0	0.9896907216494846	0.46637211585665195	0.29896907216494845	0.01718213058419244	0.2852233676975945	0.7828834481028065	0.09621993127147767	0.05154639175257732	0.037800687285223365	0.018900343642611686	CD27;MZB1	ITGAX;TBX21		0.0	0.0	0.0	0.0	0.3470790378006873	0.6533848797250859
vaccination_study_06	B_lineage	1	Plasmablast	3	291	0.5389679374423101	0.6529209621993127	0.7203008964988874	0.43356242840778925	0.3559278350515464	0.6	0.12030089649888742	0.12030089649888742	0.0	0.8384879725085911	0.2549828178694158	0.6529209621993127	0.054982817869415807	0.6357388316151202	1.2695197371982987	0.9347079037800687	0.35624284077892326	0.865979381443299	0.640893470790378	MS4A1;LST1;CD3D	LILRA4;IRF7		0.0	0.0	0.1718213058419244	0.0	0.0	0.3952149858459665
vaccination_study_06	B_lineage	1	Plasma Cell	4	291	0.625864260958916	0.6701030927835051	0.7375161292929511	0.4761168384879725	0.37079037800687287	0.6	0.1375161292929511	0.1375161292929511	0.0	0.8350515463917526	0.3109965635738831	0.6701030927835051	0.08247422680412371	0.6357388316151202	1.2696521460377836	0.979381443298969	0.4725085910652921	0.9312714776632303	0.6093928980526918	MS4A1;CD79A;CD3D;LST1	LILRA4;IRF7;TCF4		0.0	0.0	0.0	0.0	0.037800687285223365	0.18287695403521914
vaccination_study_06	B_lineage	10	Memory B Cell	1	195	0.9346731918006235	0.9346731918006235	0.03076923076923077	0.08136752136752137	0.0	0.08136752136752137	0.0	0.0	0.0	0.8205128205128205	0.18005698005698006	0.015384615384615385	0.015384615384615385	0.015384615384615385	0.4122141853432366	0.1794871794871795	0.05982905982905983	0.0	0.0	TCL1A;IGHM;MZB1			0.0	0.0	0.9435897435897436	0.9435897435897436	0.38461538461538464	2.914871794871795
vaccination_study_06	B_lineage	10	Naive B Cell	2	195	0.9431547048886257	0.9431547048886257	0.06666666666666667	0.06087179487179487	0.01346153846153846	0.07433333333333333	0.0	0.0	0.0	0.8051282051282052	0.22564102564102567	0.06666666666666667	0.0	0.06153846153846154	0.19426237045015696	0.12307692307692308	0.0641025641025641	0.035897435897435895	0.017948717948717947	CD27;MZB1	ITGAX;TBX21		0.0	0.0	0.03076923076923077	0.03076923076923077	0.5333333333333333	0.72
vaccination_study_06	B_lineage	10	Plasma Cell	3	195	0.757885020637768	0.757885020637768	0.4153846153846154	0.29461538461538467	0.23153846153846153	0.5261538461538462	0.0	0.0	0.0	0.7692307692307693	0.2602564102564102	0.4153846153846154	0.06666666666666667	0.3641025641025641	0.7941303245719238	0.6461538461538462	0.2230769230769231	0.6358974358974359	0.2717948717948718	MS4A1;CD79A;CD3D;LST1	LILRA4;IRF7;TCF4		0.0	0.0	0.03076923076923077	0.03076923076923077	0.06666666666666667	0.16000000000000003
vaccination_study_06	B_lineage	10	Plasmablast	4	195	0.6752817011790523	0.6752817011790523	0.41025641025641024	0.26495726495726496	0.16192307692307692	0.42688034188034185	0.0	0.0	0.0	0.7743589743589744	0.21128205128205124	0.41025641025641024	0.06666666666666667	0.3641025641025641	0.8048075682123473	0.5794871794871795	0.20341880341880345	0.4256410256410256	0.2282051282051282	MS4A1;LST1;CD3D	LILRA4;IRF7		0.0	0.0	0.005128205128205128	0.0	0.0	0.008205128205128205
vaccination_study_06	B_lineage	11	Memory B Cell	1	174	0.974416134032289	0.974416134032289	0.04597701149425287	0.07555555555555554	0.0	0.07555555555555554	0.0	0.0	0.0	0.9827586206896551	0.2707535121328225	0.022988505747126436	0.022988505747126436	0.022988505747126436	0.5356917887550038	0.16666666666666666	0.05555555555555555	0.0	0.0	TCL1A;IGHM;MZB1			0.0	0.0	0.9827586206896551	0.9827586206896551	0.39080459770114945	3.024137931034483
vaccination_study_06	B_lineage	11	Naive B Cell	2	174	0.9691478430484683	0.9691478430484683	0.13793103448275862	0.025344827586206896	0.008620689655172414	0.033965517241379306	0.10396551724137931	0.10396551724137931	0.0	0.9770114942528736	0.34236453201970446	0.13793103448275862	0.0	0.13218390804597702	0.37483608810997304	0.05172413793103448	0.02586206896551724	0.022988505747126436	0.011494252873563218	CD27;MZB1	ITGAX;TBX21		0.0	0.0	0.05747126436781609	0.05747126436781609	0.5977011494252874	0.970632183908046
vaccination_study_06	B_lineage	11	Plasma Cell	3	174	0.2493425521168951	0.29310344827586204	0.29310344827586204	0.4222126436781609	0.26379310344827583	0.6	0.0	0.0	0.0	0.4827586206896552	0.14224137931034483	0.29310344827586204	0.005747126436781609	0.27011494252873564	0.5658494243863174	0.9022988505747126	0.36063218390804597	0.7241379310344828	0.3103448275862069	MS4A1;CD79A;CD3D;LST1	LILRA4;IRF7;TCF4		0.0	0.0	0.017241379310344827	0.017241379310344827	0.005747126436781609	0.05172413793103448
vaccination_study_06	B_lineage	11	Plasmablast	4	174	0.20621222940141765	0.29310344827586204	0.29310344827586204	0.3866283524904215	0.1896551724137931	0.5762835249042146	0.0	0.0	0.0	0.4942528735632184	0.11839080459770115	0.29310344827586204	0.005747126436781609	0.27011494252873564	0.580455034522469	0.8333333333333334	0.31800766283524906	0.5	0.26436781609195403	MS4A1;LST1;CD3D	LILRA4;IRF7		0.0	0.0	0.0	0.0	0.0	0.0
vaccination_study_06	B_lineage	12	Memory B Cell	1	174	0.9880266114004075	0.9880266114004075	0.4522866102936409	0.16919540229885058	0.0	0.16919540229885058	0.2830912079947904	0.2830912079947904	0.0	1.0	0.45721583652618136	0.10919540229885058	0.10919540229885058	0.10919540229885058	1.935583222783759	0.3620689655172414	0.14367816091954022	0.0	0.0	TCL1A;IGHM;MZB1			0.0	0.0	0.9885057471264368	0.9885057471264368	0.5402298850574713	3.5014820125924917
vaccination_study_06	B_lineage	12	Naive B Cell	2	174	0.9789355439836988	0.9789355439836988	0.3333333333333333	0.07385057471264368	0.01982758620689655	0.09367816091954023	0.23965517241379308	0.23965517241379308	0.0	1.0	0.5213464696223318	0.3333333333333333	0.05172413793103448	0.28735632183908044	0.8699575720159203	0.14942528735632185	0.07758620689655173	0.05172413793103448	0.028735632183908046	CD27;MZB1	ITGAX;TBX21		0.0	0.0	0.06321839080459771	0.06321839080459771	0.4425287356321839	0.9350574712643678
vaccination_study_06	B_lineage	12	Plasmablast	3	174	0.42948762604712726	0.42948762604712726	0.3563218390804598	0.43268199233716476	0.3771551724137931	0.6	0.0	0.0	0.0	0.5747126436781609	0.15402298850574714	0.3563218390804598	0.022988505747126436	0.3333333333333333	0.7015207413815355	0.9367816091954023	0.3486590038314177	0.9885057471264368	0.5373563218390804	MS4A1;LST1;CD3D	LILRA4;IRF7		0.0	0.0	0.0	0.0	0.0	0.0
vaccination_study_06	B_lineage	12	Plasma Cell	4	174	0.5131707274595517	0.5131707274595517	0.3620689655172414	0.47933908045977014	0.3816091954022988	0.6	0.0	0.0	0.0	0.5344827586206896	0.16522988505747127	0.3620689655172414	0.028735632183908046	0.3333333333333333	0.6945978713456615	0.9827586206896551	0.4813218390804598	0.9942528735632183	0.5555555555555555	MS4A1;CD79A;CD3D;LST1	LILRA4;IRF7;TCF4		0.0	0.0	0.0	0.0	0.0	0.0
vaccination_study_06	B_lineage	13	Memory B Cell	1	172	0.9945401347985858	0.9945401347985858	0.563953488372093	0.21468992248062016	0.0	0.21468992248062016	0.3492635658914729	0.3492635658914729	0.0	0.9941860465116279	0.4857881136950904	0.1569767441860465	0.1569767441860465	0.1569767441860465	2.711492040869465	0.46511627906976744	0.17248062015503876	0.0	0.0	TCL1A;IGHM;MZB1			0.0	0.0	1.0	1.0	0.7732558139534884	3.877170542635659
vaccination_study_06	B_lineage	13	Naive B Cell	2	172	0.9894285863564325	0.9894285863564325	0.44011037568728967	0.10953488372093023	0.01744186046511628	0.12697674418604651	0.3131336315012432	0.3131336315012432	0.0	0.9941860465116279	0.5780730897009967	0.4186046511627907	0.023255813953488372	0.3953488372093023	1.0860228980979958	0.22093023255813954	0.11627906976744186	0.046511627906976744	0.023255813953488372	CD27;MZB1	ITGAX;TBX21		0.0	0.0	0.01744186046511628	0.01744186046511628	0.22674418604651161	0.6305754919663594
vaccination_study_06	B_lineage	13	Plasmablast	3	172	0.44759574356920184	0.44759574356920184	0.3953488372093023	0.44825581395348835	0.34098837209302324	0.6	0.0	0.0	0.0	0.6744186046511628	0.18837209302325583	0.3953488372093023	0.046511627906976744	0.36627906976744184	0.7762589790196907	0.9709302325581395	0.3604651162790698	0.8895348837209303	0.4941860465116279	MS4A1;LST1;CD3D	LILRA4;IRF7		0.0	0.0	0.0	0.0	0.0	0.0
vaccination_study_06	B_lineage	13	Plasma Cell	4	172	0.521051394137829	0.521051394137829	0.3953488372093023	0.4871802325581396	0.3758720930232558	0.6	0.0	0.0	0.0	0.5872093023255814	0.19622093023255816	0.3953488372093023	0.046511627906976744	0.36627906976744184	0.7567264823783683	0.9883720930232558	0.5072674418604651	0.9709302325581395	0.563953488372093	MS4A1;CD79A;CD3D;LST1	LILRA4;IRF7;TCF4		0.0	0.0	0.0	0.0	0.0	0.0
vaccination_study_06	B_lineage	14	Memory B Cell	1	144	0.9646197251780769	0.9646197251780769	1.0	0.2875462962962963	0.0	0.2875462962962963	0.7124537037037038	0.7124537037037038	0.0	0.9861111111111112	0.37808641975308643	0.375	0.375	0.375	6.251915144372422	0.5972222222222222	0.27546296296296297	0.0	0.0	TCL1A;IGHM;MZB1			0.0	0.0	0.8194444444444444	0.8194444444444444	0.3958333333333333	3.3180092592592594
vaccination_study_06	B_lineage	14	Naive B Cell	2	144	0.9627562305160313	0.9627562305160313	0.6070972734875453	0.2348611111111111	0.020833333333333332	0.25569444444444445	0.35140282904310083	0.35140282904310083	0.0	0.9513888888888888	0.4871031746031746	0.5208333333333334	0.1527777777777778	0.4166666666666667	1.3450557606168478	0.4652777777777778	0.2638888888888889	0.05555555555555555	0.027777777777777776	CD27;MZB1	ITGAX;TBX21		0.0	0.0	0.1597222222222222	0.1597222222222222	0.3125	1.1416806068208785
vaccination_study_06	B_lineage	14	Plasmablast	3	144	0.5910543548302827	0.7361111111111112	0.8433191478565701	0.48129629629629633	0.37604166666666666	0.6	0.24331914785657016	0.24331914785657016	0.0	0.9305555555555556	0.3402777777777778	0.7361111111111112	0.1388888888888889	0.7222222222222222	1.428832146981836	0.9583333333333334	0.5324074074074074	0.9375	0.6319444444444444	MS4A1;LST1;CD3D	LILRA4;IRF7		0.0	0.0	0.13194444444444445	0.0	0.0	0.4544302589676813
vaccination_study_06	B_lineage	14	Plasma Cell	4	144	0.6273315453073025	0.7430555555555556	0.8445164635936346	0.5	0.3753472222222222	0.6	0.24451646359363466	0.24451646359363466	0.0	0.8541666666666666	0.3315972222222222	0.7430555555555556	0.18055555555555555	0.7222222222222222	1.4058436321523162	0.9861111111111112	0.6024305555555556	0.9444444444444444	0.6134259259259259	MS4A1;CD79A;CD3D;LST1	LILRA4;IRF7;TCF4		0.0	0.0	0.027777777777777776	0.027777777777777776	0.08333333333333333	0.4167386858158568
vaccination_study_06	B_lineage	15	Memory B Cell	1	136	0.9162820669116494	0.9162820669116494	0.04411764705882353	0.13990196078431372	0.0	0.13990196078431372	0.0	0.0	0.0	0.6176470588235294	0.09232026143790849	0.022058823529411766	0.022058823529411766	0.022058823529411766	0.5205949203488113	0.3014705882352941	0.11519607843137254	0.0	0.0	TCL1A;IGHM;MZB1			0.0	0.0	0.6617647058823529	0.6617647058823529	0.5	2.320588235294118
vaccination_study_06	B_lineage	15	Naive B Cell	2	136	0.9338894790922865	0.9338894790922865	0.22794117647058823	0.06485294117647059	0.013786764705882354	0.07863970588235294	0.14930147058823529	0.14930147058823529	0.0	0.625	0.13550420168067226	0.22794117647058823	0.007352941176470588	0.22058823529411764	0.6029089169853337	0.1323529411764706	0.0661764705882353	0.03676470588235294	0.01838235294117647	CD27;MZB1	ITGAX;TBX21		0.0	0.0	0.07352941176470588	0.07352941176470588	0.15441176470588236	0.5257720588235294
vaccination_study_06	B_lineage	15	Plasma Cell	3	136	0.2493425521168951	0.2867647058823529	0.2867647058823529	0.22915441176470586	0.20441176470588232	0.43356617647058815	0.0	0.0	0.0	0.3382352941176471	0.0974264705882353	0.2867647058823529	0.029411764705882353	0.18382352941176472	0.5540159274231424	0.5147058823529411	0.1525735294117647	0.5661764705882353	0.23039215686274508	MS4A1;CD79A;CD3D;LST1	LILRA4;IRF7;TCF4		0.0	0.0	0.11029411764705882	0.11029411764705882	0.0	0.2867647058823529
vaccination_study_06	B_lineage	15	Plasmablast	4	136	0.20621222940141765	0.27205882352941174	0.27205882352941174	0.19323529411764706	0.18529411764705883	0.3785294117647059	0.0	0.0	0.0	0.3602941176470588	0.08235294117647059	0.27205882352941174	0.022058823529411766	0.18382352941176472	0.5401537497525393	0.41911764705882354	0.15441176470588236	0.49264705882352944	0.25	MS4A1;LST1;CD3D	LILRA4;IRF7		0.0	0.0	0.03676470588235294	0.03676470588235294	0.0	0.09558823529411765
vaccination_study_06	B_lineage	16	Memory B Cell	1	103	0.9165694282380397	0.9165694282380397	0.14358822005382754	0.022006472491909384	0.0	0.022006472491909384	0.12158174756191815	0.12158174756191815	0.0	0.5339805825242718	0.06903991370010787	0.05825242718446602	0.05825242718446602	0.05825242718446602	1.108333462739582	0.04854368932038835	0.016181229773462782	0.0	0.0	TCL1A;IGHM;MZB1			0.0	0.0	0.3106796116504854	0.3106796116504854	0.1941747572815534	1.1623584465910444
vaccination_study_06	B_lineage	16	Plasma Cell	2	103	0.2493425521168951	0.4563106796116505	0.4563106796116505	0.20116504854368933	0.09611650485436891	0.29728155339805823	0.15902912621359228	0.15902912621359228	0.0	0.47572815533980584	0.12378640776699029	0.4563106796116505	0.009708737864077669	0.36893203883495146	0.8705332491080663	0.4563106796116505	0.1262135922330097	0.27184466019417475	0.0970873786407767	MS4A1;CD79A;CD3D;LST1	LILRA4;IRF7;TCF4		0.0	0.0	0.20388349514563106	0.20388349514563106	0.019417475728155338	0.7124271844660195
vaccination_study_06	B_lineage	16	Naive B Cell	3	103	0.3729079224646894	0.3729079224646894	0.009708737864077669	0.04757281553398058	0.003640776699029126	0.051213592233009704	0.0	0.0	0.0	0.4854368932038835	0.08044382801664354	0.009708737864077669	0.0	0.009708737864077669	0.04993912351378032	0.0970873786407767	0.04854368932038835	0.009708737864077669	0.0048543689320388345	CD27;MZB1	ITGAX;TBX21		0.0	0.0	0.07766990291262135	0.07766990291262135	0.17475728155339806	0.4116504854368932
vaccination_study_06	B_lineage	16	Plasmablast	4	103	0.855596579529424	0.855596579529424	0.4077669902912621	0.1635598705501618	0.08082524271844659	0.2443851132686084	0.16338187702265372	0.16338187702265372	0.0	0.5242718446601942	0.11067961165048543	0.4077669902912621	0.0	0.36893203883495146	0.8000402309879425	0.3592233009708738	0.12297734627831715	0.21359223300970873	0.11165048543689321	MS4A1;LST1;CD3D	LILRA4;IRF7		0.0	0.0	0.0	0.0	0.0	0.16338187702265372
vaccination_study_06	B_lineage	17	Naive B Cell	1	84	0.9594907608979606	0.9594907608979606	1.0	0.011666666666666665	0.06249999999999999	0.07416666666666666	0.9258333333333333	0.9258333333333333	0.0	0.9761904761904762	0.4506802721088436	0.7976190476190477	0.07142857142857142	0.7976190476190477	2.0463911818848834	0.023809523809523808	0.011904761904761904	0.16666666666666666	0.08333333333333333	CD27;MZB1	ITGAX;TBX21		0.0	0.0	0.5119047619047619	0.21428571428571427	0.9880952380952381	3.1448809523809524
vaccination_study_06	B_lineage	17	Memory B Cell	2	84	0.9560598408192411	0.9560598408192411	0.023809523809523808	0.36769841269841275	0.0	0.36769841269841275	0.0	0.0	0.0	0.9642857142857143	0.28835978835978837	0.011904761904761904	0.011904761904761904	0.011904761904761904	0.3557057472370209	0.7976190476190477	0.29365079365079366	0.0	0.0	TCL1A;IGHM;MZB1			0.0	0.0	0.9642857142857143	0.9642857142857143	0.011904761904761904	2.5214285714285714
vaccination_study_06	B_lineage	17	Plasmablast	3	84	0.520433131890141	0.520433131890141	0.40476190476190477	0.2841269841269841	0.3348214285714286	0.6	0.0	0.0	0.0	0.7857142857142857	0.1976190476190476	0.40476190476190477	0.0	0.39285714285714285	0.794285373909911	0.6190476190476191	0.2222222222222222	0.8690476190476191	0.49404761904761907	MS4A1;LST1;CD3D	LILRA4;IRF7		0.0	0.0	0.011904761904761904	0.0	0.0	0.01904761904761905
vaccination_study_06	B_lineage	17	Plasma Cell	4	84	0.6117661401278323	0.6117661401278323	0.40476190476190477	0.41464285714285715	0.33035714285714285	0.6	0.0	0.0	0.0	0.7857142857142857	0.24404761904761904	0.40476190476190477	0.0	0.39285714285714285	0.7742992908919223	0.8809523809523809	0.36309523809523814	0.9047619047619048	0.39285714285714285	MS4A1;CD79A;CD3D;LST1	LILRA4;IRF7;TCF4		0.0	0.0	0.0	0.0	0.0	0.0
vaccination_study_06	B_lineage	18	Memory B Cell	1	56	0.9886709974050402	0.9886709974050402	0.07142857142857142	0.21702380952380954	0.0	0.21702380952380954	0.0	0.0	0.0	1.0	0.4503968253968254	0.03571428571428571	0.03571428571428571	0.03571428571428571	0.7423424290163915	0.4642857142857143	0.18452380952380953	0.0	0.0	TCL1A;IGHM;MZB1			0.0	0.0	1.0	1.0	0.8035714285714286	3.5642857142857145
vaccination_study_06	B_lineage	18	Naive B Cell	2	56	0.9823142165485292	0.9823142165485292	0.5147287592676342	0.017499999999999998	0.06160714285714286	0.07910714285714286	0.4356216164104913	0.4356216164104913	0.0	1.0	0.5586734693877552	0.4642857142857143	0.08928571428571429	0.35714285714285715	1.2017721799276793	0.03571428571428571	0.017857142857142856	0.16071428571428573	0.08928571428571429	CD27;MZB1	ITGAX;TBX21		0.0	0.0	0.03571428571428571	0.017857142857142856	0.19642857142857142	0.7463359021247771
vaccination_study_06	B_lineage	18	Plasmablast	3	56	0.46590414322785145	0.46590414322785145	0.4107142857142857	0.4248809523809524	0.37901785714285713	0.6	0.0	0.0	0.0	0.6964285714285714	0.19285714285714287	0.4107142857142857	0.0	0.4107142857142857	0.8056844177375504	0.9285714285714286	0.3273809523809524	0.9464285714285714	0.6339285714285714	MS4A1;LST1;CD3D	LILRA4;IRF7		0.0	0.0	0.0	0.0	0.0	0.0
vaccination_study_06	B_lineage	18	Plasma Cell	4	56	0.559035336735227	0.559035336735227	0.4107142857142857	0.4792857142857143	0.35803571428571423	0.6	0.0	0.0	0.0	0.6785714285714286	0.23214285714285715	0.4107142857142857	0.0	0.4107142857142857	0.7854115080401989	0.9821428571428571	0.48214285714285715	0.9464285714285714	0.494047619047619	MS4A1;CD79A;CD3D;LST1	LILRA4;IRF7;TCF4		0.0	0.0	0.0	0.0	0.0	0.0
vaccination_study_06	B_lineage	2	Memory B Cell	1	286	0.9734060154304325	0.9734060154304325	0.27791418952291075	0.4001864801864802	0.0	0.4001864801864802	0.0	0.0	0.0	1.0	0.32478632478632474	0.08041958041958042	0.08041958041958042	0.08041958041958042	1.4683001147349997	0.8216783216783217	0.3997668997668998	0.0	0.0	TCL1A;IGHM;MZB1			0.0	0.0	1.0	1.0	0.2902097902097902	2.9482517482517485
vaccination_study_06	B_lineage	2	Naive B Cell	2	286	0.9777860986781379	0.9777860986781379	1.0	0.12146853146853148	0.015734265734265736	0.1372027972027972	0.8627972027972028	0.8627972027972028	0.0	1.0	0.5009990009990011	0.7867132867132867	0.23426573426573427	0.7027972027972028	2.01875754320946	0.24475524475524477	0.12937062937062938	0.04195804195804196	0.02097902097902098	CD27;MZB1	ITGAX;TBX21		0.0	0.0	0.33916083916083917	0.33916083916083917	0.6853146853146853	2.566993006993007
vaccination_study_06	B_lineage	2	Plasma Cell	3	286	0.6229862937355231	0.6713286713286714	0.7393137014250158	0.4846153846153846	0.41643356643356644	0.6	0.13931370142501587	0.13931370142501587	0.0	0.7377622377622378	0.24825174825174823	0.6713286713286714	0.11538461538461539	0.5944055944055944	1.271940120385378	1.0	0.4755244755244755	1.0	0.7762237762237763	MS4A1;CD79A;CD3D;LST1	LILRA4;IRF7;TCF4		0.0	0.0	0.0034965034965034965	0.0034965034965034965	0.024475524475524476	0.17777523988655433
vaccination_study_06	B_lineage	2	Plasmablast	4	286	0.5560049809296574	0.6678321678321678	0.7423509885660805	0.39132867132867133	0.40305944055944054	0.6	0.14235098856608053	0.14235098856608053	0.0	0.7587412587412588	0.21468531468531465	0.6678321678321678	0.1048951048951049	0.5944055944055944	1.2980752829356508	0.8496503496503497	0.3111888111888112	0.986013986013986	0.715034965034965	MS4A1;LST1;CD3D	LILRA4;IRF7		0.0	0.0	0.0	0.0	0.0	0.14235098856608053
vaccination_study_06	B_lineage	3	Naive B Cell	1	284	0.964689388529929	0.964689388529929	1.0	0.017253521126760565	0.025088028169014082	0.04234154929577465	0.9576584507042254	0.9576584507042254	0.0	0.9753521126760564	0.5075452716297787	0.8063380281690141	0.24647887323943662	0.7640845070422535	2.0684838318354744	0.035211267605633804	0.017605633802816902	0.06690140845070422	0.03345070422535211	CD27;MZB1	ITGAX;TBX21		0.0	0.0	0.24647887323943662	0.1267605633802817	0.9823943661971831	2.6576584507042256
vaccination_study_06	B_lineage	3	Memory B Cell	2	284	0.9540483115345095	0.9540483115345095	0.0	0.3888732394366198	0.0	0.3888732394366198	0.0	0.0	0.0	0.9753521126760564	0.2930359937402191	0.0	0.0	0.0	0.16238740634733562	0.8133802816901409	0.3626760563380282	0.0	0.0	TCL1A;IGHM;MZB1			0.0	0.0	0.9436619718309859	0.9436619718309859	0.01056338028169014	2.4661971830985916
vaccination_study_06	B_lineage	3	Plasmablast	3	284	0.5953255890907191	0.6056338028169014	0.6503745442205198	0.3584507042253521	0.3015845070422535	0.6	0.05037454422051979	0.05037454422051979	0.0	0.7992957746478874	0.2436619718309859	0.6056338028169014	0.028169014084507043	0.5985915492957746	1.1789629656144733	0.778169014084507	0.2852112676056338	0.7816901408450704	0.4471830985915493	MS4A1;LST1;CD3D	LILRA4;IRF7		0.0	0.0	0.3274647887323944	0.0	0.0	0.5743182061923509
vaccination_study_06	B_lineage	3	Plasma Cell	4	284	0.6888225151953187	0.6888225151953187	0.6481226586648772	0.45019366197183097	0.3107394366197183	0.6	0.048122658664877194	0.048122658664877194	0.0	0.7992957746478874	0.3045774647887324	0.6091549295774648	0.035211267605633804	0.5985915492957746	1.1558709163496497	0.9436619718309859	0.4163732394366197	0.8380281690140845	0.39553990610328643	MS4A1;CD79A;CD3D;LST1	LILRA4;IRF7;TCF4		0.0	0.0	0.0	0.0	0.007042253521126761	0.05657336289022931
vaccination_study_06	B_lineage	4	Memory B Cell	1	268	0.9639666312544628	0.9639666312544628	0.15236909986643932	0.3890547263681592	0.0	0.3890547263681592	0.0	0.0	0.0	0.9888059701492538	0.31467661691542287	0.05970149253731343	0.05970149253731343	0.05970149253731343	1.1318644591672498	0.7761194029850746	0.42786069651741293	0.0	0.0	TCL1A;IGHM;MZB1			0.0	0.0	0.9925373134328358	0.9925373134328358	0.27611940298507465	2.9119402985074627
vaccination_study_06	B_lineage	4	Naive B Cell	2	268	0.9677284522544802	0.9677284522544802	0.8290574345234513	0.23182835820895523	0.019589552238805968	0.2514179104477612	0.5776395240756901	0.5776395240756901	0.0	0.9850746268656716	0.4877398720682303	0.6567164179104478	0.19029850746268656	0.4701492537313433	1.689364066452014	0.4664179104477612	0.24813432835820895	0.05223880597014925	0.026119402985074626	CD27;MZB1	ITGAX;TBX21		0.0	0.0	0.30970149253731344	0.30970149253731344	0.3358208955223881	1.7858484792995708
vaccination_study_06	B_lineage	4	Plasma Cell	3	268	0.7835864435117296	0.8022388059701493	0.931321313474436	0.4822761194029851	0.4110074626865671	0.6	0.33132131347443605	0.33132131347443605	0.0	0.8582089552238806	0.3843283582089553	0.8022388059701493	0.3582089552238806	0.7201492537313433	1.5163300300171472	0.9850746268656716	0.4906716417910448	0.9888059701492538	0.7624378109452735	MS4A1;CD79A;CD3D;LST1	LILRA4;IRF7;TCF4		0.0	0.0	0.03731343283582089	0.03731343283582089	0.3694029850746269	0.8716198209371226
vaccination_study_06	B_lineage	4	Plasmablast	4	268	0.7119289782127867	0.8022388059701493	0.9411061273762036	0.4231840796019901	0.4041044776119403	0.6	0.3411061273762036	0.3411061273762036	0.0	0.8656716417910447	0.3194029850746269	0.8022388059701493	0.35447761194029853	0.7201492537313433	1.5554692856242174	0.914179104477612	0.34452736318407967	0.9626865671641791	0.7686567164179104	MS4A1;LST1;CD3D	LILRA4;IRF7		0.0	0.0	0.20149253731343283	0.0	0.0	0.6634941870776961
vaccination_study_06	B_lineage	5	Naive B Cell	1	265	0.9619463940507498	0.9619463940507498	0.20754716981132076	0.016641509433962264	0.00990566037735849	0.026547169811320756	0.181	0.181	0.0	0.9132075471698113	0.3105121293800539	0.20754716981132076	0.011320754716981131	0.11320754716981132	0.5512334203339565	0.033962264150943396	0.016981132075471698	0.026415094339622643	0.013207547169811321	CD27;MZB1	ITGAX;TBX21		0.0	0.0	0.39622641509433965	0.39245283018867927	0.8943396226415095	2.280622641509434
vaccination_study_06	B_lineage	5	Memory B Cell	2	265	0.9626865671641791	0.9626865671641791	0.022641509433962263	0.10518238993710692	0.0	0.10518238993710692	0.0	0.0	0.0	0.9320754716981132	0.21132075471698114	0.011320754716981131	0.011320754716981131	0.011320754716981131	0.34622220598582876	0.23018867924528302	0.08050314465408805	0.0	0.0	TCL1A;IGHM;MZB1			0.0	0.0	0.8264150943396227	0.8264150943396227	0.011320754716981131	2.1622641509433964
vaccination_study_06	B_lineage	5	Plasma Cell	3	265	0.7407652519200961	0.7407652519200961	0.2339622641509434	0.36320754716981135	0.2050943396226415	0.5683018867924529	0.0	0.0	0.0	0.5433962264150943	0.16415094339622643	0.2339622641509434	0.0037735849056603774	0.20754716981132076	0.45544155807872894	0.7886792452830189	0.28867924528301886	0.5622641509433962	0.2427672955974843	MS4A1;CD79A;CD3D;LST1	LILRA4;IRF7;TCF4		0.0	0.0	0.018867924528301886	0.018867924528301886	0.0	0.04905660377358491
vaccination_study_06	B_lineage	5	Plasmablast	4	265	0.6552621954405337	0.6552621954405337	0.22641509433962265	0.32659119496855343	0.16160377358490566	0.4881949685534591	0.0	0.0	0.0	0.5471698113207547	0.13358490566037737	0.22641509433962265	0.0037735849056603774	0.20754716981132076	0.4527442116779995	0.7094339622641509	0.2591194968553459	0.43018867924528303	0.2169811320754717	MS4A1;LST1;CD3D	LILRA4;IRF7		0.0	0.0	0.0	0.0	0.0	0.0
vaccination_study_06	B_lineage	6	Memory B Cell	1	240	0.9279245545899442	0.9279245545899442	0.03333333333333333	0.12394444444444444	0.0	0.12394444444444444	0.0	0.0	0.0	0.9458333333333333	0.2726851851851852	0.016666666666666666	0.016666666666666666	0.016666666666666666	0.43303308359289494	0.26666666666666666	0.10277777777777779	0.0	0.0	TCL1A;IGHM;MZB1			0.0	0.0	0.9958333333333333	0.9958333333333333	0.5625	3.2641666666666667
vaccination_study_06	B_lineage	6	Naive B Cell	2	240	0.9249725700552083	0.9249725700552083	0.1125	0.1005	0.0390625	0.1395625	0.0	0.0	0.0	0.9041666666666667	0.2976190476190476	0.1125	0.004166666666666667	0.08333333333333333	0.3103974832192725	0.20416666666666666	0.10416666666666667	0.10416666666666667	0.05208333333333333	CD27;MZB1	ITGAX;TBX21		0.0	0.0	0.029166666666666667	0.008333333333333333	0.3458333333333333	0.47
vaccination_study_06	B_lineage	6	Plasmablast	3	240	0.6390219265399955	0.6708333333333333	0.7467889915846809	0.26811111111111113	0.3240625	0.5921736111111111	0.15461538047356982	0.15461538047356982	0.0	0.9083333333333333	0.3166666666666666	0.6708333333333333	0.15833333333333333	0.6375	1.3038226330053906	0.5833333333333334	0.2111111111111111	0.8208333333333333	0.51875	MS4A1;LST1;CD3D	LILRA4;IRF7		0.0	0.0	0.17083333333333334	0.0	0.0	0.4279487138069032
vaccination_study_06	B_lineage	6	Plasma Cell	4	240	0.7234887406607569	0.7234887406607569	0.7446984873559215	0.35208333333333336	0.34812499999999996	0.6	0.1446984873559215	0.1446984873559215	0.0	0.9083333333333333	0.3916666666666666	0.675	0.18333333333333332	0.6375	1.2787939494236855	0.7625	0.2833333333333334	0.9083333333333333	0.5041666666666668	MS4A1;CD79A;CD3D;LST1	LILRA4;IRF7;TCF4		0.0	0.0	0.0	0.0	0.075	0.2346984873559215
vaccination_study_06	B_lineage	7	Memory B Cell	1	236	0.9707065605461607	0.9707065605461607	0.03389830508474576	0.10274011299435028	0.0	0.10274011299435028	0.0	0.0	0.0	0.9915254237288136	0.3568738229755179	0.01694915254237288	0.01694915254237288	0.01694915254237288	0.4376202984614638	0.2245762711864407	0.0790960451977401	0.0	0.0	TCL1A;IGHM;MZB1			0.0	0.0	0.9957627118644068	0.9957627118644068	0.6779661016949152	3.402542372881356
vaccination_study_06	B_lineage	7	Naive B Cell	2	236	0.9647677598007628	0.9647677598007628	0.1652542372881356	0.03783898305084746	0.022245762711864406	0.06008474576271186	0.10516949152542374	0.10516949152542374	0.0	0.9915254237288136	0.4261501210653753	0.1652542372881356	0.00847457627118644	0.1271186440677966	0.4440691769612284	0.07627118644067797	0.04025423728813559	0.059322033898305086	0.029661016949152543	CD27;MZB1	ITGAX;TBX21		0.0	0.0	0.0211864406779661	0.0211864406779661	0.3050847457627119	0.5263559322033898
vaccination_study_06	B_lineage	7	Plasmablast	3	236	0.4855448544906738	0.5127118644067796	0.5129653133739782	0.39516949152542374	0.33463983050847457	0.6	0.0	0.0	0.0	0.7076271186440678	0.20338983050847456	0.5127118644067796	0.0423728813559322	0.4915254237288136	1.0010137958687944	0.8559322033898306	0.3177966101694915	0.8516949152542372	0.527542372881356	MS4A1;LST1;CD3D	LILRA4;IRF7		0.0	0.0	0.0211864406779661	0.0	0.0	0.03389830508474576
vaccination_study_06	B_lineage	7	Plasma Cell	4	236	0.5672643201727652	0.5672643201727652	0.5127118644067796	0.4654661016949152	0.3614406779661017	0.6	0.0	0.0	0.0	0.7076271186440678	0.25	0.5127118644067796	0.05084745762711865	0.4915254237288136	0.9758259408691441	0.9661016949152542	0.4470338983050847	0.940677966101695	0.5282485875706215	MS4A1;CD79A;CD3D;LST1	LILRA4;IRF7;TCF4		0.0	0.0	0.00423728813559322	0.00423728813559322	0.00847457627118644	0.0211864406779661
vaccination_study_06	B_lineage	8	Plasma Cell	1	218	0.9223514864417701	0.9223514864417701	0.9253464106500116	0.1619724770642202	0.15114678899082568	0.31311926605504586	0.6122271445949656	0.6122271445949656	0.0	0.8440366972477065	0.3165137614678899	0.7981651376146789	0.28440366972477066	0.6238532110091743	1.5087250921413307	0.3532110091743119	0.12614678899082568	0.41743119266055045	0.172782874617737	MS4A1;CD79A;CD3D;LST1	LILRA4;IRF7;TCF4		0.0	0.0	0.2889908256880734	0.2889908256880734	0.01834862385321101	1.3856216400078096
vaccination_study_06	B_lineage	8	Memory B Cell	2	218	0.3050645256796531	0.3050645256796531	0.15195422343492598	0.06896024464831804	0.0	0.06896024464831804	0.08299397878660794	0.08299397878660794	0.0	0.42201834862385323	0.0779816513761468	0.05963302752293578	0.05963302752293578	0.05963302752293578	1.1307526735562177	0.15137614678899083	0.051987767584097865	0.0	0.0	TCL1A;IGHM;MZB1			0.0	0.0	0.17889908256880735	0.17889908256880735	0.05963302752293578	0.6196912264930301
vaccination_study_06	B_lineage	8	Plasmablast	3	218	0.8967023110816976	0.8967023110816976	0.7519329956179086	0.1579204892966361	0.1555045871559633	0.3134250764525994	0.4385079191653092	0.4385079191653092	0.0	0.8440366972477065	0.26513761467889907	0.6743119266055045	0.06422018348623854	0.6238532110091743	1.3104842760496165	0.3394495412844037	0.13149847094801223	0.40825688073394495	0.22018348623853212	MS4A1;LST1;CD3D	LILRA4;IRF7		0.0	0.0	0.022935779816513763	0.013761467889908258	0.0	0.4889666347616395
vaccination_study_06	B_lineage	8	Naive B Cell	4	218	0.3729079224646894	0.3729079224646894	0.04128440366972477	0.08192660550458716	0.027522935779816515	0.10944954128440368	0.0	0.0	0.0	0.39908256880733944	0.0963302752293578	0.04128440366972477	0.0	0.027522935779816515	0.12994734553047996	0.1651376146788991	0.0871559633027523	0.07339449541284404	0.03669724770642202	CD27;MZB1	ITGAX;TBX21		0.0	0.0	0.04128440366972477	0.04128440366972477	0.0963302752293578	0.22293577981651377
vaccination_study_06	B_lineage	9	Naive B Cell	1	207	0.9874954283425347	0.9874954283425347	1.0	0.014202898550724638	0.030797101449275364	0.045	0.955	0.955	0.0	1.0	0.6169772256728779	0.8695652173913043	0.27053140096618356	0.782608695652174	2.2286924882079444	0.028985507246376812	0.014492753623188404	0.0821256038647343	0.04106280193236715	CD27;MZB1	ITGAX;TBX21		0.0	0.0	0.7632850241545893	0.6811594202898551	0.9806763285024155	4.034227053140096
vaccination_study_06	B_lineage	9	Memory B Cell	2	207	0.9809993207823194	0.9809993207823194	0.01932367149758454	0.41729468599033814	0.0	0.41729468599033814	0.0	0.0	0.0	1.0	0.36446591519055294	0.00966183574879227	0.00966183574879227	0.00966183574879227	0.31928345112737005	0.8743961352657005	0.3864734299516908	0.0	0.0	TCL1A;IGHM;MZB1			0.0	0.0	1.0	1.0	0.01932367149758454	2.6231884057971016
vaccination_study_06	B_lineage	9	Plasmablast	3	207	0.4909350563402358	0.4909350563402358	0.357487922705314	0.4111111111111111	0.3619565217391304	0.6	0.0	0.0	0.0	0.6473429951690821	0.17101449275362318	0.357487922705314	0.004830917874396135	0.34299516908212563	0.7037538374237317	0.8888888888888888	0.3333333333333333	0.961352657004831	0.49033816425120774	MS4A1;LST1;CD3D	LILRA4;IRF7		0.0	0.0	0.0	0.0	0.0	0.0
vaccination_study_06	B_lineage	9	Plasma Cell	4	207	0.5823856214841777	0.5823856214841777	0.3671497584541063	0.48210144927536236	0.37318840579710144	0.6	0.0	0.0	0.0	0.6376811594202898	0.2113526570048309	0.3671497584541063	0.004830917874396135	0.34299516908212563	0.7040829622448403	0.9855072463768116	0.48913043478260876	0.9903381642512077	0.5072463768115942	MS4A1;CD79A;CD3D;LST1	LILRA4;IRF7;TCF4		0.0	0.0	0.0	0.0	0.0	0.0
vaccination_study_06	T_NK_lineage	0	NK Cell	1	5886	0.7817360107281561	0.9950730547060822	1.0	0.1977172952769283	0.08600917431192659	0.2837264695888549	0.7162735304111452	0.7162735304111452	0.0	0.9986408426775399	0.5224260958205913	0.9950730547060822	0.9354400271831464	0.8851512062521237	1.50835666518881	0.445633707101597	0.12898402990146113	0.218144750254842	0.13710499490316003	CD3D;CD3E;TRAC;MS4A1;LST1	CD8A;CD8B		0.0	0.0	0.716785592932382	0.6141692150866462	0.0	2.4772996941896026
vaccination_study_06	T_NK_lineage	0	CD8 Cytotoxic / T Effector Memory	2	5886	0.7306727738205123	0.9797825348284064	1.0	0.11404009514101257	0.33743628950050963	0.4514763846415222	0.5485236153584778	0.5485236153584778	0.0	0.9984709480122325	0.46761189880455944	0.9797825348284064	0.7682636765205573	0.8851512062521237	1.4737381501928741	0.25722052327556916	0.07407407407407408	0.8776758409785933	0.49422358137954464	CCR7;TCF7;LEF1;MS4A1	KLRD1;FCGR3A		0.0	0.0	0.5925925925925926	0.20829085966700644	0.0	1.7049626231736323
vaccination_study_06	T_NK_lineage	0	NKT Cell	3	5886	0.7430728504501994	0.8768263676520557	0.9105904534326907	0.006659870880054366	0.08600917431192659	0.09266904519198095	0.8179214082407098	0.8179214082407098	0.0	0.9988107373428474	0.480146594825494	0.8768263676520557	0.3012232415902141	0.8270472307169555	1.1350563431225402	0.013591573224600747	0.006795786612300374	0.218144750254842	0.13710499490316003	MS4A1;LST1	CD8A;CD8B		0.0	0.0	0.0	0.0	0.0	0.8179214082407098
vaccination_study_06	T_NK_lineage	0	CD4 T Effector Memory	4	5886	0.28073460004528117	0.8374108053007135	0.9356762288781282	0.11595310907237513	0.39917176350662587	0.515124872579001	0.4205513562991272	0.4205513562991272	0.0	0.9604145429833503	0.2730396043342017	0.8374108053007135	0.0290519877675841	0.8348623853211009	1.3930616943096588	0.2502548419979613	0.09480122324159022	0.9894665307509344	0.6822120285423039	CCR7;TCF7;LEF1	NKG7;GNLY;GZMB;PRF1		0.0	0.0	0.010873258579680599	0.0010193679918450561	0.011213047910295617	0.45242359551081596
vaccination_study_06	T_NK_lineage	0	MAIT Cell	5	5886	0.18497796896497676	0.273190621814475	0.5831548923582146	0.006659870880054366	0.3968059802922188	0.4034658511722732	0.17968904118594142	0.17968904118594142	0.0	0.6889228678219503	0.18181560765658622	0.273190621814475	0.273190621814475	0.273190621814475	1.1470945949170581	0.013591573224600747	0.006795786612300374	0.9808019028202515	0.6837693963076227	MS4A1;LST1	NKG7;GNLY;GZMB		0.0	0.0	0.006455997281685355	0.005946313285762827	0.0	0.1959649501224008
vaccination_study_06	T_NK_lineage	0	gdT Cell	6	5886	0.33273829220292933	0.33273829220292933	0.32195867214223006	0.006659870880054366	0.42138124362895	0.4280411145090044	0.0	0.0	0.0	0.5314305130818893	0.13189489183372974	0.22460074753652734	0.027353041114509005	0.10397553516819572	1.389431698422811	0.013591573224600747	0.006795786612300374	0.9765545361875637	0.8560992184845396	MS4A1;LST1	NKG7;GNLY		0.0	0.0	0.040774719673802244	0.04009514101257221	0.0	0.1053346924906558
vaccination_study_06	T_NK_lineage	0	CD4 Naive / T Central Memory	7	5886	0.14076351033629983	0.23360516479782534	0.23360516479782534	0.5	0.08600917431192659	0.5860091743119266	0.0	0.0	0.0	0.6877336051647979	0.1264525993883792	0.23360516479782534	0.021916411824668705	0.17227319062181448	0.38559243991266595	0.9894665307509344	0.6822120285423039	0.218144750254842	0.13710499490316003	NKG7;GNLY;GZMB;PRF1	CD8A;CD8B		0.0	0.0	0.025144410465511382	0.0030581039755351682	0.0006795786612300374	0.044104655113829425
vaccination_study_06	T_NK_lineage	0	Treg	8	5886	0.3693768613176823	0.3693768613176823	0.017329255861365953	0.4951308188922868	0.08693934760448521	0.582070166496772	0.0	0.0	0.0	0.7499150526673463	0.16199456337071017	0.017329255861365953	0.0005096839959225281	0.010023785253143052	0.25329935181090757	0.983010533469249	0.552667346245328	0.22799864084267754	0.12359836901121304	NKG7;GNLY;GZMB;CD8A	CCR7;TCF7		0.0	0.0	0.009174311926605505	0.009174311926605505	0.00016989466530750936	0.024057084607543324
vaccination_study_06	T_NK_lineage	0	CD8 Naive / T Central Memory	9	5886	0.1410552256221808	0.33893985728848114	0.33893985728848114	0.5	0.0044342507645259936	0.504434250764526	0.0	0.0	0.0	0.6955487597689433	0.15866274021217955	0.33893985728848114	0.06218144750254842	0.17227319062181448	0.502690160501535	0.9894665307509344	0.6822120285423039	0.009853890587835541	0.009853890587835541	NKG7;GNLY;GZMB;PRF1	CD4		0.0	0.0	0.0006795786612300374	0.0003397893306150187	0.0	0.0014271151885830787
vaccination_study_06	T_NK_lineage	1	CD4 Naive / T Central Memory	1	6074	0.7897211724342117	0.8944682252222588	1.0	0.19258314125782022	0.08222341126111293	0.27480655251893316	0.7251934474810668	0.7251934474810668	0.0	0.9925913730655251	0.660339150477445	0.8944682252222588	0.6567336187026671	0.7672044781033915	1.4316449738509105	0.4324991768192295	0.12833388212051366	0.1983865656898255	0.1513829436944353	NKG7;GNLY;GZMB;PRF1	CD8A;CD8B		0.0	0.0	0.9466578860717814	0.6769838656568983	0.8287783997365822	3.9113640105367145
vaccination_study_06	T_NK_lineage	1	CD8 Naive / T Central Memory	2	6074	0.7590431738623103	0.9018768521567336	1.0	0.19258314125782022	0.07460487323016134	0.2671880144879816	0.7328119855120184	0.7328119855120184	0.0	0.9897925584458347	0.6324772253320163	0.9018768521567336	0.6537701679288772	0.7672044781033915	1.3136691369405078	0.4324991768192295	0.12833388212051366	0.16578860717813632	0.16578860717813632	NKG7;GNLY;GZMB;PRF1	CD4		0.0	0.0	0.11195258478761937	0.02156733618702667	0.0	0.9335034573592361
vaccination_study_06	T_NK_lineage	1	NKT Cell	3	6074	0.47089813476375414	0.9027000329272308	0.94474309781856	0.022983207112281856	0.08222341126111293	0.10520661837339479	0.8395364794451652	0.8395364794451652	0.0	0.9777741191965755	0.41410696646126344	0.9027000329272308	0.1624958840961475	0.8796509713533092	1.168172259565317	0.046756667764241026	0.023707606190319395	0.1983865656898255	0.1513829436944353	MS4A1;LST1	CD8A;CD8B		0.0	0.0	0.0	0.0	0.0	0.8395364794451652
vaccination_study_06	T_NK_lineage	1	CD4 T Effector Memory	4	6074	0.6350598234034031	0.6350598234034031	0.4127428383272967	0.49884754692130395	0.1489998353638459	0.6	0.0	0.0	0.0	0.992920645373724	0.4654995792631617	0.4127428383272967	0.05614092854790912	0.28613763582482715	0.6949484841752963	0.9183404675666776	0.6812644056634838	0.4324991768192295	0.12833388212051366	CCR7;TCF7;LEF1	NKG7;GNLY;GZMB;PRF1		0.0	0.0	0.32910767204478103	0.12183075403358577	0.04115903852486006	0.6977938755350674
vaccination_study_06	T_NK_lineage	1	Treg	5	6074	0.6724733973075114	0.6724733973075114	0.2264472832148972	0.22115574580177808	0.37876605202502467	0.5999217978268028	0.0	0.0	0.0	0.9608165953243333	0.28805153111623316	0.1366480079025354	0.00707935462627593	0.11771485018109977	1.3591971012494473	0.49324991768192294	0.15327625946657886	0.8859071452090879	0.7532927230819888	NKG7;GNLY;GZMB;CD8A	CCR7;TCF7		0.0	0.0	0.11425749094501153	0.1121172209417188	0.022390516957523872	0.3217978268027659
vaccination_study_06	T_NK_lineage	1	CD8 Cytotoxic / T Effector Memory	6	6074	0.4214632787056549	0.47925584458347054	0.47925584458347054	0.4636030622324663	0.02013911755021403	0.4837421797826803	0.0	0.0	0.0	0.9853473822851498	0.28227616966504027	0.47925584458347054	0.09911096476786302	0.26819229502798814	0.7284782040455972	0.9206453737240698	0.517081000987817	0.05367138623641752	0.026918011195258478	CCR7;TCF7;LEF1;MS4A1	KLRD1;FCGR3A		0.0	0.0	0.025518603885413237	0.0029634507737899243	0.0	0.043793216990451106
vaccination_study_06	T_NK_lineage	1	MAIT Cell	7	6074	0.7178982566746199	0.7178982566746199	0.20974646032268687	0.022983207112281856	0.14824662495884097	0.17122983207112283	0.038516628251564045	0.038516628251564045	0.0	0.9813961145867632	0.4965975194819449	0.10487323016134344	0.10487323016134344	0.10487323016134344	0.46530658598244906	0.046756667764241026	0.023707606190319395	0.41455383602239054	0.1592031610141587	MS4A1;LST1	NKG7;GNLY;GZMB		0.0	0.0	0.0016463615409944023	0.0009878169245966415	0.0	0.04213862364175173
vaccination_study_06	T_NK_lineage	1	NK Cell	8	6074	0.1598861004197217	0.4275600921962463	0.4275600921962463	0.47102008561080017	0.08222341126111293	0.5532434968719131	0.0	0.0	0.0	0.4785972999670728	0.07550625617385578	0.4275600921962463	0.07211063549555483	0.26819229502798814	0.6566653820779664	0.9570299637800461	0.48794863351992096	0.1983865656898255	0.1513829436944353	CD3D;CD3E;TRAC;MS4A1;LST1	CD8A;CD8B		0.0	0.0	0.0031280869278893647	0.0026341784655910436	0.0	0.007639117550214028
vaccination_study_06	T_NK_lineage	1	gdT Cell	9	6074	0.7061556279280378	0.7061556279280378	0.04329930852815278	0.022983207112281856	0.15344501152453077	0.17642821863681263	0.0	0.0	0.0	0.9511030622324662	0.3076500932938207	0.04329930852815278	0.002140270003292723	0.02156733618702667	0.31566714748640023	0.046756667764241026	0.023707606190319395	0.3989134013829437	0.22513994073098453	MS4A1;LST1	NKG7;GNLY		0.0	0.0	0.00032927230819888045	0.00032927230819888045	0.0	0.0008561080013170892
vaccination_study_06	T_NK_lineage	2	CD4 Naive / T Central Memory	1	10261	0.5930092826416343	0.7411558327648378	0.7883991306961486	0.19866338563492836	0.033542052431536885	0.23220543806646524	0.5561936926296834	0.5561936926296834	0.0	0.9911314686677711	0.37917356982750217	0.7411558327648378	0.2970470714355326	0.5260695838612222	1.1889731917252433	0.4455706071532989	0.13339343143943083	0.08790566221615827	0.047802358444596044	NKG7;GNLY;GZMB;PRF1	CD8A;CD8B		0.0	0.0	0.9977585030698762	0.4981970568170744	0.8036253776435045	3.6151548075307653
vaccination_study_06	T_NK_lineage	2	CD8 Naive / T Central Memory	2	10261	0.5375572545673035	0.7274144820192964	0.7429982184280415	0.19866338563492836	0.048372478315953614	0.24703586395088198	0.49596235447715953	0.49596235447715953	0.0	0.9873306695253874	0.3751096384367995	0.7274144820192964	0.2639118994250073	0.5260695838612222	1.0623349456349804	0.4455706071532989	0.13339343143943083	0.1074943962576747	0.1074943962576747	NKG7;GNLY;GZMB;PRF1	CD4		0.0	0.0	0.02036838514764643	0.011889679368482604	0.0	0.5404414500818764
vaccination_study_06	T_NK_lineage	2	Treg	3	10261	0.30991483655236074	0.30991483655236074	0.3162703370585539	0.20007504141896504	0.2877570412240522	0.48783208264301725	0.0	0.0	0.0	0.655394211090537	0.12177175713868044	0.16372673228730145	0.001949127765325017	0.1574895234382614	1.6101744190850098	0.4483968424130202	0.13492836955462428	0.7178637559692038	0.48265276288860737	NKG7;GNLY;GZMB;CD8A	CCR7;TCF7		0.0	0.0	0.15476074456680636	0.15398109346067634	0.02163531819510769	0.4275606666016958
vaccination_study_06	T_NK_lineage	2	NKT Cell	4	10261	0.19987286438286977	0.367508040152032	0.367508040152032	0.00802260988207777	0.033542052431536885	0.04156466231361466	0.3259433778384173	0.3259433778384173	0.0	0.7547997271221129	0.18104612471633227	0.367508040152032	0.04444011304941039	0.22434460578890947	0.483175637513792	0.016372673228730143	0.008186336614365072	0.08790566221615827	0.047802358444596044	MS4A1;LST1	CD8A;CD8B		0.0	0.0	0.0	0.0	0.0	0.3259433778384173
vaccination_study_06	T_NK_lineage	2	CD4 T Effector Memory	5	10261	0.297453804489803	0.3707241009648182	0.3707241009648182	0.41664944937140636	0.1536801968619043	0.5703296462333106	0.0	0.0	0.0	0.9654029821654809	0.2609665508018495	0.3707241009648182	0.03264789006919404	0.28866582204463503	0.6258737295264515	0.824773413897281	0.46925250950199787	0.4455706071532989	0.13339343143943083	CCR7;TCF7;LEF1	NKG7;GNLY;GZMB;PRF1		0.0	0.0	0.11197739011792222	0.09209628691160705	0.01919890848845142	0.2942988012864243
vaccination_study_06	T_NK_lineage	2	NK Cell	6	10261	0.4182239328445288	0.4492739499074164	0.4492739499074164	0.24631205535522854	0.033542052431536885	0.27985410778676545	0.16941984212065098	0.16941984212065098	0.0	0.5014131176298606	0.0816684533671182	0.4492739499074164	0.08342266835591074	0.2936360978462138	0.6892523088214983	0.5625182730727999	0.1479777799434753	0.08790566221615827	0.047802358444596044	CD3D;CD3E;TRAC;MS4A1;LST1	CD8A;CD8B		0.0	0.0	0.004385537471981288	0.0037033427541175324	0.0	0.18014004482993856
vaccination_study_06	T_NK_lineage	2	CD8 Cytotoxic / T Effector Memory	7	10261	0.22380222574409167	0.43436312250268005	0.43436312250268005	0.3925484845531625	0.02453708215573531	0.4170855667088978	0.017277555793782262	0.017277555793782262	0.0	0.8264301724978073	0.1497727494219064	0.43436312250268005	0.07513887535327941	0.2936360978462138	0.6616351199655808	0.8273072799922034	0.3553259916187506	0.06529578013838808	0.032988987428125914	CCR7;TCF7;LEF1;MS4A1	KLRD1;FCGR3A		0.0	0.0	0.016470129616996395	0.0008771074943962577	0.0	0.044506870675372755
vaccination_study_06	T_NK_lineage	2	gdT Cell	8	10261	0.33833748410804787	0.33833748410804787	0.028067439820680246	0.00802260988207777	0.16097115290907318	0.16899376279115094	0.0	0.0	0.0	0.5118409511743495	0.10403469447422281	0.028067439820680246	0.0009745638826625085	0.01481337101647013	0.2254558355847549	0.016372673228730143	0.008186336614365072	0.4172107981678199	0.23871942305818145	MS4A1;LST1	NKG7;GNLY		0.0	0.0	0.00029236916479875256	0.00029236916479875256	0.0	0.0007601598284767567
vaccination_study_06	T_NK_lineage	2	MAIT Cell	9	10261	0.41959978404360926	0.41959978404360926	0.11402397427151349	0.00802260988207777	0.154770490205633	0.16279310008771075	0.0	0.0	0.0	0.9251534938115193	0.2695643699444499	0.057011987135756746	0.057011987135756746	0.057011987135756746	0.27143938505293014	0.016372673228730143	0.008186336614365072	0.4317318000194913	0.1683396679985706	MS4A1;LST1	NKG7;GNLY;GZMB		0.0	0.0	0.00029236916479875256	0.0001949127765325017	0.0	0.0006627034402105058
vaccination_study_06	T_NK_lineage	3	MAIT Cell	1	2454	0.9156550967449799	0.9156550967449799	1.0	0.04808068459657702	0.36986552567237163	0.4179462102689486	0.5820537897310514	0.5820537897310514	0.0	0.9767726161369193	0.6223852214072263	0.5933170334148329	0.5933170334148329	0.5933170334148329	2.4438016471637796	0.0973920130399348	0.050325998370008146	0.9502852485737572	0.56519967400163	MS4A1;LST1	NKG7;GNLY;GZMB		0.0	0.0	0.45558272208638956	0.35248573757131213	0.0	1.6634718826405868
vaccination_study_06	T_NK_lineage	3	CD8 Cytotoxic / T Effector Memory	2	2454	0.7794545359549975	0.9645476772616137	1.0	0.3086430317848411	0.18132640586797064	0.48996943765281176	0.5100305623471882	0.5100305623471882	0.0	0.9991850040749797	0.6238423353337779	0.9645476772616137	0.7681336593317033	0.8691931540342298	1.45105418677779	0.6764466177669112	0.2345150774246129	0.4820700896495517	0.24470252648736757	CCR7;TCF7;LEF1;MS4A1	KLRD1;FCGR3A		0.0	0.0	0.5350448247758761	0.27709861450692747	0.0	1.6432008964955176
vaccination_study_06	T_NK_lineage	3	NKT Cell	3	2454	0.7630314007558474	0.9706601466992665	1.0	0.04808068459657702	0.21500611246943763	0.2630867970660147	0.7369132029339853	0.7369132029339853	0.0	0.9979625101874491	0.6263243683781582	0.9706601466992665	0.7889160554197229	0.8744906275468622	1.2551549666994195	0.0973920130399348	0.050325998370008146	0.513039934800326	0.40729421352893236	MS4A1;LST1	CD8A;CD8B		0.0	0.0	0.0	0.0	0.0	0.7369132029339853
vaccination_study_06	T_NK_lineage	3	CD4 T Effector Memory	4	2454	0.9384088890436963	0.9384088890436963	1.0	0.3127601195327357	0.3769559902200489	0.6	0.4	0.4	0.0	0.9959250203748982	0.6270940867517883	0.9070904645476773	0.35493072534637327	0.8728606356968215	1.507608338702574	0.6568867155664222	0.28701439826134206	0.9649551752241239	0.5831295843520783	CCR7;TCF7;LEF1	NKG7;GNLY;GZMB;PRF1		0.0	0.0	0.12306438467807661	0.021597392013039934	0.07946210268948656	0.7138549307253464
vaccination_study_06	T_NK_lineage	3	CD4 Naive / T Central Memory	5	2454	0.5533708354377471	0.6503667481662592	0.6616834836652247	0.4949714751426243	0.21500611246943763	0.6	0.06168348366522469	0.06168348366522469	0.0	0.9796251018744906	0.40863895680521595	0.6503667481662592	0.1491442542787286	0.5904645476772616	1.045266941995862	0.9649551752241239	0.5831295843520783	0.513039934800326	0.40729421352893236	NKG7;GNLY;GZMB;PRF1	CD8A;CD8B		0.0	0.0	0.2644661776691117	0.13732681336593316	0.016299918500407497	0.6417160835022255
vaccination_study_06	T_NK_lineage	3	NK Cell	6	2454	0.6897107229314339	0.958842705786471	1.0	0.4639299103504482	0.21500611246943763	0.6	0.4	0.4	0.0	0.9731051344743277	0.38798899755501226	0.958842705786471	0.7273838630806846	0.8691931540342298	1.4539842113466437	0.9462102689486552	0.4744091279543602	0.513039934800326	0.40729421352893236	CD3D;CD3E;TRAC;MS4A1;LST1	CD8A;CD8B		0.0	0.0	0.07008964955175224	0.0488997555012225	0.0	0.5610431947840261
vaccination_study_06	T_NK_lineage	3	CD8 Naive / T Central Memory	7	2454	0.6083613438060572	0.7828035859820701	0.8183360019264864	0.4949714751426243	0.017970660146699263	0.5129421352893235	0.30539386663716284	0.30539386663716284	0.0	0.9800325998370009	0.4963325183374083	0.7828035859820701	0.3773431132844336	0.5904645476772616	1.142129663777665	0.9649551752241239	0.5831295843520783	0.03993480032599837	0.03993480032599837	NKG7;GNLY;GZMB;PRF1	CD4		0.0	0.0	0.044417277913610435	0.0	0.0	0.37646151129893957
vaccination_study_06	T_NK_lineage	3	gdT Cell	8	2454	0.8151874814956721	0.8151874814956721	0.34604707266784585	0.04808068459657702	0.3988997555012225	0.44698044009779947	0.0	0.0	0.0	0.9527302363488183	0.3690573213800598	0.23431132844335778	0.04971475142624287	0.12754686226568868	1.4469429768979523	0.0973920130399348	0.050325998370008146	0.9482477587612061	0.7628361858190709	MS4A1;LST1	NKG7;GNLY		0.0	0.0	0.09168704156479218	0.06845965770171149	0.0	0.21515892420537897
vaccination_study_06	T_NK_lineage	3	Treg	9	2454	0.7069828802312823	0.7069828802312823	0.035859820700896494	0.48577628361858194	0.24948044009779952	0.6	0.0	0.0	0.0	0.958842705786471	0.2755195599022005	0.035859820700896494	0.0012224938875305623	0.02567237163814181	0.4250486334727786	0.9661776691116545	0.5392216788916055	0.6393643031784841	0.38447432762836187	NKG7;GNLY;GZMB;CD8A	CCR7;TCF7		0.0	0.0	0.01263243683781581	0.011409942950285249	0.0	0.03162184189079055
vaccination_study_06	T_NK_lineage	4	NK Cell	1	2325	0.910900572981069	1.0	1.0	0.2515956989247312	0.10274193548387095	0.35433763440860216	0.6456623655913978	0.6456623655913978	0.0	1.0	0.7523118279569891	1.0	0.9956989247311828	0.9879569892473118	1.5157507453885573	0.5505376344086022	0.19268817204301075	0.2589247311827957	0.16709677419354838	CD3D;CD3E;TRAC;MS4A1;LST1	CD8A;CD8B		0.0	0.0	0.9341935483870968	0.8808602150537634	0.0	3.021232258064516
vaccination_study_06	T_NK_lineage	4	CD8 Cytotoxic / T Effector Memory	2	2325	0.8669952454762361	1.0	1.0	0.09851827956989248	0.3940967741935484	0.49261505376344084	0.5073849462365592	0.5073849462365592	0.0	1.0	0.6148191593352884	1.0	0.9703225806451613	0.9879569892473118	1.5038409744751178	0.22408602150537635	0.06075268817204302	0.9797849462365591	0.667741935483871	CCR7;TCF7;LEF1;MS4A1	KLRD1;FCGR3A		0.0	0.0	0.2361290322580645	0.07913978494623657	0.0	0.964331182795699
vaccination_study_06	T_NK_lineage	4	NKT Cell	3	2325	0.893327992476358	0.9909677419354839	1.0	0.004425806451612904	0.10274193548387095	0.10716774193548385	0.8928322580645162	0.8928322580645162	0.0	1.0	0.6027649769585253	0.9909677419354839	0.5178494623655914	0.9879569892473118	1.2811468244375481	0.00903225806451613	0.004516129032258065	0.2589247311827957	0.16709677419354838	MS4A1;LST1	CD8A;CD8B		0.0	0.0	0.0	0.0	0.0	0.8928322580645162
vaccination_study_06	T_NK_lineage	4	gdT Cell	4	2325	0.45742698409933996	0.6348387096774194	0.8848387096774194	0.004425806451612904	0.44687096774193547	0.45129677419354836	0.43354193548387104	0.43354193548387104	0.0	0.7896774193548387	0.24853046594982076	0.6348387096774194	0.19010752688172042	0.5045161290322581	3.8190813669780392	0.00903225806451613	0.004516129032258065	0.9995698924731182	0.98	MS4A1;LST1	NKG7;GNLY		0.0	0.0	0.07483870967741936	0.06494623655913978	0.0	0.6182301075268818
vaccination_study_06	T_NK_lineage	4	MAIT Cell	5	2325	0.25063132412616035	0.6219354838709678	1.0	0.004425806451612904	0.4365376344086021	0.440963440860215	0.559036559139785	0.559036559139785	0.0	0.8795698924731182	0.2467383512544803	0.6219354838709678	0.6219354838709678	0.6219354838709678	2.559723811615399	0.00903225806451613	0.004516129032258065	0.9995698924731182	0.9111111111111111	MS4A1;LST1	NKG7;GNLY;GZMB		0.0	0.0	0.0	0.0	0.0	0.559036559139785
vaccination_study_06	T_NK_lineage	4	CD4 T Effector Memory	6	2325	0.5012626482523207	0.9346236559139784	1.0	0.09979068100358424	0.4339354838709677	0.5337261648745519	0.46627383512544807	0.46627383512544807	0.0	0.9931182795698925	0.3577060931899642	0.9346236559139784	0.012473118279569893	0.9341935483870968	1.5528702517848374	0.2172043010752688	0.07842293906810037	0.9995698924731182	0.8937634408602151	CCR7;TCF7;LEF1	NKG7;GNLY;GZMB;PRF1		0.0	0.0	0.0008602150537634409	0.0	0.00043010752688172043	0.4681663082437276
vaccination_study_06	T_NK_lineage	4	CD4 Naive / T Central Memory	7	2325	0.11279367456765182	0.20043010752688173	0.20043010752688173	0.5	0.10274193548387095	0.6	0.0	0.0	0.0	0.7238709677419355	0.12395698924731183	0.20043010752688173	0.012473118279569893	0.15698924731182795	0.3330810274885408	0.9995698924731182	0.8937634408602151	0.2589247311827957	0.16709677419354838	NKG7;GNLY;GZMB;PRF1	CD8A;CD8B		0.0	0.0	0.0008602150537634409	0.0	0.0	0.0013763440860215055
vaccination_study_06	T_NK_lineage	4	CD8 Naive / T Central Memory	8	2325	0.11862798028527143	0.3905376344086022	0.3905376344086022	0.5	0.0015483870967741937	0.5015483870967742	0.0	0.0	0.0	0.7621505376344087	0.16377538829151733	0.3905376344086022	0.05548387096774193	0.24	0.5770230127689459	0.9995698924731182	0.8937634408602151	0.0034408602150537634	0.0034408602150537634	NKG7;GNLY;GZMB;PRF1	CD4		0.0	0.0	0.0	0.0	0.0	0.0
vaccination_study_06	T_NK_lineage	4	Treg	9	2325	0.5708127971577353	0.5708127971577353	0.033118279569892474	0.5	0.07506451612903225	0.5750645161290322	0.0	0.0	0.0	0.9402150537634408	0.2739247311827957	0.033118279569892474	0.0	0.03053763440860215	0.3996388456992321	1.0	0.7433333333333334	0.1978494623655914	0.10473118279569893	NKG7;GNLY;GZMB;CD8A	CCR7;TCF7		0.0	0.0	0.0	0.0	0.0	0.0
vaccination_study_06	T_NK_lineage	5	CD8 Cytotoxic / T Effector Memory	1	3451	0.9626081958933455	1.0	1.0	0.2078209214720371	0.3517893364242249	0.559610257896262	0.44038974210373805	0.44038974210373805	0.0	1.0	0.8410210479175997	1.0	0.9875398435236163	0.9991306867574616	1.5038409744751178	0.46595189800057957	0.13981454650825847	0.8985801217038539	0.5481019994204579	CCR7;TCF7;LEF1;MS4A1	KLRD1;FCGR3A		0.0	0.0	0.9379889886989279	0.6392350043465662	0.0	2.5804071283685888
vaccination_study_06	T_NK_lineage	5	NK Cell	2	3451	0.8750413626151622	1.0	1.0	0.46576412634019126	0.3034555201390901	0.6	0.4	0.4	0.0	1.0	0.7203346855983773	1.0	0.9886989278470009	0.9991306867574616	1.5157507453885573	0.9524775427412344	0.4719211822660099	0.7055925818603304	0.6118516372066067	CD3D;CD3E;TRAC;MS4A1;LST1	CD8A;CD8B		0.0	0.0	0.2468849608809041	0.1744421906693712	0.0	0.9694581280788178
vaccination_study_06	T_NK_lineage	5	NKT Cell	3	3451	0.9510963269997736	0.9991306867574616	1.0	0.01834830483917705	0.3034555201390901	0.32180382497826715	0.6781961750217329	0.6781961750217329	0.0	1.0	0.7372604214099433	0.9991306867574616	0.8136771950159374	0.9991306867574616	1.2915946444806938	0.03738046942915097	0.018835120254998554	0.7055925818603304	0.6118516372066067	MS4A1;LST1	CD8A;CD8B		0.0	0.0	0.0	0.0	0.0	0.6781961750217329
vaccination_study_06	T_NK_lineage	5	CD4 T Effector Memory	4	3451	0.8793082429161079	0.9985511445957693	1.0	0.21109823239640682	0.43462402202260214	0.6	0.4	0.4	0.0	0.9997102289191538	0.5161144917737209	0.9985511445957693	0.09040857722399305	0.9985511445957693	1.657960882136683	0.4543610547667343	0.17473196175021732	1.0	0.897493480150681	CCR7;TCF7;LEF1	NKG7;GNLY;GZMB;PRF1		0.0	0.0	0.006954505940307157	0.0	0.0	0.4111272095044915
vaccination_study_06	T_NK_lineage	5	gdT Cell	5	3451	0.8723941552447796	0.8723941552447796	0.65973630831643	0.01834830483917705	0.4449579831932773	0.4633062880324543	0.19643002028397571	0.19643002028397571	0.0	0.9701535786728485	0.3757365014971506	0.40973630831643004	0.09562445667922341	0.20805563604752245	2.485903978899362	0.03738046942915097	0.018835120254998554	1.0	0.9663865546218487	MS4A1;LST1	NKG7;GNLY		0.0	0.0	0.06259055346276442	0.036511156186612576	0.0	0.3330860620110114
vaccination_study_06	T_NK_lineage	5	CD8 Naive / T Central Memory	6	3451	0.5503927271460667	0.7884671109823239	0.8260392754907946	0.5	0.009518980005795421	0.5095189800057954	0.31652029548499916	0.31652029548499916	0.0	0.9716024340770791	0.44032325573907727	0.7884671109823239	0.30078238191828455	0.6572008113590264	1.1502886580338825	1.0	0.897493480150681	0.021153288901767604	0.021153288901767604	NKG7;GNLY;GZMB;PRF1	CD4		0.0	0.0	0.0002897710808461316	0.0	0.0	0.316983929214353
vaccination_study_06	T_NK_lineage	5	MAIT Cell	7	3451	0.5593792995349971	0.5593792995349971	0.7029444134450078	0.01834830483917705	0.435207186322805	0.453555491161982	0.24938892228302578	0.24938892228302578	0.0	0.9773978556940017	0.41340674200714767	0.3129527673138221	0.3129527673138221	0.3129527673138221	1.3081555152694542	0.03738046942915097	0.018835120254998554	1.0	0.9013812421520333	MS4A1;LST1	NKG7;GNLY;GZMB		0.0	0.0	0.0028977108084613156	0.0011590843233845263	0.0	0.25518434389994843
vaccination_study_06	T_NK_lineage	5	CD4 Naive / T Central Memory	8	3451	0.3836709103258503	0.43088959721819764	0.43088959721819764	0.5	0.3034555201390901	0.6	0.0	0.0	0.0	0.9689944943494639	0.2911909591422776	0.43088959721819764	0.0486815415821501	0.37409446537235586	0.6978657273730963	1.0	0.897493480150681	0.7055925818603304	0.6118516372066067	NKG7;GNLY;GZMB;PRF1	CD8A;CD8B		0.0	0.0	0.04259634888438134	0.0	0.0	0.06815415821501014
vaccination_study_06	T_NK_lineage	5	Treg	9	3451	0.8285236594158728	0.8285236594158728	0.013619240799768183	0.5	0.16145320197044336	0.6	0.0	0.0	0.0	0.9788467110982324	0.32570269487105186	0.013619240799768183	0.0002897710808461316	0.00927267458707621	0.2189133291881734	1.0	0.8403361344537816	0.42277600695450596	0.2308026658939438	NKG7;GNLY;GZMB;CD8A	CCR7;TCF7		0.0	0.0	0.0	0.0	0.0	0.0
vaccination_study_06	T_NK_lineage	6	CD4 Naive / T Central Memory	1	6537	0.8916560720319058	0.991127428484014	1.0	0.18831497628881752	0.053120697567691604	0.24143567385650913	0.7585643261434909	0.7585643261434909	0.0	0.9995410738871042	0.7798684411809698	0.991127428484014	0.8791494569374331	0.9571668961297232	1.584642789215978	0.4238947529447759	0.12379531895364847	0.12727550864310846	0.09958696649839376	NKG7;GNLY;GZMB;PRF1	CD8A;CD8B		0.0	0.0	0.953801437968487	0.6102187547804804	0.9305491815817654	4.01152439957167
vaccination_study_06	T_NK_lineage	6	NKT Cell	2	6537	0.4922586600254271	0.9527306103717301	1.0	0.0274101269695579	0.053120697567691604	0.0805308245372495	0.9194691754627505	0.9194691754627505	0.0	0.9949518127581459	0.4371817565943311	0.9527306103717301	0.15282239559430932	0.9452348171944317	1.2322068060671447	0.05583601040232523	0.028147468257610525	0.12727550864310846	0.09958696649839376	MS4A1;LST1	CD8A;CD8B		0.0	0.0	0.0	0.0	0.0	0.9194691754627505
vaccination_study_06	T_NK_lineage	6	CD8 Naive / T Central Memory	3	6537	0.8607081279715774	0.9903625516291877	1.0	0.18831497628881752	0.09967875172097293	0.28799372800979045	0.7120062719902096	0.7120062719902096	0.0	0.9995410738871042	0.722910611391566	0.9903625516291877	0.8644638213247667	0.9571668961297232	1.4411435126554166	0.4238947529447759	0.12379531895364847	0.22150833715771762	0.22150833715771762	NKG7;GNLY;GZMB;PRF1	CD4		0.0	0.0	0.08444240477283158	0.025546886951200855	0.0	0.872661006577941
vaccination_study_06	T_NK_lineage	6	Treg	4	6537	0.6930110242254306	0.6930110242254306	0.24660870957653516	0.20475141502218142	0.43533731069297843	0.6	0.0	0.0	0.0	0.9903625516291877	0.29713553617867516	0.1427260211106012	0.002600581306409668	0.13798378461067767	1.4155307538637358	0.45831421141196266	0.1390546122074346	0.9900566008872571	0.9221355361786753	NKG7;GNLY;GZMB;CD8A	CCR7;TCF7		0.0	0.0	0.10509407985314365	0.10509407985314365	0.013461832644944164	0.2893988067921065
vaccination_study_06	T_NK_lineage	6	CD4 T Effector Memory	5	6537	0.5809749386091712	0.5809749386091712	0.4040079547192902	0.5	0.14573772372648003	0.6	0.0	0.0	0.0	0.9984702462903473	0.4713001206805704	0.4040079547192902	0.05032889704757534	0.22655652439957166	0.6805891773521444	0.9940339605323543	0.8566110856152159	0.4238947529447759	0.12379531895364847	CCR7;TCF7;LEF1	NKG7;GNLY;GZMB;PRF1		0.0	0.0	0.08015909438580389	0.05491815817653358	0.0021416551935138444	0.1857426954260364
vaccination_study_06	T_NK_lineage	6	CD8 Cytotoxic / T Effector Memory	6	6537	0.3988923527055504	0.44806486155728925	0.44806486155728925	0.5	0.01528223955943093	0.515282239559431	0.0	0.0	0.0	0.9960226403549028	0.2690419569722002	0.44806486155728925	0.08184182346642191	0.2854520422212024	0.682036344333786	0.9940339605323543	0.6486920605782469	0.04069144867676304	0.020498699709346795	CCR7;TCF7;LEF1;MS4A1	KLRD1;FCGR3A		0.0	0.0	0.0021416551935138444	0.0	0.0	0.0034266483096221513
vaccination_study_06	T_NK_lineage	6	NK Cell	7	6537	0.1598861004197217	0.41808168884809543	0.41808168884809543	0.49238243842741314	0.053120697567691604	0.5455031359951047	0.0	0.0	0.0	0.4676457090408444	0.07161159553311916	0.41808168884809543	0.06302585283769313	0.2854520422212024	0.6424407316422703	0.9909744531130488	0.5264188465657029	0.12727550864310846	0.09958696649839376	CD3D;CD3E;TRAC;MS4A1;LST1	CD8A;CD8B		0.0	0.0	0.0006119014838610984	0.0	0.0	0.0009790423741777574
vaccination_study_06	T_NK_lineage	6	gdT Cell	8	6537	0.7421236872812136	0.7421236872812136	0.030136148080159093	0.0274101269695579	0.15187012391005048	0.17928025087960836	0.0	0.0	0.0	0.9883738718066392	0.32555708530926514	0.030136148080159093	0.0007648768548263729	0.016827290806180204	0.23770783759536848	0.05583601040232523	0.028147468257610525	0.394982407832339	0.2225026770689919	MS4A1;LST1	NKG7;GNLY		0.0	0.0	0.0	0.0	0.0	0.0
vaccination_study_06	T_NK_lineage	6	MAIT Cell	9	6537	0.7246904334802069	0.7246904334802069	0.11656723267553924	0.0274101269695579	0.14522716842588343	0.17263729539544131	0.0	0.0	0.0	0.997246443322625	0.5193768803222681	0.05828361633776962	0.05828361633776962	0.05828361633776962	0.2765902582528318	0.05583601040232523	0.028147468257610525	0.4064555606547346	0.1552700015297537	MS4A1;LST1	NKG7;GNLY;GZMB		0.0	0.0	0.0	0.0	0.0	0.0
vaccination_study_06	T_NK_lineage	7	CD4 Naive / T Central Memory	1	6539	0.425869485710305	0.4340113167150941	0.4340113167150941	0.2866065147576082	0.0841642452974461	0.37077076005505427	0.0632405566600398	0.0632405566600398	0.0	0.9726257837589846	0.2681449762960697	0.4340113167150941	0.08778100627007188	0.2985165927511852	0.702806966769766	0.6158434011316715	0.23902737421624104	0.21731151552225111	0.1264719376051384	NKG7;GNLY;GZMB;PRF1	CD8A;CD8B		0.0	0.0	0.6465820461844318	0.20018351429882245	0.3317020951215782	1.695997858999847
vaccination_study_06	T_NK_lineage	7	CD8 Cytotoxic / T Effector Memory	2	6539	0.43433358296034413	0.5962685425906102	0.5962685425906102	0.21670362440740176	0.0867105061936076	0.30341413060100936	0.2928544119896009	0.2928544119896009	0.0	0.915430493959321	0.25063604387660054	0.5962685425906102	0.19406637100474078	0.385991741856553	0.9027044315673988	0.48096039149717085	0.15426670744762197	0.23076923076923078	0.1165315797522557	CCR7;TCF7;LEF1;MS4A1	KLRD1;FCGR3A		0.0	0.0	0.5002293928735281	0.10108579293469949	0.0	1.1943072335219453
vaccination_study_06	T_NK_lineage	7	CD4 T Effector Memory	3	6539	0.49293787770598585	0.5433552530968038	0.5433552530968038	0.21724626599378088	0.2206071264719376	0.43785339246571847	0.1055018606310853	0.1055018606310853	0.0	0.9865422847530203	0.3423561196921038	0.5433552530968038	0.0874751491053678	0.477748891267778	0.9096627062250352	0.46046796146199725	0.1921292756282816	0.6158434011316715	0.23902737421624104	CCR7;TCF7;LEF1	NKG7;GNLY;GZMB;PRF1		0.0	0.0	0.30524545037467504	0.18886679920477137	0.23352194525156753	1.062987714737218
vaccination_study_06	T_NK_lineage	7	Treg	4	6539	0.3369268012330413	0.3369268012330413	0.09114543508181679	0.2787673956262426	0.15793699342407094	0.4367043890503135	0.0	0.0	0.0	0.7170821226487231	0.14751873375133812	0.09114543508181679	0.0051995717999694145	0.0717235051231075	0.9374595954906434	0.6074323291023093	0.2179232298516593	0.4084722434623031	0.23596880256920016	NKG7;GNLY;GZMB;CD8A	CCR7;TCF7		0.0	0.0	0.16042208288729162	0.1558342254167304	0.026456644746903197	0.44425753173268084
vaccination_study_06	T_NK_lineage	7	NKT Cell	5	6539	0.3134937912537662	0.5251567517969108	0.5251567517969108	0.020906866493347605	0.0841642452974461	0.1050711117907937	0.4200856400061171	0.4200856400061171	0.0	0.849212417800887	0.26845520284884106	0.5251567517969108	0.13289493806392413	0.3190090227863588	0.6849515168343115	0.042667074476219605	0.021333537238109802	0.21731151552225111	0.1264719376051384	MS4A1;LST1	CD8A;CD8B		0.0	0.0	0.0	0.0	0.0	0.4200856400061171
vaccination_study_06	T_NK_lineage	7	MAIT Cell	6	6539	0.5422595308173253	0.5422595308173253	0.3076923076923077	0.020906866493347605	0.20893102920935921	0.22983789570270682	0.07785441198960089	0.07785441198960089	0.0	0.956109496864964	0.33037671407452723	0.15384615384615385	0.15384615384615385	0.15384615384615385	0.6636767710408168	0.042667074476219605	0.021333537238109802	0.5707294693378192	0.2514145893867564	MS4A1;LST1	NKG7;GNLY;GZMB		0.0	0.0	0.12800122342865883	0.09083957791711271	0.0	0.37349594739256775
vaccination_study_06	T_NK_lineage	7	NK Cell	7	6539	0.5230585694630697	0.6219605444257532	0.6219605444257532	0.28891145435081816	0.0841642452974461	0.37307569964826426	0.24888484477748896	0.24888484477748896	0.0	0.6822144058724575	0.1606705918336137	0.6219605444257532	0.24453280318091453	0.385991741856553	0.9484105606628652	0.6484171891726563	0.19324055666003975	0.21731151552225111	0.1264719376051384	CD3D;CD3E;TRAC;MS4A1;LST1	CD8A;CD8B		0.0	0.0	0.03364428811744915	0.03165621654687261	0.0	0.3343719223122802
vaccination_study_06	T_NK_lineage	7	CD8 Naive / T Central Memory	8	6539	0.4113533847681081	0.4739256767089769	0.4739256767089769	0.2866065147576082	0.025944333996023857	0.31255084875363204	0.16137482795534486	0.16137482795534486	0.0	0.9759902125707295	0.29168578273946066	0.4739256767089769	0.10689707906407708	0.2985165927511852	0.6971535954247092	0.6158434011316715	0.23902737421624104	0.05765407554671968	0.05765407554671968	NKG7;GNLY;GZMB;PRF1	CD4		0.0	0.0	0.010093286435234746	0.0006117143294081664	0.0	0.17813580058112863
vaccination_study_06	T_NK_lineage	7	gdT Cell	9	6539	0.3930754628258939	0.3930754628258939	0.07799357699954121	0.020906866493347605	0.2201712800122343	0.2410781465055819	0.0	0.0	0.0	0.6282306163021869	0.15040526074323288	0.07799357699954121	0.00764642911760208	0.03058571647040832	0.5211452496404977	0.042667074476219605	0.021333537238109802	0.5580363970025998	0.3517357394096957	MS4A1;LST1	NKG7;GNLY		0.0	0.0	0.031044502217464444	0.02982107355864811	0.0	0.07949227710659122
vaccination_study_06	T_NK_lineage	8	CD4 Naive / T Central Memory	1	3790	0.6872202581027187	0.8432717678100264	0.995831479500396	0.2427203166226913	0.10325857519788917	0.3459788918205805	0.6498525876798155	0.6498525876798155	0.0	0.9986807387862797	0.5997097625329816	0.8432717678100264	0.454089709762533	0.7058047493403694	1.35060823990132	0.5263852242744064	0.19406332453825856	0.24960422163588392	0.1891820580474934	NKG7;GNLY;GZMB;PRF1	CD8A;CD8B		0.0	0.0	0.9865435356200528	0.3883905013192612	0.6606860158311345	3.409535964988523
vaccination_study_06	T_NK_lineage	8	CD4 T Effector Memory	2	3790	0.7610198714711158	0.7610198714711158	0.5218997361477573	0.44386983289357956	0.18702506596306068	0.6	0.0	0.0	0.0	0.9984168865435357	0.5323951920257989	0.5218997361477573	0.12612137203166227	0.39736147757255935	0.8743919041460815	0.8649076517150396	0.5236587510993843	0.5263852242744064	0.19406332453825856	CCR7;TCF7;LEF1	NKG7;GNLY;GZMB;PRF1		0.0	0.0	0.6678100263852242	0.24538258575197888	0.09973614775725594	1.4335620052770448
vaccination_study_06	T_NK_lineage	8	NKT Cell	3	3790	0.46232083456695516	0.933245382585752	0.9850622583794888	0.03567018469656992	0.10325857519788917	0.13892875989445908	0.8461334984850297	0.8461334984850297	0.0	0.9949868073878628	0.4503580851865812	0.933245382585752	0.2532981530343008	0.9089709762532981	1.2072675031749471	0.07255936675461741	0.03680738786279683	0.24960422163588392	0.1891820580474934	MS4A1;LST1	CD8A;CD8B		0.0	0.0	0.0	0.0	0.0	0.8461334984850297
vaccination_study_06	T_NK_lineage	8	CD8 Naive / T Central Memory	4	3790	0.6475469792229053	0.8525065963060686	1.0	0.2427203166226913	0.07468337730870711	0.31740369393139845	0.6825963060686016	0.6825963060686016	0.0	0.9978891820580474	0.5828789211374964	0.8525065963060686	0.4730870712401055	0.7058047493403694	1.2425452990664791	0.5263852242744064	0.19406332453825856	0.16596306068601582	0.16596306068601582	NKG7;GNLY;GZMB;PRF1	CD4		0.0	0.0	0.024274406332453827	0.0	0.0	0.7214353562005277
vaccination_study_06	T_NK_lineage	8	Treg	5	3790	0.6756822654522022	0.6756822654522022	0.24666855754909472	0.2574683377308707	0.33690633245382584	0.5943746701846966	0.0	0.0	0.0	0.9920844327176781	0.3245712401055409	0.14274406332453826	0.005277044854881266	0.11029023746701846	1.4156979768982259	0.5604221635883905	0.20230870712401056	0.8213720316622691	0.6032981530343008	NKG7;GNLY;GZMB;CD8A	CCR7;TCF7		0.0	0.0	0.19815303430079156	0.1970976253298153	0.04221635883905013	0.5648021108179421
vaccination_study_06	T_NK_lineage	8	MAIT Cell	6	3790	0.7723401661470941	0.7723401661470941	0.5327645404871842	0.03567018469656992	0.17990765171503958	0.2155778364116095	0.31718670407557475	0.31718670407557475	0.0	0.9970976253298153	0.5555408970976253	0.25646437994722954	0.25646437994722954	0.25646437994722954	1.0793431223709007	0.07255936675461741	0.03680738786279683	0.4941952506596306	0.21099384344766928	MS4A1;LST1	NKG7;GNLY;GZMB		0.0	0.0	0.06992084432717678	0.05804749340369393	0.0	0.48710754840275156
vaccination_study_06	T_NK_lineage	8	CD8 Cytotoxic / T Effector Memory	7	3790	0.45787108796739756	0.5514511873350924	0.5514511873350924	0.4206332453825858	0.03486807387862796	0.45550131926121373	0.09594986807387862	0.09594986807387862	0.0	0.9976253298153034	0.34890861117774047	0.5514511873350924	0.18997361477572558	0.333245382585752	0.8359735650318982	0.8722955145118734	0.40527704485488125	0.09287598944591029	0.046701846965699206	CCR7;TCF7;LEF1;MS4A1	KLRD1;FCGR3A		0.0	0.0	0.0870712401055409	0.022691292875989446	0.0	0.2579551451187335
vaccination_study_06	T_NK_lineage	8	NK Cell	8	3790	0.3452951113742838	0.5108179419525066	0.5108179419525066	0.4868823218997362	0.10325857519788917	0.5901408970976254	0.0	0.0	0.0	0.5638522427440633	0.1158311345646438	0.5108179419525066	0.1532981530343008	0.333245382585752	0.7816140432933131	0.9902374670184697	0.5026912928759895	0.24960422163588392	0.1891820580474934	CD3D;CD3E;TRAC;MS4A1;LST1	CD8A;CD8B		0.0	0.0	0.011345646437994723	0.0029023746701846965	0.0	0.021055408970976252
vaccination_study_06	T_NK_lineage	8	gdT Cell	9	3790	0.6733050035702468	0.6733050035702468	0.06517150395778364	0.03567018469656992	0.19052770448548811	0.22619788918205802	0.0	0.0	0.0	0.9870712401055409	0.32462620932277925	0.06517150395778364	0.006068601583113457	0.025857519788918207	0.44520604266530805	0.07255936675461741	0.03680738786279683	0.48390501319261214	0.30237467018469655	MS4A1;LST1	NKG7;GNLY		0.0	0.0	0.0018469656992084432	0.0018469656992084432	0.0	0.004802110817941952
vaccination_study_06	T_NK_lineage	9	NK Cell	1	3279	0.93968895313398	1.0	1.0	0.15828972247636475	0.06882433668801463	0.22711405916437938	0.7728859408356206	0.7728859408356206	0.0	1.0	0.7731396767307106	1.0	0.9990850869167429	0.9993900579444953	1.5157507453885573	0.3604757548032937	0.09685879841415065	0.17993290637389447	0.09896309850564196	CD3D;CD3E;TRAC;MS4A1;LST1	CD8A;CD8B		0.0	0.0	0.9878011588899055	0.9414455626715462	0.0	3.2948133577310155
vaccination_study_06	T_NK_lineage	9	NKT Cell	2	3279	0.8582002473048991	0.9993900579444953	1.0	0.010012198841110095	0.06882433668801463	0.07883653552912473	0.9211634644708753	0.9211634644708753	0.0	1.0	0.5217182939049362	0.9993900579444953	0.3638304361085697	0.9993900579444953	1.2919266157907543	0.020433058859408357	0.010216529429704179	0.17993290637389447	0.09896309850564196	MS4A1;LST1	CD8A;CD8B		0.0	0.0	0.0	0.0	0.0	0.9211634644708753
vaccination_study_06	T_NK_lineage	9	CD8 Cytotoxic / T Effector Memory	3	3279	0.875737996133684	1.0	1.0	0.14792009759072888	0.38295974382433673	0.5308798414150656	0.4691201585849344	0.4691201585849344	0.0	1.0	0.5852671268956722	1.0	0.9810917962793535	0.9993900579444953	1.5038409744751178	0.33302836230558097	0.09713327233912777	0.973162549557792	0.6067398597133272	CCR7;TCF7;LEF1;MS4A1	KLRD1;FCGR3A		0.0	0.0	0.12168344007319305	0.027447392497712716	0.0	0.691261055199756
vaccination_study_06	T_NK_lineage	9	MAIT Cell	4	3279	0.28527142583465404	0.8581884720951509	1.0	0.010012198841110095	0.440774626410491	0.4507868252516011	0.5492131747483989	0.5492131747483989	0.0	0.9304666056724611	0.23904645725322762	0.8581884720951509	0.8581884720951509	0.8581884720951509	3.5166923866641357	0.020433058859408357	0.010216529429704179	1.0	0.9384975094032733	MS4A1;LST1	NKG7;GNLY;GZMB		0.0	0.0	0.0036596523330283625	0.0018298261665141812	0.0	0.5568984446477585
vaccination_study_06	T_NK_lineage	9	CD4 T Effector Memory	5	3279	0.5202633274700013	0.9194876486733761	1.0	0.1496899461217851	0.4399702653247941	0.5896602114465792	0.4103397885534208	0.4103397885534208	0.0	0.9981701738334858	0.35234319406323067	0.9194876486733761	0.021347971942665446	0.9182677645623666	1.5279881146209213	0.32235437633424824	0.12361492324895801	1.0	0.9331351021652943	CCR7;TCF7;LEF1	NKG7;GNLY;GZMB;PRF1		0.0	0.0	0.006709362610551998	0.0	0.0	0.42107476873030397
vaccination_study_06	T_NK_lineage	9	gdT Cell	6	3279	0.3093749455755064	0.5321744434278743	0.7821744434278743	0.010012198841110095	0.4480100640439158	0.4580222628850259	0.32415218054284844	0.32415218054284844	0.0	0.6517230863068009	0.16549761106028263	0.5321744434278743	0.12229338212869777	0.3754193351631595	3.2110484117538567	0.020433058859408357	0.010216529429704179	1.0	0.9867337602927722	MS4A1;LST1	NKG7;GNLY		0.0	0.0	0.0030497102775236353	0.002439768222018908	0.0	0.3314714852089052
vaccination_study_06	T_NK_lineage	9	CD4 Naive / T Central Memory	7	3279	0.09419355962312127	0.3000914913083257	0.3000914913083257	0.5	0.06882433668801463	0.5688243366880146	0.0	0.0	0.0	0.6620921012503812	0.11509606587374202	0.3000914913083257	0.0326318999695029	0.24123208295211954	0.4908308689964275	1.0	0.9331351021652943	0.17993290637389447	0.09896309850564196	NKG7;GNLY;GZMB;PRF1	CD8A;CD8B		0.0	0.0	0.013418725221103996	0.0	0.0	0.021469960353766394
vaccination_study_06	T_NK_lineage	9	Treg	8	3279	0.2490116511955973	0.2490116511955973	0.01799329063738945	0.5	0.11370082342177493	0.6	0.0	0.0	0.0	0.7734065263799939	0.16319762122598352	0.01799329063738945	0.0009149130832570906	0.012503812137846905	0.25945391303276755	1.0	0.7440530649588288	0.2970417810308021	0.16392192741689537	NKG7;GNLY;GZMB;CD8A	CCR7;TCF7		0.0	0.0	0.000609942055504727	0.000609942055504727	0.0	0.0015858493443122903
vaccination_study_06	T_NK_lineage	9	CD8 Naive / T Central Memory	9	3279	0.09340113899580278	0.4037816407441293	0.4037816407441293	0.5	0.002607502287282708	0.5026075022872827	0.0	0.0	0.0	0.6837450442207991	0.13520382230354783	0.4037816407441293	0.07868252516010979	0.24123208295211954	0.5961026092421724	1.0	0.9331351021652943	0.005794449527294907	0.005794449527294907	NKG7;GNLY;GZMB;PRF1	CD4		0.0	0.0	0.0	0.0	0.0	0.0
vaccination_study_06	Myeloid_lineage	0	Conventional DC 2	1	57	0.9012173670736168	0.9824561403508771	0.7600877192982456	0.0	0.023684210526315787	0.023684210526315787	0.7364035087719298	0.7364035087719298	0.0	0.9824561403508771	0.6403508771929824	0.9824561403508771	0.0	0.6403508771929824	1.0550265253703672	0.0	0.0	0.05263157894736842	0.05263157894736842	LILRA4	LST1		0.0	0.0	0.0	0.0	0.0	0.7364035087719298
vaccination_study_06	Myeloid_lineage	0	Non-Classical Monocyte	2	57	0.9622947108100106	0.9622947108100106	0.8289473684210527	0.0	0.44473684210526315	0.44473684210526315	0.3842105263157895	0.3842105263157895	0.0	0.9824561403508771	0.37192982456140344	0.5789473684210527	0.10526315789473684	0.5263157894736842	3.3971264540563286	0.0	0.0	1.0	0.9649122807017544		NKG7;GNLY		0.0	0.0	0.0	0.10526315789473684	0.0	0.48947368421052634
vaccination_study_06	Myeloid_lineage	0	Neutrophil	3	57	0.40184433724028634	0.49122807017543857	0.33728070175438596	0.06362573099415204	0.023684210526315787	0.08730994152046784	0.24997076023391812	0.24997076023391812	0.0	0.49122807017543857	0.2543859649122807	0.49122807017543857	0.0	0.2543859649122807	1.297719433163786	0.14035087719298245	0.04678362573099415	0.05263157894736842	0.05263157894736842	CD3D;MS4A1;CD79A	LST1		0.0	0.0	0.0	0.0	0.0	0.24997076023391812
vaccination_study_06	Myeloid_lineage	0	Classical Monocyte	4	57	0.7122206934986677	0.7122206934986677	0.32865497076023387	0.3157894736842105	0.13421052631578945	0.44999999999999996	0.0	0.0	0.0	0.5263157894736842	0.2222222222222222	0.5263157894736842	0.0	0.2222222222222222	0.967111136169293	0.5263157894736842	0.5263157894736842	0.2982456140350877	0.2982456140350877	FCGR3A	HLA-DRA		0.0	0.0	0.0	0.0	0.0	0.0
vaccination_study_06	Myeloid_lineage	0	Eosinophil	5	57	0.494008951740713	0.494008951740713	0.017543859649122806	0.06017543859649122	0.0	0.06017543859649122	0.0	0.0	0.0	0.017543859649122806	0.017543859649122806	0.017543859649122806	0.0	0.017543859649122806	1.8423376321598701	0.12280701754385964	0.06140350877192982	0.0	0.0	CD3D;MS4A1			0.0	0.0	0.0	0.0	0.0	0.0
vaccination_study_06	Myeloid_lineage	0	Intermediate Monocyte	6	57	0.901739842212508	0.901739842212508	0.5964912280701754	0.5	0.23684210526315788	0.6	0.0	0.0	0.0	0.9824561403508771	0.4444444444444444	0.2982456140350877	0.2982456140350877	0.2982456140350877	0.546093790870792	1.0	1.0	0.5263157894736842	0.5263157894736842	NKG7	FCGR3A		0.0	0.0	0.0	0.0	0.0	0.0
vaccination_study_06	Myeloid_lineage	0	Basophil	7	57	0.5000087079189816	0.5000087079189816	0.0	0.07953216374269005	0.0	0.07953216374269005	0.0	0.0	0.0	0.0	0.0	0.0	0.0	0.0	1.0	0.17543859649122806	0.05847953216374269	0.0	0.0	CD3D;MS4A1;LST1			0.0	0.0	0.0	0.0	0.0	0.0
vaccination_study_06	Myeloid_lineage	0	Mast Cell	8	57	0.5000087079189816	0.5000087079189816	0.0	0.07953216374269005	0.0	0.07953216374269005	0.0	0.0	0.0	0.0	0.0	0.0	0.0	0.0	1.0	0.17543859649122806	0.05847953216374269	0.0	0.0	CD3D;MS4A1;LST1			0.0	0.0	0.0	0.0	0.0	0.0
vaccination_study_06	Myeloid_lineage	0	Plasmacytoid DC	9	57	0.9313815984256083	0.9313815984256083	0.03508771929824561	0.06017543859649122	0.32456140350877194	0.38473684210526315	0.0	0.0	0.0	1.0	0.3684210526315789	0.03508771929824561	0.0	0.03508771929824561	0.1979078508962541	0.12280701754385964	0.06140350877192982	0.8947368421052632	0.3742690058479532	CD3D;MS4A1	MZB1;XBP1;PRDM1		0.0	0.0	0.0	0.0	0.0	0.0
vaccination_study_06	Myeloid_lineage	0	Conventional DC 1	10	57	0.4573311969905432	0.4573311969905432	0.03508771929824561	0.0	0.13421052631578945	0.13421052631578945	0.0	0.0	0.0	0.14035087719298245	0.03508771929824561	0.017543859649122806	0.017543859649122806	0.017543859649122806	0.4829739278752437	0.0	0.0	0.2982456140350877	0.2982456140350877		HLA-DRA		0.0	0.0	0.0	0.0	0.0	0.0
vaccination_study_06	Myeloid_lineage	1	Conventional DC 2	1	54	0.9003422212159738	0.9003422212159738	0.7138888888888888	0.0	0.0	0.0	0.7138888888888888	0.7138888888888888	0.0	0.8703703703703703	0.6296296296296297	0.8703703703703703	0.0	0.6296296296296297	0.9358741964783434	0.0	0.0	0.0	0.0	LILRA4	LST1		0.0	0.0	0.0	0.0	0.0	0.7138888888888888
vaccination_study_06	Myeloid_lineage	1	Classical Monocyte	2	54	0.32335115554084887	0.42592592592592593	0.25339506172839504	0.1111111111111111	0.175	0.2861111111111111	0.0	0.0	0.0	0.42592592592592593	0.16049382716049382	0.42592592592592593	0.0	0.16049382716049382	0.7860831729783703	0.18518518518518517	0.18518518518518517	0.3888888888888889	0.3888888888888889	FCGR3A	HLA-DRA		0.0	0.0	0.14814814814814814	0.14814814814814814	0.0	0.3851851851851852
vaccination_study_06	Myeloid_lineage	1	Intermediate Monocyte	3	54	0.8972596178965151	0.8972596178965151	0.7777777777777778	0.3555555555555555	0.08333333333333333	0.43888888888888883	0.33888888888888896	0.33888888888888896	0.0	0.8703703703703703	0.4197530864197531	0.3888888888888889	0.3888888888888889	0.3888888888888889	0.7066791401118712	0.5925925925925926	0.5925925925925926	0.18518518518518517	0.18518518518518517	NKG7	FCGR3A		0.0	0.0	0.0	0.0	0.0	0.33888888888888896
vaccination_study_06	Myeloid_lineage	1	Non-Classical Monocyte	4	54	0.7773472195614692	0.7773472195614692	0.4879857012923831	0.0	0.33749999999999997	0.33749999999999997	0.15048570129238314	0.15048570129238314	0.0	0.5370370370370371	0.15185185185185185	0.2962962962962963	0.037037037037037035	0.18518518518518517	1.7667576199843473	0.0	0.0	0.7962962962962963	0.6574074074074074		NKG7;GNLY		0.0	0.0	0.0	0.0	0.0	0.15048570129238314
vaccination_study_06	Myeloid_lineage	1	Neutrophil	5	54	0.40184433724028634	0.40184433724028634	0.25	0.11049382716049383	0.0	0.11049382716049383	0.13950617283950617	0.13950617283950617	0.0	0.37037037037037035	0.18518518518518517	0.37037037037037035	0.0	0.18518518518518517	0.9848092132121867	0.24074074074074073	0.08641975308641975	0.0	0.0	CD3D;MS4A1;CD79A	LST1		0.0	0.0	0.0	0.0	0.0	0.13950617283950617
vaccination_study_06	Myeloid_lineage	1	Plasmacytoid DC	6	54	0.16126195161880214	0.16126195161880214	0.037037037037037035	0.1088888888888889	0.10555555555555554	0.21444444444444444	0.0	0.0	0.0	0.46296296296296297	0.12962962962962962	0.037037037037037035	0.0	0.037037037037037035	0.20646417821559063	0.2222222222222222	0.1111111111111111	0.2962962962962963	0.11111111111111112	CD3D;MS4A1	MZB1;XBP1;PRDM1		0.0	0.0	0.07407407407407407	0.0	0.0	0.11851851851851852
vaccination_study_06	Myeloid_lineage	1	Basophil	7	54	0.5000087079189816	0.5000087079189816	0.0	0.10074074074074074	0.0	0.10074074074074074	0.0	0.0	0.0	0.0	0.0	0.0	0.0	0.0	1.0	0.2222222222222222	0.07407407407407407	0.0	0.0	CD3D;MS4A1;LST1			0.0	0.0	0.0	0.0	0.0	0.0
vaccination_study_06	Myeloid_lineage	1	Eosinophil	8	54	0.494008951740713	0.494008951740713	0.018518518518518517	0.1088888888888889	0.0	0.1088888888888889	0.0	0.0	0.0	0.018518518518518517	0.018518518518518517	0.018518518518518517	0.0	0.018518518518518517	1.9075300466028944	0.2222222222222222	0.1111111111111111	0.0	0.0	CD3D;MS4A1			0.0	0.0	0.0	0.0	0.0	0.0
vaccination_study_06	Myeloid_lineage	1	Mast Cell	9	54	0.5000087079189816	0.5000087079189816	0.0	0.10074074074074074	0.0	0.10074074074074074	0.0	0.0	0.0	0.0	0.0	0.0	0.0	0.0	1.0	0.2222222222222222	0.07407407407407407	0.0	0.0	CD3D;MS4A1;LST1			0.0	0.0	0.0	0.0	0.0	0.0
vaccination_study_06	Myeloid_lineage	1	Conventional DC 1	10	54	0.4573311969905432	0.4573311969905432	0.0	0.0	0.175	0.175	0.0	0.0	0.0	0.05555555555555555	0.013888888888888888	0.0	0.0	0.0	0.1753472222222222	0.0	0.0	0.3888888888888889	0.3888888888888889		HLA-DRA		0.0	0.0	0.0	0.0	0.0	0.0
vaccination_study_06	Myeloid_lineage	10	Conventional DC 2	1	17	0.9025583865967711	0.9411764705882353	0.711764705882353	0.0	0.026470588235294117	0.026470588235294117	0.6852941176470588	0.6852941176470588	0.0	0.9411764705882353	0.5882352941176471	0.9411764705882353	0.0	0.5882352941176471	1.0111443377477294	0.0	0.0	0.058823529411764705	0.058823529411764705	LILRA4	LST1		0.0	0.0	0.0	0.0	0.0	0.6852941176470588
vaccination_study_06	Myeloid_lineage	10	Intermediate Monocyte	2	17	0.8995280307912015	0.8995280307912015	0.5882352941176471	0.2823529411764706	0.07941176470588235	0.36176470588235293	0.22647058823529415	0.22647058823529415	0.0	1.0	0.411764705882353	0.29411764705882354	0.29411764705882354	0.29411764705882354	0.5387806060856196	0.47058823529411764	0.47058823529411764	0.17647058823529413	0.17647058823529413	NKG7	FCGR3A		0.0	0.0	0.0	0.0	0.0	0.22647058823529415
vaccination_study_06	Myeloid_lineage	10	Non-Classical Monocyte	3	17	0.3089308417074488	0.3089308417074488	0.19536735310914774	0.0	0.2823529411764706	0.2823529411764706	0.0	0.0	0.0	0.4117647058823529	0.1411764705882353	0.17647058823529413	0.0	0.17647058823529413	1.0755870594954144	0.0	0.0	0.7058823529411765	0.47058823529411764		NKG7;GNLY		0.0	0.0	0.0	0.058823529411764705	0.0	0.058823529411764705
vaccination_study_06	Myeloid_lineage	10	Plasmacytoid DC	4	17	0.8266862885107717	0.8266862885107717	0.11764705882352941	0.05764705882352941	0.044117647058823525	0.10176470588235294	0.015882352941176472	0.015882352941176472	0.0	0.7647058823529411	0.21176470588235294	0.11764705882352941	0.0	0.11764705882352941	0.5602934785387428	0.11764705882352941	0.058823529411764705	0.11764705882352941	0.0588235294117647	CD3D;MS4A1	MZB1;XBP1;PRDM1		0.0	0.0	0.0	0.0	0.0	0.015882352941176472
vaccination_study_06	Myeloid_lineage	10	Classical Monocyte	5	17	0.32335115554084887	0.35294117647058826	0.2	0.10588235294117648	0.1323529411764706	0.23823529411764707	0.0	0.0	0.0	0.35294117647058826	0.1176470588235294	0.35294117647058826	0.0	0.1176470588235294	0.6544734658726908	0.17647058823529413	0.17647058823529413	0.29411764705882354	0.29411764705882354	FCGR3A	HLA-DRA		0.0	0.0	0.0	0.0	0.0	0.0
vaccination_study_06	Myeloid_lineage	10	Neutrophil	6	17	0.40184433724028634	0.40184433724028634	0.07941176470588235	0.05333333333333334	0.026470588235294117	0.07980392156862745	0.0	0.0	0.0	0.11764705882352941	0.058823529411764705	0.11764705882352941	0.0	0.058823529411764705	0.33048841171946863	0.11764705882352941	0.0392156862745098	0.058823529411764705	0.058823529411764705	CD3D;MS4A1;CD79A	LST1		0.0	0.0	0.0	0.0	0.0	0.0
vaccination_study_06	Myeloid_lineage	10	Basophil	7	17	0.5000087079189816	0.5000087079189816	0.0	0.08	0.0	0.08	0.0	0.0	0.0	0.0	0.0	0.0	0.0	0.0	1.0	0.17647058823529413	0.0588235294117647	0.0	0.0	CD3D;MS4A1;LST1			0.0	0.0	0.0	0.0	0.0	0.0
vaccination_study_06	Myeloid_lineage	10	Eosinophil	8	17	0.494008951740713	0.494008951740713	0.0	0.05764705882352941	0.0	0.05764705882352941	0.0	0.0	0.0	0.0	0.0	0.0	0.0	0.0	0.6688741721854305	0.11764705882352941	0.058823529411764705	0.0	0.0	CD3D;MS4A1			0.0	0.0	0.0	0.0	0.0	0.0
vaccination_study_06	Myeloid_lineage	10	Mast Cell	9	17	0.5000087079189816	0.5000087079189816	0.0	0.08	0.0	0.08	0.0	0.0	0.0	0.0	0.0	0.0	0.0	0.0	1.0	0.17647058823529413	0.0588235294117647	0.0	0.0	CD3D;MS4A1;LST1			0.0	0.0	0.0	0.0	0.0	0.0
vaccination_study_06	Myeloid_lineage	10	Conventional DC 1	10	17	0.4573311969905432	0.4573311969905432	0.0	0.0	0.1323529411764706	0.1323529411764706	0.0	0.0	0.0	0.11764705882352941	0.029411764705882353	0.0	0.0	0.0	0.1753472222222222	0.0	0.0	0.29411764705882354	0.29411764705882354		HLA-DRA		0.0	0.0	0.0	0.0	0.0	0.0
vaccination_study_06	Myeloid_lineage	11	Conventional DC 2	1	9	0.8843240042494644	0.8843240042494644	0.48611111111111105	0.0	0.0	0.0	0.48611111111111105	0.48611111111111105	0.0	0.6666666666666666	0.38888888888888884	0.6666666666666666	0.0	0.38888888888888884	0.7193277900571868	0.0	0.0	0.0	0.0	LILRA4	LST1		0.0	0.0	0.0	0.0	0.0	0.48611111111111105
vaccination_study_06	Myeloid_lineage	11	Neutrophil	2	9	0.9531513958794128	0.9531513958794128	0.5249999999999999	0.05037037037037037	0.0	0.05037037037037037	0.4746296296296295	0.4746296296296295	0.0	0.7777777777777778	0.3888888888888889	0.7777777777777778	0.0	0.3888888888888889	2.0396194707909654	0.1111111111111111	0.037037037037037035	0.0	0.0	CD3D;MS4A1;CD79A	LST1		0.0	0.0	0.0	0.0	0.0	0.4746296296296295
vaccination_study_06	Myeloid_lineage	11	Conventional DC 1	3	9	0.4573311969905432	0.4573311969905432	0.4722222222222222	0.0	0.05	0.05	0.4222222222222222	0.4222222222222222	0.0	0.4444444444444444	0.1111111111111111	0.1111111111111111	0.1111111111111111	0.1111111111111111	2.1236496913580245	0.0	0.0	0.1111111111111111	0.1111111111111111		HLA-DRA		0.0	0.0	0.0	0.0	0.0	0.4222222222222222
vaccination_study_06	Myeloid_lineage	11	Classical Monocyte	4	9	0.32335115554084887	0.32335115554084887	0.1259259259259259	0.19999999999999998	0.05	0.25	0.0	0.0	0.0	0.2222222222222222	0.07407407407407407	0.2222222222222222	0.0	0.07407407407407407	0.4187545874744589	0.3333333333333333	0.3333333333333333	0.1111111111111111	0.1111111111111111	FCGR3A	HLA-DRA		0.0	0.0	0.2222222222222222	0.0	0.0	0.35555555555555557
vaccination_study_06	Myeloid_lineage	11	Non-Classical Monocyte	5	9	0.8883818944948536	0.8883818944948536	0.5784313725490196	0.0	0.375	0.375	0.20343137254901955	0.20343137254901955	0.0	0.5555555555555556	0.22222222222222218	0.3333333333333333	0.1111111111111111	0.3333333333333333	1.980392156862745	0.0	0.0	0.8888888888888888	0.7222222222222222		NKG7;GNLY		0.0	0.0	0.0	0.1111111111111111	0.0	0.31454248366013066
vaccination_study_06	Myeloid_lineage	11	Plasmacytoid DC	6	9	0.9003291593375016	0.9003291593375016	0.0	0.05444444444444445	0.21111111111111108	0.26555555555555554	0.0	0.0	0.0	0.7777777777777778	0.28888888888888886	0.0	0.0	0.0	0.04389395914819644	0.1111111111111111	0.05555555555555555	0.5555555555555556	0.2962962962962963	CD3D;MS4A1	MZB1;XBP1;PRDM1		0.0	0.0	0.1111111111111111	0.0	0.0	0.17777777777777778
vaccination_study_06	Myeloid_lineage	11	Basophil	7	9	0.5000087079189816	0.5000087079189816	0.0	0.05037037037037037	0.0	0.05037037037037037	0.0	0.0	0.0	0.0	0.0	0.0	0.0	0.0	1.0	0.1111111111111111	0.037037037037037035	0.0	0.0	CD3D;MS4A1;LST1			0.0	0.0	0.0	0.0	0.0	0.0
vaccination_study_06	Myeloid_lineage	11	Eosinophil	8	9	0.494008951740713	0.494008951740713	0.0	0.05444444444444445	0.0	0.05444444444444445	0.0	0.0	0.0	0.0	0.0	0.0	0.0	0.0	0.6688741721854305	0.1111111111111111	0.05555555555555555	0.0	0.0	CD3D;MS4A1			0.0	0.0	0.0	0.0	0.0	0.0
vaccination_study_06	Myeloid_lineage	11	Intermediate Monocyte	9	9	0.8806840941151883	0.8806840941151883	0.2222222222222222	0.4666666666666667	0.15	0.6	0.0	0.0	0.0	0.6666666666666666	0.25925925925925924	0.1111111111111111	0.1111111111111111	0.1111111111111111	0.21456274727630625	0.7777777777777778	0.7777777777777778	0.3333333333333333	0.3333333333333333	NKG7	FCGR3A		0.0	0.0	0.0	0.0	0.0	0.0
vaccination_study_06	Myeloid_lineage	11	Mast Cell	10	9	0.5000087079189816	0.5000087079189816	0.0	0.05037037037037037	0.0	0.05037037037037037	0.0	0.0	0.0	0.0	0.0	0.0	0.0	0.0	1.0	0.1111111111111111	0.037037037037037035	0.0	0.0	CD3D;MS4A1;LST1			0.0	0.0	0.0	0.0	0.0	0.0
vaccination_study_06	Myeloid_lineage	12	Conventional DC 2	1	3	0.9558856824396106	1.0	0.8916666666666666	0.0	0.0	0.0	0.8916666666666666	0.8916666666666666	0.0	1.0	0.8333333333333333	1.0	0.0	0.8333333333333333	1.0736764551099884	0.0	0.0	0.0	0.0	LILRA4	LST1		0.0	0.0	0.0	0.0	0.0	0.8916666666666666
vaccination_study_06	Myeloid_lineage	12	Intermediate Monocyte	2	3	0.9556941082220171	0.9556941082220171	1.0	0.19999999999999998	0.0	0.19999999999999998	0.8	0.8	0.0	1.0	0.5555555555555555	0.6666666666666666	0.6666666666666666	0.6666666666666666	1.198795532947436	0.3333333333333333	0.3333333333333333	0.0	0.0	NKG7	FCGR3A		0.0	0.0	0.0	0.0	0.0	0.8
vaccination_study_06	Myeloid_lineage	12	Classical Monocyte	3	3	0.9409428934673192	0.9409428934673192	0.44999999999999996	0.0	0.3	0.3	0.14999999999999997	0.14999999999999997	0.0	0.6666666666666666	0.3333333333333333	0.6666666666666666	0.0	0.3333333333333333	1.2201987740284472	0.0	0.0	0.6666666666666666	0.6666666666666666	FCGR3A	HLA-DRA		0.0	0.0	0.0	0.0	0.0	0.14999999999999997
vaccination_study_06	Myeloid_lineage	12	Plasmacytoid DC	4	3	0.6922795590309828	0.6922795590309828	0.46008981602201937	0.32666666666666666	0.0	0.32666666666666666	0.1334231493553527	0.1334231493553527	0.0	0.6666666666666666	0.13333333333333333	0.3333333333333333	0.0	0.3333333333333333	1.5070259307547442	0.6666666666666666	0.3333333333333333	0.0	0.0	CD3D;MS4A1	MZB1;XBP1;PRDM1		0.0	0.0	0.0	0.0	0.0	0.1334231493553527
vaccination_study_06	Myeloid_lineage	12	Non-Classical Monocyte	5	3	0.3089308417074488	0.3089308417074488	0.0	0.0	0.27499999999999997	0.27499999999999997	0.0	0.0	0.0	0.3333333333333333	0.06666666666666667	0.0	0.0	0.0	0.05768132495716733	0.0	0.0	0.6666666666666666	0.5		NKG7;GNLY		0.0	0.0	0.0	0.0	0.0	0.0
vaccination_study_06	Myeloid_lineage	12	Neutrophil	6	3	0.40184433724028634	0.40184433724028634	0.0	0.30222222222222217	0.0	0.30222222222222217	0.0	0.0	0.0	0.0	0.0	0.0	0.0	0.0	0.025890797231479107	0.6666666666666666	0.2222222222222222	0.0	0.0	CD3D;MS4A1;CD79A	LST1		0.0	0.0	0.0	0.0	0.0	0.0
vaccination_study_06	Myeloid_lineage	12	Basophil	7	3	0.5000087079189816	0.5000087079189816	0.0	0.30222222222222217	0.0	0.30222222222222217	0.0	0.0	0.0	0.0	0.0	0.0	0.0	0.0	1.0	0.6666666666666666	0.2222222222222222	0.0	0.0	CD3D;MS4A1;LST1			0.0	0.0	0.0	0.0	0.0	0.0
vaccination_study_06	Myeloid_lineage	12	Eosinophil	8	3	0.494008951740713	0.494008951740713	0.0	0.32666666666666666	0.0	0.32666666666666666	0.0	0.0	0.0	0.0	0.0	0.0	0.0	0.0	0.6688741721854305	0.6666666666666666	0.3333333333333333	0.0	0.0	CD3D;MS4A1			0.0	0.0	0.0	0.0	0.0	0.0
vaccination_study_06	Myeloid_lineage	12	Mast Cell	9	3	0.5000087079189816	0.5000087079189816	0.0	0.30222222222222217	0.0	0.30222222222222217	0.0	0.0	0.0	0.0	0.0	0.0	0.0	0.0	1.0	0.6666666666666666	0.2222222222222222	0.0	0.0	CD3D;MS4A1;LST1			0.0	0.0	0.0	0.0	0.0	0.0
vaccination_study_06	Myeloid_lineage	12	Conventional DC 1	10	3	0.4573311969905432	0.4573311969905432	0.0	0.0	0.3	0.3	0.0	0.0	0.0	0.0	0.0	0.0	0.0	0.0	0.1753472222222222	0.0	0.0	0.6666666666666666	0.6666666666666666		HLA-DRA		0.0	0.0	0.0	0.0	0.0	0.0
vaccination_study_06	Myeloid_lineage	2	Intermediate Monocyte	1	48	0.9241104860760376	0.9241104860760376	1.0	0.125	0.009375	0.134375	0.865625	0.865625	0.0	0.9166666666666666	0.40972222222222215	0.5416666666666666	0.5416666666666666	0.5416666666666666	0.9773431561714317	0.20833333333333334	0.20833333333333334	0.020833333333333332	0.020833333333333332	NKG7	FCGR3A		0.0	0.0	0.0	0.0	0.0	0.865625
vaccination_study_06	Myeloid_lineage	2	Conventional DC 2	2	48	0.9254515055991919	0.9254515055991919	0.7203124999999999	0.012499999999999999	0.0	0.012499999999999999	0.7078125	0.7078125	0.0	0.9166666666666666	0.6145833333333333	0.9166666666666666	0.0	0.6145833333333333	0.9850892888467879	0.020833333333333332	0.020833333333333332	0.0	0.0	LILRA4	LST1		0.0	0.0	0.0	0.0	0.0	0.7078125
vaccination_study_06	Myeloid_lineage	2	Classical Monocyte	3	48	0.32335115554084887	0.3958333333333333	0.22430555555555554	0.012499999999999999	0.24374999999999997	0.25625	0.0	0.0	0.0	0.3958333333333333	0.13194444444444445	0.3958333333333333	0.0	0.13194444444444445	0.7318187228471106	0.020833333333333332	0.020833333333333332	0.5416666666666666	0.5416666666666666	FCGR3A	HLA-DRA		0.0	0.0	0.041666666666666664	0.041666666666666664	0.0	0.10833333333333334
vaccination_study_06	Myeloid_lineage	2	Non-Classical Monocyte	4	48	0.3089308417074488	0.3089308417074488	0.020833333333333332	0.0	0.2390625	0.2390625	0.0	0.0	0.0	0.2916666666666667	0.058333333333333334	0.020833333333333332	0.0	0.020833333333333332	0.1778507519512659	0.0	0.0	0.625	0.34375		NKG7;GNLY		0.0	0.0	0.0	0.0	0.0	0.0
vaccination_study_06	Myeloid_lineage	2	Eosinophil	5	48	0.494008951740713	0.494008951740713	0.0	0.1225	0.0	0.1225	0.0	0.0	0.0	0.0	0.0	0.0	0.0	0.0	0.6688741721854305	0.25	0.125	0.0	0.0	CD3D;MS4A1			0.0	0.0	0.0	0.0	0.0	0.0
vaccination_study_06	Myeloid_lineage	2	Neutrophil	6	48	0.40184433724028634	0.40184433724028634	0.0421875	0.11486111111111111	0.0	0.11486111111111111	0.0	0.0	0.0	0.0625	0.03125	0.0625	0.0	0.03125	0.1877082799282235	0.25	0.09027777777777778	0.0	0.0	CD3D;MS4A1;CD79A	LST1		0.0	0.0	0.0	0.0	0.0	0.0
vaccination_study_06	Myeloid_lineage	2	Basophil	7	48	0.5000087079189816	0.5000087079189816	0.0	0.11333333333333334	0.0	0.11333333333333334	0.0	0.0	0.0	0.0	0.0	0.0	0.0	0.0	1.0	0.25	0.08333333333333333	0.0	0.0	CD3D;MS4A1;LST1			0.0	0.0	0.0	0.0	0.0	0.0
vaccination_study_06	Myeloid_lineage	2	Mast Cell	8	48	0.5000087079189816	0.5000087079189816	0.0	0.11333333333333334	0.0	0.11333333333333334	0.0	0.0	0.0	0.0	0.0	0.0	0.0	0.0	1.0	0.25	0.08333333333333333	0.0	0.0	CD3D;MS4A1;LST1			0.0	0.0	0.0	0.0	0.0	0.0
vaccination_study_06	Myeloid_lineage	2	Plasmacytoid DC	9	48	0.16126195161880214	0.16126195161880214	0.08333333333333333	0.1225	0.021875	0.144375	0.0	0.0	0.0	0.2916666666666667	0.06666666666666667	0.08333333333333333	0.0	0.0625	0.40967695204983334	0.25	0.125	0.0625	0.020833333333333332	CD3D;MS4A1	MZB1;XBP1;PRDM1		0.0	0.0	0.0	0.0	0.0	0.0
vaccination_study_06	Myeloid_lineage	2	Conventional DC 1	10	48	0.4573311969905432	0.4573311969905432	0.041666666666666664	0.0	0.24374999999999997	0.24374999999999997	0.0	0.0	0.0	0.125	0.03125	0.020833333333333332	0.020833333333333332	0.020833333333333332	0.5406539351851851	0.0	0.0	0.5416666666666666	0.5416666666666666		HLA-DRA		0.0	0.0	0.0	0.0	0.0	0.0
vaccination_study_06	Myeloid_lineage	3	Conventional DC 2	1	47	0.9731273620230237	1.0	0.9930851063829786	0.25531914893617025	0.047872340425531915	0.30319148936170215	0.6898936170212765	0.6898936170212765	0.0	1.0	0.9893617021276595	1.0	0.0	0.9893617021276595	1.0736764551099884	0.425531914893617	0.425531914893617	0.10638297872340426	0.10638297872340426	LILRA4	LST1		0.0	0.0	0.3829787234042553	0.0851063829787234	0.0	1.3877659574468084
vaccination_study_06	Myeloid_lineage	3	Intermediate Monocyte	2	47	0.9739807380832128	0.9787234042553191	1.0	0.2680851063829787	0.0	0.2680851063829787	0.7319148936170212	0.7319148936170212	0.0	1.0	0.6950354609929077	0.9787234042553191	0.9787234042553191	0.9787234042553191	1.7516411827712195	0.44680851063829785	0.44680851063829785	0.0	0.0	NKG7	FCGR3A		0.0	0.0	0.0	0.0	0.0	0.7319148936170212
vaccination_study_06	Myeloid_lineage	3	Plasmacytoid DC	3	47	0.9443738135460388	0.9787234042553191	1.0	0.39531914893617015	0.2723404255319149	0.6	0.4	0.4	0.0	1.0	0.5446808510638299	0.9787234042553191	0.2553191489361702	0.8085106382978723	4.339898471524869	0.7446808510638298	0.5106382978723404	0.7659574468085106	0.28368794326241137	CD3D;MS4A1	MZB1;XBP1;PRDM1		0.0	0.0	0.02127659574468085	0.0	0.0	0.4340425531914894
vaccination_study_06	Myeloid_lineage	3	Classical Monocyte	4	47	0.9505738518608823	0.9787234042553191	0.7113475177304964	0.0	0.4404255319148936	0.4404255319148936	0.27092198581560284	0.27092198581560284	0.0	0.9787234042553191	0.5673758865248227	0.9787234042553191	0.0	0.5673758865248227	1.7829149050131623	0.0	0.0	0.9787234042553191	0.9787234042553191	FCGR3A	HLA-DRA		0.0	0.0	0.0425531914893617	0.0425531914893617	0.0	0.38156028368794326
vaccination_study_06	Myeloid_lineage	3	Non-Classical Monocyte	5	47	0.8692767202493948	0.8692767202493948	0.06382978723404255	0.0	0.2968085106382979	0.2968085106382979	0.0	0.0	0.0	0.8085106382978723	0.225531914893617	0.06382978723404255	0.0	0.06382978723404255	0.4258599948965332	0.0	0.0	0.723404255319149	0.5319148936170213		NKG7;GNLY		0.0	0.0	0.0	0.0	0.0	0.0
vaccination_study_06	Myeloid_lineage	3	Neutrophil	6	47	0.8302391194552325	0.8302391194552325	0.4308510638297872	0.4208510638297872	0.047872340425531915	0.4687234042553191	0.0	0.0	0.0	0.6382978723404256	0.3191489361702128	0.6382978723404256	0.0	0.3191489361702128	1.6784948758365286	0.7872340425531915	0.5531914893617021	0.10638297872340426	0.10638297872340426	CD3D;MS4A1;CD79A	LST1		0.0	0.0	0.0	0.0	0.0	0.0
vaccination_study_06	Myeloid_lineage	3	Basophil	7	47	0.5000087079189816	0.5000087079189816	0.0	0.373758865248227	0.0	0.373758865248227	0.0	0.0	0.0	0.0	0.0	0.0	0.0	0.0	1.0	0.7659574468085106	0.375886524822695	0.0	0.0	CD3D;MS4A1;LST1			0.0	0.0	0.0	0.0	0.0	0.0
vaccination_study_06	Myeloid_lineage	3	Eosinophil	8	47	0.494008951740713	0.494008951740713	0.0	0.39531914893617015	0.0	0.39531914893617015	0.0	0.0	0.0	0.0	0.0	0.0	0.0	0.0	0.6688741721854305	0.7446808510638298	0.5106382978723404	0.0	0.0	CD3D;MS4A1			0.0	0.0	0.0	0.0	0.0	0.0
vaccination_study_06	Myeloid_lineage	3	Mast Cell	9	47	0.5000087079189816	0.5000087079189816	0.0	0.373758865248227	0.0	0.373758865248227	0.0	0.0	0.0	0.0	0.0	0.0	0.0	0.0	1.0	0.7659574468085106	0.375886524822695	0.0	0.0	CD3D;MS4A1;LST1			0.0	0.0	0.0	0.0	0.0	0.0
vaccination_study_06	Myeloid_lineage	3	Conventional DC 1	10	47	0.9319650289973702	0.9319650289973702	0.3371287677304964	0.0	0.4404255319148936	0.4404255319148936	0.0	0.0	0.0	0.6808510638297872	0.18085106382978725	0.0851063829787234	0.0851063829787234	0.0851063829787234	1.6676640070921984	0.0	0.0	0.9787234042553191	0.9787234042553191		HLA-DRA		0.0	0.0	0.0	0.0	0.0	0.0
vaccination_study_06	Myeloid_lineage	4	Intermediate Monocyte	1	35	0.9059893066754907	0.9059893066754907	0.9142857142857143	0.18857142857142856	0.012857142857142855	0.2014285714285714	0.7128571428571429	0.7128571428571429	0.0	0.9428571428571428	0.39999999999999997	0.45714285714285713	0.45714285714285713	0.45714285714285713	0.8275991680657527	0.3142857142857143	0.3142857142857143	0.02857142857142857	0.02857142857142857	NKG7	FCGR3A		0.0	0.0	0.0	0.0	0.0	0.7128571428571429
vaccination_study_06	Myeloid_lineage	4	Conventional DC 2	2	35	0.9047005346662255	0.9047005346662255	0.6721428571428572	0.0	0.03857142857142857	0.03857142857142857	0.6335714285714286	0.6335714285714286	0.0	0.8857142857142857	0.5571428571428572	0.8857142857142857	0.0	0.5571428571428572	0.9521854842347421	0.0	0.0	0.08571428571428572	0.08571428571428572	LILRA4	LST1		0.0	0.0	0.0	0.0	0.0	0.6335714285714286
vaccination_study_06	Myeloid_lineage	4	Classical Monocyte	3	35	0.32335115554084887	0.42857142857142855	0.25523809523809526	0.017142857142857144	0.20571428571428568	0.22285714285714284	0.03238095238095243	0.03238095238095243	0.0	0.42857142857142855	0.1619047619047619	0.42857142857142855	0.0	0.1619047619047619	0.7908536740888106	0.02857142857142857	0.02857142857142857	0.45714285714285713	0.45714285714285713	FCGR3A	HLA-DRA		0.0	0.0	0.08571428571428572	0.08571428571428572	0.0	0.25523809523809526
vaccination_study_06	Myeloid_lineage	4	Non-Classical Monocyte	4	35	0.3089308417074488	0.3089308417074488	0.05714285714285714	0.0	0.2592857142857143	0.2592857142857143	0.0	0.0	0.0	0.2571428571428571	0.05142857142857142	0.05714285714285714	0.0	0.02857142857142857	0.3872888961409806	0.0	0.0	0.6571428571428571	0.41428571428571426		NKG7;GNLY		0.0	0.0	0.0	0.0	0.0	0.0
vaccination_study_06	Myeloid_lineage	4	Eosinophil	5	35	0.494008951740713	0.494008951740713	0.0	0.09800000000000002	0.0	0.09800000000000002	0.0	0.0	0.0	0.0	0.0	0.0	0.0	0.0	0.6688741721854305	0.2	0.1	0.0	0.0	CD3D;MS4A1			0.0	0.0	0.0	0.0	0.0	0.0
vaccination_study_06	Myeloid_lineage	4	Neutrophil	6	35	0.40184433724028634	0.40184433724028634	0.11571428571428571	0.09276190476190477	0.03857142857142857	0.13133333333333333	0.0	0.0	0.0	0.17142857142857143	0.08571428571428572	0.17142857142857143	0.0	0.08571428571428572	0.4697330354854067	0.2	0.0761904761904762	0.08571428571428572	0.08571428571428572	CD3D;MS4A1;CD79A	LST1		0.0	0.0	0.0	0.0	0.0	0.0
vaccination_study_06	Myeloid_lineage	4	Basophil	7	35	0.5000087079189816	0.5000087079189816	0.0	0.1295238095238095	0.0	0.1295238095238095	0.0	0.0	0.0	0.0	0.0	0.0	0.0	0.0	1.0	0.2857142857142857	0.09523809523809523	0.0	0.0	CD3D;MS4A1;LST1			0.0	0.0	0.0	0.0	0.0	0.0
vaccination_study_06	Myeloid_lineage	4	Mast Cell	8	35	0.5000087079189816	0.5000087079189816	0.0	0.1295238095238095	0.0	0.1295238095238095	0.0	0.0	0.0	0.0	0.0	0.0	0.0	0.0	1.0	0.2857142857142857	0.09523809523809523	0.0	0.0	CD3D;MS4A1;LST1			0.0	0.0	0.0	0.0	0.0	0.0
vaccination_study_06	Myeloid_lineage	4	Plasmacytoid DC	9	35	0.16126195161880214	0.16126195161880214	0.05714285714285714	0.09800000000000002	0.039999999999999994	0.138	0.0	0.0	0.0	0.2571428571428571	0.06285714285714286	0.05714285714285714	0.0	0.05714285714285714	0.29471658285217606	0.2	0.1	0.11428571428571428	0.03809523809523809	CD3D;MS4A1	MZB1;XBP1;PRDM1		0.0	0.0	0.0	0.0	0.0	0.0
vaccination_study_06	Myeloid_lineage	4	Conventional DC 1	10	35	0.4573311969905432	0.4573311969905432	0.05714285714285714	0.0	0.20571428571428568	0.20571428571428568	0.0	0.0	0.0	0.11428571428571428	0.02857142857142857	0.02857142857142857	0.02857142857142857	0.02857142857142857	0.6763392857142857	0.0	0.0	0.45714285714285713	0.45714285714285713		HLA-DRA		0.0	0.0	0.0	0.0	0.0	0.0
vaccination_study_06	Myeloid_lineage	5	Intermediate Monocyte	1	30	0.9216635608422299	0.9216635608422299	1.0	0.18	0.015	0.195	0.8049999999999999	0.8049999999999999	0.0	0.9333333333333333	0.4444444444444445	0.5333333333333333	0.5333333333333333	0.5333333333333333	0.9625796643863649	0.3	0.3	0.03333333333333333	0.03333333333333333	NKG7	FCGR3A		0.0	0.0	0.0	0.0	0.0	0.8049999999999999
vaccination_study_06	Myeloid_lineage	5	Conventional DC 2	2	30	0.922608370051725	0.9333333333333333	0.7491666666666668	0.04	0.015	0.055	0.6941666666666667	0.6941666666666667	0.0	0.9333333333333333	0.65	0.9333333333333333	0.0	0.65	1.0028067220994281	0.06666666666666667	0.06666666666666667	0.03333333333333333	0.03333333333333333	LILRA4	LST1		0.0	0.0	0.0	0.0	0.0	0.6941666666666667
vaccination_study_06	Myeloid_lineage	5	Non-Classical Monocyte	3	30	0.3089308417074488	0.3089308417074488	0.03333333333333333	0.0	0.22749999999999998	0.22749999999999998	0.0	0.0	0.0	0.26666666666666666	0.06	0.03333333333333333	0.0	0.03333333333333333	0.2499524081477251	0.0	0.0	0.5666666666666667	0.3833333333333333		NKG7;GNLY		0.0	0.0	0.0	0.0	0.0	0.0
vaccination_study_06	Myeloid_lineage	5	Classical Monocyte	4	30	0.32335115554084887	0.32335115554084887	0.11333333333333333	0.02	0.24	0.26	0.0	0.0	0.0	0.2	0.06666666666666667	0.2	0.0	0.06666666666666667	0.37868237814675954	0.03333333333333333	0.03333333333333333	0.5333333333333333	0.5333333333333333	FCGR3A	HLA-DRA		0.0	0.0	0.0	0.0	0.0	0.0
vaccination_study_06	Myeloid_lineage	5	Eosinophil	5	30	0.494008951740713	0.494008951740713	0.0	0.11433333333333334	0.0	0.11433333333333334	0.0	0.0	0.0	0.0	0.0	0.0	0.0	0.0	0.6688741721854305	0.23333333333333334	0.11666666666666667	0.0	0.0	CD3D;MS4A1			0.0	0.0	0.0	0.0	0.0	0.0
vaccination_study_06	Myeloid_lineage	5	Neutrophil	6	30	0.40184433724028634	0.40184433724028634	0.0675	0.10577777777777778	0.015	0.12077777777777778	0.0	0.0	0.0	0.1	0.05	0.1	0.0	0.05	0.2847987695462702	0.23333333333333334	0.07777777777777778	0.03333333333333333	0.03333333333333333	CD3D;MS4A1;CD79A	LST1		0.0	0.0	0.0	0.0	0.0	0.0
vaccination_study_06	Myeloid_lineage	5	Basophil	7	30	0.5000087079189816	0.5000087079189816	0.0	0.10822222222222222	0.0	0.10822222222222222	0.0	0.0	0.0	0.0	0.0	0.0	0.0	0.0	1.0	0.23333333333333334	0.08888888888888889	0.0	0.0	CD3D;MS4A1;LST1			0.0	0.0	0.0	0.0	0.0	0.0
vaccination_study_06	Myeloid_lineage	5	Mast Cell	8	30	0.5000087079189816	0.5000087079189816	0.0	0.10822222222222222	0.0	0.10822222222222222	0.0	0.0	0.0	0.0	0.0	0.0	0.0	0.0	1.0	0.23333333333333334	0.08888888888888889	0.0	0.0	CD3D;MS4A1;LST1			0.0	0.0	0.0	0.0	0.0	0.0
vaccination_study_06	Myeloid_lineage	5	Plasmacytoid DC	9	30	0.16126195161880214	0.16126195161880214	0.13333333333333333	0.11433333333333334	0.034999999999999996	0.14933333333333335	0.0	0.0	0.0	0.4	0.08666666666666667	0.13333333333333333	0.0	0.06666666666666667	0.6291467477908156	0.23333333333333334	0.11666666666666667	0.1	0.03333333333333333	CD3D;MS4A1	MZB1;XBP1;PRDM1		0.0	0.0	0.0	0.0	0.0	0.0
vaccination_study_06	Myeloid_lineage	5	Conventional DC 1	10	30	0.4573311969905432	0.4573311969905432	0.0	0.0	0.24	0.24	0.0	0.0	0.0	0.03333333333333333	0.008333333333333333	0.0	0.0	0.0	0.1753472222222222	0.0	0.0	0.5333333333333333	0.5333333333333333		HLA-DRA		0.0	0.0	0.0	0.0	0.0	0.0
vaccination_study_06	Myeloid_lineage	6	Conventional DC 2	1	30	0.9717515108239433	0.9717515108239433	0.9116666666666667	0.12000000000000002	0.0	0.12000000000000002	0.7916666666666667	0.7916666666666667	0.0	0.9333333333333333	0.9	0.9333333333333333	0.0	0.9	1.0028067220994281	0.2	0.2	0.0	0.0	LILRA4	LST1		0.0	0.0	0.6	0.0	0.0	1.7516666666666667
vaccination_study_06	Myeloid_lineage	6	Intermediate Monocyte	2	30	0.9715860603632944	0.9715860603632944	1.0	0.16	0.015	0.175	0.825	0.825	0.0	0.9333333333333333	0.6	0.9	0.9	0.9	1.6121733029293106	0.26666666666666666	0.26666666666666666	0.03333333333333333	0.03333333333333333	NKG7	FCGR3A		0.0	0.0	0.0	0.0	0.0	0.825
vaccination_study_06	Myeloid_lineage	6	Plasmacytoid DC	3	30	0.4245981295390028	0.43333333333333335	0.6698247138925105	0.11433333333333334	0.205	0.31933333333333336	0.35049138055917717	0.35049138055917717	0.0	0.6666666666666666	0.27999999999999997	0.43333333333333335	0.06666666666666667	0.3	1.9459655222367087	0.23333333333333334	0.11666666666666667	0.5666666666666667	0.2333333333333333	CD3D;MS4A1	MZB1;XBP1;PRDM1		0.0	0.0	0.16666666666666666	0.0	0.0	0.6171580472258438
vaccination_study_06	Myeloid_lineage	6	Neutrophil	4	30	0.9092155906581445	0.9092155906581445	0.4724999999999999	0.1408888888888889	0.0	0.1408888888888889	0.331611111111111	0.331611111111111	0.0	0.7	0.35	0.7	0.0	0.35	1.8382466034350164	0.3	0.12222222222222223	0.0	0.0	CD3D;MS4A1;CD79A	LST1		0.0	0.0	0.0	0.0	0.0	0.331611111111111
vaccination_study_06	Myeloid_lineage	6	Classical Monocyte	5	30	0.8849248506591895	0.8849248506591895	0.5211111111111111	0.02	0.405	0.42500000000000004	0.09611111111111104	0.09611111111111104	0.0	0.7666666666666667	0.38888888888888884	0.7666666666666667	0.0	0.38888888888888884	1.4005237160030948	0.03333333333333333	0.03333333333333333	0.9	0.9	FCGR3A	HLA-DRA		0.0	0.0	0.0	0.03333333333333333	0.0	0.12944444444444436
vaccination_study_06	Myeloid_lineage	6	Conventional DC 1	6	30	0.9335281004545534	0.9335281004545534	0.5166666666666666	0.0	0.405	0.405	0.11166666666666658	0.11166666666666658	0.0	0.7	0.20833333333333331	0.13333333333333333	0.13333333333333333	0.13333333333333333	2.513310185185185	0.0	0.0	0.9	0.9		HLA-DRA		0.0	0.0	0.0	0.0	0.0	0.11166666666666658
vaccination_study_06	Myeloid_lineage	6	Non-Classical Monocyte	7	30	0.3089308417074488	0.3089308417074488	0.03333333333333333	0.0	0.16249999999999998	0.16249999999999998	0.0	0.0	0.0	0.2	0.04666666666666666	0.03333333333333333	0.0	0.03333333333333333	0.2499524081477251	0.0	0.0	0.4	0.2833333333333333		NKG7;GNLY		0.0	0.0	0.03333333333333333	0.03333333333333333	0.0	0.08666666666666667
vaccination_study_06	Myeloid_lineage	6	Eosinophil	8	30	0.494008951740713	0.494008951740713	0.0	0.11433333333333334	0.0	0.11433333333333334	0.0	0.0	0.0	0.0	0.0	0.0	0.0	0.0	0.6688741721854305	0.23333333333333334	0.11666666666666667	0.0	0.0	CD3D;MS4A1			0.0	0.0	0.0	0.0	0.0	0.0
vaccination_study_06	Myeloid_lineage	6	Basophil	9	30	0.5000087079189816	0.5000087079189816	0.0	0.10577777777777778	0.0	0.10577777777777778	0.0	0.0	0.0	0.0	0.0	0.0	0.0	0.0	1.0	0.23333333333333334	0.07777777777777778	0.0	0.0	CD3D;MS4A1;LST1			0.0	0.0	0.0	0.0	0.0	0.0
vaccination_study_06	Myeloid_lineage	6	Mast Cell	10	30	0.5000087079189816	0.5000087079189816	0.0	0.10577777777777778	0.0	0.10577777777777778	0.0	0.0	0.0	0.0	0.0	0.0	0.0	0.0	1.0	0.23333333333333334	0.07777777777777778	0.0	0.0	CD3D;MS4A1;LST1			0.0	0.0	0.0	0.0	0.0	0.0
vaccination_study_06	Myeloid_lineage	7	Intermediate Monocyte	1	29	0.9240495306431669	0.9240495306431669	0.9655172413793104	0.14482758620689656	0.0	0.14482758620689656	0.8206896551724139	0.8206896551724139	0.0	0.9655172413793104	0.47126436781609193	0.4827586206896552	0.4827586206896552	0.4827586206896552	0.8729805418287172	0.2413793103448276	0.2413793103448276	0.0	0.0	NKG7	FCGR3A		0.0	0.0	0.0	0.0	0.0	0.8206896551724139
vaccination_study_06	Myeloid_lineage	7	Conventional DC 2	2	29	0.922917501175569	0.9655172413793104	0.7862068965517242	0.06206896551724138	0.015517241379310345	0.07758620689655173	0.7086206896551724	0.7086206896551724	0.0	0.9655172413793104	0.6896551724137931	0.9655172413793104	0.0	0.6896551724137931	1.0370196966562504	0.10344827586206896	0.10344827586206896	0.034482758620689655	0.034482758620689655	LILRA4	LST1		0.0	0.0	0.0	0.0	0.0	0.7086206896551724
vaccination_study_06	Myeloid_lineage	7	Plasmacytoid DC	3	29	0.716748811369059	0.716748811369059	0.48419727554736325	0.05068965517241379	0.07241379310344828	0.12310344827586207	0.3610938272715012	0.3610938272715012	0.0	0.5862068965517241	0.16551724137931034	0.3448275862068966	0.06896551724137931	0.3103448275862069	1.5574787573618667	0.10344827586206896	0.05172413793103448	0.20689655172413793	0.06896551724137931	CD3D;MS4A1	MZB1;XBP1;PRDM1		0.0	0.0	0.13793103448275862	0.0	0.0	0.581783482443915
vaccination_study_06	Myeloid_lineage	7	Classical Monocyte	4	29	0.32335115554084887	0.4482758620689655	0.2614942528735632	0.0	0.21724137931034485	0.21724137931034485	0.04425287356321836	0.04425287356321836	0.0	0.4482758620689655	0.16091954022988506	0.4482758620689655	0.0	0.16091954022988506	0.8263856823596771	0.0	0.0	0.4827586206896552	0.4827586206896552	FCGR3A	HLA-DRA		0.0	0.0	0.06896551724137931	0.06896551724137931	0.0	0.22356321839080456
vaccination_study_06	Myeloid_lineage	7	Neutrophil	5	29	0.40184433724028634	0.40184433724028634	0.09310344827586206	0.04689655172413793	0.015517241379310345	0.06241379310344827	0.030689655172413788	0.030689655172413788	0.0	0.13793103448275862	0.06896551724137931	0.13793103448275862	0.0	0.06896551724137931	0.38300524180360473	0.10344827586206896	0.034482758620689655	0.034482758620689655	0.034482758620689655	CD3D;MS4A1;CD79A	LST1		0.0	0.0	0.0	0.0	0.0	0.030689655172413788
vaccination_study_06	Myeloid_lineage	7	Non-Classical Monocyte	6	29	0.3089308417074488	0.3089308417074488	0.0	0.0	0.23793103448275862	0.23793103448275862	0.0	0.0	0.0	0.20689655172413793	0.04137931034482759	0.0	0.0	0.0	0.05768132495716733	0.0	0.0	0.6206896551724138	0.3448275862068966		NKG7;GNLY		0.0	0.0	0.0	0.0	0.0	0.0
vaccination_study_06	Myeloid_lineage	7	Basophil	7	29	0.5000087079189816	0.5000087079189816	0.0	0.0625287356321839	0.0	0.0625287356321839	0.0	0.0	0.0	0.0	0.0	0.0	0.0	0.0	1.0	0.13793103448275862	0.04597701149425287	0.0	0.0	CD3D;MS4A1;LST1			0.0	0.0	0.0	0.0	0.0	0.0
vaccination_study_06	Myeloid_lineage	7	Eosinophil	8	29	0.494008951740713	0.494008951740713	0.0	0.05068965517241379	0.0	0.05068965517241379	0.0	0.0	0.0	0.0	0.0	0.0	0.0	0.0	0.6688741721854305	0.10344827586206896	0.05172413793103448	0.0	0.0	CD3D;MS4A1			0.0	0.0	0.0	0.0	0.0	0.0
vaccination_study_06	Myeloid_lineage	7	Mast Cell	9	29	0.5000087079189816	0.5000087079189816	0.0	0.0625287356321839	0.0	0.0625287356321839	0.0	0.0	0.0	0.0	0.0	0.0	0.0	0.0	1.0	0.13793103448275862	0.04597701149425287	0.0	0.0	CD3D;MS4A1;LST1			0.0	0.0	0.0	0.0	0.0	0.0
vaccination_study_06	Myeloid_lineage	7	Conventional DC 1	10	29	0.4573311969905432	0.4573311969905432	0.0	0.0	0.21724137931034485	0.21724137931034485	0.0	0.0	0.0	0.20689655172413793	0.05172413793103448	0.0	0.0	0.0	0.1753472222222222	0.0	0.0	0.4827586206896552	0.4827586206896552		HLA-DRA		0.0	0.0	0.0	0.0	0.0	0.0
vaccination_study_06	Myeloid_lineage	8	Classical Monocyte	1	23	0.9996342674027761	1.0	0.8115942028985508	0.05217391304347826	0.3326086956521739	0.3847826086956521	0.42681159420289866	0.42681159420289866	0.0	1.0	0.7101449275362319	1.0	0.0	0.7101449275362319	1.8212819139439385	0.08695652173913043	0.08695652173913043	0.7391304347826086	0.7391304347826086	FCGR3A	HLA-DRA		0.0	0.0	0.9565217391304348	0.0	0.0	1.9572463768115944
vaccination_study_06	Myeloid_lineage	8	Intermediate Monocyte	2	23	0.9354394886709974	0.9354394886709974	1.0	0.10434782608695652	0.03913043478260869	0.14347826086956522	0.8565217391304347	0.8565217391304347	0.0	0.9565217391304348	0.6086956521739131	0.7391304347826086	0.7391304347826086	0.7391304347826086	1.3271737223828006	0.17391304347826086	0.17391304347826086	0.08695652173913043	0.08695652173913043	NKG7	FCGR3A		0.0	0.0	0.5217391304347826	0.0	0.0	1.691304347826087
vaccination_study_06	Myeloid_lineage	8	Conventional DC 2	3	23	0.92967484630523	0.92967484630523	0.8282608695652174	0.02608695652173913	0.11739130434782608	0.1434782608695652	0.6847826086956522	0.6847826086956522	0.0	0.9130434782608695	0.7826086956521738	0.9130434782608695	0.0	0.7826086956521738	0.981237672922301	0.043478260869565216	0.043478260869565216	0.2608695652173913	0.2608695652173913	LILRA4	LST1		0.0	0.0	0.0	0.0	0.0	0.6847826086956522
vaccination_study_06	Myeloid_lineage	8	Neutrophil	4	23	0.9953325554259043	0.9953325554259043	0.6456521739130435	0.0	0.11739130434782608	0.11739130434782608	0.5282608695652175	0.5282608695652175	0.0	0.9565217391304348	0.4782608695652174	0.9565217391304348	0.0	0.4782608695652174	2.5024018367642635	0.0	0.0	0.2608695652173913	0.2608695652173913	CD3D;MS4A1;CD79A	LST1		0.0	0.0	0.0	0.0	0.0	0.5282608695652175
vaccination_study_06	Myeloid_lineage	8	Conventional DC 1	5	23	0.9249725700552082	0.9249725700552082	0.8586956521739131	0.0	0.3326086956521739	0.3326086956521739	0.5260869565217392	0.5260869565217392	0.0	0.6956521739130435	0.18478260869565216	0.30434782608695654	0.30434782608695654	0.30434782608695654	5.512001811594203	0.0	0.0	0.7391304347826086	0.7391304347826086		HLA-DRA		0.0	0.0	0.0	0.0	0.0	0.5260869565217392
vaccination_study_06	Myeloid_lineage	8	Non-Classical Monocyte	6	23	0.9186854525505495	0.9186854525505495	0.08695652173913043	0.0	0.12391304347826088	0.12391304347826088	0.0	0.0	0.0	0.8695652173913043	0.25217391304347825	0.08695652173913043	0.0	0.08695652173913043	0.5592580637151441	0.0	0.0	0.30434782608695654	0.21739130434782608		NKG7;GNLY		0.0	0.0	0.0	0.5217391304347826	0.0	0.5217391304347826
vaccination_study_06	Myeloid_lineage	8	Basophil	7	23	0.5000087079189816	0.5000087079189816	0.0	0.11826086956521739	0.0	0.11826086956521739	0.0	0.0	0.0	0.0	0.0	0.0	0.0	0.0	1.0	0.2608695652173913	0.08695652173913043	0.0	0.0	CD3D;MS4A1;LST1			0.0	0.0	0.0	0.0	0.0	0.0
vaccination_study_06	Myeloid_lineage	8	Eosinophil	8	23	0.494008951740713	0.494008951740713	0.0	0.0	0.0	0.0	0.0	0.0	0.0	0.0	0.0	0.0	0.0	0.0	0.6688741721854305	0.0	0.0	0.0	0.0	CD3D;MS4A1			0.0	0.0	0.0	0.0	0.0	0.0
vaccination_study_06	Myeloid_lineage	8	Plasmacytoid DC	9	23	0.40250613908288196	0.40250613908288196	0.043478260869565216	0.0	0.3108695652173913	0.3108695652173913	0.0	0.0	0.0	0.782608695652174	0.17391304347826084	0.043478260869565216	0.0	0.043478260869565216	0.23473725979252877	0.0	0.0	0.8695652173913043	0.3333333333333333	CD3D;MS4A1	MZB1;XBP1;PRDM1		0.0	0.0	0.0	0.0	0.0	0.0
vaccination_study_06	Myeloid_lineage	8	Mast Cell	10	23	0.5000087079189816	0.5000087079189816	0.0	0.11826086956521739	0.0	0.11826086956521739	0.0	0.0	0.0	0.0	0.0	0.0	0.0	0.0	1.0	0.2608695652173913	0.08695652173913043	0.0	0.0	CD3D;MS4A1;LST1			0.0	0.0	0.0	0.0	0.0	0.0
vaccination_study_06	Myeloid_lineage	9	Conventional DC 2	1	22	0.9038819902819624	0.9545454545454546	0.8659090909090909	0.0	0.04090909090909091	0.04090909090909091	0.825	0.825	0.0	0.9545454545454546	0.8181818181818181	0.9545454545454546	0.0	0.8181818181818181	1.0253561826027882	0.0	0.0	0.09090909090909091	0.09090909090909091	LILRA4	LST1		0.0	0.0	0.0	0.0	0.0	0.825
vaccination_study_06	Myeloid_lineage	9	Intermediate Monocyte	2	22	0.9009996690990787	0.9009996690990787	1.0	0.19090909090909092	0.020454545454545454	0.21136363636363636	0.7886363636363636	0.7886363636363636	0.0	1.0	0.5757575757575758	0.7272727272727273	0.7272727272727273	0.7272727272727273	1.3061663822933776	0.3181818181818182	0.3181818181818182	0.045454545454545456	0.045454545454545456	NKG7	FCGR3A		0.0	0.0	0.0	0.0	0.0	0.7886363636363636
vaccination_study_06	Myeloid_lineage	9	Non-Classical Monocyte	3	22	0.6890837527647642	0.6890837527647642	0.045454545454545456	0.0	0.20795454545454545	0.20795454545454545	0.0	0.0	0.0	0.5454545454545454	0.11818181818181817	0.045454545454545456	0.0	0.045454545454545456	0.3198691656715643	0.0	0.0	0.5	0.38636363636363635		NKG7;GNLY		0.0	0.0	0.0	0.0	0.0	0.0
vaccination_study_06	Myeloid_lineage	9	Classical Monocyte	4	22	0.822928821470245	0.822928821470245	0.3484848484848485	0.027272727272727275	0.32727272727272727	0.35454545454545455	0.0	0.0	0.0	0.5454545454545454	0.24242424242424243	0.5454545454545454	0.0	0.24242424242424243	1.0016230867864504	0.045454545454545456	0.045454545454545456	0.7272727272727273	0.7272727272727273	FCGR3A	HLA-DRA		0.0	0.0	0.0	0.0	0.0	0.0
vaccination_study_06	Myeloid_lineage	9	Eosinophil	5	22	0.494008951740713	0.494008951740713	0.0	0.22272727272727272	0.0	0.22272727272727272	0.0	0.0	0.0	0.0	0.0	0.0	0.0	0.0	0.6688741721854305	0.45454545454545453	0.2272727272727273	0.0	0.0	CD3D;MS4A1			0.0	0.0	0.0	0.0	0.0	0.0
vaccination_study_06	Myeloid_lineage	9	Neutrophil	6	22	0.40184433724028634	0.40184433724028634	0.18409090909090908	0.24727272727272726	0.04090909090909091	0.28818181818181815	0.0	0.0	0.0	0.2727272727272727	0.13636363636363635	0.2727272727272727	0.0	0.13636363636363635	0.7320034489990911	0.5454545454545454	0.18181818181818185	0.09090909090909091	0.09090909090909091	CD3D;MS4A1;CD79A	LST1		0.0	0.0	0.0	0.0	0.0	0.0
vaccination_study_06	Myeloid_lineage	9	Basophil	7	22	0.5000087079189816	0.5000087079189816	0.0	0.23	0.0	0.23	0.0	0.0	0.0	0.0	0.0	0.0	0.0	0.0	1.0	0.5	0.18181818181818185	0.0	0.0	CD3D;MS4A1;LST1			0.0	0.0	0.0	0.0	0.0	0.0
vaccination_study_06	Myeloid_lineage	9	Mast Cell	8	22	0.5000087079189816	0.5000087079189816	0.0	0.23	0.0	0.23	0.0	0.0	0.0	0.0	0.0	0.0	0.0	0.0	1.0	0.5	0.18181818181818185	0.0	0.0	CD3D;MS4A1;LST1			0.0	0.0	0.0	0.0	0.0	0.0
vaccination_study_06	Myeloid_lineage	9	Plasmacytoid DC	9	22	0.16126195161880214	0.16126195161880214	0.045454545454545456	0.22272727272727272	0.08181818181818182	0.30454545454545456	0.0	0.0	0.0	0.45454545454545453	0.1181818181818182	0.045454545454545456	0.0	0.045454545454545456	0.24341195527636206	0.45454545454545453	0.2272727272727273	0.22727272727272727	0.0909090909090909	CD3D;MS4A1	MZB1;XBP1;PRDM1		0.0	0.0	0.0	0.0	0.0	0.0
vaccination_study_06	Myeloid_lineage	9	Conventional DC 1	10	22	0.4573311969905432	0.4573311969905432	0.0	0.0	0.32727272727272727	0.32727272727272727	0.0	0.0	0.0	0.0	0.0	0.0	0.0	0.0	0.1753472222222222	0.0	0.0	0.7272727272727273	0.7272727272727273		HLA-DRA		0.0	0.0	0.0	0.0	0.0	0.0
