study	lineage	cluster	candidate_label	rank_within_cluster	n_cells	marker_pct	marker_decision_score	marker_base_score	negative_marker_penalty	confound_marker_penalty	marker_penalty	marker_discriminative_score	marker_gate_score	key_marker_bonus	marker_any_fraction	marker_mean_positive_fraction	key_marker_any_fraction	key_marker_two_fraction	key_marker_max_fraction	key_marker_enrichment	negative_marker_any_fraction	negative_marker_mean_positive_fraction	confound_marker_any_fraction	confound_marker_mean_positive_fraction	available_negative_markers	available_confound_markers	available_policy_required_markers	policy_required_any_fraction	policy_required_mean_positive_fraction	ref_fraction	raw_fraction	screfmapping_fraction	total_score
vaccination_study_04	B_lineage	0	Naive B Cell	1	31	0.9876333913569969	0.9876333913569969	1.0	0.4693548387096774	0.012096774193548385	0.4814516129032258	0.5185483870967742	0.5185483870967742	0.0	0.9354838709677419	0.3467741935483871	0.9354838709677419	0.3870967741935484	0.9032258064516129	2.0139840659646775	0.8709677419354839	0.6290322580645161	0.03225806451612903	0.016129032258064516	MZB1;JCHAIN	FCRL5;ITGAX		0.0	0.0	0.06451612903225806	0.06451612903225806	0.1935483870967742	0.9185483870967741
vaccination_study_04	B_lineage	0	Plasmablast	2	31	0.9070006811473549	0.9354838709677419	1.0	0.3870967741935484	0.022580645161290318	0.4096774193548387	0.5903225806451613	0.5903225806451613	0.0	0.9354838709677419	0.304147465437788	0.9354838709677419	0.8387096774193549	0.7741935483870968	0.9960963333088397	0.6451612903225806	0.6451612903225806	0.06451612903225806	0.02150537634408602	LST1	LILRA4;CLEC4C;IRF7		0.0	0.0	0.0	0.0	0.0	0.5903225806451613
vaccination_study_04	B_lineage	0	Plasma Cell	3	31	0.9069552713236964	0.9354838709677419	1.0	0.3919354838709677	0.29516129032258065	0.6	0.4	0.4	0.0	0.9354838709677419	0.3087557603686636	0.9354838709677419	0.8387096774193549	0.7741935483870968	0.9821140714712647	0.7419354838709677	0.5	0.8709677419354839	0.22580645161290325	CD79A;LST1	LILRA4;CLEC4C;IRF7;TCF4		0.0	0.0	0.0	0.0	0.0	0.4
vaccination_study_04	B_lineage	0	Memory B Cell	4	31	0.18195716339968213	0.18195716339968213	0.0	0.4935483870967742	0.0	0.4935483870967742	0.0	0.0	0.0	0.8064516129032258	0.17972350230414746	0.0	0.0	0.0	0.025748086290883786	1.0	0.5161290322580645	0.0	0.0	TCL1A;IGHD;IGHM;MZB1;JCHAIN			0.0	0.0	0.0	0.0	0.0	0.0
vaccination_study_04	B_lineage	1	Plasma Cell	1	22	0.9991977597820328	1.0	1.0	0.40090909090909094	0.28295454545454546	0.6	0.4	0.4	0.0	1.0	0.8961038961038961	1.0	1.0	1.0	1.049129702414374	0.8181818181818182	0.4090909090909091	0.8181818181818182	0.25	CD79A;LST1	LILRA4;CLEC4C;IRF7;TCF4		0.0	0.0	1.0	1.0	0.09090909090909091	3.109090909090909
vaccination_study_04	B_lineage	1	Plasmablast	2	22	0.9989631423597971	1.0	1.0	0.0	0.06363636363636363	0.06363636363636363	0.9363636363636364	0.9363636363636364	0.0	1.0	0.8051948051948051	1.0	1.0	1.0	1.0640660592255127	0.0	0.0	0.18181818181818182	0.06060606060606061	LST1	LILRA4;CLEC4C;IRF7		0.0	0.0	1.0	0.0	0.0	2.5363636363636366
vaccination_study_04	B_lineage	1	Naive B Cell	3	22	0.9692121395595248	0.9692121395595248	0.2727272727272727	0.5	0.2897727272727273	0.6	0.0	0.0	0.0	1.0	0.30113636363636365	0.2727272727272727	0.09090909090909091	0.2727272727272727	0.6022400167477887	1.0	1.0	0.7727272727272727	0.38636363636363635	MZB1;JCHAIN	FCRL5;ITGAX		0.0	0.0	0.0	0.0	0.7272727272727273	0.8727272727272727
vaccination_study_04	B_lineage	1	Memory B Cell	4	22	0.7078483311889805	0.7727272727272727	1.0	0.484	0.0	0.484	0.516	0.516	0.0	1.0	0.422077922077922	0.7727272727272727	0.7727272727272727	0.7727272727272727	2.015372936040994	1.0	0.4727272727272728	0.0	0.0	TCL1A;IGHD;IGHM;MZB1;JCHAIN			0.0	0.0	0.0	0.0	0.18181818181818182	0.7341818181818182
vaccination_study_04	B_lineage	2	Plasma Cell	1	19	0.9992885794293499	1.0	1.0	0.438421052631579	0.29605263157894735	0.6	0.4	0.4	0.0	1.0	0.8646616541353384	1.0	1.0	1.0	1.049129702414374	0.8947368421052632	0.4473684210526316	0.8421052631578947	0.2894736842105263	CD79A;LST1	LILRA4;CLEC4C;IRF7;TCF4		0.0	0.0	1.0	1.0	0.10526315789473684	3.126315789473684
vaccination_study_04	B_lineage	2	Plasmablast	2	19	0.9992280329978052	1.0	1.0	0.06315789473684211	0.14736842105263157	0.21052631578947367	0.7894736842105263	0.7894736842105263	0.0	1.0	0.7368421052631579	1.0	1.0	1.0	1.0640660592255127	0.10526315789473684	0.10526315789473684	0.42105263157894735	0.14035087719298245	LST1	LILRA4;CLEC4C;IRF7		0.0	0.0	1.0	0.0	0.0	2.389473684210526
vaccination_study_04	B_lineage	2	Memory B Cell	3	19	0.60490426095512	0.7368421052631579	1.0	0.47726315789473683	0.0	0.47726315789473683	0.5227368421052632	0.5227368421052632	0.0	1.0	0.45864661654135336	0.7368421052631579	0.7368421052631579	0.7368421052631579	1.92297549719811	1.0	0.44210526315789467	0.0	0.0	TCL1A;IGHD;IGHM;MZB1;JCHAIN			0.0	0.0	0.0	0.0	0.6842105263157895	1.3437894736842106
vaccination_study_04	B_lineage	2	Naive B Cell	4	19	0.9645197911148111	0.9645197911148111	0.21052631578947367	0.5	0.2763157894736842	0.6	0.0	0.0	0.0	1.0	0.256578947368421	0.21052631578947367	0.0	0.21052631578947367	0.46974517468108956	1.0	1.0	0.7368421052631579	0.3684210526315789	MZB1;JCHAIN	FCRL5;ITGAX		0.0	0.0	0.0	0.0	0.21052631578947367	0.2526315789473684
vaccination_study_04	B_lineage	3	Plasma Cell	1	19	0.9989707106637402	1.0	1.0	0.4442105263157895	0.3394736842105263	0.6	0.4	0.4	0.0	1.0	0.9022556390977444	1.0	0.9473684210526315	1.0	1.049129702414374	0.8947368421052632	0.4736842105263158	0.9473684210526315	0.3684210526315789	CD79A;LST1	LILRA4;CLEC4C;IRF7;TCF4		0.0	0.0	1.0	1.0	0.42105263157894735	3.5052631578947366
vaccination_study_04	B_lineage	3	Plasmablast	2	19	0.999394535684553	1.0	1.0	0.031578947368421054	0.18421052631578946	0.21578947368421053	0.7842105263157895	0.7842105263157895	0.0	1.0	0.8721804511278195	1.0	0.9473684210526315	1.0	1.0640660592255127	0.05263157894736842	0.05263157894736842	0.5263157894736842	0.17543859649122806	LST1	LILRA4;CLEC4C;IRF7		0.0	0.0	0.9473684210526315	0.3684210526315789	0.0	2.668421052631579
vaccination_study_04	B_lineage	3	Memory B Cell	3	19	0.6504654506924998	0.6504654506924998	0.5263157894736842	0.49578947368421056	0.0	0.49578947368421056	0.030526315789473624	0.030526315789473624	0.0	0.9473684210526315	0.46616541353383456	0.2631578947368421	0.2631578947368421	0.2631578947368421	0.703329304472036	1.0	0.5263157894736843	0.0	0.0	TCL1A;IGHD;IGHM;MZB1;JCHAIN			0.0	0.0	0.0	0.0	0.5263157894736842	0.6621052631578946
vaccination_study_04	B_lineage	3	Naive B Cell	4	19	0.9863013698630136	0.9863013698630136	0.6425779474593218	0.5	0.09868421052631579	0.5986842105263158	0.04389373693300602	0.04389373693300602	0.0	1.0	0.35526315789473684	0.5789473684210527	0.10526315789473684	0.5789473684210527	1.254522316153077	1.0	0.9736842105263157	0.2631578947368421	0.13157894736842105	MZB1;JCHAIN	FCRL5;ITGAX		0.0	0.0	0.0	0.0	0.0	0.04389373693300602
vaccination_study_04	B_lineage	4	Plasma Cell	1	16	0.9994323772042685	1.0	1.0	0.398125	0.33984375	0.6	0.4	0.4	0.0	1.0	0.9285714285714286	1.0	1.0	1.0	1.049129702414374	0.8125	0.40625	0.9375	0.390625	CD79A;LST1	LILRA4;CLEC4C;IRF7;TCF4		0.0	0.0	1.0	1.0	0.25	3.3
vaccination_study_04	B_lineage	4	Plasmablast	2	16	0.999394535684553	1.0	1.0	0.0	0.328125	0.328125	0.671875	0.671875	0.0	1.0	0.8035714285714286	1.0	1.0	1.0	1.0640660592255127	0.0	0.0	0.9375	0.3125	LST1	LILRA4;CLEC4C;IRF7		0.0	0.0	1.0	0.0	0.0	2.271875
vaccination_study_04	B_lineage	4	Memory B Cell	3	16	0.6994815711798985	0.6994815711798985	0.9130567153792624	0.479	0.0	0.479	0.4340567153792624	0.4340567153792624	0.0	1.0	0.41964285714285715	0.4375	0.4375	0.4375	1.1522268615170494	1.0	0.45	0.0	0.0	TCL1A;IGHD;IGHM;MZB1;JCHAIN			0.0	0.0	0.0	0.0	0.4375	0.9590567153792624
vaccination_study_04	B_lineage	4	Naive B Cell	4	16	0.987383637326875	0.987383637326875	0.25	0.5	0.1640625	0.6	0.0	0.0	0.0	1.0	0.3203125	0.25	0.0	0.25	0.5538284398388025	1.0	1.0	0.4375	0.21875	MZB1;JCHAIN	FCRL5;ITGAX		0.0	0.0	0.0	0.0	0.3125	0.375
vaccination_study_04	B_lineage	5	Plasma Cell	1	14	0.9155831378188148	0.9155831378188148	1.0	0.38928571428571435	0.2732142857142857	0.6	0.4	0.4	0.0	0.9285714285714286	0.520408163265306	0.8571428571428571	0.6428571428571429	0.7142857142857143	0.9007379481832035	0.7142857142857143	0.5357142857142857	0.7857142857142857	0.25	CD79A;LST1	LILRA4;CLEC4C;IRF7;TCF4		0.0	0.0	0.42857142857142855	0.42857142857142855	0.0	1.5142857142857142
vaccination_study_04	B_lineage	5	Memory B Cell	2	14	0.696760765912359	0.696760765912359	0.88945223183219	0.3008571428571429	0.0	0.3008571428571429	0.5885950889750471	0.5885950889750471	0.0	0.7857142857142857	0.44897959183673475	0.42857142857142855	0.42857142857142855	0.42857142857142855	1.1292374987573317	0.6428571428571429	0.2571428571428571	0.0	0.0	TCL1A;IGHD;IGHM;MZB1;JCHAIN			0.0	0.0	0.14285714285714285	0.14285714285714285	0.42857142857142855	1.4743093746893328
vaccination_study_04	B_lineage	5	Plasmablast	3	14	0.9156739574661319	0.9156739574661319	1.0	0.4285714285714286	0.125	0.5535714285714286	0.4464285714285714	0.4464285714285714	0.0	0.9285714285714286	0.47959183673469374	0.7142857142857143	0.5	0.6428571428571429	0.7630572730231046	0.7142857142857143	0.7142857142857143	0.35714285714285715	0.11904761904761905	LST1	LILRA4;CLEC4C;IRF7		0.0	0.0	0.42857142857142855	0.0	0.0	1.1321428571428571
vaccination_study_04	B_lineage	5	Naive B Cell	4	14	0.928138954060395	0.928138954060395	0.2857142857142857	0.3271428571428571	0.3	0.6	0.0	0.0	0.0	0.8571428571428571	0.25892857142857145	0.14285714285714285	0.14285714285714285	0.14285714285714285	0.32560243441072456	0.5714285714285714	0.5	0.7142857142857143	0.5714285714285714	MZB1;JCHAIN	FCRL5;ITGAX		0.0	0.0	0.0	0.0	0.0	0.0
vaccination_study_04	B_lineage	6	Plasma Cell	1	12	0.9986377052902444	1.0	1.0	0.44916666666666666	0.26249999999999996	0.6	0.4	0.4	0.0	1.0	0.7023809523809524	1.0	0.8333333333333334	1.0	1.049129702414374	0.9166666666666666	0.45833333333333337	0.75	0.25	CD79A;LST1	LILRA4;CLEC4C;IRF7;TCF4		0.0	0.0	0.6666666666666666	0.6666666666666666	0.5	2.7333333333333334
vaccination_study_04	B_lineage	6	Plasmablast	2	12	0.9987815030651631	1.0	1.0	0.049999999999999996	0.14583333333333331	0.1958333333333333	0.8041666666666667	0.8041666666666667	0.0	1.0	0.6666666666666667	1.0	0.8333333333333334	1.0	1.0640660592255127	0.08333333333333333	0.08333333333333333	0.4166666666666667	0.13888888888888887	LST1	LILRA4;CLEC4C;IRF7		0.0	0.0	0.6666666666666666	0.0	0.0	1.8708333333333333
vaccination_study_04	B_lineage	6	Memory B Cell	3	12	0.8405963823507152	0.8405963823507152	0.5	0.4753333333333334	0.0	0.4753333333333334	0.024666666666666615	0.024666666666666615	0.0	0.8333333333333334	0.40476190476190477	0.25	0.25	0.25	0.6694502435629784	1.0	0.4333333333333334	0.0	0.0	TCL1A;IGHD;IGHM;MZB1;JCHAIN			0.0	0.0	0.16666666666666666	0.16666666666666666	0.16666666666666666	0.6579999999999999
vaccination_study_04	B_lineage	6	Naive B Cell	4	12	0.971164761976841	0.971164761976841	0.3333333333333333	0.5	0.09375	0.59375	0.0	0.0	0.0	1.0	0.30208333333333337	0.3333333333333333	0.0	0.3333333333333333	0.731337555171752	1.0	0.9166666666666667	0.25	0.125	MZB1;JCHAIN	FCRL5;ITGAX		0.0	0.0	0.0	0.0	0.16666666666666666	0.19999999999999998
vaccination_study_04	B_lineage	7	Plasma Cell	1	8	0.9943389086505714	0.9943389086505714	1.0	0.40875000000000006	0.3234375	0.6	0.4	0.4	0.0	0.75	0.5535714285714286	0.75	0.625	0.75	0.7894441325098259	0.75	0.5625	0.875	0.40625	CD79A;LST1	LILRA4;CLEC4C;IRF7;TCF4		0.0	0.0	0.75	0.75	0.25	2.65
vaccination_study_04	B_lineage	7	Plasmablast	2	8	0.9940286081889049	0.9940286081889049	1.0	0.22500000000000003	0.225	0.45000000000000007	0.5499999999999999	0.5499999999999999	0.0	0.75	0.5178571428571429	0.75	0.625	0.75	0.8006833712984055	0.375	0.375	0.625	0.25	LST1	LILRA4;CLEC4C;IRF7		0.0	0.0	0.5	0.125	0.0	1.475
vaccination_study_04	B_lineage	7	Naive B Cell	3	8	0.9936350563838644	0.9936350563838644	0.9047207829591248	0.43625	0.0	0.43625	0.4684707829591248	0.4684707829591248	0.0	0.875	0.375	0.75	0.25	0.75	1.6188831318364996	0.75	0.6875	0.0	0.0	MZB1;JCHAIN	FCRL5;ITGAX		0.0	0.0	0.25	0.25	0.25	1.418470782959125
vaccination_study_04	B_lineage	7	Memory B Cell	4	8	0.6339589797926285	0.6339589797926285	0.0	0.4845	0.0	0.4845	0.0	0.0	0.0	0.875	0.30357142857142855	0.0	0.0	0.0	0.025748086290883786	1.0	0.475	0.0	0.0	TCL1A;IGHD;IGHM;MZB1;JCHAIN			0.0	0.0	0.0	0.0	0.25	0.3
vaccination_study_04	B_lineage	8	Plasma Cell	1	5	0.9993642624687807	0.9993642624687807	1.0	0.39200000000000007	0.33749999999999997	0.6	0.4	0.4	0.0	0.8	0.7999999999999999	0.8	0.8	0.8	0.8413812464907355	0.8	0.4	1.0	0.25	CD79A;LST1	LILRA4;CLEC4C;IRF7;TCF4		0.0	0.0	0.8	0.8	0.0	2.48
vaccination_study_04	B_lineage	8	Plasmablast	2	5	0.999303716037236	0.999303716037236	1.0	0.0	0.13999999999999999	0.13999999999999999	0.86	0.86	0.0	0.8	0.7428571428571429	0.8	0.8	0.8	0.853359908883827	0.0	0.0	0.4	0.13333333333333333	LST1	LILRA4;CLEC4C;IRF7		0.0	0.0	0.8	0.0	0.0	2.14
vaccination_study_04	B_lineage	8	Memory B Cell	3	5	0.7358056459547415	0.8	1.0	0.37440000000000007	0.0	0.37440000000000007	0.6255999999999999	0.6255999999999999	0.0	1.0	0.37142857142857144	0.8	0.8	0.8	2.0855949895615864	0.8	0.32	0.0	0.0	TCL1A;IGHD;IGHM;MZB1;JCHAIN			0.0	0.0	0.0	0.0	0.4	1.1056
vaccination_study_04	B_lineage	8	Naive B Cell	4	5	0.955649738893514	0.955649738893514	0.0	0.4800000000000001	0.375	0.6	0.0	0.0	0.0	0.8	0.2	0.0	0.0	0.0	0.021301093839953943	0.8	0.8	1.0	0.5	MZB1;JCHAIN	FCRL5;ITGAX		0.0	0.0	0.0	0.0	0.6	0.72
vaccination_study_04	B_lineage	9	Naive B Cell	1	2	0.9209566336184061	1.0	1.0	0.49	0.0	0.49	0.51	0.51	0.0	1.0	0.125	1.0	0.0	1.0	2.151410477835348	1.0	0.5	0.0	0.0	MZB1;JCHAIN	FCRL5;ITGAX		0.0	0.0	0.0	0.0	0.0	0.51
vaccination_study_04	B_lineage	9	Plasma Cell	2	2	0.9160675092711723	1.0	1.0	0.49	0.375	0.6	0.4	0.4	0.0	1.0	0.2857142857142857	1.0	1.0	1.0	1.049129702414374	1.0	0.5	1.0	0.5	CD79A;LST1	LILRA4;CLEC4C;IRF7;TCF4		0.0	0.0	0.0	0.0	0.0	0.4
vaccination_study_04	B_lineage	9	Plasmablast	3	2	0.9161658972224325	1.0	1.0	0.5	0.35	0.6	0.4	0.4	0.0	1.0	0.2857142857142857	1.0	1.0	1.0	1.0640660592255127	1.0	1.0	1.0	0.3333333333333333	LST1	LILRA4;CLEC4C;IRF7		0.0	0.0	0.0	0.0	0.0	0.4
vaccination_study_04	B_lineage	9	Memory B Cell	4	2	0.0447589495194127	0.0447589495194127	0.0	0.468	0.0	0.468	0.0	0.0	0.0	0.0	0.0	0.0	0.0	0.0	0.025748086290883786	1.0	0.4	0.0	0.0	TCL1A;IGHD;IGHM;MZB1;JCHAIN			0.0	0.0	0.0	0.0	0.0	0.0
vaccination_study_04	T_NK_lineage	0	gdT Cell	1	38	0.9959963672141072	1.0	1.0	0.12631578947368421	0.09868421052631579	0.225	0.775	0.775	0.0	1.0	1.0	1.0	0.0	1.0	1.9199718375968082	0.21052631578947367	0.21052631578947367	0.2631578947368421	0.13157894736842105	LST1	NKG7;GNLY		0.0	0.0	0.0	0.0	0.0	0.775
vaccination_study_04	T_NK_lineage	0	CD4 Naive / T Central Memory	2	38	0.9863013698630136	1.0	1.0	0.4607017543859649	0.0	0.4607017543859649	0.5392982456140352	0.5392982456140352	0.0	1.0	0.6491228070175439	1.0	0.23684210526315788	1.0	1.7183364839319473	0.9736842105263158	0.41228070175438597	0.0	0.0	NKG7;GNLY;GZMB			0.0	0.0	0.0	0.0	0.0	0.5392982456140352
vaccination_study_04	T_NK_lineage	0	CD4 T Effector Memory	3	38	0.671338832967532	1.0	1.0	0.11605263157894737	0.3539473684210527	0.47000000000000003	0.53	0.53	0.0	1.0	0.43421052631578944	1.0	0.05263157894736842	1.0	1.5491384207536452	0.23684210526315788	0.11842105263157894	0.9736842105263158	0.41228070175438597	CCR7;TCF7	NKG7;GNLY;GZMB		0.0	0.0	0.0	0.0	0.0	0.53
vaccination_study_04	T_NK_lineage	0	CD8 Cytotoxic / T Effector Memory	4	38	0.9698024672670854	0.9698024672670854	0.2631578947368421	0.11605263157894737	0.0	0.11605263157894737	0.14710526315789474	0.14710526315789474	0.0	1.0	0.33082706766917297	0.2631578947368421	0.0	0.2631578947368421	0.4051600343102767	0.23684210526315788	0.11842105263157894	0.0	0.0	CCR7;TCF7	KLRD1;FCGR3A		0.0	0.0	0.0	0.0	0.0	0.14710526315789474
vaccination_study_04	T_NK_lineage	0	NKT Cell	5	38	0.659766896238553	0.659766896238553	0.2631578947368421	0.12631578947368421	0.0	0.12631578947368421	0.13684210526315788	0.13684210526315788	0.0	1.0	0.25263157894736843	0.2631578947368421	0.0	0.2631578947368421	0.36870170761013515	0.21052631578947367	0.21052631578947367	0.0	0.0	LST1			0.0	0.0	0.0	0.0	0.0	0.13684210526315788
vaccination_study_04	T_NK_lineage	0	NK Cell	6	38	0.7223416332399909	0.7223416332399909	0.2631578947368421	0.5	0.0	0.5	0.0	0.0	0.0	1.0	0.31578947368421056	0.2631578947368421	0.0	0.2631578947368421	0.4022139515303437	1.0	0.6052631578947368	0.0	0.0	CD3E;LST1			0.0	0.0	0.0	0.0	0.0	0.0
vaccination_study_04	T_NK_lineage	0	Treg	7	38	0.9957239082721563	0.9957239082721563	0.0	0.4607017543859649	0.08881578947368421	0.5495175438596491	0.0	0.0	0.0	1.0	0.5526315789473684	0.0	0.0	0.0	0.5031055900621119	0.9736842105263158	0.41228070175438597	0.23684210526315788	0.11842105263157894	NKG7;GNLY;GZMB	CCR7;TCF7		0.0	0.0	0.0	0.0	0.0	0.0
vaccination_study_04	T_NK_lineage	0	CD8 Naive / T Central Memory	8	38	0.9849466434572012	0.9849466434572012	0.23684210526315788	0.4607017543859649	0.44999999999999996	0.6	0.0	0.0	0.0	1.0	0.5394736842105263	0.23684210526315788	0.0	0.23684210526315788	0.5984498810630288	0.9736842105263158	0.41228070175438597	1.0	1.0	NKG7;GNLY;GZMB	CD4		0.0	0.0	0.0	0.0	0.0	0.0
vaccination_study_04	T_NK_lineage	0	MAIT Cell	9	38	0.9858094301067131	0.9858094301067131	0.05263157894736842	0.12631578947368421	0.3539473684210527	0.4802631578947369	0.0	0.0	0.0	1.0	0.5087719298245614	0.02631578947368421	0.02631578947368421	0.02631578947368421	0.06564559132712389	0.21052631578947367	0.21052631578947367	0.9736842105263158	0.41228070175438597	LST1	NKG7;GNLY;GZMB		0.0	0.0	0.0	0.0	0.0	0.0
vaccination_study_04	T_NK_lineage	1	NK Cell	1	37	0.964852796488307	0.964852796488307	0.972972972972973	0.485945945945946	0.0	0.485945945945946	0.48702702702702705	0.48702702702702705	0.0	0.918918918918919	0.5521235521235521	0.5945945945945946	0.4864864864864865	0.5675675675675675	0.8902410863872416	0.918918918918919	0.6216216216216217	0.0	0.0	CD3E;LST1			0.0	0.0	0.5135135135135135	0.08108108108108109	0.0	1.38972972972973
vaccination_study_04	T_NK_lineage	1	CD4 Naive / T Central Memory	2	37	0.70183909785817	0.7567567567567568	0.8328820313697441	0.36378378378378373	0.0	0.36378378378378373	0.4690982475859604	0.4690982475859604	0.0	0.9459459459459459	0.3693693693693693	0.7567567567567568	0.2972972972972973	0.7297297297297297	1.3045010984519494	0.6756756756756757	0.48648648648648646	0.0	0.0	NKG7;GNLY;GZMB			0.0	0.0	0.02702702702702703	0.0	0.02702702702702703	0.5447739232616361
vaccination_study_04	T_NK_lineage	1	CD4 T Effector Memory	3	37	0.8937258760311814	0.8937258760311814	0.9129413450564747	0.15891891891891893	0.27567567567567564	0.4345945945945946	0.47834675046188013	0.47834675046188013	0.0	1.0	0.4684684684684685	0.8378378378378378	0.2702702702702703	0.7297297297297297	1.3004140288745478	0.32432432432432434	0.16216216216216217	0.6756756756756757	0.48648648648648646	CCR7;TCF7	NKG7;GNLY;GZMB		0.0	0.0	0.0	0.0	0.0	0.47834675046188013
vaccination_study_04	T_NK_lineage	1	CD8 Cytotoxic / T Effector Memory	4	37	0.970634980700825	0.970634980700825	0.918918918918919	0.15891891891891893	0.2858108108108108	0.4447297297297297	0.4741891891891893	0.4741891891891893	0.0	0.8648648648648649	0.42084942084942084	0.5675675675675675	0.4594594594594595	0.5675675675675675	0.8566741068114443	0.32432432432432434	0.16216216216216217	0.6756756756756757	0.5540540540540541	CCR7;TCF7	KLRD1;FCGR3A		0.0	0.0	0.0	0.0	0.0	0.4741891891891893
vaccination_study_04	T_NK_lineage	1	NKT Cell	5	37	0.9941572693559373	0.9941572693559373	0.918918918918919	0.5	0.0	0.5	0.41891891891891897	0.41891891891891897	0.0	0.8378378378378378	0.4864864864864865	0.7297297297297297	0.4594594594594595	0.6216216216216216	0.9984687236811883	0.918918918918919	0.918918918918919	0.0	0.0	LST1			0.0	0.0	0.0	0.0	0.0	0.41891891891891897
vaccination_study_04	T_NK_lineage	1	MAIT Cell	6	37	0.9697040793158254	0.9697040793158254	0.918918918918919	0.5	0.27567567567567564	0.6	0.318918918918919	0.318918918918919	0.0	0.7027027027027027	0.2882882882882883	0.4594594594594595	0.4594594594594595	0.4594594594594595	0.8486100472264276	0.918918918918919	0.918918918918919	0.6756756756756757	0.48648648648648646	LST1	NKG7;GNLY;GZMB		0.0	0.0	0.0	0.0	0.0	0.318918918918919
vaccination_study_04	T_NK_lineage	1	Treg	7	37	0.8811473548777718	0.8811473548777718	0.0	0.36378378378378373	0.12162162162162163	0.48540540540540533	0.0	0.0	0.0	0.8378378378378378	0.28378378378378377	0.0	0.0	0.0	0.5031055900621119	0.6756756756756757	0.48648648648648646	0.32432432432432434	0.16216216216216217	NKG7;GNLY;GZMB	CCR7;TCF7		0.0	0.0	0.0	0.0	0.0	0.0
vaccination_study_04	T_NK_lineage	1	CD8 Naive / T Central Memory	8	37	0.783001589343828	0.783001589343828	0.32432432432432434	0.36378378378378373	0.32837837837837835	0.6	0.0	0.0	0.0	0.8648648648648649	0.31756756756756754	0.32432432432432434	0.0	0.32432432432432434	0.8105438572364643	0.6756756756756757	0.48648648648648646	0.7297297297297297	0.7297297297297297	NKG7;GNLY;GZMB	CD4		0.0	0.0	0.0	0.0	0.0	0.0
vaccination_study_04	T_NK_lineage	1	gdT Cell	9	37	0.49680617573601754	0.49680617573601754	0.32432432432432434	0.5	0.24729729729729727	0.6	0.0	0.0	0.0	0.32432432432432434	0.32432432432432434	0.32432432432432434	0.0	0.32432432432432434	0.6355379082438458	0.918918918918919	0.918918918918919	0.5675675675675675	0.5135135135135135	LST1	NKG7;GNLY		0.0	0.0	0.0	0.0	0.0	0.0
vaccination_study_04	T_NK_lineage	10	NK Cell	1	24	0.9971921592371149	1.0	1.0	0.29041666666666666	0.0	0.29041666666666666	0.7095833333333333	0.7095833333333333	0.0	1.0	0.7202380952380951	1.0	1.0	1.0	1.487184148336666	0.5833333333333334	0.3125	0.0	0.0	CD3E;LST1			0.0	0.0	1.0	1.0	0.0	3.3095833333333333
vaccination_study_04	T_NK_lineage	10	NKT Cell	2	24	0.9982214485733747	1.0	1.0	0.075	0.0	0.075	0.925	0.925	0.0	1.0	0.8666666666666666	1.0	0.9166666666666666	1.0	1.3632727878686886	0.125	0.125	0.0	0.0	LST1			0.0	0.0	0.0	0.0	0.0	0.925
vaccination_study_04	T_NK_lineage	10	MAIT Cell	3	24	0.9987512298493908	1.0	1.0	0.075	0.4208333333333333	0.4958333333333333	0.5041666666666667	0.5041666666666667	0.0	1.0	0.5277777777777778	1.0	1.0	1.0	1.825708547199286	0.125	0.125	1.0	0.8055555555555555	LST1	NKG7;GNLY;GZMB		0.0	0.0	0.0	0.0	0.0	0.5041666666666667
vaccination_study_04	T_NK_lineage	10	CD8 Cytotoxic / T Effector Memory	4	24	0.997373798531749	1.0	1.0	0.16333333333333333	0.40625	0.5695833333333333	0.43041666666666667	0.43041666666666667	0.0	1.0	0.6964285714285714	1.0	0.9166666666666666	1.0	1.4980772752243179	0.3333333333333333	0.16666666666666666	1.0	0.7083333333333334	CCR7;TCF7	KLRD1;FCGR3A		0.0	0.0	0.0	0.0	0.0	0.43041666666666667
vaccination_study_04	T_NK_lineage	10	CD4 T Effector Memory	5	24	0.9980171043669114	0.9980171043669114	0.6761345704727639	0.16333333333333333	0.4208333333333333	0.5841666666666666	0.09196790380609732	0.09196790380609732	0.0	1.0	0.4930555555555555	0.6666666666666666	0.041666666666666664	0.6666666666666666	1.0378716152243894	0.3333333333333333	0.16666666666666666	1.0	0.8055555555555555	CCR7;TCF7	NKG7;GNLY;GZMB		0.0	0.0	0.0	0.0	0.0	0.09196790380609732
vaccination_study_04	T_NK_lineage	10	CD8 Naive / T Central Memory	6	24	0.968788314538712	0.968788314538712	0.3333333333333333	0.5	0.01875	0.51875	0.0	0.0	0.0	0.9583333333333334	0.4375	0.3333333333333333	0.0	0.3333333333333333	0.8323855133193654	1.0	0.8055555555555555	0.041666666666666664	0.041666666666666664	NKG7;GNLY;GZMB	CD4		0.0	0.0	0.0	0.0	0.0	0.0
vaccination_study_04	T_NK_lineage	10	Treg	7	24	0.9736320290622871	0.9736320290622871	0.0	0.5	0.12499999999999999	0.6	0.0	0.0	0.0	0.9166666666666666	0.3645833333333333	0.0	0.0	0.0	0.5031055900621119	1.0	0.8055555555555555	0.3333333333333333	0.16666666666666666	NKG7;GNLY;GZMB	CCR7;TCF7		0.0	0.0	0.0	0.0	0.0	0.0
vaccination_study_04	T_NK_lineage	10	CD4 Naive / T Central Memory	8	24	0.7451979111481117	0.7451979111481117	0.375	0.5	0.0	0.5	0.0	0.0	0.0	0.9583333333333334	0.31249999999999994	0.375	0.0	0.3333333333333333	0.6550094517958412	1.0	0.8055555555555555	0.0	0.0	NKG7;GNLY;GZMB			0.0	0.0	0.0	0.0	0.0	0.0
vaccination_study_04	T_NK_lineage	10	gdT Cell	9	24	0.7468969953833345	0.7468969953833345	0.5	0.075	0.44375	0.5187499999999999	0.0	0.0	0.0	0.5	0.5	0.5	0.0	0.5	0.969490729875616	0.125	0.125	1.0	0.9583333333333333	LST1	NKG7;GNLY		0.0	0.0	0.0	0.0	0.0	0.0
vaccination_study_04	T_NK_lineage	11	NK Cell	1	22	0.9969651101188224	0.9969651101188224	1.0	0.32181818181818184	0.0	0.32181818181818184	0.6781818181818182	0.6781818181818182	0.0	0.7272727272727273	0.4740259740259741	0.7272727272727273	0.6363636363636364	0.7272727272727273	1.0856042702979622	0.6363636363636364	0.36363636363636365	0.0	0.0	CD3E;LST1			0.0	0.0	1.0	0.0	0.0	2.2781818181818183
vaccination_study_04	T_NK_lineage	11	CD8 Cytotoxic / T Effector Memory	2	22	0.9977900552486187	0.9977900552486187	1.0	0.245	0.25909090909090904	0.504090909090909	0.49590909090909097	0.49590909090909097	0.0	0.8181818181818182	0.5714285714285714	0.7272727272727273	0.5	0.7272727272727273	1.093555958782108	0.5	0.25	0.6363636363636364	0.45454545454545453	CCR7;TCF7	KLRD1;FCGR3A		0.0	0.0	0.6363636363636364	0.5909090909090909	0.0	2.1050000000000004
vaccination_study_04	T_NK_lineage	11	CD4 Naive / T Central Memory	3	22	0.8162567168697494	0.8162567168697494	0.5	0.38303030303030305	0.0	0.38303030303030305	0.11696969696969695	0.11696969696969695	0.0	0.8181818181818182	0.29545454545454547	0.5	0.09090909090909091	0.5	0.8676748582230625	0.7272727272727273	0.48484848484848486	0.0	0.0	NKG7;GNLY;GZMB			0.0	0.0	0.45454545454545453	0.0	0.2727272727272727	1.1715151515151514
vaccination_study_04	T_NK_lineage	11	CD4 T Effector Memory	4	22	0.9966018315295542	0.9966018315295542	0.8228641269731972	0.245	0.2909090909090909	0.5359090909090909	0.28695503606410633	0.28695503606410633	0.0	0.8181818181818182	0.4166666666666667	0.7727272727272727	0.09090909090909091	0.7727272727272727	1.200547416983698	0.5	0.25	0.7272727272727273	0.48484848484848486	CCR7;TCF7	NKG7;GNLY;GZMB		0.0	0.0	0.18181818181818182	0.09090909090909091	0.0	0.6687732178822882
vaccination_study_04	T_NK_lineage	11	NKT Cell	5	22	0.9968591538636191	0.9968591538636191	0.7272727272727273	0.08181818181818182	0.0	0.08181818181818182	0.6454545454545455	0.6454545454545455	0.0	0.8181818181818182	0.509090909090909	0.7272727272727273	0.09090909090909091	0.7272727272727273	0.9951523230976655	0.13636363636363635	0.13636363636363635	0.0	0.0	LST1			0.0	0.0	0.0	0.0	0.0	0.6454545454545455
vaccination_study_04	T_NK_lineage	11	CD8 Naive / T Central Memory	6	22	0.9666162113070461	0.9666162113070461	0.5591140377132595	0.38303030303030305	0.04090909090909091	0.42393939393939395	0.13517464377386557	0.13517464377386557	0.0	0.6818181818181818	0.2954545454545454	0.5	0.0	0.5	1.236456150853038	0.7272727272727273	0.48484848484848486	0.09090909090909091	0.09090909090909091	NKG7;GNLY;GZMB	CD4		0.0	0.0	0.045454545454545456	0.0	0.0	0.20790191650113832
vaccination_study_04	T_NK_lineage	11	gdT Cell	7	22	0.9986452735941875	0.9986452735941875	0.5909090909090909	0.08181818181818182	0.3102272727272727	0.3920454545454545	0.19886363636363646	0.19886363636363646	0.0	0.5909090909090909	0.5909090909090909	0.5909090909090909	0.0	0.5909090909090909	1.1423054767340146	0.13636363636363635	0.13636363636363635	0.7272727272727273	0.6136363636363636	LST1	NKG7;GNLY		0.0	0.0	0.0	0.0	0.0	0.19886363636363646
vaccination_study_04	T_NK_lineage	11	MAIT Cell	8	22	0.991145084386589	0.991145084386589	0.5454545454545454	0.08181818181818182	0.2909090909090909	0.3727272727272727	0.17272727272727273	0.17272727272727273	0.0	0.6363636363636364	0.30303030303030304	0.2727272727272727	0.2727272727272727	0.2727272727272727	0.5110669290539855	0.13636363636363635	0.13636363636363635	0.7272727272727273	0.48484848484848486	LST1	NKG7;GNLY;GZMB		0.0	0.0	0.0	0.0	0.0	0.17272727272727273
vaccination_study_04	T_NK_lineage	11	Treg	9	22	0.7817414667373042	0.7817414667373042	0.0	0.38303030303030305	0.1875	0.570530303030303	0.0	0.0	0.0	0.6818181818181818	0.23863636363636365	0.0	0.0	0.0	0.5031055900621119	0.7272727272727273	0.48484848484848486	0.5	0.25	NKG7;GNLY;GZMB	CCR7;TCF7		0.0	0.0	0.0	0.0	0.0	0.0
vaccination_study_04	T_NK_lineage	12	NK Cell	1	20	0.9978884431998789	0.9978884431998789	1.0	0.305	0.0	0.305	0.6950000000000001	0.6950000000000001	0.0	0.9	0.7785714285714287	0.9	0.9	0.9	1.339938193055808	0.6	0.35000000000000003	0.0	0.0	CD3E;LST1			0.0	0.0	1.0	1.0	0.0	3.295
vaccination_study_04	T_NK_lineage	12	NKT Cell	2	20	0.9978430333762205	0.9978430333762205	1.0	0.09	0.0	0.09	0.91	0.91	0.0	1.0	0.74	0.9	0.7	0.9	1.2282952841193135	0.15	0.15	0.0	0.0	LST1			0.0	0.0	0.0	0.0	0.0	0.91
vaccination_study_04	T_NK_lineage	12	CD8 Cytotoxic / T Effector Memory	3	20	0.997631120865814	0.997631120865814	1.0	0.147	0.37875000000000003	0.52575	0.47424999999999995	0.47424999999999995	0.0	1.0	0.7000000000000001	0.9	0.8	0.9	1.3497527925288408	0.3	0.15000000000000002	0.9	0.725	CCR7;TCF7	KLRD1;FCGR3A		0.0	0.0	0.1	0.0	0.0	0.63425
vaccination_study_04	T_NK_lineage	12	MAIT Cell	4	20	0.9958298645273594	0.9958298645273594	1.0	0.09	0.39	0.48	0.52	0.52	0.0	1.0	0.5333333333333333	0.85	0.85	0.85	1.5545637134568178	0.15	0.15	0.9	0.8000000000000002	LST1	NKG7;GNLY;GZMB		0.0	0.0	0.0	0.0	0.0	0.52
vaccination_study_04	T_NK_lineage	12	Treg	5	20	0.7348104139862257	0.7348104139862257	0.55	0.5	0.1125	0.6	0.0	0.0	0.0	0.8	0.2625	0.15	0.15	0.15	8.04968944099379	0.9	0.8000000000000002	0.3	0.15000000000000002	NKG7;GNLY;GZMB	CCR7;TCF7		0.0	0.0	0.1	0.1	0.0	0.26
vaccination_study_04	T_NK_lineage	12	CD4 Naive / T Central Memory	6	20	0.3607545599031257	0.3607545599031257	0.3	0.5	0.0	0.5	0.0	0.0	0.0	0.9	0.25000000000000006	0.3	0.0	0.2	0.5274102079395085	0.9	0.8000000000000002	0.0	0.0	NKG7;GNLY;GZMB			0.0	0.0	0.0	0.0	0.1	0.12
vaccination_study_04	T_NK_lineage	12	CD4 T Effector Memory	7	20	0.8821009611746008	0.8821009611746008	0.35	0.147	0.39	0.537	0.0	0.0	0.0	1.0	0.45	0.35	0.0	0.35	0.5521681499715962	0.3	0.15000000000000002	0.9	0.8000000000000002	CCR7;TCF7	NKG7;GNLY;GZMB		0.0	0.0	0.05	0.0	0.0	0.08000000000000002
vaccination_study_04	T_NK_lineage	12	gdT Cell	8	20	0.9945281162491486	0.9945281162491486	0.55	0.09	0.3975	0.48750000000000004	0.0625	0.0625	0.0	0.55	0.55	0.55	0.0	0.55	1.0645388406477354	0.15	0.15	0.9	0.8500000000000001	LST1	NKG7;GNLY		0.0	0.0	0.0	0.0	0.0	0.0625
vaccination_study_04	T_NK_lineage	12	CD8 Naive / T Central Memory	9	20	0.782653447362446	0.782653447362446	0.3	0.5	0.0	0.5	0.0	0.0	0.0	0.9	0.35000000000000003	0.3	0.0	0.2	0.7515713858126309	0.9	0.8000000000000002	0.0	0.0	NKG7;GNLY;GZMB	CD4		0.0	0.0	0.0	0.0	0.0	0.0
vaccination_study_04	T_NK_lineage	13	CD8 Naive / T Central Memory	1	13	0.9491258608945735	0.9491258608945735	0.9915271797941658	0.0	0.0	0.0	0.9915271797941658	0.9915271797941658	0.0	0.9230769230769231	0.40384615384615385	0.7692307692307693	0.0	0.7692307692307693	1.8891856422535862	0.0	0.0	0.0	0.0	NKG7;GNLY;GZMB	CD4		0.0	0.0	0.0	0.0	0.0	0.9915271797941658
vaccination_study_04	T_NK_lineage	13	CD4 Naive / T Central Memory	2	13	0.6036933323242262	0.7692307692307693	0.8506616257088848	0.0	0.0	0.0	0.8506616257088848	0.8506616257088848	0.0	0.9230769230769231	0.2692307692307692	0.7692307692307693	0.0	0.7692307692307693	1.325723425912462	0.0	0.0	0.0	0.0	NKG7;GNLY;GZMB			0.0	0.0	0.0	0.0	0.0	0.8506616257088848
vaccination_study_04	T_NK_lineage	13	NKT Cell	3	13	0.9193899947021872	1.0	1.0	0.23076923076923078	0.0	0.23076923076923078	0.7692307692307692	0.7692307692307692	0.0	1.0	0.2	1.0	0.0	1.0	1.3632727878686886	0.38461538461538464	0.38461538461538464	0.0	0.0	LST1			0.0	0.0	0.0	0.0	0.0	0.7692307692307692
vaccination_study_04	T_NK_lineage	13	MAIT Cell	4	13	0.47204268523423903	0.47204268523423903	0.6153846153846154	0.23076923076923078	0.0	0.23076923076923078	0.38461538461538464	0.38461538461538464	0.0	0.3076923076923077	0.10256410256410257	0.3076923076923077	0.3076923076923077	0.3076923076923077	0.5742708530032788	0.38461538461538464	0.38461538461538464	0.0	0.0	LST1	NKG7;GNLY;GZMB		0.0	0.0	0.0	0.0	0.0	0.38461538461538464
vaccination_study_04	T_NK_lineage	13	NK Cell	5	13	0.018489366532959964	0.05494505494505495	0.0	0.18846153846153846	0.0	0.18846153846153846	0.0	0.0	0.0	0.3076923076923077	0.05494505494505495	0.0	0.0	0.0	0.014724595528085803	0.38461538461538464	0.19230769230769232	0.0	0.0	CD3E;LST1			0.0	0.0	0.0	0.0	0.0	0.0
vaccination_study_04	T_NK_lineage	13	Treg	6	13	0.16299099371830772	0.16299099371830772	0.0	0.0	0.2884615384615385	0.2884615384615385	0.0	0.0	0.0	0.15384615384615385	0.038461538461538464	0.0	0.0	0.0	0.5031055900621119	0.0	0.0	0.7692307692307693	0.38461538461538464	NKG7;GNLY;GZMB	CCR7;TCF7		0.0	0.0	0.0	0.0	0.0	0.0
vaccination_study_04	T_NK_lineage	13	CD4 T Effector Memory	7	13	0.06925754938318322	0.15384615384615385	0.0	0.3769230769230769	0.0	0.3769230769230769	0.0	0.0	0.0	0.8461538461538461	0.15384615384615385	0.0	0.0	0.0	0.015338004165877675	0.7692307692307693	0.38461538461538464	0.0	0.0	CCR7;TCF7	NKG7;GNLY;GZMB		0.0	0.0	0.0	0.0	0.0	0.0
vaccination_study_04	T_NK_lineage	13	gdT Cell	8	13	0.49680617573601754	0.49680617573601754	0.0	0.23076923076923078	0.0	0.23076923076923078	0.0	0.0	0.0	0.0	0.0	0.0	0.0	0.0	0.019009622154423846	0.38461538461538464	0.38461538461538464	0.0	0.0	LST1	NKG7;GNLY		0.0	0.0	0.0	0.0	0.0	0.0
vaccination_study_04	T_NK_lineage	13	CD8 Cytotoxic / T Effector Memory	9	13	0.37488836751683946	0.37488836751683946	0.0	0.3769230769230769	0.028846153846153848	0.40576923076923077	0.0	0.0	0.0	0.0	0.0	0.0	0.0	0.0	0.014832448269547702	0.7692307692307693	0.38461538461538464	0.07692307692307693	0.038461538461538464	CCR7;TCF7	KLRD1;FCGR3A		0.0	0.0	0.0	0.0	0.0	0.0
vaccination_study_04	T_NK_lineage	14	NK Cell	1	2	0.6418186634375237	1.0	1.0	0.49	0.0	0.49	0.51	0.51	0.0	1.0	0.35714285714285715	1.0	0.5	1.0	1.487184148336666	1.0	0.5	0.0	0.0	CD3E;LST1			0.0	0.0	1.0	1.0	0.0	3.1100000000000003
vaccination_study_04	T_NK_lineage	14	NKT Cell	2	2	0.9796412623930977	0.9796412623930977	1.0	0.5	0.0	0.5	0.5	0.5	0.0	1.0	0.4	0.5	0.5	0.5	0.6883852691218131	1.0	1.0	0.0	0.0	LST1			0.0	0.0	0.0	0.0	0.0	0.5
vaccination_study_04	T_NK_lineage	14	MAIT Cell	3	2	0.7340006054643154	0.7340006054643154	1.0	0.5	0.175	0.6	0.4	0.4	0.0	0.5	0.16666666666666666	0.5	0.5	0.5	0.921892434724392	1.0	1.0	0.5	0.16666666666666666	LST1	NKG7;GNLY;GZMB		0.0	0.0	0.0	0.0	0.0	0.4
vaccination_study_04	T_NK_lineage	14	CD8 Naive / T Central Memory	4	2	0.5733898433361083	0.5733898433361083	0.5591140377132595	0.22666666666666668	0.0	0.22666666666666668	0.33244737104659283	0.33244737104659283	0.0	0.5	0.125	0.5	0.0	0.5	1.236456150853038	0.5	0.16666666666666666	0.0	0.0	NKG7;GNLY;GZMB	CD4		0.0	0.0	0.0	0.0	0.0	0.33244737104659283
vaccination_study_04	T_NK_lineage	14	CD4 Naive / T Central Memory	5	2	0.3275107848331189	0.5	0.5	0.22666666666666668	0.0	0.22666666666666668	0.2733333333333333	0.2733333333333333	0.0	0.5	0.08333333333333333	0.5	0.0	0.5	0.8676748582230625	0.5	0.16666666666666666	0.0	0.0	NKG7;GNLY;GZMB			0.0	0.0	0.0	0.0	0.0	0.2733333333333333
vaccination_study_04	T_NK_lineage	14	CD4 T Effector Memory	6	2	0.44080072655717856	0.5	0.5	0.245	0.175	0.42	0.08000000000000002	0.08000000000000002	0.0	0.5	0.16666666666666666	0.5	0.0	0.5	0.7822382124597614	0.5	0.25	0.5	0.16666666666666666	CCR7;TCF7	NKG7;GNLY;GZMB		0.0	0.0	0.0	0.0	0.0	0.08000000000000002
vaccination_study_04	T_NK_lineage	14	Treg	7	2	0.9971618860213426	0.9971618860213426	0.0	0.22666666666666668	0.1875	0.4141666666666667	0.0	0.0	0.0	1.0	0.25	0.0	0.0	0.0	0.5031055900621119	0.5	0.16666666666666666	0.5	0.25	NKG7;GNLY;GZMB	CCR7;TCF7		0.0	0.0	0.0	0.0	0.0	0.0
vaccination_study_04	T_NK_lineage	14	gdT Cell	8	2	0.49680617573601754	0.49680617573601754	0.0	0.5	0.1875	0.6	0.0	0.0	0.0	0.0	0.0	0.0	0.0	0.0	0.019009622154423846	1.0	1.0	0.5	0.25	LST1	NKG7;GNLY		0.0	0.0	0.0	0.0	0.0	0.0
vaccination_study_04	T_NK_lineage	14	CD8 Cytotoxic / T Effector Memory	9	2	0.6856580640278513	0.6856580640278513	0.5	0.245	0.375	0.6	0.0	0.0	0.0	0.5	0.21428571428571427	0.5	0.0	0.5	0.7564548617469328	0.5	0.25	1.0	0.5	CCR7;TCF7	KLRD1;FCGR3A		0.0	0.0	0.0	0.0	0.0	0.0
vaccination_study_04	T_NK_lineage	15	CD4 T Effector Memory	1	2	0.44638613486717627	1.0	1.0	0.0	0.0	0.0	1.0	1.0	0.0	1.0	0.16666666666666666	1.0	0.0	1.0	1.5491384207536452	0.0	0.0	0.0	0.0	CCR7;TCF7	NKG7;GNLY;GZMB		0.0	0.0	0.0	0.0	1.0	2.2
vaccination_study_04	T_NK_lineage	15	CD4 Naive / T Central Memory	2	2	0.8065390146068265	1.0	1.0	0.0	0.0	0.0	1.0	1.0	0.0	1.0	0.16666666666666666	1.0	0.0	1.0	1.7183364839319473	0.0	0.0	0.0	0.0	NKG7;GNLY;GZMB			0.0	0.0	0.5	0.0	0.0	1.8
vaccination_study_04	T_NK_lineage	15	NK Cell	3	2	0.018489366532959964	0.018489366532959964	0.0	0.0	0.0	0.0	0.0	0.0	0.0	0.0	0.0	0.0	0.0	0.0	0.014724595528085803	0.0	0.0	0.0	0.0	CD3E;LST1			0.0	0.0	0.0	0.0	0.0	0.0
vaccination_study_04	T_NK_lineage	15	Treg	4	2	0.9926928025429501	0.9926928025429501	0.0	0.0	0.0	0.0	0.0	0.0	0.0	1.0	0.25	0.0	0.0	0.0	0.5031055900621119	0.0	0.0	0.0	0.0	NKG7;GNLY;GZMB	CCR7;TCF7		0.0	0.0	0.0	0.0	0.0	0.0
vaccination_study_04	T_NK_lineage	15	CD8 Naive / T Central Memory	5	2	0.19812306062211457	0.19812306062211457	0.0	0.0	0.44999999999999996	0.44999999999999996	0.0	0.0	0.0	0.0	0.0	0.0	0.0	0.0	0.024244238252020354	0.0	0.0	1.0	1.0	NKG7;GNLY;GZMB	CD4		0.0	0.0	0.0	0.0	0.0	0.0
vaccination_study_04	T_NK_lineage	15	CD8 Cytotoxic / T Effector Memory	6	2	0.37488836751683946	0.37488836751683946	0.0	0.0	0.0	0.0	0.0	0.0	0.0	0.0	0.0	0.0	0.0	0.0	0.014832448269547702	0.0	0.0	0.0	0.0	CCR7;TCF7	KLRD1;FCGR3A		0.0	0.0	0.0	0.0	0.0	0.0
vaccination_study_04	T_NK_lineage	15	gdT Cell	7	2	0.49680617573601754	0.49680617573601754	0.0	0.0	0.0	0.0	0.0	0.0	0.0	0.0	0.0	0.0	0.0	0.0	0.019009622154423846	0.0	0.0	0.0	0.0	LST1	NKG7;GNLY		0.0	0.0	0.0	0.0	0.0	0.0
vaccination_study_04	T_NK_lineage	15	MAIT Cell	8	2	0.47204268523423903	0.47204268523423903	0.0	0.0	0.0	0.0	0.0	0.0	0.0	0.0	0.0	0.0	0.0	0.0	0.01807632224949788	0.0	0.0	0.0	0.0	LST1	NKG7;GNLY;GZMB		0.0	0.0	0.0	0.0	0.0	0.0
vaccination_study_04	T_NK_lineage	15	NKT Cell	9	2	0.2694770301975327	0.2694770301975327	0.0	0.0	0.0	0.0	0.0	0.0	0.0	0.0	0.0	0.0	0.0	0.0	0.013497750374937511	0.0	0.0	0.0	0.0	LST1			0.0	0.0	0.0	0.0	0.0	0.0
vaccination_study_04	T_NK_lineage	2	NK Cell	1	35	0.05045031408461364	0.4	0.4	0.36428571428571427	0.0	0.36428571428571427	0.035714285714285754	0.035714285714285754	0.0	0.6857142857142857	0.1510204081632653	0.4	0.11428571428571428	0.4	0.6037084166515179	0.6857142857142857	0.4714285714285714	0.0	0.0	CD3E;LST1			0.0	0.0	0.7428571428571429	0.11428571428571428	0.0	1.3385714285714287
vaccination_study_04	T_NK_lineage	2	CD4 Naive / T Central Memory	2	35	0.9020585786725195	0.9020585786725195	0.7316230083715907	0.18761904761904763	0.0	0.18761904761904763	0.5440039607525431	0.5440039607525431	0.0	0.9428571428571428	0.33809523809523806	0.6857142857142857	0.08571428571428572	0.5714285714285714	1.1836348906292196	0.4	0.1619047619047619	0.0	0.0	NKG7;GNLY;GZMB			0.0	0.0	0.05714285714285714	0.0	0.2571428571428571	0.944003960752543
vaccination_study_04	T_NK_lineage	2	CD8 Naive / T Central Memory	3	35	0.966260501021721	0.966260501021721	0.8573908581690683	0.18761904761904763	0.0	0.18761904761904763	0.6697718105500208	0.6697718105500208	0.0	0.9142857142857143	0.37857142857142856	0.6857142857142857	0.08571428571428572	0.5714285714285714	1.6867062898191303	0.4	0.1619047619047619	0.0	0.0	NKG7;GNLY;GZMB	CD4		0.0	0.0	0.0	0.0	0.0	0.6697718105500208
vaccination_study_04	T_NK_lineage	2	MAIT Cell	4	35	0.9843563157496406	0.9843563157496406	0.8571428571428571	0.2914285714285714	0.1442857142857143	0.4357142857142857	0.4214285714285714	0.4214285714285714	0.0	0.8	0.29523809523809524	0.42857142857142855	0.42857142857142855	0.42857142857142855	0.7927758472279784	0.4857142857142857	0.4857142857142857	0.4	0.1619047619047619	LST1	NKG7;GNLY;GZMB		0.0	0.0	0.0	0.0	0.0	0.4214285714285714
vaccination_study_04	T_NK_lineage	2	NKT Cell	5	35	0.8717021115568001	0.8717021115568001	0.6	0.2914285714285714	0.0	0.2914285714285714	0.30857142857142855	0.30857142857142855	0.0	0.7714285714285715	0.24571428571428572	0.6	0.05714285714285714	0.4	0.8233627728711881	0.4857142857142857	0.4857142857142857	0.0	0.0	LST1			0.0	0.0	0.0	0.0	0.0	0.30857142857142855
vaccination_study_04	T_NK_lineage	2	CD4 T Effector Memory	6	35	0.24166351320669038	0.24166351320669038	0.02857142857142857	0.3454285714285714	0.1442857142857143	0.4897142857142857	0.0	0.0	0.0	0.8571428571428571	0.21428571428571427	0.02857142857142857	0.0	0.02857142857142857	0.05916087321124246	0.6857142857142857	0.3857142857142857	0.4	0.1619047619047619	CCR7;TCF7	NKG7;GNLY;GZMB		0.0	0.0	0.0	0.0	0.11428571428571428	0.13714285714285712
vaccination_study_04	T_NK_lineage	2	CD8 Cytotoxic / T Effector Memory	7	35	0.8853856050859003	0.8853856050859003	0.4	0.3454285714285714	0.03214285714285714	0.37757142857142856	0.022428571428571464	0.022428571428571464	0.0	0.6285714285714286	0.1469387755102041	0.4	0.05714285714285714	0.4	0.6081303790514558	0.6857142857142857	0.3857142857142857	0.08571428571428572	0.04285714285714286	CCR7;TCF7	KLRD1;FCGR3A		0.0	0.0	0.02857142857142857	0.0	0.0	0.06814285714285717
vaccination_study_04	T_NK_lineage	2	gdT Cell	8	35	0.49680617573601754	0.49680617573601754	0.45714285714285713	0.2914285714285714	0.15428571428571428	0.44571428571428573	0.011428571428571399	0.011428571428571399	0.0	0.45714285714285713	0.45714285714285713	0.45714285714285713	0.0	0.45714285714285713	0.8880209206423709	0.4857142857142857	0.4857142857142857	0.4	0.2285714285714286	LST1	NKG7;GNLY		0.0	0.0	0.0	0.0	0.0	0.011428571428571399
vaccination_study_04	T_NK_lineage	2	Treg	9	35	0.3597441913267237	0.3597441913267237	0.0	0.18761904761904763	0.26357142857142857	0.4511904761904762	0.0	0.0	0.0	0.5142857142857142	0.12857142857142856	0.0	0.0	0.0	0.5031055900621119	0.4	0.1619047619047619	0.6857142857142857	0.3857142857142857	NKG7;GNLY;GZMB	CCR7;TCF7		0.0	0.0	0.0	0.0	0.0	0.0
vaccination_study_04	T_NK_lineage	3	NK Cell	1	33	0.997199727541058	1.0	1.0	0.19636363636363635	0.0	0.19636363636363635	0.8036363636363637	0.8036363636363637	0.0	1.0	0.683982683982684	1.0	0.9696969696969697	1.0	1.487184148336666	0.3939393939393939	0.2121212121212121	0.0	0.0	CD3E;LST1			0.0	0.0	1.0	1.0	0.0	3.403636363636364
vaccination_study_04	T_NK_lineage	3	NKT Cell	2	33	0.9977143722091879	1.0	1.0	0.09090909090909091	0.0	0.09090909090909091	0.9090909090909091	0.9090909090909091	0.0	1.0	0.7575757575757576	1.0	0.8484848484848485	1.0	1.3632727878686886	0.15151515151515152	0.15151515151515152	0.0	0.0	LST1			0.0	0.0	0.0	0.0	0.0	0.9090909090909091
vaccination_study_04	T_NK_lineage	3	CD8 Cytotoxic / T Effector Memory	3	33	0.9971391811095134	1.0	1.0	0.3481818181818182	0.3545454545454545	0.6	0.4	0.4	0.0	1.0	0.5930735930735931	1.0	0.9090909090909091	1.0	1.4980772752243179	0.696969696969697	0.3787878787878788	0.8787878787878788	0.6060606060606061	CCR7;TCF7	KLRD1;FCGR3A		0.0	0.0	0.09090909090909091	0.0	0.0	0.5454545454545455
vaccination_study_04	T_NK_lineage	3	MAIT Cell	4	33	0.9975327329145538	0.9975327329145538	1.0	0.09090909090909091	0.4181818181818182	0.5090909090909091	0.49090909090909085	0.49090909090909085	0.0	0.9393939393939394	0.39393939393939387	0.9090909090909091	0.9090909090909091	0.9090909090909091	1.6613783449311235	0.15151515151515152	0.15151515151515152	1.0	0.787878787878788	LST1	NKG7;GNLY;GZMB		0.0	0.0	0.030303030303030304	0.0	0.0	0.5393939393939393
vaccination_study_04	T_NK_lineage	3	CD8 Naive / T Central Memory	5	33	0.9924922424884584	0.9924922424884584	0.8754682412269962	0.5	0.0	0.5	0.3754682412269962	0.3754682412269962	0.0	0.8787878787878788	0.45454545454545453	0.696969696969697	0.06060606060606061	0.696969696969697	1.7139941770291967	1.0	0.787878787878788	0.0	0.0	NKG7;GNLY;GZMB	CD4		0.0	0.0	0.0	0.0	0.0	0.3754682412269962
vaccination_study_04	T_NK_lineage	3	CD4 Naive / T Central Memory	6	33	0.8344963293725876	0.8344963293725876	0.7476656928452771	0.5	0.0	0.5	0.24766569284527706	0.24766569284527706	0.0	0.9393939393939394	0.3383838383838384	0.696969696969697	0.06060606060606061	0.696969696969697	1.2027839835023202	1.0	0.787878787878788	0.0	0.0	NKG7;GNLY;GZMB			0.0	0.0	0.0	0.0	0.0	0.24766569284527706
vaccination_study_04	T_NK_lineage	3	CD4 T Effector Memory	7	33	0.8965715583137819	0.8965715583137819	0.45454545454545453	0.3481818181818182	0.4181818181818182	0.6	0.0	0.0	0.0	0.9696969696969697	0.35353535353535354	0.45454545454545453	0.0	0.45454545454545453	0.712520011705772	0.696969696969697	0.3787878787878788	1.0	0.787878787878788	CCR7;TCF7	NKG7;GNLY;GZMB		0.0	0.0	0.0	0.0	0.0	0.0
vaccination_study_04	T_NK_lineage	3	Treg	8	33	0.5719367289790358	0.5719367289790358	0.0	0.5	0.26590909090909093	0.6	0.0	0.0	0.0	0.5151515151515151	0.17424242424242425	0.0	0.0	0.0	0.5031055900621119	1.0	0.787878787878788	0.696969696969697	0.3787878787878788	NKG7;GNLY;GZMB	CCR7;TCF7		0.0	0.0	0.0	0.0	0.0	0.0
vaccination_study_04	T_NK_lineage	3	gdT Cell	9	33	0.49680617573601754	0.49680617573601754	0.2727272727272727	0.09090909090909091	0.4431818181818182	0.5340909090909091	0.0	0.0	0.0	0.2727272727272727	0.2727272727272727	0.2727272727272727	0.0	0.2727272727272727	0.5374538627296196	0.15151515151515152	0.15151515151515152	1.0	0.9545454545454546	LST1	NKG7;GNLY		0.0	0.0	0.0	0.0	0.0	0.0
vaccination_study_04	T_NK_lineage	4	NK Cell	1	33	0.9982895633088625	0.9982895633088625	1.0	0.1187878787878788	0.0	0.1187878787878788	0.8812121212121212	0.8812121212121212	0.0	1.0	0.735930735930736	0.9696969696969697	0.9696969696969697	0.9696969696969697	1.4425641618879212	0.24242424242424243	0.12121212121212122	0.0	0.0	CD3E;LST1			0.0	0.0	1.0	0.9696969696969697	0.0	3.450909090909091
vaccination_study_04	T_NK_lineage	4	NKT Cell	2	33	0.9986074320744721	0.9986074320744721	1.0	0.0	0.0	0.0	1.0	1.0	0.0	0.9696969696969697	0.7393939393939395	0.9696969696969697	0.7575757575757576	0.9696969696969697	1.3223705140052415	0.0	0.0	0.0	0.0	LST1			0.0	0.0	0.0	0.0	0.0	1.0
vaccination_study_04	T_NK_lineage	4	MAIT Cell	3	33	0.9984409293877242	0.9984409293877242	1.0	0.0	0.40909090909090906	0.40909090909090906	0.5909090909090909	0.5909090909090909	0.0	0.8787878787878788	0.3737373737373737	0.8787878787878788	0.8787878787878788	0.8787878787878788	1.6066016108417358	0.0	0.0	0.9696969696969697	0.787878787878788	LST1	NKG7;GNLY;GZMB		0.0	0.0	0.0	0.0	0.0	0.5909090909090909
vaccination_study_04	T_NK_lineage	4	CD8 Cytotoxic / T Effector Memory	4	33	0.9980322409747976	0.9980322409747976	1.0	0.19636363636363635	0.3840909090909091	0.5804545454545454	0.41954545454545455	0.41954545454545455	0.0	0.9696969696969697	0.6406926406926406	0.9696969696969697	0.8484848484848485	0.9696969696969697	1.4531304622862946	0.3939393939393939	0.2121212121212121	0.9393939393939394	0.6818181818181819	CCR7;TCF7	KLRD1;FCGR3A		0.0	0.0	0.0	0.0	0.0	0.41954545454545455
vaccination_study_04	T_NK_lineage	4	CD8 Naive / T Central Memory	5	33	0.9385150987663664	0.9385150987663664	0.3939393939393939	0.5	0.0	0.5	0.0	0.0	0.0	0.8181818181818182	0.3257575757575758	0.3939393939393939	0.030303030303030304	0.3333333333333333	0.9793202906043372	0.9696969696969697	0.787878787878788	0.0	0.0	NKG7;GNLY;GZMB	CD4		0.0	0.0	0.030303030303030304	0.030303030303030304	0.0	0.0787878787878788
vaccination_study_04	T_NK_lineage	4	CD4 T Effector Memory	6	33	0.9909634450919549	0.9909634450919549	0.5757575757575758	0.19636363636363635	0.40909090909090906	0.6	0.0	0.0	0.0	0.9393939393939394	0.393939393939394	0.5757575757575758	0.0	0.5757575757575758	0.8984352137164106	0.3939393939393939	0.2121212121212121	0.9696969696969697	0.787878787878788	CCR7;TCF7	NKG7;GNLY;GZMB		0.0	0.0	0.030303030303030304	0.0	0.0	0.04848484848484849
vaccination_study_04	T_NK_lineage	4	CD4 Naive / T Central Memory	7	33	0.6267009763112087	0.6267009763112087	0.3939393939393939	0.5	0.0	0.5	0.0	0.0	0.0	0.8484848484848485	0.2626262626262626	0.3939393939393939	0.030303030303030304	0.3333333333333333	0.687231483072693	0.9696969696969697	0.787878787878788	0.0	0.0	NKG7;GNLY;GZMB			0.0	0.0	0.0	0.0	0.030303030303030304	0.03636363636363636
vaccination_study_04	T_NK_lineage	4	Treg	8	33	0.6512298493907516	0.6512298493907516	0.0	0.5	0.14999999999999997	0.6	0.0	0.0	0.0	0.5757575757575758	0.16666666666666669	0.0	0.0	0.0	0.5031055900621119	0.9696969696969697	0.787878787878788	0.3939393939393939	0.2121212121212121	NKG7;GNLY;GZMB	CCR7;TCF7		0.0	0.0	0.0	0.0	0.0	0.0
vaccination_study_04	T_NK_lineage	4	gdT Cell	9	33	0.49680617573601754	0.49680617573601754	0.24242424242424243	0.0	0.42727272727272725	0.42727272727272725	0.0	0.0	0.0	0.24242424242424243	0.24242424242424243	0.24242424242424243	0.0	0.24242424242424243	0.4798489471101534	0.0	0.0	0.9696969696969697	0.9090909090909092	LST1	NKG7;GNLY		0.0	0.0	0.0	0.0	0.0	0.0
vaccination_study_04	T_NK_lineage	5	NK Cell	1	33	0.9992280329978052	1.0	1.0	0.1336363636363636	0.0	0.1336363636363636	0.8663636363636364	0.8663636363636364	0.0	1.0	0.9264069264069265	1.0	1.0	1.0	1.487184148336666	0.2727272727272727	0.13636363636363635	0.0	0.0	CD3E;LST1			0.0	0.0	1.0	1.0	0.0	3.4663636363636368
vaccination_study_04	T_NK_lineage	5	NKT Cell	2	33	0.9985468856429274	1.0	1.0	0.03636363636363637	0.0	0.03636363636363637	0.9636363636363636	0.9636363636363636	0.0	1.0	0.7454545454545455	1.0	0.7272727272727273	1.0	1.3632727878686886	0.06060606060606061	0.06060606060606061	0.0	0.0	LST1			0.0	0.0	0.0	0.0	0.0	0.9636363636363636
vaccination_study_04	T_NK_lineage	5	CD8 Cytotoxic / T Effector Memory	3	33	0.9989707106637402	1.0	1.0	0.0296969696969697	0.4204545454545454	0.45015151515151514	0.5498484848484848	0.5498484848484848	0.0	1.0	0.8354978354978355	1.0	1.0	1.0	1.4980772752243179	0.06060606060606061	0.030303030303030304	0.9696969696969697	0.8636363636363636	CCR7;TCF7	KLRD1;FCGR3A		0.0	0.0	0.0	0.0	0.0	0.5498484848484848
vaccination_study_04	T_NK_lineage	5	MAIT Cell	4	33	0.9974419132672369	0.9974419132672369	1.0	0.03636363636363637	0.44545454545454544	0.4818181818181818	0.5181818181818182	0.5181818181818182	0.0	0.9393939393939394	0.3636363636363636	0.8787878787878788	0.8787878787878788	0.8787878787878788	1.6066016108417358	0.06060606060606061	0.06060606060606061	1.0	0.9696969696969697	LST1	NKG7;GNLY;GZMB		0.0	0.0	0.0	0.0	0.0	0.5181818181818182
vaccination_study_04	T_NK_lineage	5	CD4 T Effector Memory	5	33	0.998153333837887	0.998153333837887	0.9276709530449353	0.0296969696969697	0.44545454545454544	0.47515151515151516	0.45251943789342014	0.45251943789342014	0.0	1.0	0.4444444444444444	0.8484848484848485	0.030303030303030304	0.8484848484848485	1.3167444182403472	0.06060606060606061	0.030303030303030304	1.0	0.9696969696969697	CCR7;TCF7	NKG7;GNLY;GZMB		0.0	0.0	0.0	0.0	0.0	0.45251943789342014
vaccination_study_04	T_NK_lineage	5	CD8 Naive / T Central Memory	6	33	0.19812306062211457	0.19812306062211457	0.06060606060606061	0.5	0.013636363636363636	0.5136363636363637	0.0	0.0	0.0	0.3939393939393939	0.09848484848484848	0.06060606060606061	0.0	0.06060606060606061	0.1711790155369922	1.0	0.9696969696969697	0.030303030303030304	0.030303030303030304	NKG7;GNLY;GZMB	CD4		0.0	0.0	0.0	0.0	0.0	0.0
vaccination_study_04	T_NK_lineage	5	Treg	7	33	0.16299099371830772	0.16299099371830772	0.0	0.5	0.022727272727272728	0.5227272727272727	0.0	0.0	0.0	0.42424242424242425	0.13636363636363635	0.0	0.0	0.0	0.5031055900621119	1.0	0.9696969696969697	0.06060606060606061	0.030303030303030304	NKG7;GNLY;GZMB	CCR7;TCF7		0.0	0.0	0.0	0.0	0.0	0.0
vaccination_study_04	T_NK_lineage	5	CD4 Naive / T Central Memory	8	33	0.26299099371830775	0.26299099371830775	0.09090909090909091	0.5	0.0	0.5	0.0	0.0	0.0	0.5757575757575758	0.11616161616161617	0.09090909090909091	0.0	0.06060606060606061	0.17167898264306583	1.0	0.9696969696969697	0.0	0.0	NKG7;GNLY;GZMB			0.0	0.0	0.0	0.0	0.0	0.0
vaccination_study_04	T_NK_lineage	5	gdT Cell	9	33	0.49680617573601754	0.49680617573601754	0.2121212121212121	0.03636363636363637	0.44999999999999996	0.48636363636363633	0.0	0.0	0.0	0.21212121212121213	0.21212121212121213	0.21212121212121213	0.0	0.21212121212121213	0.42224403149068723	0.06060606060606061	0.06060606060606061	1.0	1.0	LST1	NKG7;GNLY		0.0	0.0	0.0	0.0	0.0	0.0
vaccination_study_04	T_NK_lineage	6	NK Cell	1	31	0.9991674865662605	0.9991674865662605	1.0	0.3303225806451613	0.0	0.3303225806451613	0.6696774193548387	0.6696774193548387	0.0	0.967741935483871	0.9585253456221199	0.967741935483871	0.967741935483871	0.967741935483871	1.4396854530847762	0.6451612903225806	0.3870967741935484	0.0	0.0	CD3E;LST1			0.0	0.0	0.967741935483871	0.7741935483870968	0.0	2.992258064516129
vaccination_study_04	T_NK_lineage	6	CD8 Cytotoxic / T Effector Memory	2	31	0.9994248089003255	0.9994248089003255	1.0	0.09483870967741935	0.435483870967742	0.5303225806451614	0.46967741935483864	0.46967741935483864	0.0	0.967741935483871	0.912442396313364	0.967741935483871	0.9354838709677419	0.967741935483871	1.4502306679031962	0.1935483870967742	0.0967741935483871	0.967741935483871	0.967741935483871	CCR7;TCF7	KLRD1;FCGR3A		0.0	0.0	0.45161290322580644	0.03225806451612903	0.0	1.2245161290322581
vaccination_study_04	T_NK_lineage	6	NKT Cell	3	31	0.9982592900930901	0.9982592900930901	1.0	0.07741935483870968	0.0	0.07741935483870968	0.9225806451612903	0.9225806451612903	0.0	0.967741935483871	0.7290322580645161	0.967741935483871	0.12903225806451613	0.967741935483871	1.3197316576269547	0.12903225806451613	0.12903225806451613	0.0	0.0	LST1			0.0	0.0	0.0	0.0	0.0	0.9225806451612903
vaccination_study_04	T_NK_lineage	6	CD4 T Effector Memory	4	31	0.9985771588586998	1.0	1.0	0.09483870967741935	0.4338709677419355	0.5287096774193548	0.4712903225806452	0.4712903225806452	0.0	1.0	0.5053763440860215	1.0	0.0	0.967741935483871	1.5491384207536452	0.1935483870967742	0.0967741935483871	0.967741935483871	0.956989247311828	CCR7;TCF7	NKG7;GNLY;GZMB		0.0	0.0	0.0	0.0	0.0	0.4712903225806452
vaccination_study_04	T_NK_lineage	6	MAIT Cell	5	31	0.9965034435782941	0.9965034435782941	0.7741935483870968	0.07741935483870968	0.4338709677419355	0.5112903225806452	0.26290322580645153	0.26290322580645153	0.0	0.7096774193548387	0.3440860215053763	0.3870967741935484	0.3870967741935484	0.3870967741935484	0.7178049254558675	0.12903225806451613	0.12903225806451613	0.967741935483871	0.956989247311828	LST1	NKG7;GNLY;GZMB		0.0	0.0	0.0	0.0	0.0	0.26290322580645153
vaccination_study_04	T_NK_lineage	6	gdT Cell	6	31	0.9985468856429274	0.9985468856429274	0.6451612903225806	0.07741935483870968	0.4330645161290323	0.510483870967742	0.13467741935483868	0.13467741935483868	0.0	0.6451612903225806	0.6451612903225806	0.6451612903225806	0.0	0.6451612903225806	1.245436857923704	0.12903225806451613	0.12903225806451613	0.967741935483871	0.9516129032258065	LST1	NKG7;GNLY		0.0	0.0	0.0	0.0	0.0	0.13467741935483868
vaccination_study_04	T_NK_lineage	6	CD4 Naive / T Central Memory	7	31	0.39912207674260197	0.39912207674260197	0.22580645161290322	0.5	0.0	0.5	0.0	0.0	0.0	0.8709677419354839	0.16666666666666666	0.22580645161290322	0.0	0.1935483870967742	0.40118299896335147	0.967741935483871	0.956989247311828	0.0	0.0	NKG7;GNLY;GZMB			0.0	0.0	0.03225806451612903	0.0	0.0	0.05161290322580645
vaccination_study_04	T_NK_lineage	6	CD8 Naive / T Central Memory	8	31	0.7804662075228941	0.7804662075228941	0.1935483870967742	0.5	0.014516129032258063	0.5145161290322581	0.0	0.0	0.0	0.7096774193548387	0.2096774193548387	0.1935483870967742	0.0	0.1935483870967742	0.4934875592588659	0.967741935483871	0.956989247311828	0.03225806451612903	0.03225806451612903	NKG7;GNLY;GZMB	CD4		0.0	0.0	0.0	0.0	0.0	0.0
vaccination_study_04	T_NK_lineage	6	Treg	9	31	0.7897298115492318	0.7897298115492318	0.0	0.5	0.07258064516129031	0.5725806451612903	0.0	0.0	0.0	0.6774193548387096	0.18548387096774194	0.0	0.0	0.0	0.5031055900621119	0.967741935483871	0.956989247311828	0.1935483870967742	0.0967741935483871	NKG7;GNLY;GZMB	CCR7;TCF7		0.0	0.0	0.0	0.0	0.0	0.0
vaccination_study_04	T_NK_lineage	7	NK Cell	1	28	0.9988042079769923	1.0	1.0	0.37928571428571434	0.0	0.37928571428571434	0.6207142857142857	0.6207142857142857	0.0	1.0	0.9387755102040817	1.0	1.0	1.0	1.487184148336666	0.75	0.4285714285714286	0.0	0.0	CD3E;LST1			0.0	0.0	1.0	1.0	0.0	3.2207142857142856
vaccination_study_04	T_NK_lineage	7	NKT Cell	2	28	0.9994702187239839	1.0	1.0	0.12857142857142856	0.0	0.12857142857142856	0.8714285714285714	0.8714285714285714	0.0	1.0	0.9	1.0	0.8571428571428571	1.0	1.3632727878686886	0.21428571428571427	0.21428571428571427	0.0	0.0	LST1			0.0	0.0	0.0	0.0	0.0	0.8714285714285714
vaccination_study_04	T_NK_lineage	7	CD8 Cytotoxic / T Effector Memory	3	28	0.9991069401347158	1.0	1.0	0.13999999999999999	0.4285714285714286	0.5685714285714286	0.4314285714285714	0.4314285714285714	0.0	1.0	0.9183673469387755	1.0	1.0	1.0	1.4980772752243179	0.2857142857142857	0.14285714285714285	1.0	0.8571428571428572	CCR7;TCF7	KLRD1;FCGR3A		0.0	0.0	0.07142857142857142	0.0	0.0	0.5457142857142857
vaccination_study_04	T_NK_lineage	7	MAIT Cell	4	28	0.9985847271626429	0.9985847271626429	1.0	0.12857142857142856	0.4482142857142857	0.5767857142857142	0.42321428571428577	0.42321428571428577	0.0	1.0	0.5714285714285715	0.9285714285714286	0.9285714285714286	0.9285714285714286	1.6965919597028727	0.21428571428571427	0.21428571428571427	1.0	0.9880952380952381	LST1	NKG7;GNLY;GZMB		0.0	0.0	0.0	0.0	0.0	0.42321428571428577
vaccination_study_04	T_NK_lineage	7	CD4 T Effector Memory	5	28	0.9990766669189435	0.9990766669189435	0.9396488760245624	0.13999999999999999	0.4482142857142857	0.5882142857142857	0.3514345903102767	0.3514345903102767	0.0	1.0	0.5416666666666666	0.8571428571428571	0.03571428571428571	0.8571428571428571	1.3300240755268211	0.2857142857142857	0.14285714285714285	1.0	0.9880952380952381	CCR7;TCF7	NKG7;GNLY;GZMB		0.0	0.0	0.0	0.0	0.0	0.3514345903102767
vaccination_study_04	T_NK_lineage	7	gdT Cell	6	28	0.9970029516385378	0.9970029516385378	0.6428571428571429	0.12857142857142856	0.44999999999999996	0.5785714285714285	0.06428571428571439	0.06428571428571439	0.0	0.6428571428571429	0.6428571428571429	0.6428571428571429	0.0	0.6428571428571429	1.2410567606530996	0.21428571428571427	0.21428571428571427	1.0	1.0	LST1	NKG7;GNLY		0.0	0.0	0.0	0.0	0.0	0.06428571428571439
vaccination_study_04	T_NK_lineage	7	CD8 Naive / T Central Memory	7	28	0.7056724438053432	0.7056724438053432	0.2857142857142857	0.5	0.01607142857142857	0.5160714285714285	0.0	0.0	0.0	0.75	0.2857142857142857	0.2857142857142857	0.0	0.2857142857142857	0.7169367597383162	1.0	0.9880952380952381	0.03571428571428571	0.03571428571428571	NKG7;GNLY;GZMB	CD4		0.0	0.0	0.0	0.0	0.0	0.0
vaccination_study_04	T_NK_lineage	7	CD4 Naive / T Central Memory	8	28	0.3092900930901385	0.32142857142857145	0.32142857142857145	0.5	0.0	0.5	0.0	0.0	0.0	0.7857142857142857	0.20833333333333334	0.32142857142857145	0.0	0.2857142857142857	0.5638671347556037	1.0	0.9880952380952381	0.0	0.0	NKG7;GNLY;GZMB			0.0	0.0	0.0	0.0	0.0	0.0
vaccination_study_04	T_NK_lineage	7	Treg	9	28	0.6303186255960039	0.6303186255960039	0.0	0.5	0.10714285714285712	0.6	0.0	0.0	0.0	0.7142857142857143	0.24107142857142858	0.0	0.0	0.0	0.5031055900621119	1.0	0.9880952380952381	0.2857142857142857	0.14285714285714285	NKG7;GNLY;GZMB	CCR7;TCF7		0.0	0.0	0.0	0.0	0.0	0.0
vaccination_study_04	T_NK_lineage	8	CD4 Naive / T Central Memory	1	28	0.993423143873458	0.993423143873458	1.0	0.05380952380952381	0.0	0.05380952380952381	0.9461904761904762	0.9461904761904762	0.0	0.9642857142857143	0.5119047619047619	0.8928571428571429	0.32142857142857145	0.6785714285714286	1.536051849851472	0.10714285714285714	0.059523809523809514	0.0	0.0	NKG7;GNLY;GZMB			0.0	0.0	0.8571428571428571	0.42857142857142855	0.8928571428571429	3.817619047619048
vaccination_study_04	T_NK_lineage	8	NK Cell	2	28	0.018489366532959964	0.10714285714285714	0.14285714285714285	0.3560714285714286	0.0	0.3560714285714286	0.0	0.0	0.0	0.10714285714285714	0.03571428571428571	0.10714285714285714	0.07142857142857142	0.10714285714285714	0.1724881190432908	0.6785714285714286	0.44642857142857145	0.0	0.0	CD3E;LST1			0.0	0.0	1.0	0.0	0.0	1.6
vaccination_study_04	T_NK_lineage	8	CD8 Naive / T Central Memory	3	28	0.999394535684553	0.999394535684553	1.0	0.05380952380952381	0.01607142857142857	0.06988095238095238	0.9301190476190476	0.9301190476190476	0.0	0.9642857142857143	0.5625	0.8928571428571429	0.32142857142857145	0.6785714285714286	2.188908367896695	0.10714285714285714	0.059523809523809514	0.03571428571428571	0.03571428571428571	NKG7;GNLY;GZMB	CD4		0.0	0.0	0.07142857142857142	0.03571428571428571	0.0	1.0801190476190476
vaccination_study_04	T_NK_lineage	8	MAIT Cell	4	28	0.9944108075380307	0.9944108075380307	0.5	0.12857142857142856	0.041071428571428564	0.16964285714285712	0.3303571428571429	0.3303571428571429	0.0	0.6785714285714286	0.30952380952380953	0.25	0.25	0.25	0.4699843784869449	0.21428571428571427	0.21428571428571427	0.10714285714285714	0.059523809523809514	LST1	NKG7;GNLY;GZMB		0.0	0.0	0.07142857142857142	0.07142857142857142	0.0	0.5160714285714286
vaccination_study_04	T_NK_lineage	8	gdT Cell	5	28	0.9989253008400818	0.9989253008400818	0.6785714285714286	0.12857142857142856	0.04553571428571428	0.17410714285714285	0.5044642857142858	0.5044642857142858	0.0	0.6785714285714286	0.6785714285714286	0.6785714285714286	0.0	0.6785714285714286	1.3089482683474705	0.21428571428571427	0.21428571428571427	0.10714285714285714	0.08928571428571427	LST1	NKG7;GNLY		0.0	0.0	0.0	0.0	0.0	0.5044642857142858
vaccination_study_04	T_NK_lineage	8	CD4 T Effector Memory	6	28	0.677302656474684	0.677302656474684	0.17857142857142858	0.47285714285714286	0.041071428571428564	0.5139285714285714	0.0	0.0	0.0	0.7857142857142857	0.28571428571428575	0.17857142857142858	0.0	0.14285714285714285	0.2892309356994076	0.8928571428571429	0.6071428571428572	0.10714285714285714	0.059523809523809514	CCR7;TCF7	NKG7;GNLY;GZMB		0.0	0.0	0.21428571428571427	0.14285714285714285	0.0	0.4857142857142857
vaccination_study_04	T_NK_lineage	8	CD8 Cytotoxic / T Effector Memory	7	28	0.9069098615000378	0.9069098615000378	0.14285714285714285	0.47285714285714286	0.0	0.47285714285714286	0.0	0.0	0.0	0.7142857142857143	0.17857142857142858	0.10714285714285714	0.07142857142857142	0.10714285714285714	0.1737515368718445	0.8928571428571429	0.6071428571428572	0.0	0.0	CCR7;TCF7	KLRD1;FCGR3A		0.0	0.0	0.07142857142857142	0.07142857142857142	0.0	0.18571428571428572
vaccination_study_04	T_NK_lineage	8	Treg	8	28	0.8760009081964731	0.8760009081964731	0.3214285714285714	0.05380952380952381	0.35892857142857143	0.41273809523809524	0.0	0.0	0.0	0.7142857142857143	0.20535714285714285	0.03571428571428571	0.03571428571428571	0.03571428571428571	2.2999112688553685	0.10714285714285714	0.059523809523809514	0.8928571428571429	0.6071428571428572	NKG7;GNLY;GZMB	CCR7;TCF7		0.0	0.0	0.03571428571428571	0.03571428571428571	0.0	0.09285714285714286
vaccination_study_04	T_NK_lineage	8	NKT Cell	9	28	0.8439075153258155	0.8439075153258155	0.14285714285714285	0.12857142857142856	0.0	0.12857142857142856	0.01428571428571429	0.01428571428571429	0.0	0.6785714285714286	0.19285714285714284	0.14285714285714285	0.07142857142857142	0.10714285714285714	0.20632275573118766	0.21428571428571427	0.21428571428571427	0.0	0.0	LST1			0.0	0.0	0.0	0.0	0.0	0.01428571428571429
vaccination_study_04	T_NK_lineage	9	gdT Cell	1	26	0.9973813668356921	1.0	1.0	0.18461538461538463	0.08653846153846154	0.2711538461538462	0.7288461538461538	0.7288461538461538	0.0	1.0	1.0	1.0	0.0	1.0	1.9199718375968082	0.3076923076923077	0.3076923076923077	0.23076923076923078	0.11538461538461539	LST1	NKG7;GNLY		0.0	0.0	0.0	0.0	0.0	0.7288461538461538
vaccination_study_04	T_NK_lineage	9	CD4 T Effector Memory	2	26	0.47605388632407475	0.9615384615384616	1.0	0.09423076923076923	0.36153846153846153	0.45576923076923076	0.5442307692307693	0.5442307692307693	0.0	1.0	0.3974358974358975	0.9615384615384616	0.0	0.9615384615384616	1.490146097038731	0.19230769230769232	0.09615384615384616	1.0	0.4102564102564103	CCR7;TCF7	NKG7;GNLY;GZMB		0.0	0.0	0.0	0.0	0.0	0.5442307692307693
vaccination_study_04	T_NK_lineage	9	CD4 Naive / T Central Memory	3	26	0.992204646938621	0.992204646938621	1.0	0.4702564102564103	0.0	0.4702564102564103	0.5297435897435897	0.5297435897435897	0.0	1.0	0.6602564102564104	0.9615384615384616	0.19230769230769232	0.9615384615384616	1.652900974262033	1.0	0.4102564102564103	0.0	0.0	NKG7;GNLY;GZMB			0.0	0.0	0.0	0.0	0.0	0.5297435897435897
vaccination_study_04	T_NK_lineage	9	CD8 Cytotoxic / T Effector Memory	4	26	0.9921138272913039	0.9921138272913039	0.23076923076923078	0.09423076923076923	0.014423076923076924	0.10865384615384616	0.12211538461538463	0.12211538461538463	0.0	1.0	0.3296703296703297	0.23076923076923078	0.0	0.23076923076923078	0.35711971602834086	0.19230769230769232	0.09615384615384616	0.038461538461538464	0.019230769230769232	CCR7;TCF7	KLRD1;FCGR3A		0.0	0.0	0.0	0.0	0.0	0.12211538461538463
vaccination_study_04	T_NK_lineage	9	NKT Cell	5	26	0.7331226822069175	0.7331226822069175	0.23076923076923078	0.18461538461538463	0.0	0.18461538461538463	0.046153846153846156	0.046153846153846156	0.0	1.0	0.24615384615384617	0.23076923076923078	0.0	0.23076923076923078	0.3249842974888801	0.3076923076923077	0.3076923076923077	0.0	0.0	LST1			0.0	0.0	0.0	0.0	0.0	0.046153846153846156
vaccination_study_04	T_NK_lineage	9	NK Cell	6	26	0.9000378415197154	0.9000378415197154	0.23076923076923078	0.5	0.0	0.5	0.0	0.0	0.0	1.0	0.33516483516483514	0.23076923076923078	0.0	0.23076923076923078	0.3545229538685274	1.0	0.6538461538461539	0.0	0.0	CD3E;LST1			0.0	0.0	0.0	0.0	0.0	0.0
vaccination_study_04	T_NK_lineage	9	Treg	7	26	0.9923030348898811	0.9923030348898811	0.0	0.4702564102564103	0.07211538461538462	0.5423717948717949	0.0	0.0	0.0	1.0	0.4903846153846154	0.0	0.0	0.0	0.5031055900621119	1.0	0.4102564102564103	0.19230769230769232	0.09615384615384616	NKG7;GNLY;GZMB	CCR7;TCF7		0.0	0.0	0.0	0.0	0.0	0.0
vaccination_study_04	T_NK_lineage	9	CD8 Naive / T Central Memory	8	26	0.9918110951335806	0.9918110951335806	0.19230769230769232	0.4702564102564103	0.43269230769230765	0.6	0.0	0.0	0.0	1.0	0.5384615384615384	0.19230769230769232	0.0	0.11538461538461539	0.4904795892524118	1.0	0.4102564102564103	0.9615384615384616	0.9615384615384616	NKG7;GNLY;GZMB	CD4		0.0	0.0	0.0	0.0	0.0	0.0
vaccination_study_04	T_NK_lineage	9	MAIT Cell	9	26	0.9831075455990312	0.9831075455990312	0.15384615384615385	0.18461538461538463	0.36153846153846153	0.5461538461538462	0.0	0.0	0.0	1.0	0.4743589743589743	0.07692307692307693	0.07692307692307693	0.07692307692307693	0.15712495493794312	0.3076923076923077	0.3076923076923077	1.0	0.4102564102564103	LST1	NKG7;GNLY;GZMB		0.0	0.0	0.0	0.0	0.0	0.0
vaccination_study_04	Myeloid_lineage	0	Conventional DC 2	1	3346	0.9032089608718685	0.9279736999402272	1.0	0.4661805140466228	0.4337268380155409	0.6	0.4	0.4	0.0	0.9997011356843993	0.8552500498107193	0.9279736999402272	0.7901972504482965	0.828750747160789	3.360463272876763	0.9575612671846981	0.4650328750747161	0.9731022115959355	0.9453078302450688	CLEC4C;LILRA4;S100A8;S100A9	FCN1;LST1		0.0	0.0	0.9046622833233712	0.739988045427376	0.0	2.58744769874477
vaccination_study_04	Myeloid_lineage	0	Classical Monocyte	2	3346	0.4780973283887081	0.9686192468619247	1.0	0.30940824865511063	0.44892408846383736	0.6	0.4	0.4	0.0	0.9946204423191871	0.9379856545128511	0.9686192468619247	0.9456066945606695	0.9521817095038853	1.0830300783937306	0.6796174536760311	0.232516437537358	0.9976090854751942	0.9976090854751942	FCGR3A;MS4A7;CD1C;CLEC4C	HLA-DRA		0.0	0.0	0.6673640167364017	0.6132695756126718	0.0	2.0810520023909147
vaccination_study_04	Myeloid_lineage	0	Neutrophil	3	3346	0.4772042685234239	0.9575612671846981	1.0	0.006634787806335924	0.4337268380155409	0.4403616258218768	0.5596383741781232	0.5596383741781232	0.0	0.9895397489539749	0.6200438334329548	0.9575612671846981	0.8852361028093245	0.9494919306634788	1.0635385983750978	0.01105797967722654	0.01105797967722654	0.9731022115959355	0.9453078302450688	CD79A	FCN1;LST1		0.0	0.0	0.0	0.0	0.0	0.5596383741781232
vaccination_study_04	Myeloid_lineage	0	Eosinophil	4	3346	0.4226367970937713	0.4226367970937713	1.0	0.5	0.0	0.5	0.5	0.5	0.0	0.39898386132695757	0.13568439928272566	0.38254632396891813	0.38254632396891813	0.38254632396891813	2.571547258922667	0.8930065750149432	0.8930065750149432	0.0	0.0	S100A8			0.0	0.0	0.0	0.0	0.0	0.5
vaccination_study_04	Myeloid_lineage	0	Intermediate Monocyte	5	3346	0.5168697494891394	0.9976090854751942	1.0	0.30696752341103806	0.35935445307830244	0.6	0.4	0.4	0.0	1.0	0.8542040247061168	0.9976090854751942	0.9578601315002989	0.9976090854751942	1.0017645472221868	0.6527196652719666	0.26788204821677625	0.9500896592946803	0.4955170352659893	CD1C;CLEC4C;NKG7	VCAN;FCGR3A		0.0	0.0	0.001195457262402869	0.0	0.0	0.4019127316198446
vaccination_study_04	Myeloid_lineage	0	Plasmacytoid DC	6	3346	0.587111178384924	0.8200836820083682	0.8990443234720137	0.5	0.24536760310818886	0.6	0.2990443234720137	0.2990443234720137	0.0	0.8849372384937239	0.20976539151225343	0.8200836820083682	0.3463837417812313	0.6231320980274955	1.3158425658545818	0.9644351464435147	0.7922893006575015	0.6802151823072325	0.2753536561067942	CD1C;FCN1;S100A8	MZB1;XBP1;PRDM1		0.0	0.0	0.00328750747160789	0.0020920502092050207	0.0	0.30639638563579136
vaccination_study_04	Myeloid_lineage	0	Non-Classical Monocyte	7	3346	0.3084235222886551	0.42319187089061566	0.42319187089061566	0.5	0.10313060370591752	0.6	0.0	0.0	0.0	0.9590555887627017	0.3638673042438733	0.42319187089061566	0.08009563658099222	0.3493723849372385	0.7138460625691444	0.972504482964734	0.830394500896593	0.27405857740585776	0.13942020322773463	S100A8;S100A9;VCAN;CD1C	NKG7;GNLY		0.0	0.0	0.005080693365212194	0.005080693365212194	0.0	0.013209802749551705
vaccination_study_04	Myeloid_lineage	0	Conventional DC 1	8	3346	0.5098274426700976	0.5098274426700976	0.353083576564481	0.4916288105200239	0.44892408846383736	0.6	0.0	0.0	0.0	0.7408846383741782	0.21655708308427973	0.2543335325762104	0.006873879258816497	0.2438732815301853	1.3950001759530826	0.9668260609683204	0.5647041243275552	0.9976090854751942	0.9976090854751942	CD1C;FCER1A;CLEC4C;S100A8	HLA-DRA		0.0	0.0	0.005379557680812911	0.0020920502092050207	0.0	0.01069934249850568
vaccination_study_04	Myeloid_lineage	0	Basophil	9	3346	0.5823280102928934	0.5823280102928934	0.3181410639569635	0.5	0.311274656306037	0.6	0.0	0.0	0.0	0.6509264793783622	0.18947997609085473	0.03407053197848177	0.03407053197848177	0.03407053197848177	3.2247147939685483	0.9384339509862523	0.9384339509862523	0.8290496114763897	0.41706515242080094	LST1	CLEC4C;FCER1A		0.0	0.0	0.0	0.0	0.0	0.0
vaccination_study_04	Myeloid_lineage	0	Mast Cell	10	3346	0.4886172708695981	0.4886172708695981	0.3181410639569635	0.5	0.0	0.5	0.0	0.0	0.0	0.07411835026897788	0.050508069336521216	0.03407053197848177	0.03407053197848177	0.03407053197848177	3.2247147939685483	0.9384339509862523	0.9384339509862523	0.0	0.0	LST1			0.0	0.0	0.0	0.0	0.0	0.0
vaccination_study_04	Myeloid_lineage	1	Non-Classical Monocyte	1	8275	0.8306213577537274	0.9747432024169185	1.0	0.434997583081571	0.05389123867069487	0.4888888217522659	0.5111111782477341	0.5111111782477341	0.0	0.9929909365558912	0.7830815709969788	0.9747432024169185	0.89607250755287	0.9464652567975831	1.6227337236080057	0.9140785498489425	0.3983987915407855	0.14356495468277947	0.07214501510574019	S100A8;S100A9;VCAN;CD1C	NKG7;GNLY		0.0	0.0	0.9962537764350453	0.9964954682779457	0.0	3.1016126888217523
vaccination_study_04	Myeloid_lineage	1	Classical Monocyte	2	8275	0.24179217437372286	0.9067069486404834	1.0	0.47337703927492447	0.43085800604229607	0.6	0.4	0.4	0.0	0.9989123867069486	0.7511782477341389	0.9067069486404834	0.5051359516616314	0.8477341389728097	1.014512234082659	0.9747432024169185	0.4680664652567976	0.9574622356495468	0.9574622356495468	FCGR3A;MS4A7;CD1C;CLEC4C	HLA-DRA		0.0	0.0	0.05933534743202417	0.9972205438066465	0.0	1.4921570996978852
vaccination_study_04	Myeloid_lineage	1	Intermediate Monocyte	3	8275	0.2518126087943692	0.9910574018126889	1.0	0.06886847935548843	0.3822235649546828	0.45109204431017125	0.5489079556898288	0.5489079556898288	0.0	0.9987915407854985	0.846122860020141	0.9910574018126889	0.9533534743202416	0.9574622356495468	0.9952508659619415	0.15166163141993957	0.05107754279959719	0.9573413897280967	0.6334743202416918	CD1C;CLEC4C;NKG7	VCAN;FCGR3A		0.0	0.0	0.012084592145015106	0.0	0.0	0.5682433031218529
vaccination_study_04	Myeloid_lineage	1	Neutrophil	4	8275	0.2707636418678574	0.8905135951661631	0.8905135951661631	0.005945619335347432	0.4334320241691843	0.43937764350453173	0.4511359516616314	0.4511359516616314	0.0	0.9995166163141994	0.4608459214501511	0.8905135951661631	0.3940785498489426	0.8664652567975831	0.9898401262045555	0.009909365558912387	0.009909365558912387	0.9887613293051359	0.9120241691842901	CD79A	FCN1;LST1		0.0	0.0	0.0	0.0	0.0	0.4511359516616314
vaccination_study_04	Myeloid_lineage	1	Plasmacytoid DC	5	8275	0.39922046469386213	0.5658006042296072	0.5658006042296072	0.4284543806646526	0.09157099697885196	0.5200253776435045	0.04577522658610267	0.04577522658610267	0.0	0.6732326283987915	0.12501510574018126	0.5658006042296072	0.1318429003021148	0.3439274924471299	0.9127548955750545	0.8854380664652568	0.41812688821752264	0.26042296072507554	0.08962739174219536	CD1C;FCN1;S100A8	MZB1;XBP1;PRDM1		0.0	0.0	0.0009667673716012085	0.00024169184290030211	0.0	0.04756374622356491
vaccination_study_04	Myeloid_lineage	1	Conventional DC 2	6	8275	0.3001135245591463	0.4915609264853978	0.03842900302114804	0.40906404833836857	0.4334320241691843	0.6	0.0	0.0	0.0	0.9952870090634441	0.4915609264853978	0.03842900302114804	0.0009667673716012085	0.02259818731117825	0.17350580938993995	0.8899093655589124	0.32226586102719035	0.9887613293051359	0.9120241691842901	CLEC4C;LILRA4;S100A8;S100A9	FCN1;LST1		0.0	0.0	0.00036253776435045317	0.00036253776435045317	0.0	0.0009425981873111783
vaccination_study_04	Myeloid_lineage	1	Basophil	7	8275	0.27075607356391435	0.27075607356391435	0.0009667673716012085	0.5	0.004450151057401813	0.5044501510574018	0.0	0.0	0.0	0.3446525679758308	0.08661631419939576	0.00048338368580060423	0.00048338368580060423	0.00048338368580060423	0.7670867798681461	0.9763141993957704	0.9763141993957704	0.011842900302114804	0.005981873111782478	LST1	CLEC4C;FCER1A		0.0	0.0	0.0	0.0	0.0	0.0
vaccination_study_04	Myeloid_lineage	1	Eosinophil	8	8275	0.4226367970937713	0.4226367970937713	0.005800604229607251	0.2386223564954683	0.0	0.2386223564954683	0.0	0.0	0.0	0.017764350453172206	0.005921450151057402	0.0029003021148036254	0.0029003021148036254	0.0029003021148036254	0.08450909998898434	0.39770392749244715	0.39770392749244715	0.0	0.0	S100A8			0.0	0.0	0.0	0.0	0.0	0.0
vaccination_study_04	Myeloid_lineage	1	Mast Cell	9	8275	0.4886172708695981	0.4886172708695981	0.0009667673716012085	0.5	0.0	0.5	0.0	0.0	0.0	0.0016918429003021148	0.0009063444108761329	0.00048338368580060423	0.00048338368580060423	0.00048338368580060423	0.7670867798681461	0.9763141993957704	0.9763141993957704	0.0	0.0	LST1			0.0	0.0	0.0	0.0	0.0	0.0
vaccination_study_04	Myeloid_lineage	1	Conventional DC 1	10	8275	0.18849617800650875	0.2609063444108761	0.3683282674230667	0.17745740181268882	0.43085800604229607	0.6	0.0	0.0	0.0	0.486404833836858	0.12091842900302116	0.2609063444108761	0.0008459214501510574	0.26006042296072507	1.4296876920487622	0.406404833836858	0.10465256797583082	0.9574622356495468	0.9574622356495468	CD1C;FCER1A;CLEC4C;S100A8	HLA-DRA		0.0	0.0	0.0	0.0	0.0	0.0
vaccination_study_04	Myeloid_lineage	2	Classical Monocyte	1	13129	0.8809203057594793	1.0	1.0	0.21106443750476045	0.4419110366364536	0.6	0.4	0.4	0.0	1.0	0.9880988651077767	1.0	0.9996191636834488	0.9999238327366897	1.1177589064238	0.47756874095513746	0.1344923451900373	0.9820245258587859	0.9820245258587859	FCGR3A;MS4A7;CD1C;CLEC4C	HLA-DRA		0.0	0.0	1.0	0.9999238327366897	0.0	2.9999238327366897
vaccination_study_04	Myeloid_lineage	2	Intermediate Monocyte	2	13129	0.7714069477030198	0.9995429964201387	1.0	0.041857973443014194	0.3790901820397593	0.4209481554827735	0.5790518445172266	0.5790518445172266	0.0	1.0	0.8962728819153526	0.9995429964201387	0.9848427146012644	0.9981719856805545	1.0036872407052617	0.09170538502551603	0.03186330515144591	0.9979434838906238	0.5313809124838145	CD1C;CLEC4C;NKG7	VCAN;FCGR3A		0.0	0.0	0.0002285017899306878	0.0	0.0	0.5794174473811157
vaccination_study_04	Myeloid_lineage	2	Neutrophil	3	13129	0.862393097706804	1.0	1.0	0.0011882093076395765	0.4481891233147993	0.4493773326224389	0.5506226673775612	0.5506226673775612	0.0	1.0	0.6606240637773885	1.0	0.9997714982100693	0.9999238327366897	1.1101870452962224	0.001980348846065961	0.001980348846065961	0.9993906618935182	0.9891461649782923	CD79A	FCN1;LST1		0.0	0.0	0.00015233452662045854	0.00015233452662045854	0.0	0.5510187371467744
vaccination_study_04	Myeloid_lineage	2	Eosinophil	4	13129	0.4226367970937713	0.4226367970937713	0.7541544012844247	0.5	0.0	0.5	0.2541544012844247	0.2541544012844247	0.0	0.28204737603777896	0.09564069362987787	0.2715362937009673	0.2715362937009673	0.2715362937009673	1.8443272555299601	0.9999238327366897	0.9999238327366897	0.0	0.0	S100A8			0.0	0.0	0.0	0.0	0.0	0.2541544012844247
vaccination_study_04	Myeloid_lineage	2	Non-Classical Monocyte	5	13129	0.45547566790282296	0.5058267956432325	0.5058267956432325	0.5	0.020776525249447786	0.5207765252494478	0.0	0.0	0.0	0.9888795795567066	0.3278365958311118	0.5058267956432325	0.0793662883692589	0.4284408561200396	0.8500180907839772	1.0	0.7598636605986746	0.055221265899916216	0.028067636529819483	S100A8;S100A9;VCAN;CD1C	NKG7;GNLY		0.0	0.0	0.0026658542158580242	0.002894356005788712	0.0	0.00715972275116155
vaccination_study_04	Myeloid_lineage	2	Conventional DC 2	6	13129	0.3668356921213956	0.5138370528346916	0.10533932515804707	0.49055297433163225	0.4481891233147993	0.6	0.0	0.0	0.0	0.9996953309467591	0.5138370528346916	0.10533932515804707	0.007692893594333156	0.05880112727549699	0.41322434321634777	1.0	0.5025135196892375	0.9993906618935182	0.9891461649782923	CLEC4C;LILRA4;S100A8;S100A9	FCN1;LST1		0.0	0.0	0.00205651610937619	7.616726331022927e-05	0.0	0.0033665930383121336
vaccination_study_04	Myeloid_lineage	2	Basophil	7	13129	0.27075607356391435	0.27075607356391435	0.0004570035798613756	0.5	0.005655419300784522	0.5056554193007845	0.0	0.0	0.0	0.3170081498971742	0.07934724655343135	0.0002285017899306878	0.0002285017899306878	0.0002285017899306878	0.7484366437470802	0.9801203442760301	0.9801203442760301	0.015081118135425394	0.007540559067712697	LST1	CLEC4C;FCER1A		0.0	0.0	0.0	0.0	0.0	0.0
vaccination_study_04	Myeloid_lineage	2	Mast Cell	8	13129	0.4886172708695981	0.4886172708695981	0.0004570035798613756	0.5	0.0	0.5	0.0	0.0	0.0	0.0006855053697920634	0.0003427526848960317	0.0002285017899306878	0.0002285017899306878	0.0002285017899306878	0.7484366437470802	0.9801203442760301	0.9801203442760301	0.0	0.0	LST1			0.0	0.0	0.0	0.0	0.0	0.0
vaccination_study_04	Myeloid_lineage	2	Plasmacytoid DC	9	13129	0.3778173011428139	0.44573082489146165	0.44573082489146165	0.5	0.20306192398507122	0.6	0.0	0.0	0.0	0.6028638891004646	0.10353035265442913	0.44573082489146165	0.06710335897631198	0.315941808210831	0.7224211618198761	1.0	0.6800213268337268	0.568436286084241	0.2168735877319928	CD1C;FCN1;S100A8	MZB1;XBP1;PRDM1		0.0	0.0	0.0	0.0	0.0	0.0
vaccination_study_04	Myeloid_lineage	2	Conventional DC 1	10	13129	0.18849617800650875	0.18849617800650875	0.02894356005788712	0.4381045776525249	0.4419110366364536	0.6	0.0	0.0	0.0	0.46934267651763273	0.10623809886510778	0.02894356005788712	0.00015233452662045854	0.026734709421890473	0.20552168543856267	0.9999238327366897	0.26424327823901284	0.9820245258587859	0.9820245258587859	CD1C;FCER1A;CLEC4C;S100A8	HLA-DRA		0.0	0.0	0.0	0.0	0.0	0.0
vaccination_study_04	Myeloid_lineage	3	Plasmacytoid DC	1	2756	0.9452281843638841	1.0	1.0	0.10357764876632802	0.37113570391872275	0.47471335268505077	0.5252866473149492	0.5252866473149492	0.0	1.0	0.9034833091436865	1.0	0.9927431059506531	0.9992743105950653	1.601044593838588	0.2227866473149492	0.08599419448476053	0.9415820029027576	0.5910740203193033	CD1C;FCN1;S100A8	MZB1;XBP1;PRDM1		0.0	0.0	1.0	1.0	0.0	3.125286647314949
vaccination_study_04	Myeloid_lineage	3	Intermediate Monocyte	2	2756	0.05546809959887989	0.9619013062409288	0.9619013062409288	0.4229317851959361	0.038806240928882435	0.4617380261248185	0.5001632801161103	0.5001632801161103	0.0	0.9974600870827286	0.4181785195936139	0.9619013062409288	0.0899854862119013	0.9579100145137881	0.9662638874796697	0.9150943396226415	0.341799709724238	0.10268505079825835	0.05333817126269956	CD1C;CLEC4C;NKG7	VCAN;FCGR3A		0.0	0.0	0.0	0.0	0.0	0.5001632801161103
vaccination_study_04	Myeloid_lineage	3	Neutrophil	3	2756	0.04779005524861878	0.3671988388969521	0.3671988388969521	0.04963715529753266	0.12466436865021771	0.17430152394775036	0.19289731494920173	0.19289731494920173	0.0	0.6400580551523948	0.16612239961296565	0.3671988388969521	0.08055152394775036	0.28410740203193036	0.4146151133110624	0.08272859216255443	0.08272859216255443	0.32329462989840346	0.18450653120464441	CD79A	FCN1;LST1		0.0	0.0	0.0	0.0	0.0	0.19289731494920173
vaccination_study_04	Myeloid_lineage	3	Conventional DC 2	4	2756	0.5022629228789828	0.561381228834059	0.6696491519531098	0.4900888969521045	0.12466436865021771	0.6	0.06964915195310983	0.06964915195310983	0.0	0.9981857764876633	0.561381228834059	0.48040638606676345	0.01269956458635704	0.4746008708272859	1.7569710635453857	0.9742380261248186	0.5449020319303338	0.32329462989840346	0.18450653120464441	CLEC4C;LILRA4;S100A8;S100A9	FCN1;LST1		0.0	0.0	0.000362844702467344	0.000362844702467344	0.0	0.07059254817952493
vaccination_study_04	Myeloid_lineage	3	Non-Classical Monocyte	5	2756	0.034193597214864146	0.09034833091436865	0.0420899854862119	0.18481313497822932	0.03945936139332366	0.22427249637155297	0.0	0.0	0.0	0.42670537010159654	0.09034833091436865	0.0420899854862119	0.008708272859216255	0.02576197387518142	0.0858377858341796	0.40783744557329465	0.1356132075471698	0.10522496371552975	0.052612481857764876	S100A8;S100A9;VCAN;CD1C	NKG7;GNLY		0.0	0.0	0.0010885341074020319	0.0010885341074020319	0.0	0.0028301886792452833
vaccination_study_04	Myeloid_lineage	3	Classical Monocyte	6	2756	0.05648982063119655	0.26877721335268506	0.2623367198838897	0.4007256894049347	0.4310595065312046	0.6	0.0	0.0	0.0	0.9517416545718432	0.26877721335268506	0.2623367198838897	0.05224963715529753	0.1632801161103048	0.3013928655410508	0.9140058055152395	0.24274310595065313	0.9579100145137881	0.9579100145137881	FCGR3A;MS4A7;CD1C;CLEC4C	HLA-DRA		0.0	0.0	0.000362844702467344	0.001451378809869376	0.0	0.0020319303338171262
vaccination_study_04	Myeloid_lineage	3	Basophil	7	2756	0.94627261030803	0.94627261030803	0.00362844702467344	0.17111756168359943	0.38493287373004353	0.556050435413643	0.0	0.0	0.0	0.9658925979680697	0.24346879535558782	0.00181422351233672	0.00181422351233672	0.00181422351233672	0.8644665636912456	0.28519593613933236	0.28519593613933236	0.9365021770682148	0.6932148040638607	LST1	CLEC4C;FCER1A		0.0	0.0	0.0	0.0	0.0	0.0
vaccination_study_04	Myeloid_lineage	3	Eosinophil	8	2756	0.4226367970937713	0.4226367970937713	0.0043541364296081275	0.09796806966618288	0.0	0.09796806966618288	0.0	0.0	0.0	0.022133526850507984	0.007377842283502661	0.0021770682148040637	0.0021770682148040637	0.0021770682148040637	0.07977123839267736	0.1632801161103048	0.1632801161103048	0.0	0.0	S100A8			0.0	0.0	0.0	0.0	0.0	0.0
vaccination_study_04	Myeloid_lineage	3	Mast Cell	9	2756	0.4886172708695981	0.4886172708695981	0.00362844702467344	0.17111756168359943	0.0	0.17111756168359943	0.0	0.0	0.0	0.006168359941944848	0.003447024673439768	0.00181422351233672	0.00181422351233672	0.00181422351233672	0.8644665636912456	0.28519593613933236	0.28519593613933236	0.0	0.0	LST1			0.0	0.0	0.0	0.0	0.0	0.0
vaccination_study_04	Myeloid_lineage	3	Conventional DC 1	10	2756	0.9300385983501098	0.9300385983501098	0.01632801161103048	0.4462536284470247	0.4310595065312046	0.6	0.0	0.0	0.0	0.9796806966618288	0.20849056603773586	0.01632801161103048	0.0	0.01451378809869376	0.13894408504260933	0.9484760522496372	0.39014876632801165	0.9579100145137881	0.9579100145137881	CD1C;FCER1A;CLEC4C;S100A8	HLA-DRA		0.0	0.0	0.0	0.0	0.0	0.0
vaccination_study_04	Myeloid_lineage	4	Classical Monocyte	1	15213	0.6758798153333838	0.9998685334910932	1.0	0.24649641753763227	0.44387694734766314	0.6	0.4	0.4	0.0	1.0	0.9700256359692367	0.9998685334910932	0.9970420035495957	0.9962532044961546	1.117613413491892	0.5561033326760008	0.15989614145796358	0.9863932163281404	0.9863932163281404	FCGR3A;MS4A7;CD1C;CLEC4C	HLA-DRA		0.0	0.0	0.9998028002366397	0.9996713337277329	0.0	2.9993558141063565
vaccination_study_04	Myeloid_lineage	4	Intermediate Monocyte	2	15213	0.6177855142662529	0.9988825346742918	1.0	0.06314949933171192	0.3801912837704594	0.44334078310217134	0.5566592168978286	0.5566592168978286	0.0	0.9998685334910932	0.9016630513376717	0.9988825346742918	0.9861302833103267	0.9948728061526326	1.0030306099033732	0.13823703411555907	0.04827011985363395	0.9967133372773286	0.5411818839150726	CD1C;CLEC4C;NKG7	VCAN;FCGR3A		0.0	0.0	0.004535594557286532	0.0	0.0	0.5639161681894871
vaccination_study_04	Myeloid_lineage	4	Neutrophil	3	15213	0.7075758722470294	0.9955301386971669	1.0	0.0012620784855058174	0.4442072569512916	0.4454693354367974	0.5545306645632027	0.5545306645632027	0.0	1.0	0.6582308990118101	0.9955301386971669	0.9808716229540525	0.9916518766844147	1.1052737956797112	0.0021034641425096957	0.0021034641425096957	0.9965161375139683	0.9683494379806744	CD79A	FCN1;LST1		0.0	0.0	0.00026293301781371196	0.00026293301781371196	0.0	0.5552142904095183
vaccination_study_04	Myeloid_lineage	4	Non-Classical Monocyte	4	15213	0.41500794671914026	0.5768093078288306	0.5768093078288306	0.5	0.046751133898639316	0.5467511338986393	0.03005817393019128	0.03005817393019128	0.0	0.9656215079208572	0.3605907228466881	0.5768093078288306	0.12173798724774863	0.5068033918359298	0.9669883994159925	0.9996713337277329	0.7540754617761125	0.12403865115361862	0.06359692368369158	S100A8;S100A9;VCAN;CD1C	NKG7;GNLY		0.0	0.0	0.011963452310523894	0.014987182015381581	0.0	0.0641868796424111
vaccination_study_04	Myeloid_lineage	4	Plasmacytoid DC	5	15213	0.45101036857640203	0.6242687175442057	0.6256282475603158	0.5	0.20990271478340894	0.6	0.025628247560315787	0.025628247560315787	0.0	0.7089331492802209	0.13443272201406692	0.6242687175442057	0.1721553934135279	0.4027476500361533	1.0054381200644404	0.9978965358574903	0.6744231906921713	0.5839742325642543	0.23140296676088434	CD1C;FCN1;S100A8	MZB1;XBP1;PRDM1		0.0	0.0	0.0004601327811739959	0.00026293301781371196	0.0	0.026627393028007894
vaccination_study_04	Myeloid_lineage	4	Conventional DC 2	6	15213	0.47516839476273365	0.5213852187821818	0.14875435482810753	0.48780549530007233	0.4442072569512916	0.6	0.0	0.0	0.0	0.9985538684020245	0.5213852187821818	0.14875435482810753	0.01571024781436929	0.10583053967001907	0.5687666710091104	0.9956616052060737	0.4975185696443831	0.9965161375139683	0.9683494379806744	CLEC4C;LILRA4;S100A8;S100A9	FCN1;LST1		0.0	0.0	0.013146650890685598	0.0015118648524288438	0.0	0.022546506277525802
vaccination_study_04	Myeloid_lineage	4	Basophil	7	15213	0.27075607356391435	0.27075607356391435	0.0006573325445342799	0.5	0.007355551173338593	0.5073555511733386	0.0	0.0	0.0	0.4053769802142904	0.1016564780122264	0.00032866627226713996	0.00032866627226713996	0.00032866627226713996	0.755765847038256	0.9418260698087162	0.9418260698087162	0.019588509827121542	0.0098599881680142	LST1	CLEC4C;FCER1A		0.0	0.0	0.0	0.0	0.0	0.0
vaccination_study_04	Myeloid_lineage	4	Eosinophil	8	15213	0.4226367970937713	0.4226367970937713	0.3854594272750762	0.5	0.0	0.5	0.0	0.0	0.0	0.18727404193781635	0.06384890115909637	0.17018339577992506	0.17018339577992506	0.17018339577992506	1.1803705428609044	0.9847498849668047	0.9847498849668047	0.0	0.0	S100A8			0.0	0.0	0.0	0.0	0.0	0.0
vaccination_study_04	Myeloid_lineage	4	Mast Cell	9	15213	0.4886172708695981	0.4886172708695981	0.0006573325445342799	0.5	0.0	0.5	0.0	0.0	0.0	0.0031551962137645437	0.0015775981068822716	0.00032866627226713996	0.00032866627226713996	0.00032866627226713996	0.755765847038256	0.9418260698087162	0.9418260698087162	0.0	0.0	LST1			0.0	0.0	0.0	0.0	0.0	0.0
vaccination_study_04	Myeloid_lineage	4	Conventional DC 1	10	15213	0.46507984560659954	0.46507984560659954	0.03792808781962795	0.43195129165845	0.44387694734766314	0.6	0.0	0.0	0.0	0.595609018602511	0.13667258265956747	0.03792808781962795	0.00019719976336028398	0.0340498258068757	0.2529368494789792	0.9850128179846184	0.26202918556497734	0.9863932163281404	0.9863932163281404	CD1C;FCER1A;CLEC4C;S100A8	HLA-DRA		0.0	0.0	0.0	0.0	0.0	0.0
vaccination_study_04	Myeloid_lineage	5	Non-Classical Monocyte	1	7713	0.9319609475516537	0.9961104628549202	1.0	0.4585530921820304	0.06291326332166472	0.5214663555036951	0.47853364449630487	0.47853364449630487	0.0	0.9990924413328147	0.8646224988115302	0.9961104628549202	0.9607156748346947	0.9924802281861792	1.6579442983129233	0.9529366005445352	0.4383508362504862	0.16776870219110593	0.08388435109555296	S100A8;S100A9;VCAN;CD1C	NKG7;GNLY		0.0	0.0	0.9989627900946454	0.9984441851419681	0.0	3.0753182937897057
vaccination_study_04	Myeloid_lineage	5	Classical Monocyte	2	7713	0.3450238401574207	0.9766627771295215	1.0	0.4860333203682095	0.440781796966161	0.6	0.4	0.4	0.0	1.0	0.8070951640088163	0.9766627771295215	0.6093608193958252	0.9509918319719953	1.0919317888845186	0.9961104628549202	0.4886879294697265	0.9795151043692467	0.9795151043692467	FCGR3A;MS4A7;CD1C;CLEC4C	HLA-DRA		0.0	0.0	0.039673278879813305	0.999222092570984	0.0	1.4626993387786853
vaccination_study_04	Myeloid_lineage	5	Neutrophil	3	7713	0.31450843865889655	0.9486581096849475	1.0	0.00925709840528977	0.44605211979774406	0.4553092182030338	0.5446907817969662	0.5446907817969662	0.0	0.9984441851419681	0.47208176671420543	0.9486581096849475	0.5427200829767924	0.9338778685336445	1.0537522913271224	0.015428497342149617	0.015428497342149617	0.9994813950473227	0.9747180085569818	CD79A	FCN1;LST1		0.0	0.0	0.0	0.0	0.0	0.5446907817969662
vaccination_study_04	Myeloid_lineage	5	Intermediate Monocyte	4	7713	0.40140770453341407	0.9985738363801374	1.0	0.07984009680625784	0.3939809412679891	0.4738210380742469	0.5261789619257531	0.5261789619257531	0.0	1.0	0.8991529452439604	0.9985738363801374	0.9883313885647608	0.9795151043692467	1.0027237021835742	0.17567742771943473	0.059466701240330176	0.9935174380915338	0.6395047322701932	CD1C;CLEC4C;NKG7	VCAN;FCGR3A		0.0	0.0	0.01063140152988461	0.0	0.0	0.5431892043735684
vaccination_study_04	Myeloid_lineage	5	Conventional DC 1	5	7713	0.5201846666162113	0.5201846666162113	0.7228380656035265	0.23324452223518735	0.440781796966161	0.6	0.1228380656035265	0.1228380656035265	0.0	0.6394399066511085	0.16180474523531702	0.47283806560352654	0.001037209905354596	0.47141190198366395	2.5481412816195412	0.5342927524957863	0.13733307403085698	0.9795151043692467	0.9795151043692467	CD1C;FCER1A;CLEC4C;S100A8	HLA-DRA		0.0	0.0	0.0	0.0	0.0	0.1228380656035265
vaccination_study_04	Myeloid_lineage	5	Conventional DC 2	6	7713	0.3100885491561341	0.5015990319374217	0.03876572021262803	0.440803189420459	0.44605211979774406	0.6	0.0	0.0	0.0	0.9994813950473227	0.5015990319374217	0.03876572021262803	0.0016854660962012187	0.01866977829638273	0.17471216065052095	0.946065084921561	0.36953844159211724	0.9994813950473227	0.9747180085569818	CLEC4C;LILRA4;S100A8;S100A9	FCN1;LST1		0.0	0.0	0.0009075586671852716	0.0009075586671852716	0.0	0.0023596525346817063
vaccination_study_04	Myeloid_lineage	5	Plasmacytoid DC	7	7713	0.4459774464542496	0.5287177492545054	0.5287177492545054	0.47892303038160683	0.09269415272915857	0.5716171831107654	0.0	0.0	0.0	0.7097108777388824	0.1322928821470245	0.5287177492545054	0.0936081939582523	0.4291455983404642	0.8539714257909089	0.9739401011279658	0.4946626906953628	0.2642292233890834	0.08950257141622368	CD1C;FCN1;S100A8	MZB1;XBP1;PRDM1		0.0	0.0	0.000259302476338649	0.000259302476338649	0.0	0.0006741864384804874
vaccination_study_04	Myeloid_lineage	5	Eosinophil	8	7713	0.4226367970937713	0.4226367970937713	0.014261636198625697	0.3145079735511474	0.0	0.3145079735511474	0.0	0.0	0.0	0.016465707247504215	0.00561822032067073	0.0071308180993128484	0.0071308180993128484	0.0071308180993128484	0.11222295468465236	0.524179955918579	0.524179955918579	0.0	0.0	S100A8			0.0	0.0	0.0	0.0	0.0	0.0
vaccination_study_04	Myeloid_lineage	5	Basophil	9	7713	0.27075607356391435	0.27075607356391435	0.0012965123816932453	0.5	0.006009334889148191	0.5060093348891482	0.0	0.0	0.0	0.42953455205497215	0.1075457020614547	0.0006482561908466226	0.0006482561908466226	0.0006482561908466226	0.7791507777885739	0.9984441851419681	0.9984441851419681	0.015947102294826914	0.008168028004667444	LST1	CLEC4C;FCER1A		0.0	0.0	0.0	0.0	0.0	0.0
vaccination_study_04	Myeloid_lineage	5	Mast Cell	10	7713	0.4886172708695981	0.4886172708695981	0.0012965123816932453	0.5	0.0	0.5	0.0	0.0	0.0	0.001037209905354596	0.0005186049526772981	0.0006482561908466226	0.0006482561908466226	0.0006482561908466226	0.7791507777885739	0.9984441851419681	0.9984441851419681	0.0	0.0	LST1			0.0	0.0	0.0	0.0	0.0	0.0
vaccination_study_04	Myeloid_lineage	6	Conventional DC 1	1	1089	0.9917505487020358	0.9917505487020358	1.0	0.17022038567493114	0.44876033057851233	0.6	0.4	0.4	0.0	0.9981634527089073	0.9518824609733703	0.9853076216712581	0.9146005509641874	0.9752066115702479	5.252660507453937	0.38016528925619836	0.11707988980716252	0.9972451790633609	0.9972451790633609	CD1C;FCER1A;CLEC4C;S100A8	HLA-DRA		0.0	0.0	0.9871441689623508	0.9834710743801653	0.0	2.9629017447199266
vaccination_study_04	Myeloid_lineage	6	Intermediate Monocyte	2	1089	0.1635661848179823	0.9972451790633609	0.9975958669668639	0.12653198653198652	0.043044077134986224	0.16957606366697275	0.8280198032998911	0.8280198032998911	0.0	1.0	0.5255586164677074	0.9972451790633609	0.2460973370064279	0.9972451790633609	1.0014027516140123	0.2727272727272727	0.10407101316192224	0.11294765840220386	0.06106519742883379	CD1C;CLEC4C;NKG7	VCAN;FCGR3A		0.0	0.0	0.0	0.0	0.0	0.8280198032998911
vaccination_study_04	Myeloid_lineage	6	Plasmacytoid DC	3	1089	0.6021493983198365	0.8365472910927456	0.9220324306553055	0.12869911233547598	0.16267217630853995	0.29137128864401596	0.6306611420112895	0.6306611420112895	0.0	0.9017447199265382	0.22922405876951332	0.8365472910927456	0.4022038567493113	0.7033976124885216	1.3419405582502395	0.2736455463728191	0.11233547597183961	0.46189164370982555	0.16069788797061524	CD1C;FCN1;S100A8	MZB1;XBP1;PRDM1		0.0	0.0	0.006427915518824609	0.006427915518824609	0.0	0.6473737223602335
vaccination_study_04	Myeloid_lineage	6	Neutrophil	4	1089	0.1086505714069477	0.6124885215794307	0.6124885215794307	0.020385674931129475	0.28436639118457296	0.30475206611570244	0.30773645546372824	0.30773645546372824	0.0	0.9761248852157943	0.3314967860422406	0.6124885215794307	0.09733700642791551	0.5583103764921947	0.6842363292109721	0.03397612488521579	0.03397612488521579	0.7392102846648301	0.41735537190082644	CD79A	FCN1;LST1		0.0	0.0	0.0	0.0	0.0	0.30773645546372824
vaccination_study_04	Myeloid_lineage	6	Conventional DC 2	5	1089	0.8842503594944373	0.8842503594944373	0.10651974288337925	0.3181910009182736	0.28436639118457296	0.6	0.0	0.0	0.0	1.0	0.519589837771656	0.10651974288337925	0.011937557392102846	0.0707070707070707	0.41745340679551235	0.6951331496786042	0.24563820018365473	0.7392102846648301	0.41735537190082644	CLEC4C;LILRA4;S100A8;S100A9	FCN1;LST1		0.0	0.0	0.015610651974288337	0.011019283746556474	0.0	0.03599632690541782
vaccination_study_04	Myeloid_lineage	6	Classical Monocyte	6	1089	0.12206160599409673	0.5396005509641874	0.26078971533516987	0.1761753902662994	0.44876033057851233	0.6	0.0	0.0	0.0	1.0	0.5396005509641874	0.26078971533516987	0.05968778696051423	0.15151515151515152	0.29968080800381347	0.39118457300275483	0.1251147842056933	0.9972451790633609	0.9972451790633609	FCGR3A;MS4A7;CD1C;CLEC4C	HLA-DRA		0.0	0.0	0.013774104683195593	0.011019283746556474	0.0	0.03305785123966942
vaccination_study_04	Myeloid_lineage	6	Non-Classical Monocyte	7	1089	0.11711193521531825	0.25925925925925924	0.18457300275482094	0.2940312213039486	0.0068870523415977955	0.3009182736455464	0.0	0.0	0.0	0.8971533516988063	0.25925925925925924	0.18457300275482094	0.02662993572084481	0.16988062442607896	0.3206319906539898	0.6483011937557392	0.216712580348944	0.018365472910927456	0.00918273645546373	S100A8;S100A9;VCAN;CD1C	NKG7;GNLY		0.0	0.0	0.0	0.0	0.0	0.0
vaccination_study_04	Myeloid_lineage	6	Eosinophil	8	1089	0.4226367970937713	0.4226367970937713	0.005509641873278237	0.09090909090909091	0.0	0.09090909090909091	0.0	0.0	0.0	0.013774104683195593	0.004897459442913988	0.0027548209366391185	0.0027548209366391185	0.0027548209366391185	0.08355606157774349	0.15151515151515152	0.15151515151515152	0.0	0.0	S100A8			0.0	0.0	0.0	0.0	0.0	0.0
vaccination_study_04	Myeloid_lineage	6	Basophil	9	1089	0.5496556421705896	0.5496556421705896	0.0018365472910927456	0.4319559228650137	0.090633608815427	0.5225895316804408	0.0	0.0	0.0	0.549127640036731	0.162534435261708	0.0009182736455463728	0.0009182736455463728	0.0009182736455463728	0.7989084081531259	0.7199265381083563	0.7199265381083563	0.24058769513314968	0.12304866850321396	LST1	CLEC4C;FCER1A		0.0	0.0	0.0	0.0	0.0	0.0
vaccination_study_04	Myeloid_lineage	6	Mast Cell	10	1089	0.4886172708695981	0.4886172708695981	0.0018365472910927456	0.4319559228650137	0.0	0.4319559228650137	0.0	0.0	0.0	0.3039485766758494	0.15243342516069788	0.0009182736455463728	0.0009182736455463728	0.0009182736455463728	0.7989084081531259	0.7199265381083563	0.7199265381083563	0.0	0.0	LST1			0.0	0.0	0.0	0.0	0.0	0.0
vaccination_study_04	Myeloid_lineage	7	Classical Monocyte	1	5515	0.5822144857337471	0.9898458748866727	1.0	0.30008340888485946	0.44649138712601993	0.6	0.4	0.4	0.0	0.9980054397098821	0.959950135992747	0.9898458748866727	0.9757026291931097	0.9769718948322756	1.1065214175303713	0.657842248413418	0.22774252039891205	0.9922030825022665	0.9922030825022665	FCGR3A;MS4A7;CD1C;CLEC4C	HLA-DRA		0.0	0.0	0.9784224841341795	0.971894832275612	0.0	2.9373708068902995
vaccination_study_04	Myeloid_lineage	7	Intermediate Monocyte	2	5515	0.7736623022780594	0.9963735267452403	1.0	0.12233061347839226	0.37533998186763373	0.497670595346026	0.502329404653974	0.502329404653974	0.0	0.999274705349048	0.8980658809307949	0.9963735267452403	0.9767905711695376	0.9922030825022665	1.0005361552301724	0.2650951949229374	0.09815654276216379	0.9604714415231188	0.5813236627379873	CD1C;CLEC4C;NKG7	VCAN;FCGR3A		0.0	0.0	0.11495920217588396	0.0	0.0	0.6862641281353884
vaccination_study_04	Myeloid_lineage	7	Neutrophil	3	5515	0.5452660258835995	0.9871260199456029	1.0	0.0022846781504986405	0.4408068902991841	0.4430915684496827	0.5569084315503172	0.5569084315503172	0.0	0.9960108794197643	0.6280447265034753	0.9871260199456029	0.9546690843155031	0.9816863100634633	1.0960360295756346	0.0038077969174977336	0.0038077969174977336	0.986038077969175	0.9666364460562104	CD79A	FCN1;LST1		0.0	0.0	0.0	0.00036264732547597464	0.0	0.5572710788757932
vaccination_study_04	Myeloid_lineage	7	Non-Classical Monocyte	4	5515	0.5970029516385378	0.641885766092475	0.6604423334244409	0.5	0.048250226654578426	0.5482502266545785	0.11219210676986247	0.11219210676986247	0.0	0.9731640979147779	0.44947113931701427	0.641885766092475	0.20888485947416138	0.5097008159564823	1.0742262693278635	0.9902085222121487	0.7626926563916591	0.128558476881233	0.06455122393472348	S100A8;S100A9;VCAN;CD1C	NKG7;GNLY		0.0	0.0	0.08413417951042611	0.1611967361740707	0.0	0.40800353016061497
vaccination_study_04	Myeloid_lineage	7	Conventional DC 2	5	5515	0.7840308786800878	0.7840308786800878	0.6402804413067064	0.48338259292837715	0.4408068902991841	0.6	0.04028044130670638	0.04028044130670638	0.0	0.9989120580235721	0.6053188274403143	0.46491387126019945	0.15049864007252947	0.3379873073436083	1.7014662801860276	0.9871260199456029	0.49215775158658204	0.986038077969175	0.9666364460562104	CLEC4C;LILRA4;S100A8;S100A9	FCN1;LST1		0.0	0.0	0.14959202175883954	0.12384406165004533	0.0	0.40347173777089496
vaccination_study_04	Myeloid_lineage	7	Plasmacytoid DC	6	5515	0.47933096193143115	0.5909338168631006	0.5909338168631006	0.5	0.2142701722574796	0.6	0.0	0.0	0.0	0.7374433363553944	0.14941069809610152	0.5909338168631006	0.143064369900272	0.3900271985494107	0.9525958799440153	0.9874886672710789	0.7016621335750983	0.5945602901178604	0.23934723481414324	CD1C;FCN1;S100A8	MZB1;XBP1;PRDM1		0.0	0.0	0.0027198549410698096	0.0027198549410698096	0.0	0.007071622846781505
vaccination_study_04	Myeloid_lineage	7	Conventional DC 1	7	5515	0.504124725648982	0.504124725648982	0.13889392565729827	0.44001269265639165	0.44649138712601993	0.6	0.0	0.0	0.0	0.6333635539437896	0.16355394378966454	0.13889392565729827	0.001269265639165911	0.1327289211242067	0.7857764032657943	0.970806890299184	0.3232094288304624	0.9922030825022665	0.9922030825022665	CD1C;FCER1A;CLEC4C;S100A8	HLA-DRA		0.0	0.0	0.00036264732547597464	0.0	0.0	0.0005802357207615594
vaccination_study_04	Myeloid_lineage	7	Eosinophil	8	5515	0.4226367970937713	0.4226367970937713	0.46424199532524935	0.5	0.0	0.5	0.0	0.0	0.0	0.21160471441523118	0.07228770021154428	0.19184043517679056	0.19184043517679056	0.19184043517679056	1.322244499886673	0.9599274705349048	0.9599274705349048	0.0	0.0	S100A8			0.0	0.0	0.0	0.0	0.0	0.0
vaccination_study_04	Myeloid_lineage	7	Basophil	9	5515	0.27075607356391435	0.27075607356391435	0.17946149227879857	0.5	0.06082955575702629	0.5608295557570263	0.0	0.0	0.0	0.40072529465095197	0.10652765185856755	0.01214868540344515	0.01214868540344515	0.01214868540344515	1.6206564858876331	0.9563009972801451	0.9563009972801451	0.16155938349954668	0.08241160471441523	LST1	CLEC4C;FCER1A		0.0	0.0	0.0	0.0	0.0	0.0
vaccination_study_04	Myeloid_lineage	7	Mast Cell	10	5515	0.4886172708695981	0.4886172708695981	0.17946149227879857	0.5	0.0	0.5	0.0	0.0	0.0	0.017588395285584767	0.011151405258386218	0.01214868540344515	0.01214868540344515	0.01214868540344515	1.6206564858876331	0.9563009972801451	0.9563009972801451	0.0	0.0	LST1			0.0	0.0	0.0	0.0	0.0	0.0
vaccination_study_04	Myeloid_lineage	8	Conventional DC 2	1	4633	0.9614924695375766	0.9810058277573926	1.0	0.37933520397150877	0.4204888840923807	0.6	0.4	0.4	0.0	1.0	0.9374775163680841	0.9810058277573926	0.9248866824951435	0.9294193826894022	3.550460623360521	0.8124325491042521	0.3209583423267861	0.97884739909346	0.8455644290956184	CLEC4C;LILRA4;S100A8;S100A9	FCN1;LST1		0.0	0.0	0.9784157133606735	0.9751780703647744	0.0	2.940643211741852
vaccination_study_04	Myeloid_lineage	8	Classical Monocyte	2	4633	0.2355558919246197	0.79775523418951	1.0	0.3982300884955752	0.44970861213036906	0.6	0.4	0.4	0.0	0.9989207856680337	0.7791657673213901	0.79775523418951	0.5680984243470754	0.7232894452838333	0.8939362447779874	0.8774012518886251	0.2946255126268077	0.9993524714008202	0.9993524714008202	FCGR3A;MS4A7;CD1C;CLEC4C	HLA-DRA		0.0	0.0	0.06065184545650766	0.03323980142456292	0.0	0.5302827541549752
vaccination_study_04	Myeloid_lineage	8	Neutrophil	3	4633	0.20546431544690835	0.7804878048780488	0.8314267213468595	0.005957263112454133	0.4204888840923807	0.42644614720483487	0.4049805741420246	0.4049805741420246	0.0	0.9887761709475502	0.4842074969422261	0.7804878048780488	0.41571336067342973	0.7450895747895532	0.8689003172675819	0.009928771854090222	0.009928771854090222	0.97884739909346	0.8455644290956184	CD79A	FCN1;LST1		0.0	0.0	0.0	0.0	0.0	0.4049805741420246
vaccination_study_04	Myeloid_lineage	8	Intermediate Monocyte	4	4633	0.33986225686823585	0.9993524714008202	1.0	0.4034966544355709	0.20096050075545002	0.6	0.4	0.4	0.0	1.0	0.7399453198071804	0.9993524714008202	0.8096265918411396	0.9993524714008202	1.0034978208077407	0.8663932657025686	0.3375782430390675	0.5339952514569394	0.2717461687891215	CD1C;CLEC4C;NKG7	VCAN;FCGR3A		0.0	0.0	0.0002158428663932657	0.0	0.0	0.4003453485862292
vaccination_study_04	Myeloid_lineage	8	Plasmacytoid DC	5	4633	0.6453644138348597	0.7750917332182171	0.8362221478559383	0.4988977624289518	0.179743146988992	0.6	0.2362221478559383	0.2362221478559383	0.0	0.8922944096697604	0.23942369954672998	0.7750917332182171	0.32203755665875244	0.5441398661774228	1.2445216585508847	0.9283401683574358	0.6642204475142096	0.5042089358946686	0.18986977480394274	CD1C;FCN1;S100A8	MZB1;XBP1;PRDM1		0.0	0.0	0.02460608676883229	0.014893157781135334	0.0	0.2904850444672053
vaccination_study_04	Myeloid_lineage	8	Conventional DC 1	6	4633	0.6574131537122531	0.6574131537122531	0.6769371897258796	0.4924325491042521	0.44970861213036906	0.6	0.0769371897258796	0.0769371897258796	0.0	0.8217137923591625	0.2563349881286423	0.4269371897258796	0.013382257716382474	0.4146341463414634	2.3059028894577107	0.9717245845024822	0.5598963954241312	0.9993524714008202	0.9993524714008202	CD1C;FCER1A;CLEC4C;S100A8	HLA-DRA		0.0	0.0	0.005611914526224908	0.003669328728685517	0.0	0.08958558169652497
vaccination_study_04	Myeloid_lineage	8	Non-Classical Monocyte	7	4633	0.38689169757057446	0.38689169757057446	0.3762141161234621	0.5	0.05852039715087416	0.5585203971508742	0.0	0.0	0.0	0.9781998704942801	0.3665371609468307	0.3762141161234621	0.04683790200733866	0.29915821282106625	0.6364325940293822	0.9527304122598748	0.6345780271962012	0.15583854953593784	0.07845888193395209	S100A8;S100A9;VCAN;CD1C	NKG7;GNLY		0.0	0.0	0.0008633714655730628	0.0006475285991797971	0.0	0.002028922944096698
vaccination_study_04	Myeloid_lineage	8	Eosinophil	8	4633	0.4226367970937713	0.4226367970937713	0.240448953162098	0.27027843729764733	0.0	0.27027843729764733	0.0	0.0	0.0	0.1346859486293978	0.04597453054176559	0.120224476581049	0.120224476581049	0.120224476581049	0.8530926806568472	0.45046406216274554	0.45046406216274554	0.0	0.0	S100A8			0.0	0.0	0.0	0.0	0.0	0.0
vaccination_study_04	Myeloid_lineage	8	Basophil	9	4633	0.5670248997199727	0.5670248997199727	0.055571490252787584	0.5	0.35444096697604144	0.6	0.0	0.0	0.0	0.5620548240880638	0.1560543924023311	0.00604360025901144	0.00604360025901144	0.00604360025901144	1.1739371589390588	0.9678394129074034	0.9678394129074034	0.9389164688107058	0.4851068422188647	LST1	CLEC4C;FCER1A		0.0	0.0	0.0	0.0	0.0	0.0
vaccination_study_04	Myeloid_lineage	8	Mast Cell	10	4633	0.4886172708695981	0.4886172708695981	0.055571490252787584	0.5	0.0	0.5	0.0	0.0	0.0	0.09367580401467732	0.048780487804878044	0.00604360025901144	0.00604360025901144	0.00604360025901144	1.1739371589390588	0.9678394129074034	0.9678394129074034	0.0	0.0	LST1			0.0	0.0	0.0	0.0	0.0	0.0
vaccination_study_04	Myeloid_lineage	9	Plasmacytoid DC	1	2425	0.9754938318322864	0.9987628865979381	1.0	0.07976082474226805	0.3719381443298969	0.45169896907216495	0.5483010309278351	0.5483010309278351	0.0	0.9995876288659794	0.9431958762886598	0.9987628865979381	0.9896907216494846	0.9983505154639175	1.5990835307451856	0.1736082474226804	0.06268041237113402	0.9509278350515464	0.5777319587628866	CD1C;FCN1;S100A8	MZB1;XBP1;PRDM1		0.0	0.0	1.0	1.0	0.0	3.1483010309278354
vaccination_study_04	Myeloid_lineage	9	Intermediate Monocyte	2	2425	0.09526981003557103	0.9917525773195877	0.9917525773195877	0.41688247422680413	0.020164948453608247	0.43704742268041236	0.5547051546391752	0.5547051546391752	0.0	1.0	0.4109965635738832	0.9917525773195877	0.0688659793814433	0.9913402061855671	0.9959420091710959	0.8993814432989691	0.3414432989690721	0.05360824742268041	0.027216494845360824	CD1C;CLEC4C;NKG7	VCAN;FCGR3A		0.0	0.0	0.0	0.0	0.0	0.5547051546391752
vaccination_study_04	Myeloid_lineage	9	Conventional DC 2	3	2425	0.7605237266328616	0.7605237266328616	0.7992783505154639	0.49542886597938146	0.11935051546391753	0.6	0.19927835051546394	0.19927835051546394	0.0	1.0	0.5882474226804123	0.5492783505154639	0.0070103092783505155	0.5439175257731959	2.0037175416987503	0.9847422680412371	0.5510309278350516	0.3134020618556701	0.1688659793814433	CLEC4C;LILRA4;S100A8;S100A9	FCN1;LST1		0.0	0.0	0.0	0.0	0.0	0.19927835051546394
vaccination_study_04	Myeloid_lineage	9	Neutrophil	4	2425	0.05446151517444941	0.31587628865979384	0.31587628865979384	0.06061855670103093	0.11935051546391753	0.17996907216494845	0.13590721649484538	0.13590721649484538	0.0	0.6144329896907217	0.1422680412371134	0.31587628865979384	0.04288659793814433	0.2329896907216495	0.35820161786070825	0.10103092783505155	0.10103092783505155	0.3134020618556701	0.1688659793814433	CD79A	FCN1;LST1		0.0	0.0	0.0	0.0	0.0	0.13590721649484538
vaccination_study_04	Myeloid_lineage	9	Non-Classical Monocyte	5	2425	0.034193597214864146	0.09917525773195877	0.030103092783505155	0.15056494845360824	0.05211340206185566	0.2026783505154639	0.0	0.0	0.0	0.4841237113402062	0.09917525773195877	0.030103092783505155	0.0008247422680412372	0.011958762886597939	0.06608488479133737	0.3377319587628866	0.10103092783505155	0.13896907216494844	0.06948453608247422	S100A8;S100A9;VCAN;CD1C	NKG7;GNLY		0.0	0.0	0.0	0.0	0.0	0.0
vaccination_study_04	Myeloid_lineage	9	Classical Monocyte	6	2425	0.05396200711420571	0.23628865979381444	0.20412371134020618	0.3869855670103093	0.44610309278350513	0.6	0.0	0.0	0.0	0.9517525773195876	0.23628865979381444	0.20412371134020618	0.020618556701030927	0.12577319587628866	0.2369689954723112	0.8865979381443299	0.22762886597938142	0.9913402061855671	0.9913402061855671	FCGR3A;MS4A7;CD1C;CLEC4C	HLA-DRA		0.0	0.0	0.0	0.0	0.0	0.0
vaccination_study_04	Myeloid_lineage	9	Basophil	7	2425	0.9556951487171724	0.9556951487171724	0.002474226804123711	0.16701030927835053	0.38919587628865976	0.5562061855670103	0.0	0.0	0.0	0.963298969072165	0.24257731958762888	0.0012371134020618556	0.0012371134020618556	0.0012371134020618556	0.8222384482861298	0.27835051546391754	0.27835051546391754	0.9402061855670103	0.7142268041237113	LST1	CLEC4C;FCER1A		0.0	0.0	0.0	0.0	0.0	0.0
vaccination_study_04	Myeloid_lineage	9	Eosinophil	8	2425	0.4226367970937713	0.4226367970937713	0.004948453608247422	0.0754639175257732	0.0	0.0754639175257732	0.0	0.0	0.0	0.013608247422680412	0.004536082474226804	0.002474226804123711	0.002474226804123711	0.002474226804123711	0.08171790636323456	0.12577319587628866	0.12577319587628866	0.0	0.0	S100A8			0.0	0.0	0.0	0.0	0.0	0.0
vaccination_study_04	Myeloid_lineage	9	Mast Cell	9	2425	0.4886172708695981	0.4886172708695981	0.002474226804123711	0.16701030927835053	0.0	0.16701030927835053	0.0	0.0	0.0	0.006597938144329897	0.0032989690721649486	0.0012371134020618556	0.0012371134020618556	0.0012371134020618556	0.8222384482861298	0.27835051546391754	0.27835051546391754	0.0	0.0	LST1			0.0	0.0	0.0	0.0	0.0	0.0
vaccination_study_04	Myeloid_lineage	9	Conventional DC 1	10	2425	0.9333837886929539	0.9333837886929539	0.01154639175257732	0.4449567010309278	0.44610309278350513	0.6	0.0	0.0	0.0	0.9863917525773196	0.2055257731958763	0.01154639175257732	0.0004123711340206186	0.0070103092783505155	0.11370944879017028	0.9455670103092784	0.3892783505154639	0.9913402061855671	0.9913402061855671	CD1C;FCER1A;CLEC4C;S100A8	HLA-DRA		0.0	0.0	0.0	0.0	0.0	0.0
