study	broad_lineage	cluster	n_cells	chosen_label	accepted	best_candidate_before_parent_fallback	best_total_score	second_total_score	score_margin	marker_pct	marker_winner_fraction	source_fraction	source_count_mean	marker_availability	cluster_reason	top_celltypist_label	top_azimuth_pbmc_l2_label	top_azimuth_pbmc_l3_label	top_panhuman_fine_label	top_panhuman_medium_label	top_cluster_consensus_label	top_screfmapping_label	median_n_genes_by_counts	median_total_counts	median_pct_counts_mt
infection_study_01	B	B_lineage:0	475	Naive B Cell	True	Naive B Cell	2.495431835542538	0.3972361809045226	2.0981956546380154	0.9669543369019008	0.3578947368421052	0.7046616541353382	4.932631578947368	1.0	cluster_consensus_marker_source_support	Naive B Cell:473; Memory B Cell:2	Naive B Cell:473; B Cell:2	Blood Cell:475	Naive B Cell:450; Memory B Cell:21; Blood Cell:4	B Cell:471; Blood Cell:4	Naive B Cell:474; B Cell:1	Naive B Cell:473; Plasma Cell:2	1560.0	5217.0	8.101892471313477
infection_study_01	B	B_lineage:1	432	Naive B Cell	True	Naive B Cell	2.746389737102813	0.3479382621642836	2.398451474938529	0.975302235816765	0.6574074074074074	0.7066798941798941	4.94675925925926	1.0	cluster_consensus_marker_source_support	Naive B Cell:422; Blood Cell:8; B Cell:1; Memory B Cell:1	Naive B Cell:429; B Cell:3	Blood Cell:432	Naive B Cell:427; Memory B Cell:5	B Cell:432	Naive B Cell:430; B Cell:2	Naive B Cell:429; Plasma Cell:2; Memory B Cell:1	1690.0	5167.5	7.686362266540527
infection_study_01	B	B_lineage:10	246	Naive B Cell	True	Naive B Cell	2.4100485923278967	0.4824776054183963	1.9275709869095004	0.9454792076323648	0.3821138211382114	0.6596980255516838	4.617886178861789	1.0	cluster_consensus_marker_source_support	Naive B Cell:235; Memory B Cell:11	Naive B Cell:227; B Cell:18; Memory B Cell:1	Blood Cell:246	Naive B Cell:207; Memory B Cell:32; Blood Cell:7	B Cell:239; Blood Cell:7	Naive B Cell:235; B Cell:11	Naive B Cell:232; Memory B Cell:13; Plasma Cell:1	1358.5	4567.0	7.108139514923096
infection_study_01	B	B_lineage:11	240	Naive B Cell	True	Naive B Cell	2.3212074867089068	0.4584880926370985	1.8627193940718083	0.944860170417304	0.275	0.6583333333333332	4.608333333333333	1.0	cluster_consensus_marker_source_support	Naive B Cell:200; Blood Cell:40	Naive B Cell:237; B Cell:3	Blood Cell:240	Naive B Cell:190; Memory B Cell:43; Blood Cell:7	B Cell:233; Blood Cell:7	Naive B Cell:240	Naive B Cell:239; Memory B Cell:1	1703.0	6001.0	7.186684608459473
infection_study_01	B	B_lineage:12	227	Naive B Cell	True	Naive B Cell	2.315490592206387	0.4646888470040574	1.8508017452023295	0.951132473964023	0.4537444933920704	0.5770925110132159	4.039647577092511	1.0	cluster_consensus_marker_source_support	Naive B Cell:187; Memory B Cell:37; B Cell:2; NK Cell:1	Naive B Cell:182; B Cell:29; Memory B Cell:16	Blood Cell:227	Naive B Cell:169; Memory B Cell:57; Blood Cell:1	B Cell:226; Blood Cell:1	Naive B Cell:190; B Cell:37	Naive B Cell:189; Memory B Cell:38	1916.0	5700.0	4.948096752166748
infection_study_01	B	B_lineage:13	224	Memory B Cell	True	Memory B Cell	1.7517822168740775	0.8495457266367328	0.9022364902373448	0.9732812613793606	0.3571428571428571	0.3105867346938775	2.174107142857143	1.0	cluster_consensus_marker_source_support	B Cell:169; Memory B Cell:40; Naive B Cell:14; Blood Cell:1	B Cell:209; Memory B Cell:12; Naive B Cell:3	Blood Cell:224	Memory B Cell:215; Naive B Cell:6; Blood Cell:3	B Cell:221; Blood Cell:3	B Cell:221; Naive B Cell:3	Memory B Cell:220; Naive B Cell:4	1953.5	7388.5	7.9520978927612305
infection_study_01	B	B_lineage:14	220	Naive B Cell	True	Naive B Cell	2.5110475301408224	0.3949830675114704	2.116064462629352	0.9738911951059646	0.4454545454545454	0.6727272727272726	4.709090909090909	1.0	cluster_consensus_marker_source_support	Naive B Cell:213; Memory B Cell:6; B Cell:1	Naive B Cell:208; B Cell:12	Blood Cell:220	Naive B Cell:195; Memory B Cell:23; Blood Cell:2	B Cell:218; Blood Cell:2	Naive B Cell:211; B Cell:9	Naive B Cell:209; Memory B Cell:11	1538.0	5129.0	7.828893661499023
infection_study_01	B	B_lineage:15	210	Naive B Cell	True	Naive B Cell	2.000621307513611	0.5702911035508806	1.43033020396273	0.9306223144709052	0.1952380952380952	0.5299319727891156	3.7095238095238097	1.0	cluster_consensus_marker_source_support	Naive B Cell:150; Memory B Cell:54; B Cell:3; NK Cell:2	Naive B Cell:143; B Cell:30; Memory B Cell:30; CD4 Naive / T Central Memory:7	Blood Cell:208; HSC:1; Treg:1	Naive B Cell:148; Memory B Cell:59; Blood Cell:2; B Cell:1	B Cell:207; Blood Cell:3	Naive B Cell:171; B Cell:39	Naive B Cell:167; Memory B Cell:39; Plasma Cell:2; not_available:1	727.5	1852.0	8.402738571166992
infection_study_01	B	B_lineage:16	212	Memory B Cell	True	Memory B Cell	1.8617623156212328	0.8918744740342991	0.9698878415869338	0.9551926298157454	0.3867924528301887	0.3645552560646899	2.55188679245283	1.0	cluster_consensus_marker_source_support	Memory B Cell:105; B Cell:87; Naive B Cell:20	B Cell:181; Memory B Cell:28; Naive B Cell:3	Blood Cell:212	Memory B Cell:209; Blood Cell:2; Naive B Cell:1	B Cell:210; Blood Cell:2	B Cell:205; Naive B Cell:7	Memory B Cell:199; Naive B Cell:13	2676.0	11593.0	8.650165557861328
infection_study_01	B	B_lineage:17	209	Memory B Cell	True	Memory B Cell	2.642003521873984	0.8074725988108692	1.8345309230631148	0.9924441045808754	0.8564593301435407	0.5598086124401912	3.91866028708134	1.0	cluster_consensus_marker_source_support	Memory B Cell:205; B Cell:4	Memory B Cell:200; B Cell:9	Blood Cell:209	Memory B Cell:205; Naive B Cell:3; Blood Cell:1	B Cell:208; Blood Cell:1	B Cell:209	Memory B Cell:209	2471.0	9079.0	7.461902618408203
infection_study_01	B	B_lineage:18	162	Naive B Cell	True	Naive B Cell	2.288699704912108	0.5247192416726683	1.7639804632394394	0.9517788216444542	0.1481481481481481	0.691358024691358	4.839506172839506	1.0	cluster_consensus_marker_source_support	Naive B Cell:159; Memory B Cell:3	Naive B Cell:157; B Cell:5	Blood Cell:162	Naive B Cell:152; Memory B Cell:10	B Cell:162	Naive B Cell:158; B Cell:4	Naive B Cell:158; Memory B Cell:3; Plasma Cell:1	1092.0	3523.0	9.529658317565918
infection_study_01	B	B_lineage:19	149	Naive B Cell	True	Naive B Cell	2.411442566536463	0.4746583992328143	1.936784167303649	0.952843929793897	0.3825503355704698	0.6567593480345159	4.597315436241611	1.0	cluster_consensus_marker_source_support	Naive B Cell:142; Memory B Cell:7	Naive B Cell:140; B Cell:7; Memory B Cell:2	Blood Cell:149	Naive B Cell:119; Memory B Cell:29; Blood Cell:1	B Cell:148; Blood Cell:1	Naive B Cell:143; B Cell:6	Naive B Cell:141; Memory B Cell:6; Plasma Cell:2	1343.0	4962.0	9.19874668121338
infection_study_01	B	B_lineage:2	402	Naive B Cell	True	Naive B Cell	2.580434303171244	0.4030860825868473	2.177348220584397	0.9722980846260288	0.4850746268656716	0.6933191186922529	4.853233830845771	1.0	cluster_consensus_marker_source_support	Naive B Cell:394; Memory B Cell:8	Naive B Cell:395; B Cell:6; Memory B Cell:1	Blood Cell:402	Naive B Cell:373; Memory B Cell:27; Blood Cell:2	B Cell:400; Blood Cell:2	Naive B Cell:395; B Cell:7	Naive B Cell:394; Memory B Cell:8	1626.0	5284.5	7.654861450195312
infection_study_01	B	B_lineage:20	132	Naive B Cell	True	Naive B Cell	1.942280312724927	0.7426755341737863	1.1996047785511408	0.942120020391814	0.2575757575757575	0.4675324675324676	3.272727272727273	1.0	cluster_consensus_marker_source_support	Naive B Cell:89; Memory B Cell:31; B Cell:11; CD4 Naive / T Central Memory:1	Naive B Cell:88; Memory B Cell:23; B Cell:18; Platelet:3	Blood Cell:129; Platelet:3	Naive B Cell:72; Memory B Cell:57; Blood Cell:3	B Cell:129; Blood Cell:3	Naive B Cell:93; B Cell:39	Naive B Cell:90; Memory B Cell:42	1629.0	5579.0	7.756122589111328
infection_study_01	B	B_lineage:21	127	Plasma Cell	True	Plasma Cell	2.2417920347077	1.8333555892633804	0.4084364454443197	0.998816546500619	0.4015748031496063	0.5376827896512936	3.763779527559055	1.0	cluster_consensus_marker_source_support	Plasma Cell:72; Plasmablast:53; Blood Cell:1; Memory B Cell:1	Plasmablast:126; CD4 Naive / T Central Memory:1	Plasma Cell:81; Plasmablast:46	Plasma Cell:124; Blood Cell:3	B Cell:124; Blood Cell:3	Plasma Cell:84; NK Cell:43	Plasma Cell:117; Memory B Cell:7; Naive B Cell:3	4233.0	40279.0	7.661096572875977
infection_study_01	B	B_lineage:22	118	Naive B Cell	True	Naive B Cell	2.739759216918363	0.4655381272612139	2.274221089657149	0.9742280241788652	0.6610169491525424	0.7021791767554475	4.915254237288136	1.0	cluster_consensus_marker_source_support	Naive B Cell:117; Memory B Cell:1	Naive B Cell:116; B Cell:1; Memory B Cell:1	Blood Cell:118	Naive B Cell:114; Memory B Cell:4	B Cell:118	Naive B Cell:117; B Cell:1	Naive B Cell:116; Memory B Cell:2	1595.5	5177.5	7.377343654632568
infection_study_01	B	B_lineage:23	117	Memory B Cell	True	Memory B Cell	2.42501796688491	0.9063313728487422	1.5186865940361676	0.9866906998761924	0.7264957264957265	0.5030525030525029	3.5213675213675213	1.0	cluster_consensus_marker_source_support	Memory B Cell:111; Naive B Cell:4; B Cell:2	Memory B Cell:78; B Cell:27; Naive B Cell:12	Blood Cell:117	Memory B Cell:111; Naive B Cell:6	B Cell:117	B Cell:114; Naive B Cell:3	Memory B Cell:112; Naive B Cell:5	2178.0	7449.0	6.304768562316895
infection_study_01	B	B_lineage:24	95	Naive B Cell	True	Naive B Cell	2.563067084359358	0.4105746121913917	2.152492472167966	0.9626392833733888	0.631578947368421	0.6270676691729323	4.389473684210526	1.0	cluster_consensus_marker_source_support	Naive B Cell:89; B Cell:3; Blood Cell:2; Memory B Cell:1	Naive B Cell:92; B Cell:3	Blood Cell:95	Naive B Cell:63; Memory B Cell:29; Blood Cell:3	B Cell:92; Blood Cell:3	Naive B Cell:87; B Cell:8	Naive B Cell:86; Memory B Cell:9	2068.0	7949.0	6.565732479095459
infection_study_01	B	B_lineage:25	93	Memory B Cell	True	Memory B Cell	1.620069634554929	1.3179987545420957	0.3020708800128335	0.8787597407326487	0.3870967741935484	0.2734254992319508	1.913978494623656	1.0	cluster_consensus_marker_source_support	Naive B Cell:35; Memory B Cell:30; B Cell:16; CD8 Cytotoxic / T Effector Memory:4	B Cell:36; Naive B Cell:30; Memory B Cell:23; CD8 Cytotoxic / T Effector Memory:2	Blood Cell:92; CD4 Naive / T Central Memory:1	Memory B Cell:64; Naive B Cell:25; Blood Cell:4	B Cell:89; Blood Cell:4	B Cell:82; Naive B Cell:10; Classical Monocyte:1	Memory B Cell:61; Naive B Cell:31; not_available:1	2537.0	10440.0	8.676470756530762
infection_study_01	B	B_lineage:26	28	B Cell	False	Plasmablast	1.6460769909886612	1.569999230848118	0.0760777601405431	0.9973417813706212	0.5357142857142857	0.1683673469387755	1.1785714285714286	1.0	cluster_parent_insufficient_consensus	Plasmablast:26; Memory B Cell:1; Plasma Cell:1	CD4 Naive / T Central Memory:20; Plasmablast:6; Treg:2	Blood Cell:17; Treg:8; Plasma Cell:2; Plasmablast:1	Plasma Cell:26; Blood Cell:2	B Cell:26; Blood Cell:2	NK Cell:27; Plasma Cell:1	Memory B Cell:14; Naive B Cell:10; Plasma Cell:4	543.5	1081.0	7.681288719177246
infection_study_01	B	B_lineage:27	32	Naive B Cell	True	Naive B Cell	1.688994467680015	0.7288111754424295	0.9601832922375856	0.9351922656762072	0.0625	0.4196428571428571	2.9375	1.0	cluster_consensus_marker_source_support	Naive B Cell:20; Memory B Cell:10; B Cell:2	Naive B Cell:20; Memory B Cell:7; B Cell:5	Blood Cell:32	Naive B Cell:19; Memory B Cell:13	B Cell:32	Naive B Cell:15; Blood Cell:11; B Cell:6	Naive B Cell:20; Memory B Cell:12	1667.0	7033.0	7.0496134757995605
infection_study_01	B	B_lineage:3	371	Naive B Cell	True	Naive B Cell	2.6425182554213533	0.3653121313823306	2.2772061240390227	0.9677918578399244	0.6469002695417789	0.6599922988063149	4.619946091644205	1.0	cluster_consensus_marker_source_support	Naive B Cell:357; Memory B Cell:12; B Cell:2	Naive B Cell:344; B Cell:26; Memory B Cell:1	Blood Cell:371	Naive B Cell:310; Memory B Cell:52; Blood Cell:9	B Cell:362; Blood Cell:9	Naive B Cell:348; B Cell:23	Naive B Cell:355; Memory B Cell:16	1687.0	5849.0	6.473684310913086
infection_study_01	B	B_lineage:4	365	Naive B Cell	True	Naive B Cell	2.5738122587753707	0.4733750273104654	2.1004372314649054	0.95972616706722	0.4904109589041096	0.6935420743639921	4.854794520547945	1.0	cluster_consensus_marker_source_support	Naive B Cell:363; Memory B Cell:2	Naive B Cell:362; B Cell:3	Blood Cell:365	Naive B Cell:323; Memory B Cell:35; Blood Cell:7	B Cell:358; Blood Cell:7	Naive B Cell:360; B Cell:5	Naive B Cell:364; Memory B Cell:1	1477.0	5257.0	7.320099353790283
infection_study_01	B	B_lineage:5	360	Memory B Cell	True	Memory B Cell	2.121124610283994	0.9390435961727202	1.182081014111274	0.9686657927317748	0.475	0.4575396825396824	3.202777777777778	1.0	cluster_consensus_marker_source_support	Memory B Cell:315; Naive B Cell:41; B Cell:4	Memory B Cell:174; B Cell:158; Naive B Cell:28	Blood Cell:360	Memory B Cell:342; Naive B Cell:15; Blood Cell:3	B Cell:357; Blood Cell:3	B Cell:344; Naive B Cell:16	Memory B Cell:322; Naive B Cell:37; Plasma Cell:1	1613.0	5835.0	7.300515651702881
infection_study_01	B	B_lineage:6	351	Memory B Cell	True	Memory B Cell	2.0560643282950477	0.8882639116198217	1.1678004166752256	0.9393343529240404	0.4017094017094017	0.468050468050468	3.276353276353277	1.0	cluster_consensus_marker_source_support	Memory B Cell:334; Naive B Cell:13; B Cell:4	B Cell:222; Memory B Cell:123; Naive B Cell:5; CD4 Naive / T Central Memory:1	Blood Cell:351	Memory B Cell:350; Naive B Cell:1	B Cell:351	B Cell:347; Naive B Cell:3; NK Cell:1	Memory B Cell:343; Naive B Cell:8	1789.0	6992.0	7.294157981872559
infection_study_01	B	B_lineage:7	302	Memory B Cell	True	Memory B Cell	2.6208949140833946	0.8078525261741226	1.813042387909272	0.9880016022139684	0.8344370860927153	0.5600756859035003	3.9205298013245033	1.0	cluster_consensus_marker_source_support	Memory B Cell:298; B Cell:3; Naive B Cell:1	Memory B Cell:282; B Cell:18; Naive B Cell:2	Blood Cell:302	Memory B Cell:302	B Cell:302	B Cell:302	Memory B Cell:302	1993.5	7568.0	7.892683029174805
infection_study_01	B	B_lineage:8	296	Memory B Cell	True	Memory B Cell	1.786730382650199	0.9580918694530232	0.8286385131971759	0.965843711310174	0.2871621621621621	0.3619691119691118	2.533783783783784	1.0	cluster_consensus_marker_source_support	Memory B Cell:173; B Cell:83; Naive B Cell:39; Blood Cell:1	B Cell:276; Memory B Cell:16; Naive B Cell:4	Blood Cell:296	Memory B Cell:285; Naive B Cell:9; Blood Cell:2	B Cell:294; Blood Cell:2	B Cell:291; Naive B Cell:5	Memory B Cell:276; Naive B Cell:20	1873.0	7143.5	8.73975944519043
infection_study_01	B	B_lineage:9	281	Naive B Cell	True	Naive B Cell	2.3791504854126293	0.4487831778418629	1.9303673075707664	0.9516968902483433	0.2491103202846975	0.6964921199796645	4.875444839857651	1.0	cluster_consensus_marker_source_support	Naive B Cell:277; Blood Cell:2; Memory B Cell:2	Naive B Cell:274; B Cell:5; Memory B Cell:2	Blood Cell:281	Naive B Cell:266; Memory B Cell:10; Blood Cell:5	B Cell:276; Blood Cell:5	Naive B Cell:275; B Cell:6	Naive B Cell:278; Memory B Cell:3	1343.0	4173.0	7.048851013183594
infection_study_01	B	leiden:22	1	B Cell	False	Naive B Cell	0.8304238584225476	0.6221667342925808	0.2082571241299667	0.9226931760250529	0.0	0.0	0.0	1.0	cluster_parent_insufficient_consensus	Blood Cell:1	B Cell:1	Blood Cell:1	Memory B Cell:1	B Cell:1	Classical Monocyte:1	Memory B Cell:1	753.0	1449.0	6.694272041320801
infection_study_01	B	leiden:33	2	Plasmablast	True	Plasmablast	1.2371750054620931	1.1079399325821655	0.1292350728799276	0.9301944505134369	0.5	0.0	0.0	1.0	cluster_consensus_marker_source_support	MAIT Cell:1; NK Cell:1	B Cell:2	Blood Cell:2	Blood Cell:1; Naive B Cell:1	Blood Cell:1; B Cell:1	B Cell:2	Memory B Cell:1; Naive B Cell:1	2924.5	10619.5	7.529469490051269
infection_study_01	B	leiden:8	1	Memory B Cell	True	Memory B Cell	1.9695441493180188	0.7939807734323794	1.1755633758856394	0.9979061976549414	1.0	0.1428571428571428	1.0	1.0	cluster_consensus_marker_source_support	CD8 Cytotoxic / T Effector Memory:1	B Cell:1	Blood Cell:1	Blood Cell:1	Blood Cell:1	B Cell:1	Memory B Cell:1	4150.0	19223.0	9.374187469482422
infection_study_01	T/NK	T_NK_lineage:0	1627	CD4 Naive / T Central Memory	True	CD4 Naive / T Central Memory	2.3133699266871908	1.2197909089285448	1.093579017758646	0.9593438205520356	0.3110018438844499	0.6321889542541047	4.425322679778734	1.0	cluster_consensus_marker_source_support	CD4 Naive / T Central Memory:1331; CD8 Naive / T Central Memory:268; Treg:15; CD8 Cytotoxic / T Effector Memory:8	CD4 Naive / T Central Memory:1274; CD8 Naive / T Central Memory:318; Treg:18; CD4 T Effector Memory:9	Blood Cell:908; CD4 Naive / T Central Memory:413; CD8 Naive / T Central Memory:290; Treg:15	CD4 Naive / T Central Memory:1188; CD8 Naive / T Central Memory:321; CD4 T Effector Memory:59; Blood Cell:28	T Cell:1602; Blood Cell:25	CD4 Naive / T Central Memory:1603; CD4 T Effector Memory:24	CD4 Naive / T Central Memory:1391; not_available:204; Treg:27; CD4 T Effector Memory:5	1555.0	5966.0	6.90013313293457
infection_study_01	T/NK	T_NK_lineage:1	1482	NK Cell	True	NK Cell	1.767889264639894	1.0987733915425866	0.6691158730973075	0.889101303619547	0.068825910931174	0.4803354540196645	3.362348178137652	1.0	cluster_consensus_marker_source_support	NK Cell:1026; CD8 Cytotoxic / T Effector Memory:452; ydT Cell:3; Blood Cell:1	NK Cell:987; ydT Cell:267; CD8 Cytotoxic / T Effector Memory:224; CD4 T Effector Memory:4	Blood Cell:1478; CD4 T Effector Memory:4	NK Cell:786; CD8 Cytotoxic / T Effector Memory:630; Blood Cell:63; Lymphoid Cell:2	NK Cell:786; T Cell:632; Blood Cell:62; Lymphoid Cell:2	NK Cell:1398; CD8 Cytotoxic / T Effector Memory:80; MAIT Cell:4	not_available:1482	1677.5	4516.5	7.692307949066162
infection_study_01	T/NK	T_NK_lineage:10	840	CD4 T Effector Memory	True	CD4 T Effector Memory	1.6819053935753894	1.1094668625588753	0.5724385310165141	0.959562304274998	0.3523809523809524	0.282312925170068	1.9761904761904765	1.0	cluster_consensus_marker_source_support	CD8 Cytotoxic / T Effector Memory:480; CD4 T Effector Memory:190; CD4 Naive / T Central Memory:131; CD8 Naive / T Central Memory:13	CD8 Cytotoxic / T Effector Memory:343; CD4 Naive / T Central Memory:239; CD4 T Effector Memory:198; CD8 Naive / T Central Memory:49	Blood Cell:815; CD4 T Effector Memory:17; MAIT Cell:6; Lymphoid Cell:1	CD8 Cytotoxic / T Effector Memory:393; CD4 T Effector Memory:367; Blood Cell:34; CD8 Naive / T Central Memory:22	T Cell:808; Blood Cell:32	CD4 T Effector Memory:756; CD8 Cytotoxic / T Effector Memory:60; MAIT Cell:13; CD4 Naive / T Central Memory:10	not_available:455; CD4 Naive / T Central Memory:252; CD4 T Effector Memory:132; Treg:1	1519.5	5269.5	8.792981147766113
infection_study_01	T/NK	T_NK_lineage:11	814	NK Cell	True	NK Cell	2.386046361417783	0.8038433608594195	1.5822030005583636	0.9313779040128176	0.2616707616707617	0.7044577044577044	4.931203931203931	1.0	cluster_consensus_marker_source_support	NK Cell:805; CD8 Cytotoxic / T Effector Memory:8; ydT Cell:1	NK Cell:799; CD8 Cytotoxic / T Effector Memory:9; ydT Cell:6	Blood Cell:798; NK Cell:16	NK Cell:793; CD8 Cytotoxic / T Effector Memory:13; Blood Cell:5; Lymphoid Cell:3	NK Cell:793; T Cell:14; Blood Cell:4; Lymphoid Cell:3	NK Cell:808; CD8 Cytotoxic / T Effector Memory:6	not_available:814	1892.0	5138.0	6.989496231079102
infection_study_01	T/NK	T_NK_lineage:12	708	CD8 Cytotoxic / T Effector Memory	True	CD8 Cytotoxic / T Effector Memory	1.1216458560479698	0.7010162226368535	0.4206296334111163	0.7319022649479281	0.1200564971751412	0.1930992736077481	1.3516949152542372	1.0	cluster_consensus_marker_source_support	CD8 Cytotoxic / T Effector Memory:253; NK Cell:195; CD4 Naive / T Central Memory:162; CD4 T Effector Memory:43	CD4 Naive / T Central Memory:199; CD8 Cytotoxic / T Effector Memory:189; NK Cell:111; Platelet:107	Blood Cell:516; Platelet:118; CD4 T Effector Memory:24; CD8 Naive / T Central Memory:20	CD8 Cytotoxic / T Effector Memory:267; NK Cell:169; CD4 T Effector Memory:95; CD4 Naive / T Central Memory:89	T Cell:512; NK Cell:169; Blood Cell:27	CD8 Cytotoxic / T Effector Memory:248; NK Cell:182; CD4 Naive / T Central Memory:135; CD4 T Effector Memory:124	not_available:476; CD4 Naive / T Central Memory:190; CD4 T Effector Memory:35; Treg:7	1783.0	5406.5	7.084497451782227
infection_study_01	T/NK	T_NK_lineage:13	711	CD8 Cytotoxic / T Effector Memory	True	CD8 Cytotoxic / T Effector Memory	1.4593635189865517	0.7781614302786481	0.6812020887079033	0.7904923166557425	0.0492264416315049	0.3729154108900944	2.610407876230661	1.0	cluster_consensus_marker_source_support	CD8 Cytotoxic / T Effector Memory:543; NK Cell:159; ydT Cell:5; CD4 T Effector Memory:2	CD8 Cytotoxic / T Effector Memory:396; NK Cell:235; CD4 T Effector Memory:39; ydT Cell:26	Blood Cell:668; CD4 T Effector Memory:42; MAIT Cell:1	CD8 Cytotoxic / T Effector Memory:481; NK Cell:208; Blood Cell:16; CD4 T Effector Memory:4	T Cell:487; NK Cell:208; Blood Cell:16	CD8 Cytotoxic / T Effector Memory:436; NK Cell:262; CD4 T Effector Memory:11; MAIT Cell:2	not_available:708; CD4 T Effector Memory:3	1880.0	5326.0	7.83442497253418
infection_study_01	T/NK	T_NK_lineage:14	720	T Cell	False	CD4 T Effector Memory	1.4951588038536363	1.3598135302114436	0.1353452736421929	0.9272267132765276	0.1986111111111111	0.2640873015873015	1.8486111111111112	1.0	cluster_parent_insufficient_consensus	CD4 Naive / T Central Memory:324; CD8 Cytotoxic / T Effector Memory:226; CD4 T Effector Memory:134; Treg:13	CD4 Naive / T Central Memory:362; CD4 T Effector Memory:142; CD8 Cytotoxic / T Effector Memory:135; CD8 Naive / T Central Memory:68	Blood Cell:705; Treg:7; MAIT Cell:4; CD4 T Effector Memory:2	CD4 T Effector Memory:364; CD8 Cytotoxic / T Effector Memory:160; CD4 Naive / T Central Memory:82; CD8 Naive / T Central Memory:39	T Cell:691; Blood Cell:29	CD4 T Effector Memory:515; CD4 Naive / T Central Memory:156; CD8 Cytotoxic / T Effector Memory:45; MAIT Cell:4	CD4 Naive / T Central Memory:343; not_available:192; CD4 T Effector Memory:174; Treg:11	1605.5	5449.0	8.179726600646973
infection_study_01	T/NK	T_NK_lineage:15	648	CD8 Cytotoxic / T Effector Memory	True	CD8 Cytotoxic / T Effector Memory	2.0277921892261705	0.5971823691727559	1.4306098200534143	0.9447054111135388	0.3734567901234568	0.4625220458553791	3.2376543209876543	1.0	cluster_consensus_marker_source_support	CD8 Cytotoxic / T Effector Memory:572; Treg:33; NK Cell:16; CD4 Naive / T Central Memory:15	CD8 Cytotoxic / T Effector Memory:366; CD8 Naive / T Central Memory:163; CD4 Naive / T Central Memory:73; T Cell:21	Blood Cell:638; CD4 T Effector Memory:8; NK Cell:2	CD8 Cytotoxic / T Effector Memory:527; Treg:52; Blood Cell:35; Lymphoid Cell:13	T Cell:595; Blood Cell:35; Lymphoid Cell:13; NK Cell:5	CD8 Cytotoxic / T Effector Memory:633; NK Cell:8; CD4 T Effector Memory:6; MAIT Cell:1	not_available:592; CD4 Naive / T Central Memory:31; CD4 T Effector Memory:22; Treg:3	2516.5	8318.5	6.80898380279541
infection_study_01	T/NK	T_NK_lineage:16	639	NK Cell	True	NK Cell	2.268446724089836	0.7734692291832709	1.4949774949065646	0.9018461874590344	0.1314553990610328	0.7113793874357255	4.979655712050079	1.0	cluster_consensus_marker_source_support	NK Cell:639	NK Cell:631; CD8 Cytotoxic / T Effector Memory:6; MAIT Cell:2	Blood Cell:636; MAIT Cell:2; NK Cell:1	NK Cell:638; Blood Cell:1	NK Cell:639	NK Cell:634; CD8 Cytotoxic / T Effector Memory:5	not_available:639	1868.0	4848.0	5.414012908935547
infection_study_01	T/NK	T_NK_lineage:17	636	CD4 Naive / T Central Memory	True	CD4 Naive / T Central Memory	2.292364256435896	1.0940902876623833	1.1982739687735129	0.9569496030879032	0.2893081761006289	0.6314016172506738	4.419811320754717	1.0	cluster_consensus_marker_source_support	CD4 Naive / T Central Memory:566; CD8 Naive / T Central Memory:56; CD8 Cytotoxic / T Effector Memory:7; Treg:5	CD4 Naive / T Central Memory:560; CD8 Naive / T Central Memory:64; CD4 T Effector Memory:4; CD8 Cytotoxic / T Effector Memory:4	Blood Cell:517; CD4 Naive / T Central Memory:62; CD8 Naive / T Central Memory:55; Lymphoid Cell:1	CD4 Naive / T Central Memory:467; CD4 T Effector Memory:75; CD8 Naive / T Central Memory:61; Treg:15	T Cell:625; Blood Cell:11	CD4 Naive / T Central Memory:580; CD4 T Effector Memory:56	CD4 Naive / T Central Memory:576; not_available:48; Treg:10; CD4 T Effector Memory:2	1451.5	5707.5	6.637660503387451
infection_study_01	T/NK	T_NK_lineage:18	531	NK Cell	True	NK Cell	1.7821643352037584	0.7418118904520145	1.0403524447517438	0.8677263127230355	0.0470809792843691	0.5071294054344901	3.5499058380414312	1.0	cluster_consensus_marker_source_support	NK Cell:390; CD4 Naive / T Central Memory:73; CD8 Cytotoxic / T Effector Memory:48; Treg:11	NK Cell:362; CD4 Naive / T Central Memory:92; CD8 Cytotoxic / T Effector Memory:64; Treg:7	Blood Cell:513; Treg:12; CD4 T Effector Memory:3; Lymphoid Cell:2	NK Cell:364; Blood Cell:68; CD8 Cytotoxic / T Effector Memory:36; CD4 Naive / T Central Memory:28	NK Cell:364; T Cell:151; Blood Cell:16	NK Cell:404; CD4 Naive / T Central Memory:89; CD8 Cytotoxic / T Effector Memory:32; CD4 T Effector Memory:6	not_available:431; CD4 Naive / T Central Memory:75; CD4 T Effector Memory:15; Treg:10	1146.0	2333.0	9.047618865966797
infection_study_01	T/NK	T_NK_lineage:19	585	CD8 Cytotoxic / T Effector Memory	True	CD8 Cytotoxic / T Effector Memory	2.3040207074017425	0.5678591769699481	1.7361615304317943	0.9427390576068748	0.5487179487179488	0.5350427350427348	3.745299145299145	1.0	cluster_consensus_marker_source_support	CD8 Cytotoxic / T Effector Memory:540; NK Cell:37; Blood Cell:3; MAIT Cell:2	CD8 Cytotoxic / T Effector Memory:526; CD4 T Effector Memory:31; NK Cell:16; ydT Cell:8	Blood Cell:552; CD4 T Effector Memory:32; MAIT Cell:1	CD8 Cytotoxic / T Effector Memory:560; Blood Cell:11; NK Cell:10; CD4 T Effector Memory:3	T Cell:564; Blood Cell:11; NK Cell:10	CD8 Cytotoxic / T Effector Memory:565; CD4 T Effector Memory:9; NK Cell:7; MAIT Cell:4	not_available:582; CD4 T Effector Memory:3	1754.0	5461.0	7.805194854736328
infection_study_01	T/NK	T_NK_lineage:2	1290	NK Cell	True	NK Cell	2.190148875607272	0.9829826542554364	1.207166221351836	0.9415829145728642	0.1992248062015504	0.62281284606866	4.35968992248062	1.0	cluster_consensus_marker_source_support	NK Cell:806; CD8 Cytotoxic / T Effector Memory:480; ydT Cell:4	NK Cell:1247; CD8 Cytotoxic / T Effector Memory:21; ydT Cell:20; CD4 T Effector Memory:1	Blood Cell:1289; CD4 T Effector Memory:1	NK Cell:1149; CD8 Cytotoxic / T Effector Memory:116; Blood Cell:24; Lymphoid Cell:1	NK Cell:1149; T Cell:116; Blood Cell:24; Lymphoid Cell:1	NK Cell:1273; CD8 Cytotoxic / T Effector Memory:13; MAIT Cell:2; CD4 T Effector Memory:2	not_available:1290	1754.0	4671.5	7.872119903564453
infection_study_01	T/NK	T_NK_lineage:20	509	CD8 Cytotoxic / T Effector Memory	True	CD8 Cytotoxic / T Effector Memory	1.4552002575323997	1.1984585124060796	0.2567417451263198	0.8345896147403685	0.137524557956778	0.3126578725792871	2.1886051080550097	1.0	cluster_consensus_marker_source_support	CD8 Cytotoxic / T Effector Memory:282; NK Cell:198; CD4 Naive / T Central Memory:7; Blood Cell:6	CD8 Cytotoxic / T Effector Memory:241; NK Cell:153; CD4 T Effector Memory:63; ydT Cell:42	Blood Cell:429; CD4 T Effector Memory:72; MAIT Cell:5; NK Cell:3	CD8 Cytotoxic / T Effector Memory:326; NK Cell:148; Blood Cell:11; MAIT Cell:5	T Cell:349; NK Cell:148; Blood Cell:8; Lymphoid Cell:4	CD8 Cytotoxic / T Effector Memory:265; NK Cell:213; MAIT Cell:12; CD4 Naive / T Central Memory:9	not_available:487; CD4 T Effector Memory:16; CD4 Naive / T Central Memory:5; Treg:1	796.0	1603.0	8.505526542663574
infection_study_01	T/NK	T_NK_lineage:21	545	CD8 Cytotoxic / T Effector Memory	True	CD8 Cytotoxic / T Effector Memory	1.5490364481247194	1.0559416662777104	0.493094781847009	0.8153994610734834	0.1119266055045871	0.3819134993446919	2.673394495412844	1.0	cluster_consensus_marker_source_support	CD8 Cytotoxic / T Effector Memory:423; CD4 T Effector Memory:47; CD4 Naive / T Central Memory:35; NK Cell:17	CD8 Cytotoxic / T Effector Memory:307; CD4 T Effector Memory:89; CD4 Naive / T Central Memory:58; ydT Cell:54	Blood Cell:491; CD4 T Effector Memory:48; MAIT Cell:6	CD8 Cytotoxic / T Effector Memory:410; CD4 T Effector Memory:88; Blood Cell:15; CD8 Naive / T Central Memory:13	T Cell:529; Blood Cell:13; NK Cell:3	CD8 Cytotoxic / T Effector Memory:317; CD4 T Effector Memory:166; MAIT Cell:37; NK Cell:16	not_available:450; CD4 Naive / T Central Memory:63; CD4 T Effector Memory:32	1688.0	5365.0	7.657917499542236
infection_study_01	T/NK	T_NK_lineage:22	538	CD8 Cytotoxic / T Effector Memory	True	CD8 Cytotoxic / T Effector Memory	1.3563375334498813	0.8783858189328038	0.4779517145170775	0.8493736799941738	0.1338289962825278	0.2551779075942644	1.7862453531598512	1.0	cluster_consensus_marker_source_support	CD8 Cytotoxic / T Effector Memory:306; MAIT Cell:134; NK Cell:85; ydT Cell:6	ydT Cell:197; CD8 Cytotoxic / T Effector Memory:167; MAIT Cell:116; CD4 T Effector Memory:40	Blood Cell:390; MAIT Cell:116; CD4 T Effector Memory:32	CD8 Cytotoxic / T Effector Memory:316; MAIT Cell:128; ydT Cell:51; Blood Cell:26	T Cell:502; Blood Cell:26; NK Cell:10	MAIT Cell:305; CD8 Cytotoxic / T Effector Memory:172; NK Cell:36; CD4 T Effector Memory:25	not_available:528; CD4 T Effector Memory:10	1814.5	5840.0	8.163230895996094
infection_study_01	T/NK	T_NK_lineage:23	496	NK Cell	True	NK Cell	2.340052905531464	0.8658977742851707	1.474155131246293	0.9172310829509868	0.2056451612903226	0.7105414746543777	4.973790322580645	1.0	cluster_consensus_marker_source_support	NK Cell:495; Blood Cell:1	NK Cell:494; ydT Cell:2	Blood Cell:496	NK Cell:491; CD8 Cytotoxic / T Effector Memory:3; Blood Cell:2	NK Cell:491; T Cell:3; Blood Cell:2	NK Cell:496	not_available:496	1639.0	4192.5	8.31524658203125
infection_study_01	T/NK	T_NK_lineage:24	492	CD8 Cytotoxic / T Effector Memory	True	CD8 Cytotoxic / T Effector Memory	1.9115816832229624	0.8135860461728934	1.0979956370500688	0.9070806933216808	0.3008130081300813	0.4497677119628339	3.148373983739837	1.0	cluster_consensus_marker_source_support	CD8 Cytotoxic / T Effector Memory:448; NK Cell:23; MAIT Cell:10; CD4 T Effector Memory:4	CD8 Cytotoxic / T Effector Memory:256; CD4 T Effector Memory:159; ydT Cell:54; CD4 Naive / T Central Memory:10	Blood Cell:337; CD4 T Effector Memory:152; Treg:2; MAIT Cell:1	CD8 Cytotoxic / T Effector Memory:438; MAIT Cell:13; Blood Cell:9; ydT Cell:9	T Cell:477; Blood Cell:8; NK Cell:6; Lymphoid Cell:1	CD8 Cytotoxic / T Effector Memory:407; MAIT Cell:38; CD4 T Effector Memory:25; NK Cell:21	not_available:473; CD4 T Effector Memory:14; CD4 Naive / T Central Memory:4; Treg:1	1812.5	5501.5	5.961272239685059
infection_study_01	T/NK	T_NK_lineage:25	469	T Cell	False	CD4 T Effector Memory	1.3580716192705171	1.2490522727797566	0.1090193464907605	0.8980773432379288	0.0405117270788912	0.2723119098385622	1.906183368869936	1.0	cluster_parent_insufficient_consensus	Treg:169; CD4 T Effector Memory:169; CD4 Naive / T Central Memory:90; CD8 Cytotoxic / T Effector Memory:31	CD4 Naive / T Central Memory:257; Treg:121; CD8 Naive / T Central Memory:60; CD4 T Effector Memory:17	Blood Cell:337; Treg:126; CD4 T Effector Memory:5; MAIT Cell:1	CD4 T Effector Memory:245; Treg:194; CD8 Cytotoxic / T Effector Memory:20; Blood Cell:5	T Cell:463; Blood Cell:5; NK Cell:1	CD4 T Effector Memory:427; CD8 Cytotoxic / T Effector Memory:23; CD4 Naive / T Central Memory:18; Classical Monocyte:1	CD4 Naive / T Central Memory:199; Treg:152; not_available:87; CD4 T Effector Memory:31	1916.0	6642.0	6.527952194213867
infection_study_01	T/NK	T_NK_lineage:26	429	NK Cell	True	NK Cell	2.313366251038307	0.9470351020329172	1.3663311490053895	0.9381873133784866	0.275058275058275	0.6573426573426573	4.601398601398602	1.0	cluster_consensus_marker_source_support	NK Cell:383; CD8 Cytotoxic / T Effector Memory:44; CD4 T Effector Memory:1; ydT Cell:1	NK Cell:406; CD8 Cytotoxic / T Effector Memory:15; ydT Cell:7; CD4 Naive / T Central Memory:1	Blood Cell:427; CD4 T Effector Memory:2	NK Cell:383; CD8 Cytotoxic / T Effector Memory:34; Blood Cell:10; MAIT Cell:1	NK Cell:383; T Cell:36; Blood Cell:9; Lymphoid Cell:1	NK Cell:419; CD8 Cytotoxic / T Effector Memory:7; MAIT Cell:1; CD4 T Effector Memory:1	not_available:429	1689.0	4624.0	8.7277193069458
infection_study_01	T/NK	T_NK_lineage:27	301	NK Cell	True	NK Cell	1.4364525548648714	1.1523071108622909	0.2841454440025805	0.871331294151919	0.1063122923588039	0.2985287138111058	2.089700996677741	1.0	cluster_consensus_marker_source_support	CD8 Cytotoxic / T Effector Memory:193; NK Cell:84; CD4 T Effector Memory:8; CD4 Naive / T Central Memory:6	NK Cell:153; CD8 Cytotoxic / T Effector Memory:96; CD4 T Effector Memory:25; CD4 Naive / T Central Memory:16	Blood Cell:275; CD4 T Effector Memory:23; Treg:2; MAIT Cell:1	CD8 Cytotoxic / T Effector Memory:162; NK Cell:112; CD4 T Effector Memory:11; Blood Cell:6	T Cell:183; NK Cell:112; Blood Cell:6	NK Cell:168; CD8 Cytotoxic / T Effector Memory:117; CD4 T Effector Memory:7; CD4 Naive / T Central Memory:5	not_available:287; CD4 Naive / T Central Memory:10; CD4 T Effector Memory:3; Treg:1	1778.0	4816.0	6.627243041992188
infection_study_01	T/NK	T_NK_lineage:28	335	CD4 Naive / T Central Memory	True	CD4 Naive / T Central Memory	1.6050164910955071	1.4123467853777087	0.1926697057177984	0.9557752530769792	0.1552238805970149	0.3266524520255863	2.2865671641791043	1.0	cluster_consensus_marker_source_support	CD4 Naive / T Central Memory:175; CD4 T Effector Memory:90; Treg:30; CD8 Cytotoxic / T Effector Memory:30	CD4 Naive / T Central Memory:291; CD4 T Effector Memory:18; CD8 Cytotoxic / T Effector Memory:15; CD8 Naive / T Central Memory:6	Blood Cell:324; Treg:6; CD4 T Effector Memory:5	CD4 T Effector Memory:227; Treg:53; CD4 Naive / T Central Memory:19; CD8 Cytotoxic / T Effector Memory:17	T Cell:322; Blood Cell:13	CD4 T Effector Memory:310; CD8 Cytotoxic / T Effector Memory:19; CD4 Naive / T Central Memory:5; Classical Monocyte:1	CD4 Naive / T Central Memory:276; not_available:28; CD4 T Effector Memory:19; Treg:12	2128.0	7977.0	5.949678421020508
infection_study_01	T/NK	T_NK_lineage:29	306	CD8 Cytotoxic / T Effector Memory	True	CD8 Cytotoxic / T Effector Memory	1.2706840361226424	0.9161047672291548	0.3545792688934874	0.8933526327288617	0.4281045751633986	0.065359477124183	0.457516339869281	1.0	cluster_consensus_marker_source_support	CD8 Cytotoxic / T Effector Memory:140; NK Cell:75; Plasmablast:39; Blood Cell:34	NK Cell:233; CD4 T Cell (ab):51; CD8 T Cell (ab):22	NK Cell:233; CD4 T Cell (ab):51; CD8 T Cell (ab):22	Lymphoid Cell:302; Blood Cell:3; Leukocyte:1	Lymphoid Cell:302; Blood Cell:3; Leukocyte:1	NK Cell:306	not_available:272; CD4 Naive / T Central Memory:29; CD4 T Effector Memory:3; Treg:2	4740.0	25586.0	7.437042236328125
infection_study_01	T/NK	T_NK_lineage:3	1317	T Cell	False	CD4 T Effector Memory	1.629937405681283	1.401517163746168	0.2284202419351151	0.9297938970213384	0.082004555808656	0.3829048703763965	2.680334092634776	1.0	cluster_parent_insufficient_consensus	CD4 T Effector Memory:822; CD4 Naive / T Central Memory:359; CD8 Cytotoxic / T Effector Memory:62; CD8 Naive / T Central Memory:29	CD4 Naive / T Central Memory:961; CD8 Naive / T Central Memory:231; CD4 T Effector Memory:90; CD8 Cytotoxic / T Effector Memory:18	Blood Cell:1290; CD4 T Effector Memory:14; Lymphoid Cell:10; MAIT Cell:2	CD4 T Effector Memory:1181; CD8 Cytotoxic / T Effector Memory:37; Treg:37; Blood Cell:33	T Cell:1282; Blood Cell:33; NK Cell:1; HSC:1	CD4 T Effector Memory:1278; CD4 Naive / T Central Memory:28; CD8 Cytotoxic / T Effector Memory:9; MAIT Cell:1	CD4 Naive / T Central Memory:940; not_available:223; CD4 T Effector Memory:145; Treg:9	1927.0	7433.0	6.410872936248779
infection_study_01	T/NK	T_NK_lineage:30	289	NK Cell	True	NK Cell	1.3261806815028958	1.1643115910529027	0.1618690904499931	0.7395856092054476	0.0449826989619377	0.3287197231833909	2.301038062283737	1.0	cluster_consensus_marker_source_support	CD8 Cytotoxic / T Effector Memory:142; NK Cell:113; Blood Cell:11; Treg:7	NK Cell:124; CD8 T Cell (ab):93; CD8 Naive / T Central Memory:23; CD4 Naive / T Central Memory:22	NK Cell:109; CD8 T Cell (ab):98; Blood Cell:66; CD4 T Cell (ab):10	Lymphoid Cell:237; Blood Cell:27; NK Cell:16; CD8 Cytotoxic / T Effector Memory:7	Lymphoid Cell:237; Blood Cell:27; NK Cell:16; T Cell:9	NK Cell:287; CD8 Cytotoxic / T Effector Memory:2	not_available:274; CD4 Naive / T Central Memory:10; CD4 T Effector Memory:4; Treg:1	3055.0	10027.0	7.755242347717285
infection_study_01	T/NK	T_NK_lineage:31	284	NK Cell	True	NK Cell	2.2853155913853227	0.845152507793099	1.4401630835922237	0.855190809118054	0.0105633802816901	0.7932595573440643	5.552816901408451	1.0	cluster_consensus_marker_source_support	NK Cell:276; Blood Cell:5; CD8 Cytotoxic / T Effector Memory:3	NK Cell:275; Lymphoid Cell:5; CD8 Cytotoxic / T Effector Memory:3; ydT Cell:1	NK Cell:194; Blood Cell:85; Lymphoid Cell:5	NK Cell:276; Blood Cell:4; Lymphoid Cell:2; CD4 T Effector Memory:1	NK Cell:278; Blood Cell:2; T Cell:2; Lymphoid Cell:2	NK Cell:278; CD4 T Effector Memory:3; MAIT Cell:2; CD8 Cytotoxic / T Effector Memory:1	not_available:280; CD4 Naive / T Central Memory:4	2014.0	6095.0	7.976802825927734
infection_study_01	T/NK	T_NK_lineage:32	273	T Cell	False	NK Cell	1.3454250583109162	1.3447811515658514	0.0006439067450647	0.8283082077051926	0.0402930402930402	0.2987964416535845	2.091575091575092	1.0	cluster_parent_insufficient_consensus	NK Cell:135; CD8 Cytotoxic / T Effector Memory:131; ydT Cell:3; MAIT Cell:2	NK Cell:112; CD8 Cytotoxic / T Effector Memory:110; ydT Cell:24; CD4 T Effector Memory:22	Blood Cell:251; CD4 T Effector Memory:18; MAIT Cell:4	CD8 Cytotoxic / T Effector Memory:154; NK Cell:91; Blood Cell:16; MAIT Cell:9	T Cell:173; NK Cell:92; Blood Cell:8	NK Cell:141; CD8 Cytotoxic / T Effector Memory:106; MAIT Cell:15; CD4 T Effector Memory:11	not_available:270; CD4 T Effector Memory:3	1615.0	4747.0	8.5829496383667
infection_study_01	T/NK	T_NK_lineage:33	256	MAIT Cell	True	MAIT Cell	2.049545183214207	1.3245722620283094	0.7249729211858977	0.8739986162697546	0.0625	0.638392857142857	4.46875	1.0	cluster_consensus_marker_source_support	MAIT Cell:203; CD8 Cytotoxic / T Effector Memory:37; NK Cell:8; CD4 T Effector Memory:6	MAIT Cell:232; CD4 T Effector Memory:10; CD8 Cytotoxic / T Effector Memory:6; ydT Cell:4	MAIT Cell:234; Blood Cell:22	MAIT Cell:231; CD8 Cytotoxic / T Effector Memory:15; CD4 T Effector Memory:7; ydT Cell:1	T Cell:254; NK Cell:1; Blood Cell:1	MAIT Cell:244; CD4 T Effector Memory:8; CD8 Cytotoxic / T Effector Memory:4	not_available:246; CD4 T Effector Memory:8; CD4 Naive / T Central Memory:2	1592.0	5905.5	9.367509841918944
infection_study_01	T/NK	T_NK_lineage:34	253	T Cell	False	CD4 T Effector Memory	1.7618588424902604	1.3115928314639258	0.4502660110263345	0.951096060010196	0.1976284584980237	0.39356295878035	2.7549407114624507	1.0	cluster_parent_insufficient_consensus	CD4 T Effector Memory:109; CD4 Naive / T Central Memory:67; CD8 Cytotoxic / T Effector Memory:62; Blood Cell:7	CD4 Naive / T Central Memory:144; CD4 T Effector Memory:72; CD8 Cytotoxic / T Effector Memory:24; CD8 Naive / T Central Memory:8	Blood Cell:247; Lymphoid Cell:3; MAIT Cell:2; CD4 T Effector Memory:1	CD4 T Effector Memory:188; CD8 Cytotoxic / T Effector Memory:29; Blood Cell:16; CD4 Naive / T Central Memory:10	T Cell:242; Blood Cell:11	CD4 T Effector Memory:237; CD8 Cytotoxic / T Effector Memory:12; CD4 Naive / T Central Memory:4	CD4 Naive / T Central Memory:133; CD4 T Effector Memory:90; not_available:30	1963.0	6127.0	6.788844585418701
infection_study_01	T/NK	T_NK_lineage:35	195	CD4 Naive / T Central Memory	True	CD4 Naive / T Central Memory	1.3561730215018395	1.0119531044296175	0.344219917072222	0.9189061248270336	0.1794871794871795	0.2029304029304029	1.4205128205128206	1.0	cluster_consensus_marker_source_support	CD4 T Effector Memory:72; CD4 Naive / T Central Memory:54; CD8 Cytotoxic / T Effector Memory:36; Treg:25	CD4 Naive / T Central Memory:152; CD8 Naive / T Central Memory:14; Treg:10; CD8 Cytotoxic / T Effector Memory:10	Blood Cell:179; Treg:12; CD4 T Effector Memory:3; CD8 Naive / T Central Memory:1	CD4 T Effector Memory:119; Treg:47; CD8 Cytotoxic / T Effector Memory:18; CD4 Naive / T Central Memory:4	T Cell:191; Blood Cell:4	Classical Monocyte:168; CD8 Cytotoxic / T Effector Memory:21; CD4 T Effector Memory:3; CD4 Naive / T Central Memory:2	not_available:115; CD4 Naive / T Central Memory:65; Treg:8; CD4 T Effector Memory:7	2240.0	8524.0	7.74634838104248
infection_study_01	T/NK	T_NK_lineage:36	184	NK Cell	True	NK Cell	2.337478151627704	0.9754697400043696	1.362008411623334	0.948647221615323	0.3315217391304347	0.641304347826087	4.489130434782608	1.0	cluster_consensus_marker_source_support	NK Cell:133; CD8 Cytotoxic / T Effector Memory:51	NK Cell:179; CD8 Cytotoxic / T Effector Memory:4; ydT Cell:1	Blood Cell:183; NK Cell:1	NK Cell:168; Blood Cell:10; CD8 Cytotoxic / T Effector Memory:5; Lymphoid Cell:1	NK Cell:168; Blood Cell:10; T Cell:5; Lymphoid Cell:1	NK Cell:177; CD8 Cytotoxic / T Effector Memory:7	not_available:184	2179.5	6435.5	7.921225547790527
infection_study_01	T/NK	T_NK_lineage:37	68	NK Cell	True	NK Cell	1.2253114540550762	0.9128612554919282	0.312450198563148	0.8122041366251547	0.0441176470588235	0.2415966386554621	1.6911764705882353	1.0	cluster_consensus_marker_source_support	NK Cell:39; CD8 Cytotoxic / T Effector Memory:15; CD4 Naive / T Central Memory:6; Naive B Cell:2	NK Cell:26; CD8 Cytotoxic / T Effector Memory:19; CD4 Naive / T Central Memory:11; CD4 T Effector Memory:7	Blood Cell:53; CD4 T Effector Memory:12; Treg:2; NK Cell:1	NK Cell:21; CD8 Cytotoxic / T Effector Memory:18; Treg:12; Blood Cell:12	T Cell:37; NK Cell:21; Blood Cell:10	Classical Monocyte:23; CD4 T Effector Memory:18; B Cell:9; CD8 Cytotoxic / T Effector Memory:7	not_available:56; CD4 T Effector Memory:6; CD4 Naive / T Central Memory:5; Treg:1	2016.0	5775.5	9.243769645690918
infection_study_01	T/NK	T_NK_lineage:38	59	NK Cell	True	NK Cell	1.5360627090606205	1.0555692982228757	0.4804934108377447	0.8641213312941519	0.0508474576271186	0.37772397094431	2.6440677966101696	1.0	cluster_consensus_marker_source_support	CD8 Cytotoxic / T Effector Memory:32; NK Cell:23; Treg:4	NK Cell:42; CD8 Naive / T Central Memory:6; CD8 Cytotoxic / T Effector Memory:4; CD8 T Cell (ab):2	NK Cell:31; Blood Cell:25; CD8 T Cell (ab):2; CD4 T Cell (ab):1	Lymphoid Cell:49; Blood Cell:5; CD8 Cytotoxic / T Effector Memory:3; NK Cell:2	Lymphoid Cell:49; Blood Cell:5; T Cell:3; NK Cell:2	NK Cell:56; CD8 Cytotoxic / T Effector Memory:3	not_available:57; CD4 T Effector Memory:1; CD4 Naive / T Central Memory:1	2359.0	7117.0	7.307242393493652
infection_study_01	T/NK	T_NK_lineage:4	1323	CD8 Cytotoxic / T Effector Memory	True	CD8 Cytotoxic / T Effector Memory	2.4725400156559942	0.6857089474781974	1.7868310681777968	0.9376228970941664	0.7248677248677249	0.551992225461613	3.863945578231293	1.0	cluster_consensus_marker_source_support	CD8 Cytotoxic / T Effector Memory:1305; NK Cell:17; Treg:1	CD8 Cytotoxic / T Effector Memory:1227; CD8 Naive / T Central Memory:35; NK Cell:34; CD4 T Effector Memory:14	Blood Cell:1303; CD4 T Effector Memory:18; MAIT Cell:1; NK Cell:1	CD8 Cytotoxic / T Effector Memory:1286; NK Cell:24; Blood Cell:8; Lymphoid Cell:3	T Cell:1288; NK Cell:24; Blood Cell:8; Lymphoid Cell:3	CD8 Cytotoxic / T Effector Memory:1294; NK Cell:27; Classical Monocyte:2	not_available:1322; CD4 T Effector Memory:1	2058.0	6267.0	7.782570838928223
infection_study_01	T/NK	T_NK_lineage:5	1175	CD8 Cytotoxic / T Effector Memory	True	CD8 Cytotoxic / T Effector Memory	2.050401801527792	0.7439265383345961	1.306475263193196	0.9187240550578982	0.3123404255319149	0.5124620060790273	3.587234042553192	1.0	cluster_consensus_marker_source_support	CD8 Cytotoxic / T Effector Memory:1129; NK Cell:39; CD4 Naive / T Central Memory:5; ydT Cell:1	CD8 Cytotoxic / T Effector Memory:846; CD4 T Effector Memory:276; ydT Cell:44; NK Cell:7	Blood Cell:877; CD4 T Effector Memory:298	CD8 Cytotoxic / T Effector Memory:1159; Blood Cell:6; NK Cell:5; CD4 T Effector Memory:3	T Cell:1165; Blood Cell:5; NK Cell:5	CD8 Cytotoxic / T Effector Memory:1081; NK Cell:75; CD4 T Effector Memory:11; MAIT Cell:7	not_available:1172; CD4 T Effector Memory:2; CD4 Naive / T Central Memory:1	1783.0	5303.0	7.962188720703125
infection_study_01	T/NK	T_NK_lineage:6	973	CD8 Cytotoxic / T Effector Memory	True	CD8 Cytotoxic / T Effector Memory	1.7610042369674903	0.6868813716466509	1.0741228653208397	0.8465880125264001	0.1479958890030832	0.4635149023638231	3.2446043165467624	1.0	cluster_consensus_marker_source_support	CD8 Cytotoxic / T Effector Memory:839; NK Cell:91; MAIT Cell:21; ydT Cell:19	CD8 Cytotoxic / T Effector Memory:712; ydT Cell:169; CD4 T Effector Memory:36; NK Cell:29	Blood Cell:921; CD4 T Effector Memory:31; MAIT Cell:20; NK Cell:1	CD8 Cytotoxic / T Effector Memory:876; Blood Cell:29; NK Cell:22; ydT Cell:20	T Cell:922; Blood Cell:29; NK Cell:22	CD8 Cytotoxic / T Effector Memory:730; MAIT Cell:114; NK Cell:74; CD4 T Effector Memory:55	not_available:959; CD4 T Effector Memory:13; CD4 Naive / T Central Memory:1	1764.0	5473.0	8.173978805541992
infection_study_01	T/NK	T_NK_lineage:7	987	NK Cell	True	NK Cell	2.4508086917751863	0.8658347240364636	1.584973967738723	0.946034520428228	0.3110435663627153	0.7108119843682152	4.975683890577508	1.0	cluster_consensus_marker_source_support	NK Cell:985; CD8 Cytotoxic / T Effector Memory:2	NK Cell:984; ydT Cell:3	Blood Cell:986; NK Cell:1	NK Cell:979; CD8 Cytotoxic / T Effector Memory:4; Blood Cell:3; Lymphoid Cell:1	NK Cell:979; T Cell:4; Blood Cell:3; Lymphoid Cell:1	NK Cell:983; CD4 T Effector Memory:3; Classical Monocyte:1	not_available:987	1880.0	4848.0	7.244477272033691
infection_study_01	T/NK	T_NK_lineage:8	868	CD8 Cytotoxic / T Effector Memory	True	CD8 Cytotoxic / T Effector Memory	1.695280316486402	0.7672351942038382	0.9280451222825636	0.8573665428592236	0.1589861751152073	0.4191902567478603	2.934331797235023	1.0	cluster_consensus_marker_source_support	CD8 Cytotoxic / T Effector Memory:646; NK Cell:174; ydT Cell:30; MAIT Cell:10	CD8 Cytotoxic / T Effector Memory:554; NK Cell:175; ydT Cell:75; CD4 T Effector Memory:41	Blood Cell:801; CD4 T Effector Memory:34; MAIT Cell:31; NK Cell:2	CD8 Cytotoxic / T Effector Memory:670; NK Cell:138; MAIT Cell:32; Blood Cell:22	T Cell:708; NK Cell:138; Blood Cell:22	CD8 Cytotoxic / T Effector Memory:677; MAIT Cell:95; NK Cell:70; CD4 T Effector Memory:26	not_available:856; CD4 T Effector Memory:12	1756.0	5043.0	5.024627685546875
infection_study_01	T/NK	T_NK_lineage:9	847	T Cell	False	CD8 Cytotoxic / T Effector Memory	1.4089606000773922	1.4071991667254116	0.0017614333519806	0.8200422401864395	0.1428571428571428	0.2929667734862539	2.050767414403778	1.0	cluster_parent_insufficient_consensus	CD8 Cytotoxic / T Effector Memory:499; NK Cell:331; CD4 Naive / T Central Memory:5; CD4 T Effector Memory:4	NK Cell:361; CD8 Cytotoxic / T Effector Memory:328; CD4 T Effector Memory:97; ydT Cell:49	Blood Cell:743; CD4 T Effector Memory:102; MAIT Cell:2	CD8 Cytotoxic / T Effector Memory:465; NK Cell:314; Blood Cell:60; CD4 T Effector Memory:4	T Cell:506; NK Cell:314; Blood Cell:27	CD8 Cytotoxic / T Effector Memory:445; NK Cell:387; CD4 T Effector Memory:12; MAIT Cell:3	not_available:833; CD4 Naive / T Central Memory:8; CD4 T Effector Memory:6	1931.0	5228.0	5.156909465789795
infection_study_01	T/NK	leiden:16	1	CD4 Naive / T Central Memory	True	CD4 Naive / T Central Memory	1.234536424357814	0.9520162926433408	0.282520131714473	0.466945233413444	0.0	0.4285714285714285	3.0	1.0	cluster_consensus_marker_source_support	CD4 Naive / T Central Memory:1	CD4 Naive / T Central Memory:1	Treg:1	Platelet:1	Platelet:1	Platelet:1	CD4 Naive / T Central Memory:1	544.0	1548.0	1.550387620925903
infection_study_01	T/NK	leiden:22	1	Treg	True	Treg	2.780405131246294	0.8399934454883111	1.9404116857579827	0.9941009394800088	1.0	0.5714285714285714	4.0	1.0	cluster_consensus_marker_source_support	Classical Monocyte:1	Treg:1	Treg:1	Treg:1	T Cell:1	Classical Monocyte:1	Treg:1	634.0	1091.0	11.457378387451172
infection_study_01	T/NK	leiden:23	1	CD4 Naive / T Central Memory	True	CD4 Naive / T Central Memory	1.234536424357814	0.801567620712257	0.4329688036455569	0.466945233413444	0.0	0.4285714285714285	3.0	1.0	cluster_consensus_marker_source_support	T Cell:1	CD4 Naive / T Central Memory:1	Blood Cell:1	Blood Cell:1	Blood Cell:1	CD4 Naive / T Central Memory:1	CD4 Naive / T Central Memory:1	495.0	805.0	14.534161567687988
infection_study_01	T/NK	leiden:24	9	T Cell	False	CD4 Naive / T Central Memory	0.9027903926117822	0.8012226418496902	0.101567750762092	0.466945233413444	0.0	0.2539682539682539	1.7777777777777777	1.0	cluster_parent_insufficient_consensus	Plasmablast:4; T Cell:2; Classical Monocyte:1; CD4 Naive / T Central Memory:1	CD4 Naive / T Central Memory:7; Lymphoid Cell:2	Treg:4; Blood Cell:3; Lymphoid Cell:2	Blood Cell:4; HSC:2; Lymphoid Cell:2; Plasma Cell:1	B Cell:3; HSC:2; Lymphoid Cell:2; Blood Cell:2	NK Cell:9	CD4 Naive / T Central Memory:8; CD4 T Effector Memory:1	467.0	829.0	5.147058963775635
infection_study_01	Myeloid/DC	Myeloid_lineage:0	1455	Non-Classical Monocyte	True	Non-Classical Monocyte	2.826767927490433	0.7327453219867668	2.0940226055036666	0.981173985871386	0.8577319587628865	0.6618556701030928	4.63298969072165	1.0	cluster_consensus_marker_source_support	Non-Classical Monocyte:1413; Classical Monocyte:41; Blood Cell:1	Non-Classical Monocyte:1426; Classical Monocyte:29	Non-Classical Monocyte:1426; Classical Monocyte:29	Non-Classical Monocyte:1067; Intermediate Monocyte:327; Blood Cell:53; Classical Monocyte:5	Monocyte:1399; Blood Cell:53; DC:3	Non-Classical Monocyte:1409; Classical Monocyte:46	not_available:1455	3085.0	12691.0	6.902022838592529
infection_study_01	Myeloid/DC	Myeloid_lineage:1	1411	Classical Monocyte	True	Classical Monocyte	2.213198760529032	1.0627458801815974	1.1504528803474343	0.883147622168815	0.1176470588235294	0.6969727650096184	4.878809355067328	1.0	cluster_consensus_marker_source_support	Classical Monocyte:1393; Non-Classical Monocyte:17; Blood Cell:1	Classical Monocyte:1408; Non-Classical Monocyte:3	Classical Monocyte:1408; Non-Classical Monocyte:3	Classical Monocyte:1264; Blood Cell:103; Neutrophil:26; Intermediate Monocyte:12	Monocyte:1277; Blood Cell:102; Granulocyte:27; DC:5	Classical Monocyte:1411	not_available:1411	1374.0	3644.0	8.193310737609863
infection_study_01	Myeloid/DC	Myeloid_lineage:10	859	Classical Monocyte	True	Classical Monocyte	2.583121742705821	0.9019626018944242	1.6811591408113968	0.9688842764547374	0.5029103608847497	0.6888408448361882	4.821885913853317	1.0	cluster_consensus_marker_source_support	Classical Monocyte:856; Non-Classical Monocyte:3	Classical Monocyte:857; Non-Classical Monocyte:2	Classical Monocyte:857; Non-Classical Monocyte:2	Classical Monocyte:715; Blood Cell:112; Neutrophil:28; Intermediate Monocyte:2	Monocyte:718; Blood Cell:112; Granulocyte:28; DC:1	Classical Monocyte:857; Non-Classical Monocyte:2	not_available:859	1726.0	4615.0	9.669489860534668
infection_study_01	Myeloid/DC	Myeloid_lineage:11	839	Classical Monocyte	True	Classical Monocyte	2.0305076415175023	1.0459125157022386	0.9845951258152636	0.7940426771538853	0.0584028605482717	0.6679720756002042	4.675804529201431	1.0	cluster_consensus_marker_source_support	Classical Monocyte:809; Non-Classical Monocyte:28; Myeloid Cell:1; Blood Cell:1	Classical Monocyte:829; Non-Classical Monocyte:10	Classical Monocyte:829; Non-Classical Monocyte:10	Classical Monocyte:617; Blood Cell:102; Conventional DC 2:68; Intermediate Monocyte:46	Monocyte:664; Blood Cell:102; DC:73	Classical Monocyte:839	not_available:839	2956.0	12039.0	5.798331260681152
infection_study_01	Myeloid/DC	Myeloid_lineage:12	661	Classical Monocyte	True	Classical Monocyte	2.408681911356238	0.982167781852856	1.426514129503382	0.963804529895856	0.3630862329803328	0.6583099200345796	4.608169440242057	1.0	cluster_consensus_marker_source_support	Classical Monocyte:658; Conventional DC 2:2; Blood Cell:1	Classical Monocyte:658; Conventional DC 2:3	Classical Monocyte:658; Blood Cell:3	Classical Monocyte:416; Blood Cell:194; Neutrophil:31; Platelet:11	Monocyte:420; Blood Cell:159; Granulocyte:34; Myeloid Cell:32	Classical Monocyte:656; NK Cell:4; Conventional DC 2:1	not_available:661	3203.0	14197.0	8.033123016357422
infection_study_01	Myeloid/DC	Myeloid_lineage:13	643	Classical Monocyte	True	Classical Monocyte	2.4470608053646905	0.7472009873561464	1.699859818008544	0.9291566528293642	0.3561430793157076	0.6978449233503667	4.884914463452566	1.0	cluster_consensus_marker_source_support	Classical Monocyte:634; Non-Classical Monocyte:9	Classical Monocyte:639; Non-Classical Monocyte:4	Classical Monocyte:639; Non-Classical Monocyte:4	Classical Monocyte:586; Blood Cell:43; Intermediate Monocyte:9; Conventional DC 2:4	Monocyte:596; Blood Cell:43; DC:4	Classical Monocyte:643	not_available:643	3105.0	11134.0	7.457472324371338
infection_study_01	Myeloid/DC	Myeloid_lineage:14	571	Classical Monocyte	True	Classical Monocyte	1.871074896460744	1.0937492733380054	0.7773256231227383	0.7078326414682106	0.0332749562171628	0.6354766074555916	4.448336252189142	1.0	cluster_consensus_marker_source_support	Classical Monocyte:521; Non-Classical Monocyte:50	Classical Monocyte:546; Non-Classical Monocyte:24; Conventional DC 2:1	Classical Monocyte:546; Non-Classical Monocyte:24; Blood Cell:1	Classical Monocyte:375; Blood Cell:93; Intermediate Monocyte:65; Conventional DC 2:36	Monocyte:441; Blood Cell:93; DC:37	Classical Monocyte:552; Non-Classical Monocyte:19	not_available:571	2881.0	10699.0	6.512810230255127
infection_study_01	Myeloid/DC	Myeloid_lineage:15	548	Non-Classical Monocyte	True	Non-Classical Monocyte	2.424327929031748	0.7289124591083449	1.695415469923403	0.9731265020755954	0.6459854014598541	0.5430135557872784	3.801094890510949	1.0	cluster_consensus_marker_source_support	Non-Classical Monocyte:460; Classical Monocyte:83; Blood Cell:4; Myeloid Cell:1	Non-Classical Monocyte:483; Classical Monocyte:65	Non-Classical Monocyte:483; Classical Monocyte:65	Non-Classical Monocyte:255; Intermediate Monocyte:242; Blood Cell:25; Classical Monocyte:20	Monocyte:517; Blood Cell:23; DC:6; Myeloid Cell:2	Non-Classical Monocyte:402; Classical Monocyte:146	not_available:548	3299.0	13107.0	6.986232280731201
infection_study_01	Myeloid/DC	Myeloid_lineage:16	543	Classical Monocyte	True	Classical Monocyte	2.188803183413033	0.8804608558043643	1.3083423276086683	0.9037215060811304	0.0828729281767955	0.6890292028413575	4.823204419889502	1.0	cluster_consensus_marker_source_support	Classical Monocyte:520; Non-Classical Monocyte:23	Classical Monocyte:532; Non-Classical Monocyte:10; Conventional DC 2:1	Classical Monocyte:532; Non-Classical Monocyte:10; Blood Cell:1	Classical Monocyte:493; Intermediate Monocyte:35; Blood Cell:6; Neutrophil:6	Monocyte:529; Blood Cell:6; Granulocyte:6; DC:2	Classical Monocyte:542; Conventional DC 2:1	not_available:543	2573.0	9307.0	2.7091004848480225
infection_study_01	Myeloid/DC	Myeloid_lineage:17	515	Classical Monocyte	True	Classical Monocyte	1.9120854892565704	0.8416712565420118	1.0704142327145585	0.8153084261889156	0.0485436893203883	0.5997226074895977	4.1980582524271846	1.0	cluster_consensus_marker_source_support	Classical Monocyte:468; Non-Classical Monocyte:45; Myeloid Cell:1; Conventional DC 2:1	Classical Monocyte:500; Non-Classical Monocyte:15	Classical Monocyte:500; Non-Classical Monocyte:15	Classical Monocyte:227; Blood Cell:125; Intermediate Monocyte:87; Platelet:58	Monocyte:326; Blood Cell:125; Platelet:58; DC:5	Classical Monocyte:467; Non-Classical Monocyte:44; Platelet:3; Conventional DC 2:1	not_available:515	2385.0	7813.0	7.060062885284424
infection_study_01	Myeloid/DC	Myeloid_lineage:18	413	Myeloid Cell	False	Non-Classical Monocyte	1.0675793016184043	1.0634790608177518	0.0041002408006525	0.6585463549632219	0.1573849878934624	0.183673469387755	1.2857142857142858	1.0	cluster_parent_insufficient_consensus	Classical Monocyte:195; Non-Classical Monocyte:138; Conventional DC 2:30; Blood Cell:10	Classical Monocyte:209; Non-Classical Monocyte:131; Conventional DC 2:46; CD4 Naive / T Central Memory:8	Classical Monocyte:210; Non-Classical Monocyte:137; Blood Cell:49; Plasmacytoid DC:7	Classical Monocyte:134; Intermediate Monocyte:88; Non-Classical Monocyte:70; Blood Cell:54	Monocyte:292; DC:65; Blood Cell:54; Platelet:1	Classical Monocyte:353; Non-Classical Monocyte:55; Conventional DC 2:5	not_available:413	908.0	1869.0	7.461843013763428
infection_study_01	Myeloid/DC	Myeloid_lineage:19	423	Conventional DC 2	True	Conventional DC 2	1.95773130774351	0.9921005258292992	0.9656307819142108	0.9004624572136043	0.2245862884160756	0.5092874029044241	3.565011820330969	1.0	cluster_consensus_marker_source_support	Conventional DC 2:335; Classical Monocyte:77; Plasmacytoid DC:4; Non-Classical Monocyte:3	Conventional DC 2:383; Classical Monocyte:27; Blood Cell:8; Non-Classical Monocyte:3	Blood Cell:391; Classical Monocyte:27; Non-Classical Monocyte:3; Conventional DC 1:2	Conventional DC 2:395; Blood Cell:17; Plasmacytoid DC:3; Classical Monocyte:3	DC:406; Blood Cell:12; Monocyte:5	Conventional DC 2:395; Classical Monocyte:28	not_available:423	3791.0	19477.0	6.52304744720459
infection_study_01	Myeloid/DC	Myeloid_lineage:2	1354	Classical Monocyte	True	Classical Monocyte	2.042057865407111	0.9249674602634168	1.1170904051436945	0.8159274634039764	0.0635155096011816	0.6615319687697827	4.630723781388479	1.0	cluster_consensus_marker_source_support	Classical Monocyte:1293; Non-Classical Monocyte:61	Classical Monocyte:1322; Non-Classical Monocyte:32	Classical Monocyte:1322; Non-Classical Monocyte:32	Classical Monocyte:979; Intermediate Monocyte:292; Blood Cell:61; Conventional DC 2:18	Monocyte:1274; Blood Cell:61; DC:18; Granulocyte:1	Classical Monocyte:1354	not_available:1354	2705.0	8590.0	5.37318229675293
infection_study_01	Myeloid/DC	Myeloid_lineage:20	350	Classical Monocyte	True	Classical Monocyte	2.17249534272962	0.7517037115479795	1.4207916311816402	0.8872623989512782	0.1257142857142857	0.6702040816326531	4.691428571428571	1.0	cluster_consensus_marker_source_support	Classical Monocyte:332; Non-Classical Monocyte:18	Classical Monocyte:333; Non-Classical Monocyte:17	Classical Monocyte:333; Non-Classical Monocyte:17	Classical Monocyte:307; Blood Cell:21; Intermediate Monocyte:17; Non-Classical Monocyte:4	Monocyte:328; Blood Cell:21; DC:1	Classical Monocyte:337; Non-Classical Monocyte:13	not_available:350	2318.0	8019.0	8.174715995788574
infection_study_01	Myeloid/DC	Myeloid_lineage:21	343	Classical Monocyte	True	Classical Monocyte	2.2088680072582823	1.0134827934285993	1.195385213829683	0.8454773869346733	0.1807580174927113	0.6859641815910037	4.801749271137027	1.0	cluster_consensus_marker_source_support	Classical Monocyte:340; Non-Classical Monocyte:3	Classical Monocyte:339; Non-Classical Monocyte:4	Classical Monocyte:339; Non-Classical Monocyte:4	Classical Monocyte:287; Blood Cell:46; Non-Classical Monocyte:4; Neutrophil:3	Monocyte:291; Blood Cell:46; Granulocyte:3; DC:3	Classical Monocyte:342; Non-Classical Monocyte:1	not_available:343	1774.0	4858.0	6.698153972625732
infection_study_01	Myeloid/DC	Myeloid_lineage:22	259	Classical Monocyte	True	Classical Monocyte	2.155029286218618	1.0937284566673748	1.0613008295512432	0.8915046245721361	0.166023166023166	0.6420297848869277	4.494208494208494	1.0	cluster_consensus_marker_source_support	Classical Monocyte:244; Non-Classical Monocyte:8; CD4 Naive / T Central Memory:3; Myeloid Cell:2	Classical Monocyte:248; Non-Classical Monocyte:10; RBC:1	Classical Monocyte:248; Non-Classical Monocyte:10; RBC:1	Classical Monocyte:166; Blood Cell:62; Neutrophil:19; Intermediate Monocyte:9	Monocyte:177; Blood Cell:59; Granulocyte:19; Myeloid Cell:3	Classical Monocyte:258; Non-Classical Monocyte:1	not_available:259	504.0	833.0	4.243281364440918
infection_study_01	Myeloid/DC	Myeloid_lineage:23	226	Classical Monocyte	True	Classical Monocyte	1.7854611926228183	0.6375279561110119	1.147933236511807	0.7406234068895201	0.1150442477876106	0.5404551201011378	3.7831858407079646	1.0	cluster_consensus_marker_source_support	Classical Monocyte:172; Non-Classical Monocyte:37; Conventional DC 2:9; CD8 Cytotoxic / T Effector Memory:5	Classical Monocyte:176; Non-Classical Monocyte:38; Conventional DC 2:10; NK Cell:1	Classical Monocyte:177; Non-Classical Monocyte:39; Blood Cell:10	Classical Monocyte:136; Intermediate Monocyte:47; Blood Cell:19; Conventional DC 2:11	Monocyte:194; Blood Cell:19; DC:12; Granulocyte:1	Classical Monocyte:194; Non-Classical Monocyte:23; Conventional DC 2:9	not_available:226	3611.5	15297.0	7.623775005340576
infection_study_01	Myeloid/DC	Myeloid_lineage:24	186	Classical Monocyte	True	Classical Monocyte	2.331173251719091	0.8067389013792666	1.5244343503398246	0.8739439953390139	0.2580645161290322	0.7043010752688172	4.93010752688172	1.0	cluster_consensus_marker_source_support	Classical Monocyte:186	Classical Monocyte:186	Classical Monocyte:186	Classical Monocyte:175; Blood Cell:11	Monocyte:175; Blood Cell:11	Classical Monocyte:184; Non-Classical Monocyte:2	not_available:186	2618.5	9053.0	7.753094673156738
infection_study_01	Myeloid/DC	Myeloid_lineage:25	119	Non-Classical Monocyte	True	Non-Classical Monocyte	2.181998659197129	0.99239031422051	1.189608344976619	0.969594348554366	0.6302521008403361	0.4237695078031214	2.966386554621849	1.0	cluster_consensus_marker_source_support	Non-Classical Monocyte:114; Classical Monocyte:5	Non-Classical Monocyte:110; Classical Monocyte:9	Non-Classical Monocyte:110; Classical Monocyte:9	Intermediate Monocyte:108; Non-Classical Monocyte:10; Blood Cell:1	Monocyte:118; Blood Cell:1	Classical Monocyte:110; Non-Classical Monocyte:9	not_available:119	3406.0	13296.0	4.49884033203125
infection_study_01	Myeloid/DC	Myeloid_lineage:26	88	Classical Monocyte	True	Classical Monocyte	2.332652747078135	1.3108735731168548	1.02177917396128	0.9193977132036996	0.2159090909090909	0.7012987012987013	4.909090909090909	1.0	cluster_consensus_marker_source_support	Classical Monocyte:88	Classical Monocyte:88	Classical Monocyte:88	Classical Monocyte:80; Blood Cell:4; Neutrophil:4	Monocyte:80; Blood Cell:4; Granulocyte:4	Classical Monocyte:88	not_available:88	2426.0	7765.5	4.688279151916504
infection_study_01	Myeloid/DC	Myeloid_lineage:27	85	Classical Monocyte	True	Classical Monocyte	1.4906540833506223	1.203699985128419	0.2869540982222034	0.3967118199694123	0.0	0.5966386554621849	4.176470588235294	1.0	cluster_consensus_marker_source_support	Classical Monocyte:52; Non-Classical Monocyte:29; Blood Cell:4	Classical Monocyte:85	Classical Monocyte:85	Classical Monocyte:48; Intermediate Monocyte:24; Blood Cell:13	Monocyte:72; Blood Cell:13	Classical Monocyte:85	not_available:85	2752.0	10211.0	6.669074058532715
infection_study_01	Myeloid/DC	Myeloid_lineage:28	83	Classical Monocyte	True	Classical Monocyte	1.919901122013569	1.498123465490289	0.4217776565232805	0.9452334134440318	0.0120481927710843	0.5576592082616176	3.903614457831325	1.0	cluster_consensus_marker_source_support	Classical Monocyte:79; CD4 Naive / T Central Memory:3; Treg:1	Classical Monocyte:81; Platelet:2	Classical Monocyte:81; Platelet:2	Neutrophil:83	Granulocyte:83	Classical Monocyte:83	not_available:83	581.0	1248.0	1.0917030572891235
infection_study_01	Myeloid/DC	Myeloid_lineage:29	82	Plasmacytoid DC	True	Plasmacytoid DC	2.510687137018222	1.0923893536002995	1.4182977834179225	0.9990987546427792	0.7317073170731707	0.5400696864111496	3.7804878048780486	1.0	cluster_consensus_marker_source_support	Plasmacytoid DC:78; Classical Monocyte:3; Conventional DC 1:1	Plasmacytoid DC:77; Classical Monocyte:3; Blood Cell:2	Plasmacytoid DC:77; Classical Monocyte:3; Blood Cell:2	Plasmacytoid DC:78; Blood Cell:4	DC:78; Blood Cell:4	Conventional DC 2:82	not_available:82	3117.5	12273.5	5.283995628356934
infection_study_01	Myeloid/DC	Myeloid_lineage:3	1295	Classical Monocyte	True	Classical Monocyte	1.9911255527017568	1.083130912120737	0.9079946405810196	0.7459034301944505	0.0308880308880308	0.6816326530612246	4.771428571428571	1.0	cluster_consensus_marker_source_support	Classical Monocyte:1257; Non-Classical Monocyte:35; Blood Cell:2; Conventional DC 2:1	Classical Monocyte:1275; Non-Classical Monocyte:18; Conventional DC 2:2	Classical Monocyte:1275; Non-Classical Monocyte:18; Blood Cell:2	Classical Monocyte:1084; Blood Cell:100; Conventional DC 2:56; Intermediate Monocyte:53	Monocyte:1139; Blood Cell:100; DC:56	Classical Monocyte:1288; Non-Classical Monocyte:5; Conventional DC 2:2	not_available:1295	2783.0	10691.0	6.860967636108398
infection_study_01	Myeloid/DC	Myeloid_lineage:30	69	Classical Monocyte	True	Classical Monocyte	2.0412489465963355	0.7895101803010913	1.2517387662952442	0.8739895127812978	0.0144927536231884	0.6542443064182195	4.579710144927536	1.0	cluster_consensus_marker_source_support	Classical Monocyte:66; Non-Classical Monocyte:3	Classical Monocyte:65; Non-Classical Monocyte:3; RBC:1	Classical Monocyte:65; Non-Classical Monocyte:3; RBC:1	Classical Monocyte:53; Blood Cell:12; Non-Classical Monocyte:3; Neutrophil:1	Monocyte:56; Blood Cell:7; RBC:5; Granulocyte:1	Classical Monocyte:67; Non-Classical Monocyte:2	not_available:69	2443.0	9697.0	6.901615142822266
infection_study_01	Myeloid/DC	Myeloid_lineage:31	48	Classical Monocyte	True	Classical Monocyte	1.6518393598426917	1.0143775944942102	0.6374617653484813	0.6478770664918797	0.0	0.5625	3.9375	1.0	cluster_consensus_marker_source_support	Classical Monocyte:38; Non-Classical Monocyte:9; Conventional DC 2:1	Classical Monocyte:40; Non-Classical Monocyte:7; Conventional DC 2:1	Classical Monocyte:40; Non-Classical Monocyte:7; Blood Cell:1	Classical Monocyte:27; Blood Cell:10; Intermediate Monocyte:7; Non-Classical Monocyte:3	Monocyte:37; Blood Cell:10; DC:1	Classical Monocyte:44; Non-Classical Monocyte:3; Conventional DC 2:1	not_available:48	3784.5	16507.5	7.910853385925293
infection_study_01	Myeloid/DC	Myeloid_lineage:32	34	Myeloid Cell	False	Conventional DC 2	1.3738172502997266	1.3629301742545392	0.0108870760451873	0.998452406962348	0.2647058823529412	0.1386554621848739	0.9705882352941176	1.0	cluster_parent_insufficient_consensus	Conventional DC 1:33; Classical Monocyte:1	Conventional DC 1:33; Classical Monocyte:1	Conventional DC 1:33; Classical Monocyte:1	Conventional DC 1:32; Non-Classical Monocyte:1; Blood Cell:1	DC:32; Monocyte:1; Blood Cell:1	Conventional DC 2:33; Classical Monocyte:1	not_available:34	4084.0	25075.5	5.9026384353637695
infection_study_01	Myeloid/DC	Myeloid_lineage:4	1199	Classical Monocyte	True	Classical Monocyte	2.316890446097009	0.8487327254229174	1.468157720674092	0.9009176316364432	0.25604670558799	0.684856427975694	4.793994995829858	1.0	cluster_consensus_marker_source_support	Classical Monocyte:1190; Non-Classical Monocyte:9	Classical Monocyte:1189; Non-Classical Monocyte:10	Classical Monocyte:1189; Non-Classical Monocyte:10	Classical Monocyte:986; Blood Cell:162; Neutrophil:27; Intermediate Monocyte:12	Monocyte:1005; Blood Cell:162; Granulocyte:27; DC:4	Classical Monocyte:1194; Non-Classical Monocyte:4; Conventional DC 2:1	not_available:1199	2357.0	7727.0	7.5691609382629395
infection_study_01	Myeloid/DC	Myeloid_lineage:5	1196	Classical Monocyte	True	Classical Monocyte	2.176672060733673	0.891331928394961	1.285340132338712	0.8616815963877358	0.06438127090301	0.7103440038222648	4.972408026755853	1.0	cluster_consensus_marker_source_support	Classical Monocyte:1194; Blood Cell:1; Non-Classical Monocyte:1	Classical Monocyte:1195; Conventional DC 2:1	Classical Monocyte:1195; Blood Cell:1	Classical Monocyte:1168; Blood Cell:25; Intermediate Monocyte:1; Conventional DC 2:1	Monocyte:1169; Blood Cell:24; Granulocyte:2; DC:1	Classical Monocyte:1195; Conventional DC 2:1	not_available:1196	2948.0	11609.5	7.376312732696533
infection_study_01	Myeloid/DC	Myeloid_lineage:6	1187	Classical Monocyte	True	Classical Monocyte	2.0674738799672148	0.8459224643628173	1.2215514156043974	0.7994865632510378	0.0682392586352148	0.6807076663858467	4.764953664700927	1.0	cluster_consensus_marker_source_support	Classical Monocyte:1171; Non-Classical Monocyte:15; Conventional DC 2:1	Classical Monocyte:1170; Non-Classical Monocyte:16; Conventional DC 2:1	Classical Monocyte:1170; Non-Classical Monocyte:16; Blood Cell:1	Classical Monocyte:960; Blood Cell:105; Intermediate Monocyte:59; Conventional DC 2:57	Monocyte:1019; Blood Cell:105; DC:63	Classical Monocyte:1185; Non-Classical Monocyte:2	not_available:1187	3068.0	10794.0	6.9486403465271
infection_study_01	Myeloid/DC	Myeloid_lineage:7	949	Classical Monocyte	True	Classical Monocyte	1.7950660180652456	1.1566858551703862	0.6383801628948593	0.6473854781152137	0.0200210748155953	0.6296853831100405	4.407797681770284	1.0	cluster_consensus_marker_source_support	Classical Monocyte:868; Non-Classical Monocyte:80; Conventional DC 2:1	Classical Monocyte:890; Non-Classical Monocyte:58; Conventional DC 2:1	Classical Monocyte:890; Non-Classical Monocyte:58; Blood Cell:1	Classical Monocyte:597; Blood Cell:120; Conventional DC 2:113; Intermediate Monocyte:112	Monocyte:710; Blood Cell:120; DC:119	Classical Monocyte:938; Non-Classical Monocyte:11	not_available:949	2870.0	10662.0	6.377745628356934
infection_study_01	Myeloid/DC	Myeloid_lineage:8	918	Classical Monocyte	True	Classical Monocyte	2.1980503583221456	0.820051488174713	1.3779988701474326	0.8677718301653193	0.1318082788671024	0.6903205726735137	4.832244008714597	1.0	cluster_consensus_marker_source_support	Classical Monocyte:915; Non-Classical Monocyte:2; Blood Cell:1	Classical Monocyte:915; Non-Classical Monocyte:2; Platelet:1	Classical Monocyte:915; Non-Classical Monocyte:2; Platelet:1	Classical Monocyte:773; Blood Cell:123; Neutrophil:9; Conventional DC 2:8	Monocyte:779; Blood Cell:121; Granulocyte:10; DC:8	Classical Monocyte:918	not_available:918	1136.5	2692.0	8.325376510620117
infection_study_01	Myeloid/DC	Myeloid_lineage:9	894	Classical Monocyte	True	Classical Monocyte	1.9230749307698467	0.9853354688738202	0.9377394618960264	0.7210509067074503	0.0302013422818791	0.657877916267178	4.605145413870246	1.0	cluster_consensus_marker_source_support	Classical Monocyte:814; Non-Classical Monocyte:72; Blood Cell:6; Conventional DC 2:2	Classical Monocyte:868; Non-Classical Monocyte:22; Conventional DC 2:4	Classical Monocyte:868; Non-Classical Monocyte:22; Blood Cell:4	Classical Monocyte:698; Blood Cell:87; Intermediate Monocyte:74; Conventional DC 2:29	Monocyte:778; Blood Cell:87; DC:29	Classical Monocyte:869; Non-Classical Monocyte:19; Conventional DC 2:6	not_available:894	2651.5	9030.0	5.785013675689697
infection_study_01	Artifact/Other	leiden:0	7	Blood Cell	False	Platelet	1.119371591765393	0.8705288866693718	0.2488427050960212	0.8582586847279877	0.1428571428571428	0.1224489795918367	0.8571428571428571	1.0	cluster_parent_insufficient_consensus	Blood Cell:4; Naive B Cell:2; Memory B Cell:1	Naive B Cell:3; Platelet:2; CD4 Naive / T Central Memory:1; B Cell:1	Blood Cell:5; Platelet:2	Blood Cell:6; Platelet:1	Blood Cell:6; Platelet:1	Naive B Cell:7	Naive B Cell:6; not_available:1	1414.0	3289.0	6.117098808288574
infection_study_01	Artifact/Other	leiden:1	10	Blood Cell	False	Platelet	1.4096935765785448	0.354435765785449	1.0552578107930957	0.9663261961983832	0.2	0.1999999999999999	1.4	1.0	cluster_parent_insufficient_consensus	NK Cell:10	Platelet:6; NK Cell:4	Platelet:6; Blood Cell:4	Blood Cell:9; Platelet:1	Blood Cell:9; Platelet:1	NK Cell:10	not_available:10	1654.0	4464.5	8.74264907836914
infection_study_01	Artifact/Other	leiden:11	1	Platelet	True	Platelet	2.770114547894753	0.0181559973781953	2.751958550516558	0.9826669579782972	1.0	0.5714285714285714	4.0	1.0	cluster_consensus_marker_source_support	Classical Monocyte:1	Platelet:1	Platelet:1	Platelet:1	Platelet:1	Classical Monocyte:1	not_available:1	1334.0	3387.0	8.503100395202637
infection_study_01	Artifact/Other	leiden:12	17	Blood Cell	False	RBC	1.7216585760369256	0.1088212803146165	1.6128372957223092	0.988584225475202	1.0	0.0168067226890756	0.1176470588235294	1.0	cluster_parent_insufficient_consensus	CD8 Cytotoxic / T Effector Memory:12; NK Cell:4; ydT Cell:1	NK Cell:17	Blood Cell:17	Blood Cell:17	Blood Cell:15; RBC:2	NK Cell:17	not_available:17	1798.0	4720.0	6.0905537605285645
infection_study_01	Artifact/Other	leiden:15	4	RBC	True	RBC	2.376457598551765	0.0041211492243827	2.372336449327382	0.9976512999781516	1.0	0.3571428571428571	2.5	1.0	cluster_consensus_marker_source_support	Classical Monocyte:3; Blood Cell:1	RBC:4	RBC:4	Blood Cell:3; Classical Monocyte:1	RBC:2; Monocyte:1; Blood Cell:1	Classical Monocyte:4	not_available:4	1377.5	6217.5	6.12357234954834
infection_study_01	Artifact/Other	leiden:16	1335	Platelet	True	Platelet	3.0055868707765216	0.0412228787644459	2.964363992012076	0.9878377394217464	0.6404494382022472	0.8443017656500801	5.910112359550562	1.0	cluster_consensus_marker_source_support	Platelet:1258; CD4 Naive / T Central Memory:35; Classical Monocyte:34; Blood Cell:3	Platelet:1324; CD4 Naive / T Central Memory:6; Classical Monocyte:5	Platelet:1325; Classical Monocyte:5; Blood Cell:5	Platelet:1324; Blood Cell:11	Platelet:1324; Blood Cell:10; RBC:1	Platelet:1335	not_available:1293; CD4 Naive / T Central Memory:36; CD4 T Effector Memory:6	545.0	1256.0	4.309656620025635
infection_study_01	Artifact/Other	leiden:19	3	Platelet	True	Platelet	1.729561888115526	0.062087611972908	1.667474276142618	0.9270264365304784	0.6666666666666666	0.1904761904761904	1.3333333333333333	1.0	cluster_consensus_marker_source_support	Blood Cell:2; CD8 Cytotoxic / T Effector Memory:1	Platelet:2; CD8 Cytotoxic / T Effector Memory:1	Platelet:2; Blood Cell:1	Blood Cell:2; CD8 Cytotoxic / T Effector Memory:1	Blood Cell:2; T Cell:1	CD8 Cytotoxic / T Effector Memory:3	not_available:3	2820.0	10037.0	6.9568047523498535
infection_study_01	Artifact/Other	leiden:2	6	Blood Cell	False	HSC	1.2476376447454665	0.6980495775981357	0.5495880671473308	0.9418196052727406	0.5	0.0	0.0	1.0	cluster_parent_insufficient_consensus	Blood Cell:4; CD8 Cytotoxic / T Effector Memory:1; CD4 T Effector Memory:1	Lymphoid Cell:3; CD8 Naive / T Central Memory:2; CD4 T Effector Memory:1	Blood Cell:3; Lymphoid Cell:3	Blood Cell:5; Lymphoid Cell:1	Blood Cell:5; Lymphoid Cell:1	CD4 T Effector Memory:6	not_available:4; CD4 Naive / T Central Memory:2	1343.0	4269.0	6.366483688354492
infection_study_01	Artifact/Other	leiden:21	2	Blood Cell	False	RBC	1.01338349355473	0.3896616233340616	0.6237218702206685	0.6815372150608113	0.5	0.0	0.0	1.0	cluster_parent_insufficient_consensus	NK Cell:1; Memory B Cell:1	NK Cell:1; ydT Cell:1	Blood Cell:2	Blood Cell:2	Blood Cell:2	MAIT Cell:2	not_available:2	1045.0	2351.0	7.7844438552856445
infection_study_01	Artifact/Other	leiden:22	53	RBC	True	RBC	1.8229442801726905	0.0509673941016461	1.7719768860710443	0.9913516859660622	0.8113207547169812	0.1482479784366576	1.0377358490566038	1.0	cluster_consensus_marker_source_support	NK Cell:17; CD4 Naive / T Central Memory:7; CD8 Cytotoxic / T Effector Memory:7; Classical Monocyte:7	RBC:18; CD4 Naive / T Central Memory:8; CD8 Cytotoxic / T Effector Memory:7; NK Cell:6	Blood Cell:24; RBC:20; Lymphoid Cell:2; Platelet:2	Blood Cell:52; Platelet:1	Blood Cell:35; RBC:17; Platelet:1	Classical Monocyte:45; CD8 Cytotoxic / T Effector Memory:8	not_available:44; CD4 Naive / T Central Memory:7; CD4 T Effector Memory:1; Naive B Cell:1	792.0	2427.0	5.807200908660889
infection_study_01	Artifact/Other	leiden:23	32	Blood Cell	False	RBC	1.179909933986704	1.0972785121258466	0.0826314218608572	0.912697545699512	0.4375	0.0044642857142857	0.03125	1.0	cluster_parent_insufficient_consensus	NK Cell:18; CD8 Cytotoxic / T Effector Memory:5; CD4 Naive / T Central Memory:3; Memory B Cell:2	CD8 Cytotoxic / T Effector Memory:18; NK Cell:9; CD4 Naive / T Central Memory:3; CD4 T Effector Memory:1	Blood Cell:31; Platelet:1	Blood Cell:32	Blood Cell:31; RBC:1	NK Cell:25; CD4 Naive / T Central Memory:4; CD8 Cytotoxic / T Effector Memory:2; Classical Monocyte:1	not_available:31; CD4 Naive / T Central Memory:1	609.0	1118.0	6.899133682250977
infection_study_01	Artifact/Other	leiden:24	36	HSC	True	HSC	1.984318807633752	0.8930471023162742	1.0912717053174776	0.9896311266477316	0.5	0.365079365079365	2.555555555555556	1.0	cluster_consensus_marker_source_support	Blood Cell:16; HSC:13; Platelet:2; CD4 Naive / T Central Memory:2	HSC:25; CD4 Naive / T Central Memory:6; Platelet:3; RBC:1	HSC:25; Blood Cell:7; Platelet:3; RBC:1	Blood Cell:21; HSC:12; Lymphoid Cell:2; Platelet:1	HSC:17; Blood Cell:15; Lymphoid Cell:2; Platelet:1	NK Cell:36	not_available:27; CD4 Naive / T Central Memory:6; CD4 T Effector Memory:2; Naive B Cell:1	3131.0	13091.5	6.705412864685059
infection_study_01	Artifact/Other	leiden:26	2	Platelet	True	Platelet	2.4977258185336617	0.068543805986454	2.429182012547208	0.9736636078945452	0.5	0.6428571428571428	4.5	1.0	cluster_consensus_marker_source_support	Classical Monocyte:1; Platelet:1	Platelet:2	Platelet:2	Platelet:2	Platelet:2	Classical Monocyte:2	not_available:2	3449.5	15960.0	10.62393569946289
infection_study_01	Artifact/Other	leiden:27	1	Blood Cell	False	HSC	1.6906680139829584	0.8209362027528949	0.8697318112300635	0.9896311266477316	1.0	0.0	0.0	1.0	cluster_parent_insufficient_consensus	Blood Cell:1	Classical Monocyte:1	Classical Monocyte:1	Blood Cell:1	Blood Cell:1	Classical Monocyte:1	not_available:1	417.0	615.0	1.9512195587158203
infection_study_01	Artifact/Other	leiden:28	2	Blood Cell	False	RBC	1.685997924404632	0.3856101157963731	1.3003878086082588	0.9844421382273688	1.0	0.0	0.0	1.0	cluster_parent_insufficient_consensus	Blood Cell:2	Classical Monocyte:2	Classical Monocyte:2	Blood Cell:2	Blood Cell:2	Classical Monocyte:2	not_available:2	3252.0	13545.5	6.447470188140869
infection_study_01	Artifact/Other	leiden:29	5	Blood Cell	False	HSC	1.3104894035394363	0.7662715752676426	0.5442178282717938	0.922766003932707	0.6	0.0	0.0	1.0	cluster_parent_insufficient_consensus	Conventional DC 2:5	Conventional DC 2:3; Blood Cell:2	Blood Cell:5	Blood Cell:5	Blood Cell:5	Conventional DC 2:5	not_available:5	3703.0	19081.0	6.953033924102783
infection_study_01	Artifact/Other	leiden:3	1	Platelet	True	Platelet	2.2105270139517463	0.015403102468866	2.1951239114828804	0.9640776345495594	1.0	0.2857142857142857	2.0	1.0	cluster_consensus_marker_source_support	NK Cell:1	Platelet:1	Platelet:1	Blood Cell:1	Blood Cell:1	CD8 Cytotoxic / T Effector Memory:1	not_available:1	1617.0	5704.0	11.220196723937988
infection_study_01	Artifact/Other	leiden:32	2	Blood Cell	False	RBC	1.6168314398077344	0.0822755079746559	1.5345559318330784	0.9075904886752604	1.0	0.0	0.0	1.0	cluster_parent_insufficient_consensus	CD8 Cytotoxic / T Effector Memory:1; NK Cell:1	NK Cell:2	Blood Cell:2	Blood Cell:2	Blood Cell:2	NK Cell:2	not_available:2	2441.5	7631.0	8.573758125305176
infection_study_01	Artifact/Other	leiden:33	4	Blood Cell	False	Platelet	0.774227503979525	0.1345805112519117	0.6396469927276133	0.4872369091835992	0.25	0.0714285714285714	0.5	1.0	cluster_parent_insufficient_consensus	Memory B Cell:1; NK Cell:1; Naive B Cell:1; CD8 Cytotoxic / T Effector Memory:1	CD8 Cytotoxic / T Effector Memory:2; B Cell:1; Platelet:1	Blood Cell:3; Platelet:1	Blood Cell:4	Blood Cell:4	B Cell:4	not_available:3; Naive B Cell:1	2528.0	8016.5	7.3144211769104
infection_study_01	Artifact/Other	leiden:35	1	Blood Cell	False	RBC	1.6937404413371204	0.0300196635350666	1.6637207778020535	0.9930449348190228	1.0	0.0	0.0	1.0	cluster_parent_insufficient_consensus	CD4 T Effector Memory:1	CD4 Naive / T Central Memory:1	Blood Cell:1	Blood Cell:1	Blood Cell:1	Classical Monocyte:1	not_available:1	2134.0	7908.0	11.621143341064451
infection_study_01	Artifact/Other	leiden:36	144	RBC	True	RBC	2.417082349289581	0.0524905193670214	2.3645918299225595	0.9986982011506808	0.9930555555555556	0.3809523809523809	2.6666666666666665	1.0	cluster_consensus_marker_source_support	Blood Cell:123; NK Cell:11; Naive B Cell:3; Platelet:3	RBC:134; Platelet:5; NK Cell:3; Naive B Cell:1	RBC:134; Platelet:5; NK Cell:3; Blood Cell:2	Blood Cell:141; Platelet:3	RBC:115; Blood Cell:26; Platelet:3	Blood Cell:136; Platelet:8	not_available:126; CD4 Naive / T Central Memory:14; Plasma Cell:3; CD4 T Effector Memory:1	549.5	4031.0	2.0322132110595703
infection_study_01	Artifact/Other	leiden:37	2	Blood Cell	False	RBC	0.5194778239021193	0.351076032335591	0.1684017915665283	0.5771975821134658	0.0	0.0	0.0	1.0	cluster_parent_insufficient_consensus	CD8 Cytotoxic / T Effector Memory:1; Classical Monocyte:1	CD8 Cytotoxic / T Effector Memory:1; CD4 Naive / T Central Memory:1	Blood Cell:2	Blood Cell:2	Blood Cell:2	Classical Monocyte:2	not_available:2	2190.0	6368.0	6.758722305297852
infection_study_01	Artifact/Other	leiden:40	46	Platelet	True	Platelet	2.038629482817816	0.0282253659602359	2.01040411685758	0.9735634695215206	0.4130434782608695	0.437888198757764	3.065217391304348	1.0	cluster_consensus_marker_source_support	CD8 Cytotoxic / T Effector Memory:10; NK Cell:9; CD4 Naive / T Central Memory:9; Platelet:6	Platelet:39; CD4 Naive / T Central Memory:7	Platelet:40; Blood Cell:6	Platelet:28; Blood Cell:18	Platelet:28; Blood Cell:18	CD8 Cytotoxic / T Effector Memory:22; Classical Monocyte:17; NK Cell:7	not_available:35; CD4 Naive / T Central Memory:5; CD4 T Effector Memory:4; Naive B Cell:1	1649.0	4809.5	6.739744663238525
infection_study_01	Artifact/Other	leiden:5	5	Blood Cell	False	HSC	1.3106123006336028	0.8119281188551453	0.4986841817784575	0.9229025562595586	0.6	0.0	0.0	1.0	cluster_parent_insufficient_consensus	CD8 Cytotoxic / T Effector Memory:2; Blood Cell:2; NK Cell:1	CD4 T Effector Memory:2; CD8 Cytotoxic / T Effector Memory:2; CD4 Naive / T Central Memory:1	Blood Cell:5	Blood Cell:5	Blood Cell:5	CD4 T Effector Memory:3; CD4 Naive / T Central Memory:1; CD8 Cytotoxic / T Effector Memory:1	not_available:4; CD4 Naive / T Central Memory:1	1375.0	3768.0	9.295392990112305
infection_study_01	Artifact/Other	leiden:6	19	Blood Cell	False	RBC	1.3637649057645205	0.9995004854281212	0.3642644203363991	0.9538908309664264	0.631578947368421	0.0	0.0	1.0	cluster_parent_insufficient_consensus	NK Cell:15; CD8 Cytotoxic / T Effector Memory:4	NK Cell:10; Platelet:5; ydT Cell:3; CD8 Cytotoxic / T Effector Memory:1	Blood Cell:14; Platelet:5	Blood Cell:19	Blood Cell:19	NK Cell:19	not_available:19	1621.0	4360.0	8.555950164794922
infection_study_01	Artifact/Other	leiden:7	3	Platelet	True	Platelet	1.4941438559255906	0.7155687859587794	0.7785750699668113	0.9617471415046246	0.3333333333333333	0.1904761904761904	1.3333333333333333	1.0	cluster_consensus_marker_source_support	Classical Monocyte:1; Blood Cell:1; CD4 Naive / T Central Memory:1	CD4 Naive / T Central Memory:1; CD8 Naive / T Central Memory:1; Platelet:1	Blood Cell:2; Platelet:1	Blood Cell:2; Platelet:1	Blood Cell:2; Platelet:1	CD4 Naive / T Central Memory:3	CD4 Naive / T Central Memory:2; not_available:1	1690.0	5359.0	10.216717720031738
infection_study_01	Artifact/Other	leiden:8	3	Blood Cell	False	HSC	1.157334680649625	1.134337578159951	0.022997102489674	0.9896311266477316	0.3333333333333333	0.0	0.0	1.0	cluster_parent_insufficient_consensus	Memory B Cell:1; Naive B Cell:1; B Cell:1	CD4 Naive / T Central Memory:2; Platelet:1	Blood Cell:2; Platelet:1	Blood Cell:2; Platelet:1	Blood Cell:2; Platelet:1	B Cell:3	Memory B Cell:2; not_available:1	869.0	1712.0	8.36511516571045
infection_study_04	B	B_lineage:0	802	Naive B Cell	True	Naive B Cell	2.3124826150305324	0.2823924882719906	2.030090126758542	0.9851714762263806	0.5698254364089775	0.5105094406840042	3.57356608478803	1.0	cluster_consensus_marker_source_support	Naive B Cell:636; B Cell:65; Blood Cell:35; CD4 Naive / T Central Memory:31	Naive B Cell:677; B Cell:124; Memory B Cell:1	Blood Cell:802	Naive B Cell:757; Memory B Cell:23; Blood Cell:19; B Cell:3	B Cell:781; Blood Cell:21	B Cell:802	Naive B Cell:796; Memory B Cell:6	841.0	1703.0	0.0
infection_study_04	B	B_lineage:1	540	Plasma Cell	True	Plasma Cell	1.9770378693666784	1.055078434828589	0.9219594345380896	0.948237256380378	0.337037037037037	0.4494708994708994	3.1462962962962964	0.8888888888888888	cluster_consensus_marker_source_support	Plasma Cell:285; CD4 Naive / T Central Memory:84; Plasmablast:53; Blood Cell:48	Plasmablast:302; CD4 Naive / T Central Memory:102; Classical Monocyte:85; Memory B Cell:20	Plasma Cell:292; Classical Monocyte:99; Blood Cell:88; CD4 Naive / T Central Memory:24	Plasma Cell:526; Blood Cell:8; Memory B Cell:4; Naive B Cell:2	B Cell:532; Blood Cell:8	Plasma Cell:529; B Cell:7; Blood Cell:4	Memory B Cell:279; Naive B Cell:166; Plasma Cell:67; not_available:24	674.0	1609.0	0.0
infection_study_04	B	B_lineage:10	277	Plasma Cell	True	Plasma Cell	2.423441025724235	1.3165316362504886	1.1069093894737465	0.9619804875819682	0.5054151624548736	0.6070139247034554	4.249097472924188	0.8888888888888888	cluster_consensus_marker_source_support	Plasma Cell:223; CD4 Naive / T Central Memory:30; Plasmablast:17; Blood Cell:2	Plasmablast:261; CD4 Naive / T Central Memory:7; B Cell:5; Memory B Cell:4	Plasma Cell:258; Blood Cell:9; CD4 Naive / T Central Memory:7; Plasmablast:3	Plasma Cell:264; Blood Cell:7; Memory B Cell:4; B Cell:1	B Cell:271; Blood Cell:6	Plasma Cell:266; B Cell:8; HSC:3	Plasma Cell:166; Naive B Cell:64; Memory B Cell:47	598.0	1882.0	0.0
infection_study_04	B	B_lineage:11	269	Plasma Cell	True	Plasma Cell	2.683348245375219	1.380266383343331	1.3030818620318878	0.9795508031165032	0.5910780669144982	0.6994158258098777	4.895910780669145	0.8888888888888888	cluster_consensus_marker_source_support	Plasma Cell:268; Plasmablast:1	Plasmablast:269	Plasma Cell:269	Plasma Cell:269	B Cell:269	Plasma Cell:269	Plasma Cell:242; Naive B Cell:23; Memory B Cell:4	686.0	2190.0	0.0
infection_study_04	B	B_lineage:12	222	Plasmablast	True	Plasmablast	2.2332982008182505	1.810087994048512	0.4232102067697383	0.9848744487856148	0.7162162162162162	0.4073359073359074	2.8513513513513518	0.875	cluster_consensus_marker_source_support	Plasmablast:192; Plasma Cell:11; T Cell:7; CD4 Naive / T Central Memory:7	Plasmablast:221; NK Cell:1	Plasmablast:220; Plasma Cell:1; NK Cell:1	Plasma Cell:215; Blood Cell:6; Lymphoid Cell:1	B Cell:216; Blood Cell:5; Lymphoid Cell:1	Plasma Cell:222	Plasma Cell:196; Naive B Cell:14; Memory B Cell:11; not_available:1	1181.0	2326.0	0.0
infection_study_04	B	B_lineage:13	207	Plasma Cell	True	Plasma Cell	2.145822790845992	1.834293769363372	0.3115290214826198	0.966641533575525	0.3671497584541063	0.5169082125603864	3.6183574879227054	0.8888888888888888	cluster_consensus_marker_source_support	Plasmablast:109; Plasma Cell:73; CD4 Naive / T Central Memory:13; Blood Cell:5	Plasmablast:204; CD4 Naive / T Central Memory:2; B Cell:1	Plasma Cell:103; Plasmablast:102; Blood Cell:2	Plasma Cell:202; Blood Cell:5	B Cell:202; Blood Cell:5	Plasma Cell:206; B Cell:1	Plasma Cell:165; Memory B Cell:21; Naive B Cell:20; not_available:1	928.0	2107.0	0.0
infection_study_04	B	B_lineage:14	187	Naive B Cell	True	Naive B Cell	1.5617930218467286	1.1678791397665005	0.3939138820802281	0.958141979116686	0.3155080213903743	0.2352941176470588	1.6470588235294117	1.0	cluster_consensus_marker_source_support	CD4 Naive / T Central Memory:72; B Cell:35; Naive B Cell:30; Treg:13	B Cell:102; Naive B Cell:64; Memory B Cell:14; CD4 Naive / T Central Memory:7	Blood Cell:187	Naive B Cell:105; Memory B Cell:71; Blood Cell:10; Plasma Cell:1	B Cell:177; Blood Cell:10	B Cell:187	Naive B Cell:109; Memory B Cell:73; not_available:5	1256.0	2234.0	0.0
infection_study_04	B	B_lineage:15	119	Plasma Cell	True	Plasma Cell	2.249083001491775	1.3717449225217535	0.8773380789700211	0.9606324399661844	0.4789915966386555	0.5270108043217288	3.689075630252101	0.8888888888888888	cluster_consensus_marker_source_support	Plasma Cell:76; Plasmablast:22; Classical Monocyte:13; CD4 Naive / T Central Memory:5	Plasmablast:90; Classical Monocyte:17; RBC:7; B Cell:3	Plasma Cell:66; Plasmablast:24; Classical Monocyte:17; RBC:8	Plasma Cell:113; Blood Cell:3; Naive B Cell:2; Memory B Cell:1	B Cell:116; Blood Cell:3	Plasma Cell:115; Classical Monocyte:2; Blood Cell:1; B Cell:1	Plasma Cell:69; Memory B Cell:38; Naive B Cell:12	999.0	2186.0	0.0
infection_study_04	B	B_lineage:16	96	B Cell	False	Naive B Cell	1.363566269351664	1.3196118283834202	0.0439544409682439	0.953069664358992	0.21875	0.1741071428571428	1.21875	1.0	cluster_parent_insufficient_consensus	B Cell:29; Naive B Cell:20; CD4 Naive / T Central Memory:19; Memory B Cell:13	B Cell:77; Naive B Cell:12; Memory B Cell:6; CD4 Naive / T Central Memory:1	Blood Cell:96	Memory B Cell:56; Naive B Cell:32; Blood Cell:5; B Cell:2	B Cell:90; Blood Cell:6	B Cell:96	Naive B Cell:53; Memory B Cell:43	773.0	1731.5	0.0
infection_study_04	B	B_lineage:17	65	Plasma Cell	True	Plasma Cell	1.798110061848495	1.160252455749063	0.6378576060994321	0.9431992140196952	0.2	0.4153846153846153	2.907692307692308	0.8888888888888888	cluster_consensus_marker_source_support	Plasma Cell:30; CD4 Naive / T Central Memory:11; Naive B Cell:8; Blood Cell:5	Plasmablast:44; Naive B Cell:11; B Cell:6; Classical Monocyte:2	Plasma Cell:35; Blood Cell:19; Plasmablast:8; Classical Monocyte:2	Plasma Cell:48; Naive B Cell:13; Memory B Cell:4	B Cell:65	Plasma Cell:44; B Cell:18; Platelet:2; Blood Cell:1	Plasma Cell:32; Naive B Cell:22; Memory B Cell:11	837.0	2052.0	0.0
infection_study_04	B	B_lineage:18	70	Plasma Cell	True	Plasma Cell	2.278589348139009	1.5988142030408707	0.6797751450981382	0.96509927571001	0.3714285714285714	0.5857142857142857	4.1	0.8888888888888888	cluster_consensus_marker_source_support	Plasma Cell:46; Plasmablast:12; CD4 Naive / T Central Memory:9; T Cell:1	Plasmablast:65; CD4 Naive / T Central Memory:3; B Cell:1; Memory B Cell:1	Plasma Cell:52; Plasmablast:13; Blood Cell:4; CD4 Naive / T Central Memory:1	Plasma Cell:67; Blood Cell:2; Memory B Cell:1	B Cell:68; Blood Cell:2	Plasma Cell:69; B Cell:1	Plasma Cell:53; Naive B Cell:8; Memory B Cell:7; not_available:2	1018.0	2286.0	0.0
infection_study_04	B	B_lineage:19	64	Plasma Cell	True	Plasma Cell	2.3941037094973705	1.6182065377045327	0.7758971717928378	0.9750953915050152	0.421875	0.6205357142857143	4.34375	0.8888888888888888	cluster_consensus_marker_source_support	Plasma Cell:53; Plasmablast:10; CD4 Naive / T Central Memory:1	Plasmablast:64	Plasma Cell:46; Plasmablast:18	Plasma Cell:62; Blood Cell:2	B Cell:62; Blood Cell:2	Plasma Cell:64	Plasma Cell:53; Naive B Cell:9; Memory B Cell:2	855.5	2237.5	0.0
infection_study_04	B	B_lineage:2	507	Naive B Cell	True	Naive B Cell	1.851289942914296	0.5686595993101948	1.282630343604101	0.9663216578700848	0.3925049309664694	0.3513665821358129	2.4595660749506902	1.0	cluster_consensus_marker_source_support	Naive B Cell:194; CD4 Naive / T Central Memory:121; Blood Cell:67; B Cell:63	Naive B Cell:274; B Cell:204; Memory B Cell:26; HSC:1	Blood Cell:502; CD4 Naive / T Central Memory:3; HSC:1; Plasma Cell:1	Naive B Cell:332; Memory B Cell:114; Blood Cell:48; B Cell:8	B Cell:455; Blood Cell:51; T Cell:1	B Cell:504; Plasma Cell:2; Classical Monocyte:1	Naive B Cell:447; Memory B Cell:56; Plasma Cell:2; not_available:2	635.0	1570.0	0.0
infection_study_04	B	B_lineage:20	47	Plasma Cell	True	Plasma Cell	2.42449843024088	1.401614698670627	1.022883731570253	0.9691319944250234	0.4893617021276595	0.6109422492401217	4.276595744680851	0.8888888888888888	cluster_consensus_marker_source_support	Plasma Cell:40; Plasmablast:4; CD4 Naive / T Central Memory:3	Plasmablast:43; CD4 Naive / T Central Memory:4	Plasma Cell:40; Blood Cell:4; Plasmablast:3	Plasma Cell:47	B Cell:47	Plasma Cell:47	Plasma Cell:27; Naive B Cell:15; Memory B Cell:4; not_available:1	893.0	2218.0	0.0
infection_study_04	B	B_lineage:21	32	B Cell	False	Plasma Cell	1.1756915374107693	1.1369685636438411	0.0387229737669281	0.6659469463294263	0.03125	0.2901785714285714	2.03125	0.8888888888888888	cluster_parent_insufficient_consensus	Plasma Cell:12; Naive B Cell:7; CD4 Naive / T Central Memory:4; B Cell:4	Plasmablast:14; B Cell:8; Naive B Cell:6; CD4 Naive / T Central Memory:1	Blood Cell:16; Plasma Cell:13; Plasmablast:1; RBC:1	Plasma Cell:17; Naive B Cell:9; Memory B Cell:6	B Cell:32	RBC:16; Plasma Cell:9; B Cell:7	Plasma Cell:14; Naive B Cell:13; Memory B Cell:4; not_available:1	697.0	1970.0	0.0
infection_study_04	B	B_lineage:22	15	Plasma Cell	True	Plasma Cell	1.8373743427043856	1.2386815898475367	0.5986927528568491	0.9589873649096352	0.2	0.4285714285714286	3.0	0.8888888888888888	cluster_consensus_marker_source_support	Plasma Cell:7; Plasmablast:3; B Cell:2; Blood Cell:1	Plasmablast:11; B Cell:2; Naive B Cell:2	Plasma Cell:7; Blood Cell:4; Plasmablast:4	Plasma Cell:11; Memory B Cell:2; Naive B Cell:2	B Cell:15	Plasma Cell:11; B Cell:3; Classical Monocyte:1	Plasma Cell:9; Memory B Cell:3; Naive B Cell:3	1063.0	2114.0	0.0
infection_study_04	B	B_lineage:3	522	Memory B Cell	True	Memory B Cell	1.5504201998469052	1.0043251596198906	0.5460950402270146	0.9646765828135352	0.2911877394636015	0.2364532019704432	1.6551724137931034	1.0	cluster_consensus_marker_source_support	B Cell:352; CD4 Naive / T Central Memory:43; Blood Cell:40; Memory B Cell:33	B Cell:492; Memory B Cell:17; Naive B Cell:12; Plasmablast:1	Blood Cell:521; Plasma Cell:1	Memory B Cell:391; Naive B Cell:96; Blood Cell:27; Plasma Cell:6	B Cell:498; Blood Cell:24	B Cell:521; Plasma Cell:1	Memory B Cell:423; Naive B Cell:97; Plasma Cell:2	764.5	1686.5	0.0
infection_study_04	B	B_lineage:4	424	Memory B Cell	True	Memory B Cell	2.0506401132263923	0.9585790345493476	1.0920610786770446	0.9871592752530444	0.6509433962264151	0.3376010781671158	2.3632075471698117	1.0	cluster_consensus_marker_source_support	B Cell:149; Memory B Cell:98; CD4 Naive / T Central Memory:78; Blood Cell:40	B Cell:229; Memory B Cell:190; Naive B Cell:4; CD4 Naive / T Central Memory:1	Blood Cell:423; CD4 Naive / T Central Memory:1	Memory B Cell:358; Naive B Cell:44; Blood Cell:17; B Cell:4	B Cell:403; Blood Cell:21	B Cell:424	Memory B Cell:356; Naive B Cell:68	934.5	1935.0	0.0
infection_study_04	B	B_lineage:5	415	Memory B Cell	True	Memory B Cell	1.4395470946976412	1.3013085779267597	0.1382385167708817	0.9579591929992916	0.2385542168674699	0.2034423407917383	1.4240963855421689	1.0	cluster_consensus_marker_source_support	B Cell:143; Memory B Cell:77; Naive B Cell:58; CD4 Naive / T Central Memory:50	B Cell:359; Naive B Cell:45; Memory B Cell:10; Plasmablast:1	Blood Cell:414; Plasma Cell:1	Memory B Cell:270; Naive B Cell:136; Blood Cell:6; Plasma Cell:2	B Cell:408; Blood Cell:7	B Cell:414; Plasma Cell:1	Memory B Cell:234; Naive B Cell:181	946.0	1929.0	0.0
infection_study_04	B	B_lineage:6	322	B Cell	False	Plasma Cell	1.1120012659195588	1.0806102651880698	0.031391000731489	0.4369273653666004	0.2546583850931677	0.2710736468500443	1.8975155279503104	0.8888888888888888	cluster_parent_insufficient_consensus	Plasma Cell:108; NK Cell:62; Naive B Cell:31; B Cell:29	B Cell:133; Plasmablast:129; Naive B Cell:33; CD4 Naive / T Central Memory:9	Blood Cell:188; Plasma Cell:113; Plasmablast:15; CD4 Naive / T Central Memory:5	Plasma Cell:142; Naive B Cell:83; Memory B Cell:56; Blood Cell:39	B Cell:281; Blood Cell:39; NK Cell:2	B Cell:178; Plasma Cell:142; CD8 Cytotoxic / T Effector Memory:1; Classical Monocyte:1	Naive B Cell:110; Plasma Cell:106; Memory B Cell:98; not_available:8	1082.5	2164.5	0.0
infection_study_04	B	B_lineage:7	347	Plasmablast	True	Plasmablast	2.10205347391309	1.9230195626955016	0.179033911217588	0.9831608289350424	0.6512968299711815	0.3664059283655825	2.564841498559078	0.875	cluster_consensus_marker_source_support	Plasmablast:238; Plasma Cell:81; CD4 Naive / T Central Memory:18; T Cell:4	Plasmablast:345; CD4 T Cell (ab):1; CD4 Naive / T Central Memory:1	Plasmablast:307; Plasma Cell:38; CD4 T Cell (ab):1; CD4 Naive / T Central Memory:1	Plasma Cell:341; Blood Cell:5; Lymphoid Cell:1	B Cell:341; Blood Cell:5; Lymphoid Cell:1	Plasma Cell:347	Plasma Cell:301; Memory B Cell:26; Naive B Cell:19; not_available:1	1010.0	2232.0	0.0
infection_study_04	B	B_lineage:8	285	Plasma Cell	True	Plasma Cell	2.480684808875984	1.498950955426815	0.9817338534491692	0.969794594100578	0.3824561403508772	0.6852130325814536	4.796491228070176	0.8888888888888888	cluster_consensus_marker_source_support	Plasma Cell:263; Plasmablast:9; CD4 Naive / T Central Memory:6; Blood Cell:3	Plasmablast:282; Memory B Cell:2; B Cell:1	Plasma Cell:277; Plasmablast:6; Blood Cell:2	Plasma Cell:283; Memory B Cell:1; Blood Cell:1	B Cell:284; Blood Cell:1	Plasma Cell:284; B Cell:1	Plasma Cell:260; Memory B Cell:14; Naive B Cell:11	883.0	2173.0	0.0
infection_study_04	B	B_lineage:9	284	Plasma Cell	True	Plasma Cell	2.607354563324839	1.4671132904769766	1.1402412728478626	0.9745813055498436	0.5105633802816901	0.6956740442655936	4.869718309859155	0.8888888888888888	cluster_consensus_marker_source_support	Plasma Cell:275; Plasmablast:8; CD4 Naive / T Central Memory:1	Plasmablast:284	Plasma Cell:278; Plasmablast:6	Plasma Cell:283; Blood Cell:1	B Cell:283; Blood Cell:1	Plasma Cell:284	Plasma Cell:263; Naive B Cell:16; Memory B Cell:5	1051.0	2378.5	0.0
infection_study_04	B	leiden:10	1	Memory B Cell	True	Memory B Cell	2.2254810375723397	0.8604770717663993	1.36500396580594	0.9806932163502182	1.0	0.2857142857142857	2.0	1.0	cluster_consensus_marker_source_support	Non-Classical Monocyte:1	B Cell:1	Blood Cell:1	Memory B Cell:1	B Cell:1	Non-Classical Monocyte:1	Memory B Cell:1	1532.0	2372.0	0.0
infection_study_04	B	leiden:13	9	Plasma Cell	True	Plasma Cell	1.7282414343487753	1.2416429207915944	0.4865985135571808	0.9537779605638952	0.3333333333333333	0.3174603174603174	2.2222222222222223	0.8888888888888888	cluster_consensus_marker_source_support	Classical Monocyte:4; CD4 Naive / T Central Memory:3; Non-Classical Monocyte:1; T Cell:1	Plasmablast:4; Classical Monocyte:4; RBC:1	Classical Monocyte:4; Plasma Cell:3; RBC:1; Plasmablast:1	Plasma Cell:7; Blood Cell:2	B Cell:7; Blood Cell:2	Plasma Cell:9	Memory B Cell:5; not_available:3; Plasma Cell:1	1189.0	2204.0	0.0
infection_study_04	B	leiden:15	3	Plasma Cell	True	Plasma Cell	1.3845686084427602	0.7439954760435945	0.6405731323991657	0.9405259670528024	0.3333333333333333	0.1428571428571428	1.0	0.8888888888888888	cluster_consensus_marker_source_support	Treg:1; Blood Cell:1; CD4 Naive / T Central Memory:1	Classical Monocyte:2; CD4 Naive / T Central Memory:1	Classical Monocyte:2; Blood Cell:1	Plasma Cell:3	B Cell:3	Blood Cell:3	not_available:3	1035.0	2023.0	0.0
infection_study_04	B	leiden:16	5	Plasma Cell	True	Plasma Cell	1.9442619194500748	1.0172486119679212	0.9270133074821536	0.9634656247857976	0.6	0.3142857142857142	2.2	0.8888888888888888	cluster_consensus_marker_source_support	Classical Monocyte:4; Plasma Cell:1	Classical Monocyte:5	Classical Monocyte:5	Plasma Cell:5	B Cell:5	Plasma Cell:5	not_available:4; Memory B Cell:1	1132.0	2273.0	0.0
infection_study_04	B	leiden:17	63	Plasma Cell	True	Plasma Cell	1.6642950167934742	0.8566620643733537	0.8076329524201206	0.9356364384125024	0.3492063492063492	0.2857142857142855	2.0	0.8888888888888888	cluster_consensus_marker_source_support	CD4 Naive / T Central Memory:19; Blood Cell:10; NK Cell:8; Classical Monocyte:7	Classical Monocyte:42; CD4 Naive / T Central Memory:13; Plasmablast:3; B Cell:1	Classical Monocyte:44; Blood Cell:9; CD4 Naive / T Central Memory:3; Plasma Cell:3	Plasma Cell:53; Blood Cell:9; Plasmacytoid DC:1	B Cell:53; Blood Cell:9; DC:1	Plasma Cell:63	Memory B Cell:26; not_available:22; Naive B Cell:14; Plasma Cell:1	706.0	1578.0	0.0
infection_study_04	B	leiden:21	2	Plasmablast	True	Plasmablast	1.1338070268205986	0.79645427572633	0.3373527510942686	0.6645474901181255	0.5	0.0714285714285714	0.5	0.875	cluster_consensus_marker_source_support	Treg:1; Plasmablast:1	CD4 Naive / T Central Memory:1; NK Cell:1	Blood Cell:1; NK Cell:1	Plasma Cell:1; Lymphoid Cell:1	B Cell:1; Lymphoid Cell:1	B Cell:1; Plasma Cell:1	not_available:2	1387.5	2310.5	0.0
infection_study_04	B	leiden:22	35	Naive B Cell	True	Naive B Cell	1.3286045818697618	0.7079217917888931	0.6206827900808687	0.93881234720223	0.3428571428571428	0.110204081632653	0.7714285714285715	1.0	cluster_consensus_marker_source_support	CD4 Naive / T Central Memory:15; CD8 Cytotoxic / T Effector Memory:6; NK Cell:6; CD8 Naive / T Central Memory:3	B Cell:24; CD4 Naive / T Central Memory:5; Naive B Cell:4; Memory B Cell:1	Blood Cell:32; CD4 Naive / T Central Memory:2; CD8 Naive / T Central Memory:1	Blood Cell:20; Naive B Cell:6; Memory B Cell:5; CD8 Cytotoxic / T Effector Memory:2	Blood Cell:19; B Cell:12; T Cell:3; NK Cell:1	B Cell:35	Naive B Cell:15; Memory B Cell:12; not_available:6; Treg:1	1143.0	2066.0	0.0
infection_study_04	B	leiden:30	1	Naive B Cell	True	Naive B Cell	1.6885197262125082	0.3429775858523545	1.3455421403601535	0.9713711243631046	0.0	0.4285714285714285	3.0	1.0	cluster_consensus_marker_source_support	Classical Monocyte:1	Naive B Cell:1	Blood Cell:1	Naive B Cell:1	B Cell:1	Classical Monocyte:1	Naive B Cell:1	677.0	1564.0	0.0
infection_study_04	B	leiden:33	1	Plasma Cell	True	Plasma Cell	2.1814547163714346	1.074759848418084	1.1066948679533506	0.9317750816825462	1.0	0.2857142857142857	2.0	0.8888888888888888	cluster_consensus_marker_source_support	Blood Cell:1	Plasmablast:1	Plasma Cell:1	Blood Cell:1	Myeloid Cell:1	Blood Cell:1	Plasma Cell:1	1193.0	2244.0	0.0
infection_study_04	B	leiden:4	2	Naive B Cell	True	Naive B Cell	1.1499331688258276	1.026277136394348	0.1236560324314797	0.8332590764731418	0.5	0.0	0.0	1.0	cluster_consensus_marker_source_support	Plasma Cell:1; Blood Cell:1	CD8 Cytotoxic / T Effector Memory:2	Blood Cell:2	Plasma Cell:2	B Cell:2	CD8 Cytotoxic / T Effector Memory:2	not_available:2	773.0	1844.0	0.0
infection_study_04	B	leiden:7	3	Naive B Cell	True	Naive B Cell	1.670708851091331	1.2187685438148117	0.4519403072765195	0.9621632736993624	0.6666666666666666	0.1428571428571428	1.0	1.0	cluster_consensus_marker_source_support	B Cell:1; Classical Monocyte:1; Naive B Cell:1	B Cell:2; Naive B Cell:1	Blood Cell:3	Blood Cell:2; Memory B Cell:1	Blood Cell:2; B Cell:1	Classical Monocyte:3	Memory B Cell:1; not_available:1; Naive B Cell:1	1195.0	2177.0	0.0
infection_study_04	B	leiden:8	4	Memory B Cell	True	Memory B Cell	1.6874842102170908	0.8130577832613614	0.8744264269557295	0.9781570589713712	0.5	0.2142857142857142	1.5	1.0	cluster_consensus_marker_source_support	CD8 Cytotoxic / T Effector Memory:1; Classical Monocyte:1; Memory B Cell:1; Treg:1	B Cell:4	Blood Cell:4	Blood Cell:2; Memory B Cell:1; Intermediate Monocyte:1	Blood Cell:2; B Cell:1; Monocyte:1	B Cell:4	Memory B Cell:4	1047.0	2180.0	0.0
infection_study_04	B	leiden:9	3	Naive B Cell	True	Naive B Cell	2.4072148291765814	0.0641784906436356	2.343036338532946	0.9815614504078416	1.0	0.3809523809523809	2.6666666666666665	1.0	cluster_consensus_marker_source_support	CD4 Naive / T Central Memory:3	Naive B Cell:3	Blood Cell:3	Naive B Cell:2; Blood Cell:1	B Cell:2; Blood Cell:1	B Cell:3	Naive B Cell:3	1055.0	1994.0	0.0
infection_study_04	T/NK	T_NK_lineage:0	1748	NK Cell	True	NK Cell	2.513591303312596	0.8646023821590292	1.6489889211535669	0.9437818447688898	0.4307780320366132	0.6945080091533181	4.861556064073227	1.0	cluster_consensus_marker_source_support	NK Cell:1646; CD8 Cytotoxic / T Effector Memory:50; CD4 Naive / T Central Memory:41; Blood Cell:5	NK Cell:1712; CD8 Cytotoxic / T Effector Memory:34; Lymphoid Cell:1; ydT Cell:1	Blood Cell:1716; NK Cell:29; Lymphoid Cell:3	NK Cell:1700; Blood Cell:35; Lymphoid Cell:10; CD8 Cytotoxic / T Effector Memory:3	NK Cell:1700; Blood Cell:34; Lymphoid Cell:10; T Cell:4	NK Cell:1711; CD8 Cytotoxic / T Effector Memory:37	not_available:1748	1048.5	1883.0	0.0
infection_study_04	T/NK	T_NK_lineage:1	1388	NK Cell	True	NK Cell	2.0840679429035696	0.8835957986584579	1.2004721442451116	0.9106518609911578	0.2579250720461095	0.5569164265129684	3.898414985590778	1.0	cluster_consensus_marker_source_support	NK Cell:898; CD8 Cytotoxic / T Effector Memory:241; CD4 Naive / T Central Memory:226; Treg:11	NK Cell:1035; CD8 Cytotoxic / T Effector Memory:297; ydT Cell:45; CD4 Naive / T Central Memory:6	Blood Cell:1360; NK Cell:17; CD4 Naive / T Central Memory:5; Lymphoid Cell:5	NK Cell:1119; CD8 Cytotoxic / T Effector Memory:124; Blood Cell:115; ydT Cell:15	NK Cell:1119; T Cell:157; Blood Cell:109; Lymphoid Cell:3	NK Cell:1223; CD8 Cytotoxic / T Effector Memory:147; MAIT Cell:14; CD4 Naive / T Central Memory:4	not_available:1375; CD4 T Effector Memory:12; CD4 Naive / T Central Memory:1	749.0	1537.0	0.0
infection_study_04	T/NK	T_NK_lineage:10	845	CD4 Naive / T Central Memory	True	CD4 Naive / T Central Memory	2.232739670522616	1.0267759987999157	1.2059636717227	0.9022551237233531	0.1822485207100591	0.6710059171597633	4.697041420118343	1.0	cluster_consensus_marker_source_support	CD4 Naive / T Central Memory:802; Treg:21; CD8 Naive / T Central Memory:11; CD8 Cytotoxic / T Effector Memory:8	CD4 Naive / T Central Memory:719; CD8 Naive / T Central Memory:75; Treg:28; CD8 Cytotoxic / T Effector Memory:16	Blood Cell:467; CD4 Naive / T Central Memory:291; CD8 Naive / T Central Memory:57; Treg:30	CD4 Naive / T Central Memory:638; CD4 T Effector Memory:62; Blood Cell:49; Treg:46	T Cell:798; Blood Cell:46; NK Cell:1	CD4 Naive / T Central Memory:815; CD8 Cytotoxic / T Effector Memory:27; MAIT Cell:2; Platelet:1	CD4 Naive / T Central Memory:704; not_available:96; Treg:29; CD4 T Effector Memory:16	783.0	1611.0	0.0
infection_study_04	T/NK	T_NK_lineage:11	755	CD4 Naive / T Central Memory	True	CD4 Naive / T Central Memory	1.438763979782074	1.2420037932442587	0.1967601865378152	0.8524687549980579	0.0516556291390728	0.331693472090823	2.3218543046357616	1.0	cluster_consensus_marker_source_support	Treg:394; CD4 Naive / T Central Memory:304; CD8 Cytotoxic / T Effector Memory:40; NK Cell:8	CD4 Naive / T Central Memory:414; Treg:191; T Cell:87; CD8 Cytotoxic / T Effector Memory:40	Blood Cell:532; Treg:208; CD4 Naive / T Central Memory:8; MAIT Cell:2	Treg:425; CD4 T Effector Memory:94; Blood Cell:79; CD8 Cytotoxic / T Effector Memory:65	T Cell:659; Blood Cell:73; Lymphoid Cell:20; NK Cell:3	CD4 Naive / T Central Memory:666; CD8 Cytotoxic / T Effector Memory:68; NK Cell:18; MAIT Cell:3	CD4 Naive / T Central Memory:303; Treg:239; not_available:154; CD4 T Effector Memory:59	1082.0	2010.0	0.0
infection_study_04	T/NK	T_NK_lineage:12	693	CD8 Cytotoxic / T Effector Memory	True	CD8 Cytotoxic / T Effector Memory	1.270079027442207	0.8789808597246687	0.3910981677175382	0.7820960998012201	0.1212121212121212	0.2469593898165326	1.7287157287157289	1.0	cluster_consensus_marker_source_support	CD4 Naive / T Central Memory:369; CD8 Cytotoxic / T Effector Memory:186; NK Cell:51; Treg:28	CD8 Cytotoxic / T Effector Memory:324; CD4 Naive / T Central Memory:148; CD8 Naive / T Central Memory:111; ydT Cell:29	Blood Cell:592; MAIT Cell:35; CD8 Naive / T Central Memory:24; CD4 Naive / T Central Memory:16	CD8 Cytotoxic / T Effector Memory:283; Blood Cell:148; CD4 Naive / T Central Memory:81; MAIT Cell:49	T Cell:530; Blood Cell:130; NK Cell:30; Lymphoid Cell:3	CD8 Cytotoxic / T Effector Memory:405; CD4 Naive / T Central Memory:180; MAIT Cell:71; NK Cell:37	not_available:477; CD4 T Effector Memory:110; CD4 Naive / T Central Memory:97; Treg:9	867.0	1693.0	0.0
infection_study_04	T/NK	T_NK_lineage:13	634	CD8 Cytotoxic / T Effector Memory	True	CD8 Cytotoxic / T Effector Memory	1.6961758723498856	0.6990734405727291	0.9971024317771564	0.8558731464345283	0.2192429022082019	0.3949977467327624	2.7649842271293377	1.0	cluster_consensus_marker_source_support	CD8 Cytotoxic / T Effector Memory:392; CD4 Naive / T Central Memory:110; NK Cell:100; Blood Cell:13	CD8 Cytotoxic / T Effector Memory:492; NK Cell:70; ydT Cell:32; CD4 Naive / T Central Memory:31	Blood Cell:611; CD4 Naive / T Central Memory:6; NK Cell:6; CD4 T Effector Memory:5	CD8 Cytotoxic / T Effector Memory:402; Blood Cell:101; NK Cell:80; ydT Cell:22	T Cell:451; Blood Cell:94; NK Cell:80; Lymphoid Cell:7	CD8 Cytotoxic / T Effector Memory:467; NK Cell:145; CD4 Naive / T Central Memory:18; MAIT Cell:2	not_available:593; CD4 T Effector Memory:33; CD4 Naive / T Central Memory:8	824.5	1612.0	0.0
infection_study_04	T/NK	T_NK_lineage:14	600	CD8 Cytotoxic / T Effector Memory	True	CD8 Cytotoxic / T Effector Memory	1.706885388208337	1.0034841514644106	0.7034012367439264	0.8555075741997396	0.25	0.3878571428571428	2.715	1.0	cluster_consensus_marker_source_support	CD8 Cytotoxic / T Effector Memory:378; NK Cell:134; CD4 Naive / T Central Memory:71; Blood Cell:5	CD8 Cytotoxic / T Effector Memory:444; NK Cell:118; ydT Cell:33; CD8 Naive / T Central Memory:3	Blood Cell:593; CD4 T Effector Memory:5; MAIT Cell:2	CD8 Cytotoxic / T Effector Memory:381; NK Cell:135; Blood Cell:65; ydT Cell:11	T Cell:400; NK Cell:135; Blood Cell:65	CD8 Cytotoxic / T Effector Memory:426; NK Cell:158; MAIT Cell:16	not_available:593; CD4 T Effector Memory:7	845.5	1626.0	0.0
infection_study_04	T/NK	T_NK_lineage:15	596	CD8 Cytotoxic / T Effector Memory	True	CD8 Cytotoxic / T Effector Memory	1.8852063411886455	0.6009101046527194	1.2842962365359265	0.9002559005643521	0.273489932885906	0.4506232023010546	3.1543624161073827	1.0	cluster_consensus_marker_source_support	CD8 Cytotoxic / T Effector Memory:387; CD4 Naive / T Central Memory:102; NK Cell:78; Blood Cell:13	CD8 Cytotoxic / T Effector Memory:514; NK Cell:42; ydT Cell:15; CD4 Naive / T Central Memory:10	Blood Cell:585; CD4 T Effector Memory:7; CD4 Naive / T Central Memory:1; NK Cell:1	CD8 Cytotoxic / T Effector Memory:468; Blood Cell:56; NK Cell:51; Treg:7	T Cell:492; NK Cell:51; Blood Cell:50; Lymphoid Cell:3	CD8 Cytotoxic / T Effector Memory:511; NK Cell:74; CD4 Naive / T Central Memory:6; MAIT Cell:5	not_available:571; CD4 T Effector Memory:23; CD4 Naive / T Central Memory:2	814.5	1588.5	0.0
infection_study_04	T/NK	T_NK_lineage:16	577	NK Cell	True	NK Cell	1.2463540015997632	0.909981958243136	0.3363720433566273	0.5083281924737816	0.1005199306759098	0.3728645704382272	2.610051993067591	1.0	cluster_consensus_marker_source_support	NK Cell:172; CD8 Cytotoxic / T Effector Memory:116; CD4 Naive / T Central Memory:99; T Cell:71	NK Cell:369; CD4 T Cell (ab):128; CD4 Naive / T Central Memory:38; CD8 Cytotoxic / T Effector Memory:36	NK Cell:350; CD4 T Cell (ab):128; Blood Cell:96; CD8 T Cell (ab):3	Lymphoid Cell:498; NK Cell:31; Blood Cell:27; CD8 Cytotoxic / T Effector Memory:18	Lymphoid Cell:498; NK Cell:31; Blood Cell:27; T Cell:21	NK Cell:553; CD8 Cytotoxic / T Effector Memory:17; CD4 Naive / T Central Memory:6; MAIT Cell:1	not_available:458; CD4 Naive / T Central Memory:86; CD4 T Effector Memory:21; Treg:12	1312.0	2203.0	0.0
infection_study_04	T/NK	T_NK_lineage:17	546	CD4 Naive / T Central Memory	True	CD4 Naive / T Central Memory	1.951754332445264	0.978203836937423	0.973550495507841	0.8719126282358854	0.119047619047619	0.5641025641025641	3.948717948717949	1.0	cluster_consensus_marker_source_support	CD4 Naive / T Central Memory:464; CD8 Cytotoxic / T Effector Memory:26; Treg:23; CD8 Naive / T Central Memory:12	CD4 Naive / T Central Memory:433; CD8 Naive / T Central Memory:52; CD8 Cytotoxic / T Effector Memory:44; Treg:9	Blood Cell:320; CD4 Naive / T Central Memory:171; CD8 Naive / T Central Memory:41; Treg:12	CD4 Naive / T Central Memory:272; Blood Cell:86; CD4 T Effector Memory:71; Treg:37	T Cell:454; Blood Cell:79; B Cell:7; NK Cell:4	CD4 Naive / T Central Memory:465; CD8 Cytotoxic / T Effector Memory:52; Plasma Cell:24; NK Cell:3	CD4 Naive / T Central Memory:351; not_available:140; CD4 T Effector Memory:40; Treg:15	811.5	1657.5	0.0
infection_study_04	T/NK	T_NK_lineage:18	270	CD8 Cytotoxic / T Effector Memory	True	CD8 Cytotoxic / T Effector Memory	1.0384462527213911	0.7330316056781202	0.3054146470432711	0.6935704983206525	0.137037037037037	0.1603174603174602	1.1222222222222222	1.0	cluster_consensus_marker_source_support	CD4 Naive / T Central Memory:124; CD8 Cytotoxic / T Effector Memory:64; NK Cell:45; Treg:14	CD4 Naive / T Central Memory:105; CD8 Cytotoxic / T Effector Memory:103; NK Cell:38; CD4 T Cell (ab):9	Blood Cell:196; CD4 Naive / T Central Memory:42; NK Cell:14; CD4 T Cell (ab):9	Blood Cell:92; CD8 Cytotoxic / T Effector Memory:57; NK Cell:29; Lymphoid Cell:26	T Cell:122; Blood Cell:80; NK Cell:29; Lymphoid Cell:26	NK Cell:81; CD8 Cytotoxic / T Effector Memory:79; CD4 Naive / T Central Memory:62; Blood Cell:22	not_available:175; CD4 Naive / T Central Memory:55; CD4 T Effector Memory:34; Treg:6	819.0	1681.0	0.0
infection_study_04	T/NK	T_NK_lineage:19	523	CD4 Naive / T Central Memory	True	CD4 Naive / T Central Memory	1.840427590326208	0.9990067651521112	0.8414208251740967	0.8307400552928005	0.0879541108986615	0.5381043430756624	3.766730401529637	1.0	cluster_consensus_marker_source_support	CD4 Naive / T Central Memory:454; CD8 Cytotoxic / T Effector Memory:31; Treg:16; CD8 Naive / T Central Memory:7	CD4 Naive / T Central Memory:320; CD8 Naive / T Central Memory:92; CD8 Cytotoxic / T Effector Memory:70; Treg:25	Blood Cell:232; CD4 Naive / T Central Memory:194; CD8 Naive / T Central Memory:68; Treg:26	CD4 Naive / T Central Memory:271; Blood Cell:137; CD8 Cytotoxic / T Effector Memory:46; CD8 Naive / T Central Memory:23	T Cell:408; Blood Cell:106; NK Cell:6; RBC:2	CD4 Naive / T Central Memory:410; CD8 Cytotoxic / T Effector Memory:93; NK Cell:10; MAIT Cell:8	CD4 Naive / T Central Memory:321; not_available:152; CD4 T Effector Memory:34; Treg:16	639.0	1565.0	0.0
infection_study_04	T/NK	T_NK_lineage:2	1423	CD8 Cytotoxic / T Effector Memory	True	CD8 Cytotoxic / T Effector Memory	1.9987931175466696	0.4114830483343192	1.5873100692123503	0.9034432334864168	0.3183415319747013	0.490011043067965	3.4300773014757557	1.0	cluster_consensus_marker_source_support	CD8 Cytotoxic / T Effector Memory:1190; NK Cell:118; CD4 Naive / T Central Memory:75; Treg:16	CD8 Cytotoxic / T Effector Memory:1258; NK Cell:68; ydT Cell:65; CD4 T Effector Memory:10	Blood Cell:1397; CD4 T Effector Memory:14; NK Cell:5; MAIT Cell:3	CD8 Cytotoxic / T Effector Memory:1169; NK Cell:112; Blood Cell:94; ydT Cell:17	T Cell:1212; NK Cell:112; Blood Cell:93; Lymphoid Cell:6	CD8 Cytotoxic / T Effector Memory:1264; NK Cell:114; MAIT Cell:42; CD4 Naive / T Central Memory:3	not_available:1409; CD4 T Effector Memory:12; CD4 Naive / T Central Memory:2	1125.0	2070.0	0.0
infection_study_04	T/NK	T_NK_lineage:20	490	CD8 Cytotoxic / T Effector Memory	True	CD8 Cytotoxic / T Effector Memory	1.210865229144447	0.9255723260486004	0.2852929030958466	0.687161560079512	0.0979591836734693	0.2705539358600582	1.893877551020408	1.0	cluster_consensus_marker_source_support	CD4 Naive / T Central Memory:203; NK Cell:119; CD8 Cytotoxic / T Effector Memory:118; Treg:19	CD8 Cytotoxic / T Effector Memory:254; NK Cell:109; CD4 Naive / T Central Memory:53; CD8 Naive / T Central Memory:31	Blood Cell:461; MAIT Cell:9; NK Cell:5; CD8 Naive / T Central Memory:4	CD8 Cytotoxic / T Effector Memory:172; NK Cell:140; Blood Cell:87; Treg:26	T Cell:263; NK Cell:140; Blood Cell:85; Lymphoid Cell:2	CD8 Cytotoxic / T Effector Memory:384; NK Cell:51; CD4 Naive / T Central Memory:30; MAIT Cell:25	not_available:452; CD4 T Effector Memory:21; CD4 Naive / T Central Memory:15; Treg:2	1388.5	2306.5	0.0
infection_study_04	T/NK	T_NK_lineage:21	506	NK Cell	True	NK Cell	2.1540263467455483	0.9584992428915932	1.195527103853955	0.8654122969360477	0.1284584980237154	0.6696781479390175	4.687747035573122	1.0	cluster_consensus_marker_source_support	NK Cell:342; CD4 Naive / T Central Memory:112; CD8 Cytotoxic / T Effector Memory:24; Treg:11	NK Cell:429; CD8 Cytotoxic / T Effector Memory:33; Lymphoid Cell:26; ydT Cell:8	NK Cell:264; Blood Cell:211; Lymphoid Cell:29; MAIT Cell:2	NK Cell:436; Blood Cell:41; CD8 Cytotoxic / T Effector Memory:12; CD4 T Effector Memory:7	NK Cell:436; Blood Cell:41; T Cell:23; Lymphoid Cell:6	NK Cell:465; CD8 Cytotoxic / T Effector Memory:30; CD4 Naive / T Central Memory:10; MAIT Cell:1	not_available:488; CD4 T Effector Memory:10; CD4 Naive / T Central Memory:7; Treg:1	1041.0	1898.0	0.0
infection_study_04	T/NK	T_NK_lineage:22	489	MAIT Cell	True	MAIT Cell	1.5504952616683991	1.244243363695493	0.3062518979729063	0.9362304932940344	0.2985685071574642	0.2468594799883143	1.7280163599182004	1.0	cluster_consensus_marker_source_support	CD4 Naive / T Central Memory:265; MAIT Cell:115; NK Cell:31; CD8 Cytotoxic / T Effector Memory:26	CD4 Naive / T Central Memory:244; MAIT Cell:161; CD8 Cytotoxic / T Effector Memory:25; NK Cell:24	Blood Cell:305; MAIT Cell:176; NK Cell:4; Treg:3	MAIT Cell:162; CD4 T Effector Memory:143; Blood Cell:75; CD4 Naive / T Central Memory:37	T Cell:392; Blood Cell:67; NK Cell:25; Lymphoid Cell:5	MAIT Cell:231; CD4 Naive / T Central Memory:201; CD8 Cytotoxic / T Effector Memory:32; NK Cell:25	not_available:228; CD4 Naive / T Central Memory:146; CD4 T Effector Memory:113; Treg:2	957.0	1822.0	0.0
infection_study_04	T/NK	T_NK_lineage:23	170	T Cell	False	CD4 Naive / T Central Memory	0.8185879138823943	0.6000155003395561	0.2185724135428381	0.4236410994584961	0.0117647058823529	0.2252100840336134	1.576470588235294	1.0	cluster_parent_insufficient_consensus	CD4 Naive / T Central Memory:80; NK Cell:35; CD8 Cytotoxic / T Effector Memory:31; Treg:11	CD4 Naive / T Central Memory:77; CD8 Cytotoxic / T Effector Memory:34; NK Cell:30; B Cell:11	Blood Cell:102; CD4 Naive / T Central Memory:48; CD8 Naive / T Central Memory:7; NK Cell:6	Blood Cell:59; NK Cell:38; CD8 Cytotoxic / T Effector Memory:22; Treg:19	T Cell:67; Blood Cell:53; NK Cell:38; Lymphoid Cell:7	B Cell:136; NK Cell:11; CD4 Naive / T Central Memory:11; CD8 Cytotoxic / T Effector Memory:7	not_available:92; CD4 Naive / T Central Memory:40; Treg:21; CD4 T Effector Memory:17	951.0	1848.0	0.0
infection_study_04	T/NK	T_NK_lineage:24	241	T Cell	False	CD4 Naive / T Central Memory	1.031690293898705	0.9609843012106098	0.070705992688095	0.4701715904677039	0.0539419087136929	0.2975696502667457	2.08298755186722	1.0	cluster_parent_insufficient_consensus	CD4 Naive / T Central Memory:139; CD8 Cytotoxic / T Effector Memory:54; NK Cell:35; Treg:6	CD4 Naive / T Central Memory:111; CD8 Cytotoxic / T Effector Memory:77; NK Cell:33; CD8 Naive / T Central Memory:11	Blood Cell:193; CD4 Naive / T Central Memory:29; CD8 Naive / T Central Memory:7; NK Cell:6	CD4 Naive / T Central Memory:78; CD8 Cytotoxic / T Effector Memory:67; NK Cell:32; Blood Cell:24	T Cell:185; NK Cell:32; Blood Cell:20; Lymphoid Cell:3	Platelet:91; CD4 Naive / T Central Memory:57; CD8 Cytotoxic / T Effector Memory:49; NK Cell:39	not_available:133; CD4 Naive / T Central Memory:88; CD4 T Effector Memory:17; Treg:3	873.0	1684.0	0.0
infection_study_04	T/NK	T_NK_lineage:25	187	CD4 Naive / T Central Memory	True	CD4 Naive / T Central Memory	1.712661186958099	0.8188563822141498	0.8938048047439492	0.8712957250896795	0.1336898395721925	0.4323911382734912	3.0267379679144386	1.0	cluster_consensus_marker_source_support	CD4 Naive / T Central Memory:129; CD8 Cytotoxic / T Effector Memory:25; NK Cell:24; Treg:6	CD4 Naive / T Central Memory:117; CD8 Cytotoxic / T Effector Memory:33; NK Cell:22; CD8 Naive / T Central Memory:8	Blood Cell:133; CD4 Naive / T Central Memory:30; NK Cell:9; CD8 Naive / T Central Memory:7	CD4 Naive / T Central Memory:81; CD4 T Effector Memory:26; NK Cell:19; CD8 Cytotoxic / T Effector Memory:19	T Cell:145; NK Cell:19; Blood Cell:11; Lymphoid Cell:8	CD4 Naive / T Central Memory:100; RBC:36; CD8 Cytotoxic / T Effector Memory:25; NK Cell:24	CD4 Naive / T Central Memory:109; not_available:66; CD4 T Effector Memory:8; Treg:4	908.0	1869.0	0.0
infection_study_04	T/NK	T_NK_lineage:26	213	NK Cell	True	NK Cell	1.529720374478001	1.2688122566366735	0.2609081178413273	0.8619964813672402	0.1220657276995305	0.3454057679409792	2.4178403755868545	1.0	cluster_consensus_marker_source_support	CD8 Cytotoxic / T Effector Memory:103; NK Cell:87; CD4 Naive / T Central Memory:20; T Cell:1	CD8 Cytotoxic / T Effector Memory:95; NK Cell:92; ydT Cell:25; CD4 Naive / T Central Memory:1	Blood Cell:213	NK Cell:100; CD8 Cytotoxic / T Effector Memory:82; Blood Cell:21; ydT Cell:9	NK Cell:100; T Cell:92; Blood Cell:21	NK Cell:136; CD8 Cytotoxic / T Effector Memory:76; MAIT Cell:1	not_available:212; CD4 T Effector Memory:1	867.0	1606.0	0.0
infection_study_04	T/NK	T_NK_lineage:27	38	T Cell	False	NK Cell	0.7692077974083883	0.7057776690337813	0.063430128374607	0.4582676445723947	0.0263157894736842	0.1766917293233082	1.236842105263158	1.0	cluster_parent_insufficient_consensus	CD4 Naive / T Central Memory:16; NK Cell:9; CD8 Cytotoxic / T Effector Memory:5; Treg:3	CD4 Naive / T Central Memory:17; NK Cell:10; CD8 Naive / T Central Memory:4; CD8 Cytotoxic / T Effector Memory:4	Blood Cell:21; CD4 Naive / T Central Memory:9; CD8 Naive / T Central Memory:4; Treg:2	Blood Cell:11; NK Cell:11; Treg:6; ydT Cell:2	T Cell:18; NK Cell:11; Blood Cell:7; Granulocyte:1	Classical Monocyte:28; NK Cell:5; CD4 Naive / T Central Memory:3; CD8 Cytotoxic / T Effector Memory:2	not_available:26; CD4 Naive / T Central Memory:6; CD4 T Effector Memory:5; Treg:1	985.0	1780.0	0.0
infection_study_04	T/NK	T_NK_lineage:28	8	CD4 Naive / T Central Memory	True	CD4 Naive / T Central Memory	1.059848418084075	0.9132065009841074	0.1466419170999676	0.4236410994584961	0.0	0.3571428571428571	2.5	1.0	cluster_consensus_marker_source_support	CD4 Naive / T Central Memory:7; Treg:1	CD4 Naive / T Central Memory:4; NK Cell:2; CD4 T Cell (ab):1; Treg:1	CD4 Naive / T Central Memory:4; NK Cell:2; CD4 T Cell (ab):1; Treg:1	Blood Cell:6; Treg:1; HSC:1	Myeloid Cell:5; T Cell:1; Blood Cell:1; HSC:1	Blood Cell:8	CD4 Naive / T Central Memory:5; CD4 T Effector Memory:1; not_available:1; Treg:1	823.5	2056.0	0.0
infection_study_04	T/NK	T_NK_lineage:3	1482	CD4 Naive / T Central Memory	True	CD4 Naive / T Central Memory	2.1305834283901754	1.30119700558757	0.8293864228026053	0.8912422601503416	0.1740890688259109	0.6258916522074416	4.381241565452092	1.0	cluster_consensus_marker_source_support	CD4 Naive / T Central Memory:1361; CD8 Naive / T Central Memory:93; Treg:10; CD8 Cytotoxic / T Effector Memory:10	CD4 Naive / T Central Memory:963; CD8 Naive / T Central Memory:472; CD8 Cytotoxic / T Effector Memory:31; Treg:11	CD4 Naive / T Central Memory:605; Blood Cell:561; CD8 Naive / T Central Memory:301; Treg:15	CD4 Naive / T Central Memory:1058; CD8 Naive / T Central Memory:237; Blood Cell:99; Treg:30	T Cell:1388; Blood Cell:91; Lymphoid Cell:2; NK Cell:1	CD4 Naive / T Central Memory:1432; CD8 Cytotoxic / T Effector Memory:47; Platelet:1; MAIT Cell:1	CD4 Naive / T Central Memory:1074; not_available:378; Treg:16; CD4 T Effector Memory:14	942.0	1896.5	0.0
infection_study_04	T/NK	T_NK_lineage:4	1418	CD4 Naive / T Central Memory	True	CD4 Naive / T Central Memory	2.3415868978870544	0.9816361100935738	1.3599507877934809	0.942730824593872	0.3025387870239774	0.6584726979649406	4.609308885754584	1.0	cluster_consensus_marker_source_support	CD4 Naive / T Central Memory:1352; Treg:32; CD8 Naive / T Central Memory:14; CD4 T Effector Memory:10	CD4 Naive / T Central Memory:1300; CD8 Naive / T Central Memory:78; Treg:20; CD8 Cytotoxic / T Effector Memory:16	Blood Cell:1072; CD4 Naive / T Central Memory:293; CD8 Naive / T Central Memory:29; Treg:22	CD4 Naive / T Central Memory:969; CD4 T Effector Memory:268; Treg:59; Blood Cell:55	T Cell:1362; Blood Cell:55; NK Cell:1	CD4 Naive / T Central Memory:1386; CD8 Cytotoxic / T Effector Memory:28; Platelet:2; NK Cell:2	CD4 Naive / T Central Memory:1236; not_available:136; CD4 T Effector Memory:26; Treg:20	1112.0	2074.0	0.0
infection_study_04	T/NK	T_NK_lineage:5	1262	NK Cell	True	NK Cell	2.282127367059141	0.933014070475563	1.349113296583578	0.9386981058788584	0.3961965134706814	0.5896536110482228	4.127575277337559	1.0	cluster_consensus_marker_source_support	NK Cell:781; CD8 Cytotoxic / T Effector Memory:404; CD4 Naive / T Central Memory:62; Treg:8	NK Cell:1087; CD8 Cytotoxic / T Effector Memory:157; ydT Cell:16; CD8 T Cell (ab):1	Blood Cell:1243; NK Cell:16; CD8 T Cell (ab):1; Lymphoid Cell:1	NK Cell:1105; CD8 Cytotoxic / T Effector Memory:86; Blood Cell:58; ydT Cell:7	NK Cell:1105; T Cell:96; Blood Cell:58; Lymphoid Cell:3	NK Cell:1115; CD8 Cytotoxic / T Effector Memory:144; MAIT Cell:3	not_available:1262	1084.0	1973.5	0.0
infection_study_04	T/NK	T_NK_lineage:6	1111	NK Cell	True	NK Cell	1.5428507070324553	1.2322677336914971	0.3105829733409582	0.8508922247355314	0.144014401440144	0.3483348334833483	2.4383438343834385	1.0	cluster_consensus_marker_source_support	NK Cell:488; CD8 Cytotoxic / T Effector Memory:411; CD4 Naive / T Central Memory:182; Treg:16	CD8 Cytotoxic / T Effector Memory:480; NK Cell:458; CD4 Naive / T Central Memory:89; ydT Cell:75	Blood Cell:1083; NK Cell:23; CD4 T Effector Memory:2; MAIT Cell:2	NK Cell:504; CD8 Cytotoxic / T Effector Memory:346; Blood Cell:207; ydT Cell:29	NK Cell:504; T Cell:447; Blood Cell:150; Lymphoid Cell:10	NK Cell:732; CD8 Cytotoxic / T Effector Memory:357; CD4 Naive / T Central Memory:15; MAIT Cell:5	not_available:1099; CD4 T Effector Memory:7; CD4 Naive / T Central Memory:5	915.0	1785.0	0.0
infection_study_04	T/NK	T_NK_lineage:7	1089	CD8 Cytotoxic / T Effector Memory	True	CD8 Cytotoxic / T Effector Memory	1.7758551327223862	0.6018253875188428	1.1740297452035433	0.8829483400735714	0.2672176308539944	0.4039092220910402	2.827364554637282	1.0	cluster_consensus_marker_source_support	CD8 Cytotoxic / T Effector Memory:553; CD4 Naive / T Central Memory:344; NK Cell:137; Blood Cell:26	CD8 Cytotoxic / T Effector Memory:898; NK Cell:55; CD4 Naive / T Central Memory:49; ydT Cell:35	Blood Cell:1042; CD4 Naive / T Central Memory:15; CD8 Naive / T Central Memory:11; MAIT Cell:8	CD8 Cytotoxic / T Effector Memory:729; Blood Cell:181; NK Cell:87; CD4 Naive / T Central Memory:21	T Cell:852; Blood Cell:148; NK Cell:87; Lymphoid Cell:2	CD8 Cytotoxic / T Effector Memory:899; NK Cell:110; CD4 Naive / T Central Memory:51; MAIT Cell:28	not_available:1005; CD4 T Effector Memory:68; CD4 Naive / T Central Memory:16	733.0	1561.0	0.0
infection_study_04	T/NK	T_NK_lineage:8	1186	CD4 Naive / T Central Memory	True	CD4 Naive / T Central Memory	1.9500793235495752	0.9477483951626036	1.002330928386972	0.900781410651861	0.1205733558178752	0.5489038785834739	3.842327150084317	1.0	cluster_consensus_marker_source_support	CD4 Naive / T Central Memory:1066; Treg:64; CD4 T Effector Memory:24; CD8 Cytotoxic / T Effector Memory:20	CD4 Naive / T Central Memory:1066; CD8 Cytotoxic / T Effector Memory:43; Treg:43; CD8 Naive / T Central Memory:14	Blood Cell:1084; CD4 Naive / T Central Memory:48; Treg:45; MAIT Cell:3	CD4 T Effector Memory:523; CD4 Naive / T Central Memory:369; Blood Cell:123; Treg:103	T Cell:1062; Blood Cell:116; NK Cell:5; Lymphoid Cell:3	CD4 Naive / T Central Memory:1103; CD8 Cytotoxic / T Effector Memory:74; MAIT Cell:6; NK Cell:3	CD4 Naive / T Central Memory:905; not_available:129; CD4 T Effector Memory:109; Treg:43	901.5	1730.0	0.0
infection_study_04	T/NK	T_NK_lineage:9	1013	CD4 Naive / T Central Memory	True	CD4 Naive / T Central Memory	2.0659479149076745	0.8742187437696712	1.1917291711380034	0.8952407064683437	0.1441263573543929	0.6025948385277111	4.218163869693979	1.0	cluster_consensus_marker_source_support	CD4 Naive / T Central Memory:898; Treg:78; CD4 T Effector Memory:13; CD8 Naive / T Central Memory:7	CD4 Naive / T Central Memory:955; CD8 Naive / T Central Memory:29; Treg:15; CD8 Cytotoxic / T Effector Memory:10	Blood Cell:903; CD4 Naive / T Central Memory:66; CD8 Naive / T Central Memory:24; Treg:20	CD4 Naive / T Central Memory:512; CD4 T Effector Memory:204; Blood Cell:157; Treg:99	T Cell:889; Blood Cell:119; Lymphoid Cell:3; NK Cell:2	CD4 Naive / T Central Memory:981; CD8 Cytotoxic / T Effector Memory:29; NK Cell:3	CD4 Naive / T Central Memory:861; not_available:101; Treg:31; CD4 T Effector Memory:20	913.0	1933.0	0.0
infection_study_04	T/NK	leiden:15	4	CD4 Naive / T Central Memory	True	CD4 Naive / T Central Memory	1.1574858259158074	0.809704474016627	0.3477813518991803	0.6075239335572463	0.0	0.3214285714285714	2.25	1.0	cluster_consensus_marker_source_support	CD4 Naive / T Central Memory:2; T Cell:1; NK Cell:1	CD4 Naive / T Central Memory:3; Classical Monocyte:1	CD4 Naive / T Central Memory:2; Classical Monocyte:1; Blood Cell:1	Plasma Cell:2; CD4 Naive / T Central Memory:1; Intermediate Monocyte:1	B Cell:2; T Cell:1; Monocyte:1	Blood Cell:4	CD4 T Effector Memory:3; CD4 Naive / T Central Memory:1	588.0	1685.0	0.0
infection_study_04	T/NK	leiden:16	1	Treg	True	Treg	1.961208542639758	0.9081137451896242	1.053094797450134	0.988644412456874	1.0	0.1428571428571428	1.0	1.0	cluster_consensus_marker_source_support	Treg:1	CD4 T Cell (ab):1	CD4 T Cell (ab):1	Plasma Cell:1	B Cell:1	Plasma Cell:1	CD4 Naive / T Central Memory:1	1132.0	2061.0	0.0
infection_study_04	T/NK	leiden:17	15	CD4 Naive / T Central Memory	True	CD4 Naive / T Central Memory	1.2853970212390942	0.7872712317499485	0.4981257894891456	0.623986108255078	0.0	0.380952380952381	2.6666666666666665	1.0	cluster_consensus_marker_source_support	CD4 Naive / T Central Memory:9; Plasma Cell:4; Treg:1; NK Cell:1	CD4 Naive / T Central Memory:15	CD4 Naive / T Central Memory:11; Blood Cell:4	Blood Cell:7; Plasma Cell:7; Neutrophil:1	B Cell:7; Blood Cell:6; Granulocyte:1; T Cell:1	Plasma Cell:15	CD4 T Effector Memory:7; CD4 Naive / T Central Memory:5; not_available:3	511.0	1555.0	0.0
infection_study_04	T/NK	leiden:21	8	NK Cell	True	NK Cell	1.189600775535384	0.7545085338268559	0.435092241708528	0.5320960998012201	0.125	0.3214285714285714	2.25	1.0	cluster_consensus_marker_source_support	Myeloid Cell:2; Classical Monocyte:2; T Cell:2; CD4 Naive / T Central Memory:1	NK Cell:5; CD4 T Cell (ab):1; Classical Monocyte:1; CD4 Naive / T Central Memory:1	NK Cell:5; CD4 T Cell (ab):1; Classical Monocyte:1; Blood Cell:1	Blood Cell:7; Plasma Cell:1	Blood Cell:4; Myeloid Cell:3; B Cell:1	NK Cell:7; Plasma Cell:1	CD4 Naive / T Central Memory:4; not_available:4	1214.0	2150.5	0.0
infection_study_04	T/NK	leiden:22	7	T Cell	False	CD8 Naive / T Central Memory	1.3558926840322805	1.3540140670703815	0.0018786169618989	0.8670916443896086	0.4285714285714285	0.1224489795918367	0.8571428571428571	1.0	cluster_parent_insufficient_consensus	CD4 Naive / T Central Memory:6; Treg:1	CD8 Naive / T Central Memory:3; CD4 Naive / T Central Memory:3; Treg:1	CD8 Naive / T Central Memory:3; CD4 Naive / T Central Memory:2; Treg:1; Blood Cell:1	Naive B Cell:4; Memory B Cell:2; B Cell:1	B Cell:6; Blood Cell:1	B Cell:7	not_available:2; CD4 Naive / T Central Memory:2; Treg:2; CD4 T Effector Memory:1	996.0	1975.0	0.0
infection_study_04	T/NK	leiden:33	3	T Cell	False	CD4 T Effector Memory	1.0101172115977792	0.6934813900884228	0.3166358215093564	0.8260561610345695	0.3333333333333333	0.0	0.0	1.0	cluster_parent_insufficient_consensus	Treg:1; Plasmablast:1; T Cell:1	CD4 Naive / T Central Memory:1; CD4 T Cell (ab):1; NK Cell:1	Blood Cell:1; CD4 T Cell (ab):1; NK Cell:1	Blood Cell:2; Neutrophil:1	Myeloid Cell:2; Granulocyte:1	Blood Cell:3	CD4 Naive / T Central Memory:2; not_available:1	681.0	1631.0	0.0
infection_study_04	T/NK	leiden:34	2	CD4 Naive / T Central Memory	True	CD4 Naive / T Central Memory	1.493748714785112	0.779277929555536	0.7144707852295761	0.6041652386501245	0.0	0.5	3.5	1.0	cluster_consensus_marker_source_support	CD4 Naive / T Central Memory:2	CD4 Naive / T Central Memory:2	CD4 Naive / T Central Memory:2	Blood Cell:2	Blood Cell:2	Classical Monocyte:2	CD4 Naive / T Central Memory:1; Treg:1	568.0	1517.0	0.0
infection_study_04	T/NK	leiden:8	5	CD4 Naive / T Central Memory	True	CD4 Naive / T Central Memory	1.443393261067536	1.0207065009841076	0.4226867600834283	0.6990083853131355	0.0	0.4285714285714285	3.0	1.0	cluster_consensus_marker_source_support	CD4 Naive / T Central Memory:3; NK Cell:1; Treg:1	CD4 Naive / T Central Memory:5	CD4 Naive / T Central Memory:5	Memory B Cell:2; B Cell:2; Naive B Cell:1	B Cell:3; Blood Cell:2	B Cell:5	Treg:3; CD4 Naive / T Central Memory:2	663.0	1639.0	0.0
infection_study_04	T/NK	leiden:9	1	Treg	True	Treg	1.1055227519755588	0.9241341323697894	0.1813886196057694	0.926771311718875	0.0	0.1428571428571428	1.0	1.0	cluster_consensus_marker_source_support	CD4 Naive / T Central Memory:1	Naive B Cell:1	CD4 Naive / T Central Memory:1	Blood Cell:1	Blood Cell:1	B Cell:1	Treg:1	499.0	1684.0	0.0
infection_study_04	Myeloid/DC	Myeloid_lineage:0	1194	Classical Monocyte	True	Classical Monocyte	2.007615720268745	0.905523401502681	1.102092318766064	0.7752987410606165	0.0644891122278056	0.6622397702799714	4.635678391959799	1.0	cluster_consensus_marker_source_support	Classical Monocyte:1080; Non-Classical Monocyte:60; CD4 Naive / T Central Memory:41; Myeloid Cell:7	Classical Monocyte:1153; Non-Classical Monocyte:37; Conventional DC 2:3; RBC:1	Classical Monocyte:1154; Non-Classical Monocyte:37; Blood Cell:2; RBC:1	Classical Monocyte:1006; Blood Cell:81; Intermediate Monocyte:70; Non-Classical Monocyte:17	Monocyte:1093; Blood Cell:81; DC:15; Granulocyte:5	Classical Monocyte:1142; Non-Classical Monocyte:44; Conventional DC 2:3; Blood Cell:3	not_available:1194	1260.5	2248.0	0.0
infection_study_04	Myeloid/DC	Myeloid_lineage:1	940	Classical Monocyte	True	Classical Monocyte	1.845128477736797	0.5782347538356438	1.2668937239011528	0.820355518998332	0.1606382978723404	0.5148936170212766	3.604255319148936	1.0	cluster_consensus_marker_source_support	Classical Monocyte:634; Non-Classical Monocyte:112; CD4 Naive / T Central Memory:84; CD8 Cytotoxic / T Effector Memory:34	Classical Monocyte:782; Non-Classical Monocyte:109; RBC:13; Conventional DC 2:13	Classical Monocyte:785; Non-Classical Monocyte:110; Blood Cell:23; RBC:13	Classical Monocyte:525; Blood Cell:139; Intermediate Monocyte:115; Non-Classical Monocyte:91	Monocyte:731; Blood Cell:134; Granulocyte:36; DC:34	Classical Monocyte:662; Non-Classical Monocyte:124; Blood Cell:116; Conventional DC 2:27	not_available:940	1225.5	2152.5	0.0
infection_study_04	Myeloid/DC	Myeloid_lineage:10	581	Classical Monocyte	True	Classical Monocyte	2.2580293501493416	0.7972359594113022	1.4607933907380397	0.8893001576530263	0.2564543889845094	0.6592082616179001	4.614457831325301	1.0	cluster_consensus_marker_source_support	Classical Monocyte:516; CD4 Naive / T Central Memory:35; Non-Classical Monocyte:23; NK Cell:2	Classical Monocyte:560; Non-Classical Monocyte:13; RBC:7; Conventional DC 2:1	Classical Monocyte:560; Non-Classical Monocyte:13; RBC:7; Blood Cell:1	Classical Monocyte:507; Intermediate Monocyte:43; Blood Cell:16; Neutrophil:10	Monocyte:551; Blood Cell:16; Granulocyte:10; DC:4	Classical Monocyte:538; Non-Classical Monocyte:17; Blood Cell:12; RBC:9	not_available:581	1010.0	2019.0	0.0
infection_study_04	Myeloid/DC	Myeloid_lineage:11	546	Conventional DC 2	True	Conventional DC 2	1.293446897099845	0.9145188365290596	0.3789280605707854	0.7301162976671922	0.1721611721611721	0.2624280481423338	1.836996336996337	1.0	cluster_consensus_marker_source_support	Classical Monocyte:206; Conventional DC 2:156; CD4 Naive / T Central Memory:81; Non-Classical Monocyte:23	Classical Monocyte:297; Conventional DC 2:220; Conventional DC 1:23; HSC:2	Classical Monocyte:306; Blood Cell:211; Conventional DC 1:24; HSC:3	Conventional DC 2:298; Classical Monocyte:146; Blood Cell:57; Conventional DC 1:21	DC:323; Monocyte:167; Blood Cell:55; Granulocyte:1	Conventional DC 2:329; Classical Monocyte:208; Non-Classical Monocyte:8; Blood Cell:1	not_available:546	1179.5	2183.0	0.0
infection_study_04	Myeloid/DC	Myeloid_lineage:12	535	Classical Monocyte	True	Classical Monocyte	2.1996433053379554	0.7456836409749981	1.453959664362957	0.8734206137043892	0.2411214953271028	0.6424566088117489	4.497196261682243	1.0	cluster_consensus_marker_source_support	Classical Monocyte:466; CD4 Naive / T Central Memory:40; Non-Classical Monocyte:23; Blood Cell:2	Classical Monocyte:497; Non-Classical Monocyte:23; RBC:14; Conventional DC 2:1	Classical Monocyte:497; Non-Classical Monocyte:23; RBC:14; Blood Cell:1	Classical Monocyte:459; Intermediate Monocyte:46; Blood Cell:17; Neutrophil:8	Monocyte:509; Blood Cell:17; Granulocyte:8; DC:1	Classical Monocyte:487; Non-Classical Monocyte:26; Blood Cell:16; RBC:3	not_available:535	891.0	1827.0	0.0
infection_study_04	Myeloid/DC	Myeloid_lineage:13	344	Classical Monocyte	True	Classical Monocyte	2.18007749546887	0.8880905925344472	1.2919869029344229	0.8829026435442229	0.2819767441860465	0.6104651162790697	4.273255813953488	1.0	cluster_consensus_marker_source_support	Classical Monocyte:278; CD4 Naive / T Central Memory:42; Blood Cell:7; Conventional DC 2:7	Classical Monocyte:327; RBC:7; Conventional DC 2:5; Conventional DC 1:2	Classical Monocyte:328; RBC:7; Blood Cell:6; Conventional DC 1:2	Classical Monocyte:227; Blood Cell:76; Conventional DC 2:25; Neutrophil:12	Monocyte:229; Myeloid Cell:46; Blood Cell:30; DC:27	Classical Monocyte:310; Conventional DC 2:21; Blood Cell:5; NK Cell:3	not_available:343; CD4 Naive / T Central Memory:1	1138.5	2163.5	0.0
infection_study_04	Myeloid/DC	Myeloid_lineage:14	286	Classical Monocyte	True	Classical Monocyte	2.0142334634314896	0.7596444065907361	1.2545890568407536	0.8457627893161515	0.1118881118881118	0.6123876123876124	4.286713286713287	1.0	cluster_consensus_marker_source_support	Classical Monocyte:260; Non-Classical Monocyte:14; CD4 Naive / T Central Memory:9; Myeloid Cell:2	Classical Monocyte:272; Non-Classical Monocyte:11; RBC:3	Classical Monocyte:272; Non-Classical Monocyte:11; RBC:3	Classical Monocyte:230; Intermediate Monocyte:23; Blood Cell:16; Neutrophil:7	Monocyte:259; Blood Cell:16; Granulocyte:7; DC:2	Classical Monocyte:192; Platelet:77; Non-Classical Monocyte:14; Blood Cell:2	not_available:286	1155.5	2194.0	0.0
infection_study_04	Myeloid/DC	Myeloid_lineage:15	141	Classical Monocyte	True	Classical Monocyte	1.8159595406540423	0.888370156888408	0.9275893837656344	0.8620421778965888	0.226950354609929	0.4518743667679837	3.1631205673758864	1.0	cluster_consensus_marker_source_support	Classical Monocyte:89; CD4 Naive / T Central Memory:18; Plasma Cell:10; Blood Cell:6	Classical Monocyte:130; RBC:4; Conventional DC 1:2; Non-Classical Monocyte:2	Classical Monocyte:131; RBC:4; Conventional DC 1:2; Non-Classical Monocyte:2	Classical Monocyte:51; Blood Cell:48; Neutrophil:16; Plasma Cell:12	Monocyte:59; Blood Cell:47; Granulocyte:16; B Cell:12	Blood Cell:49; Classical Monocyte:45; Plasma Cell:41; Conventional DC 2:5	not_available:141	823.0	1682.0	0.0
infection_study_04	Myeloid/DC	Myeloid_lineage:16	297	Non-Classical Monocyte	True	Non-Classical Monocyte	1.7714499953858376	0.8371759070093431	0.9342740883764944	0.959512874997144	0.3569023569023569	0.3275613275613275	2.292929292929293	1.0	cluster_consensus_marker_source_support	Non-Classical Monocyte:157; Classical Monocyte:91; CD4 Naive / T Central Memory:30; Myeloid Cell:7	Non-Classical Monocyte:148; Classical Monocyte:142; Conventional DC 2:5; RBC:2	Non-Classical Monocyte:148; Classical Monocyte:142; Blood Cell:5; RBC:2	Intermediate Monocyte:129; Classical Monocyte:68; Non-Classical Monocyte:57; Blood Cell:28	Monocyte:254; Blood Cell:22; DC:15; Myeloid Cell:6	Non-Classical Monocyte:171; Classical Monocyte:114; Conventional DC 2:7; Blood Cell:4	not_available:297	1157.0	2147.0	0.0
infection_study_04	Myeloid/DC	Myeloid_lineage:17	259	Classical Monocyte	True	Classical Monocyte	1.855409891251964	1.3843650270018473	0.4710448642501166	0.8462083304773003	0.0193050193050193	0.5675675675675675	3.972972972972973	1.0	cluster_consensus_marker_source_support	Classical Monocyte:213; CD4 Naive / T Central Memory:29; Non-Classical Monocyte:8; Treg:4	Classical Monocyte:252; Non-Classical Monocyte:7	Classical Monocyte:252; Non-Classical Monocyte:7	Neutrophil:180; Classical Monocyte:63; Blood Cell:8; Non-Classical Monocyte:5	Granulocyte:180; Monocyte:71; Blood Cell:8	Classical Monocyte:249; Non-Classical Monocyte:9; Platelet:1	not_available:259	752.0	1723.0	0.0
infection_study_04	Myeloid/DC	Myeloid_lineage:18	218	Classical Monocyte	True	Classical Monocyte	1.7082743448334965	0.8582785491537593	0.8499957956797372	0.7505654945506888	0.0458715596330275	0.5242463958060288	3.669724770642202	1.0	cluster_consensus_marker_source_support	Classical Monocyte:156; Non-Classical Monocyte:31; CD4 Naive / T Central Memory:15; Blood Cell:5	Classical Monocyte:178; Non-Classical Monocyte:22; Conventional DC 2:6; Naive B Cell:5	Classical Monocyte:178; Non-Classical Monocyte:23; Blood Cell:13; RBC:2	Classical Monocyte:116; Blood Cell:44; Intermediate Monocyte:17; Non-Classical Monocyte:16	Monocyte:149; Blood Cell:44; DC:13; Granulocyte:9	Classical Monocyte:172; Non-Classical Monocyte:32; Conventional DC 2:9; B Cell:3	not_available:218	1219.5	2188.5	0.0
infection_study_04	Myeloid/DC	Myeloid_lineage:19	222	Plasmacytoid DC	True	Plasmacytoid DC	2.7797432269671627	0.8264460900488044	1.9532971369183585	0.9974409943564786	0.7432432432432432	0.6776061776061775	4.743243243243243	0.875	cluster_consensus_marker_source_support	Plasmacytoid DC:205; CD4 Naive / T Central Memory:9; Classical Monocyte:6; Non-Classical Monocyte:1	Plasmacytoid DC:208; Classical Monocyte:12; Conventional DC 2:2	Plasmacytoid DC:208; Classical Monocyte:12; Blood Cell:2	Plasmacytoid DC:213; Blood Cell:5; Classical Monocyte:3; Conventional DC 1:1	DC:215; Blood Cell:4; Monocyte:3	Plasmacytoid DC:219; Conventional DC 2:2; Classical Monocyte:1	not_available:222	1196.5	2142.0	0.0
infection_study_04	Myeloid/DC	Myeloid_lineage:2	1050	Classical Monocyte	True	Classical Monocyte	2.2513564902827263	0.7504185205235704	1.500937969759156	0.8797838554161812	0.2504761904761904	0.6627210884353741	4.639047619047619	1.0	cluster_consensus_marker_source_support	Classical Monocyte:948; Non-Classical Monocyte:64; CD4 Naive / T Central Memory:35; Myeloid Cell:2	Classical Monocyte:1005; Non-Classical Monocyte:44; RBC:1	Classical Monocyte:1005; Non-Classical Monocyte:44; RBC:1	Classical Monocyte:916; Intermediate Monocyte:107; Blood Cell:18; Neutrophil:4	Monocyte:1024; Blood Cell:16; Granulocyte:4; DC:4	Classical Monocyte:997; Non-Classical Monocyte:50; Platelet:2; RBC:1	not_available:1050	1374.0	2328.5	0.0
infection_study_04	Myeloid/DC	Myeloid_lineage:20	69	Classical Monocyte	True	Classical Monocyte	1.6206740465142415	1.149141125216012	0.4715329212982295	0.9240523682226336	0.1159420289855072	0.3664596273291924	2.565217391304348	1.0	cluster_consensus_marker_source_support	Classical Monocyte:35; Blood Cell:13; CD4 Naive / T Central Memory:9; Treg:6	Classical Monocyte:63; RBC:6	Classical Monocyte:63; RBC:6	Neutrophil:43; Blood Cell:14; Classical Monocyte:12	Granulocyte:43; Monocyte:12; Myeloid Cell:10; Blood Cell:4	Blood Cell:63; Classical Monocyte:4; Plasma Cell:2	not_available:69	908.0	1979.0	0.0
infection_study_04	Myeloid/DC	Myeloid_lineage:21	79	Classical Monocyte	True	Classical Monocyte	1.9682966445154189	0.7174290942530582	1.2508675502623603	0.8100623757625608	0.0759493670886076	0.6202531645569621	4.341772151898734	1.0	cluster_consensus_marker_source_support	Classical Monocyte:61; Blood Cell:7; CD4 Naive / T Central Memory:6; Non-Classical Monocyte:3	Classical Monocyte:75; Non-Classical Monocyte:3; Lymphoid Cell:1	Classical Monocyte:75; Non-Classical Monocyte:3; Lymphoid Cell:1	Classical Monocyte:59; Blood Cell:8; Intermediate Monocyte:8; Neutrophil:2	Monocyte:69; Blood Cell:7; Granulocyte:3	Classical Monocyte:73; Blood Cell:4; Non-Classical Monocyte:2	not_available:79	1117.0	2178.0	0.0
infection_study_04	Myeloid/DC	Myeloid_lineage:22	14	Classical Monocyte	True	Classical Monocyte	2.087189607490127	0.8911029556794958	1.1960866518106312	0.9438161171659012	0.2142857142857142	0.5612244897959183	3.928571428571429	1.0	cluster_consensus_marker_source_support	Classical Monocyte:14	Classical Monocyte:13; RBC:1	Classical Monocyte:13; RBC:1	Classical Monocyte:11; Neutrophil:3	Monocyte:11; Granulocyte:3	RBC:10; Classical Monocyte:4	not_available:14	1073.0	2267.0	0.0
infection_study_04	Myeloid/DC	Myeloid_lineage:3	958	Classical Monocyte	True	Classical Monocyte	2.099312918678011	0.7574192553876606	1.3418936632903502	0.8386341307377705	0.1878914405010438	0.6285416045332538	4.3997912317327765	1.0	cluster_consensus_marker_source_support	Classical Monocyte:831; CD4 Naive / T Central Memory:90; Non-Classical Monocyte:30; Blood Cell:3	Classical Monocyte:850; RBC:75; Non-Classical Monocyte:31; Conventional DC 1:1	Classical Monocyte:850; RBC:75; Non-Classical Monocyte:31; Conventional DC 1:1	Classical Monocyte:812; Blood Cell:72; Intermediate Monocyte:47; Non-Classical Monocyte:11	Monocyte:870; Blood Cell:72; Granulocyte:10; DC:6	Classical Monocyte:872; Non-Classical Monocyte:44; Blood Cell:39; Conventional DC 2:3	not_available:958	766.5	1755.5	0.0
infection_study_04	Myeloid/DC	Myeloid_lineage:4	1030	Classical Monocyte	True	Classical Monocyte	2.338575441436554	0.8018497682549	1.536725673181654	0.8924532181780793	0.270873786407767	0.6940360610263521	4.858252427184466	1.0	cluster_consensus_marker_source_support	Classical Monocyte:992; CD4 Naive / T Central Memory:24; Non-Classical Monocyte:10; Myeloid Cell:2	Classical Monocyte:1004; RBC:20; Non-Classical Monocyte:6	Classical Monocyte:1004; RBC:20; Non-Classical Monocyte:6	Classical Monocyte:982; Blood Cell:24; Neutrophil:12; Intermediate Monocyte:8	Monocyte:992; Blood Cell:24; Granulocyte:12; DC:2	Classical Monocyte:1022; Non-Classical Monocyte:6; Blood Cell:1; Platelet:1	not_available:1030	1216.5	2250.0	0.0
infection_study_04	Myeloid/DC	Myeloid_lineage:5	941	Non-Classical Monocyte	True	Non-Classical Monocyte	2.6579261096694013	0.6344958372227327	2.0234302724466686	0.9855370484611694	0.7555791710945803	0.613936541672992	4.297555791710946	1.0	cluster_consensus_marker_source_support	Non-Classical Monocyte:845; Classical Monocyte:55; CD4 Naive / T Central Memory:31; Myeloid Cell:4	Non-Classical Monocyte:843; Classical Monocyte:96; Conventional DC 2:2	Non-Classical Monocyte:843; Classical Monocyte:96; Blood Cell:2	Non-Classical Monocyte:645; Intermediate Monocyte:219; Classical Monocyte:44; Blood Cell:30	Monocyte:908; Blood Cell:30; DC:3	Non-Classical Monocyte:868; Classical Monocyte:69; Blood Cell:2; Conventional DC 2:2	not_available:941	1210.0	2186.0	0.0
infection_study_04	Myeloid/DC	Myeloid_lineage:6	705	Classical Monocyte	True	Classical Monocyte	2.006481908237064	0.8842625069768808	1.122219401260183	0.7945712523133868	0.076595744680851	0.6474164133738602	4.531914893617022	1.0	cluster_consensus_marker_source_support	Classical Monocyte:600; Non-Classical Monocyte:61; CD4 Naive / T Central Memory:36; Myeloid Cell:2	Classical Monocyte:664; Non-Classical Monocyte:31; RBC:9; Conventional DC 2:1	Classical Monocyte:664; Non-Classical Monocyte:31; RBC:9; Blood Cell:1	Classical Monocyte:607; Intermediate Monocyte:55; Blood Cell:25; Non-Classical Monocyte:10	Monocyte:672; Blood Cell:25; DC:5; Granulocyte:3	Classical Monocyte:660; Non-Classical Monocyte:40; Blood Cell:2; RBC:2	not_available:705	1071.0	2153.0	0.0
infection_study_04	Myeloid/DC	Myeloid_lineage:7	664	Classical Monocyte	True	Classical Monocyte	2.3105948823937683	0.8175295789662572	1.4930653034275112	0.899250576918683	0.2981927710843373	0.6645869191049915	4.65210843373494	1.0	cluster_consensus_marker_source_support	Classical Monocyte:617; CD4 Naive / T Central Memory:18; Non-Classical Monocyte:15; Conventional DC 2:6	Classical Monocyte:628; RBC:20; Non-Classical Monocyte:12; Conventional DC 2:4	Classical Monocyte:628; RBC:20; Non-Classical Monocyte:12; Blood Cell:4	Classical Monocyte:595; Intermediate Monocyte:29; Blood Cell:22; Neutrophil:10	Monocyte:624; Blood Cell:21; Granulocyte:10; DC:7	Classical Monocyte:621; Non-Classical Monocyte:16; Blood Cell:14; Conventional DC 2:6	not_available:664	1051.0	2049.5	0.0
infection_study_04	Myeloid/DC	Myeloid_lineage:8	597	Classical Monocyte	True	Classical Monocyte	1.849038574382444	0.7136925779273855	1.135345996455058	0.8196357986610917	0.1457286432160804	0.5235702321129456	3.66499162479062	1.0	cluster_consensus_marker_source_support	Classical Monocyte:351; CD4 Naive / T Central Memory:134; Non-Classical Monocyte:75; Blood Cell:11	Classical Monocyte:486; Non-Classical Monocyte:74; RBC:15; CD4 Naive / T Central Memory:9	Classical Monocyte:486; Non-Classical Monocyte:74; Blood Cell:18; RBC:15	Classical Monocyte:388; Intermediate Monocyte:69; Blood Cell:63; Non-Classical Monocyte:40	Monocyte:497; Blood Cell:62; Granulocyte:26; DC:12	Classical Monocyte:477; Non-Classical Monocyte:88; Blood Cell:19; Conventional DC 2:12	not_available:597	1211.0	2179.0	0.0
infection_study_04	Myeloid/DC	Myeloid_lineage:9	626	Classical Monocyte	True	Classical Monocyte	2.504060523520172	0.8335381840334803	1.6705223394866917	0.94931112482007	0.4041533546325878	0.6980830670926518	4.886581469648562	1.0	cluster_consensus_marker_source_support	Classical Monocyte:616; CD4 Naive / T Central Memory:7; Non-Classical Monocyte:3	Classical Monocyte:621; RBC:3; Non-Classical Monocyte:2	Classical Monocyte:621; RBC:3; Non-Classical Monocyte:2	Classical Monocyte:581; Neutrophil:23; Blood Cell:18; Intermediate Monocyte:3	Monocyte:585; Granulocyte:23; Blood Cell:18	Classical Monocyte:620; Platelet:3; Non-Classical Monocyte:2; Blood Cell:1	not_available:626	1262.0	2275.0	0.0
infection_study_04	Myeloid/DC	leiden:10	2	Non-Classical Monocyte	True	Non-Classical Monocyte	1.8225815927851707	0.9731749948591404	0.8494065979260302	0.977471611031142	0.5	0.2857142857142857	2.0	1.0	cluster_consensus_marker_source_support	CD4 Naive / T Central Memory:2	CD4 Naive / T Central Memory:1; Non-Classical Monocyte:1	CD4 Naive / T Central Memory:1; Non-Classical Monocyte:1	Intermediate Monocyte:1; Blood Cell:1	Monocyte:1; Blood Cell:1	Non-Classical Monocyte:2	not_available:2	1178.5	2101.0	0.0
infection_study_04	Myeloid/DC	leiden:15	1	Neutrophil	True	Neutrophil	1.682706148468024	0.7892482594518375	0.8934578890161864	0.9807846094089154	1.0	0.0	0.0	1.0	cluster_consensus_marker_source_support	CD8 Cytotoxic / T Effector Memory:1	Classical Monocyte:1	Classical Monocyte:1	Plasma Cell:1	B Cell:1	Blood Cell:1	not_available:1	979.0	1921.0	0.0
infection_study_04	Myeloid/DC	leiden:16	1	Conventional DC 2	True	Conventional DC 2	1.694715196380835	1.0902264915836783	0.6044887047971566	0.9941279959787054	1.0	0.0	0.0	1.0	cluster_consensus_marker_source_support	Conventional DC 1:1	Conventional DC 1:1	Conventional DC 1:1	Plasma Cell:1	B Cell:1	Plasma Cell:1	not_available:1	1239.0	2287.0	0.0
infection_study_04	Myeloid/DC	leiden:17	11	Myeloid Cell	False	Classical Monocyte	1.5122261657733589	1.4480324528442976	0.064193712929061	0.8880435030959398	0.1818181818181818	0.2987012987012986	2.090909090909091	1.0	cluster_parent_insufficient_consensus	CD4 Naive / T Central Memory:4; Plasma Cell:3; Plasmablast:2; Classical Monocyte:1	Classical Monocyte:11	Classical Monocyte:11	Blood Cell:10; Plasma Cell:1	Blood Cell:9; B Cell:1; Myeloid Cell:1	Plasma Cell:11	not_available:11	629.0	1571.0	0.0
infection_study_04	Myeloid/DC	leiden:18	1	Plasmacytoid DC	True	Plasmacytoid DC	2.510378661026409	0.821509356364384	1.688869304662025	0.9956588297118834	1.0	0.4285714285714285	3.0	0.875	cluster_consensus_marker_source_support	CD4 Naive / T Central Memory:1	Plasmacytoid DC:1	Plasmacytoid DC:1	Plasmacytoid DC:1	DC:1	CD8 Cytotoxic / T Effector Memory:1	not_available:1	1673.0	2487.0	0.0
infection_study_04	Myeloid/DC	leiden:30	6	Neutrophil	True	Neutrophil	1.7449869275285683	1.094701977027702	0.6502849505008665	0.99707542212169	0.8333333333333334	0.0952380952380952	0.6666666666666666	1.0	cluster_consensus_marker_source_support	CD4 Naive / T Central Memory:3; CD8 Cytotoxic / T Effector Memory:1; NK Cell:1; Treg:1	CD4 Naive / T Central Memory:4; Classical Monocyte:1; NK Cell:1	Blood Cell:4; Classical Monocyte:2	Neutrophil:4; Blood Cell:2	Granulocyte:4; Blood Cell:2	Classical Monocyte:6	not_available:5; CD4 Naive / T Central Memory:1	1196.5	2103.5	0.0
infection_study_04	Myeloid/DC	leiden:31	1	Plasmacytoid DC	True	Plasmacytoid DC	2.510255280397168	0.8289019123997532	1.6813533679974149	0.9955217401238377	1.0	0.4285714285714285	3.0	0.875	cluster_consensus_marker_source_support	CD4 Naive / T Central Memory:1	Plasmacytoid DC:1	Plasmacytoid DC:1	Blood Cell:1	Blood Cell:1	Plasmacytoid DC:1	not_available:1	1084.0	2022.0	0.0
infection_study_04	Myeloid/DC	leiden:6	1	Neutrophil	True	Neutrophil	1.6824182603331277	1.4662083957580565	0.2162098645750714	0.9804647337034752	1.0	0.0	0.0	1.0	cluster_consensus_marker_source_support	CD4 Naive / T Central Memory:1	Classical Monocyte:1	Classical Monocyte:1	Blood Cell:1	Blood Cell:1	Classical Monocyte:1	not_available:1	1515.0	2352.0	0.0
infection_study_04	Myeloid/DC	leiden:7	2	Classical Monocyte	True	Classical Monocyte	1.252369201844834	0.5953578038247995	0.6570113980200345	0.4867594306212442	0.0	0.4285714285714285	3.0	1.0	cluster_consensus_marker_source_support	CD4 Naive / T Central Memory:2	Classical Monocyte:2	Classical Monocyte:2	Blood Cell:2	Blood Cell:2	Classical Monocyte:2	not_available:2	1135.5	2068.0	0.0
infection_study_04	Artifact/Other	leiden:0	37	Blood Cell	False	RBC	1.0061392978419506	0.8524498279896183	0.1536894698523322	0.8536682888934586	0.2972972972972973	0.0	0.0	1.0	cluster_parent_insufficient_consensus	Blood Cell:13; CD4 Naive / T Central Memory:9; NK Cell:8; CD8 Cytotoxic / T Effector Memory:4	CD8 Cytotoxic / T Effector Memory:19; NK Cell:16; Lymphoid Cell:1; ydT Cell:1	Blood Cell:36; Lymphoid Cell:1	Blood Cell:37	Blood Cell:37	NK Cell:37	not_available:35; CD4 T Effector Memory:2	748.0	1574.0	0.0
infection_study_04	Artifact/Other	leiden:1	4	Blood Cell	False	HSC	0.4812410034957845	0.1541640962368908	0.3270769072588937	0.312490003884205	0.25	0.0	0.0	1.0	cluster_parent_insufficient_consensus	Blood Cell:3; CD4 Naive / T Central Memory:1	CD4 Naive / T Central Memory:3; CD8 Naive / T Central Memory:1	Blood Cell:4	Blood Cell:4	Blood Cell:4	CD4 Naive / T Central Memory:4	not_available:3; Treg:1	672.5	1477.0	0.0
infection_study_04	Artifact/Other	leiden:10	3	Blood Cell	False	HSC	0.4319144560970595	0.3320789636027144	0.099835492494345	0.4799049512189549	0.0	0.0	0.0	1.0	cluster_parent_insufficient_consensus	CD8 Cytotoxic / T Effector Memory:1; Non-Classical Monocyte:1; CD4 Naive / T Central Memory:1	CD8 Cytotoxic / T Effector Memory:1; Naive B Cell:1; CD4 Naive / T Central Memory:1	Blood Cell:3	Blood Cell:3	Blood Cell:3	Non-Classical Monocyte:3	not_available:3	1038.0	1780.0	0.0
infection_study_04	Artifact/Other	leiden:11	1	Blood Cell	False	Platelet	1.6800945918157515	0.2158544108574953	1.464240180958256	0.9778828797952795	1.0	0.0	0.0	1.0	cluster_parent_insufficient_consensus	CD4 Naive / T Central Memory:1	CD4 Naive / T Central Memory:1	Blood Cell:1	Blood Cell:1	Blood Cell:1	Classical Monocyte:1	not_available:1	1653.0	2546.0	0.0
infection_study_04	Artifact/Other	leiden:12	18	Blood Cell	False	RBC	1.1147645486325313	0.7145554870107615	0.4002090616217697	0.7386272762583681	0.1666666666666666	0.1666666666666666	1.1666666666666667	1.0	cluster_parent_insufficient_consensus	CD4 Naive / T Central Memory:10; Classical Monocyte:5; CD8 Cytotoxic / T Effector Memory:1; Blood Cell:1	RBC:10; Classical Monocyte:4; CD4 Naive / T Central Memory:4	RBC:10; Classical Monocyte:4; Blood Cell:4	Blood Cell:18	Blood Cell:15; Myeloid Cell:2; RBC:1	Classical Monocyte:10; Blood Cell:8	not_available:16; CD4 Naive / T Central Memory:2	680.0	1726.0	0.0
infection_study_04	Artifact/Other	leiden:13	1	Blood Cell	False	Platelet	1.6860682706148469	0.8450956199876619	0.840972650627185	0.9845203006831632	1.0	0.0	0.0	1.0	cluster_parent_insufficient_consensus	Classical Monocyte:1	CD4 Naive / T Central Memory:1	Blood Cell:1	Blood Cell:1	Blood Cell:1	Plasma Cell:1	not_available:1	1090.0	2174.0	0.0
infection_study_04	Artifact/Other	leiden:14	13	Blood Cell	False	RBC	0.9331140276544349	0.8113945174710134	0.1217195101834213	0.6900290172961363	0.0769230769230769	0.1318681318681318	0.9230769230769232	1.0	cluster_parent_insufficient_consensus	Classical Monocyte:7; CD4 Naive / T Central Memory:4; CD8 Cytotoxic / T Effector Memory:2	RBC:6; CD8 Cytotoxic / T Effector Memory:4; CD4 Naive / T Central Memory:2; Classical Monocyte:1	RBC:6; Blood Cell:4; Classical Monocyte:3	Blood Cell:13	Blood Cell:12; Myeloid Cell:1	Blood Cell:8; Classical Monocyte:5	not_available:12; CD4 T Effector Memory:1	1257.0	2243.0	0.0
infection_study_04	Artifact/Other	leiden:15	449	Blood Cell	False	RBC	0.963318741993884	0.7378031234312037	0.2255156185626803	0.7234103319852857	0.1893095768374164	0.0846325167037861	0.5924276169265034	1.0	cluster_parent_insufficient_consensus	CD4 Naive / T Central Memory:244; Classical Monocyte:85; Blood Cell:41; CD8 Cytotoxic / T Effector Memory:37	Classical Monocyte:159; CD4 Naive / T Central Memory:133; RBC:118; CD8 Cytotoxic / T Effector Memory:33	Classical Monocyte:162; Blood Cell:156; RBC:118; CD4 Naive / T Central Memory:7	Blood Cell:407; Classical Monocyte:19; Neutrophil:10; HSC:6	Blood Cell:377; RBC:30; Monocyte:20; Granulocyte:10	Blood Cell:446; Classical Monocyte:3	not_available:387; CD4 T Effector Memory:34; CD4 Naive / T Central Memory:24; Naive B Cell:2	636.0	1620.0	0.0
infection_study_04	Artifact/Other	leiden:17	60	Blood Cell	False	RBC	0.8966957492435593	0.7443913222290767	0.1523044270144826	0.7174926314346426	0.1666666666666666	0.0619047619047619	0.4333333333333333	1.0	cluster_parent_insufficient_consensus	CD4 Naive / T Central Memory:19; Blood Cell:13; Plasma Cell:10; Classical Monocyte:6	CD4 Naive / T Central Memory:29; RBC:11; Classical Monocyte:10; CD8 Cytotoxic / T Effector Memory:4	Blood Cell:35; RBC:11; Classical Monocyte:10; HSC:4	Blood Cell:60	Blood Cell:55; RBC:4; Myeloid Cell:1	Plasma Cell:60	not_available:46; Memory B Cell:4; CD4 Naive / T Central Memory:4; Naive B Cell:3	637.0	1587.0	0.0
infection_study_04	Artifact/Other	leiden:18	12	Blood Cell	False	RBC	0.9852295760994096	0.7980259099321407	0.1872036661672689	0.7732709575707726	0.3333333333333333	0.0119047619047619	0.0833333333333333	1.0	cluster_parent_insufficient_consensus	CD4 Naive / T Central Memory:8; Blood Cell:2; B Cell:1; CD8 Cytotoxic / T Effector Memory:1	CD8 Cytotoxic / T Effector Memory:7; CD8 Naive / T Central Memory:2; CD4 Naive / T Central Memory:2; ydT Cell:1	Blood Cell:11; Lymphoid Cell:1	Blood Cell:12	Blood Cell:11; RBC:1	CD8 Cytotoxic / T Effector Memory:12	not_available:12	1180.0	2129.5	0.0
infection_study_04	Artifact/Other	leiden:19	1	Blood Cell	False	HSC	0.7498560559325519	0.6418671601891835	0.1079888957433683	0.8331733954806132	0.0	0.0	0.0	1.0	cluster_parent_insufficient_consensus	Blood Cell:1	CD4 Naive / T Central Memory:1	Classical Monocyte:1	Blood Cell:1	Blood Cell:1	CD4 Naive / T Central Memory:1	not_available:1	483.0	1567.0	0.0
infection_study_04	Artifact/Other	leiden:2	8	Blood Cell	False	RBC	0.4777555007197204	0.455305367057372	0.0224501336623483	0.3086172230219115	0.25	0.0	0.0	1.0	cluster_parent_insufficient_consensus	Blood Cell:5; CD8 Cytotoxic / T Effector Memory:2; NK Cell:1	CD8 Cytotoxic / T Effector Memory:7; NK Cell:1	Blood Cell:8	Blood Cell:8	Blood Cell:8	CD8 Cytotoxic / T Effector Memory:8	not_available:8	807.5	1556.5	0.0
infection_study_04	Artifact/Other	leiden:21	10	RBC	True	RBC	1.1714824770130137	0.3653899709174231	0.8060925060955906	0.8540281490620787	0.3	0.0857142857142857	0.6	1.0	cluster_consensus_marker_source_support	Blood Cell:4; CD4 Naive / T Central Memory:4; CD8 Cytotoxic / T Effector Memory:1; CD8 Naive / T Central Memory:1	CD4 Naive / T Central Memory:5; NK Cell:2; HSC:1; B Cell:1	Blood Cell:5; NK Cell:2; HSC:1; RBC:1	Blood Cell:10	Blood Cell:6; RBC:3; Myeloid Cell:1	NK Cell:6; Plasma Cell:2; B Cell:1; RBC:1	not_available:9; CD4 Naive / T Central Memory:1	846.5	1890.0	0.0
infection_study_04	Artifact/Other	leiden:22	95	Blood Cell	False	HSC	0.197005669633677	0.122875649951529	0.074130019682148	0.212545982132657	0.0	0.0030075187969924	0.0210526315789473	1.0	cluster_parent_insufficient_consensus	NK Cell:40; CD8 Cytotoxic / T Effector Memory:25; Blood Cell:14; CD4 Naive / T Central Memory:8	CD8 Cytotoxic / T Effector Memory:45; B Cell:27; NK Cell:11; CD4 Naive / T Central Memory:7	Blood Cell:92; Lymphoid Cell:2; HSC:1	Blood Cell:95	Blood Cell:94; RBC:1	B Cell:95	not_available:91; Naive B Cell:2; Memory B Cell:2	1112.0	1964.0	0.0
infection_study_04	Artifact/Other	leiden:23	3	Blood Cell	False	Platelet	0.886171087805881	0.7498560559325519	0.1363150318733291	0.6883382457102383	0.3333333333333333	0.0	0.0	1.0	cluster_parent_insufficient_consensus	Blood Cell:2; CD8 Cytotoxic / T Effector Memory:1	NK Cell:1; ydT Cell:1; CD8 Cytotoxic / T Effector Memory:1	Blood Cell:3	Blood Cell:3	Blood Cell:3	NK Cell:3	not_available:3	660.0	1434.0	0.0
infection_study_04	Artifact/Other	leiden:24	7	Blood Cell	False	Platelet	1.2637642842454686	0.5277006299126683	0.7360636543328003	0.8962460301140128	0.5714285714285714	0.0	0.0	1.0	cluster_parent_insufficient_consensus	NK Cell:3; CD4 Naive / T Central Memory:2; Blood Cell:1; Classical Monocyte:1	NK Cell:4; CD4 Naive / T Central Memory:2; CD8 Cytotoxic / T Effector Memory:1	Blood Cell:7	Blood Cell:7	Blood Cell:6; RBC:1	NK Cell:7	not_available:7	823.0	1851.0	0.0
infection_study_04	Artifact/Other	leiden:25	283	Platelet	True	Platelet	2.7318080680717274	0.0423451433487553	2.689462924722972	0.9966413050928782	0.8692579505300353	0.5996971226653206	4.1978798586572434	1.0	cluster_consensus_marker_source_support	Platelet:121; CD4 Naive / T Central Memory:75; Classical Monocyte:45; CD8 Cytotoxic / T Effector Memory:14	Platelet:204; Classical Monocyte:37; CD8 Cytotoxic / T Effector Memory:22; CD4 Naive / T Central Memory:10	Platelet:204; Classical Monocyte:37; Blood Cell:35; HSC:4	Platelet:189; Blood Cell:89; Plasma Cell:3; NK Cell:2	Platelet:189; Blood Cell:82; T Cell:3; B Cell:3	Platelet:281; NK Cell:2	not_available:237; CD4 Naive / T Central Memory:24; CD4 T Effector Memory:14; Naive B Cell:3	862.0	1914.0	0.0
infection_study_04	Artifact/Other	leiden:26	412	RBC	True	RBC	2.4951754637397565	0.0092993372070173	2.485876126532739	0.9948705645806202	0.9538834951456312	0.4403606102635228	3.0825242718446604	1.0	cluster_consensus_marker_source_support	CD4 Naive / T Central Memory:243; Blood Cell:70; Classical Monocyte:44; NK Cell:19	RBC:289; CD4 Naive / T Central Memory:79; CD8 Cytotoxic / T Effector Memory:21; Classical Monocyte:8	RBC:292; Blood Cell:103; Classical Monocyte:8; CD4 Naive / T Central Memory:4	Blood Cell:369; Neutrophil:29; Classical Monocyte:10; Plasma Cell:2	RBC:286; Blood Cell:76; Granulocyte:29; Monocyte:10	RBC:403; Blood Cell:9	not_available:245; CD4 Naive / T Central Memory:100; CD4 T Effector Memory:56; Naive B Cell:5	623.5	1686.5	0.0
infection_study_04	Artifact/Other	leiden:27	2	Blood Cell	False	HSC	1.6237250668311742	0.4592895332099527	1.1644355336212215	0.91525007425686	1.0	0.0	0.0	1.0	cluster_parent_insufficient_consensus	CD4 Naive / T Central Memory:2	ydT Cell:2	Blood Cell:2	Blood Cell:2	Blood Cell:2	MAIT Cell:2	not_available:2	940.5	1903.0	0.0
infection_study_04	Artifact/Other	leiden:28	4	Blood Cell	False	Platelet	0.34778428953321	0.3409932140653918	0.0067910754678182	0.3864269883702333	0.0	0.0	0.0	1.0	cluster_parent_insufficient_consensus	Blood Cell:2; CD4 Naive / T Central Memory:2	CD4 Naive / T Central Memory:3; Conventional DC 2:1	Blood Cell:4	Blood Cell:4	Blood Cell:3; RBC:1	Conventional DC 2:4	not_available:4	836.5	1811.5	0.0
infection_study_04	Artifact/Other	leiden:29	4	Blood Cell	False	HSC	1.149856055932552	0.7514497223935843	0.3984063335389676	0.8331733954806132	0.5	0.0	0.0	1.0	cluster_parent_insufficient_consensus	CD4 Naive / T Central Memory:2; Blood Cell:1; NK Cell:1	ydT Cell:1; NK Cell:1; CD8 Cytotoxic / T Effector Memory:1; Lymphoid Cell:1	Blood Cell:3; Lymphoid Cell:1	Blood Cell:4	Blood Cell:4	NK Cell:4	not_available:4	689.5	1525.0	0.0
infection_study_04	Artifact/Other	leiden:3	3	Blood Cell	False	RBC	1.0747378161628625	1.0165227225992186	0.0582150935636438	0.8978568327735509	0.3333333333333333	0.0	0.0	1.0	cluster_parent_insufficient_consensus	Treg:1; Blood Cell:1; CD4 Naive / T Central Memory:1	CD4 Naive / T Central Memory:3	Blood Cell:3	Blood Cell:3	Blood Cell:3	CD4 Naive / T Central Memory:3	not_available:2; CD4 Naive / T Central Memory:1	755.0	1682.0	0.0
infection_study_04	Artifact/Other	leiden:30	25	Blood Cell	False	HSC	0.2896051819864281	0.2415792720542875	0.0480259099321405	0.3217835355404757	0.0	0.0	0.0	1.0	cluster_parent_insufficient_consensus	CD4 Naive / T Central Memory:12; CD8 Cytotoxic / T Effector Memory:6; NK Cell:4; Blood Cell:2	CD8 Cytotoxic / T Effector Memory:11; CD4 Naive / T Central Memory:6; NK Cell:3; B Cell:2	Blood Cell:25	Blood Cell:25	Blood Cell:25	Classical Monocyte:25	not_available:24; Naive B Cell:1	996.0	1829.0	0.0
infection_study_04	Artifact/Other	leiden:31	4	Blood Cell	False	RBC	0.824812725830616	0.8110433007255955	0.0137694251050205	0.8410617588594147	0.0	0.0357142857142857	0.25	1.0	cluster_parent_insufficient_consensus	NK Cell:2; CD8 Naive / T Central Memory:1; CD4 Naive / T Central Memory:1	NK Cell:2; Blood Cell:1; HSC:1	Blood Cell:3; HSC:1	Blood Cell:4	Blood Cell:3; RBC:1	Plasmacytoid DC:4	not_available:4	1505.0	2435.0	0.0
infection_study_04	Artifact/Other	leiden:32	214	HSC	True	HSC	2.4402746193636204	0.792553948825317	1.6477206705383034	0.9953503781387804	0.4719626168224299	0.6141522029372497	4.299065420560748	1.0	cluster_consensus_marker_source_support	CD4 Naive / T Central Memory:84; Blood Cell:46; HSC:38; NK Cell:14	HSC:209; CD4 Naive / T Central Memory:2; Classical Monocyte:1; CD8 Cytotoxic / T Effector Memory:1	HSC:209; Blood Cell:3; Classical Monocyte:1; Lymphoid Cell:1	HSC:114; Blood Cell:100	HSC:136; Blood Cell:73; RBC:4; Granulocyte:1	HSC:214	not_available:101; CD4 Naive / T Central Memory:76; CD4 T Effector Memory:23; Naive B Cell:8	1193.0	2116.0	0.0
infection_study_04	Artifact/Other	leiden:33	81	Blood Cell	False	RBC	1.2428028510282263	0.8175299502669439	0.4252729007612824	0.9389951333196244	0.074074074074074	0.1781305114638447	1.2469135802469136	1.0	cluster_parent_insufficient_consensus	Blood Cell:45; CD4 Naive / T Central Memory:24; Treg:3; CD8 Cytotoxic / T Effector Memory:2	RBC:50; HSC:14; CD4 Naive / T Central Memory:7; NK Cell:6	RBC:51; HSC:15; Blood Cell:6; NK Cell:5	Blood Cell:70; Neutrophil:11	Myeloid Cell:44; Blood Cell:24; Granulocyte:11; HSC:2	Blood Cell:81	not_available:64; CD4 T Effector Memory:10; CD4 Naive / T Central Memory:6; Naive B Cell:1	783.0	2085.0	0.0
infection_study_04	Artifact/Other	leiden:34	12	Blood Cell	False	HSC	0.8635153197614641	0.8048360800211509	0.0586792397403131	0.6076096145497749	0.0	0.1666666666666666	1.1666666666666667	1.0	cluster_parent_insufficient_consensus	Blood Cell:8; CD8 Cytotoxic / T Effector Memory:2; Classical Monocyte:1; NK Cell:1	CD8 Cytotoxic / T Effector Memory:4; HSC:3; Lymphoid Cell:3; CD4 Naive / T Central Memory:1	Blood Cell:5; HSC:3; Lymphoid Cell:3; RBC:1	Blood Cell:11; HSC:1	HSC:7; Blood Cell:5	Classical Monocyte:12	not_available:10; CD4 T Effector Memory:1; CD4 Naive / T Central Memory:1	829.0	1684.0	0.0
infection_study_04	Artifact/Other	leiden:4	66	Blood Cell	False	RBC	0.9261234447230744	0.7598396719463962	0.1662837727766782	0.8171453378115932	0.1818181818181818	0.0238095238095238	0.1666666666666666	1.0	cluster_parent_insufficient_consensus	Blood Cell:26; CD4 Naive / T Central Memory:23; Plasma Cell:6; NK Cell:5	CD8 Cytotoxic / T Effector Memory:53; CD4 Naive / T Central Memory:7; CD8 Naive / T Central Memory:3; CD4 T Effector Memory:1	Blood Cell:63; CD4 Naive / T Central Memory:2; Classical Monocyte:1	Blood Cell:65; Platelet:1	Blood Cell:62; RBC:2; Platelet:1; T Cell:1	CD8 Cytotoxic / T Effector Memory:51; RBC:9; NK Cell:2; Blood Cell:2	not_available:64; CD4 T Effector Memory:2	660.5	1549.5	0.0
infection_study_04	Artifact/Other	leiden:5	28	Blood Cell	False	RBC	1.223704398477466	0.7985032754619431	0.4252011230155229	0.7462928690565951	0.0357142857142857	0.2755102040816326	1.9285714285714288	1.0	cluster_parent_insufficient_consensus	Classical Monocyte:17; CD4 Naive / T Central Memory:11	RBC:27; Classical Monocyte:1	RBC:27; Classical Monocyte:1	Blood Cell:28	Blood Cell:28	Classical Monocyte:22; Blood Cell:6	not_available:27; CD4 T Effector Memory:1	528.0	1647.0	0.0
infection_study_04	Artifact/Other	leiden:6	10	Blood Cell	False	RBC	1.3486796803854175	0.7498560559325519	0.5988236244528656	0.8064694861425274	0.1	0.2857142857142857	2.0	1.0	cluster_parent_insufficient_consensus	Classical Monocyte:10	RBC:10	RBC:10	Blood Cell:10	Blood Cell:10	Classical Monocyte:10	not_available:10	645.0	1659.0	0.0
infection_study_04	Artifact/Other	leiden:7	9	Blood Cell	False	Platelet	0.5757591335938036	0.492704385887606	0.0830547477061975	0.5409669385610163	0.1111111111111111	0.0	0.0	1.0	cluster_parent_insufficient_consensus	Classical Monocyte:5; Blood Cell:2; NK Cell:2	RBC:3; B Cell:3; Classical Monocyte:1; NK Cell:1	Blood Cell:5; RBC:3; Classical Monocyte:1	Blood Cell:9	Blood Cell:9	Classical Monocyte:6; Blood Cell:3	not_available:9	834.0	1668.0	0.0
infection_study_04	Artifact/Other	leiden:8	18	Blood Cell	False	HSC	0.4562023246477287	0.4471896634450614	0.0090126612026673	0.4733817716544428	0.0	0.0158730158730158	0.1111111111111111	1.0	cluster_parent_insufficient_consensus	Blood Cell:9; CD4 Naive / T Central Memory:4; NK Cell:2; CD8 Cytotoxic / T Effector Memory:2	B Cell:7; CD8 Cytotoxic / T Effector Memory:6; Naive B Cell:2; CD4 Naive / T Central Memory:1	Blood Cell:17; HSC:1	Blood Cell:18	Blood Cell:18	B Cell:18	not_available:8; Naive B Cell:7; Memory B Cell:2; Treg:1	646.0	1625.0	0.0
infection_study_04	Artifact/Other	leiden:9	11	Blood Cell	False	Platelet	1.014962037756609	0.3554287476866132	0.659533290069996	0.8304773002490461	0.2727272727272727	0.0259740259740259	0.1818181818181818	1.0	cluster_parent_insufficient_consensus	Blood Cell:5; NK Cell:2; CD4 Naive / T Central Memory:2; Treg:1	Naive B Cell:5; B Cell:5; CD4 Naive / T Central Memory:1	Blood Cell:11	Blood Cell:10; Platelet:1	Blood Cell:10; Platelet:1	B Cell:11	Naive B Cell:7; not_available:3; Memory B Cell:1	557.0	1584.0	0.0
vaccination_study_04	B	B_lineage:0	10	Plasma Cell	True	Plasma Cell	2.1178357894281605	1.7037271734547144	0.4141086159734461	0.9991826231741467	0.2	0.557142857142857	3.9	0.7777777777777778	cluster_consensus_marker_source_support	Plasma Cell:9; Plasmacytoid DC:1	Plasmablast:9; CD4 Naive / T Central Memory:1	Plasma Cell:9; HSC:1	Plasma Cell:10	B Cell:10	Plasma Cell:9; Plasmacytoid DC:1	Memory B Cell:5; Naive B Cell:3; Plasma Cell:2	2688.0	13071.5	7.168707370758057
vaccination_study_04	B	B_lineage:1	8	Plasma Cell	True	Plasma Cell	2.7854690726665297	1.170801915862084	1.6146671568044455	0.9997275410580488	1.0	0.5714285714285714	4.0	0.7777777777777778	cluster_consensus_marker_source_support	Plasma Cell:8	Plasmablast:8	Plasma Cell:8	Plasma Cell:8	B Cell:8	Plasma Cell:8	Memory B Cell:7; Naive B Cell:1	4506.0	33595.5	5.154356002807617
vaccination_study_04	B	B_lineage:10	4	Plasma Cell	True	Plasma Cell	2.452999264793331	1.570699743758852	0.8822995210344788	0.9993642624687809	0.5	0.6071428571428571	4.25	0.7777777777777778	cluster_consensus_marker_source_support	Plasma Cell:4	Plasmablast:4	Plasma Cell:4	Plasma Cell:4	B Cell:4	Plasma Cell:4	Memory B Cell:3; Plasma Cell:1	4488.0	23301.0	7.219903945922852
vaccination_study_04	B	B_lineage:11	6	Plasma Cell	True	Plasma Cell	2.5663669618305205	1.5712242272221082	0.9951427346084124	0.9996669946265042	0.5	0.6666666666666666	4.666666666666667	0.7777777777777778	cluster_consensus_marker_source_support	Plasma Cell:6	Plasmablast:6	Plasma Cell:6	Plasma Cell:6	B Cell:6	Plasma Cell:6	Plasma Cell:4; Naive B Cell:2	3445.5	15913.5	9.06768798828125
vaccination_study_04	B	B_lineage:12	4	Plasma Cell	True	Plasma Cell	2.716876290666119	1.2381209523088732	1.4787553383572456	0.9989101642321956	1.0	0.5357142857142857	3.75	0.7777777777777778	cluster_consensus_marker_source_support	Plasma Cell:3; Plasmablast:1	Plasmablast:4	Plasma Cell:4	Plasma Cell:4	B Cell:4	Plasma Cell:4	Memory B Cell:4	4281.0	16769.0	11.50174617767334
vaccination_study_04	B	B_lineage:13	4	Plasma Cell	True	Plasma Cell	2.5851693678303835	1.370733801126596	1.2144355667037876	0.999394535684553	0.75	0.5714285714285714	4.0	0.7777777777777778	cluster_consensus_marker_source_support	Plasma Cell:4	Plasmablast:4	Plasma Cell:4	Plasma Cell:4	B Cell:4	Plasma Cell:4	Naive B Cell:4	4868.5	25453.5	10.695667266845703
vaccination_study_04	B	B_lineage:14	4	B Cell	False	Plasma Cell	1.98485604004714	1.9710948092246812	0.0137612308224581	0.999046393703171	0.0	0.5714285714285714	4.0	0.7777777777777778	cluster_parent_insufficient_consensus	Plasma Cell:4	Plasmablast:4	Plasma Cell:4	Plasma Cell:4	B Cell:4	Plasma Cell:4	Memory B Cell:3; Naive B Cell:1	2762.5	13510.0	5.513388633728027
vaccination_study_04	B	B_lineage:15	2	Plasma Cell	True	Plasma Cell	2.2558554886421383	1.9706724978646573	0.285182990777481	0.9985695905547568	0.0	0.7142857142857143	5.0	0.7777777777777778	cluster_consensus_marker_source_support	Plasma Cell:2	Plasmablast:2	Plasma Cell:2	Plasma Cell:2	B Cell:2	Plasma Cell:2	Plasma Cell:2	4391.5	21449.0	6.259941577911377
vaccination_study_04	B	B_lineage:2	10	Plasma Cell	True	Plasma Cell	2.1450808186742494	1.8107542355472424	0.3343265831270068	0.9992961477332928	0.2	0.5714285714285714	4.0	0.7777777777777778	cluster_consensus_marker_source_support	Plasma Cell:10	Plasmablast:10	Plasma Cell:10	Plasma Cell:10	B Cell:10	Plasma Cell:10	Naive B Cell:6; Memory B Cell:4	3272.5	11342.5	15.710415840148926
vaccination_study_04	B	B_lineage:3	10	Plasmablast	True	Plasmablast	2.138162740158502	1.9534547145127632	0.1847080256457387	0.9995459017634148	0.7	0.3571428571428571	2.5	0.875	cluster_consensus_marker_source_support	Plasmablast:7; Plasma Cell:3	Plasmablast:10	Plasmablast:8; Plasma Cell:2	Plasma Cell:10	B Cell:10	Plasma Cell:10	Plasma Cell:5; Memory B Cell:5	5330.0	31675.0	5.6474714279174805
vaccination_study_04	B	B_lineage:4	8	Plasma Cell	True	Plasma Cell	2.4532308548939894	1.5710607518569373	0.8821701030370521	0.9996215848028456	0.5	0.6071428571428571	4.25	0.7777777777777778	cluster_consensus_marker_source_support	Plasma Cell:8	Plasmablast:8	Plasma Cell:8	Plasma Cell:8	B Cell:8	Plasma Cell:8	Memory B Cell:3; Naive B Cell:3; Plasma Cell:2	3674.5	16104.0	6.646860122680664
vaccination_study_04	B	B_lineage:5	6	Plasma Cell	True	Plasma Cell	2.4753049846291346	1.5704000389227055	0.9049049457064288	0.9990161204873989	0.5	0.619047619047619	4.333333333333333	0.7777777777777778	cluster_consensus_marker_source_support	Plasma Cell:6	Plasmablast:6	Plasma Cell:6	Plasma Cell:6	B Cell:6	Plasma Cell:6	Memory B Cell:4; Plasma Cell:2	2873.5	10405.5	6.67926025390625
vaccination_study_04	B	B_lineage:6	8	B Cell	False	Plasmablast	1.4310484263333731	1.4159245764452757	0.0151238498880974	0.994815711798986	0.5	0.0714285714285714	0.5	0.875	cluster_parent_insufficient_consensus	Plasma Cell:4; Memory B Cell:2; Naive B Cell:2	Plasmablast:4; B Cell:4	Plasma Cell:4; Blood Cell:4	Plasma Cell:4; Memory B Cell:2; Naive B Cell:2	B Cell:8	Plasma Cell:4; NK Cell:4	Memory B Cell:4; Naive B Cell:4	2729.0	10659.5	5.74592399597168
vaccination_study_04	B	B_lineage:7	8	Plasma Cell	True	Plasma Cell	2.385223859618774	1.470250186504633	0.9149736731141408	0.9994550821160978	0.5	0.5714285714285714	4.0	0.7777777777777778	cluster_consensus_marker_source_support	Plasma Cell:8	Plasmablast:8	Plasma Cell:8	Plasma Cell:8	B Cell:8	Plasma Cell:8	Naive B Cell:6; Memory B Cell:2	2360.5	7427.5	15.280786514282228
vaccination_study_04	B	B_lineage:8	6	Plasma Cell	True	Plasma Cell	2.2466381954280235	1.079814864869735	1.1668233305582885	0.9989101642321956	0.6666666666666666	0.4285714285714285	3.0	0.7777777777777778	cluster_consensus_marker_source_support	Plasma Cell:4; Classical Monocyte:2	Plasmablast:4; Lymphoid Cell:2	Plasma Cell:4; Lymphoid Cell:2	Plasma Cell:4; B Cell:2	B Cell:4; Blood Cell:2	Plasma Cell:4; NK Cell:2	Plasma Cell:2; Naive B Cell:2; Memory B Cell:2	3200.5	15251.0	9.01550006866455
vaccination_study_04	B	B_lineage:9	6	Plasma Cell	True	Plasma Cell	2.4327747925023333	1.7040126426715392	0.7287621498307941	0.9993793990766668	0.3333333333333333	0.6666666666666666	4.666666666666667	0.7777777777777778	cluster_consensus_marker_source_support	Plasma Cell:6	Plasmablast:6	Plasma Cell:6	Plasma Cell:6	B Cell:6	Plasma Cell:6	Plasma Cell:4; Naive B Cell:2	3123.5	11825.5	9.863853454589844
vaccination_study_04	T/NK	T_NK_lineage:0	23	NK Cell	True	NK Cell	2.251165814958259	1.133897117134311	1.117268697823948	0.9988798910164232	0.3478260869565217	0.5652173913043478	3.9565217391304346	0.875	cluster_consensus_marker_source_support	CD8 Cytotoxic / T Effector Memory:12; NK Cell:11	NK Cell:23	Blood Cell:23	NK Cell:17; Lymphoid Cell:2; Blood Cell:2; CD8 Cytotoxic / T Effector Memory:2	NK Cell:17; Lymphoid Cell:2; Blood Cell:2; T Cell:2	NK Cell:23	not_available:23	2890.0	6733.0	5.809189319610596
vaccination_study_04	T/NK	T_NK_lineage:1	23	NK Cell	True	NK Cell	1.9932489976698085	1.1066658330563772	0.8865831646134312	0.9966396730492696	0.0869565217391304	0.5403726708074533	3.782608695652174	0.875	cluster_consensus_marker_source_support	NK Cell:18; Blood Cell:5	NK Cell:14; Lymphoid Cell:9	Blood Cell:14; Lymphoid Cell:9	NK Cell:16; Lymphoid Cell:5; Blood Cell:2	NK Cell:16; Lymphoid Cell:5; Blood Cell:2	NK Cell:23	not_available:19; CD4 Naive / T Central Memory:2; CD4 T Effector Memory:2	2889.0	6242.0	5.405405521392822
vaccination_study_04	T/NK	T_NK_lineage:10	4	T Cell	False	NK Cell	0.9966381053291672	0.99065692878226	0.0059811765469071	0.8811851963974873	0.0	0.1071428571428571	0.75	0.875	cluster_parent_insufficient_consensus	T Cell:2; CD4 T Effector Memory:1; NK Cell:1	Lymphoid Cell:3; CD4 Naive / T Central Memory:1	Lymphoid Cell:4	Blood Cell:2; CD8 T Cell (ab):1; CD8 Naive / T Central Memory:1	T Cell:2; Blood Cell:2	NK Cell:2; Plasmacytoid DC:2	CD4 T Effector Memory:2; CD4 Naive / T Central Memory:1; not_available:1	656.5	987.0	6.503559112548828
vaccination_study_04	T/NK	T_NK_lineage:11	11	NK Cell	True	NK Cell	2.1032603467069526	1.0074468768951474	1.0958134698118052	0.9978506016801636	0.2727272727272727	0.5194805194805195	3.636363636363636	0.875	cluster_consensus_marker_source_support	NK Cell:6; Treg:2; CD8 Cytotoxic / T Effector Memory:1; CD4 T Effector Memory:1	NK Cell:9; CD4 T Cell (ab):2	Blood Cell:7; NK Cell:2; CD4 T Cell (ab):2	NK Cell:6; Lymphoid Cell:4; CD8 Cytotoxic / T Effector Memory:1	NK Cell:6; Lymphoid Cell:4; T Cell:1	NK Cell:11	not_available:9; CD4 Naive / T Central Memory:2	3617.0	9789.0	5.667431831359863
vaccination_study_04	T/NK	T_NK_lineage:12	11	NK Cell	True	NK Cell	2.2048315069476048	1.189900992823872	1.0149305141237328	0.998153333837887	0.0909090909090909	0.6493506493506493	4.545454545454546	0.875	cluster_consensus_marker_source_support	NK Cell:11	NK Cell:10; Lymphoid Cell:1	Blood Cell:10; Lymphoid Cell:1	NK Cell:9; Blood Cell:2	NK Cell:9; Blood Cell:2	NK Cell:11	not_available:11	2717.0	5892.0	5.26137113571167
vaccination_study_04	T/NK	T_NK_lineage:13	12	NK Cell	True	NK Cell	1.8695554162026573	1.525930108515063	0.3436253076875946	0.9979187164156512	0.0833333333333333	0.4761904761904762	3.333333333333333	0.875	cluster_consensus_marker_source_support	NK Cell:6; CD8 Cytotoxic / T Effector Memory:6	NK Cell:10; CD8 Cytotoxic / T Effector Memory:2	Blood Cell:12	NK Cell:6; CD8 Cytotoxic / T Effector Memory:5; Blood Cell:1	NK Cell:6; T Cell:5; Blood Cell:1	NK Cell:12	not_available:12	2894.0	7638.0	5.242907524108887
vaccination_study_04	T/NK	T_NK_lineage:14	11	NK Cell	True	NK Cell	2.448642256101577	1.117636900297916	1.3310053558036608	0.9992128963899192	0.3636363636363636	0.6623376623376623	4.636363636363637	0.875	cluster_consensus_marker_source_support	NK Cell:11	NK Cell:11	Blood Cell:11	NK Cell:9; Blood Cell:2	NK Cell:9; Blood Cell:2	NK Cell:11	not_available:11	1910.0	3853.0	6.488450527191162
vaccination_study_04	T/NK	T_NK_lineage:15	6	NK Cell	True	NK Cell	2.699802467267085	1.25690445556865	1.4428980116984356	0.9997805191856504	0.6666666666666666	0.6666666666666666	4.666666666666667	0.875	cluster_consensus_marker_source_support	NK Cell:4; CD8 Cytotoxic / T Effector Memory:2	NK Cell:6	Blood Cell:6	NK Cell:6	NK Cell:6	NK Cell:6	not_available:6	2695.0	6017.0	4.854082107543945
vaccination_study_04	T/NK	T_NK_lineage:16	6	NK Cell	True	NK Cell	2.476316830826783	1.3412465717385116	1.1350702590882715	0.9974948913948384	0.3333333333333333	0.6904761904761906	4.833333333333333	0.875	cluster_consensus_marker_source_support	NK Cell:5; CD8 Cytotoxic / T Effector Memory:1	NK Cell:6	Blood Cell:6	NK Cell:6	NK Cell:6	NK Cell:6	not_available:6	2677.5	5672.0	7.053685665130615
vaccination_study_04	T/NK	T_NK_lineage:17	2	NK Cell	True	NK Cell	2.2565775048383085	1.6999727541058047	0.5566047507325038	0.9993718307727236	0.0	0.7142857142857143	5.0	0.875	cluster_consensus_marker_source_support	NK Cell:2	NK Cell:2	Blood Cell:2	NK Cell:2	NK Cell:2	NK Cell:2	not_available:2	2941.0	7785.0	7.32161808013916
vaccination_study_04	T/NK	T_NK_lineage:2	26	CD4 Naive / T Central Memory	True	CD4 Naive / T Central Memory	1.867634630562807	1.1986150170120502	0.6690196135507569	0.9994475138121548	0.1923076923076923	0.4285714285714285	3.0	0.6	cluster_consensus_marker_source_support	CD4 Naive / T Central Memory:17; CD8 Naive / T Central Memory:3; CD8 Cytotoxic / T Effector Memory:2; CD4 T Effector Memory:2	CD4 Naive / T Central Memory:24; CD8 Naive / T Central Memory:2	Blood Cell:22; CD8 Naive / T Central Memory:2; Lymphoid Cell:2	CD4 Naive / T Central Memory:12; Blood Cell:7; CD4 T Effector Memory:4; CD8 Cytotoxic / T Effector Memory:2	T Cell:23; Blood Cell:3	NK Cell:26	CD4 Naive / T Central Memory:25; not_available:1	1800.0	4275.0	4.257996082305908
vaccination_study_04	T/NK	T_NK_lineage:3	19	NK Cell	True	NK Cell	2.0546634807711017	1.0664048564611408	0.9882586243099608	0.9972451373647164	0.0	0.6090225563909774	4.2631578947368425	0.875	cluster_consensus_marker_source_support	NK Cell:15; Blood Cell:4	NK Cell:17; Lymphoid Cell:2	Blood Cell:13; NK Cell:4; Lymphoid Cell:2	NK Cell:13; Lymphoid Cell:6	NK Cell:13; Lymphoid Cell:6	NK Cell:19	not_available:17; CD4 Naive / T Central Memory:1; CD4 T Effector Memory:1	2673.0	6498.0	6.721778392791748
vaccination_study_04	T/NK	T_NK_lineage:4	21	NK Cell	True	NK Cell	2.6490332083790906	1.0510867724066846	1.597946435972406	0.999303716037236	0.5714285714285714	0.6802721088435373	4.761904761904762	0.875	cluster_consensus_marker_source_support	NK Cell:21	NK Cell:20; Lymphoid Cell:1	Blood Cell:20; Lymphoid Cell:1	NK Cell:19; Blood Cell:2	NK Cell:19; T Cell:1; Blood Cell:1	NK Cell:21	not_available:21	1853.0	3630.0	7.148726463317871
vaccination_study_04	T/NK	T_NK_lineage:5	20	NK Cell	True	NK Cell	2.2549504816684864	1.2594414591690002	0.9955090224994864	0.9983576780443504	0.05	0.6928571428571427	4.85	0.875	cluster_consensus_marker_source_support	NK Cell:19; CD8 Cytotoxic / T Effector Memory:1	NK Cell:20	Blood Cell:18; NK Cell:2	NK Cell:18; Lymphoid Cell:2	NK Cell:18; Lymphoid Cell:2	NK Cell:20	not_available:20	2948.0	7426.0	6.263489246368408
vaccination_study_04	T/NK	T_NK_lineage:6	18	NK Cell	True	NK Cell	2.2064311722822283	1.1069352213248376	1.0994959509573907	0.998327404828578	0.2777777777777778	0.5714285714285714	4.0	0.875	cluster_consensus_marker_source_support	NK Cell:16; CD8 Cytotoxic / T Effector Memory:2	NK Cell:18	NK Cell:16; Blood Cell:2	Lymphoid Cell:16; NK Cell:2	Lymphoid Cell:16; NK Cell:2	NK Cell:18	not_available:18	3350.5	9317.0	6.425810813903809
vaccination_study_04	T/NK	T_NK_lineage:7	17	T Cell	False	CD8 Cytotoxic / T Effector Memory	1.2141238797797176	1.1966521512108967	0.0174717285688208	0.9437977749186408	0.1764705882352941	0.1176470588235294	0.8235294117647058	0.6363636363636364	cluster_parent_insufficient_consensus	CD4 T Effector Memory:6; CD8 Cytotoxic / T Effector Memory:6; NK Cell:2; MAIT Cell:2	CD4 Naive / T Central Memory:9; NK Cell:4; MAIT Cell:2; CD8 Cytotoxic / T Effector Memory:2	Blood Cell:13; MAIT Cell:4	Blood Cell:6; CD8 Cytotoxic / T Effector Memory:6; MAIT Cell:2; CD4 T Effector Memory:2	T Cell:10; Blood Cell:6; NK Cell:1	NK Cell:17	not_available:12; CD4 Naive / T Central Memory:5	2180.0	4877.0	8.13827896118164
vaccination_study_04	T/NK	T_NK_lineage:8	13	NK Cell	True	NK Cell	2.0670510976951606	1.2676368844203552	0.7994142132748054	0.9975781427382124	0.0	0.6153846153846155	4.307692307692308	0.875	cluster_consensus_marker_source_support	NK Cell:12; CD8 Cytotoxic / T Effector Memory:1	NK Cell:11; CD8 Cytotoxic / T Effector Memory:1; MAIT Cell:1	Blood Cell:11; MAIT Cell:2	NK Cell:10; Blood Cell:2; Lymphoid Cell:1	NK Cell:10; Blood Cell:2; Lymphoid Cell:1	NK Cell:13	not_available:13	3292.0	8240.0	5.581106185913086
vaccination_study_04	T/NK	T_NK_lineage:9	14	NK Cell	True	NK Cell	2.885108064568444	1.0692693343136088	1.8158387302548356	0.9993264209490652	0.7857142857142857	0.7142857142857142	5.0	0.875	cluster_consensus_marker_source_support	NK Cell:14	NK Cell:14	Blood Cell:14	NK Cell:14	NK Cell:14	NK Cell:14	not_available:14	2017.5	3948.0	3.376760005950928
vaccination_study_04	T/NK	leiden:23	2	T Cell	False	CD4 Naive / T Central Memory	0.7928747661934674	0.6805708663545642	0.1123038998389032	0.1270037084689321	0.0	0.3571428571428571	2.5	0.6	cluster_parent_insufficient_consensus	CD4 Naive / T Central Memory:1; CD8 Cytotoxic / T Effector Memory:1	CD4 Naive / T Central Memory:2	Lymphoid Cell:2	Blood Cell:2	Blood Cell:2	Classical Monocyte:2	CD4 Naive / T Central Memory:2	523.0	674.5	1.3743619918823242
vaccination_study_04	T/NK	leiden:31	3	MAIT Cell	True	MAIT Cell	1.1435962057569564	1.0218622352445104	0.121733970512446	0.9743661545447664	0.3333333333333333	0.0	0.0	0.4285714285714285	cluster_consensus_marker_availability_warning	Blood Cell:2; Classical Monocyte:1	Lymphoid Cell:2; CD4 Naive / T Central Memory:1	Lymphoid Cell:2; Blood Cell:1	Blood Cell:2; Lymphoid Cell:1	Blood Cell:1; T Cell:1; Lymphoid Cell:1	NK Cell:3	CD4 Naive / T Central Memory:1; Treg:1; not_available:1	2082.0	4127.0	6.565064430236816
vaccination_study_04	Myeloid/DC	Myeloid_lineage:0	5886	Non-Classical Monocyte	True	Non-Classical Monocyte	2.5269394464376957	0.7922280325606282	1.7347114138770672	0.9231741466737304	0.4293238192320761	0.711907188971409	4.983350322799864	1.0	cluster_consensus_marker_source_support	Non-Classical Monocyte:5872; Classical Monocyte:13; NK Cell:1	Non-Classical Monocyte:5885; Lymphoid Cell:1	Non-Classical Monocyte:5885; Lymphoid Cell:1	Non-Classical Monocyte:5833; Intermediate Monocyte:38; Blood Cell:14; Conventional DC 2:1	Monocyte:5871; Blood Cell:14; DC:1	Non-Classical Monocyte:5857; Classical Monocyte:29	not_available:5886	3052.0	8944.0	6.383870124816895
vaccination_study_04	Myeloid/DC	Myeloid_lineage:1	5457	Classical Monocyte	True	Classical Monocyte	2.3534720504243247	0.7495602845920829	1.6039117658322417	0.9122076742601984	0.2221000549752611	0.7130553155841776	4.991387209089243	1.0	cluster_consensus_marker_source_support	Classical Monocyte:5457	Classical Monocyte:5457	Classical Monocyte:5457	Classical Monocyte:5410; Blood Cell:47	Monocyte:5410; Blood Cell:47	Classical Monocyte:5457	not_available:5457	2989.0	8883.0	5.802596569061279
vaccination_study_04	Myeloid/DC	Myeloid_lineage:10	2458	Non-Classical Monocyte	True	Non-Classical Monocyte	2.254324545324002	0.7403887626512761	1.5139357826727258	0.865564217058957	0.2538649308380797	0.6695920027897246	4.687144019528072	1.0	cluster_consensus_marker_source_support	Non-Classical Monocyte:2298; Classical Monocyte:160	Non-Classical Monocyte:2305; Classical Monocyte:153	Non-Classical Monocyte:2305; Classical Monocyte:153	Non-Classical Monocyte:2343; Intermediate Monocyte:66; Blood Cell:35; Classical Monocyte:14	Monocyte:2423; Blood Cell:35	Non-Classical Monocyte:2270; Classical Monocyte:188	not_available:2458	3825.0	11597.5	4.066810607910156
vaccination_study_04	Myeloid/DC	Myeloid_lineage:11	2348	Plasmacytoid DC	True	Plasmacytoid DC	2.3644797958793986	0.7967653068947249	1.5677144889846737	0.9535835919170514	0.1869676320272572	0.7140423460696034	4.998296422487223	1.0	cluster_consensus_marker_source_support	Plasmacytoid DC:2348	Plasmacytoid DC:2348	Plasmacytoid DC:2348	Plasmacytoid DC:2345; Blood Cell:3	DC:2345; Blood Cell:3	Plasmacytoid DC:2347; Plasma Cell:1	not_available:2348	3743.0	11042.5	2.2052366733551025
vaccination_study_04	Myeloid/DC	Myeloid_lineage:12	2249	Plasmacytoid DC	True	Plasmacytoid DC	2.4099887836899074	0.8164095966093998	1.5935791870805076	0.9697116476197684	0.2254335260115607	0.714158673696246	4.999110715873722	1.0	cluster_consensus_marker_source_support	Plasmacytoid DC:2249	Plasmacytoid DC:2248; Blood Cell:1	Plasmacytoid DC:2248; Blood Cell:1	Plasmacytoid DC:2249	DC:2249	Plasmacytoid DC:2249	not_available:2249	2837.0	7680.0	3.557879447937012
vaccination_study_04	Myeloid/DC	Myeloid_lineage:13	1717	Non-Classical Monocyte	True	Non-Classical Monocyte	2.2424050678305223	0.9430035623041336	1.2994015055263886	0.8344811927647015	0.1758881770529994	0.7108744487894166	4.976121141525917	1.0	cluster_consensus_marker_source_support	Non-Classical Monocyte:1706; Classical Monocyte:11	Non-Classical Monocyte:1707; CD8 Cytotoxic / T Effector Memory:3; Classical Monocyte:3; Lymphoid Cell:3	Non-Classical Monocyte:1707; Blood Cell:3; Classical Monocyte:3; Lymphoid Cell:3	Non-Classical Monocyte:1714; Blood Cell:2; Intermediate Monocyte:1	Monocyte:1715; Blood Cell:2	Non-Classical Monocyte:1710; Classical Monocyte:5; Plasmacytoid DC:2	not_available:1717	3761.0	12385.0	6.592658042907715
vaccination_study_04	Myeloid/DC	Myeloid_lineage:14	1577	Conventional DC 2	True	Conventional DC 2	1.7665568586367864	0.5831983479693069	1.1833585106674795	0.8450162718534776	0.2035510462904248	0.443790198387535	3.106531388712746	1.0	cluster_consensus_marker_source_support	Conventional DC 2:1000; Classical Monocyte:569; Blood Cell:6; NK Cell:1	Conventional DC 2:1084; Classical Monocyte:455; Lymphoid Cell:25; Blood Cell:13	Blood Cell:1087; Classical Monocyte:465; Lymphoid Cell:25	Conventional DC 2:1295; Classical Monocyte:142; Blood Cell:132; Conventional DC 1:7	DC:1303; Monocyte:142; Blood Cell:130; HSC:1	Conventional DC 2:1520; Classical Monocyte:57	not_available:1577	4487.0	16104.0	4.420827865600586
vaccination_study_04	Myeloid/DC	Myeloid_lineage:15	1266	Conventional DC 2	True	Conventional DC 2	2.015573080395184	0.6359562241169684	1.3796168562782154	0.91726330129418	0.306477093206951	0.4972918077183479	3.481042654028436	1.0	cluster_consensus_marker_source_support	Conventional DC 2:910; Classical Monocyte:350; Memory B Cell:2; Blood Cell:2	Conventional DC 2:1049; Classical Monocyte:189; Lymphoid Cell:28	Blood Cell:1043; Classical Monocyte:194; Lymphoid Cell:29	Conventional DC 2:1190; Blood Cell:42; Classical Monocyte:31; Conventional DC 1:3	DC:1193; Blood Cell:42; Monocyte:31	Conventional DC 2:1258; Classical Monocyte:8	not_available:1266	3984.5	13743.0	4.479373931884766
vaccination_study_04	Myeloid/DC	Myeloid_lineage:16	1241	Non-Classical Monocyte	True	Non-Classical Monocyte	2.3798288291325007	0.6895462133994595	1.6902826157330413	0.8707485052599713	0.370668815471394	0.684010590537585	4.788074133763094	1.0	cluster_consensus_marker_source_support	Non-Classical Monocyte:1164; Classical Monocyte:77	Non-Classical Monocyte:1174; Classical Monocyte:67	Non-Classical Monocyte:1174; Classical Monocyte:67	Non-Classical Monocyte:1191; Intermediate Monocyte:31; Classical Monocyte:11; Blood Cell:8	Monocyte:1233; Blood Cell:8	Non-Classical Monocyte:1239; Classical Monocyte:2	not_available:1241	3916.0	12941.0	4.043154716491699
vaccination_study_04	Myeloid/DC	Myeloid_lineage:17	1175	Conventional DC 2	True	Conventional DC 2	1.4888312896228888	0.8208048065401188	0.66802648308277	0.7668811019450541	0.1251063829787234	0.367659574468085	2.573617021276596	1.0	cluster_consensus_marker_source_support	Classical Monocyte:674; Conventional DC 2:498; Blood Cell:2; Non-Classical Monocyte:1	Conventional DC 2:595; Classical Monocyte:558; Lymphoid Cell:21; CD8 Cytotoxic / T Effector Memory:1	Blood Cell:593; Classical Monocyte:561; Lymphoid Cell:21	Conventional DC 2:813; Classical Monocyte:247; Blood Cell:111; Non-Classical Monocyte:4	DC:813; Monocyte:251; Blood Cell:111	Conventional DC 2:1118; Classical Monocyte:57	not_available:1175	4703.0	18818.0	4.306756496429443
vaccination_study_04	Myeloid/DC	Myeloid_lineage:18	1197	Non-Classical Monocyte	True	Non-Classical Monocyte	2.5718141625593103	0.9422066872825496	1.6296074752767606	0.9173238477257246	0.4945697577276524	0.7108246807494928	4.975772765246449	1.0	cluster_consensus_marker_source_support	Non-Classical Monocyte:1193; Blood Cell:2; CD8 Cytotoxic / T Effector Memory:1; Classical Monocyte:1	Non-Classical Monocyte:1187; Lymphoid Cell:7; Classical Monocyte:3	Non-Classical Monocyte:1187; Lymphoid Cell:7; Classical Monocyte:3	Non-Classical Monocyte:1194; Blood Cell:2; Intermediate Monocyte:1	Monocyte:1195; Blood Cell:2	Non-Classical Monocyte:1195; Classical Monocyte:2	not_available:1197	4209.0	15332.0	5.844868183135986
vaccination_study_04	Myeloid/DC	Myeloid_lineage:19	1099	Conventional DC 1	True	Conventional DC 1	1.9932568843798384	0.9366876037389134	1.0565692806409248	0.7592219783546508	0.0009099181073703	0.6890679838814506	4.823475887170154	0.8333333333333334	cluster_consensus_marker_source_support	Conventional DC 1:1059; Classical Monocyte:22; Conventional DC 2:15; Non-Classical Monocyte:2	Conventional DC 1:1086; Conventional DC 2:6; Blood Cell:4; Classical Monocyte:2	Conventional DC 1:1086; Blood Cell:10; Classical Monocyte:2; HSC:1	Conventional DC 1:971; Blood Cell:112; Conventional DC 2:15; Classical Monocyte:1	DC:986; Blood Cell:112; Monocyte:1	Conventional DC 1:1099	not_available:1099	4361.0	17355.0	4.627410888671875
vaccination_study_04	Myeloid/DC	Myeloid_lineage:2	5421	Classical Monocyte	True	Classical Monocyte	2.0791215443466142	0.7916038383656552	1.287517705980959	0.7466737304170136	0.0909426305109758	0.7022953066118535	4.916067146282973	1.0	cluster_consensus_marker_source_support	Classical Monocyte:5417; Non-Classical Monocyte:2; Conventional DC 2:2	Classical Monocyte:5416; Lymphoid Cell:4; Non-Classical Monocyte:1	Classical Monocyte:5416; Lymphoid Cell:4; Non-Classical Monocyte:1	Classical Monocyte:4984; Blood Cell:330; Intermediate Monocyte:44; Conventional DC 2:36	Monocyte:5055; Blood Cell:326; DC:36; Myeloid Cell:4	Classical Monocyte:5417; Conventional DC 2:4	not_available:5421	3504.0	10000.0	4.179502487182617
vaccination_study_04	Myeloid/DC	Myeloid_lineage:20	1014	Classical Monocyte	True	Classical Monocyte	2.28285974154274	0.736322332081695	1.546537409461045	0.9061454628017862	0.1568047337278106	0.70625528317836	4.943786982248521	1.0	cluster_consensus_marker_source_support	Classical Monocyte:1013; Blood Cell:1	Classical Monocyte:1005; Lymphoid Cell:5; CD4 Naive / T Central Memory:4	Classical Monocyte:1005; Lymphoid Cell:9	Classical Monocyte:976; Blood Cell:33; Intermediate Monocyte:3; Neutrophil:2	Monocyte:979; Blood Cell:33; Granulocyte:2	Classical Monocyte:1014	not_available:1014	1791.5	4082.0	6.514089584350586
vaccination_study_04	Myeloid/DC	Myeloid_lineage:21	984	Myeloid Cell	False	Classical Monocyte	1.1849072895952169	1.111834906723071	0.0730723828721457	0.4115113902974343	0.0010162601626016	0.4282810685249709	2.997967479674797	1.0	cluster_parent_insufficient_consensus	Classical Monocyte:702; Non-Classical Monocyte:255; Conventional DC 2:27	Classical Monocyte:598; Non-Classical Monocyte:365; Conventional DC 2:21	Classical Monocyte:598; Non-Classical Monocyte:365; Blood Cell:21	Intermediate Monocyte:320; Non-Classical Monocyte:257; Blood Cell:160; Classical Monocyte:150	Monocyte:727; Blood Cell:160; DC:97	Classical Monocyte:902; Non-Classical Monocyte:72; Conventional DC 2:10	not_available:984	3775.5	12917.5	5.945583343505859
vaccination_study_04	Myeloid/DC	Myeloid_lineage:22	902	Classical Monocyte	True	Classical Monocyte	1.2725087259044392	0.8462490447623344	0.4262596811421048	0.4694013471581019	0.0033259423503325	0.4459930313588849	3.1219512195121952	1.0	cluster_consensus_marker_source_support	Classical Monocyte:616; Non-Classical Monocyte:249; Conventional DC 2:12; Blood Cell:8	Classical Monocyte:526; Non-Classical Monocyte:255; Lymphoid Cell:50; CD4 Naive / T Central Memory:45	Classical Monocyte:526; Non-Classical Monocyte:255; Lymphoid Cell:99; Blood Cell:17	Classical Monocyte:341; Non-Classical Monocyte:248; Blood Cell:166; Conventional DC 2:95	Monocyte:633; Blood Cell:164; DC:103; Granulocyte:2	Classical Monocyte:807; Non-Classical Monocyte:75; Conventional DC 2:20	not_available:902	1546.0	3003.5	9.367637634277344
vaccination_study_04	Myeloid/DC	Myeloid_lineage:23	832	Classical Monocyte	True	Classical Monocyte	1.7608858720557423	0.6292016141071524	1.1316842579485902	0.6789147052145614	0.0769230769230769	0.5728021978021978	4.009615384615385	1.0	cluster_consensus_marker_source_support	Classical Monocyte:663; Conventional DC 2:168; Non-Classical Monocyte:1	Classical Monocyte:645; Conventional DC 2:180; Lymphoid Cell:4; Non-Classical Monocyte:2	Classical Monocyte:647; Blood Cell:178; Lymphoid Cell:5; Non-Classical Monocyte:2	Classical Monocyte:551; Conventional DC 2:210; Blood Cell:65; Non-Classical Monocyte:4	Monocyte:557; DC:210; Blood Cell:63; Myeloid Cell:2	Classical Monocyte:830; Conventional DC 2:2	not_available:832	4663.0	18892.5	6.155241966247559
vaccination_study_04	Myeloid/DC	Myeloid_lineage:24	774	Classical Monocyte	True	Classical Monocyte	2.145765524165673	0.7168978874318577	1.428867636733815	0.800348141981382	0.1033591731266149	0.7067183462532298	4.947028423772609	1.0	cluster_consensus_marker_source_support	Classical Monocyte:771; Non-Classical Monocyte:2; Conventional DC 2:1	Classical Monocyte:770; Non-Classical Monocyte:4	Classical Monocyte:770; Non-Classical Monocyte:4	Classical Monocyte:744; Blood Cell:13; Intermediate Monocyte:11; Conventional DC 2:5	Monocyte:756; Blood Cell:13; DC:5	Classical Monocyte:774	not_available:774	3270.5	10040.0	5.738888740539551
vaccination_study_04	Myeloid/DC	Myeloid_lineage:25	560	Non-Classical Monocyte	True	Non-Classical Monocyte	1.729061586301061	1.299607745618493	0.4294538406825683	0.7606069779762356	0.0	0.5497448979591837	3.8482142857142856	1.0	cluster_consensus_marker_source_support	Non-Classical Monocyte:472; Classical Monocyte:77; Blood Cell:6; NK Cell:3	Non-Classical Monocyte:290; Lymphoid Cell:202; Classical Monocyte:61; CD4 Naive / T Central Memory:5	Non-Classical Monocyte:290; Lymphoid Cell:207; Classical Monocyte:61; Blood Cell:2	Non-Classical Monocyte:543; Blood Cell:17	Monocyte:543; Blood Cell:17	Non-Classical Monocyte:560	not_available:560	2268.0	5467.5	11.655118942260742
vaccination_study_04	Myeloid/DC	Myeloid_lineage:26	416	Plasmacytoid DC	True	Plasmacytoid DC	2.189224683399549	0.9656200769638296	1.223604606435719	0.9365927495648224	0.0745192307692307	0.6771978021978021	4.740384615384615	1.0	cluster_consensus_marker_source_support	Plasmacytoid DC:415; Non-Classical Monocyte:1	Plasmacytoid DC:367; Blood Cell:27; HSC:22	Plasmacytoid DC:367; Blood Cell:27; HSC:22	Plasmacytoid DC:407; Plasma Cell:4; Blood Cell:4; Intermediate Monocyte:1	DC:407; B Cell:4; Blood Cell:4; Monocyte:1	Plasmacytoid DC:416	not_available:416	1852.0	3651.5	8.743856430053711
vaccination_study_04	Myeloid/DC	Myeloid_lineage:27	258	Plasmacytoid DC	True	Plasmacytoid DC	1.3512316228714982	0.7890329115617283	0.56219871130977	0.7607507757511542	0.1046511627906976	0.3067552602436323	2.147286821705426	1.0	cluster_consensus_marker_source_support	Plasmacytoid DC:110; Classical Monocyte:74; Non-Classical Monocyte:36; Conventional DC 2:34	Plasmacytoid DC:112; Classical Monocyte:88; Non-Classical Monocyte:22; Conventional DC 2:15	Plasmacytoid DC:113; Classical Monocyte:90; Blood Cell:26; Non-Classical Monocyte:22	Plasmacytoid DC:98; Non-Classical Monocyte:57; Conventional DC 2:35; Blood Cell:34	DC:134; Monocyte:90; Blood Cell:34	Plasmacytoid DC:121; Classical Monocyte:105; NK Cell:16; Blood Cell:9	not_available:258	5358.0	21941.5	3.676879405975342
vaccination_study_04	Myeloid/DC	Myeloid_lineage:28	227	Classical Monocyte	True	Classical Monocyte	1.9625334309226987	0.6992856254569739	1.2632478054657248	0.6746840233103761	0.0440528634361233	0.6947765890497166	4.863436123348017	1.0	cluster_consensus_marker_source_support	Classical Monocyte:226; Non-Classical Monocyte:1	Classical Monocyte:227	Classical Monocyte:227	Classical Monocyte:197; Blood Cell:16; Intermediate Monocyte:12; Non-Classical Monocyte:2	Monocyte:211; Blood Cell:16	Classical Monocyte:227	not_available:227	3486.0	10104.0	3.978051900863648
vaccination_study_04	Myeloid/DC	Myeloid_lineage:29	205	Plasmacytoid DC	True	Plasmacytoid DC	2.421566032397087	0.7754590176341483	1.6461070147629389	0.9702262922878984	0.2390243902439024	0.7142857142857141	5.0	1.0	cluster_consensus_marker_source_support	Plasmacytoid DC:205	Plasmacytoid DC:205	Plasmacytoid DC:205	Plasmacytoid DC:205	DC:205	Plasmacytoid DC:205	not_available:205	4450.0	16020.0	3.3584952354431152
vaccination_study_04	Myeloid/DC	Myeloid_lineage:3	5343	Classical Monocyte	True	Classical Monocyte	2.003730978570732	0.8673712203385535	1.1363597582321785	0.6994626504200409	0.0460415496911847	0.7038849228630251	4.927194460041175	1.0	cluster_consensus_marker_source_support	Classical Monocyte:5340; Non-Classical Monocyte:3	Classical Monocyte:5339; Non-Classical Monocyte:4	Classical Monocyte:5339; Non-Classical Monocyte:4	Classical Monocyte:4970; Blood Cell:199; Conventional DC 2:96; Intermediate Monocyte:66	Monocyte:5047; Blood Cell:199; DC:97	Classical Monocyte:5338; Conventional DC 2:5	not_available:5343	3226.0	9803.0	5.886824607849121
vaccination_study_04	Myeloid/DC	Myeloid_lineage:30	139	Plasmacytoid DC	True	Plasmacytoid DC	1.6817825183690824	1.0820171186790175	0.5997653996900649	0.928827669719216	0.1151079136690647	0.3967112024665981	2.776978417266187	1.0	cluster_consensus_marker_source_support	Plasmacytoid DC:99; Conventional DC 2:36; Classical Monocyte:2; CD8 Naive / T Central Memory:1	Blood Cell:108; Plasmacytoid DC:25; Lymphoid Cell:4; HSC:2	Blood Cell:108; Plasmacytoid DC:25; Lymphoid Cell:4; HSC:2	Plasmacytoid DC:100; Conventional DC 2:38; Blood Cell:1	DC:139	Plasmacytoid DC:137; Conventional DC 2:2	not_available:139	3593.0	12066.0	4.89210319519043
vaccination_study_04	Myeloid/DC	Myeloid_lineage:4	3752	Conventional DC 2	True	Conventional DC 2	1.848396942857046	0.8679733986219232	0.9804235442351228	0.8522818436388405	0.1844349680170575	0.4914712153518122	3.4402985074626864	1.0	cluster_consensus_marker_source_support	Conventional DC 2:2744; Classical Monocyte:995; Blood Cell:11; Plasmacytoid DC:2	Conventional DC 2:3022; Classical Monocyte:718; Blood Cell:9; Conventional DC 1:1	Blood Cell:3017; Classical Monocyte:731; Lymphoid Cell:3; Conventional DC 1:1	Conventional DC 2:3447; Blood Cell:184; Classical Monocyte:120; Conventional DC 1:1	DC:3448; Blood Cell:184; Monocyte:120	Conventional DC 2:3695; Classical Monocyte:51; Plasmacytoid DC:4; NK Cell:2	not_available:3752	3619.0	12935.5	6.328158378601074
vaccination_study_04	Myeloid/DC	Myeloid_lineage:5	3677	Classical Monocyte	True	Classical Monocyte	2.036887770279772	1.000300274568681	1.0365874957110908	0.7380004540982366	0.0228447103617079	0.7128482070010489	4.989937449007343	1.0	cluster_consensus_marker_source_support	Classical Monocyte:3677	Classical Monocyte:3676; CD8 Cytotoxic / T Effector Memory:1	Classical Monocyte:3676; Blood Cell:1	Classical Monocyte:3648; Blood Cell:27; Non-Classical Monocyte:2	Monocyte:3650; Blood Cell:27	Classical Monocyte:3671; Conventional DC 2:6	not_available:3677	3480.0	10759.0	4.0795769691467285
vaccination_study_04	Myeloid/DC	Myeloid_lineage:6	3501	Classical Monocyte	True	Classical Monocyte	1.7827573122741842	0.7891044313563772	0.993652880917807	0.5341708923030349	0.0011425307055127	0.684783939282654	4.7934875749785775	1.0	cluster_consensus_marker_source_support	Classical Monocyte:3464; Non-Classical Monocyte:36; Conventional DC 2:1	Classical Monocyte:3454; Non-Classical Monocyte:42; Lymphoid Cell:5	Classical Monocyte:3454; Non-Classical Monocyte:42; Lymphoid Cell:5	Classical Monocyte:2940; Intermediate Monocyte:213; Blood Cell:203; Non-Classical Monocyte:123	Monocyte:3276; Blood Cell:203; DC:19; Granulocyte:3	Classical Monocyte:3470; Conventional DC 2:22; Non-Classical Monocyte:9	not_available:3501	3877.0	12712.0	3.907991886138916
vaccination_study_04	Myeloid/DC	Myeloid_lineage:7	3017	Classical Monocyte	True	Classical Monocyte	2.173629586950253	0.7015601538053957	1.4720694331448572	0.7937183077272383	0.1491547895260192	0.7052417254604858	4.936692078223401	1.0	cluster_consensus_marker_source_support	Classical Monocyte:3017	Classical Monocyte:3007; Lymphoid Cell:6; CD8 Cytotoxic / T Effector Memory:4	Classical Monocyte:3008; Lymphoid Cell:6; Blood Cell:3	Classical Monocyte:2867; Blood Cell:108; Conventional DC 2:28; Non-Classical Monocyte:13	Monocyte:2881; Blood Cell:106; DC:28; Myeloid Cell:2	Classical Monocyte:2995; Conventional DC 2:22	not_available:3017	3294.0	9931.0	6.758199691772461
vaccination_study_04	Myeloid/DC	Myeloid_lineage:8	2583	Classical Monocyte	True	Classical Monocyte	2.015937200665909	0.8919783521811142	1.1239588484847949	0.6999772950881707	0.0646535036778939	0.7022288590232841	4.915602013162989	1.0	cluster_consensus_marker_source_support	Classical Monocyte:2581; Conventional DC 2:1; Non-Classical Monocyte:1	Classical Monocyte:2569; Lymphoid Cell:11; Non-Classical Monocyte:3	Classical Monocyte:2569; Lymphoid Cell:11; Non-Classical Monocyte:3	Classical Monocyte:2396; Blood Cell:104; Conventional DC 2:50; Non-Classical Monocyte:16	Monocyte:2428; Blood Cell:103; DC:50; Granulocyte:1	Classical Monocyte:2582; Conventional DC 2:1	not_available:2583	3040.0	8423.0	4.011936664581299
vaccination_study_04	Myeloid/DC	Myeloid_lineage:9	2565	Non-Classical Monocyte	True	Non-Classical Monocyte	2.3055179760074864	0.7418190337385548	1.5636989422689316	0.8592144100507076	0.247953216374269	0.7020328599275968	4.914230019493178	1.0	cluster_consensus_marker_source_support	Non-Classical Monocyte:2493; Classical Monocyte:70; CD8 Cytotoxic / T Effector Memory:1; Blood Cell:1	Non-Classical Monocyte:2507; Classical Monocyte:37; Lymphoid Cell:17; CD4 Naive / T Central Memory:4	Non-Classical Monocyte:2507; Classical Monocyte:37; Lymphoid Cell:21	Non-Classical Monocyte:2538; Intermediate Monocyte:20; Blood Cell:6; Conventional DC 2:1	Monocyte:2558; Blood Cell:6; DC:1	Non-Classical Monocyte:2560; Classical Monocyte:5	not_available:2565	3307.0	9045.0	4.142947673797607
vaccination_study_04	Artifact/Other	leiden:16	8	Blood Cell	False	HSC	0.9714692240326084	0.6222587603118142	0.3492104637207943	0.8175054870203587	0.125	0.0714285714285714	0.5	0.6666666666666666	cluster_parent_insufficient_consensus	Conventional DC 2:5; Blood Cell:2; Plasmacytoid DC:1	Blood Cell:5; HSC:2; Conventional DC 2:1	Blood Cell:6; HSC:2	Blood Cell:8	Blood Cell:8	Conventional DC 2:8	not_available:8	4650.0	17507.5	3.530677318572998
vaccination_study_04	Artifact/Other	leiden:18	2	Blood Cell	False	RBC	0.9753004616665406	0.8176356618481798	0.1576647998183608	0.639222735185045	0.5	0.0	0.0	0.0	cluster_parent_insufficient_consensus	Classical Monocyte:2	Conventional DC 2:1; CD8 Cytotoxic / T Effector Memory:1	Blood Cell:2	Blood Cell:2	Blood Cell:2	Conventional DC 2:2	not_available:2	1948.5	5028.0	5.535447120666504
vaccination_study_04	Artifact/Other	leiden:20	2	Blood Cell	False	Platelet	1.244758949519413	1.244282146370998	0.0004768031484148	0.9386210550215696	0.5	0.0	0.0	0.8333333333333334	cluster_parent_insufficient_consensus	Classical Monocyte:2	Conventional DC 2:2	Blood Cell:2	Blood Cell:2	Blood Cell:2	Conventional DC 2:2	not_available:2	5064.0	22065.0	3.588176250457764
vaccination_study_04	Artifact/Other	leiden:23	26	Platelet	True	Platelet	1.3305852710825086	1.0370340399024272	0.2935512311800814	0.9961325966850828	0.3076923076923077	0.0989010989010989	0.6923076923076923	0.8333333333333334	cluster_consensus_marker_source_support	Blood Cell:10; Classical Monocyte:7; Platelet:6; Non-Classical Monocyte:1	CD4 Naive / T Central Memory:16; Platelet:6; Lymphoid Cell:2; HSC:2	Lymphoid Cell:18; Platelet:6; HSC:2	Blood Cell:25; HSC:1	Blood Cell:24; HSC:2	Classical Monocyte:25; Non-Classical Monocyte:1	not_available:24; CD4 Naive / T Central Memory:2	431.0	615.0	2.697748899459839
vaccination_study_04	Artifact/Other	leiden:24	2	Blood Cell	False	RBC	1.633165821539393	0.8137326875047302	0.8194331340346628	0.9257398017104368	1.0	0.0	0.0	0.0	cluster_parent_insufficient_consensus	Conventional DC 2:2	Conventional DC 2:2	Blood Cell:2	Blood Cell:2	Blood Cell:2	Classical Monocyte:2	not_available:2	5278.5	22725.5	6.276881217956543
vaccination_study_04	Artifact/Other	leiden:25	701	HSC	True	HSC	2.1160016546931324	0.8365052228314893	1.279496431861643	0.9933247559221978	0.514978601997147	0.4263297330344405	2.984308131241084	0.6666666666666666	cluster_consensus_marker_source_support	Blood Cell:489; HSC:199; Classical Monocyte:4; Conventional DC 2:3	HSC:700; Conventional DC 2:1	HSC:700; Blood Cell:1	Blood Cell:574; HSC:118; Non-Classical Monocyte:4; Classical Monocyte:2	HSC:375; Blood Cell:317; Monocyte:7; DC:2	Blood Cell:701	not_available:700; Naive B Cell:1	4072.0	14284.0	4.384299755096436
vaccination_study_04	Artifact/Other	leiden:27	3	Blood Cell	False	HSC	1.4195741567648024	0.3625611140543404	1.0570130427104618	0.9847120260349655	0.6666666666666666	0.0	0.0	0.6666666666666666	cluster_parent_insufficient_consensus	Non-Classical Monocyte:2; Blood Cell:1	Lymphoid Cell:3	Lymphoid Cell:3	Blood Cell:3	Blood Cell:3	Non-Classical Monocyte:3	not_available:3	2277.0	5110.0	6.591945171356201
vaccination_study_04	Artifact/Other	leiden:29	2	Blood Cell	False	HSC	1.3927723778529804	0.455605842730644	0.9371665351223364	0.944350261106486	0.0	0.2857142857142857	2.0	0.6666666666666666	cluster_parent_insufficient_consensus	Plasmacytoid DC:2	HSC:2	HSC:2	Blood Cell:2	Blood Cell:2	Plasmacytoid DC:2	not_available:2	752.5	1174.0	10.57261848449707
vaccination_study_04	Artifact/Other	leiden:30	3	Blood Cell	False	HSC	0.8012324081982751	0.6438204798304701	0.157411928367805	0.6892000302732157	0.0	0.0952380952380952	0.6666666666666666	0.6666666666666666	cluster_parent_insufficient_consensus	Plasmacytoid DC:3	Blood Cell:2; HSC:1	Blood Cell:2; HSC:1	Blood Cell:3	Blood Cell:3	Plasmacytoid DC:3	not_available:3	4752.0	18546.0	5.855617523193359
vaccination_study_04	Artifact/Other	leiden:31	23	Blood Cell	False	HSC	1.5355139324954297	0.7422462726103081	0.7932676598851216	0.9883902217513056	0.217391304347826	0.248447204968944	1.7391304347826086	0.6666666666666666	cluster_parent_insufficient_consensus	Blood Cell:19; Classical Monocyte:2; Plasmacytoid DC:1; Conventional DC 2:1	HSC:17; Lymphoid Cell:6	HSC:17; Lymphoid Cell:6	Blood Cell:21; HSC:2	Blood Cell:19; HSC:4	NK Cell:23	not_available:22; CD4 T Effector Memory:1	3032.0	8227.0	4.298888206481934
vaccination_study_04	Artifact/Other	leiden:33	183	HSC	True	HSC	2.613014183686931	0.8212878978684266	1.7917262858185046	0.9926890183909786	0.5846994535519126	0.6588602654176425	4.612021857923497	0.6666666666666666	cluster_consensus_marker_source_support	Blood Cell:134; HSC:35; Naive B Cell:5; Non-Classical Monocyte:3	HSC:181; Lymphoid Cell:2	HSC:181; Lymphoid Cell:2	HSC:132; Blood Cell:51	HSC:132; Blood Cell:51	HSC:183	not_available:176; Naive B Cell:6; CD4 Naive / T Central Memory:1	3109.0	8146.0	3.59651255607605
vaccination_study_04	Artifact/Other	leiden:34	22	Blood Cell	False	RBC	1.028780643030624	0.8794060945487571	0.149374548481867	0.941069401347158	0.2272727272727272	0.0	0.0	0.0	cluster_parent_insufficient_consensus	Conventional DC 2:12; Plasmacytoid DC:6; Blood Cell:4	Blood Cell:20; Lymphoid Cell:2	Blood Cell:20; Lymphoid Cell:2	Blood Cell:22	Blood Cell:16; DC:6	Plasmacytoid DC:22	not_available:22	3510.5	12235.5	5.846051216125488
vaccination_study_04	Artifact/Other	leiden:4	13	Blood Cell	False	Platelet	1.4101301166100986	0.963939709726435	0.4461904068836636	0.9514266252932718	0.6923076923076923	0.0	0.0	0.8333333333333334	cluster_parent_insufficient_consensus	Conventional DC 2:8; Classical Monocyte:4; Blood Cell:1	Conventional DC 2:12; Blood Cell:1	Blood Cell:13	Blood Cell:13	Blood Cell:13	Conventional DC 2:13	not_available:13	3654.0	12470.0	6.665064334869385
vaccination_study_06	B	B_lineage:0	335	Memory B Cell	True	Memory B Cell	1.3847864445069202	1.15029206360264	0.2344943809042801	0.9433898187011268	0.1014925373134328	0.239232409381663	1.674626865671642	0.8181818181818182	cluster_consensus_marker_source_support	Memory B Cell:156; Naive B Cell:99; B Cell:41; Plasma Cell:12	B Cell:307; CD4 Naive / T Central Memory:22; Conventional DC 2:5; Plasmablast:1	Blood Cell:332; Plasmacytoid DC:2; Plasma Cell:1	Memory B Cell:327; Blood Cell:4; Plasma Cell:2; B Cell:1	B Cell:330; Blood Cell:5	B Cell:333; Blood Cell:2	Naive B Cell:201; Memory B Cell:78; Plasma Cell:56	1162.0	2162.0	8.583877563476562
vaccination_study_06	B	B_lineage:1	327	Memory B Cell	True	Memory B Cell	1.324629109796328	1.2001477173485735	0.1244813924477545	0.8579564255734164	0.0244648318042813	0.2804718217562253	1.963302752293578	0.8181818181818182	cluster_consensus_marker_source_support	Memory B Cell:167; Naive B Cell:108; B Cell:42; CD8 Cytotoxic / T Effector Memory:4	B Cell:199; Conventional DC 2:45; CD4 Naive / T Central Memory:43; Memory B Cell:40	Blood Cell:327	Memory B Cell:327	B Cell:327	B Cell:327	Naive B Cell:213; Memory B Cell:108; Plasma Cell:4; not_available:2	2098.0	5763.0	2.393932342529297
vaccination_study_06	B	B_lineage:10	189	Naive B Cell	True	Naive B Cell	1.5340011431792897	0.9695850187566468	0.5644161244226429	0.966056531810028	0.4285714285714285	0.1693121693121692	1.1851851851851851	0.7777777777777778	cluster_consensus_marker_source_support	B Cell:161; Blood Cell:15; Naive B Cell:12; Memory B Cell:1	Plasmablast:81; B Cell:78; Naive B Cell:25; Conventional DC 2:4	Blood Cell:134; Plasma Cell:33; Plasmablast:20; CD4 Naive / T Central Memory:2	Memory B Cell:182; Blood Cell:5; B Cell:2	B Cell:183; Blood Cell:6	B Cell:189	Naive B Cell:187; Memory B Cell:1; Plasma Cell:1	2398.0	8486.0	3.747346162796021
vaccination_study_06	B	B_lineage:11	182	Memory B Cell	True	Memory B Cell	1.738483924785124	1.1416089617801095	0.5968749630050145	0.983977429074	0.4285714285714285	0.2684458398744112	1.879120879120879	0.8181818181818182	cluster_consensus_marker_source_support	Memory B Cell:86; B Cell:69; Naive B Cell:12; CD8 Cytotoxic / T Effector Memory:7	B Cell:176; CD4 Naive / T Central Memory:3; Plasmacytoid DC:3	Blood Cell:176; Plasmacytoid DC:5; Classical Monocyte:1	Memory B Cell:180; Blood Cell:1; B Cell:1	B Cell:181; Blood Cell:1	B Cell:182	Naive B Cell:105; Memory B Cell:76; Plasma Cell:1	1091.0	2043.5	7.9879984855651855
vaccination_study_06	B	B_lineage:12	81	Memory B Cell	True	Memory B Cell	1.5565095948520131	1.134968321143629	0.4215412737083843	0.9408993538724116	0.2839506172839506	0.2539682539682539	1.7777777777777777	0.8181818181818182	cluster_consensus_marker_source_support	Memory B Cell:41; B Cell:11; Naive B Cell:9; CD4 Naive / T Central Memory:5	B Cell:62; RBC:11; CD4 Naive / T Central Memory:3; Plasmacytoid DC:2	Blood Cell:56; RBC:17; Plasmacytoid DC:5; Plasma Cell:1	Memory B Cell:58; Plasma Cell:8; B Cell:6; Blood Cell:5	B Cell:71; Blood Cell:8; T Cell:2	Blood Cell:59; B Cell:21; CD4 Naive / T Central Memory:1	Memory B Cell:45; Naive B Cell:33; not_available:2; Plasma Cell:1	660.0	1118.0	6.528189659118652
vaccination_study_06	B	B_lineage:13	149	Memory B Cell	True	Memory B Cell	1.456791182449738	1.1297051445199795	0.3270860379297582	0.9562514150368344	0.2214765100671141	0.2205177372962607	1.5436241610738255	0.8181818181818182	cluster_consensus_marker_source_support	B Cell:93; Naive B Cell:21; Memory B Cell:16; NK Cell:5	B Cell:63; Conventional DC 2:35; CD4 Naive / T Central Memory:23; Plasmablast:16	Blood Cell:132; Plasma Cell:13; Plasmacytoid DC:2; Plasmablast:2	Memory B Cell:139; Blood Cell:7; Plasma Cell:2; Naive B Cell:1	B Cell:142; Blood Cell:7	B Cell:146; CD4 Naive / T Central Memory:1; MAIT Cell:1; Blood Cell:1	Memory B Cell:69; Naive B Cell:56; Plasma Cell:15; not_available:9	3099.0	11654.0	2.365300178527832
vaccination_study_06	B	B_lineage:14	114	Naive B Cell	True	Naive B Cell	1.9211024849607252	1.2260554008717783	0.6950470840889471	0.991422699803201	0.6491228070175439	0.2681704260651628	1.8771929824561404	0.7777777777777778	cluster_consensus_marker_source_support	Naive B Cell:89; B Cell:20; Memory B Cell:3; CD8 Cytotoxic / T Effector Memory:1	B Cell:61; CD4 Naive / T Central Memory:32; Naive B Cell:14; Memory B Cell:7	Blood Cell:114	Memory B Cell:114	B Cell:114	B Cell:114	Naive B Cell:111; Memory B Cell:3	1936.5	5616.0	1.8571587800979612
vaccination_study_06	B	B_lineage:15	99	Memory B Cell	True	Memory B Cell	1.987426016301476	1.061218658308472	0.9262073579930036	0.9861892404953064	0.5454545454545454	0.3492063492063492	2.4444444444444446	0.8181818181818182	cluster_consensus_marker_source_support	Memory B Cell:80; B Cell:13; Naive B Cell:3; Blood Cell:1	B Cell:39; CD4 Naive / T Central Memory:38; Memory B Cell:20; Conventional DC 2:2	Blood Cell:99	Memory B Cell:98; B Cell:1	B Cell:99	B Cell:99	Naive B Cell:53; Memory B Cell:44; not_available:2	1985.0	6290.0	2.361060619354248
vaccination_study_06	B	B_lineage:16	90	Memory B Cell	True	Memory B Cell	1.625039891944401	1.2083263158564015	0.4167135760879992	0.9895504972221738	0.3111111111111111	0.2555555555555554	1.788888888888889	0.8181818181818182	cluster_consensus_marker_source_support	B Cell:80; Memory B Cell:4; Naive B Cell:3; Blood Cell:3	B Cell:83; CD4 Naive / T Central Memory:4; Conventional DC 2:3	Blood Cell:90	Memory B Cell:90	B Cell:90	B Cell:90	Memory B Cell:67; Naive B Cell:23	2263.5	7438.0	3.224096298217773
vaccination_study_06	B	B_lineage:17	77	Memory B Cell	True	Memory B Cell	1.4177728949526736	1.0605225798277873	0.3572503151248862	0.9515143071108868	0.1818181818181818	0.2189239332096474	1.5324675324675323	0.8181818181818182	cluster_consensus_marker_source_support	B Cell:76; Blood Cell:1	Conventional DC 2:37; Plasmablast:27; B Cell:13	Blood Cell:52; Plasma Cell:16; Plasmablast:9	Memory B Cell:77	B Cell:77	B Cell:77	Memory B Cell:41; Naive B Cell:34; Plasma Cell:2	3048.0	12846.0	2.9826016426086426
vaccination_study_06	B	B_lineage:2	268	Memory B Cell	True	Memory B Cell	1.1637597559792303	1.0673111563370017	0.0964485996422288	0.8319197478186663	0.0149253731343283	0.2121535181236673	1.4850746268656716	0.8181818181818182	cluster_consensus_marker_source_support	B Cell:97; Naive B Cell:85; Memory B Cell:66; Blood Cell:9	Conventional DC 2:117; B Cell:97; Plasmablast:54	Blood Cell:209; Plasma Cell:59	Memory B Cell:268	B Cell:268	B Cell:268	Plasma Cell:103; Naive B Cell:94; Memory B Cell:64; not_available:7	2718.0	9617.5	2.477428436279297
vaccination_study_06	B	B_lineage:3	262	Naive B Cell	True	Naive B Cell	1.8099522350227255	1.0491628356729463	0.7607893993497794	0.978221494627214	0.5610687022900763	0.252998909487459	1.7709923664122138	0.7777777777777778	cluster_consensus_marker_source_support	B Cell:132; Naive B Cell:102; Blood Cell:24; Memory B Cell:3	B Cell:151; Naive B Cell:102; Plasmablast:8; Conventional DC 2:1	Blood Cell:255; Plasma Cell:3; Plasmablast:2; Plasmacytoid DC:1	Memory B Cell:260; Blood Cell:2	B Cell:260; Blood Cell:2	B Cell:262	Naive B Cell:260; Plasma Cell:1; Memory B Cell:1	1951.0	6004.5	2.9003381729125977
vaccination_study_06	B	B_lineage:4	257	Memory B Cell	True	Memory B Cell	1.5962188976634228	1.0463532314719468	0.549865666191476	0.9741200647869172	0.2762645914396887	0.2623679822123401	1.8365758754863808	0.8181818181818182	cluster_consensus_marker_source_support	B Cell:176; Memory B Cell:66; Blood Cell:10; Naive B Cell:5	B Cell:164; Conventional DC 2:75; Plasmablast:10; Naive B Cell:6	Blood Cell:252; Plasma Cell:3; RBC:1; Plasmablast:1	Memory B Cell:257	B Cell:257	B Cell:257	Memory B Cell:148; Naive B Cell:100; not_available:5; Plasma Cell:4	2163.0	7444.0	2.684641122817993
vaccination_study_06	B	B_lineage:5	244	Memory B Cell	True	Memory B Cell	1.249932379032424	0.8886819169722969	0.361250462060127	0.8403490133927793	0.0983606557377049	0.2183840749414519	1.528688524590164	0.8181818181818182	cluster_consensus_marker_source_support	B Cell:226; Blood Cell:17; Memory B Cell:1	Conventional DC 2:157; B Cell:41; Plasmablast:41; Naive B Cell:4	Blood Cell:214; Plasmablast:15; Plasma Cell:14; CD4 Naive / T Central Memory:1	Memory B Cell:244	B Cell:244	B Cell:244	Memory B Cell:127; Naive B Cell:85; Plasma Cell:19; not_available:13	2484.5	10478.0	2.734335899353028
vaccination_study_06	B	B_lineage:6	243	Memory B Cell	True	Memory B Cell	2.0234972560942865	1.082565859537284	0.9409313965570024	0.9920757937268152	0.5308641975308642	0.371546149323927	2.60082304526749	0.8181818181818182	cluster_consensus_marker_source_support	Memory B Cell:195; B Cell:46; Naive B Cell:2	B Cell:224; Conventional DC 2:9; CD4 Naive / T Central Memory:5; Memory B Cell:3	Blood Cell:242; Plasma Cell:1	Memory B Cell:243	B Cell:243	B Cell:243	Memory B Cell:191; Naive B Cell:51; Plasma Cell:1	2033.0	6377.0	2.199120283126831
vaccination_study_06	B	B_lineage:7	219	Naive B Cell	True	Naive B Cell	1.4948278948829097	1.3718820557646043	0.1229458391183053	0.9727267977498736	0.2831050228310502	0.2067840834964122	1.447488584474886	0.7777777777777778	cluster_consensus_marker_source_support	Naive B Cell:99; B Cell:90; Blood Cell:9; CD4 Naive / T Central Memory:5	B Cell:199; Plasmacytoid DC:11; T Cell:4; Naive B Cell:3	Blood Cell:181; Plasmacytoid DC:35; RBC:3	Memory B Cell:197; Blood Cell:12; B Cell:7; Naive B Cell:2	B Cell:202; Blood Cell:17	B Cell:219	Naive B Cell:213; Memory B Cell:4; not_available:2	1001.0	1888.0	10.47345733642578
vaccination_study_06	B	B_lineage:8	209	Memory B Cell	True	Memory B Cell	1.5556489627511414	1.066009973311151	0.4896389894399904	0.9752520942545152	0.2727272727272727	0.2419685577580313	1.69377990430622	0.8181818181818182	cluster_consensus_marker_source_support	B Cell:198; Memory B Cell:11	B Cell:118; Conventional DC 2:67; Plasmablast:23; CD4 Naive / T Central Memory:1	Blood Cell:192; Plasma Cell:15; Plasmablast:2	Memory B Cell:208; Blood Cell:1	B Cell:208; Blood Cell:1	B Cell:209	Memory B Cell:135; Naive B Cell:66; Plasma Cell:8	2600.0	9783.0	3.3106253147125244
vaccination_study_06	B	B_lineage:9	190	Memory B Cell	True	Memory B Cell	1.3206029579163951	1.0935915425548144	0.2270114153615807	0.9254819833156273	0.1631578947368421	0.18796992481203	1.3157894736842106	0.8181818181818182	cluster_consensus_marker_source_support	B Cell:162; Memory B Cell:9; Naive B Cell:7; Blood Cell:5	B Cell:161; Conventional DC 2:16; Plasmacytoid DC:11; Plasmablast:1	Blood Cell:162; Plasmacytoid DC:26; Plasma Cell:1; Classical Monocyte:1	Memory B Cell:177; Blood Cell:6; Plasma Cell:5; B Cell:2	B Cell:183; Blood Cell:7	B Cell:190	Naive B Cell:109; Memory B Cell:64; Plasma Cell:15; not_available:2	1237.0	2634.0	11.964359283447266
vaccination_study_06	B	leiden:10	8	Memory B Cell	True	Memory B Cell	1.406778461833191	0.8568879639143837	0.5498904979188074	0.9658649575924344	0.375	0.125	0.875	0.8181818181818182	cluster_consensus_marker_source_support	Blood Cell:4; CD4 T Effector Memory:2; CD8 Cytotoxic / T Effector Memory:1; MAIT Cell:1	Conventional DC 2:4; CD4 Naive / T Central Memory:3; Plasmablast:1	Blood Cell:7; Plasma Cell:1	Memory B Cell:7; Blood Cell:1	B Cell:7; Blood Cell:1	B Cell:8	not_available:7; Plasma Cell:1	3002.5	11178.0	2.0471692085266118
vaccination_study_06	B	leiden:12	4	Memory B Cell	True	Memory B Cell	1.1426857212520494	1.0482373927992974	0.0944483284527519	0.6704444521848169	0.25	0.1785714285714285	1.25	0.8181818181818182	cluster_consensus_marker_source_support	CD4 Naive / T Central Memory:2; Treg:1; CD8 Cytotoxic / T Effector Memory:1	B Cell:2; T Cell:1; RBC:1	Blood Cell:3; RBC:1	Memory B Cell:4	B Cell:4	Blood Cell:4	Naive B Cell:3; Memory B Cell:1	547.0	821.5	5.034356594085693
vaccination_study_06	B	leiden:14	2	Plasma Cell	True	Plasma Cell	1.246360214264567	0.9868675873839672	0.2594926268805996	0.6388129364844389	0.5	0.1428571428571428	1.0	0.4444444444444444	cluster_consensus_marker_availability_warning	MAIT Cell:2	Plasmablast:2	Plasma Cell:2	Blood Cell:2	Blood Cell:2	MAIT Cell:2	not_available:2	2127.0	5952.0	1.376750349998474
vaccination_study_06	B	leiden:18	26	B Cell	False	Memory B Cell	1.1169044630285685	1.0468974785120138	0.0700069845165545	0.8728730907887633	0.1923076923076923	0.0934065934065934	0.6538461538461539	0.8181818181818182	cluster_parent_insufficient_consensus	B Cell:12; Blood Cell:6; CD8 Cytotoxic / T Effector Memory:3; CD4 Naive / T Central Memory:2	Plasmacytoid DC:12; B Cell:5; Classical Monocyte:4; T Cell:3	Plasmacytoid DC:15; Blood Cell:6; Classical Monocyte:4; RBC:1	Memory B Cell:16; Blood Cell:9; Plasma Cell:1	B Cell:17; Blood Cell:8; T Cell:1	B Cell:26	Naive B Cell:14; not_available:11; Memory B Cell:1	941.5	1753.0	10.084268569946287
vaccination_study_06	B	leiden:19	9	Memory B Cell	True	Memory B Cell	1.097195497204205	0.9538255823178932	0.1433699148863118	0.8187533743186053	0.1111111111111111	0.1428571428571428	1.0	0.8181818181818182	cluster_consensus_marker_source_support	Blood Cell:7; CD8 Cytotoxic / T Effector Memory:2	Conventional DC 2:7; CD4 Naive / T Central Memory:2	Blood Cell:9	Memory B Cell:9	B Cell:9	B Cell:9	not_available:9	2642.0	7998.0	2.141235113143921
vaccination_study_06	B	leiden:20	7	Naive B Cell	True	Naive B Cell	1.237026888987539	0.946027553988209	0.2909993349993303	0.9481704662219824	0.2857142857142857	0.0816326530612244	0.5714285714285714	0.7777777777777778	cluster_consensus_marker_source_support	Blood Cell:2; CD4 T Effector Memory:2; NK Cell:1; B Cell:1	B Cell:4; NK Cell:1; CD4 Naive / T Central Memory:1; Plasmablast:1	Blood Cell:6; Plasma Cell:1	Memory B Cell:5; Blood Cell:2	B Cell:5; Blood Cell:2	B Cell:7	Naive B Cell:4; not_available:1; Treg:1; Memory B Cell:1	1734.0	4683.0	1.768667221069336
vaccination_study_06	B	leiden:22	3	B Cell	False	Memory B Cell	1.0254811954562908	0.9473014573739073	0.0781797380823835	0.9383653494487888	0.0	0.0952380952380952	0.6666666666666666	0.8181818181818182	cluster_parent_insufficient_consensus	CD8 Cytotoxic / T Effector Memory:2; Classical Monocyte:1	Conventional DC 2:1; B Cell:1; CD8 Cytotoxic / T Effector Memory:1	Blood Cell:3	Memory B Cell:2; Plasma Cell:1	B Cell:3	B Cell:3	not_available:2; Naive B Cell:1	1539.0	3465.0	7.641196250915527
vaccination_study_06	B	leiden:24	3	Plasma Cell	True	Plasma Cell	2.050509579125542	1.1375094854117478	0.9130000937137944	0.9873386858008673	1.0	0.1904761904761904	1.3333333333333333	0.4444444444444444	cluster_consensus_marker_availability_warning	Blood Cell:3	Plasmablast:3	Plasma Cell:3	Blood Cell:1; CD4 T Cell (ab):1; Treg:1	T Cell:3	Blood Cell:3	Naive B Cell:2; Plasma Cell:1	1591.0	3186.0	7.024681568145752
vaccination_study_06	B	leiden:26	1	Plasmablast	True	Plasmablast	1.868981646194764	1.300581937785651	0.5683997084091132	0.886170083073547	1.0	0.1428571428571428	1.0	0.625	cluster_consensus_marker_source_support	Blood Cell:1	Plasmablast:1	Plasma Cell:1	Blood Cell:1	Blood Cell:1	CD4 Naive / T Central Memory:1	Plasma Cell:1	3009.0	14515.0	2.555976629257202
vaccination_study_06	B	leiden:9	1	Plasma Cell	True	Plasma Cell	1.0813147962471357	0.9979747868425832	0.0833400094045524	0.5982862815444365	0.0	0.2857142857142857	2.0	0.4444444444444444	cluster_consensus_marker_availability_warning	Plasmablast:1	Plasmablast:1	Plasma Cell:1	CD4 T Cell (ab):1	T Cell:1	CD4 Naive / T Central Memory:1	Plasma Cell:1	1634.0	4551.0	1.73588228225708
vaccination_study_06	T/NK	T_NK_lineage:0	3297	NK Cell	True	NK Cell	2.306342738540088	0.8862996686347621	1.4200430699053257	0.9515665546247758	0.2760084925690021	0.6469084449066251	4.528359114346375	1.0	cluster_consensus_marker_source_support	NK Cell:2945; CD8 Cytotoxic / T Effector Memory:287; Blood Cell:48; CD4 T Effector Memory:9	NK Cell:3245; CD4 Naive / T Central Memory:20; CD8 Cytotoxic / T Effector Memory:17; ydT Cell:12	Blood Cell:3231; NK Cell:61; MAIT Cell:4; Classical Monocyte:1	NK Cell:2776; Blood Cell:460; CD8 Cytotoxic / T Effector Memory:46; CD8 T Cell (ab):6	NK Cell:2776; T Cell:346; Blood Cell:175	NK Cell:3127; CD8 Cytotoxic / T Effector Memory:169; MAIT Cell:1	not_available:3297	2028.0	4683.0	2.2518765926361084
vaccination_study_06	T/NK	T_NK_lineage:1	3162	T Cell	False	CD4 T Effector Memory	1.3378317164182645	1.3014652138669542	0.0363665025513102	0.9049008168028004	0.2188488298545224	0.18333785126954	1.2833649588867806	1.0	cluster_parent_insufficient_consensus	CD4 T Effector Memory:2685; CD8 Cytotoxic / T Effector Memory:155; CD4 Naive / T Central Memory:122; Blood Cell:101	CD4 Naive / T Central Memory:2743; CD8 Naive / T Central Memory:330; Plasmablast:29; Treg:25	Blood Cell:3083; Treg:29; Plasma Cell:25; CD4 T Cell (ab):10	CD4 T Cell (ab):1698; CD4 T Effector Memory:873; Treg:326; Blood Cell:224	T Cell:2953; Blood Cell:209	CD4 Naive / T Central Memory:3101; CD8 Cytotoxic / T Effector Memory:42; NK Cell:9; MAIT Cell:5	CD4 Naive / T Central Memory:2059; not_available:539; CD4 T Effector Memory:490; Treg:74	2065.0	6258.5	1.1350529193878174
vaccination_study_06	T/NK	T_NK_lineage:10	2521	CD4 Naive / T Central Memory	True	CD4 Naive / T Central Memory	1.5947863724631637	0.6743806169537752	0.9204057555093884	0.6858008673087306	0.0412534708449028	0.4971383237944126	3.4799682665608884	1.0	cluster_consensus_marker_source_support	CD4 Naive / T Central Memory:2387; CD8 Naive / T Central Memory:61; Treg:26; Blood Cell:18	T Cell:2171; CD4 Naive / T Central Memory:350	Blood Cell:2521	CD4 Naive / T Central Memory:1383; Blood Cell:635; Treg:270; CD4 T Effector Memory:85	T Cell:2094; Blood Cell:427	CD4 Naive / T Central Memory:2521	CD4 Naive / T Central Memory:2132; not_available:352; Treg:29; CD4 T Effector Memory:8	979.0	1584.0	4.084411144256592
vaccination_study_06	T/NK	T_NK_lineage:11	2587	CD4 Naive / T Central Memory	True	CD4 Naive / T Central Memory	2.122383157992788	0.822358886321588	1.3000242716711998	0.832215817064038	0.1480479319675299	0.660500303716384	4.623502126014689	1.0	cluster_consensus_marker_source_support	CD4 Naive / T Central Memory:2282; CD4 T Effector Memory:164; Blood Cell:55; CD8 Naive / T Central Memory:38	CD4 Naive / T Central Memory:2549; CD8 Naive / T Central Memory:30; Plasmablast:6; Treg:2	Blood Cell:1600; CD4 Naive / T Central Memory:960; CD8 Naive / T Central Memory:13; Plasma Cell:6	CD4 Naive / T Central Memory:1115; CD4 T Cell (ab):697; Treg:409; Blood Cell:247	T Cell:2370; Blood Cell:217	CD4 Naive / T Central Memory:2557; CD8 Naive / T Central Memory:26; NK Cell:2; Blood Cell:2	CD4 Naive / T Central Memory:2498; not_available:44; Treg:34; CD4 T Effector Memory:11	1839.0	5831.0	0.8515815138816833
vaccination_study_06	T/NK	T_NK_lineage:12	2177	CD4 Naive / T Central Memory	True	CD4 Naive / T Central Memory	1.6637826057666358	0.6877802507211187	0.9760023550455172	0.7225308695727894	0.0537436839687643	0.5107946715663757	3.57556270096463	1.0	cluster_consensus_marker_source_support	CD4 Naive / T Central Memory:2033; Blood Cell:36; CD4 T Effector Memory:35; CD8 Naive / T Central Memory:27	T Cell:1494; CD4 Naive / T Central Memory:666; Treg:14; CD8 Naive / T Central Memory:2	Blood Cell:2150; Treg:24; RBC:2; CD4 T Cell (ab):1	CD4 Naive / T Central Memory:1072; Treg:371; Blood Cell:359; CD4 T Effector Memory:179	T Cell:1899; Blood Cell:278	CD4 Naive / T Central Memory:2172; Blood Cell:5	CD4 Naive / T Central Memory:1841; not_available:287; Treg:38; CD4 T Effector Memory:11	983.0	1623.0	3.29972505569458
vaccination_study_06	T/NK	T_NK_lineage:13	1898	CD8 Cytotoxic / T Effector Memory	True	CD8 Cytotoxic / T Effector Memory	1.045698215271434	0.9410670386621144	0.1046311766093197	0.6523363346627422	0.0321390937829294	0.2278338100255908	1.594836670179136	1.0	cluster_consensus_marker_source_support	CD8 Cytotoxic / T Effector Memory:600; MAIT Cell:479; CD4 Naive / T Central Memory:369; Blood Cell:170	MAIT Cell:560; T Cell:558; CD8 Cytotoxic / T Effector Memory:472; CD4 Naive / T Central Memory:235	Blood Cell:1200; MAIT Cell:681; Plasmacytoid DC:11; Treg:3	Blood Cell:533; MAIT Cell:318; CD4 T Cell (ab):256; CD8 Cytotoxic / T Effector Memory:236	T Cell:1532; Blood Cell:361; NK Cell:5	CD8 Cytotoxic / T Effector Memory:1719; CD4 Naive / T Central Memory:164; NK Cell:11; Blood Cell:3	not_available:1110; CD4 T Effector Memory:673; CD4 Naive / T Central Memory:111; Treg:4	1029.0	1704.0	8.03033447265625
vaccination_study_06	T/NK	T_NK_lineage:14	1885	CD4 Naive / T Central Memory	True	CD4 Naive / T Central Memory	1.3566368341963588	1.018926078452668	0.3377107557436909	0.6388129364844389	0.0127320954907161	0.4060629026146267	2.8424403183023874	1.0	cluster_consensus_marker_source_support	CD4 Naive / T Central Memory:895; CD4 T Effector Memory:654; Treg:117; Blood Cell:105	CD4 Naive / T Central Memory:1138; T Cell:609; CD4 T Effector Memory:63; Treg:48	Blood Cell:1775; Treg:75; MAIT Cell:32; Plasma Cell:1	CD4 T Effector Memory:666; Treg:555; CD4 T Cell (ab):306; Blood Cell:232	T Cell:1680; Blood Cell:205	CD4 Naive / T Central Memory:1856; CD8 Cytotoxic / T Effector Memory:28; Blood Cell:1	CD4 Naive / T Central Memory:1355; not_available:251; CD4 T Effector Memory:192; Treg:87	1094.0	1839.0	3.609106063842773
vaccination_study_06	T/NK	T_NK_lineage:15	1108	NK Cell	True	NK Cell	1.8084845779251908	0.8236711322677565	0.9848134456574344	0.8560406833974816	0.0442238267148014	0.5277204744713769	3.694043321299639	1.0	cluster_consensus_marker_source_support	NK Cell:901; CD8 Cytotoxic / T Effector Memory:87; ydT Cell:54; Blood Cell:36	NK Cell:833; CD8 Cytotoxic / T Effector Memory:254; T Cell:8; Plasmacytoid DC:5	Blood Cell:1056; NK Cell:20; Plasmacytoid DC:16; Classical Monocyte:13	NK Cell:629; Blood Cell:296; CD8 Cytotoxic / T Effector Memory:120; CD8 T Cell (ab):37	NK Cell:630; T Cell:407; Blood Cell:70; Lymphoid Cell:1	NK Cell:1080; CD8 Cytotoxic / T Effector Memory:21; Blood Cell:7	not_available:1097; CD4 T Effector Memory:11	1194.5	2018.5	5.698179244995117
vaccination_study_06	T/NK	T_NK_lineage:16	1353	MAIT Cell	True	MAIT Cell	1.5088297910473285	1.0350038345460528	0.4738259565012754	0.6461275884289173	0.1485587583148558	0.4255094498996937	2.978566149297857	0.8571428571428571	cluster_consensus_marker_source_support	MAIT Cell:962; CD8 Cytotoxic / T Effector Memory:210; CD4 T Effector Memory:102; Blood Cell:50	MAIT Cell:670; CD4 Naive / T Central Memory:456; ydT Cell:82; Plasmablast:70	MAIT Cell:706; Blood Cell:558; Plasma Cell:74; CD4 T Effector Memory:11	MAIT Cell:494; Blood Cell:270; CD4 T Cell (ab):247; ydT Cell:133	T Cell:1102; Blood Cell:247; NK Cell:4	MAIT Cell:1198; CD4 Naive / T Central Memory:89; CD8 Cytotoxic / T Effector Memory:59; NK Cell:7	not_available:1254; CD4 T Effector Memory:85; CD4 Naive / T Central Memory:14	2051.0	5582.0	2.2744128704071045
vaccination_study_06	T/NK	T_NK_lineage:17	1236	NK Cell	True	NK Cell	1.8844404357286453	1.1821906796409587	0.7022497560876868	0.9109876521708842	0.0978964401294498	0.5190707350901524	3.633495145631068	1.0	cluster_consensus_marker_source_support	CD8 Cytotoxic / T Effector Memory:676; NK Cell:328; ydT Cell:162; Blood Cell:68	NK Cell:1068; CD8 Cytotoxic / T Effector Memory:121; ydT Cell:46; CD4 T Effector Memory:1	Blood Cell:1231; NK Cell:3; Platelet:1; CD4 T Effector Memory:1	NK Cell:986; CD8 Cytotoxic / T Effector Memory:120; Blood Cell:107; CD8 T Cell (ab):19	NK Cell:986; T Cell:144; Blood Cell:106	NK Cell:1120; CD8 Cytotoxic / T Effector Memory:114; MAIT Cell:2	not_available:1236	2160.0	5397.0	2.5591132640838623
vaccination_study_06	T/NK	T_NK_lineage:18	1085	NK Cell	True	NK Cell	2.25015847116964	0.9061248195514532	1.3440336516181866	0.937320399171006	0.1649769585253456	0.6708360763660303	4.695852534562212	1.0	cluster_consensus_marker_source_support	NK Cell:1061; CD8 Cytotoxic / T Effector Memory:11; Blood Cell:9; Plasma Cell:2	NK Cell:1083; CD8 Cytotoxic / T Effector Memory:1; ydT Cell:1	Blood Cell:1079; NK Cell:6	NK Cell:930; Blood Cell:133; CD8 Cytotoxic / T Effector Memory:21; CD8 T Cell (ab):1	NK Cell:930; T Cell:130; Blood Cell:25	NK Cell:1085	not_available:1085	2078.0	4819.0	2.134855270385742
vaccination_study_06	T/NK	T_NK_lineage:19	813	CD8 Cytotoxic / T Effector Memory	True	CD8 Cytotoxic / T Effector Memory	2.118792354458763	0.6282209087438582	1.4905714457149046	0.9655688883470628	0.2939729397293973	0.5340010542962571	3.738007380073801	1.0	cluster_consensus_marker_source_support	CD8 Cytotoxic / T Effector Memory:799; NK Cell:6; ydT Cell:4; CD4 T Effector Memory:1	CD8 Cytotoxic / T Effector Memory:725; NK Cell:74; ydT Cell:10; CD4 Naive / T Central Memory:3	Blood Cell:813	CD8 Cytotoxic / T Effector Memory:704; CD8 T Cell (ab):54; Blood Cell:38; NK Cell:16	T Cell:759; Blood Cell:38; NK Cell:16	CD8 Cytotoxic / T Effector Memory:811; NK Cell:2	not_available:813	2180.0	5640.0	3.30426025390625
vaccination_study_06	T/NK	T_NK_lineage:2	2948	CD4 Naive / T Central Memory	True	CD4 Naive / T Central Memory	1.4892036619400384	0.6511418909031198	0.8380617710369186	0.6120752712516763	0.0172998643147896	0.486576855979841	3.4060379918588874	1.0	cluster_consensus_marker_source_support	CD4 Naive / T Central Memory:2784; CD4 T Effector Memory:32; CD8 Cytotoxic / T Effector Memory:30; Blood Cell:30	T Cell:2648; CD4 Naive / T Central Memory:282; RBC:7; Treg:5	Blood Cell:2926; RBC:10; Treg:7; CD4 Naive / T Central Memory:4	CD4 Naive / T Central Memory:1607; Blood Cell:671; Treg:289; CD4 T Cell (ab):222	T Cell:2491; Blood Cell:457	CD4 Naive / T Central Memory:2926; Blood Cell:15; CD8 Cytotoxic / T Effector Memory:7	CD4 Naive / T Central Memory:2438; not_available:433; CD4 T Effector Memory:47; Treg:30	828.0	1326.0	4.327013969421387
vaccination_study_06	T/NK	T_NK_lineage:20	833	CD4 Naive / T Central Memory	True	CD4 Naive / T Central Memory	1.338502522992214	0.7900447041054656	0.5484578188867485	0.6082829725352236	0.0072028811524609	0.4133081804150231	2.893157262905162	1.0	cluster_consensus_marker_source_support	CD4 Naive / T Central Memory:698; CD4 T Effector Memory:67; Blood Cell:23; CD8 Cytotoxic / T Effector Memory:17	T Cell:770; CD4 Naive / T Central Memory:62; Treg:1	Blood Cell:832; Treg:1	Blood Cell:197; CD4 T Effector Memory:196; Treg:166; CD4 Naive / T Central Memory:141	T Cell:685; Blood Cell:148	CD4 Naive / T Central Memory:832; CD8 Cytotoxic / T Effector Memory:1	CD4 Naive / T Central Memory:677; not_available:92; Treg:37; CD4 T Effector Memory:27	991.0	1590.0	4.41576099395752
vaccination_study_06	T/NK	T_NK_lineage:21	372	CD4 Naive / T Central Memory	True	CD4 Naive / T Central Memory	1.0564304510549545	0.7963390116188251	0.2600914394361291	0.5001044950277782	0.0	0.3191244239631336	2.2338709677419355	1.0	cluster_consensus_marker_source_support	CD4 Naive / T Central Memory:231; CD8 Cytotoxic / T Effector Memory:39; NK Cell:25; CD4 T Effector Memory:19	CD4 Naive / T Central Memory:168; T Cell:93; RBC:41; CD8 Cytotoxic / T Effector Memory:40	Blood Cell:244; RBC:89; Treg:19; CD4 Naive / T Central Memory:14	CD4 Naive / T Central Memory:150; Treg:60; CD4 T Cell (ab):56; Blood Cell:37	T Cell:343; Blood Cell:20; NK Cell:9	Blood Cell:266; CD4 Naive / T Central Memory:79; CD8 Cytotoxic / T Effector Memory:22; NK Cell:4	CD4 Naive / T Central Memory:189; not_available:123; CD4 T Effector Memory:37; Treg:23	498.5	772.5	1.971418857574463
vaccination_study_06	T/NK	T_NK_lineage:22	869	CD8 Naive / T Central Memory	True	CD8 Naive / T Central Memory	2.1735316648464305	0.7958790139172587	1.3776526509291718	0.9820616868980652	0.3935558112773302	0.5130692092717408	3.5914844649021864	1.0	cluster_consensus_marker_source_support	CD8 Naive / T Central Memory:752; CD4 Naive / T Central Memory:68; CD4 T Effector Memory:17; CD8 Cytotoxic / T Effector Memory:16	CD8 Naive / T Central Memory:673; CD4 Naive / T Central Memory:196	CD8 Naive / T Central Memory:605; Blood Cell:192; CD4 Naive / T Central Memory:72	CD8 Naive / T Central Memory:266; Blood Cell:196; CD4 Naive / T Central Memory:190; Treg:135	T Cell:721; Blood Cell:148	CD8 Naive / T Central Memory:825; CD4 Naive / T Central Memory:43; NK Cell:1	CD4 Naive / T Central Memory:431; not_available:423; CD4 T Effector Memory:10; Treg:5	2037.0	6800.0	1.1449739933013916
vaccination_study_06	T/NK	T_NK_lineage:23	455	CD4 Naive / T Central Memory	True	CD4 Naive / T Central Memory	1.355063820570609	0.7148421155863192	0.6402217049842898	0.6902767376652328	0.0373626373626373	0.3704866562009419	2.593406593406593	1.0	cluster_consensus_marker_source_support	CD4 T Effector Memory:140; Blood Cell:115; CD4 Naive / T Central Memory:104; Treg:30	CD4 Naive / T Central Memory:323; Plasmablast:56; CD8 Cytotoxic / T Effector Memory:21; NK Cell:18	Blood Cell:347; Plasma Cell:55; Treg:21; MAIT Cell:9	CD4 T Cell (ab):290; Treg:39; Blood Cell:37; CD4 Naive / T Central Memory:27	T Cell:403; Blood Cell:29; NK Cell:23	CD4 Naive / T Central Memory:406; Blood Cell:38; CD8 Cytotoxic / T Effector Memory:6; NK Cell:3	CD4 Naive / T Central Memory:317; not_available:96; Treg:30; CD4 T Effector Memory:11	2198.0	6380.0	1.1421082019805908
vaccination_study_06	T/NK	T_NK_lineage:24	387	CD4 Naive / T Central Memory	True	CD4 Naive / T Central Memory	1.2806282014259116	0.7816313575499114	0.4989968438760002	0.6141346940908062	0.0077519379844961	0.3798449612403101	2.6589147286821704	1.0	cluster_consensus_marker_source_support	CD4 Naive / T Central Memory:240; CD4 T Effector Memory:40; Blood Cell:36; Treg:33	T Cell:277; CD4 Naive / T Central Memory:69; Treg:23; Plasmablast:6	Blood Cell:347; Treg:27; Plasma Cell:6; Plasmacytoid DC:3	Treg:120; CD4 T Cell (ab):110; CD4 Naive / T Central Memory:76; Blood Cell:54	T Cell:344; Blood Cell:43	CD4 Naive / T Central Memory:325; Blood Cell:60; NK Cell:1; CD8 Cytotoxic / T Effector Memory:1	CD4 Naive / T Central Memory:319; not_available:39; Treg:19; CD4 T Effector Memory:10	1100.0	1889.0	3.373615503311157
vaccination_study_06	T/NK	T_NK_lineage:25	323	CD8 Cytotoxic / T Effector Memory	True	CD8 Cytotoxic / T Effector Memory	1.697382206986287	0.8299268960765674	0.8674553109097195	0.7694143053693029	0.1269349845201238	0.475453339230429	3.328173374613003	1.0	cluster_consensus_marker_source_support	CD8 Cytotoxic / T Effector Memory:245; NK Cell:28; ydT Cell:20; Blood Cell:11	CD8 Cytotoxic / T Effector Memory:305; T Cell:12; NK Cell:5; ydT Cell:1	Blood Cell:323	CD8 Cytotoxic / T Effector Memory:215; Blood Cell:56; CD8 T Cell (ab):26; Treg:11	T Cell:287; Blood Cell:29; NK Cell:7	CD8 Cytotoxic / T Effector Memory:310; NK Cell:13	not_available:312; CD4 T Effector Memory:11	1137.0	1945.0	8.167508125305176
vaccination_study_06	T/NK	T_NK_lineage:26	94	CD4 Naive / T Central Memory	True	CD4 Naive / T Central Memory	1.0747195481029412	0.6402773834805007	0.4344421646224405	0.6618802138664901	0.0212765957446808	0.2431610942249239	1.702127659574468	1.0	cluster_consensus_marker_source_support	CD4 Naive / T Central Memory:35; CD8 Cytotoxic / T Effector Memory:15; CD4 T Effector Memory:12; Blood Cell:8	CD4 Naive / T Central Memory:49; T Cell:26; CD8 Cytotoxic / T Effector Memory:9; NK Cell:6	Blood Cell:87; RBC:2; Treg:2; CD4 Naive / T Central Memory:2	CD4 T Cell (ab):30; Treg:29; Blood Cell:17; CD8 Cytotoxic / T Effector Memory:7	T Cell:77; Blood Cell:11; NK Cell:6	CD4 Naive / T Central Memory:43; B Cell:35; Blood Cell:6; CD8 Cytotoxic / T Effector Memory:5	Treg:34; not_available:30; CD4 Naive / T Central Memory:27; CD4 T Effector Memory:3	2282.5	5531.0	1.8374345302581787
vaccination_study_06	T/NK	T_NK_lineage:27	51	NK Cell	True	NK Cell	1.0644516745376986	0.6377901145654801	0.4266615599722185	0.7871436284156812	0.0392156862745098	0.1708683473389355	1.196078431372549	1.0	cluster_consensus_marker_source_support	NK Cell:19; CD4 Naive / T Central Memory:18; CD8 Cytotoxic / T Effector Memory:7; Blood Cell:5	T Cell:29; CD8 Cytotoxic / T Effector Memory:15; NK Cell:6; CD4 Naive / T Central Memory:1	Blood Cell:47; MAIT Cell:3; NK Cell:1	Blood Cell:22; Treg:10; CD8 Cytotoxic / T Effector Memory:6; NK Cell:4	T Cell:42; Blood Cell:5; NK Cell:4	NK Cell:27; CD8 Cytotoxic / T Effector Memory:24	not_available:47; CD4 Naive / T Central Memory:3; CD4 T Effector Memory:1	1753.0	3316.0	5.757840633392334
vaccination_study_06	T/NK	T_NK_lineage:3	2743	CD8 Cytotoxic / T Effector Memory	True	CD8 Cytotoxic / T Effector Memory	2.0936808972535954	0.5337947313464773	1.559886165907118	0.946864278374754	0.3991979584396646	0.4853393052445185	3.3973751367116294	1.0	cluster_consensus_marker_source_support	CD8 Cytotoxic / T Effector Memory:2571; CD4 T Effector Memory:50; ydT Cell:48; NK Cell:23	CD8 Cytotoxic / T Effector Memory:2041; CD4 Naive / T Central Memory:401; NK Cell:99; ydT Cell:80	Blood Cell:2652; CD4 T Effector Memory:57; MAIT Cell:21; Plasma Cell:8	CD8 Cytotoxic / T Effector Memory:2067; Blood Cell:364; CD8 T Cell (ab):89; CD4 T Cell (ab):69	T Cell:2459; Blood Cell:238; NK Cell:46	CD8 Cytotoxic / T Effector Memory:2640; NK Cell:67; CD4 Naive / T Central Memory:27; MAIT Cell:8	not_available:2654; CD4 T Effector Memory:81; CD4 Naive / T Central Memory:8	1920.0	4996.0	2.4871983528137207
vaccination_study_06	T/NK	T_NK_lineage:4	2662	CD4 Naive / T Central Memory	True	CD4 Naive / T Central Memory	1.168433453768174	0.9889589265172822	0.1794745272508917	0.5472665842317004	0.0018782870022539	0.3549425780830739	2.484598046581518	1.0	cluster_consensus_marker_source_support	CD4 Naive / T Central Memory:1417; CD4 T Effector Memory:535; CD8 Cytotoxic / T Effector Memory:223; Blood Cell:179	T Cell:1678; CD4 Naive / T Central Memory:798; CD4 T Effector Memory:54; Treg:53	Blood Cell:2540; Treg:71; MAIT Cell:45; RBC:4	CD4 T Effector Memory:711; Treg:644; Blood Cell:512; CD4 T Cell (ab):510	T Cell:2250; Blood Cell:412	CD4 Naive / T Central Memory:2557; CD8 Cytotoxic / T Effector Memory:88; Blood Cell:17	CD4 Naive / T Central Memory:1596; CD4 T Effector Memory:567; not_available:347; Treg:152	965.0	1555.0	4.805397033691406
vaccination_study_06	T/NK	T_NK_lineage:5	2163	CD8 Cytotoxic / T Effector Memory	True	CD8 Cytotoxic / T Effector Memory	1.6407705213009356	0.7171428722800626	0.923627649020873	0.7645030390637245	0.121590383726306	0.4502344627171256	3.15164123901988	1.0	cluster_consensus_marker_source_support	CD8 Cytotoxic / T Effector Memory:1682; NK Cell:172; CD4 Naive / T Central Memory:117; Blood Cell:69	CD8 Cytotoxic / T Effector Memory:1736; T Cell:172; NK Cell:146; CD4 Naive / T Central Memory:66	Blood Cell:2108; MAIT Cell:50; NK Cell:5	CD8 Cytotoxic / T Effector Memory:1324; Blood Cell:424; NK Cell:106; ydT Cell:90	T Cell:1820; Blood Cell:237; NK Cell:106	CD8 Cytotoxic / T Effector Memory:2075; NK Cell:81; CD4 Naive / T Central Memory:5; Blood Cell:2	not_available:1951; CD4 T Effector Memory:200; CD4 Naive / T Central Memory:11; Treg:1	1118.0	1843.0	6.619504928588867
vaccination_study_06	T/NK	T_NK_lineage:6	2810	CD4 Naive / T Central Memory	True	CD4 Naive / T Central Memory	2.462199313631821	0.8240968548847126	1.6381024587471082	0.910769954196346	0.302491103202847	0.7371123538383325	5.159786476868328	1.0	cluster_consensus_marker_source_support	CD4 Naive / T Central Memory:2735; CD4 T Effector Memory:50; Treg:11; CD8 Naive / T Central Memory:7	CD4 Naive / T Central Memory:2808; CD8 Cytotoxic / T Effector Memory:1; Treg:1	CD4 Naive / T Central Memory:1663; Blood Cell:1146; Treg:1	CD4 Naive / T Central Memory:1735; Blood Cell:687; Treg:203; CD4 T Effector Memory:102	T Cell:2342; Blood Cell:468	CD4 Naive / T Central Memory:2797; NK Cell:7; CD8 Naive / T Central Memory:5; Blood Cell:1	CD4 Naive / T Central Memory:2761; not_available:25; Treg:20; CD4 T Effector Memory:4	1921.5	6280.5	0.8440499305725098
vaccination_study_06	T/NK	T_NK_lineage:7	2780	CD4 Naive / T Central Memory	True	CD4 Naive / T Central Memory	1.763968938629254	0.9291355894939862	0.8348333491352676	0.8282537139274456	0.09568345323741	0.4957862281603288	3.470503597122302	1.0	cluster_consensus_marker_source_support	CD4 Naive / T Central Memory:1294; CD4 T Effector Memory:1211; Treg:168; Blood Cell:55	CD4 Naive / T Central Memory:2742; CD8 Naive / T Central Memory:21; Treg:15; CD8 Cytotoxic / T Effector Memory:1	Blood Cell:2683; CD4 Naive / T Central Memory:69; Treg:25; CD8 Naive / T Central Memory:3	CD4 T Cell (ab):885; CD4 T Effector Memory:784; Treg:596; CD4 Naive / T Central Memory:287	T Cell:2573; Blood Cell:207	CD4 Naive / T Central Memory:2773; NK Cell:4; Blood Cell:2; CD8 Cytotoxic / T Effector Memory:1	CD4 Naive / T Central Memory:2483; Treg:170; CD4 T Effector Memory:67; not_available:60	1977.0	6232.5	0.8571304678916931
vaccination_study_06	T/NK	T_NK_lineage:8	1950	NK Cell	True	NK Cell	1.8355246149903668	0.8140869988090247	1.021437616181342	0.8638429788049251	0.1035897435897435	0.5132600732600733	3.592820512820513	1.0	cluster_consensus_marker_source_support	NK Cell:1575; CD8 Cytotoxic / T Effector Memory:204; Blood Cell:46; Plasma Cell:40	NK Cell:1375; CD8 Cytotoxic / T Effector Memory:483; CD4 Naive / T Central Memory:33; T Cell:28	Blood Cell:1887; NK Cell:44; Plasmacytoid DC:18; Classical Monocyte:1	NK Cell:1050; Blood Cell:712; CD8 Cytotoxic / T Effector Memory:105; CD8 T Cell (ab):26	NK Cell:1050; T Cell:721; Blood Cell:177; Lymphoid Cell:2	NK Cell:1912; CD8 Cytotoxic / T Effector Memory:35; Blood Cell:3	not_available:1928; CD4 T Effector Memory:19; CD4 Naive / T Central Memory:3	1164.0	1892.0	6.166303634643555
vaccination_study_06	T/NK	T_NK_lineage:9	2730	CD4 Naive / T Central Memory	True	CD4 Naive / T Central Memory	2.464407477695538	0.8592723172594445	1.6051351604360933	0.9165955519949842	0.2879120879120879	0.7416535845107273	5.191575091575092	1.0	cluster_consensus_marker_source_support	CD4 Naive / T Central Memory:2668; CD4 T Effector Memory:26; CD8 Naive / T Central Memory:22; Blood Cell:5	CD4 Naive / T Central Memory:2704; CD8 Naive / T Central Memory:25; Treg:1	CD4 Naive / T Central Memory:1381; Blood Cell:1329; CD8 Naive / T Central Memory:18; Treg:1	CD4 Naive / T Central Memory:2040; Blood Cell:304; Treg:174; CD4 T Effector Memory:106	T Cell:2484; Blood Cell:246	CD4 Naive / T Central Memory:2703; CD8 Naive / T Central Memory:18; Blood Cell:7; NK Cell:1	CD4 Naive / T Central Memory:2677; not_available:44; Treg:5; CD4 T Effector Memory:4	1761.0	5753.0	0.8942226767539978
vaccination_study_06	T/NK	leiden:0	13	CD4 Naive / T Central Memory	True	CD4 Naive / T Central Memory	1.278367002996481	0.7987678294641147	0.4795991735323663	0.5620439227433428	0.0	0.4065934065934066	2.8461538461538463	1.0	cluster_consensus_marker_source_support	CD4 Naive / T Central Memory:11; Plasma Cell:2	T Cell:11; CD4 Naive / T Central Memory:2	Blood Cell:13	Blood Cell:13	Blood Cell:11; T Cell:2	CD4 Naive / T Central Memory:13	CD4 Naive / T Central Memory:11; not_available:1; CD4 T Effector Memory:1	803.0	1312.0	4.72926664352417
vaccination_study_06	T/NK	leiden:12	2	CD4 Naive / T Central Memory	True	CD4 Naive / T Central Memory	1.066540567706558	0.5036059492502482	0.5629346184563099	0.431076821261255	0.0	0.3571428571428571	2.5	1.0	cluster_consensus_marker_source_support	Memory B Cell:2	CD4 Naive / T Central Memory:2	RBC:1; Blood Cell:1	CD4 Naive / T Central Memory:1; T Cell:1	T Cell:2	Blood Cell:2	CD4 Naive / T Central Memory:2	495.5	917.0	3.986486434936523
vaccination_study_06	T/NK	leiden:13	2	T Cell	False	Treg	1.2575110155175118	0.9404044952765758	0.317106520240936	0.9527900172416796	0.5	0.0	0.0	0.8	cluster_parent_insufficient_consensus	CD4 Naive / T Central Memory:1; CD8 Cytotoxic / T Effector Memory:1	Plasmacytoid DC:1; T Cell:1	Plasmacytoid DC:1; Blood Cell:1	Blood Cell:2	Blood Cell:2	CD8 Cytotoxic / T Effector Memory:2	not_available:1; CD4 T Effector Memory:1	1336.5	2847.0	12.482864379882812
vaccination_study_06	T/NK	leiden:15	1	NK Cell	True	NK Cell	0.9997014427777764	0.6572371514655427	0.3424642913122336	0.8091920792768944	0.0	0.1428571428571428	1.0	1.0	cluster_consensus_marker_source_support	Plasma Cell:1	CD8 Cytotoxic / T Effector Memory:1	Blood Cell:1	Blood Cell:1	T Cell:1	NK Cell:1	not_available:1	1066.0	2067.0	12.046443939208984
vaccination_study_06	T/NK	leiden:2	6	CD4 Naive / T Central Memory	True	CD4 Naive / T Central Memory	1.100283318364006	0.9773392580355432	0.1229440603284627	0.468568766436197	0.0	0.3571428571428571	2.5	1.0	cluster_consensus_marker_source_support	CD4 Naive / T Central Memory:3; T Cell:1; CD4 T Effector Memory:1; Classical Monocyte:1	T Cell:5; CD4 Naive / T Central Memory:1	Blood Cell:6	Blood Cell:5; Treg:1	Blood Cell:5; T Cell:1	CD4 Naive / T Central Memory:6	CD4 Naive / T Central Memory:5; CD4 T Effector Memory:1	910.0	1424.0	5.649819374084473
vaccination_study_06	T/NK	leiden:4	4	CD8 Cytotoxic / T Effector Memory	True	CD8 Cytotoxic / T Effector Memory	1.0344735316582614	0.9140406485658056	0.1204328830924557	0.6970340827948937	0.0	0.2142857142857142	1.5	1.0	cluster_consensus_marker_source_support	Plasma Cell:2; T Cell:1; Plasmablast:1	CD8 Cytotoxic / T Effector Memory:2; CD4 Naive / T Central Memory:1; T Cell:1	Blood Cell:4	Blood Cell:4	Blood Cell:2; T Cell:2	CD8 Cytotoxic / T Effector Memory:4	CD4 T Effector Memory:2; CD4 Naive / T Central Memory:1; not_available:1	882.0	1357.5	4.577711582183838
vaccination_study_06	T/NK	leiden:8	1	T Cell	False	Treg	1.6179766279454535	1.2451734493062276	0.3728031786392258	0.9088629199393928	1.0	0.0	0.0	0.8	cluster_parent_insufficient_consensus	NK Cell:1	Plasmacytoid DC:1	Plasmacytoid DC:1	Blood Cell:1	Blood Cell:1	NK Cell:1	not_available:1	994.0	1664.0	11.117788314819336
vaccination_study_06	Myeloid/DC	Myeloid_lineage:0	2	Myeloid Cell	False	Neutrophil	1.1479754088367962	1.0749040262929397	0.0730713825438567	0.8310837875964403	0.5	0.0	0.0	0.3333333333333333	cluster_parent_insufficient_consensus	CD4 Naive / T Central Memory:1; Myeloid Cell:1	Plasmacytoid DC:2	Plasmacytoid DC:2	B Cell:1; Memory B Cell:1	Blood Cell:1; B Cell:1	Blood Cell:2	not_available:2	816.5	1361.5	10.883472442626951
vaccination_study_06	Myeloid/DC	Myeloid_lineage:1	13	Intermediate Monocyte	True	Intermediate Monocyte	1.0942308409993322	0.9444065017342156	0.1498243392651166	0.9606227903655584	0.0	0.1208791208791208	0.8461538461538461	0.5	cluster_consensus_marker_availability_warning	Blood Cell:13	Classical Monocyte:13	Classical Monocyte:13	Intermediate Monocyte:11; Blood Cell:1; Classical Monocyte:1	Monocyte:13	Blood Cell:13	not_available:13	2564.0	11590.0	1.1261762380599976
vaccination_study_06	Myeloid/DC	Myeloid_lineage:2	2	Myeloid Cell	False	Plasmacytoid DC	0.9547334381600914	0.9023794388617008	0.0523539992983905	0.4576403281143872	0.0	0.2857142857142857	2.0	0.625	cluster_parent_insufficient_consensus	B Cell:2	Plasmacytoid DC:2	Plasmacytoid DC:2	Blood Cell:2	Blood Cell:2	B Cell:2	not_available:2	935.0	1818.5	16.129562377929688
vaccination_study_06	Myeloid/DC	Myeloid_lineage:3	6	Plasmacytoid DC	True	Plasmacytoid DC	1.3970085188327408	0.9147696465165422	0.4822388723161985	0.7506443860046326	0.1666666666666666	0.3095238095238095	2.1666666666666665	0.625	cluster_consensus_marker_source_support	NK Cell:2; B Cell:2; Naive B Cell:1; Plasmacytoid DC:1	Plasmacytoid DC:6	Plasmacytoid DC:6	Blood Cell:5; Plasma Cell:1	Blood Cell:5; B Cell:1	B Cell:5; CD8 Cytotoxic / T Effector Memory:1	not_available:6	911.5	1725.0	13.814935684204102
vaccination_study_06	Myeloid/DC	Myeloid_lineage:8	1	Neutrophil	True	Neutrophil	1.6991379160208293	1.3383255418191589	0.3608123742016704	0.9990421289120326	1.0	0.0	0.0	0.3333333333333333	cluster_consensus_marker_availability_warning	Blood Cell:1	Classical Monocyte:1	Classical Monocyte:1	Intermediate Monocyte:1	Monocyte:1	Blood Cell:1	not_available:1	1100.0	3444.0	12.950057983398438
vaccination_study_06	Myeloid/DC	Myeloid_lineage:9	2	Classical Monocyte	True	Classical Monocyte	1.5455268664180348	1.4363596047102378	0.109167261707797	0.9712203277660704	0.5	0.1428571428571428	1.0	0.375	cluster_consensus_marker_availability_warning	NK Cell:1; CD4 Naive / T Central Memory:1	Classical Monocyte:1; Plasmacytoid DC:1	Classical Monocyte:1; Plasmacytoid DC:1	Blood Cell:2	Blood Cell:2	NK Cell:1; CD8 Cytotoxic / T Effector Memory:1	not_available:2	910.5	1439.0	6.9055376052856445
vaccination_study_06	Myeloid/DC	leiden:13	3	Plasmacytoid DC	True	Plasmacytoid DC	1.17514871881632	0.8700157323069599	0.3051329865093601	0.7025461955101969	0.0	0.2857142857142857	2.0	0.625	cluster_consensus_marker_source_support	NK Cell:1; Plasma Cell:1; MAIT Cell:1	Plasmacytoid DC:3	Plasmacytoid DC:3	Blood Cell:3	Blood Cell:3	CD8 Cytotoxic / T Effector Memory:3	not_available:3	1030.0	1865.0	10.582690238952637
vaccination_study_06	Myeloid/DC	leiden:15	1	Plasmacytoid DC	True	Plasmacytoid DC	1.686896323516606	0.9643143260195108	0.7225819974970952	0.9854403594628957	1.0	0.0	0.0	0.625	cluster_consensus_marker_source_support	Blood Cell:1	Classical Monocyte:1	Classical Monocyte:1	Blood Cell:1	T Cell:1	NK Cell:1	not_available:1	985.0	1997.0	5.007511138916016
vaccination_study_06	Myeloid/DC	leiden:18	4	Plasmacytoid DC	True	Plasmacytoid DC	1.442544093169757	0.8450465002873613	0.5974975928823958	0.7774299447917936	0.25	0.2857142857142857	2.0	0.625	cluster_consensus_marker_source_support	B Cell:1; NK Cell:1; Non-Classical Monocyte:1; Memory B Cell:1	Plasmacytoid DC:4	Plasmacytoid DC:4	Blood Cell:2; CD8 T Cell (ab):1; Memory B Cell:1	Blood Cell:2; T Cell:1; B Cell:1	B Cell:4	not_available:4	1148.5	2322.0	17.06128692626953
vaccination_study_06	Myeloid/DC	leiden:24	1	Neutrophil	True	Neutrophil	1.6998119089499992	1.17514871881632	0.5246631901336791	0.9997910099444436	1.0	0.0	0.0	0.3333333333333333	cluster_consensus_marker_availability_warning	Blood Cell:1	Plasmacytoid DC:1	Plasmacytoid DC:1	CD4 T Cell (ab):1	T Cell:1	Blood Cell:1	not_available:1	1685.0	3272.0	12.316625595092772
vaccination_study_06	Myeloid/DC	leiden:4	1	Neutrophil	True	Neutrophil	1.6871627858374407	1.3963594678715108	0.2908033179659299	0.9857364287082672	1.0	0.0	0.0	0.3333333333333333	cluster_consensus_marker_availability_warning	CD8 Cytotoxic / T Effector Memory:1	Plasmacytoid DC:1	Plasmacytoid DC:1	Blood Cell:1	Blood Cell:1	CD8 Cytotoxic / T Effector Memory:1	not_available:1	860.0	1467.0	15.610088348388672
vaccination_study_06	Myeloid/DC	leiden:8	4	Plasmacytoid DC	True	Plasmacytoid DC	1.5163061380876912	0.960742897448082	0.5555632406396092	0.9387528518434664	0.5	0.1428571428571428	1.0	0.625	cluster_consensus_marker_source_support	NK Cell:3; Classical Monocyte:1	Classical Monocyte:2; Plasmacytoid DC:2	Classical Monocyte:2; Plasmacytoid DC:2	Blood Cell:3; CD4 T Cell (ab):1	Blood Cell:3; T Cell:1	NK Cell:4	not_available:4	1197.5	2054.0	10.077816009521484
vaccination_study_06	Artifact/Other	leiden:0	48	Blood Cell	False	HSC	1.1553637878286516	0.7185678956442989	0.4367958921843526	0.8763301346244274	0.4583333333333333	0.0	0.0	0.1666666666666666	cluster_parent_insufficient_consensus	CD4 Naive / T Central Memory:22; Blood Cell:17; Memory B Cell:3; Plasma Cell:2	T Cell:40; CD4 Naive / T Central Memory:6; RBC:2	Blood Cell:46; RBC:2	Blood Cell:48	Blood Cell:48	CD4 Naive / T Central Memory:48	not_available:36; CD4 Naive / T Central Memory:10; Naive B Cell:1; Memory B Cell:1	903.5	1450.5	4.027422904968262
vaccination_study_06	Artifact/Other	leiden:10	11	Blood Cell	False	Platelet	0.2451296609136348	0.2451296609136348	0.0	0.2723662899040387	0.0	0.0	0.0	0.0	cluster_parent_insufficient_consensus	CD8 Cytotoxic / T Effector Memory:5; Blood Cell:4; NK Cell:1; B Cell:1	CD4 Naive / T Central Memory:5; CD8 Cytotoxic / T Effector Memory:3; NK Cell:2; Conventional DC 2:1	Blood Cell:11	Blood Cell:11	Blood Cell:11	B Cell:10; CD4 Naive / T Central Memory:1	not_available:10; CD4 Naive / T Central Memory:1	3073.0	8101.0	3.701228380203247
vaccination_study_06	Artifact/Other	leiden:11	9	Blood Cell	False	Platelet	0.7406713999044064	0.6517825110155175	0.0888888888888889	0.7242027900172416	0.1111111111111111	0.0	0.0	0.0	cluster_parent_insufficient_consensus	Blood Cell:9	NK Cell:5; ydT Cell:4	Blood Cell:9	Blood Cell:9	Blood Cell:9	NK Cell:9	not_available:9	2046.0	5479.0	2.5187079906463623
vaccination_study_06	Artifact/Other	leiden:12	698	Blood Cell	False	RBC	1.1373672283845908	1.1211985832761178	0.016168645108473	0.8861091276406765	0.0	0.1788784281620957	1.2521489971346704	0.0	cluster_parent_insufficient_consensus	CD4 Naive / T Central Memory:253; Blood Cell:129; Memory B Cell:86; CD8 Cytotoxic / T Effector Memory:57	RBC:418; CD4 Naive / T Central Memory:93; T Cell:62; CD8 Cytotoxic / T Effector Memory:52	RBC:455; Blood Cell:220; Plasmacytoid DC:11; Platelet:7	Blood Cell:608; CD4 Naive / T Central Memory:36; CD4 T Cell (ab):16; CD8 Cytotoxic / T Effector Memory:7	Blood Cell:559; T Cell:132; NK Cell:2; B Cell:2	Blood Cell:698	not_available:405; CD4 Naive / T Central Memory:115; Memory B Cell:61; CD4 T Effector Memory:53	430.0	652.0	2.861340045928955
vaccination_study_06	Artifact/Other	leiden:13	57	Blood Cell	False	HSC	0.8869427351970725	0.7548823162942275	0.1320604189028449	0.8763301346244274	0.1228070175438596	0.0	0.0	0.1666666666666666	cluster_parent_insufficient_consensus	Blood Cell:38; Plasma Cell:6; NK Cell:4; CD4 Naive / T Central Memory:2	T Cell:21; CD8 Cytotoxic / T Effector Memory:17; CD4 Naive / T Central Memory:14; CD8 Naive / T Central Memory:2	Blood Cell:54; Plasmacytoid DC:2; RBC:1	Blood Cell:57	Blood Cell:55; T Cell:2	CD8 Cytotoxic / T Effector Memory:57	not_available:44; CD4 T Effector Memory:8; CD4 Naive / T Central Memory:5	963.0	1524.0	7.27003002166748
vaccination_study_06	Artifact/Other	leiden:14	15	Blood Cell	False	Platelet	1.2041331847181829	0.7774665180515161	0.4266666666666667	0.8638516867239068	0.5333333333333333	0.0	0.0	0.0	cluster_parent_insufficient_consensus	Blood Cell:8; MAIT Cell:4; CD8 Cytotoxic / T Effector Memory:3	CD4 Naive / T Central Memory:9; Plasmablast:3; ydT Cell:1; CD4 T Effector Memory:1	Blood Cell:12; Plasma Cell:3	Blood Cell:15	Blood Cell:15	MAIT Cell:14; CD4 Naive / T Central Memory:1	not_available:13; Plasma Cell:2	2109.0	5637.0	3.0234968662261963
vaccination_study_06	Artifact/Other	leiden:15	39	Blood Cell	False	Platelet	0.907177006220006	0.6749425739855738	0.2322344322344322	0.7190041623852732	0.3076923076923077	0.0073260073260073	0.0512820512820512	0.0	cluster_parent_insufficient_consensus	NK Cell:18; Blood Cell:14; Plasma Cell:3; Plasmablast:1	CD8 Cytotoxic / T Effector Memory:26; NK Cell:11; RBC:2	Blood Cell:35; Platelet:2; RBC:2	Blood Cell:39	Blood Cell:38; T Cell:1	NK Cell:32; Blood Cell:7	not_available:39	970.0	1571.0	5.751014709472656
vaccination_study_06	Artifact/Other	leiden:16	2	Blood Cell	False	HSC	0.9713579128859784	0.2632569358574688	0.7081009770285097	0.634842125428865	0.5	0.0	0.0	0.1666666666666666	cluster_parent_insufficient_consensus	CD8 Naive / T Central Memory:1; Blood Cell:1	CD4 Naive / T Central Memory:1; CD8 Naive / T Central Memory:1	Blood Cell:2	Blood Cell:2	Blood Cell:2	CD8 Naive / T Central Memory:2	not_available:2	1711.5	5884.5	2.035029888153076
vaccination_study_06	Artifact/Other	leiden:17	1	Blood Cell	False	Platelet	0.3533525488078858	0.3533525488078858	0.0	0.3926139431198732	0.0	0.0	0.0	0.0	cluster_parent_insufficient_consensus	Blood Cell:1	CD4 Naive / T Central Memory:1	Blood Cell:1	Blood Cell:1	Blood Cell:1	CD8 Cytotoxic / T Effector Memory:1	not_available:1	3334.0	11472.0	0.9762901067733764
vaccination_study_06	Artifact/Other	leiden:18	20	Blood Cell	False	Platelet	1.2184357965133492	0.9805786536562064	0.2378571428571428	0.9538175516814992	0.45	0.0	0.0	0.0	cluster_parent_insufficient_consensus	B Cell:8; NK Cell:3; Blood Cell:3; CD4 Naive / T Central Memory:2	Plasmacytoid DC:6; RBC:4; CD4 Naive / T Central Memory:4; T Cell:3	Blood Cell:9; Plasmacytoid DC:7; RBC:4	Blood Cell:20	Blood Cell:19; RBC:1	B Cell:20	not_available:15; Naive B Cell:3; CD4 Naive / T Central Memory:1; Memory B Cell:1	1029.5	1933.5	12.879569053649902
vaccination_study_06	Artifact/Other	leiden:19	2	Blood Cell	False	Platelet	0.5109493373273656	0.5109493373273656	0.0	0.567721485919295	0.0	0.0	0.0	0.0	cluster_parent_insufficient_consensus	Plasma Cell:1; CD8 Cytotoxic / T Effector Memory:1	CD4 Naive / T Central Memory:1; NK Cell:1	Blood Cell:2	Blood Cell:2	Blood Cell:2	B Cell:2	not_available:2	3418.0	12279.0	1.9631428718566892
vaccination_study_06	Artifact/Other	leiden:2	87	Blood Cell	False	HSC	0.87145574185164	0.7580721307957458	0.1133836110558942	0.8763301346244274	0.1034482758620689	0.0	0.0	0.1666666666666666	cluster_parent_insufficient_consensus	Blood Cell:63; CD4 Naive / T Central Memory:9; Plasma Cell:7; CD4 T Effector Memory:3	T Cell:59; CD4 Naive / T Central Memory:26; CD4 T Effector Memory:1; CD8 Cytotoxic / T Effector Memory:1	Blood Cell:87	Blood Cell:87	Blood Cell:86; T Cell:1	CD4 Naive / T Central Memory:86; CD8 Cytotoxic / T Effector Memory:1	not_available:44; CD4 Naive / T Central Memory:33; CD4 T Effector Memory:8; Treg:2	945.0	1555.0	4.768786430358887
vaccination_study_06	Artifact/Other	leiden:20	3	Blood Cell	False	Platelet	1.1437665813290607	1.0580522956147749	0.0857142857142858	0.9745554607359932	0.3333333333333333	0.0	0.0	0.0	cluster_parent_insufficient_consensus	B Cell:2; Blood Cell:1	RBC:1; CD8 Cytotoxic / T Effector Memory:1; B Cell:1	Blood Cell:2; RBC:1	Blood Cell:3	Blood Cell:3	B Cell:3	Memory B Cell:1; not_available:1; Naive B Cell:1	2564.0	8021.0	3.576593399047852
vaccination_study_06	Artifact/Other	leiden:21	23	Blood Cell	False	Platelet	0.7113161408363649	0.6790600293646172	0.0322561114717476	0.6095369128685627	0.1739130434782608	0.0124223602484472	0.0869565217391304	0.0	cluster_parent_insufficient_consensus	Blood Cell:17; CD8 Cytotoxic / T Effector Memory:2; Plasmablast:2; ydT Cell:1	CD8 Cytotoxic / T Effector Memory:19; T Cell:2; ydT Cell:1; Platelet:1	Blood Cell:22; Platelet:1	Blood Cell:23	Blood Cell:21; T Cell:2	CD8 Cytotoxic / T Effector Memory:23	not_available:23	872.0	1540.0	10.795125007629396
vaccination_study_06	Artifact/Other	leiden:22	11	Blood Cell	False	Platelet	0.2752399031679409	0.2752399031679409	0.0	0.3058221146310454	0.0	0.0	0.0	0.0	cluster_parent_insufficient_consensus	B Cell:2; Memory B Cell:2; CD8 Cytotoxic / T Effector Memory:2; Plasma Cell:1	CD4 Naive / T Central Memory:9; B Cell:1; CD4 T Effector Memory:1	Blood Cell:11	Blood Cell:11	Blood Cell:11	B Cell:11	not_available:9; CD4 Naive / T Central Memory:1; Treg:1	2676.0	8204.0	3.985860586166382
vaccination_study_06	Artifact/Other	leiden:24	23	Blood Cell	False	Platelet	0.942806258321877	0.823479729857637	0.11932652846424	0.8405231717724099	0.1739130434782608	0.0248447204968944	0.1739130434782608	0.0	cluster_parent_insufficient_consensus	Blood Cell:12; Treg:2; CD4 Naive / T Central Memory:2; B Cell:2	T Cell:15; Plasmacytoid DC:4; Platelet:2; CD4 Naive / T Central Memory:1	Blood Cell:16; Plasmacytoid DC:4; Platelet:2; RBC:1	Blood Cell:22; CD4 T Cell (ab):1	Blood Cell:20; T Cell:3	Blood Cell:19; CD4 Naive / T Central Memory:4	not_available:11; CD4 Naive / T Central Memory:8; Memory B Cell:1; CD4 T Effector Memory:1	1080.0	1946.0	8.879618644714355
vaccination_study_06	Artifact/Other	leiden:25	5	Blood Cell	False	HSC	0.7170680436789216	0.3138114561382121	0.4032565875407095	0.4411867151988018	0.4	0.0	0.0	0.1666666666666666	cluster_parent_insufficient_consensus	NK Cell:2; Plasma Cell:1; CD4 Naive / T Central Memory:1; B Cell:1	T Cell:4; CD8 Cytotoxic / T Effector Memory:1	Blood Cell:5	Blood Cell:5	Blood Cell:5	NK Cell:2; CD8 Cytotoxic / T Effector Memory:2; CD4 Naive / T Central Memory:1	not_available:5	2045.0	4195.0	5.01383113861084
vaccination_study_06	Artifact/Other	leiden:26	3	Blood Cell	False	Platelet	1.3927370150414786	0.8594036817081454	0.5333333333333332	0.9548929796757172	0.6666666666666666	0.0	0.0	0.0	cluster_parent_insufficient_consensus	Blood Cell:3	Plasmablast:2; CD4 Naive / T Central Memory:1	Plasma Cell:2; Blood Cell:1	Blood Cell:3	Blood Cell:3	CD4 Naive / T Central Memory:3	Memory B Cell:2; not_available:1	1979.0	11441.0	2.080237627029419
vaccination_study_06	Artifact/Other	leiden:27	8	Blood Cell	False	Platelet	0.8893023215312006	0.8893023215312006	0.0	0.9881136905902228	0.0	0.0	0.0	0.0	cluster_parent_insufficient_consensus	Blood Cell:8	Classical Monocyte:8	Classical Monocyte:8	Blood Cell:8	Blood Cell:8	Blood Cell:8	not_available:8	1285.5	2849.5	6.666482925415039
vaccination_study_06	Artifact/Other	leiden:3	51	Blood Cell	False	Platelet	1.54090420298808	0.8663943990665112	0.6745098039215688	0.9626604434072346	0.8431372549019608	0.0	0.0	0.0	cluster_parent_insufficient_consensus	NK Cell:35; Blood Cell:15; CD8 Cytotoxic / T Effector Memory:1	NK Cell:47; CD8 Cytotoxic / T Effector Memory:2; Plasmablast:1; ydT Cell:1	Blood Cell:49; NK Cell:1; Plasma Cell:1	Blood Cell:51	Blood Cell:49; T Cell:2	NK Cell:51	not_available:51	2012.0	4754.0	2.4691357612609863
vaccination_study_06	Artifact/Other	leiden:4	113	Blood Cell	False	Platelet	0.6423669464657178	0.6041214426417083	0.0382455038240094	0.5642818579215939	0.168141592920354	0.0	0.0	0.0	cluster_parent_insufficient_consensus	Blood Cell:59; CD8 Cytotoxic / T Effector Memory:14; Plasma Cell:12; NK Cell:6	CD8 Cytotoxic / T Effector Memory:74; T Cell:27; CD4 Naive / T Central Memory:5; NK Cell:3	Blood Cell:111; RBC:1; Plasmacytoid DC:1	Blood Cell:113	Blood Cell:109; T Cell:4	CD8 Cytotoxic / T Effector Memory:108; NK Cell:2; Blood Cell:2; CD4 Naive / T Central Memory:1	not_available:104; CD4 T Effector Memory:9	957.0	1545.0	8.553654670715332
vaccination_study_06	Artifact/Other	leiden:5	5	Blood Cell	False	Platelet	0.1378707396506383	0.1378707396506383	0.0	0.1531897107229314	0.0	0.0	0.0	0.0	cluster_parent_insufficient_consensus	Blood Cell:5	ydT Cell:3; NK Cell:1; CD8 Cytotoxic / T Effector Memory:1	Blood Cell:5	Blood Cell:5	Blood Cell:5	CD8 Cytotoxic / T Effector Memory:5	not_available:5	1973.0	5245.0	3.1117939949035645
vaccination_study_06	Artifact/Other	leiden:6	5	Blood Cell	False	HSC	0.8343220885072886	0.5572981068984134	0.2770239816088752	0.7492467650080984	0.2	0.0	0.0	0.1666666666666666	cluster_parent_insufficient_consensus	Blood Cell:5	CD4 Naive / T Central Memory:5	Blood Cell:5	Blood Cell:5	Blood Cell:5	CD4 Naive / T Central Memory:5	CD4 Naive / T Central Memory:4; Treg:1	1983.0	5977.0	1.0749431848526
vaccination_study_06	Artifact/Other	leiden:7	8	Blood Cell	False	Platelet	0.9218856127762588	0.7218856127762587	0.1999999999999999	0.8020951253069541	0.25	0.0	0.0	0.0	cluster_parent_insufficient_consensus	Blood Cell:7; CD4 T Effector Memory:1	CD4 Naive / T Central Memory:5; CD8 Cytotoxic / T Effector Memory:1; CD8 Naive / T Central Memory:1; Plasmablast:1	Blood Cell:7; Plasma Cell:1	Blood Cell:8	Blood Cell:8	CD4 Naive / T Central Memory:7; CD8 Cytotoxic / T Effector Memory:1	not_available:4; CD4 Naive / T Central Memory:3; CD4 T Effector Memory:1	2205.5	5484.0	0.9383723735809326
vaccination_study_06	Artifact/Other	leiden:8	165	Blood Cell	False	Platelet	1.0621916090492696	0.7487716956293561	0.3134199134199135	0.8246573433880772	0.4	0.0	0.0	0.0	cluster_parent_insufficient_consensus	NK Cell:58; Blood Cell:56; Plasma Cell:29; CD4 Naive / T Central Memory:5	CD8 Cytotoxic / T Effector Memory:104; NK Cell:47; T Cell:7; Plasmacytoid DC:5	Blood Cell:157; Plasmacytoid DC:6; RBC:2	Blood Cell:165	Blood Cell:162; T Cell:3	NK Cell:165	not_available:163; CD4 T Effector Memory:2	1000.0	1608.0	7.817109107971191
vaccination_study_06	Artifact/Other	leiden:9	10	Blood Cell	False	Platelet	0.8308332234476891	0.7504818962364375	0.0803513272112516	0.8025131054180672	0.0	0.0571428571428571	0.4	0.0	cluster_parent_insufficient_consensus	Blood Cell:9; Memory B Cell:1	CD4 Naive / T Central Memory:8; Platelet:2	Blood Cell:8; Platelet:2	Blood Cell:10	Blood Cell:10	CD4 Naive / T Central Memory:10	CD4 Naive / T Central Memory:8; not_available:1; CD4 T Effector Memory:1	1941.5	6142.0	1.6144771575927734
vaccination_study_09	B	B_lineage:0	1675	Naive B Cell	True	Naive B Cell	2.3714841014581687	0.3060334114651095	2.06545068999306	0.9725421549014004	0.4411940298507463	0.6017057569296376	4.211940298507463	0.7777777777777778	cluster_consensus_marker_source_support	Naive B Cell:1070; B Cell:542; Memory B Cell:53; Blood Cell:5	Naive B Cell:1415; Memory B Cell:187; B Cell:60; Treg:9	Blood Cell:1657; Treg:9; RBC:7; HSC:2	Naive B Cell:1395; Memory B Cell:203; Blood Cell:76; B Cell:1	B Cell:1598; Blood Cell:77	Naive B Cell:1627; Memory B Cell:48	Naive B Cell:1548; Memory B Cell:126; not_available:1	873.0	1298.7537475197933	2.1618870257345444
vaccination_study_09	B	B_lineage:1	1377	Naive B Cell	True	Naive B Cell	2.132218595365279	0.4231199820226377	1.7090986133426411	0.9565947413546728	0.3115468409586057	0.5379188712522045	3.765432098765432	0.7777777777777778	cluster_consensus_marker_source_support	Naive B Cell:805; B Cell:406; Memory B Cell:132; Blood Cell:20	Naive B Cell:771; Memory B Cell:416; Treg:117; B Cell:55	Blood Cell:1228; Treg:116; RBC:30; HSC:3	Naive B Cell:1083; Blood Cell:171; Memory B Cell:112; B Cell:10	B Cell:1196; Blood Cell:181	Naive B Cell:1310; Memory B Cell:67	Naive B Cell:1216; Memory B Cell:122; not_available:37; Plasma Cell:2	688.0	1216.5040593767246	2.225315869852784
vaccination_study_09	B	B_lineage:10	519	Naive B Cell	True	Naive B Cell	2.1471391604002776	0.4262662520383512	1.7208729083619263	0.9512360674478424	0.3082851637764932	0.549683457197908	3.8477842003853566	0.7777777777777778	cluster_consensus_marker_source_support	Naive B Cell:335; B Cell:122; Memory B Cell:53; Blood Cell:5	Naive B Cell:306; Memory B Cell:150; Treg:40; B Cell:16	Blood Cell:464; Treg:43; RBC:11; HSC:1	Naive B Cell:399; Blood Cell:78; Memory B Cell:40; B Cell:2	B Cell:439; Blood Cell:80	Naive B Cell:495; Memory B Cell:24	Naive B Cell:462; Memory B Cell:36; not_available:19; Plasma Cell:2	684.0	1220.1981298859916	2.1584706637233846
vaccination_study_09	B	B_lineage:11	487	Naive B Cell	True	Naive B Cell	2.1829291468349794	0.3891613855058617	1.7937677613291176	0.9603029436981996	0.3141683778234086	0.5617483132883543	3.9322381930184807	0.7777777777777778	cluster_consensus_marker_source_support	Naive B Cell:309; B Cell:145; Memory B Cell:29; CD4 Naive / T Central Memory:2	Naive B Cell:316; Memory B Cell:123; Treg:24; B Cell:20	Blood Cell:458; Treg:26; HSC:2; RBC:1	Naive B Cell:384; Blood Cell:68; Memory B Cell:31; B Cell:4	B Cell:415; Blood Cell:72	Naive B Cell:469; Memory B Cell:18	Naive B Cell:437; Memory B Cell:33; not_available:15; Plasma Cell:2	666.0	1195.915061837777	2.274252177115242
vaccination_study_09	B	B_lineage:12	487	Memory B Cell	True	Memory B Cell	2.384113943924472	0.975691356856684	1.408422587067788	0.9870748785367248	0.6365503080082136	0.519213845702552	3.634496919917865	1.0	cluster_consensus_marker_source_support	Memory B Cell:253; B Cell:218; Naive B Cell:12; Blood Cell:3	Memory B Cell:278; B Cell:189; Naive B Cell:17; Treg:3	Blood Cell:483; RBC:2; Treg:2	Memory B Cell:310; Naive B Cell:158; Blood Cell:18; B Cell:1	B Cell:468; Blood Cell:19	Memory B Cell:458; Naive B Cell:29	Memory B Cell:471; Naive B Cell:16	1098.0	1348.612515228978	2.1449656175213763
vaccination_study_09	B	B_lineage:13	422	Naive B Cell	True	Naive B Cell	2.170409645042214	0.3973632714579637	1.7730463735842503	0.9498571020291512	0.3009478672985782	0.5656736628300609	3.9597156398104265	0.7777777777777778	cluster_consensus_marker_source_support	Naive B Cell:276; B Cell:104; Memory B Cell:36; Blood Cell:4	Naive B Cell:286; Memory B Cell:89; Treg:36; B Cell:11	Blood Cell:381; Treg:35; RBC:5; HSC:1	Naive B Cell:331; Blood Cell:62; Memory B Cell:27; B Cell:2	B Cell:358; Blood Cell:64	Naive B Cell:403; Memory B Cell:19	Naive B Cell:375; Memory B Cell:34; not_available:11; Plasma Cell:2	699.0	1231.117182486702	2.161869164485661
vaccination_study_09	B	B_lineage:14	437	Memory B Cell	True	Memory B Cell	2.5654668071230557	0.9247873083525197	1.6406794987705358	0.989089739925693	0.7299771167048055	0.574370709382151	4.020594965675057	1.0	cluster_consensus_marker_source_support	Memory B Cell:249; B Cell:184; Plasma Cell:1; CD4 Naive / T Central Memory:1	Memory B Cell:386; B Cell:50; RBC:1	Blood Cell:436; RBC:1	Memory B Cell:250; Naive B Cell:161; Blood Cell:25; B Cell:1	B Cell:412; Blood Cell:25	Memory B Cell:435; Naive B Cell:1; Plasma Cell:1	Memory B Cell:437	1217.0	1435.828168108125	1.8747150823711816
vaccination_study_09	B	B_lineage:15	353	Naive B Cell	True	Naive B Cell	2.153786209252826	0.3977196916064011	1.756066517646425	0.9530580165761646	0.348441926345609	0.5354107648725213	3.7478753541076486	0.7777777777777778	cluster_consensus_marker_source_support	Naive B Cell:219; B Cell:92; Memory B Cell:34; Blood Cell:4	Naive B Cell:204; Memory B Cell:103; Treg:33; B Cell:12	Blood Cell:317; Treg:33; RBC:3	Naive B Cell:267; Blood Cell:59; Memory B Cell:24; B Cell:3	B Cell:291; Blood Cell:62	Naive B Cell:327; Memory B Cell:26	Naive B Cell:306; Memory B Cell:36; not_available:10; Plasma Cell:1	686.0	1225.323919207361	2.160624003276207
vaccination_study_09	B	B_lineage:16	281	Memory B Cell	True	Memory B Cell	2.187827471005224	0.9759076720009916	1.2119197990042323	0.9804872820805944	0.5800711743772242	0.4428063040162683	3.099644128113879	1.0	cluster_consensus_marker_source_support	B Cell:174; Memory B Cell:89; Naive B Cell:7; Blood Cell:6	B Cell:164; Memory B Cell:107; Naive B Cell:4; Treg:3	Blood Cell:274; RBC:3; Treg:3; CD4 Naive / T Central Memory:1	Memory B Cell:153; Naive B Cell:102; Blood Cell:22; B Cell:4	B Cell:255; Blood Cell:26	Memory B Cell:253; Naive B Cell:28	Memory B Cell:269; Naive B Cell:11; not_available:1	884.0	1293.8358940532603	2.1947934633268704
vaccination_study_09	B	B_lineage:17	252	Naive B Cell	True	Naive B Cell	2.0744826890935477	0.4177532858432503	1.656729403250297	0.94985352957988	0.2777777777777778	0.5249433106575964	3.6746031746031744	0.7777777777777778	cluster_consensus_marker_source_support	Naive B Cell:135; B Cell:90; Memory B Cell:16; Blood Cell:4	Naive B Cell:149; Memory B Cell:67; Treg:23; B Cell:11	Blood Cell:223; Treg:23; RBC:5; HSC:1	Naive B Cell:190; Blood Cell:41; Memory B Cell:18; B Cell:3	B Cell:208; Blood Cell:44	Naive B Cell:235; Memory B Cell:17	Naive B Cell:217; Memory B Cell:26; not_available:8; Plasma Cell:1	668.5	1213.9878343732378	2.2272000684091555
vaccination_study_09	B	B_lineage:18	246	Naive B Cell	True	Naive B Cell	2.062376659218048	0.4721465320770261	1.5902301271410215	0.9526471849099742	0.3008130081300813	0.5075493612078978	3.5528455284552845	0.7777777777777778	cluster_consensus_marker_source_support	Naive B Cell:128; B Cell:85; Memory B Cell:28; CD4 Naive / T Central Memory:4	Naive B Cell:143; Memory B Cell:80; Treg:12; B Cell:10	Blood Cell:234; Treg:11; RBC:1	Naive B Cell:167; Blood Cell:40; Memory B Cell:36; B Cell:2	B Cell:204; Blood Cell:42	Naive B Cell:225; Memory B Cell:21	Naive B Cell:211; Memory B Cell:32; not_available:3	701.0	1221.109838527178	2.204109588645519
vaccination_study_09	B	B_lineage:19	239	Naive B Cell	True	Naive B Cell	1.9805209169146951	0.9929721475369871	0.987548769377708	0.9453486710488712	0.2594142259414226	0.4853556485355648	3.397489539748954	0.7777777777777778	cluster_consensus_marker_source_support	Naive B Cell:108; B Cell:92; Memory B Cell:32; CD4 Naive / T Central Memory:5	Naive B Cell:127; Memory B Cell:85; Treg:17; B Cell:6	Blood Cell:219; Treg:17; RBC:3	Naive B Cell:177; Blood Cell:34; Memory B Cell:26; Plasma Cell:1	B Cell:204; Blood Cell:35	Naive B Cell:207; Memory B Cell:32	Naive B Cell:193; Memory B Cell:43; not_available:3	690.0	1211.6641181717946	2.2285406271628405
vaccination_study_09	B	B_lineage:2	1183	Naive B Cell	True	Naive B Cell	2.159445090389136	0.3987071136546025	1.760737976734533	0.9514504144041156	0.3271344040574809	0.5481222074628668	3.836855452240068	0.7777777777777778	cluster_consensus_marker_source_support	Naive B Cell:736; B Cell:329; Memory B Cell:96; CD4 Naive / T Central Memory:9	Naive B Cell:772; Memory B Cell:241; Treg:113; B Cell:50	Blood Cell:1055; Treg:115; RBC:12; HSC:1	Naive B Cell:860; Blood Cell:234; Memory B Cell:76; B Cell:9	B Cell:940; Blood Cell:242; T Cell:1	Naive B Cell:1135; Memory B Cell:47; Plasmacytoid DC:1	Naive B Cell:1036; Memory B Cell:101; not_available:46	667.0	1202.041457671067	2.229637366856388
vaccination_study_09	B	B_lineage:20	194	Memory B Cell	True	Memory B Cell	1.6782998466635322	1.5325012216829468	0.1457986249805853	0.9546156044584166	0.345360824742268	0.2857142857142857	2.0	1.0	cluster_consensus_marker_source_support	B Cell:82; Memory B Cell:60; Naive B Cell:49; CD4 Naive / T Central Memory:2	Memory B Cell:98; Naive B Cell:58; Treg:19; B Cell:17	Blood Cell:175; Treg:14; RBC:4; HSC:1	Naive B Cell:127; Memory B Cell:43; Blood Cell:22; B Cell:2	B Cell:170; Blood Cell:24	Naive B Cell:104; Memory B Cell:90	Memory B Cell:97; Naive B Cell:93; not_available:4	754.5	1235.3589567131112	2.2092049745626285
vaccination_study_09	B	B_lineage:21	177	Memory B Cell	True	Memory B Cell	1.8603845189482249	1.4977954672163911	0.3625890517318333	0.9658473849671336	0.5028248587570622	0.3099273607748183	2.169491525423729	1.0	cluster_consensus_marker_source_support	Memory B Cell:69; B Cell:57; Naive B Cell:46; Blood Cell:2	Memory B Cell:80; Naive B Cell:50; Treg:33; B Cell:12	Blood Cell:141; Treg:30; RBC:6	Naive B Cell:72; Memory B Cell:64; Blood Cell:36; B Cell:4	B Cell:137; Blood Cell:40	Naive B Cell:91; Memory B Cell:86	Memory B Cell:85; Naive B Cell:79; not_available:13	708.0	1221.689049529386	2.1506914566826967
vaccination_study_09	B	B_lineage:22	172	Naive B Cell	True	Naive B Cell	2.200396414875061	0.4810525396909796	1.719343875184082	0.9631573306659046	0.436046511627907	0.5182724252491694	3.627906976744186	0.7777777777777778	cluster_consensus_marker_source_support	Naive B Cell:92; B Cell:60; Memory B Cell:15; Blood Cell:3	Naive B Cell:119; Memory B Cell:30; B Cell:17; Treg:4	Blood Cell:166; RBC:3; Treg:3	Naive B Cell:125; Memory B Cell:39; Blood Cell:8	B Cell:164; Blood Cell:8	Naive B Cell:150; Memory B Cell:22	Naive B Cell:138; Memory B Cell:32; not_available:2	864.5	1303.9355704873385	2.1478355434764564
vaccination_study_09	B	B_lineage:23	159	Plasma Cell	True	Plasma Cell	2.5717291944791314	1.6489978377855103	0.922731356693621	0.9994355530151472	0.4088050314465409	0.7079964061096138	4.955974842767295	0.6666666666666666	cluster_consensus_marker_source_support	Plasma Cell:153; Plasmablast:3; B Cell:3	Plasmablast:159	Plasma Cell:159	Plasma Cell:158; Blood Cell:1	B Cell:158; Blood Cell:1	Plasma Cell:159	Plasma Cell:159	1749.0	1496.3195411139293	1.885983109473459
vaccination_study_09	B	B_lineage:24	145	Naive B Cell	True	Naive B Cell	1.9908469590889444	0.5963023284626008	1.3945446306263436	0.9558945412975136	0.2689655172413793	0.4817733990147783	3.372413793103448	0.7777777777777778	cluster_consensus_marker_source_support	Naive B Cell:78; B Cell:42; Memory B Cell:21; CD4 Naive / T Central Memory:2	Naive B Cell:86; Memory B Cell:40; B Cell:11; Treg:5	Blood Cell:137; Treg:6; CD4 Naive / T Central Memory:1; CD4 T Effector Memory:1	Naive B Cell:99; Memory B Cell:28; Blood Cell:18	B Cell:127; Blood Cell:18	Naive B Cell:117; Memory B Cell:28	Naive B Cell:109; Memory B Cell:35; not_available:1	826.0	1292.5191583104463	2.0690852931109363
vaccination_study_09	B	B_lineage:25	132	Naive B Cell	True	Naive B Cell	2.193075753554819	0.3633469256522271	1.829728827902592	0.9616426121749072	0.3409090909090909	0.5551948051948051	3.886363636363636	0.7777777777777778	cluster_consensus_marker_source_support	Naive B Cell:75; B Cell:47; Memory B Cell:8; CD4 Naive / T Central Memory:1	Naive B Cell:95; Memory B Cell:24; B Cell:8; Treg:4	Blood Cell:128; Treg:4	Naive B Cell:104; Blood Cell:16; Memory B Cell:12	B Cell:116; Blood Cell:16	Naive B Cell:126; Memory B Cell:6	Naive B Cell:113; Memory B Cell:18; not_available:1	733.5	1244.905144420164	2.1848602501585974
vaccination_study_09	B	B_lineage:26	94	Naive B Cell	True	Naive B Cell	2.10491508537828	0.4572440725574219	1.647671012820858	0.951425407259217	0.3191489361702128	0.5227963525835867	3.6595744680851054	0.7777777777777778	cluster_consensus_marker_source_support	Naive B Cell:49; B Cell:32; Memory B Cell:10; Blood Cell:3	Naive B Cell:56; Memory B Cell:28; B Cell:6; Treg:2	Blood Cell:90; Treg:3; RBC:1	Naive B Cell:72; Memory B Cell:11; Blood Cell:11	B Cell:83; Blood Cell:11	Naive B Cell:86; Memory B Cell:8	Naive B Cell:81; Memory B Cell:12; not_available:1	741.5	1234.9415059664095	2.157214734549603
vaccination_study_09	B	B_lineage:27	86	Naive B Cell	True	Naive B Cell	1.9221591895263856	1.1069444378507765	0.8152147516756094	0.95799156901972	0.2558139534883721	0.4501661129568106	3.1511627906976742	0.7777777777777778	cluster_consensus_marker_source_support	Naive B Cell:37; B Cell:35; Memory B Cell:14	Naive B Cell:58; Memory B Cell:17; B Cell:10; Treg:1	Blood Cell:85; Treg:1	Naive B Cell:55; Memory B Cell:24; Blood Cell:7	B Cell:79; Blood Cell:7	Naive B Cell:67; Memory B Cell:19	Naive B Cell:54; Memory B Cell:32	883.5	1291.670333832804	2.1644104078074053
vaccination_study_09	B	B_lineage:3	1150	Memory B Cell	True	Memory B Cell	2.4883045342147447	0.9733391554641166	1.514965378750628	0.9775364389825664	0.6765217391304348	0.5617391304347826	3.9321739130434783	1.0	cluster_consensus_marker_source_support	Memory B Cell:806; B Cell:297; Naive B Cell:33; CD4 Naive / T Central Memory:7	Memory B Cell:894; Treg:132; B Cell:74; Naive B Cell:33	Blood Cell:987; Treg:139; RBC:24	Memory B Cell:773; Naive B Cell:223; Blood Cell:143; B Cell:7	B Cell:1000; Blood Cell:150	Memory B Cell:1028; Naive B Cell:122	Memory B Cell:1021; Naive B Cell:89; not_available:38; Plasma Cell:2	821.0	1253.3107450935854	2.189107806022089
vaccination_study_09	B	B_lineage:4	1120	Memory B Cell	True	Memory B Cell	2.620501265667742	0.8966643494351155	1.7238369162326266	0.9785331523292368	0.7116071428571429	0.6160714285714286	4.3125	1.0	cluster_consensus_marker_source_support	Memory B Cell:830; B Cell:264; Naive B Cell:16; CD4 Naive / T Central Memory:4	Memory B Cell:1017; Treg:62; B Cell:21; Naive B Cell:17	Blood Cell:1046; Treg:66; RBC:8	Memory B Cell:805; Naive B Cell:192; Blood Cell:115; B Cell:5	B Cell:1000; Blood Cell:120	Memory B Cell:1091; Naive B Cell:29	Memory B Cell:1087; not_available:17; Naive B Cell:15; Plasma Cell:1	863.0	1271.6776388298592	2.087156366488305
vaccination_study_09	B	B_lineage:5	885	Naive B Cell	True	Naive B Cell	2.2749384304658933	0.3332113997865411	1.941727030679352	0.962289225492998	0.4576271186440678	0.5488297013720742	3.84180790960452	0.7777777777777778	cluster_consensus_marker_source_support	B Cell:526; Naive B Cell:318; Blood Cell:15; CD4 Naive / T Central Memory:14	Naive B Cell:680; Memory B Cell:102; B Cell:75; Treg:20	Blood Cell:846; Treg:23; RBC:15; HSC:1	Naive B Cell:689; Blood Cell:110; Memory B Cell:50; B Cell:35	B Cell:740; Blood Cell:145	Naive B Cell:873; Memory B Cell:12	Naive B Cell:840; Memory B Cell:39; not_available:5; Plasma Cell:1	773.0	1290.5372029837763	2.0468256428260125
vaccination_study_09	B	B_lineage:6	705	Naive B Cell	True	Naive B Cell	2.2206748425443887	0.3909319734716504	1.8297428690727384	0.9553372392112032	0.3319148936170212	0.5764944275582574	4.035460992907802	0.7777777777777778	cluster_consensus_marker_source_support	Naive B Cell:450; B Cell:208; Memory B Cell:35; CD4 Naive / T Central Memory:7	Naive B Cell:502; Memory B Cell:133; Treg:40; B Cell:23	Blood Cell:643; Treg:53; RBC:7; HSC:2	Naive B Cell:546; Blood Cell:120; Memory B Cell:33; B Cell:4	B Cell:581; Blood Cell:124	Naive B Cell:689; Memory B Cell:16	Naive B Cell:658; Memory B Cell:33; not_available:14	657.0	1206.5122857230858	2.2513104384841767
vaccination_study_09	B	B_lineage:7	713	Naive B Cell	True	Naive B Cell	2.2274326807687963	0.4080198163496236	1.8194128644191727	0.9666547585024292	0.4053295932678822	0.543778801843318	3.806451612903226	0.7777777777777778	cluster_consensus_marker_source_support	Naive B Cell:439; B Cell:192; Memory B Cell:70; Blood Cell:6	Naive B Cell:520; Memory B Cell:117; B Cell:61; Treg:10	Blood Cell:697; Treg:12; CD4 Naive / T Central Memory:4	Naive B Cell:539; Memory B Cell:119; Blood Cell:50; B Cell:5	B Cell:659; Blood Cell:54	Naive B Cell:613; Memory B Cell:100	Naive B Cell:603; Memory B Cell:106; not_available:4	911.0	1324.1080672148842	2.0996936867051224
vaccination_study_09	B	B_lineage:8	602	Naive B Cell	True	Naive B Cell	2.289386141480792	0.412150031119475	1.8772361103613169	0.9593348099456988	0.3255813953488372	0.6134314190792596	4.294019933554817	0.7777777777777778	cluster_consensus_marker_source_support	Naive B Cell:441; B Cell:137; Memory B Cell:18; CD4 Naive / T Central Memory:4	Naive B Cell:460; Memory B Cell:113; Treg:22; B Cell:6	Blood Cell:575; Treg:25; RBC:2	Naive B Cell:518; Blood Cell:60; Memory B Cell:24	B Cell:542; Blood Cell:60	Naive B Cell:590; Memory B Cell:12	Naive B Cell:576; Memory B Cell:20; not_available:6	679.0	1214.1574071080297	2.204692187155743
vaccination_study_09	B	B_lineage:9	492	Naive B Cell	True	Naive B Cell	2.011516872748444	0.920733775271448	1.090783097476996	0.9437553586739068	0.25	0.5063879210220673	3.544715447154472	0.7777777777777778	cluster_consensus_marker_source_support	Naive B Cell:291; B Cell:143; Memory B Cell:50; Blood Cell:4	Naive B Cell:256; Memory B Cell:142; Treg:72; B Cell:20	Blood Cell:407; Treg:70; RBC:12; HSC:3	Naive B Cell:320; Blood Cell:126; Memory B Cell:45; B Cell:1	B Cell:365; Blood Cell:127	Naive B Cell:466; Memory B Cell:26	Naive B Cell:411; Memory B Cell:45; not_available:36	640.0	1190.9617736383552	2.2580213874328967
vaccination_study_09	B	leiden:13	3	Memory B Cell	True	Memory B Cell	1.9475044230324308	1.1846271383660638	0.762877284666367	0.968126607602172	0.6666666666666666	0.2857142857142857	2.0	1.0	cluster_consensus_marker_source_support	B Cell:1; Classical Monocyte:1; Treg:1	CD8 Naive / T Central Memory:1; Memory B Cell:1; B Cell:1	Blood Cell:2; CD8 Naive / T Central Memory:1	Blood Cell:2; Memory B Cell:1	Blood Cell:2; B Cell:1	Memory B Cell:2; Naive B Cell:1	Memory B Cell:2; not_available:1	970.0	1354.136297294301	2.017043925760249
vaccination_study_09	B	leiden:24	2	Naive B Cell	True	Naive B Cell	1.6289908851508597	0.7157505205568937	0.913240364593966	0.913164475564447	0.5	0.2142857142857142	1.5	0.7777777777777778	cluster_consensus_marker_source_support	B Cell:1; CD4 Naive / T Central Memory:1	Memory B Cell:1; CD4 Naive / T Central Memory:1	Blood Cell:1; CD4 Naive / T Central Memory:1	CD4 Naive / T Central Memory:1; Naive B Cell:1	T Cell:1; B Cell:1	Naive B Cell:2	Memory B Cell:1; not_available:1	1242.5	1306.0090473312844	2.0110141948445843
vaccination_study_09	B	leiden:4	2	Naive B Cell	True	Naive B Cell	1.5161881455926185	1.278199230392357	0.2379889152002614	0.9386217490711632	0.5	0.1428571428571428	1.0	0.7777777777777778	cluster_consensus_marker_source_support	CD4 Naive / T Central Memory:1; Classical Monocyte:1	Memory B Cell:1; RBC:1	Treg:1; RBC:1	Blood Cell:1; Memory B Cell:1	Blood Cell:1; B Cell:1	Naive B Cell:2	not_available:1; Memory B Cell:1	755.5	1264.8022315506928	2.6566207144176106
vaccination_study_09	T/NK	T_NK_lineage:0	7308	NK Cell	True	NK Cell	2.3883127414832126	0.9196459354717504	1.4686668060114625	0.9704808516719065	0.3511220580186097	0.6494643834545312	4.546250684181719	1.0	cluster_consensus_marker_source_support	NK Cell:7149; Blood Cell:60; CD4 Naive / T Central Memory:46; CD8 Cytotoxic / T Effector Memory:24	NK Cell:5414; CD8 Cytotoxic / T Effector Memory:1333; CD4 T Effector Memory:291; RBC:160	Blood Cell:6113; CD4 T Effector Memory:755; RBC:294; Lymphoid Cell:80	NK Cell:6762; CD8 Cytotoxic / T Effector Memory:307; Blood Cell:232; Treg:2	NK Cell:6762; T Cell:343; Blood Cell:202; Lymphoid Cell:1	NK Cell:7106; CD8 Cytotoxic / T Effector Memory:183; MAIT Cell:19	not_available:7308	850.0	1317.7978974653752	1.940707319719509
vaccination_study_09	T/NK	T_NK_lineage:1	6935	CD4 Naive / T Central Memory	True	CD4 Naive / T Central Memory	1.956339352184876	1.0740827815789873	0.8822565706058885	0.8307159188339526	0.172170151405912	0.56366258111031	3.9456380677721694	1.0	cluster_consensus_marker_source_support	CD4 Naive / T Central Memory:5706; CD8 Naive / T Central Memory:989; CD8 Cytotoxic / T Effector Memory:107; CD4 T Effector Memory:32	CD4 Naive / T Central Memory:4458; CD8 Naive / T Central Memory:1568; Treg:763; T Cell:61	CD4 Naive / T Central Memory:2803; Blood Cell:1898; CD8 Naive / T Central Memory:1465; Treg:756	CD4 Naive / T Central Memory:5700; CD8 Naive / T Central Memory:779; CD4 T Effector Memory:174; Blood Cell:143	T Cell:6796; Blood Cell:138; NK Cell:1	CD4 Naive / T Central Memory:5146; CD8 Naive / T Central Memory:1503; CD8 Cytotoxic / T Effector Memory:203; Treg:49	CD4 Naive / T Central Memory:3550; not_available:3179; CD4 T Effector Memory:142; Treg:64	949.0	1190.7533680348247	2.015037794039873
vaccination_study_09	T/NK	T_NK_lineage:10	3500	MAIT Cell	True	MAIT Cell	1.321654127126701	1.1545065563922052	0.1671475707344958	0.6650578736781938	0.0748571428571428	0.3490612244897959	2.4434285714285715	0.8571428571428571	cluster_consensus_marker_source_support	MAIT Cell:2599; CD4 Naive / T Central Memory:347; NK Cell:279; CD8 Cytotoxic / T Effector Memory:180	CD4 Naive / T Central Memory:1278; CD4 T Effector Memory:954; MAIT Cell:735; CD8 Cytotoxic / T Effector Memory:337	Blood Cell:2580; MAIT Cell:763; CD4 T Effector Memory:78; Treg:63	MAIT Cell:1536; CD8 Cytotoxic / T Effector Memory:929; Blood Cell:419; CD4 T Effector Memory:400	T Cell:3085; Blood Cell:392; NK Cell:23	MAIT Cell:2919; CD4 Naive / T Central Memory:330; CD8 Cytotoxic / T Effector Memory:218; NK Cell:28	not_available:3223; CD4 T Effector Memory:166; CD4 Naive / T Central Memory:106; Treg:5	847.0	1251.6296322888338	2.1813367710153564
vaccination_study_09	T/NK	T_NK_lineage:11	3560	CD4 Naive / T Central Memory	True	CD4 Naive / T Central Memory	1.6149669717603332	1.1570073563783645	0.4579596153819687	0.8068876821949129	0.0806179775280898	0.4338282504012841	3.036797752808989	1.0	cluster_consensus_marker_source_support	CD4 Naive / T Central Memory:2252; CD4 T Effector Memory:601; Treg:185; CD8 Cytotoxic / T Effector Memory:180	CD4 Naive / T Central Memory:2927; CD4 T Effector Memory:187; CD8 Naive / T Central Memory:152; CD8 Cytotoxic / T Effector Memory:118	Blood Cell:3273; CD4 Naive / T Central Memory:105; Treg:100; CD4 T Effector Memory:44	CD4 T Effector Memory:2028; CD4 Naive / T Central Memory:1015; CD8 Cytotoxic / T Effector Memory:252; Blood Cell:111	T Cell:3450; Blood Cell:106; Lymphoid Cell:3; NK Cell:1	CD4 Naive / T Central Memory:2968; CD8 Cytotoxic / T Effector Memory:360; MAIT Cell:142; Treg:68	not_available:1582; CD4 Naive / T Central Memory:1544; CD4 T Effector Memory:378; Treg:56	1067.0	1285.5002514430153	1.90652545541998
vaccination_study_09	T/NK	T_NK_lineage:12	3041	CD4 Naive / T Central Memory	True	CD4 Naive / T Central Memory	1.783475537736268	0.7881883179166828	0.9952872198195852	0.7505072877965133	0.081880960210457	0.5486916897637055	3.8408418283459382	1.0	cluster_consensus_marker_source_support	CD4 Naive / T Central Memory:2694; CD8 Cytotoxic / T Effector Memory:126; NK Cell:61; MAIT Cell:51	CD4 Naive / T Central Memory:1852; Treg:788; CD8 Naive / T Central Memory:151; CD8 Cytotoxic / T Effector Memory:91	Blood Cell:1791; Treg:742; CD4 Naive / T Central Memory:414; CD8 Naive / T Central Memory:56	CD4 Naive / T Central Memory:2410; Blood Cell:210; CD4 T Effector Memory:200; CD8 Cytotoxic / T Effector Memory:175	T Cell:2870; Blood Cell:170; NK Cell:1	CD4 Naive / T Central Memory:2537; CD8 Cytotoxic / T Effector Memory:318; CD8 Naive / T Central Memory:84; MAIT Cell:76	CD4 Naive / T Central Memory:1773; not_available:890; CD4 T Effector Memory:335; Treg:43	746.0	1125.3796433084558	2.0504834821304305
vaccination_study_09	T/NK	T_NK_lineage:13	2969	CD4 Naive / T Central Memory	True	CD4 Naive / T Central Memory	1.963285154698828	0.8186696335396905	1.1446155211591376	0.8237210631609031	0.1148534860222297	0.5947649521243324	4.163354664870327	1.0	cluster_consensus_marker_source_support	CD4 Naive / T Central Memory:2624; CD8 Cytotoxic / T Effector Memory:100; Treg:68; CD4 T Effector Memory:66	CD4 Naive / T Central Memory:2404; Treg:285; CD8 Naive / T Central Memory:83; T Cell:80	Blood Cell:2288; CD4 Naive / T Central Memory:347; Treg:262; CD8 Naive / T Central Memory:40	CD4 Naive / T Central Memory:2360; CD4 T Effector Memory:346; CD8 Cytotoxic / T Effector Memory:120; Blood Cell:78	T Cell:2895; Blood Cell:74	CD4 Naive / T Central Memory:2655; CD8 Cytotoxic / T Effector Memory:179; MAIT Cell:44; CD8 Naive / T Central Memory:37	CD4 Naive / T Central Memory:1971; not_available:790; CD4 T Effector Memory:178; Treg:30	875.0	1190.076295229574	1.8278091387212327
vaccination_study_09	T/NK	T_NK_lineage:14	2886	CD4 Naive / T Central Memory	True	CD4 Naive / T Central Memory	1.6401773089580318	1.0722967009518525	0.5678806080061793	0.7771541869105458	0.0887040887040887	0.4577764577764577	3.2044352044352045	1.0	cluster_consensus_marker_source_support	CD4 Naive / T Central Memory:2214; Treg:368; CD4 T Effector Memory:77; Blood Cell:47	CD4 Naive / T Central Memory:1377; Treg:1301; CD8 Naive / T Central Memory:86; T Cell:69	Blood Cell:1356; Treg:1247; CD4 Naive / T Central Memory:234; CD8 Naive / T Central Memory:40	CD4 Naive / T Central Memory:2253; CD4 T Effector Memory:238; Treg:193; Blood Cell:122	T Cell:2773; Blood Cell:113	CD4 Naive / T Central Memory:1852; Treg:757; CD8 Cytotoxic / T Effector Memory:142; CD8 Naive / T Central Memory:120	CD4 Naive / T Central Memory:1318; not_available:729; Treg:639; CD4 T Effector Memory:200	784.0	1144.7168395686836	1.9545035446521613
vaccination_study_09	T/NK	T_NK_lineage:15	2834	CD4 Naive / T Central Memory	True	CD4 Naive / T Central Memory	1.3694613289623658	0.941781062430206	0.4276802665321598	0.6703058016576164	0.068454481298518	0.3744329065429982	2.621030345800988	1.0	cluster_consensus_marker_source_support	CD4 Naive / T Central Memory:1713; NK Cell:435; CD8 Cytotoxic / T Effector Memory:389; CD8 Naive / T Central Memory:111	CD4 Naive / T Central Memory:1228; CD8 Cytotoxic / T Effector Memory:437; Treg:364; CD8 Naive / T Central Memory:345	Blood Cell:1568; CD4 Naive / T Central Memory:391; Treg:358; CD4 T Effector Memory:274	CD4 Naive / T Central Memory:1494; CD8 Cytotoxic / T Effector Memory:754; CD4 T Effector Memory:239; Blood Cell:177	T Cell:2637; Blood Cell:157; NK Cell:40	CD4 Naive / T Central Memory:1558; CD8 Cytotoxic / T Effector Memory:761; CD8 Naive / T Central Memory:245; MAIT Cell:161	not_available:1565; CD4 Naive / T Central Memory:1044; CD4 T Effector Memory:195; Treg:30	823.0	1178.6347733328985	2.122671163955569
vaccination_study_09	T/NK	T_NK_lineage:16	1918	CD4 Naive / T Central Memory	True	CD4 Naive / T Central Memory	1.908063332543524	0.8098429228167465	1.0982204097267771	0.7824253358102315	0.0891553701772679	0.5960822285118427	4.172575599582899	1.0	cluster_consensus_marker_source_support	CD4 Naive / T Central Memory:1673; CD8 Naive / T Central Memory:69; CD8 Cytotoxic / T Effector Memory:51; CD4 T Effector Memory:43	CD4 Naive / T Central Memory:1365; Treg:263; CD8 Naive / T Central Memory:195; CD8 Cytotoxic / T Effector Memory:40	Blood Cell:807; CD4 Naive / T Central Memory:691; Treg:256; CD8 Naive / T Central Memory:146	CD4 Naive / T Central Memory:1558; CD4 T Effector Memory:137; CD8 Cytotoxic / T Effector Memory:79; Blood Cell:76	T Cell:1848; Blood Cell:69; NK Cell:1	CD4 Naive / T Central Memory:1529; CD8 Naive / T Central Memory:192; CD8 Cytotoxic / T Effector Memory:155; MAIT Cell:31	CD4 Naive / T Central Memory:1187; not_available:616; CD4 T Effector Memory:100; Treg:15	798.0	1138.5094433011136	1.9587757970033055
vaccination_study_09	T/NK	T_NK_lineage:17	1856	CD4 Naive / T Central Memory	True	CD4 Naive / T Central Memory	2.110406724229441	0.773330438710849	1.3370762855185925	0.8273470991711918	0.1519396551724137	0.6548645320197043	4.584051724137931	1.0	cluster_consensus_marker_source_support	CD4 Naive / T Central Memory:1787; CD8 Naive / T Central Memory:37; CD8 Cytotoxic / T Effector Memory:17; NK Cell:4	CD4 Naive / T Central Memory:1261; Treg:463; CD8 Naive / T Central Memory:109; CD8 Cytotoxic / T Effector Memory:10	Blood Cell:691; CD4 Naive / T Central Memory:606; Treg:465; CD8 Naive / T Central Memory:93	CD4 Naive / T Central Memory:1736; CD4 T Effector Memory:38; CD8 Naive / T Central Memory:36; Blood Cell:28	T Cell:1831; Blood Cell:25	CD4 Naive / T Central Memory:1715; CD8 Naive / T Central Memory:83; CD8 Cytotoxic / T Effector Memory:47; Treg:6	CD4 Naive / T Central Memory:1403; not_available:408; CD4 T Effector Memory:34; Treg:11	806.0	1126.7560737177903	1.9223256957188504
vaccination_study_09	T/NK	T_NK_lineage:18	1707	CD4 Naive / T Central Memory	True	CD4 Naive / T Central Memory	1.648176154116077	0.7906452169864249	0.8575309371296524	0.734274078308088	0.086115992970123	0.4833877311908946	3.3837141183362625	1.0	cluster_consensus_marker_source_support	CD4 Naive / T Central Memory:1376; CD8 Naive / T Central Memory:88; CD8 Cytotoxic / T Effector Memory:78; NK Cell:54	CD4 Naive / T Central Memory:928; Treg:463; CD8 Naive / T Central Memory:171; CD8 Cytotoxic / T Effector Memory:64	Blood Cell:799; Treg:406; CD4 Naive / T Central Memory:322; CD8 Naive / T Central Memory:132	CD4 Naive / T Central Memory:1141; Blood Cell:249; CD8 Cytotoxic / T Effector Memory:111; CD4 T Effector Memory:99	T Cell:1502; Blood Cell:200; NK Cell:5	CD4 Naive / T Central Memory:1255; CD8 Naive / T Central Memory:182; CD8 Cytotoxic / T Effector Memory:139; Treg:83	not_available:771; CD4 Naive / T Central Memory:754; CD4 T Effector Memory:101; Treg:81	839.0	1168.2575294709764	2.122617193353737
vaccination_study_09	T/NK	T_NK_lineage:19	1512	CD4 Naive / T Central Memory	True	CD4 Naive / T Central Memory	2.0244917995142546	0.9049694492131106	1.119522350301144	0.8246641897685052	0.1501322751322751	0.6116780045351473	4.281746031746032	1.0	cluster_consensus_marker_source_support	CD4 Naive / T Central Memory:1268; CD8 Naive / T Central Memory:93; CD8 Cytotoxic / T Effector Memory:44; CD4 T Effector Memory:33	CD4 Naive / T Central Memory:1168; CD8 Naive / T Central Memory:141; Treg:114; CD8 Cytotoxic / T Effector Memory:35	CD4 Naive / T Central Memory:813; Blood Cell:454; CD8 Naive / T Central Memory:123; Treg:109	CD4 Naive / T Central Memory:1166; CD4 T Effector Memory:132; Blood Cell:67; CD8 Naive / T Central Memory:65	T Cell:1457; Blood Cell:52; NK Cell:3	CD4 Naive / T Central Memory:1205; CD8 Naive / T Central Memory:186; CD8 Cytotoxic / T Effector Memory:66; MAIT Cell:29	CD4 Naive / T Central Memory:854; not_available:597; CD4 T Effector Memory:46; Treg:15	907.0	1194.87560930561	1.9286071951533168
vaccination_study_09	T/NK	T_NK_lineage:2	6487	CD8 Cytotoxic / T Effector Memory	True	CD8 Cytotoxic / T Effector Memory	1.83301620459339	1.026843664370848	0.8061725402225419	0.9416619034009716	0.3238785262833359	0.3823250897399193	2.676275628179436	1.0	cluster_consensus_marker_source_support	NK Cell:3927; CD8 Cytotoxic / T Effector Memory:1906; CD4 Naive / T Central Memory:295; MAIT Cell:175	CD8 Cytotoxic / T Effector Memory:3988; CD4 T Effector Memory:1654; CD8 Naive / T Central Memory:221; NK Cell:194	Blood Cell:3924; CD4 T Effector Memory:2245; RBC:136; Treg:113	CD8 Cytotoxic / T Effector Memory:5818; Blood Cell:357; NK Cell:194; CD4 Naive / T Central Memory:38	T Cell:6017; Blood Cell:275; NK Cell:194; Lymphoid Cell:1	CD8 Cytotoxic / T Effector Memory:5649; MAIT Cell:494; NK Cell:284; CD4 Naive / T Central Memory:57	not_available:6443; CD4 T Effector Memory:28; CD4 Naive / T Central Memory:15; Treg:1	814.0	1239.4164631640645	2.21740984978659
vaccination_study_09	T/NK	T_NK_lineage:20	1279	NK Cell	True	NK Cell	1.880097152903574	1.0217256714409026	0.8583714814626713	0.9334809945698772	0.127443315089914	0.4936892661677649	3.455824863174355	1.0	cluster_consensus_marker_source_support	NK Cell:970; CD8 Cytotoxic / T Effector Memory:131; CD4 Naive / T Central Memory:108; Blood Cell:31	NK Cell:587; CD8 Cytotoxic / T Effector Memory:372; Lymphoid Cell:93; CD4 Naive / T Central Memory:46	Blood Cell:686; NK Cell:352; Lymphoid Cell:110; CD4 T Effector Memory:50	NK Cell:816; CD8 Cytotoxic / T Effector Memory:281; Blood Cell:94; CD4 Naive / T Central Memory:45	NK Cell:816; T Cell:382; Blood Cell:72; Lymphoid Cell:9	NK Cell:879; CD8 Cytotoxic / T Effector Memory:246; MAIT Cell:109; CD4 Naive / T Central Memory:39	not_available:1229; CD4 T Effector Memory:33; CD4 Naive / T Central Memory:16; Treg:1	865.0	1300.355794715208	2.034128759648016
vaccination_study_09	T/NK	T_NK_lineage:21	1172	CD4 Naive / T Central Memory	True	CD4 Naive / T Central Memory	1.7910910580567072	0.811036379377879	0.9800546786788282	0.7701271791940554	0.0981228668941979	0.5365675280351048	3.755972696245734	1.0	cluster_consensus_marker_source_support	CD4 Naive / T Central Memory:1006; CD8 Cytotoxic / T Effector Memory:57; CD8 Naive / T Central Memory:33; NK Cell:28	CD4 Naive / T Central Memory:644; Treg:301; CD8 Naive / T Central Memory:143; CD8 Cytotoxic / T Effector Memory:36	Blood Cell:525; Treg:297; CD4 Naive / T Central Memory:253; CD8 Naive / T Central Memory:82	CD4 Naive / T Central Memory:943; CD8 Cytotoxic / T Effector Memory:95; CD4 T Effector Memory:60; Blood Cell:41	T Cell:1136; Blood Cell:35; NK Cell:1	CD4 Naive / T Central Memory:896; CD8 Cytotoxic / T Effector Memory:135; CD8 Naive / T Central Memory:91; MAIT Cell:34	CD4 Naive / T Central Memory:660; not_available:430; CD4 T Effector Memory:69; Treg:13	775.5	1126.2157499394862	2.012949480934797
vaccination_study_09	T/NK	T_NK_lineage:22	1077	Treg	True	Treg	1.8406519182086052	1.002402132138563	0.8382497860700424	0.9108745355815948	0.3584029712163417	0.3863907680063668	2.7047353760445683	1.0	cluster_consensus_marker_source_support	Treg:629; CD4 Naive / T Central Memory:243; CD8 Cytotoxic / T Effector Memory:99; CD4 T Effector Memory:44	CD4 Naive / T Central Memory:499; Treg:414; T Cell:79; CD8 Cytotoxic / T Effector Memory:41	Blood Cell:655; Treg:408; CD4 T Effector Memory:9; RBC:2	Treg:537; CD4 T Effector Memory:203; CD4 Naive / T Central Memory:118; CD8 Cytotoxic / T Effector Memory:114	T Cell:988; Blood Cell:85; Lymphoid Cell:4	Treg:520; CD4 Naive / T Central Memory:352; NK Cell:144; CD8 Cytotoxic / T Effector Memory:60	not_available:438; Treg:405; CD4 Naive / T Central Memory:207; CD4 T Effector Memory:27	980.0	1359.6554978191402	1.6253573999125637
vaccination_study_09	T/NK	T_NK_lineage:23	809	CD8 Cytotoxic / T Effector Memory	True	CD8 Cytotoxic / T Effector Memory	1.551327520382832	1.1598351314976751	0.3914923888851569	0.9089739925693056	0.2472187886279357	0.2818294190358466	1.9728059332509271	1.0	cluster_consensus_marker_source_support	NK Cell:499; CD8 Cytotoxic / T Effector Memory:152; CD4 Naive / T Central Memory:85; MAIT Cell:42	CD8 Cytotoxic / T Effector Memory:387; CD4 T Effector Memory:139; Treg:77; NK Cell:61	Blood Cell:473; CD4 T Effector Memory:183; RBC:74; Treg:70	CD8 Cytotoxic / T Effector Memory:534; Blood Cell:134; NK Cell:102; CD4 Naive / T Central Memory:24	T Cell:640; NK Cell:102; Blood Cell:67	CD8 Cytotoxic / T Effector Memory:523; NK Cell:155; MAIT Cell:103; CD4 Naive / T Central Memory:26	not_available:782; CD4 T Effector Memory:16; CD4 Naive / T Central Memory:10; Treg:1	739.0	1201.6427551095958	2.3545214722304006
vaccination_study_09	T/NK	T_NK_lineage:24	838	CD4 Naive / T Central Memory	True	CD4 Naive / T Central Memory	1.2803261625478304	0.9433616605742988	0.3369645019735316	0.6624035438696771	0.0620525059665871	0.3339584043641322	2.337708830548926	1.0	cluster_consensus_marker_source_support	CD4 Naive / T Central Memory:579; CD8 Cytotoxic / T Effector Memory:99; CD8 Naive / T Central Memory:82; NK Cell:22	Treg:265; CD8 Naive / T Central Memory:216; CD4 Naive / T Central Memory:213; T Cell:81	Blood Cell:406; Treg:258; CD8 Naive / T Central Memory:109; CD4 Naive / T Central Memory:59	CD4 Naive / T Central Memory:581; CD8 Cytotoxic / T Effector Memory:89; Blood Cell:67; CD8 Naive / T Central Memory:50	T Cell:777; Blood Cell:60; NK Cell:1	CD4 Naive / T Central Memory:332; CD8 Cytotoxic / T Effector Memory:233; CD8 Naive / T Central Memory:182; Treg:48	not_available:458; CD4 Naive / T Central Memory:195; Treg:107; CD4 T Effector Memory:78	763.5	1136.3254501320407	2.119868234068821
vaccination_study_09	T/NK	T_NK_lineage:25	327	CD4 Naive / T Central Memory	True	CD4 Naive / T Central Memory	1.574250727381261	0.8240719216911628	0.7501788056900981	0.7403329522720777	0.0672782874617737	0.4495412844036696	3.146788990825688	1.0	cluster_consensus_marker_source_support	CD4 Naive / T Central Memory:244; CD8 Naive / T Central Memory:26; NK Cell:19; CD8 Cytotoxic / T Effector Memory:19	CD4 Naive / T Central Memory:183; Treg:54; CD8 Naive / T Central Memory:51; CD8 Cytotoxic / T Effector Memory:19	Blood Cell:187; Treg:52; CD4 Naive / T Central Memory:47; CD8 Naive / T Central Memory:34	CD4 Naive / T Central Memory:236; CD8 Cytotoxic / T Effector Memory:34; Blood Cell:16; CD4 T Effector Memory:16	T Cell:312; Blood Cell:13; NK Cell:2	CD4 Naive / T Central Memory:164; Platelet:60; CD8 Cytotoxic / T Effector Memory:48; CD8 Naive / T Central Memory:40	CD4 Naive / T Central Memory:155; not_available:151; CD4 T Effector Memory:20; Treg:1	802.0	1153.788445055261	2.0605018510485595
vaccination_study_09	T/NK	T_NK_lineage:26	227	NK Cell	True	NK Cell	1.7296634276160174	0.9277353000794438	0.8019281275365736	0.92017004858531	0.171806167400881	0.4021397105097545	2.814977973568282	1.0	cluster_consensus_marker_source_support	NK Cell:130; Treg:39; CD8 Cytotoxic / T Effector Memory:20; CD4 Naive / T Central Memory:11	NK Cell:121; CD4 T Cell (ab):45; CD4 Naive / T Central Memory:21; CD8 T Cell (ab):13	NK Cell:121; CD4 T Cell (ab):45; Blood Cell:37; CD8 T Cell (ab):13	Lymphoid Cell:135; Blood Cell:47; NK Cell:22; CD8 Cytotoxic / T Effector Memory:16	Lymphoid Cell:133; Blood Cell:46; T Cell:24; NK Cell:23	NK Cell:222; CD8 Cytotoxic / T Effector Memory:3; MAIT Cell:2	not_available:199; CD4 Naive / T Central Memory:22; Treg:5; CD4 T Effector Memory:1	1628.0	1642.9189293646857	1.6213029551962164
vaccination_study_09	T/NK	T_NK_lineage:27	192	NK Cell	True	NK Cell	2.054623544652214	0.8914113045904272	1.1632122400617866	0.9531366104601317	0.2395833333333333	0.5290178571428571	3.703125	1.0	cluster_consensus_marker_source_support	NK Cell:167; CD4 Naive / T Central Memory:21; CD8 Cytotoxic / T Effector Memory:2; CD8 Naive / T Central Memory:1	NK Cell:80; RBC:49; CD8 Cytotoxic / T Effector Memory:29; Treg:19	Blood Cell:94; RBC:60; Treg:19; CD4 T Effector Memory:16	NK Cell:153; CD4 Naive / T Central Memory:19; CD8 Cytotoxic / T Effector Memory:12; Blood Cell:7	NK Cell:153; T Cell:35; Blood Cell:4	NK Cell:158; CD4 Naive / T Central Memory:18; CD8 Cytotoxic / T Effector Memory:9; CD8 Naive / T Central Memory:3	not_available:178; CD4 Naive / T Central Memory:12; CD4 T Effector Memory:1; Treg:1	830.0	1303.9808766900142	1.9400988763409632
vaccination_study_09	T/NK	T_NK_lineage:28	98	Treg	True	Treg	1.235522294166513	0.735653877471864	0.499868416694649	0.6991711917690768	0.0204081632653061	0.3104956268221573	2.173469387755102	1.0	cluster_consensus_marker_source_support	CD4 Naive / T Central Memory:78; NK Cell:6; CD8 Cytotoxic / T Effector Memory:4; MAIT Cell:4	Treg:77; CD4 Naive / T Central Memory:10; CD4 T Effector Memory:3; CD8 Naive / T Central Memory:3	Treg:76; Blood Cell:12; CD4 T Effector Memory:3; CD4 Naive / T Central Memory:3	Blood Cell:77; CD4 Naive / T Central Memory:5; CD8 Cytotoxic / T Effector Memory:5; NK Cell:3	Blood Cell:76; T Cell:19; NK Cell:3	Naive B Cell:78; Memory B Cell:5; CD4 Naive / T Central Memory:5; NK Cell:3	Treg:55; not_available:33; CD4 Naive / T Central Memory:6; CD4 T Effector Memory:4	660.0	1211.4194490008736	2.248277712234664
vaccination_study_09	T/NK	T_NK_lineage:29	20	CD4 Naive / T Central Memory	True	CD4 Naive / T Central Memory	1.7156676397338018	0.8788758012493365	0.8367918384844653	0.7324878536724779	0.15	0.4928571428571429	3.45	1.0	cluster_consensus_marker_source_support	CD4 Naive / T Central Memory:15; CD8 Cytotoxic / T Effector Memory:2; MAIT Cell:1; CD4 T Effector Memory:1	CD4 Naive / T Central Memory:12; CD8 Naive / T Central Memory:4; Treg:2; CD8 Cytotoxic / T Effector Memory:2	Blood Cell:15; Treg:2; CD4 Naive / T Central Memory:2; CD8 Naive / T Central Memory:1	CD4 Naive / T Central Memory:13; Blood Cell:2; CD4 T Effector Memory:2; CD8 Cytotoxic / T Effector Memory:2	T Cell:18; Blood Cell:2	CD4 Naive / T Central Memory:14; CD8 Cytotoxic / T Effector Memory:5; CD8 Naive / T Central Memory:1	CD4 Naive / T Central Memory:13; not_available:6; CD4 T Effector Memory:1	811.0	1149.6124301703962	1.9809602541642484
vaccination_study_09	T/NK	T_NK_lineage:3	6576	CD4 Naive / T Central Memory	True	CD4 Naive / T Central Memory	1.898728569029554	0.871643181010156	1.027085388019398	0.7835774507002	0.0965632603406326	0.5875043448036148	4.112530413625304	1.0	cluster_consensus_marker_source_support	CD4 Naive / T Central Memory:6072; CD8 Naive / T Central Memory:322; CD8 Cytotoxic / T Effector Memory:88; NK Cell:43	CD4 Naive / T Central Memory:3375; Treg:2325; CD8 Naive / T Central Memory:723; T Cell:64	Treg:2312; Blood Cell:1869; CD4 Naive / T Central Memory:1722; CD8 Naive / T Central Memory:655	CD4 Naive / T Central Memory:5984; Blood Cell:287; CD8 Naive / T Central Memory:178; CD8 Cytotoxic / T Effector Memory:104	T Cell:6331; Blood Cell:244; NK Cell:1	CD4 Naive / T Central Memory:5262; CD8 Naive / T Central Memory:1007; CD8 Cytotoxic / T Effector Memory:245; MAIT Cell:30	CD4 Naive / T Central Memory:4629; not_available:1809; CD4 T Effector Memory:90; Treg:48	709.0	1085.903117266968	2.015451225063999
vaccination_study_09	T/NK	T_NK_lineage:4	6070	CD4 Naive / T Central Memory	True	CD4 Naive / T Central Memory	1.6857243421295574	1.131174540437906	0.5545498016916512	0.7766540440125751	0.0484349258649093	0.4989409272770063	3.4925864909390443	1.0	cluster_consensus_marker_source_support	CD4 Naive / T Central Memory:4525; CD4 T Effector Memory:905; MAIT Cell:210; CD8 Cytotoxic / T Effector Memory:108	CD4 Naive / T Central Memory:5202; Treg:358; CD8 Naive / T Central Memory:192; CD4 T Effector Memory:162	Blood Cell:5613; Treg:333; CD4 Naive / T Central Memory:53; CD4 T Effector Memory:32	CD4 T Effector Memory:2999; CD4 Naive / T Central Memory:2515; Blood Cell:258; CD8 Cytotoxic / T Effector Memory:166	T Cell:5817; Blood Cell:252; NK Cell:1	CD4 Naive / T Central Memory:5378; CD8 Cytotoxic / T Effector Memory:472; MAIT Cell:174; Treg:36	CD4 Naive / T Central Memory:3527; not_available:1770; CD4 T Effector Memory:713; Treg:60	883.0	1205.1284996679185	1.943637492668988
vaccination_study_09	T/NK	T_NK_lineage:5	5379	CD4 Naive / T Central Memory	True	CD4 Naive / T Central Memory	1.642088906356094	0.7369613277057955	0.9051275786502984	0.7057302086310374	0.0574456218627997	0.5057764321568002	3.5404350250976018	1.0	cluster_consensus_marker_source_support	CD4 Naive / T Central Memory:4754; CD8 Naive / T Central Memory:150; CD8 Cytotoxic / T Effector Memory:145; NK Cell:133	CD4 Naive / T Central Memory:2356; Treg:2352; CD8 Naive / T Central Memory:368; CD8 Cytotoxic / T Effector Memory:115	Treg:2267; Blood Cell:1997; CD4 Naive / T Central Memory:747; CD8 Naive / T Central Memory:290	CD4 Naive / T Central Memory:4100; Blood Cell:853; CD8 Cytotoxic / T Effector Memory:213; CD4 T Effector Memory:98	T Cell:4710; Blood Cell:664; NK Cell:5	CD4 Naive / T Central Memory:4044; CD8 Naive / T Central Memory:682; CD8 Cytotoxic / T Effector Memory:420; MAIT Cell:122	CD4 Naive / T Central Memory:3043; not_available:1951; CD4 T Effector Memory:276; Treg:109	679.0	1075.4260012195248	2.2005598462787197
vaccination_study_09	T/NK	T_NK_lineage:6	5179	CD8 Naive / T Central Memory	True	CD8 Naive / T Central Memory	1.455007171869534	1.3622952770070442	0.0927118948624898	0.8585488711060303	0.128789341571732	0.3048851129561691	2.134195790693184	1.0	cluster_consensus_marker_source_support	CD4 Naive / T Central Memory:3320; CD8 Naive / T Central Memory:1705; CD8 Cytotoxic / T Effector Memory:79; Blood Cell:17	CD8 Naive / T Central Memory:2680; CD4 Naive / T Central Memory:1533; Treg:875; CD8 Cytotoxic / T Effector Memory:37	CD8 Naive / T Central Memory:2573; Treg:869; Blood Cell:864; CD4 Naive / T Central Memory:859	CD4 Naive / T Central Memory:3607; CD8 Naive / T Central Memory:1172; Blood Cell:258; CD8 Cytotoxic / T Effector Memory:74	T Cell:4925; Blood Cell:253; NK Cell:1	CD8 Naive / T Central Memory:2923; CD4 Naive / T Central Memory:1997; CD8 Cytotoxic / T Effector Memory:232; MAIT Cell:21	not_available:3039; CD4 Naive / T Central Memory:2067; CD4 T Effector Memory:57; Treg:16	811.0	1113.560311880339	2.095578920941033
vaccination_study_09	T/NK	T_NK_lineage:7	4788	CD4 Naive / T Central Memory	True	CD4 Naive / T Central Memory	1.915895300256452	0.9504052424607976	0.9654900577956546	0.7945805944555587	0.1205096073517126	0.5812447786131996	4.068713450292398	1.0	cluster_consensus_marker_source_support	CD4 Naive / T Central Memory:4392; CD8 Naive / T Central Memory:344; CD8 Cytotoxic / T Effector Memory:17; Blood Cell:12	CD4 Naive / T Central Memory:2207; Treg:1771; CD8 Naive / T Central Memory:767; ydT Cell:17	Treg:1763; CD4 Naive / T Central Memory:1496; Blood Cell:785; CD8 Naive / T Central Memory:741	CD4 Naive / T Central Memory:4430; CD8 Naive / T Central Memory:220; Blood Cell:103; CD8 Cytotoxic / T Effector Memory:19	T Cell:4693; Blood Cell:95	CD4 Naive / T Central Memory:3764; CD8 Naive / T Central Memory:943; CD8 Cytotoxic / T Effector Memory:62; Treg:11	CD4 Naive / T Central Memory:3192; not_available:1551; Treg:26; CD4 T Effector Memory:19	782.0	1113.8846486867492	1.9604554118059536
vaccination_study_09	T/NK	T_NK_lineage:8	4521	CD8 Naive / T Central Memory	True	CD8 Naive / T Central Memory	1.5160747242735633	1.1808605364389917	0.3352141878345716	0.8472706487567877	0.1468701614687016	0.3347552690618384	2.3432868834328686	1.0	cluster_consensus_marker_source_support	CD4 Naive / T Central Memory:2885; CD8 Naive / T Central Memory:1523; CD8 Cytotoxic / T Effector Memory:55; NK Cell:19	CD8 Naive / T Central Memory:2525; Treg:1099; CD4 Naive / T Central Memory:824; CD8 Cytotoxic / T Effector Memory:29	CD8 Naive / T Central Memory:2455; Treg:1095; CD4 Naive / T Central Memory:482; Blood Cell:480	CD4 Naive / T Central Memory:3066; CD8 Naive / T Central Memory:1064; Blood Cell:311; CD8 Cytotoxic / T Effector Memory:66	T Cell:4213; Blood Cell:307; NK Cell:1	CD8 Naive / T Central Memory:3027; CD4 Naive / T Central Memory:1294; CD8 Cytotoxic / T Effector Memory:177; MAIT Cell:18	not_available:2915; CD4 Naive / T Central Memory:1562; CD4 T Effector Memory:32; Treg:12	803.0	1121.605410418788	2.176705789583322
vaccination_study_09	T/NK	T_NK_lineage:9	3668	CD8 Cytotoxic / T Effector Memory	True	CD8 Cytotoxic / T Effector Memory	1.6845441196872797	0.7461791346055252	0.9383649850817544	0.9031544727064876	0.269629225736096	0.3452640598224021	2.416848418756816	1.0	cluster_consensus_marker_source_support	CD8 Cytotoxic / T Effector Memory:1712; NK Cell:951; CD4 Naive / T Central Memory:695; MAIT Cell:168	CD8 Cytotoxic / T Effector Memory:1779; CD8 Naive / T Central Memory:465; CD4 Naive / T Central Memory:396; Treg:380	Blood Cell:2786; Treg:352; CD4 T Effector Memory:348; RBC:74	CD8 Cytotoxic / T Effector Memory:2636; Blood Cell:446; CD4 Naive / T Central Memory:355; CD4 T Effector Memory:97	T Cell:3340; Blood Cell:296; NK Cell:32	CD8 Cytotoxic / T Effector Memory:2738; MAIT Cell:428; CD4 Naive / T Central Memory:411; NK Cell:40	not_available:3281; CD4 T Effector Memory:186; CD4 Naive / T Central Memory:182; Treg:19	762.0	1192.111344637989	2.2293526680832008
vaccination_study_09	T/NK	leiden:1	1	Treg	True	Treg	1.041629598252562	0.776942289633773	0.2646873086187888	0.2526043155187196	0.0	0.4285714285714285	3.0	1.0	cluster_consensus_marker_source_support	Plasma Cell:1	Treg:1	Treg:1	Blood Cell:1	Blood Cell:1	CD4 Naive / T Central Memory:1	Treg:1	449.0	961.6716724124208	3.740435709422473
vaccination_study_09	T/NK	leiden:13	5	Treg	True	Treg	1.1935029906503898	0.7815657534805862	0.4119372371698035	0.421352529294084	0.0	0.4285714285714285	3.0	1.0	cluster_consensus_marker_source_support	CD4 Naive / T Central Memory:5	Treg:5	Treg:5	Memory B Cell:3; B Cell:1; Naive B Cell:1	B Cell:4; Blood Cell:1	Memory B Cell:5	Treg:5	830.0	1230.4121347970524	2.1847204289277453
vaccination_study_09	T/NK	leiden:15	2	Treg	True	Treg	1.666207666476136	0.6717108459559874	0.9944968205201486	0.7957862960845956	0.0	0.5	3.5	1.0	cluster_consensus_marker_source_support	Memory B Cell:2	Treg:2	Treg:2	Blood Cell:2	Blood Cell:2	Treg:2	not_available:1; Treg:1	584.0	1111.9521804781332	2.03365448173765
vaccination_study_09	T/NK	leiden:19	1	T Cell	False	NK Cell	0.8729257849181398	0.6404568652267995	0.2324689196913403	0.6683302372106316	0.0	0.1428571428571428	1.0	1.0	cluster_parent_insufficient_consensus	B Cell:1	CD4 T Cell (ab):1	CD4 T Cell (ab):1	Blood Cell:1	Blood Cell:1	NK Cell:1	Treg:1	1763.0	1658.393867697533	1.994272642419557
vaccination_study_09	T/NK	leiden:4	14	Treg	True	Treg	1.442519378714618	0.6944223896331897	0.7480969890814283	0.6991711917690768	0.0714285714285714	0.3979591836734694	2.7857142857142856	1.0	cluster_consensus_marker_source_support	CD4 Naive / T Central Memory:13; B Cell:1	Treg:12; Naive B Cell:2	Treg:14	Naive B Cell:7; Blood Cell:4; B Cell:3	B Cell:7; Blood Cell:6; T Cell:1	Naive B Cell:14	Treg:13; CD4 T Effector Memory:1	646.0	1209.858578865987	2.2571090828672045
vaccination_study_09	T/NK	leiden:5	3	Treg	True	Treg	1.2625874059255024	0.7492854420991031	0.5133019638263994	0.6991711917690768	0.0	0.3333333333333333	2.333333333333333	1.0	cluster_consensus_marker_source_support	Plasma Cell:2; Blood Cell:1	Treg:3	Treg:3	Blood Cell:3	Blood Cell:3	CD4 Naive / T Central Memory:3	CD4 T Effector Memory:1; Treg:1; CD4 Naive / T Central Memory:1	474.0	1025.9226132148387	3.4086179370430423
vaccination_study_09	Myeloid/DC	Myeloid_lineage:0	2657	Classical Monocyte	True	Classical Monocyte	1.8079420864772509	0.943111457566832	0.8648306289104187	0.916669048299514	0.1934512608204742	0.4358836496585836	3.0511855476100864	1.0	cluster_consensus_marker_source_support	Classical Monocyte:2624; Non-Classical Monocyte:23; Blood Cell:9; CD4 Naive / T Central Memory:1	RBC:2483; Classical Monocyte:153; Non-Classical Monocyte:20; Conventional DC 2:1	RBC:2483; Classical Monocyte:153; Non-Classical Monocyte:20; Blood Cell:1	Classical Monocyte:2643; Blood Cell:6; Non-Classical Monocyte:6; Conventional DC 2:2	Monocyte:2649; Blood Cell:6; DC:2	Classical Monocyte:2534; Blood Cell:116; Non-Classical Monocyte:5; Conventional DC 2:2	not_available:2657	1195.0	1498.7692298121922	1.918111455678452
vaccination_study_09	Myeloid/DC	Myeloid_lineage:1	2071	Classical Monocyte	True	Classical Monocyte	1.6918225956043809	0.9810539887991728	0.7107686068052081	0.8857887967990854	0.2211492032834379	0.3777333241360281	2.644133268952197	1.0	cluster_consensus_marker_source_support	Classical Monocyte:2018; Non-Classical Monocyte:25; Blood Cell:21; Myeloid Cell:4	RBC:2054; Classical Monocyte:15; Non-Classical Monocyte:2	RBC:2054; Classical Monocyte:15; Non-Classical Monocyte:2	Classical Monocyte:2060; Non-Classical Monocyte:9; Blood Cell:1; Conventional DC 2:1	Monocyte:2069; Blood Cell:1; DC:1	Classical Monocyte:1368; Blood Cell:692; Non-Classical Monocyte:11	not_available:2071	984.0	1444.0609718869362	1.9586844770295515
vaccination_study_09	Myeloid/DC	Myeloid_lineage:10	790	Classical Monocyte	True	Classical Monocyte	1.842229261964281	0.9672693102188328	0.8749599517454482	0.9535117176336096	0.4531645569620253	0.3271247739602169	2.289873417721519	1.0	cluster_consensus_marker_source_support	Classical Monocyte:783; Blood Cell:6; Plasma Cell:1	RBC:790	RBC:790	Classical Monocyte:790	Monocyte:790	Blood Cell:554; Classical Monocyte:236	not_available:790	832.0	1373.7622416001814	1.9981762366746616
vaccination_study_09	Myeloid/DC	Myeloid_lineage:11	1398	Conventional DC 2	True	Conventional DC 2	1.9609029170957548	1.0278821335014583	0.9330207835942964	0.9157294941411832	0.2875536480686695	0.4772123441651338	3.340486409155937	1.0	cluster_consensus_marker_source_support	Conventional DC 2:717; DC:258; Myeloid Cell:176; Classical Monocyte:144	Conventional DC 2:1326; Classical Monocyte:67; RBC:4; Non-Classical Monocyte:1	Blood Cell:1326; Classical Monocyte:67; RBC:4; Non-Classical Monocyte:1	Conventional DC 2:1244; Classical Monocyte:117; Blood Cell:37	DC:1244; Monocyte:117; Blood Cell:37	Conventional DC 2:1383; Classical Monocyte:14; Blood Cell:1	not_available:1398	1806.0	1564.3785389613686	1.6991150503320127
vaccination_study_09	Myeloid/DC	Myeloid_lineage:12	1242	Non-Classical Monocyte	True	Non-Classical Monocyte	1.9704044765361663	1.0133635251729551	0.9570409513632112	0.970477279222635	0.466183574879227	0.3810674028065332	2.6674718196457325	1.0	cluster_consensus_marker_source_support	Non-Classical Monocyte:883; Classical Monocyte:311; Blood Cell:36; Myeloid Cell:8	RBC:696; Non-Classical Monocyte:497; Classical Monocyte:48; Treg:1	RBC:696; Non-Classical Monocyte:498; Classical Monocyte:48	Non-Classical Monocyte:717; Classical Monocyte:457; Blood Cell:54; Intermediate Monocyte:13	Monocyte:1187; Blood Cell:54; DC:1	Non-Classical Monocyte:718; Classical Monocyte:501; Blood Cell:23	not_available:1242	1272.5	1541.3816079709827	1.8312391879097647
vaccination_study_09	Myeloid/DC	Myeloid_lineage:13	742	Classical Monocyte	True	Classical Monocyte	1.6746057050460428	0.9873038927564208	0.687301812289622	0.8994998571020292	0.261455525606469	0.3452060069310743	2.41644204851752	1.0	cluster_consensus_marker_source_support	Classical Monocyte:711; Blood Cell:15; Non-Classical Monocyte:12; Conventional DC 2:2	RBC:736; Conventional DC 2:4; Classical Monocyte:2	RBC:736; Blood Cell:4; Classical Monocyte:2	Classical Monocyte:733; Non-Classical Monocyte:6; Conventional DC 2:3	Monocyte:739; DC:3	Blood Cell:391; Classical Monocyte:345; Non-Classical Monocyte:6	not_available:742	939.5	1436.1755962076336	1.9620979483651368
vaccination_study_09	Myeloid/DC	Myeloid_lineage:14	1053	Classical Monocyte	True	Classical Monocyte	1.9468064956559288	0.9756894985093518	0.9711169971465774	0.8701986281794799	0.1215574548907882	0.5612535612535613	3.9287749287749287	1.0	cluster_consensus_marker_source_support	Classical Monocyte:948; Non-Classical Monocyte:94; Myeloid Cell:7; Treg:1	Classical Monocyte:581; RBC:433; Non-Classical Monocyte:32; CD4 Naive / T Central Memory:4	Classical Monocyte:581; RBC:433; Non-Classical Monocyte:32; Blood Cell:4	Classical Monocyte:984; Blood Cell:34; Non-Classical Monocyte:31; Intermediate Monocyte:3	Monocyte:1018; Blood Cell:34; DC:1	Classical Monocyte:1043; Non-Classical Monocyte:8; Conventional DC 2:1; Blood Cell:1	not_available:1053	1465.0	1576.128679627062	1.8302600492073815
vaccination_study_09	Myeloid/DC	Myeloid_lineage:15	793	Plasmacytoid DC	True	Plasmacytoid DC	2.6633683328674755	0.8517982791902506	1.811570053677225	0.9971491854815662	0.6153846153846154	0.6703296703296703	4.6923076923076925	0.875	cluster_consensus_marker_source_support	Plasmacytoid DC:787; Conventional DC 2:3; Myeloid Cell:2; Non-Classical Monocyte:1	Plasmacytoid DC:680; Blood Cell:104; HSC:6; Treg:1	Plasmacytoid DC:688; Blood Cell:92; HSC:10; RBC:2	Plasmacytoid DC:774; Blood Cell:15; Conventional DC 2:2; Plasma Cell:1	DC:791; B Cell:1; Monocyte:1	Plasmacytoid DC:792; Non-Classical Monocyte:1	not_available:793	1432.0	1509.9966517980251	1.4649839078214926
vaccination_study_09	Myeloid/DC	Myeloid_lineage:16	476	Classical Monocyte	True	Classical Monocyte	1.741964199941194	0.9004999357559542	0.8414642641852397	0.8966669048299514	0.2142857142857142	0.401860744297719	2.813025210084034	1.0	cluster_consensus_marker_source_support	Classical Monocyte:457; Non-Classical Monocyte:17; Myeloid Cell:1; Blood Cell:1	RBC:441; Classical Monocyte:23; Non-Classical Monocyte:12	RBC:441; Classical Monocyte:23; Non-Classical Monocyte:12	Classical Monocyte:465; Non-Classical Monocyte:9; Blood Cell:2	Monocyte:474; Blood Cell:2	Classical Monocyte:371; Blood Cell:92; Non-Classical Monocyte:8; Platelet:5	not_available:476	1092.0	1472.3744995980735	1.927338580546276
vaccination_study_09	Myeloid/DC	Myeloid_lineage:17	453	Non-Classical Monocyte	True	Non-Classical Monocyte	2.6220679001496934	0.7800119176276792	1.8420559825220144	0.9849599885681624	0.7284768211920529	0.6067486597287921	4.247240618101546	1.0	cluster_consensus_marker_source_support	Non-Classical Monocyte:411; Classical Monocyte:27; Myeloid Cell:14; Blood Cell:1	Non-Classical Monocyte:404; RBC:33; Classical Monocyte:12; Conventional DC 2:4	Non-Classical Monocyte:404; RBC:34; Classical Monocyte:12; Blood Cell:3	Non-Classical Monocyte:359; Classical Monocyte:65; Blood Cell:21; Intermediate Monocyte:7	Monocyte:431; Blood Cell:21; DC:1	Non-Classical Monocyte:346; Classical Monocyte:106; Conventional DC 2:1	not_available:453	1556.0	1582.2463665821715	1.711787166622592
vaccination_study_09	Myeloid/DC	Myeloid_lineage:18	317	Classical Monocyte	True	Classical Monocyte	1.7768728276320755	0.939035857924256	0.8378369697078196	0.9162189196913404	0.2302839116719243	0.4042361424064894	2.829652996845426	1.0	cluster_consensus_marker_source_support	Classical Monocyte:297; Non-Classical Monocyte:13; Blood Cell:5; Myeloid Cell:1	RBC:288; Classical Monocyte:21; Non-Classical Monocyte:7; Conventional DC 2:1	RBC:288; Classical Monocyte:21; Non-Classical Monocyte:7; Blood Cell:1	Classical Monocyte:314; Non-Classical Monocyte:3	Monocyte:317	Classical Monocyte:244; Blood Cell:70; Non-Classical Monocyte:2; Conventional DC 2:1	not_available:317	1090.0	1473.6876857773843	1.908961439323206
vaccination_study_09	Myeloid/DC	Myeloid_lineage:19	73	Classical Monocyte	True	Classical Monocyte	1.7037758509700005	0.9169713851707142	0.7868044657992861	0.9191769076879108	0.3287671232876712	0.3228962818003913	2.26027397260274	1.0	cluster_consensus_marker_source_support	Classical Monocyte:70; Non-Classical Monocyte:3	RBC:72; Classical Monocyte:1	RBC:72; Classical Monocyte:1	Classical Monocyte:70; Non-Classical Monocyte:3	Monocyte:73	Blood Cell:47; Classical Monocyte:23; Non-Classical Monocyte:3	not_available:73	950.0	1426.1507690068702	2.011218304421594
vaccination_study_09	Myeloid/DC	Myeloid_lineage:2	2543	Non-Classical Monocyte	True	Non-Classical Monocyte	2.893321708567483	0.6515908276553177	2.241730880912165	0.9889968562446412	0.8808493904836807	0.6834447502949272	4.784113252064491	1.0	cluster_consensus_marker_source_support	Non-Classical Monocyte:2528; Blood Cell:8; Classical Monocyte:4; CD4 Naive / T Central Memory:1	Non-Classical Monocyte:2311; RBC:231; Classical Monocyte:1	Non-Classical Monocyte:2311; RBC:231; Classical Monocyte:1	Non-Classical Monocyte:2489; Intermediate Monocyte:36; Blood Cell:14; Classical Monocyte:4	Monocyte:2529; Blood Cell:14	Non-Classical Monocyte:2527; Classical Monocyte:16	not_available:2543	1415.0	1529.5019189740426	1.8192754026004407
vaccination_study_09	Myeloid/DC	Myeloid_lineage:20	98	Conventional DC 2	True	Conventional DC 2	1.2378417469547731	0.8434986599669876	0.3943430869877857	0.9704558445270076	0.2755102040816326	0.075801749271137	0.5306122448979592	1.0	cluster_consensus_marker_source_support	Conventional DC 1:48; Classical Monocyte:32; Non-Classical Monocyte:12; Blood Cell:2	Conventional DC 1:50; RBC:35; Non-Classical Monocyte:6; Classical Monocyte:5	Conventional DC 1:50; RBC:35; Non-Classical Monocyte:6; Classical Monocyte:5	Conventional DC 1:48; Classical Monocyte:38; Non-Classical Monocyte:8; Blood Cell:4	DC:50; Monocyte:46; Blood Cell:2	Conventional DC 2:51; Classical Monocyte:32; Non-Classical Monocyte:8; Blood Cell:7	not_available:98	1730.0	1504.653233327761	1.7517949727417927
vaccination_study_09	Myeloid/DC	Myeloid_lineage:3	2302	Classical Monocyte	True	Classical Monocyte	1.8375086557736684	0.8416592353928105	0.995849420380858	0.9415011431837668	0.2345786272806255	0.4223656447809357	2.956559513466551	1.0	cluster_consensus_marker_source_support	Classical Monocyte:2274; Blood Cell:25; Myeloid Cell:2; Plasma Cell:1	RBC:2259; Classical Monocyte:43	RBC:2259; Classical Monocyte:43	Classical Monocyte:2302	Monocyte:2302	Classical Monocyte:2144; Blood Cell:156; Conventional DC 2:2	not_available:2302	1092.0	1455.682067437262	1.9065366236956984
vaccination_study_09	Myeloid/DC	Myeloid_lineage:4	1022	Classical Monocyte	True	Classical Monocyte	1.7766398791563351	0.9221270992159348	0.8545127799404004	0.933398828236639	0.4001956947162426	0.3244338831422979	2.271037181996086	1.0	cluster_consensus_marker_source_support	Classical Monocyte:1011; Non-Classical Monocyte:8; T Cell:1; Blood Cell:1	RBC:1022	RBC:1022	Classical Monocyte:1014; Non-Classical Monocyte:8	Monocyte:1022	Blood Cell:720; Classical Monocyte:296; Non-Classical Monocyte:6	not_available:1022	829.5	1369.2269299195875	2.068269124883724
vaccination_study_09	Myeloid/DC	Myeloid_lineage:5	2290	Classical Monocyte	True	Classical Monocyte	1.229484100661859	1.0856009664199575	0.1438831342419018	0.3308123749642755	0.0327510917030567	0.4766063630692452	3.336244541484716	1.0	cluster_consensus_marker_source_support	Classical Monocyte:2082; Non-Classical Monocyte:120; Myeloid Cell:43; Blood Cell:32	RBC:1426; Classical Monocyte:626; Conventional DC 2:129; Non-Classical Monocyte:109	RBC:1426; Classical Monocyte:626; Blood Cell:128; Non-Classical Monocyte:110	Classical Monocyte:2214; Blood Cell:42; Conventional DC 2:22; Non-Classical Monocyte:10	Monocyte:2226; Blood Cell:42; DC:22	Classical Monocyte:2092; Conventional DC 2:189; Blood Cell:6; Non-Classical Monocyte:3	not_available:2290	1375.5	1540.2523006531046	1.802707448368361
vaccination_study_09	Myeloid/DC	Myeloid_lineage:6	336	Classical Monocyte	True	Classical Monocyte	1.726377339589737	0.9806038022525384	0.7457735373371985	0.9374714204058302	0.4166666666666667	0.2891156462585033	2.023809523809524	1.0	cluster_consensus_marker_source_support	Classical Monocyte:332; Non-Classical Monocyte:3; Blood Cell:1	RBC:336	RBC:336	Classical Monocyte:335; Neutrophil:1	Monocyte:335; Granulocyte:1	Blood Cell:322; Classical Monocyte:13; Non-Classical Monocyte:1	not_available:336	735.5	1337.4452484801843	2.0351287476986437
vaccination_study_09	Myeloid/DC	Myeloid_lineage:7	1942	Classical Monocyte	True	Classical Monocyte	1.3636962794451917	1.1747852276820678	0.1889110517631238	0.4837417833666761	0.0298661174047373	0.4760188318375754	3.332131822863028	1.0	cluster_consensus_marker_source_support	Classical Monocyte:1569; Non-Classical Monocyte:346; Myeloid Cell:15; Blood Cell:6	RBC:1064; Classical Monocyte:628; Non-Classical Monocyte:236; Conventional DC 2:14	RBC:1064; Classical Monocyte:628; Non-Classical Monocyte:236; Blood Cell:14	Classical Monocyte:1773; Non-Classical Monocyte:103; Blood Cell:62; Intermediate Monocyte:2	Monocyte:1878; Blood Cell:62; DC:2	Classical Monocyte:1873; Blood Cell:42; Non-Classical Monocyte:21; Conventional DC 2:6	not_available:1942	1501.0	1599.9427659155645	1.709288273159902
vaccination_study_09	Myeloid/DC	Myeloid_lineage:8	1574	Classical Monocyte	True	Classical Monocyte	1.5712593681305411	1.0506603588500325	0.5205990092805086	0.7659724206916261	0.1086404066073697	0.4184062443274641	2.928843710292249	1.0	cluster_consensus_marker_source_support	Classical Monocyte:1466; Non-Classical Monocyte:72; Blood Cell:25; Myeloid Cell:10	RBC:1404; Classical Monocyte:138; Non-Classical Monocyte:31; Conventional DC 2:1	RBC:1404; Classical Monocyte:138; Non-Classical Monocyte:31; Blood Cell:1	Classical Monocyte:1554; Non-Classical Monocyte:11; Blood Cell:9	Monocyte:1565; Blood Cell:9	Classical Monocyte:1314; Blood Cell:250; Non-Classical Monocyte:10	not_available:1574	1102.5	1475.4860837611834	1.8959660619741616
vaccination_study_09	Myeloid/DC	Myeloid_lineage:9	1287	Classical Monocyte	True	Classical Monocyte	1.7470002994845808	0.9679035335437164	0.7790967659408644	0.8977350671620463	0.2136752136752136	0.4042624042624042	2.8298368298368297	1.0	cluster_consensus_marker_source_support	Classical Monocyte:1245; Non-Classical Monocyte:27; Blood Cell:13; Plasma Cell:2	RBC:1229; Classical Monocyte:49; Non-Classical Monocyte:9	RBC:1229; Classical Monocyte:49; Non-Classical Monocyte:9	Classical Monocyte:1272; Non-Classical Monocyte:10; Blood Cell:5	Monocyte:1282; Blood Cell:5	Classical Monocyte:1027; Blood Cell:252; Non-Classical Monocyte:8	not_available:1287	1055.0	1476.7096389627536	1.9240699627606808
vaccination_study_09	Artifact/Other	leiden:0	3	Blood Cell	False	HSC	1.345545393922073	1.1003787987043918	0.2451665952176811	0.9024578450985996	0.6666666666666666	0.0	0.0	1.0	cluster_parent_insufficient_consensus	CD4 Naive / T Central Memory:3	CD4 Naive / T Central Memory:2; RBC:1	Blood Cell:2; RBC:1	Blood Cell:3	Blood Cell:3	CD4 Naive / T Central Memory:3	not_available:2; CD4 Naive / T Central Memory:1	615.0	1040.294548523181	2.742779093471792
vaccination_study_09	Artifact/Other	leiden:1	48	Blood Cell	False	HSC	1.1447655792811553	0.924855349827842	0.2199102294533133	0.8767897970848815	0.4375	0.0029761904761904	0.0208333333333333	1.0	cluster_parent_insufficient_consensus	CD4 Naive / T Central Memory:28; Plasma Cell:8; Blood Cell:7; Memory B Cell:2	CD4 Naive / T Central Memory:17; RBC:15; Treg:14; CD4 T Effector Memory:1	Blood Cell:25; RBC:23	Blood Cell:48	Blood Cell:48	CD4 Naive / T Central Memory:48	not_available:33; CD4 Naive / T Central Memory:12; CD4 T Effector Memory:2; Treg:1	495.5	1060.2234254446016	2.964342959449856
vaccination_study_09	Artifact/Other	leiden:10	93	Blood Cell	False	RBC	0.8168191619593748	0.7017815574034978	0.1150376045558769	0.6986674764218348	0.1182795698924731	0.0491551459293394	0.3440860215053763	1.0	cluster_parent_insufficient_consensus	Blood Cell:39; CD4 Naive / T Central Memory:22; CD8 Cytotoxic / T Effector Memory:18; Plasma Cell:9	CD8 Naive / T Central Memory:43; CD8 Cytotoxic / T Effector Memory:14; RBC:14; T Cell:10	Blood Cell:75; RBC:18	Blood Cell:93	Blood Cell:91; T Cell:2	CD8 Cytotoxic / T Effector Memory:92; CD8 Naive / T Central Memory:1	not_available:92; CD4 Naive / T Central Memory:1	703.0	1140.9005242835924	2.495917998380346
vaccination_study_09	Artifact/Other	leiden:11	33	Blood Cell	False	Platelet	1.294318192643786	0.9374902631425924	0.3568279295011936	0.92634681337525	0.5757575757575758	0.0	0.0	1.0	cluster_parent_insufficient_consensus	MAIT Cell:13; Blood Cell:9; CD4 Naive / T Central Memory:4; NK Cell:4	CD4 Naive / T Central Memory:21; CD8 Cytotoxic / T Effector Memory:5; CD4 T Effector Memory:3; CD8 Naive / T Central Memory:2	Blood Cell:31; RBC:2	Blood Cell:33	Blood Cell:33	MAIT Cell:33	not_available:33	684.0	1146.688262282423	2.396583767728284
vaccination_study_09	Artifact/Other	leiden:12	5	Blood Cell	False	HSC	1.17630215775936	1.0587285653043728	0.1175735924549872	0.9514468419548442	0.4	0.0	0.0	1.0	cluster_parent_insufficient_consensus	CD4 Naive / T Central Memory:3; Blood Cell:2	CD4 Naive / T Central Memory:4; CD4 T Effector Memory:1	Blood Cell:5	Blood Cell:5	Blood Cell:5	CD4 Naive / T Central Memory:5	not_available:3; CD4 Naive / T Central Memory:2	1017.0	1304.617521086509	1.850536021417619
vaccination_study_09	Artifact/Other	leiden:13	34	Blood Cell	False	RBC	1.0621409058050195	0.9116659171528	0.1504749886522197	0.6147970848813946	0.1470588235294117	0.2058823529411764	1.4411764705882353	1.0	cluster_parent_insufficient_consensus	Memory B Cell:21; B Cell:5; CD4 Naive / T Central Memory:4; Blood Cell:2	RBC:24; Treg:9; Memory B Cell:1	RBC:25; Treg:8; Blood Cell:1	Blood Cell:34	Blood Cell:34	Memory B Cell:29; Naive B Cell:5	Memory B Cell:20; not_available:12; Naive B Cell:2	730.5	1225.5156797378702	2.3277964983970785
vaccination_study_09	Artifact/Other	leiden:14	94	Blood Cell	False	RBC	1.2532109380361385	0.8041337912655896	0.4490771467705489	0.7673299514146898	0.0319148936170212	0.282674772036474	1.9787234042553192	1.0	cluster_parent_insufficient_consensus	Non-Classical Monocyte:52; Blood Cell:22; Classical Monocyte:15; Plasma Cell:2	RBC:93; CD4 Naive / T Central Memory:1	RBC:93; Blood Cell:1	Blood Cell:90; Non-Classical Monocyte:2; Classical Monocyte:2	Blood Cell:90; Monocyte:4	Non-Classical Monocyte:92; Blood Cell:2	not_available:93; CD4 Naive / T Central Memory:1	1011.5	1464.016127960606	2.043630842489744
vaccination_study_09	Artifact/Other	leiden:15	2	Blood Cell	False	HSC	0.9946247142040584	0.8561970767157965	0.1384276374882619	0.6606941268933981	0.5	0.0	0.0	1.0	cluster_parent_insufficient_consensus	Treg:1; Classical Monocyte:1	RBC:1; CD4 Naive / T Central Memory:1	RBC:1; Blood Cell:1	Blood Cell:2	Blood Cell:2	Treg:2	not_available:1; Treg:1	780.5	1378.9423840824738	1.9663156718138528
vaccination_study_09	Artifact/Other	leiden:16	12	Blood Cell	False	RBC	0.9050083612324608	0.677250047632657	0.2277583135998039	0.8045066447556445	0.0	0.0952380952380952	0.6666666666666666	1.0	cluster_parent_insufficient_consensus	Blood Cell:8; Classical Monocyte:3; DC:1	Conventional DC 2:8; RBC:4	Blood Cell:8; RBC:4	Blood Cell:12	Blood Cell:12	Conventional DC 2:12	not_available:12	1675.0	1605.6234565670625	1.7146009011207652
vaccination_study_09	Artifact/Other	leiden:17	12	Blood Cell	False	HSC	1.1051116815688835	1.018226193878523	0.0868854876903604	0.9514468419548442	0.0	0.1309523809523809	0.9166666666666666	1.0	cluster_parent_insufficient_consensus	Plasmacytoid DC:8; Plasma Cell:2; Myeloid Cell:1; Blood Cell:1	HSC:5; Blood Cell:4; RBC:3	HSC:5; Blood Cell:4; RBC:3	Blood Cell:12	Blood Cell:10; HSC:1; DC:1	Plasmacytoid DC:12	not_available:10; Plasma Cell:1; Memory B Cell:1	757.5	1249.5996626871372	2.4146836201043382
vaccination_study_09	Artifact/Other	leiden:19	2	Blood Cell	False	HSC	0.3943544584166905	0.3404837096313233	0.0538707487853671	0.4381716204629894	0.0	0.0	0.0	1.0	cluster_parent_insufficient_consensus	Blood Cell:2	T Cell:2	Blood Cell:2	Blood Cell:2	Blood Cell:2	NK Cell:2	not_available:2	1146.5	1424.4573098582796	1.4830448673871337
vaccination_study_09	Artifact/Other	leiden:2	1091	Blood Cell	False	RBC	1.3451347626847725	0.9676243935069198	0.3775103691778525	0.7955558731066019	0.1081576535288725	0.2855833442451224	1.999083409715857	1.0	cluster_parent_insufficient_consensus	Classical Monocyte:978; Blood Cell:102; Non-Classical Monocyte:6; Plasma Cell:3	RBC:1090; Conventional DC 2:1	RBC:1090; Blood Cell:1	Blood Cell:731; Classical Monocyte:360	Blood Cell:729; Monocyte:360; RBC:1; Myeloid Cell:1	Classical Monocyte:565; Blood Cell:524; Platelet:2	not_available:1091	982.0	1450.2666252466315	1.9600534572221624
vaccination_study_09	Artifact/Other	leiden:20	148	Platelet	True	Platelet	2.6903574807915334	0.2022293780020987	2.4881281027894344	0.9994748499571308	0.9662162162162162	0.5357142857142857	3.75	1.0	cluster_consensus_marker_source_support	Platelet:81; Classical Monocyte:52; CD4 Naive / T Central Memory:10; NK Cell:2	Platelet:84; RBC:55; CD8 Cytotoxic / T Effector Memory:3; CD8 Naive / T Central Memory:2	Platelet:84; RBC:55; Blood Cell:5; Classical Monocyte:2	Platelet:82; Blood Cell:36; Classical Monocyte:29; CD4 Naive / T Central Memory:1	Platelet:82; Blood Cell:35; Monocyte:29; T Cell:2	Platelet:142; Blood Cell:6	not_available:142; CD4 Naive / T Central Memory:3; CD4 T Effector Memory:3	749.5	1245.4398076672005	1.956850497743503
vaccination_study_09	Artifact/Other	leiden:22	143	HSC	True	HSC	2.1193498399285766	0.7824776009928912	1.3368722389356855	0.9992997999428408	0.5664335664335665	0.4035964035964035	2.825174825174825	1.0	cluster_consensus_marker_source_support	Blood Cell:79; HSC:45; T Cell:7; CD4 Naive / T Central Memory:3	HSC:140; Memory B Cell:2; CD4 Naive / T Central Memory:1	HSC:140; Blood Cell:3	Blood Cell:124; HSC:18; Lymphoid Cell:1	Blood Cell:81; HSC:61; Lymphoid Cell:1	Blood Cell:143	not_available:135; Naive B Cell:4; CD4 Naive / T Central Memory:2; CD4 T Effector Memory:1	1578.0	1375.9582603975553	1.913208812076126
vaccination_study_09	Artifact/Other	leiden:24	3	Blood Cell	False	RBC	0.5634459505436927	0.1435138611031723	0.4199320894405204	0.4249928551014575	0.0	0.0952380952380952	0.6666666666666666	1.0	cluster_parent_insufficient_consensus	Blood Cell:2; CD4 Naive / T Central Memory:1	RBC:1; Naive B Cell:1; CD8 Naive / T Central Memory:1	RBC:1; Blood Cell:1; CD8 Naive / T Central Memory:1	Blood Cell:3	Blood Cell:3	Naive B Cell:3	not_available:2; Memory B Cell:1	940.0	1392.0892930164782	2.0598115647345034
vaccination_study_09	Artifact/Other	leiden:25	38	RBC	True	RBC	2.4783945923325037	0.0002347099171191	2.478159882415384	0.9998035152900828	1.0	0.4097744360902255	2.8684210526315788	1.0	cluster_consensus_marker_source_support	Blood Cell:26; CD4 Naive / T Central Memory:7; NK Cell:3; CD8 Cytotoxic / T Effector Memory:2	RBC:38	RBC:38	Blood Cell:38	RBC:33; Blood Cell:5	Blood Cell:38	not_available:31; CD4 Naive / T Central Memory:6; CD4 T Effector Memory:1	854.5	782.1666128786753	1.959243707021674
vaccination_study_09	Artifact/Other	leiden:26	13	Blood Cell	False	RBC	1.0259737476013553	0.9383171565502232	0.0876565910511321	0.5367962274935696	0.0	0.2857142857142856	2.0	1.0	cluster_parent_insufficient_consensus	CD4 Naive / T Central Memory:7; Naive B Cell:2; Plasma Cell:2; CD8 Cytotoxic / T Effector Memory:1	RBC:13	RBC:13	Blood Cell:13	Blood Cell:13	CD4 Naive / T Central Memory:9; Naive B Cell:4	not_available:8; Naive B Cell:2; CD4 Naive / T Central Memory:2; Plasma Cell:1	666.0	704.0613809805761	4.359361853205177
vaccination_study_09	Artifact/Other	leiden:3	23	RBC	True	RBC	1.3189508315596823	0.9216227307180934	0.3973281008415891	0.9064947127750786	0.3043478260869565	0.1366459627329192	0.9565217391304348	1.0	cluster_consensus_marker_source_support	CD4 Naive / T Central Memory:15; Blood Cell:3; CD8 Naive / T Central Memory:3; Classical Monocyte:1	RBC:11; CD4 Naive / T Central Memory:8; CD8 Naive / T Central Memory:3; Treg:1	Blood Cell:12; RBC:11	Blood Cell:23	Blood Cell:23	CD8 Naive / T Central Memory:23	not_available:20; CD4 Naive / T Central Memory:3	559.0	1072.698926178385	2.721533339272137
vaccination_study_09	Artifact/Other	leiden:4	175	Blood Cell	False	RBC	1.0439923024654274	1.011361801622621	0.0326305008428065	0.7043905401543298	0.1771428571428571	0.1412244897959183	0.9885714285714284	1.0	cluster_parent_insufficient_consensus	Naive B Cell:84; B Cell:28; CD4 Naive / T Central Memory:25; Blood Cell:22	RBC:78; Treg:75; Memory B Cell:8; CD4 Naive / T Central Memory:7	RBC:89; Treg:61; Blood Cell:21; HSC:3	Blood Cell:175	Blood Cell:170; RBC:5	Naive B Cell:175	not_available:90; Naive B Cell:72; Memory B Cell:7; Plasma Cell:3	647.0	1216.283214391284	2.24114990881127
vaccination_study_09	Artifact/Other	leiden:5	22	RBC	True	RBC	1.4031229168445158	0.7805056314791241	0.6226172853653917	0.8649417690768791	0.3181818181818182	0.1948051948051948	1.3636363636363635	1.0	cluster_consensus_marker_source_support	CD4 Naive / T Central Memory:16; Plasma Cell:3; NK Cell:2; Memory B Cell:1	RBC:14; Treg:6; T Cell:1; CD4 Naive / T Central Memory:1	RBC:16; Blood Cell:6	Blood Cell:22	Blood Cell:22	CD4 Naive / T Central Memory:21; Blood Cell:1	CD4 Naive / T Central Memory:10; not_available:9; Treg:1; Plasma Cell:1	471.5	987.4616039957722	3.609881222773769
vaccination_study_09	Artifact/Other	leiden:6	192	Blood Cell	False	RBC	1.367035717688047	0.7594306111269886	0.6076051065610584	0.9064947127750786	0.2083333333333333	0.2023809523809523	1.4166666666666667	1.0	cluster_parent_insufficient_consensus	NK Cell:119; CD4 Naive / T Central Memory:28; Blood Cell:17; Plasma Cell:13	RBC:133; CD8 Cytotoxic / T Effector Memory:29; NK Cell:15; CD4 Naive / T Central Memory:11	RBC:139; Blood Cell:51; Lymphoid Cell:2	Blood Cell:191; NK Cell:1	Blood Cell:182; T Cell:9; NK Cell:1	NK Cell:191; CD4 Naive / T Central Memory:1	not_available:192	624.0	1164.9196178964944	2.51691381475316
vaccination_study_09	Artifact/Other	leiden:7	102	Blood Cell	False	RBC	1.0905238071221628	0.6317323191780285	0.4587914879441342	0.6483566733352386	0.088235294117647	0.2296918767507001	1.607843137254902	1.0	cluster_parent_insufficient_consensus	NK Cell:51; CD4 Naive / T Central Memory:24; Plasma Cell:9; Blood Cell:7	RBC:75; Treg:13; CD4 Naive / T Central Memory:6; CD8 Cytotoxic / T Effector Memory:4	RBC:88; Blood Cell:14	Blood Cell:102	Blood Cell:98; T Cell:3; RBC:1	CD8 Cytotoxic / T Effector Memory:101; CD4 Naive / T Central Memory:1	not_available:101; CD4 T Effector Memory:1	509.5	1031.7518953266133	3.2542493050931176
vaccination_study_09	Artifact/Other	leiden:8	5722	Blood Cell	False	RBC	1.4412309707630622	0.9343025326605026	0.5069284381025596	0.9064947127750786	0.1036350926249563	0.285514555350277	1.99860188745194	1.0	cluster_parent_insufficient_consensus	Classical Monocyte:3777; Blood Cell:1527; Plasma Cell:291; CD4 Naive / T Central Memory:92	RBC:5717; Non-Classical Monocyte:2; Treg:1; HSC:1	RBC:5717; Non-Classical Monocyte:2; Blood Cell:2; HSC:1	Blood Cell:4637; Classical Monocyte:1080; Conventional DC 2:2; Non-Classical Monocyte:2	Blood Cell:4634; Monocyte:1082; DC:3; RBC:2	Blood Cell:5722	not_available:5357; Memory B Cell:275; CD4 Naive / T Central Memory:44; CD4 T Effector Memory:25	646.0	1284.574736858407	2.2180547370091404
vaccination_study_09	Artifact/Other	leiden:9	293	Blood Cell	False	RBC	1.2589467473746416	0.7926967261245779	0.4662500212500637	0.7542119176907688	0.0477815699658703	0.2852267186738176	1.9965870307167235	1.0	cluster_parent_insufficient_consensus	Classical Monocyte:217; Non-Classical Monocyte:50; Blood Cell:25; Myeloid Cell:1	RBC:292; CD4 Naive / T Central Memory:1	RBC:292; Blood Cell:1	Blood Cell:243; Classical Monocyte:49; Conventional DC 2:1	Blood Cell:242; Monocyte:49; DC:1; RBC:1	Classical Monocyte:206; Blood Cell:78; Non-Classical Monocyte:9	not_available:293	1131.0	1517.7535821486715	1.89956576690264
