study	lineage	cluster	n_cells	review_priority	priority_score	review_reasons	suggested_action	final_label	marker_assignment	raw_marker_winner	assignment_reason	marker_score	best_total_score	score_margin	top_celltypist	top_panhuman_fine	top_screfmapping	llm_review_packet
infection_study_01	B_lineage	2	408	low	3	marker_assignment_disagrees_with_final	review_marker_vs_reference_disagreement	Memory B Cell	Naive B Cell	Naive B Cell	raw_marker_winner	0.5373039215686275	4.058512712497405	3.306502908575837	Memory B Cell:383; Naive B Cell:21; B Cell:4	Memory B Cell:404; Naive B Cell:3; Blood Cell:1	Memory B Cell:396; Naive B Cell:12	Study=infection_study_01; lineage=B_lineage; cluster=2; cells=408; final=Memory B Cell; marker_assignment=Naive B Cell; raw_marker_winner=Naive B Cell; assignment_reason=raw_marker_winner; marker_score=0.537; best_total_score=4.059; score_margin=3.307; CellTypist=Memory B Cell:383; Naive B Cell:21; B Cell:4; PanHuman=Memory B Cell:404; Naive B Cell:3; Blood Cell:1; scRefMap=Memory B Cell:396; Naive B Cell:12; review_reasons=marker_assignment_disagrees_with_final.
infection_study_01	B_lineage	22	85	medium	4	marker_assignment_disagrees_with_final;ambiguous_or_missing_label_candidate	evaluate_ontology_gap_or_conservative_policy	Plasma Cell	Plasmablast	Plasmablast	raw_marker_winner	0.6620392156862744	4.129411764705882	1.7261960784313723	Plasma Cell:73; Plasmablast:12	Plasma Cell:84; Blood Cell:1	Plasma Cell:80; Naive B Cell:3; Memory B Cell:2	Study=infection_study_01; lineage=B_lineage; cluster=22; cells=85; final=Plasma Cell; marker_assignment=Plasmablast; raw_marker_winner=Plasmablast; assignment_reason=raw_marker_winner; marker_score=0.662; best_total_score=4.129; score_margin=1.726; CellTypist=Plasma Cell:73; Plasmablast:12; PanHuman=Plasma Cell:84; Blood Cell:1; scRefMap=Plasma Cell:80; Naive B Cell:3; Memory B Cell:2; review_reasons=marker_assignment_disagrees_with_final,ambiguous_or_missing_label_candidate.
infection_study_01	B_lineage	3	402	low	3	marker_assignment_disagrees_with_final	review_marker_vs_reference_disagreement	Memory B Cell	Naive B Cell	Naive B Cell	raw_marker_winner	0.3203233830845771	3.784923761654357	2.879028239266298	Memory B Cell:347; Naive B Cell:48; B Cell:7	Memory B Cell:376; Naive B Cell:21; Blood Cell:5	Memory B Cell:355; Naive B Cell:46; Plasma Cell:1	Study=infection_study_01; lineage=B_lineage; cluster=3; cells=402; final=Memory B Cell; marker_assignment=Naive B Cell; raw_marker_winner=Naive B Cell; assignment_reason=raw_marker_winner; marker_score=0.320; best_total_score=3.785; score_margin=2.879; CellTypist=Memory B Cell:347; Naive B Cell:48; B Cell:7; PanHuman=Memory B Cell:376; Naive B Cell:21; Blood Cell:5; scRefMap=Memory B Cell:355; Naive B Cell:46; Plasma Cell:1; review_reasons=marker_assignment_disagrees_with_final.
infection_study_01	T_NK_lineage	0	1329	low	3	screfmapping_not_available	accept	CD8 Cytotoxic / T Effector Memory	CD8 Cytotoxic / T Effector Memory	CD8 Cytotoxic / T Effector Memory	raw_marker_winner	0.5396802106847254	3.115752445447705	2.589115876598947	CD8 Cytotoxic / T Effector Memory:1318; NK Cell:5; Treg:5; MAIT Cell:1	CD8 Cytotoxic / T Effector Memory:1302; Blood Cell:16; Treg:5; gdT Cell:3; NK Cell:2	not_available:1328; CD4 T Effector Memory:1	Study=infection_study_01; lineage=T_NK_lineage; cluster=0; cells=1329; final=CD8 Cytotoxic / T Effector Memory; marker_assignment=CD8 Cytotoxic / T Effector Memory; raw_marker_winner=CD8 Cytotoxic / T Effector Memory; assignment_reason=raw_marker_winner; marker_score=0.540; best_total_score=3.116; score_margin=2.589; CellTypist=CD8 Cytotoxic / T Effector Memory:1318; NK Cell:5; Treg:5; MAIT Cell:1; PanHuman=CD8 Cytotoxic / T Effector Memory:1302; Blood Cell:16; Treg:5; gdT Cell:3; NK Cell:2; scRefMap=not_available:1328; CD4 T Effector Memory:1; review_reasons=screfmapping_not_available.
infection_study_01	T_NK_lineage	1	1307	high	7	marker_assignment_disagrees_with_final;ambiguous_or_missing_label_candidate;screfmapping_not_available	evaluate_ontology_gap_or_conservative_policy	NK Cell	NKT Cell	NKT Cell	raw_marker_winner	0.8639097169089518	3.0051813312930378	1.778528691660291	NK Cell:795; CD8 Cytotoxic / T Effector Memory:511; gdT Cell:1	NK Cell:1117; CD8 Cytotoxic / T Effector Memory:104; Blood Cell:81; Lymphoid Cell:5	not_available:1307	Study=infection_study_01; lineage=T_NK_lineage; cluster=1; cells=1307; final=NK Cell; marker_assignment=NKT Cell; raw_marker_winner=NKT Cell; assignment_reason=raw_marker_winner; marker_score=0.864; best_total_score=3.005; score_margin=1.779; CellTypist=NK Cell:795; CD8 Cytotoxic / T Effector Memory:511; gdT Cell:1; PanHuman=NK Cell:1117; CD8 Cytotoxic / T Effector Memory:104; Blood Cell:81; Lymphoid Cell:5; scRefMap=not_available:1307; review_reasons=marker_assignment_disagrees_with_final,ambiguous_or_missing_label_candidate,screfmapping_not_available.
infection_study_01	T_NK_lineage	11	767	medium	5	raw_marker_winner_changed_by_policy;ambiguous_or_missing_label_candidate;screfmapping_not_available	evaluate_ontology_gap_or_conservative_policy	CD8 Cytotoxic / T Effector Memory	CD8 Cytotoxic / T Effector Memory	NKT Cell	source_supported_marker_tiebreak	0.5255867014341591	3.0664667535853978	2.5408800521512385	CD8 Cytotoxic / T Effector Memory:758; NK Cell:9	CD8 Cytotoxic / T Effector Memory:766; NK Cell:1	not_available:767	Study=infection_study_01; lineage=T_NK_lineage; cluster=11; cells=767; final=CD8 Cytotoxic / T Effector Memory; marker_assignment=CD8 Cytotoxic / T Effector Memory; raw_marker_winner=NKT Cell; assignment_reason=source_supported_marker_tiebreak; marker_score=0.526; best_total_score=3.066; score_margin=2.541; CellTypist=CD8 Cytotoxic / T Effector Memory:758; NK Cell:9; PanHuman=CD8 Cytotoxic / T Effector Memory:766; NK Cell:1; scRefMap=not_available:767; review_reasons=raw_marker_winner_changed_by_policy,ambiguous_or_missing_label_candidate,screfmapping_not_available.
infection_study_01	T_NK_lineage	13	717	medium	6	marker_assignment_disagrees_with_final;ambiguous_or_missing_label_candidate;screfmapping_not_available	evaluate_ontology_gap_or_conservative_policy	NK Cell	NKT Cell	NKT Cell	raw_marker_winner	0.89139470013947	3.164039051603905	2.179283124128312	NK Cell:637; CD8 Cytotoxic / T Effector Memory:75; gdT Cell:5	NK Cell:556; CD8 Cytotoxic / T Effector Memory:110; Blood Cell:44; Lymphoid Cell:6; MAIT Cell:1	not_available:717	Study=infection_study_01; lineage=T_NK_lineage; cluster=13; cells=717; final=NK Cell; marker_assignment=NKT Cell; raw_marker_winner=NKT Cell; assignment_reason=raw_marker_winner; marker_score=0.891; best_total_score=3.164; score_margin=2.179; CellTypist=NK Cell:637; CD8 Cytotoxic / T Effector Memory:75; gdT Cell:5; PanHuman=NK Cell:556; CD8 Cytotoxic / T Effector Memory:110; Blood Cell:44; Lymphoid Cell:6; MAIT Cell:1; scRefMap=not_available:717; review_reasons=marker_assignment_disagrees_with_final,ambiguous_or_missing_label_candidate,screfmapping_not_available.
infection_study_01	T_NK_lineage	14	708	medium	6	marker_assignment_disagrees_with_final;ambiguous_or_missing_label_candidate;screfmapping_not_available	evaluate_ontology_gap_or_conservative_policy	MAIT Cell	NKT Cell	NKT Cell	raw_marker_winner	0.8376271186440678	2.3312005649717515	0.3830014124293786	CD8 Cytotoxic / T Effector Memory:336; MAIT Cell:192; NK Cell:153; gdT Cell:12; CD4 Naive / T Central Memory:9	CD8 Cytotoxic / T Effector Memory:310; MAIT Cell:205; Blood Cell:94; gdT Cell:91; NK Cell:4	not_available:694; CD4 T Effector Memory:14	Study=infection_study_01; lineage=T_NK_lineage; cluster=14; cells=708; final=MAIT Cell; marker_assignment=NKT Cell; raw_marker_winner=NKT Cell; assignment_reason=raw_marker_winner; marker_score=0.838; best_total_score=2.331; score_margin=0.383; CellTypist=CD8 Cytotoxic / T Effector Memory:336; MAIT Cell:192; NK Cell:153; gdT Cell:12; CD4 Naive / T Central Memory:9; PanHuman=CD8 Cytotoxic / T Effector Memory:310; MAIT Cell:205; Blood Cell:94; gdT Cell:91; NK Cell:4; scRefMap=not_available:694; CD4 T Effector Memory:14; review_reasons=marker_assignment_disagrees_with_final,ambiguous_or_missing_label_candidate,screfmapping_not_available.
infection_study_01	T_NK_lineage	16	616	medium	5	raw_marker_winner_changed_by_policy;ambiguous_or_missing_label_candidate;screfmapping_not_available	evaluate_ontology_gap_or_conservative_policy	CD8 Cytotoxic / T Effector Memory	CD8 Cytotoxic / T Effector Memory	NKT Cell	source_supported_marker_tiebreak	0.5408603896103896	2.995284090909092	2.3582711038961044	CD8 Cytotoxic / T Effector Memory:591; NK Cell:15; MAIT Cell:4; gdT Cell:3; CD4 Naive / T Central Memory:1	CD8 Cytotoxic / T Effector Memory:586; Blood Cell:14; MAIT Cell:6; CD8 Naive / T Central Memory:3; gdT Cell:3	not_available:611; CD4 T Effector Memory:4; CD4 Naive / T Central Memory:1	Study=infection_study_01; lineage=T_NK_lineage; cluster=16; cells=616; final=CD8 Cytotoxic / T Effector Memory; marker_assignment=CD8 Cytotoxic / T Effector Memory; raw_marker_winner=NKT Cell; assignment_reason=source_supported_marker_tiebreak; marker_score=0.541; best_total_score=2.995; score_margin=2.358; CellTypist=CD8 Cytotoxic / T Effector Memory:591; NK Cell:15; MAIT Cell:4; gdT Cell:3; CD4 Naive / T Central Memory:1; PanHuman=CD8 Cytotoxic / T Effector Memory:586; Blood Cell:14; MAIT Cell:6; CD8 Naive / T Central Memory:3; gdT Cell:3; scRefMap=not_available:611; CD4 T Effector Memory:4; CD4 Naive / T Central Memory:1; review_reasons=raw_marker_winner_changed_by_policy,ambiguous_or_missing_label_candidate,screfmapping_not_available.
infection_study_01	T_NK_lineage	17	610	medium	5	raw_marker_winner_changed_by_policy;ambiguous_or_missing_label_candidate;screfmapping_not_available	evaluate_ontology_gap_or_conservative_policy	CD8 Cytotoxic / T Effector Memory	CD8 Cytotoxic / T Effector Memory	NKT Cell	source_supported_marker_tiebreak	0.525172131147541	3.037631147540984	2.130909836065574	CD8 Cytotoxic / T Effector Memory:587; NK Cell:17; Treg:4; Classical Monocyte:1; Blood Cell:1	CD8 Cytotoxic / T Effector Memory:564; Blood Cell:30; Lymphoid Cell:10; Treg:4; NK Cell:2	not_available:607; CD4 T Effector Memory:2; CD4 Naive / T Central Memory:1	Study=infection_study_01; lineage=T_NK_lineage; cluster=17; cells=610; final=CD8 Cytotoxic / T Effector Memory; marker_assignment=CD8 Cytotoxic / T Effector Memory; raw_marker_winner=NKT Cell; assignment_reason=source_supported_marker_tiebreak; marker_score=0.525; best_total_score=3.038; score_margin=2.131; CellTypist=CD8 Cytotoxic / T Effector Memory:587; NK Cell:17; Treg:4; Classical Monocyte:1; Blood Cell:1; PanHuman=CD8 Cytotoxic / T Effector Memory:564; Blood Cell:30; Lymphoid Cell:10; Treg:4; NK Cell:2; scRefMap=not_available:607; CD4 T Effector Memory:2; CD4 Naive / T Central Memory:1; review_reasons=raw_marker_winner_changed_by_policy,ambiguous_or_missing_label_candidate,screfmapping_not_available.
infection_study_01	T_NK_lineage	18	589	medium	5	raw_marker_winner_changed_by_policy;ambiguous_or_missing_label_candidate;screfmapping_not_available	evaluate_ontology_gap_or_conservative_policy	CD8 Cytotoxic / T Effector Memory	CD8 Cytotoxic / T Effector Memory	NKT Cell	source_supported_marker_tiebreak	0.5652546689303906	3.085390492359932	2.466387945670628	CD8 Cytotoxic / T Effector Memory:581; NK Cell:4; gdT Cell:2; MAIT Cell:1; Blood Cell:1	CD8 Cytotoxic / T Effector Memory:568; Blood Cell:18; NK Cell:1; Treg:1; CD4 T Effector Memory:1	not_available:583; CD4 T Effector Memory:6	Study=infection_study_01; lineage=T_NK_lineage; cluster=18; cells=589; final=CD8 Cytotoxic / T Effector Memory; marker_assignment=CD8 Cytotoxic / T Effector Memory; raw_marker_winner=NKT Cell; assignment_reason=source_supported_marker_tiebreak; marker_score=0.565; best_total_score=3.085; score_margin=2.466; CellTypist=CD8 Cytotoxic / T Effector Memory:581; NK Cell:4; gdT Cell:2; MAIT Cell:1; Blood Cell:1; PanHuman=CD8 Cytotoxic / T Effector Memory:568; Blood Cell:18; NK Cell:1; Treg:1; CD4 T Effector Memory:1; scRefMap=not_available:583; CD4 T Effector Memory:6; review_reasons=raw_marker_winner_changed_by_policy,ambiguous_or_missing_label_candidate,screfmapping_not_available.
infection_study_01	T_NK_lineage	19	534	medium	5	raw_marker_winner_changed_by_policy;ambiguous_or_missing_label_candidate;screfmapping_not_available	evaluate_ontology_gap_or_conservative_policy	NK Cell	NK Cell	NKT Cell	source_supported_marker_tiebreak	0.8410486891385768	3.211179775280899	2.3701310861423224	NK Cell:523; CD8 Cytotoxic / T Effector Memory:5; gdT Cell:3; MAIT Cell:2; Memory B Cell:1	NK Cell:512; Blood Cell:12; CD8 Cytotoxic / T Effector Memory:8; Lymphoid Cell:1; MAIT Cell:1	not_available:534	Study=infection_study_01; lineage=T_NK_lineage; cluster=19; cells=534; final=NK Cell; marker_assignment=NK Cell; raw_marker_winner=NKT Cell; assignment_reason=source_supported_marker_tiebreak; marker_score=0.841; best_total_score=3.211; score_margin=2.370; CellTypist=NK Cell:523; CD8 Cytotoxic / T Effector Memory:5; gdT Cell:3; MAIT Cell:2; Memory B Cell:1; PanHuman=NK Cell:512; Blood Cell:12; CD8 Cytotoxic / T Effector Memory:8; Lymphoid Cell:1; MAIT Cell:1; scRefMap=not_available:534; review_reasons=raw_marker_winner_changed_by_policy,ambiguous_or_missing_label_candidate,screfmapping_not_available.
infection_study_01	T_NK_lineage	21	529	medium	5	raw_marker_winner_changed_by_policy;ambiguous_or_missing_label_candidate;screfmapping_not_available	evaluate_ontology_gap_or_conservative_policy	NK Cell	NK Cell	NKT Cell	source_supported_marker_tiebreak	0.5824102079395086	2.9485822306238183	1.705812854442344	CD8 Cytotoxic / T Effector Memory:256; NK Cell:161; Blood Cell:46; Plasmablast:34; Treg:22	Lymphoid Cell:494; Blood Cell:26; NK Cell:4; CD8 Cytotoxic / T Effector Memory:3; Treg:1	not_available:481; CD4 Naive / T Central Memory:39; CD4 T Effector Memory:6; Treg:3	Study=infection_study_01; lineage=T_NK_lineage; cluster=21; cells=529; final=NK Cell; marker_assignment=NK Cell; raw_marker_winner=NKT Cell; assignment_reason=source_supported_marker_tiebreak; marker_score=0.582; best_total_score=2.949; score_margin=1.706; CellTypist=CD8 Cytotoxic / T Effector Memory:256; NK Cell:161; Blood Cell:46; Plasmablast:34; Treg:22; PanHuman=Lymphoid Cell:494; Blood Cell:26; NK Cell:4; CD8 Cytotoxic / T Effector Memory:3; Treg:1; scRefMap=not_available:481; CD4 Naive / T Central Memory:39; CD4 T Effector Memory:6; Treg:3; review_reasons=raw_marker_winner_changed_by_policy,ambiguous_or_missing_label_candidate,screfmapping_not_available.
infection_study_01	T_NK_lineage	22	498	medium	5	raw_marker_winner_changed_by_policy;ambiguous_or_missing_label_candidate;screfmapping_not_available	evaluate_ontology_gap_or_conservative_policy	NK Cell	NK Cell	NKT Cell	source_supported_marker_tiebreak	0.883777117036443	3.224244979919679	2.340467862883236	NK Cell:415; CD8 Cytotoxic / T Effector Memory:83	NK Cell:390; Blood Cell:64; CD8 Cytotoxic / T Effector Memory:40; Lymphoid Cell:3; CD8 T Cell (ab):1	not_available:498	Study=infection_study_01; lineage=T_NK_lineage; cluster=22; cells=498; final=NK Cell; marker_assignment=NK Cell; raw_marker_winner=NKT Cell; assignment_reason=source_supported_marker_tiebreak; marker_score=0.884; best_total_score=3.224; score_margin=2.340; CellTypist=NK Cell:415; CD8 Cytotoxic / T Effector Memory:83; PanHuman=NK Cell:390; Blood Cell:64; CD8 Cytotoxic / T Effector Memory:40; Lymphoid Cell:3; CD8 T Cell (ab):1; scRefMap=not_available:498; review_reasons=raw_marker_winner_changed_by_policy,ambiguous_or_missing_label_candidate,screfmapping_not_available.
infection_study_01	T_NK_lineage	23	460	low	2	screfmapping_not_available	accept	CD8 Cytotoxic / T Effector Memory	CD8 Cytotoxic / T Effector Memory	CD8 Cytotoxic / T Effector Memory	raw_marker_winner	0.507	3.062217391304348	2.48004347826087	CD8 Cytotoxic / T Effector Memory:421; NK Cell:31; Blood Cell:3; MAIT Cell:3; Naive B Cell:1	CD8 Cytotoxic / T Effector Memory:441; Blood Cell:11; NK Cell:5; CD4 T Effector Memory:1; MAIT Cell:1	not_available:459; CD4 T Effector Memory:1	Study=infection_study_01; lineage=T_NK_lineage; cluster=23; cells=460; final=CD8 Cytotoxic / T Effector Memory; marker_assignment=CD8 Cytotoxic / T Effector Memory; raw_marker_winner=CD8 Cytotoxic / T Effector Memory; assignment_reason=raw_marker_winner; marker_score=0.507; best_total_score=3.062; score_margin=2.480; CellTypist=CD8 Cytotoxic / T Effector Memory:421; NK Cell:31; Blood Cell:3; MAIT Cell:3; Naive B Cell:1; PanHuman=CD8 Cytotoxic / T Effector Memory:441; Blood Cell:11; NK Cell:5; CD4 T Effector Memory:1; MAIT Cell:1; scRefMap=not_available:459; CD4 T Effector Memory:1; review_reasons=screfmapping_not_available.
infection_study_01	T_NK_lineage	24	427	medium	5	raw_marker_winner_changed_by_policy;ambiguous_or_missing_label_candidate;screfmapping_not_available	evaluate_ontology_gap_or_conservative_policy	CD8 Cytotoxic / T Effector Memory	CD8 Cytotoxic / T Effector Memory	NKT Cell	source_supported_marker_tiebreak	0.7369789227166277	3.1258196721311475	2.2765339578454333	CD8 Cytotoxic / T Effector Memory:408; NK Cell:11; CD4 Naive / T Central Memory:3; gdT Cell:2; Treg:1	CD8 Cytotoxic / T Effector Memory:390; Blood Cell:30; NK Cell:4; MAIT Cell:1; CD4 T Effector Memory:1	not_available:419; CD4 Naive / T Central Memory:6; CD4 T Effector Memory:2	Study=infection_study_01; lineage=T_NK_lineage; cluster=24; cells=427; final=CD8 Cytotoxic / T Effector Memory; marker_assignment=CD8 Cytotoxic / T Effector Memory; raw_marker_winner=NKT Cell; assignment_reason=source_supported_marker_tiebreak; marker_score=0.737; best_total_score=3.126; score_margin=2.277; CellTypist=CD8 Cytotoxic / T Effector Memory:408; NK Cell:11; CD4 Naive / T Central Memory:3; gdT Cell:2; Treg:1; PanHuman=CD8 Cytotoxic / T Effector Memory:390; Blood Cell:30; NK Cell:4; MAIT Cell:1; CD4 T Effector Memory:1; scRefMap=not_available:419; CD4 Naive / T Central Memory:6; CD4 T Effector Memory:2; review_reasons=raw_marker_winner_changed_by_policy,ambiguous_or_missing_label_candidate,screfmapping_not_available.
infection_study_01	T_NK_lineage	25	425	medium	5	raw_marker_winner_changed_by_policy;ambiguous_or_missing_label_candidate;screfmapping_not_available	evaluate_ontology_gap_or_conservative_policy	NK Cell	NK Cell	NKT Cell	source_supported_marker_tiebreak	0.8525283040983654	3.254545882352941	2.402017578254576	NK Cell:419; CD8 Cytotoxic / T Effector Memory:4; Blood Cell:2	NK Cell:405; Blood Cell:17; CD8 Cytotoxic / T Effector Memory:2; Lymphoid Cell:1	not_available:423; CD4 Naive / T Central Memory:1; CD4 T Effector Memory:1	Study=infection_study_01; lineage=T_NK_lineage; cluster=25; cells=425; final=NK Cell; marker_assignment=NK Cell; raw_marker_winner=NKT Cell; assignment_reason=source_supported_marker_tiebreak; marker_score=0.853; best_total_score=3.255; score_margin=2.402; CellTypist=NK Cell:419; CD8 Cytotoxic / T Effector Memory:4; Blood Cell:2; PanHuman=NK Cell:405; Blood Cell:17; CD8 Cytotoxic / T Effector Memory:2; Lymphoid Cell:1; scRefMap=not_available:423; CD4 Naive / T Central Memory:1; CD4 T Effector Memory:1; review_reasons=raw_marker_winner_changed_by_policy,ambiguous_or_missing_label_candidate,screfmapping_not_available.
infection_study_01	T_NK_lineage	26	408	medium	6	marker_assignment_disagrees_with_final;ambiguous_or_missing_label_candidate;screfmapping_not_available	evaluate_ontology_gap_or_conservative_policy	CD8 Cytotoxic / T Effector Memory	NKT Cell	NKT Cell	raw_marker_winner	0.8116299019607843	2.8340073529411764	1.2393995098039214	CD8 Cytotoxic / T Effector Memory:344; NK Cell:48; gdT Cell:16	CD8 Cytotoxic / T Effector Memory:350; NK Cell:33; Blood Cell:25	not_available:408	Study=infection_study_01; lineage=T_NK_lineage; cluster=26; cells=408; final=CD8 Cytotoxic / T Effector Memory; marker_assignment=NKT Cell; raw_marker_winner=NKT Cell; assignment_reason=raw_marker_winner; marker_score=0.812; best_total_score=2.834; score_margin=1.239; CellTypist=CD8 Cytotoxic / T Effector Memory:344; NK Cell:48; gdT Cell:16; PanHuman=CD8 Cytotoxic / T Effector Memory:350; NK Cell:33; Blood Cell:25; scRefMap=not_available:408; review_reasons=marker_assignment_disagrees_with_final,ambiguous_or_missing_label_candidate,screfmapping_not_available.
infection_study_01	T_NK_lineage	28	392	medium	6	marker_assignment_disagrees_with_final;ambiguous_or_missing_label_candidate;screfmapping_not_available	evaluate_ontology_gap_or_conservative_policy	NK Cell	NKT Cell	NKT Cell	raw_marker_winner	0.9122959183673468	2.7365051020408164	0.1570663265306122	NK Cell:266; CD8 Cytotoxic / T Effector Memory:124; gdT Cell:2	CD8 Cytotoxic / T Effector Memory:300; NK Cell:53; Blood Cell:35; gdT Cell:3; MAIT Cell:1	not_available:392	Study=infection_study_01; lineage=T_NK_lineage; cluster=28; cells=392; final=NK Cell; marker_assignment=NKT Cell; raw_marker_winner=NKT Cell; assignment_reason=raw_marker_winner; marker_score=0.912; best_total_score=2.737; score_margin=0.157; CellTypist=NK Cell:266; CD8 Cytotoxic / T Effector Memory:124; gdT Cell:2; PanHuman=CD8 Cytotoxic / T Effector Memory:300; NK Cell:53; Blood Cell:35; gdT Cell:3; MAIT Cell:1; scRefMap=not_available:392; review_reasons=marker_assignment_disagrees_with_final,ambiguous_or_missing_label_candidate,screfmapping_not_available.
infection_study_01	T_NK_lineage	29	383	medium	5	raw_marker_winner_changed_by_policy;ambiguous_or_missing_label_candidate;screfmapping_not_available	evaluate_ontology_gap_or_conservative_policy	NK Cell	NK Cell	NKT Cell	source_supported_marker_tiebreak	0.8959791122715405	3.386851174934726	2.4908720626631853	NK Cell:383	NK Cell:375; Blood Cell:7; Lymphoid Cell:1	not_available:383	Study=infection_study_01; lineage=T_NK_lineage; cluster=29; cells=383; final=NK Cell; marker_assignment=NK Cell; raw_marker_winner=NKT Cell; assignment_reason=source_supported_marker_tiebreak; marker_score=0.896; best_total_score=3.387; score_margin=2.491; CellTypist=NK Cell:383; PanHuman=NK Cell:375; Blood Cell:7; Lymphoid Cell:1; scRefMap=not_available:383; review_reasons=raw_marker_winner_changed_by_policy,ambiguous_or_missing_label_candidate,screfmapping_not_available.
infection_study_01	T_NK_lineage	30	376	medium	6	marker_assignment_disagrees_with_final;ambiguous_or_missing_label_candidate;screfmapping_not_available	evaluate_ontology_gap_or_conservative_policy	NK Cell	NKT Cell	NKT Cell	raw_marker_winner	0.9442420212765956	2.998593085106383	1.7440186170212764	NK Cell:272; CD8 Cytotoxic / T Effector Memory:104	NK Cell:255; CD8 Cytotoxic / T Effector Memory:76; Blood Cell:45	not_available:376	Study=infection_study_01; lineage=T_NK_lineage; cluster=30; cells=376; final=NK Cell; marker_assignment=NKT Cell; raw_marker_winner=NKT Cell; assignment_reason=raw_marker_winner; marker_score=0.944; best_total_score=2.999; score_margin=1.744; CellTypist=NK Cell:272; CD8 Cytotoxic / T Effector Memory:104; PanHuman=NK Cell:255; CD8 Cytotoxic / T Effector Memory:76; Blood Cell:45; scRefMap=not_available:376; review_reasons=marker_assignment_disagrees_with_final,ambiguous_or_missing_label_candidate,screfmapping_not_available.
infection_study_01	T_NK_lineage	33	341	medium	6	marker_assignment_disagrees_with_final;ambiguous_or_missing_label_candidate;screfmapping_not_available	evaluate_ontology_gap_or_conservative_policy	CD8 Cytotoxic / T Effector Memory	NKT Cell	NKT Cell	raw_marker_winner	0.8478982106382338	2.255131964809384	0.3116070381231668	CD8 Cytotoxic / T Effector Memory:224; NK Cell:87; CD4 Naive / T Central Memory:11; gdT Cell:7; CD4 T Effector Memory:7	CD8 Cytotoxic / T Effector Memory:165; NK Cell:107; Blood Cell:49; CD4 T Effector Memory:10; CD4 Naive / T Central Memory:4	not_available:319; CD4 Naive / T Central Memory:17; CD4 T Effector Memory:4; Treg:1	Study=infection_study_01; lineage=T_NK_lineage; cluster=33; cells=341; final=CD8 Cytotoxic / T Effector Memory; marker_assignment=NKT Cell; raw_marker_winner=NKT Cell; assignment_reason=raw_marker_winner; marker_score=0.848; best_total_score=2.255; score_margin=0.312; CellTypist=CD8 Cytotoxic / T Effector Memory:224; NK Cell:87; CD4 Naive / T Central Memory:11; gdT Cell:7; CD4 T Effector Memory:7; PanHuman=CD8 Cytotoxic / T Effector Memory:165; NK Cell:107; Blood Cell:49; CD4 T Effector Memory:10; CD4 Naive / T Central Memory:4; scRefMap=not_available:319; CD4 Naive / T Central Memory:17; CD4 T Effector Memory:4; Treg:1; review_reasons=marker_assignment_disagrees_with_final,ambiguous_or_missing_label_candidate,screfmapping_not_available.
infection_study_01	T_NK_lineage	34	334	medium	5	raw_marker_winner_changed_by_policy;ambiguous_or_missing_label_candidate;screfmapping_not_available	evaluate_ontology_gap_or_conservative_policy	CD8 Cytotoxic / T Effector Memory	CD8 Cytotoxic / T Effector Memory	NKT Cell	source_supported_marker_tiebreak	0.5947005988023952	3.050988023952096	2.4557784431137724	CD8 Cytotoxic / T Effector Memory:317; NK Cell:14; Blood Cell:1; gdT Cell:1; MAIT Cell:1	CD8 Cytotoxic / T Effector Memory:330; Blood Cell:3; MAIT Cell:1	not_available:334	Study=infection_study_01; lineage=T_NK_lineage; cluster=34; cells=334; final=CD8 Cytotoxic / T Effector Memory; marker_assignment=CD8 Cytotoxic / T Effector Memory; raw_marker_winner=NKT Cell; assignment_reason=source_supported_marker_tiebreak; marker_score=0.595; best_total_score=3.051; score_margin=2.456; CellTypist=CD8 Cytotoxic / T Effector Memory:317; NK Cell:14; Blood Cell:1; gdT Cell:1; MAIT Cell:1; PanHuman=CD8 Cytotoxic / T Effector Memory:330; Blood Cell:3; MAIT Cell:1; scRefMap=not_available:334; review_reasons=raw_marker_winner_changed_by_policy,ambiguous_or_missing_label_candidate,screfmapping_not_available.
infection_study_01	T_NK_lineage	36	297	medium	5	marker_assignment_disagrees_with_final;ambiguous_or_missing_label_candidate;screfmapping_not_available	evaluate_ontology_gap_or_conservative_policy	NK Cell	NKT Cell	NKT Cell	raw_marker_winner	0.795050505050505	2.3961010101010105	0.4051414141414147	NK Cell:181; CD8 Cytotoxic / T Effector Memory:102; gdT Cell:13; Blood Cell:1	NK Cell:166; CD8 Cytotoxic / T Effector Memory:113; Blood Cell:18	not_available:297	Study=infection_study_01; lineage=T_NK_lineage; cluster=36; cells=297; final=NK Cell; marker_assignment=NKT Cell; raw_marker_winner=NKT Cell; assignment_reason=raw_marker_winner; marker_score=0.795; best_total_score=2.396; score_margin=0.405; CellTypist=NK Cell:181; CD8 Cytotoxic / T Effector Memory:102; gdT Cell:13; Blood Cell:1; PanHuman=NK Cell:166; CD8 Cytotoxic / T Effector Memory:113; Blood Cell:18; scRefMap=not_available:297; review_reasons=marker_assignment_disagrees_with_final,ambiguous_or_missing_label_candidate,screfmapping_not_available.
infection_study_01	T_NK_lineage	37	288	medium	5	marker_assignment_disagrees_with_final;ambiguous_or_missing_label_candidate;screfmapping_not_available	evaluate_ontology_gap_or_conservative_policy	NK Cell	NKT Cell	NKT Cell	raw_marker_winner	0.9000347222222222	3.0066458333333337	1.7608645833333336	NK Cell:172; CD8 Cytotoxic / T Effector Memory:109; gdT Cell:7	NK Cell:226; CD8 Cytotoxic / T Effector Memory:36; Blood Cell:26	not_available:288	Study=infection_study_01; lineage=T_NK_lineage; cluster=37; cells=288; final=NK Cell; marker_assignment=NKT Cell; raw_marker_winner=NKT Cell; assignment_reason=raw_marker_winner; marker_score=0.900; best_total_score=3.007; score_margin=1.761; CellTypist=NK Cell:172; CD8 Cytotoxic / T Effector Memory:109; gdT Cell:7; PanHuman=NK Cell:226; CD8 Cytotoxic / T Effector Memory:36; Blood Cell:26; scRefMap=not_available:288; review_reasons=marker_assignment_disagrees_with_final,ambiguous_or_missing_label_candidate,screfmapping_not_available.
infection_study_01	T_NK_lineage	38	264	medium	5	marker_assignment_disagrees_with_final;ambiguous_or_missing_label_candidate;screfmapping_not_available	evaluate_ontology_gap_or_conservative_policy	NK Cell	NKT Cell	NKT Cell	raw_marker_winner	0.7682954545454546	2.936386363636364	1.784909090909091	NK Cell:167; CD8 Cytotoxic / T Effector Memory:97	NK Cell:194; Lymphoid Cell:37; Blood Cell:24; CD8 Cytotoxic / T Effector Memory:9	not_available:264	Study=infection_study_01; lineage=T_NK_lineage; cluster=38; cells=264; final=NK Cell; marker_assignment=NKT Cell; raw_marker_winner=NKT Cell; assignment_reason=raw_marker_winner; marker_score=0.768; best_total_score=2.936; score_margin=1.785; CellTypist=NK Cell:167; CD8 Cytotoxic / T Effector Memory:97; PanHuman=NK Cell:194; Lymphoid Cell:37; Blood Cell:24; CD8 Cytotoxic / T Effector Memory:9; scRefMap=not_available:264; review_reasons=marker_assignment_disagrees_with_final,ambiguous_or_missing_label_candidate,screfmapping_not_available.
infection_study_01	T_NK_lineage	39	250	low	2	raw_marker_winner_changed_by_policy;screfmapping_not_available	accept	MAIT Cell	MAIT Cell	CD8 Cytotoxic / T Effector Memory	source_supported_marker_tiebreak	0.6477200000000001	2.94228	1.96896	MAIT Cell:199; CD8 Cytotoxic / T Effector Memory:42; NK Cell:5; CD4 T Effector Memory:2; Treg:1	MAIT Cell:233; CD8 Cytotoxic / T Effector Memory:11; Blood Cell:3; CD4 T Effector Memory:2; gdT Cell:1	not_available:243; CD4 T Effector Memory:6; CD4 Naive / T Central Memory:1	Study=infection_study_01; lineage=T_NK_lineage; cluster=39; cells=250; final=MAIT Cell; marker_assignment=MAIT Cell; raw_marker_winner=CD8 Cytotoxic / T Effector Memory; assignment_reason=source_supported_marker_tiebreak; marker_score=0.648; best_total_score=2.942; score_margin=1.969; CellTypist=MAIT Cell:199; CD8 Cytotoxic / T Effector Memory:42; NK Cell:5; CD4 T Effector Memory:2; Treg:1; PanHuman=MAIT Cell:233; CD8 Cytotoxic / T Effector Memory:11; Blood Cell:3; CD4 T Effector Memory:2; gdT Cell:1; scRefMap=not_available:243; CD4 T Effector Memory:6; CD4 Naive / T Central Memory:1; review_reasons=raw_marker_winner_changed_by_policy,screfmapping_not_available.
infection_study_01	T_NK_lineage	4	1015	high	7	marker_assignment_disagrees_with_final;ambiguous_or_missing_label_candidate;screfmapping_not_available	evaluate_ontology_gap_or_conservative_policy	NK Cell	NKT Cell	NKT Cell	raw_marker_winner	0.9181970443349754	3.1802344827586206	2.2370817733990145	NK Cell:937; CD8 Cytotoxic / T Effector Memory:78	NK Cell:789; CD8 Cytotoxic / T Effector Memory:141; Blood Cell:82; Lymphoid Cell:3	not_available:1015	Study=infection_study_01; lineage=T_NK_lineage; cluster=4; cells=1015; final=NK Cell; marker_assignment=NKT Cell; raw_marker_winner=NKT Cell; assignment_reason=raw_marker_winner; marker_score=0.918; best_total_score=3.180; score_margin=2.237; CellTypist=NK Cell:937; CD8 Cytotoxic / T Effector Memory:78; PanHuman=NK Cell:789; CD8 Cytotoxic / T Effector Memory:141; Blood Cell:82; Lymphoid Cell:3; scRefMap=not_available:1015; review_reasons=marker_assignment_disagrees_with_final,ambiguous_or_missing_label_candidate,screfmapping_not_available.
infection_study_01	T_NK_lineage	40	189	medium	4	raw_marker_winner_changed_by_policy;ambiguous_or_missing_label_candidate;screfmapping_not_available	evaluate_ontology_gap_or_conservative_policy	CD8 Cytotoxic / T Effector Memory	CD8 Cytotoxic / T Effector Memory	NKT Cell	source_supported_marker_tiebreak	0.8028571428571429	3.091084656084656	1.6423412698412696	CD8 Cytotoxic / T Effector Memory:178; NK Cell:4; MAIT Cell:3; Blood Cell:2; CD4 T Effector Memory:2	CD8 Cytotoxic / T Effector Memory:153; Blood Cell:21; CD4 T Effector Memory:9; MAIT Cell:4; Treg:1	not_available:181; CD4 T Effector Memory:8	Study=infection_study_01; lineage=T_NK_lineage; cluster=40; cells=189; final=CD8 Cytotoxic / T Effector Memory; marker_assignment=CD8 Cytotoxic / T Effector Memory; raw_marker_winner=NKT Cell; assignment_reason=source_supported_marker_tiebreak; marker_score=0.803; best_total_score=3.091; score_margin=1.642; CellTypist=CD8 Cytotoxic / T Effector Memory:178; NK Cell:4; MAIT Cell:3; Blood Cell:2; CD4 T Effector Memory:2; PanHuman=CD8 Cytotoxic / T Effector Memory:153; Blood Cell:21; CD4 T Effector Memory:9; MAIT Cell:4; Treg:1; scRefMap=not_available:181; CD4 T Effector Memory:8; review_reasons=raw_marker_winner_changed_by_policy,ambiguous_or_missing_label_candidate,screfmapping_not_available.
infection_study_01	T_NK_lineage	41	180	medium	5	marker_assignment_disagrees_with_final;ambiguous_or_missing_label_candidate;screfmapping_not_available	evaluate_ontology_gap_or_conservative_policy	CD4 Naive / T Central Memory	NKT Cell	NKT Cell	raw_marker_winner	0.6880000000000001	2.2393	0.1915222222222219	CD4 T Effector Memory:74; CD4 Naive / T Central Memory:54; CD8 Cytotoxic / T Effector Memory:25; Treg:21; CD8 Naive / T Central Memory:4	CD4 T Effector Memory:119; Treg:43; CD8 Cytotoxic / T Effector Memory:6; Blood Cell:6; CD4 Naive / T Central Memory:4	not_available:99; CD4 Naive / T Central Memory:66; Treg:8; CD4 T Effector Memory:7	Study=infection_study_01; lineage=T_NK_lineage; cluster=41; cells=180; final=CD4 Naive / T Central Memory; marker_assignment=NKT Cell; raw_marker_winner=NKT Cell; assignment_reason=raw_marker_winner; marker_score=0.688; best_total_score=2.239; score_margin=0.192; CellTypist=CD4 T Effector Memory:74; CD4 Naive / T Central Memory:54; CD8 Cytotoxic / T Effector Memory:25; Treg:21; CD8 Naive / T Central Memory:4; PanHuman=CD4 T Effector Memory:119; Treg:43; CD8 Cytotoxic / T Effector Memory:6; Blood Cell:6; CD4 Naive / T Central Memory:4; scRefMap=not_available:99; CD4 Naive / T Central Memory:66; Treg:8; CD4 T Effector Memory:7; review_reasons=marker_assignment_disagrees_with_final,ambiguous_or_missing_label_candidate,screfmapping_not_available.
infection_study_01	T_NK_lineage	42	164	medium	4	raw_marker_winner_changed_by_policy;ambiguous_or_missing_label_candidate;screfmapping_not_available	evaluate_ontology_gap_or_conservative_policy	NK Cell	NK Cell	NKT Cell	source_supported_marker_tiebreak	0.8617922558484826	3.019006097560976	1.4858963414634148	NK Cell:130; CD8 Cytotoxic / T Effector Memory:24; CD4 Naive / T Central Memory:4; Blood Cell:3; MAIT Cell:1	NK Cell:73; Blood Cell:42; CD8 Cytotoxic / T Effector Memory:39; Treg:8; Classical Monocyte:1	not_available:163; CD4 T Effector Memory:1	Study=infection_study_01; lineage=T_NK_lineage; cluster=42; cells=164; final=NK Cell; marker_assignment=NK Cell; raw_marker_winner=NKT Cell; assignment_reason=source_supported_marker_tiebreak; marker_score=0.862; best_total_score=3.019; score_margin=1.486; CellTypist=NK Cell:130; CD8 Cytotoxic / T Effector Memory:24; CD4 Naive / T Central Memory:4; Blood Cell:3; MAIT Cell:1; PanHuman=NK Cell:73; Blood Cell:42; CD8 Cytotoxic / T Effector Memory:39; Treg:8; Classical Monocyte:1; scRefMap=not_available:163; CD4 T Effector Memory:1; review_reasons=raw_marker_winner_changed_by_policy,ambiguous_or_missing_label_candidate,screfmapping_not_available.
infection_study_01	T_NK_lineage	43	91	high	7	marker_assignment_disagrees_with_final;ambiguous_or_missing_label_candidate;screfmapping_not_available;low_total_score_or_margin	evaluate_ontology_gap_or_conservative_policy	CD8 Cytotoxic / T Effector Memory	NKT Cell	NKT Cell	raw_marker_winner	0.7637362637362637	2.443956043956044	0.0769230769230766	NK Cell:66; CD8 Cytotoxic / T Effector Memory:18; CD4 Naive / T Central Memory:4; CD4 T Effector Memory:1; CD8 Naive / T Central Memory:1	CD8 Cytotoxic / T Effector Memory:66; Blood Cell:18; NK Cell:7	not_available:91	Study=infection_study_01; lineage=T_NK_lineage; cluster=43; cells=91; final=CD8 Cytotoxic / T Effector Memory; marker_assignment=NKT Cell; raw_marker_winner=NKT Cell; assignment_reason=raw_marker_winner; marker_score=0.764; best_total_score=2.444; score_margin=0.077; CellTypist=NK Cell:66; CD8 Cytotoxic / T Effector Memory:18; CD4 Naive / T Central Memory:4; CD4 T Effector Memory:1; CD8 Naive / T Central Memory:1; PanHuman=CD8 Cytotoxic / T Effector Memory:66; Blood Cell:18; NK Cell:7; scRefMap=not_available:91; review_reasons=marker_assignment_disagrees_with_final,ambiguous_or_missing_label_candidate,screfmapping_not_available,low_total_score_or_margin.
infection_study_01	T_NK_lineage	44	61	low	3	marker_assignment_disagrees_with_final;screfmapping_not_available	review_marker_vs_reference_disagreement	NK Cell	CD8 Cytotoxic / T Effector Memory	CD8 Cytotoxic / T Effector Memory	raw_marker_winner	0.9107377049180329	2.5673031633462	0.892631032198659	NK Cell:20; CD8 Cytotoxic / T Effector Memory:19; T Cell:5; CD4 Naive / T Central Memory:5; Blood Cell:4	Lymphoid Cell:41; Blood Cell:10; CD8 Cytotoxic / T Effector Memory:5; HSC:2; Treg:2	not_available:52; CD4 Naive / T Central Memory:7; CD4 T Effector Memory:2	Study=infection_study_01; lineage=T_NK_lineage; cluster=44; cells=61; final=NK Cell; marker_assignment=CD8 Cytotoxic / T Effector Memory; raw_marker_winner=CD8 Cytotoxic / T Effector Memory; assignment_reason=raw_marker_winner; marker_score=0.911; best_total_score=2.567; score_margin=0.893; CellTypist=NK Cell:20; CD8 Cytotoxic / T Effector Memory:19; T Cell:5; CD4 Naive / T Central Memory:5; Blood Cell:4; PanHuman=Lymphoid Cell:41; Blood Cell:10; CD8 Cytotoxic / T Effector Memory:5; HSC:2; Treg:2; scRefMap=not_available:52; CD4 Naive / T Central Memory:7; CD4 T Effector Memory:2; review_reasons=marker_assignment_disagrees_with_final,screfmapping_not_available.
infection_study_01	T_NK_lineage	5	990	medium	5	raw_marker_winner_changed_by_policy;ambiguous_or_missing_label_candidate;screfmapping_not_available	evaluate_ontology_gap_or_conservative_policy	CD8 Cytotoxic / T Effector Memory	CD8 Cytotoxic / T Effector Memory	NKT Cell	source_supported_marker_tiebreak	0.577570707070707	3.058621212121212	2.481050505050505	CD8 Cytotoxic / T Effector Memory:934; gdT Cell:42; NK Cell:11; MAIT Cell:1; CD4 T Effector Memory:1	CD8 Cytotoxic / T Effector Memory:949; Blood Cell:36; NK Cell:2; Treg:1; MAIT Cell:1	not_available:973; CD4 T Effector Memory:16; CD4 Naive / T Central Memory:1	Study=infection_study_01; lineage=T_NK_lineage; cluster=5; cells=990; final=CD8 Cytotoxic / T Effector Memory; marker_assignment=CD8 Cytotoxic / T Effector Memory; raw_marker_winner=NKT Cell; assignment_reason=source_supported_marker_tiebreak; marker_score=0.578; best_total_score=3.059; score_margin=2.481; CellTypist=CD8 Cytotoxic / T Effector Memory:934; gdT Cell:42; NK Cell:11; MAIT Cell:1; CD4 T Effector Memory:1; PanHuman=CD8 Cytotoxic / T Effector Memory:949; Blood Cell:36; NK Cell:2; Treg:1; MAIT Cell:1; scRefMap=not_available:973; CD4 T Effector Memory:16; CD4 Naive / T Central Memory:1; review_reasons=raw_marker_winner_changed_by_policy,ambiguous_or_missing_label_candidate,screfmapping_not_available.
infection_study_01	T_NK_lineage	6	960	medium	5	raw_marker_winner_changed_by_policy;ambiguous_or_missing_label_candidate;screfmapping_not_available	evaluate_ontology_gap_or_conservative_policy	NK Cell	NK Cell	NKT Cell	source_supported_marker_tiebreak	0.8221197916666667	3.335588541666666	2.51346875	NK Cell:958; CD8 Cytotoxic / T Effector Memory:1; Blood Cell:1	NK Cell:946; Blood Cell:9; CD8 Cytotoxic / T Effector Memory:3; Lymphoid Cell:2	not_available:960	Study=infection_study_01; lineage=T_NK_lineage; cluster=6; cells=960; final=NK Cell; marker_assignment=NK Cell; raw_marker_winner=NKT Cell; assignment_reason=source_supported_marker_tiebreak; marker_score=0.822; best_total_score=3.336; score_margin=2.513; CellTypist=NK Cell:958; CD8 Cytotoxic / T Effector Memory:1; Blood Cell:1; PanHuman=NK Cell:946; Blood Cell:9; CD8 Cytotoxic / T Effector Memory:3; Lymphoid Cell:2; scRefMap=not_available:960; review_reasons=raw_marker_winner_changed_by_policy,ambiguous_or_missing_label_candidate,screfmapping_not_available.
infection_study_01	T_NK_lineage	7	876	medium	5	raw_marker_winner_changed_by_policy;ambiguous_or_missing_label_candidate;screfmapping_not_available	evaluate_ontology_gap_or_conservative_policy	CD8 Cytotoxic / T Effector Memory	CD8 Cytotoxic / T Effector Memory	NKT Cell	source_supported_marker_tiebreak	0.8901940639269407	3.3208162100456624	1.8404737442922376	CD8 Cytotoxic / T Effector Memory:838; NK Cell:27; CD4 T Effector Memory:4; CD4 Naive / T Central Memory:4; Blood Cell:1	CD8 Cytotoxic / T Effector Memory:842; Blood Cell:18; CD4 T Effector Memory:6; Treg:4; NK Cell:2	not_available:860; CD4 T Effector Memory:16	Study=infection_study_01; lineage=T_NK_lineage; cluster=7; cells=876; final=CD8 Cytotoxic / T Effector Memory; marker_assignment=CD8 Cytotoxic / T Effector Memory; raw_marker_winner=NKT Cell; assignment_reason=source_supported_marker_tiebreak; marker_score=0.890; best_total_score=3.321; score_margin=1.840; CellTypist=CD8 Cytotoxic / T Effector Memory:838; NK Cell:27; CD4 T Effector Memory:4; CD4 Naive / T Central Memory:4; Blood Cell:1; PanHuman=CD8 Cytotoxic / T Effector Memory:842; Blood Cell:18; CD4 T Effector Memory:6; Treg:4; NK Cell:2; scRefMap=not_available:860; CD4 T Effector Memory:16; review_reasons=raw_marker_winner_changed_by_policy,ambiguous_or_missing_label_candidate,screfmapping_not_available.
infection_study_01	T_NK_lineage	9	808	medium	5	raw_marker_winner_changed_by_policy;ambiguous_or_missing_label_candidate;screfmapping_not_available	evaluate_ontology_gap_or_conservative_policy	NK Cell	NK Cell	NKT Cell	source_supported_marker_tiebreak	0.8286571782178218	3.364706683168317	2.536049504950495	NK Cell:808	NK Cell:797; Blood Cell:9; Lymphoid Cell:2	not_available:808	Study=infection_study_01; lineage=T_NK_lineage; cluster=9; cells=808; final=NK Cell; marker_assignment=NK Cell; raw_marker_winner=NKT Cell; assignment_reason=source_supported_marker_tiebreak; marker_score=0.829; best_total_score=3.365; score_margin=2.536; CellTypist=NK Cell:808; PanHuman=NK Cell:797; Blood Cell:9; Lymphoid Cell:2; scRefMap=not_available:808; review_reasons=raw_marker_winner_changed_by_policy,ambiguous_or_missing_label_candidate,screfmapping_not_available.
infection_study_01	Myeloid_lineage	28	33	low	3	marker_assignment_disagrees_with_final;screfmapping_not_available	review_marker_vs_reference_disagreement	Conventional DC 1	Intermediate Monocyte	Intermediate Monocyte	raw_marker_winner	0.7667676767676768	3.0	1.4	Conventional DC 1:33	Conventional DC 1:32; Blood Cell:1	not_available:33	Study=infection_study_01; lineage=Myeloid_lineage; cluster=28; cells=33; final=Conventional DC 1; marker_assignment=Intermediate Monocyte; raw_marker_winner=Intermediate Monocyte; assignment_reason=raw_marker_winner; marker_score=0.767; best_total_score=3.000; score_margin=1.400; CellTypist=Conventional DC 1:33; PanHuman=Conventional DC 1:32; Blood Cell:1; scRefMap=not_available:33; review_reasons=marker_assignment_disagrees_with_final,screfmapping_not_available.
infection_study_03	B_lineage	0	8713	low	3	screfmapping_not_available	accept	Naive B Cell	Naive B Cell	Naive B Cell	raw_marker_winner	0.5855554917938712	1.872850338574544	0.3328531743410778	Memory B Cell:4152; Naive B Cell:4121; B Cell:303; Plasma Cell:54; CD4 Naive / T Central Memory:50	Memory B Cell:4707; Naive B Cell:3759; not_available:133; Blood Cell:53; Plasma Cell:50	not_available:8713	Study=infection_study_03; lineage=B_lineage; cluster=0; cells=8713; final=Naive B Cell; marker_assignment=Naive B Cell; raw_marker_winner=Naive B Cell; assignment_reason=raw_marker_winner; marker_score=0.586; best_total_score=1.873; score_margin=0.333; CellTypist=Memory B Cell:4152; Naive B Cell:4121; B Cell:303; Plasma Cell:54; CD4 Naive / T Central Memory:50; PanHuman=Memory B Cell:4707; Naive B Cell:3759; not_available:133; Blood Cell:53; Plasma Cell:50; scRefMap=not_available:8713; review_reasons=screfmapping_not_available.
infection_study_03	B_lineage	1	4080	high	7	marker_assignment_disagrees_with_final;ambiguous_or_missing_label_candidate;screfmapping_not_available	evaluate_ontology_gap_or_conservative_policy	Plasma Cell	Plasmablast	Plasmablast	raw_marker_winner	0.6644763071895425	2.9675	0.3770433006535945	Plasma Cell:2514; Plasmablast:1418; Memory B Cell:101; NK Cell:27; CD4 Naive / T Central Memory:8	Plasma Cell:4028; Memory B Cell:46; not_available:3; HSC:1; Naive B Cell:1	not_available:4080	Study=infection_study_03; lineage=B_lineage; cluster=1; cells=4080; final=Plasma Cell; marker_assignment=Plasmablast; raw_marker_winner=Plasmablast; assignment_reason=raw_marker_winner; marker_score=0.664; best_total_score=2.967; score_margin=0.377; CellTypist=Plasma Cell:2514; Plasmablast:1418; Memory B Cell:101; NK Cell:27; CD4 Naive / T Central Memory:8; PanHuman=Plasma Cell:4028; Memory B Cell:46; not_available:3; HSC:1; Naive B Cell:1; scRefMap=not_available:4080; review_reasons=marker_assignment_disagrees_with_final,ambiguous_or_missing_label_candidate,screfmapping_not_available.
infection_study_03	B_lineage	2	1450	low	3	screfmapping_not_available	accept	Naive B Cell	Naive B Cell	Naive B Cell	raw_marker_winner	0.6551068965517242	2.6206241379310344	1.610003448275862	Naive B Cell:1027; Memory B Cell:351; B Cell:56; NK Cell:5; CD8 Cytotoxic / T Effector Memory:3	Naive B Cell:921; Memory B Cell:502; Plasma Cell:15; not_available:10; gdT Cell:1	not_available:1450	Study=infection_study_03; lineage=B_lineage; cluster=2; cells=1450; final=Naive B Cell; marker_assignment=Naive B Cell; raw_marker_winner=Naive B Cell; assignment_reason=raw_marker_winner; marker_score=0.655; best_total_score=2.621; score_margin=1.610; CellTypist=Naive B Cell:1027; Memory B Cell:351; B Cell:56; NK Cell:5; CD8 Cytotoxic / T Effector Memory:3; PanHuman=Naive B Cell:921; Memory B Cell:502; Plasma Cell:15; not_available:10; gdT Cell:1; scRefMap=not_available:1450; review_reasons=screfmapping_not_available.
infection_study_03	B_lineage	3	11601	low	3	screfmapping_not_available	accept	Naive B Cell	Naive B Cell	Naive B Cell	raw_marker_winner	0.7457408844065166	3.0485940867166623	2.329690543918628	Naive B Cell:10132; Memory B Cell:1193; B Cell:274; HSC:2	Naive B Cell:8128; Memory B Cell:2998; not_available:466; Plasma Cell:6; B Cell:1	not_available:11601	Study=infection_study_03; lineage=B_lineage; cluster=3; cells=11601; final=Naive B Cell; marker_assignment=Naive B Cell; raw_marker_winner=Naive B Cell; assignment_reason=raw_marker_winner; marker_score=0.746; best_total_score=3.049; score_margin=2.330; CellTypist=Naive B Cell:10132; Memory B Cell:1193; B Cell:274; HSC:2; PanHuman=Naive B Cell:8128; Memory B Cell:2998; not_available:466; Plasma Cell:6; B Cell:1; scRefMap=not_available:11601; review_reasons=screfmapping_not_available.
infection_study_03	B_lineage	4	15404	low	3	screfmapping_not_available	accept	Naive B Cell	Naive B Cell	Naive B Cell	raw_marker_winner	0.6874980141184757	2.673878175115619	1.5552726181174368	Naive B Cell:11630; Memory B Cell:3102; Plasma Cell:264; B Cell:219; Plasmablast:68	Naive B Cell:7489; Memory B Cell:5885; not_available:1589; Plasma Cell:386; Blood Cell:33	not_available:15404	Study=infection_study_03; lineage=B_lineage; cluster=4; cells=15404; final=Naive B Cell; marker_assignment=Naive B Cell; raw_marker_winner=Naive B Cell; assignment_reason=raw_marker_winner; marker_score=0.687; best_total_score=2.674; score_margin=1.555; CellTypist=Naive B Cell:11630; Memory B Cell:3102; Plasma Cell:264; B Cell:219; Plasmablast:68; PanHuman=Naive B Cell:7489; Memory B Cell:5885; not_available:1589; Plasma Cell:386; Blood Cell:33; scRefMap=not_available:15404; review_reasons=screfmapping_not_available.
infection_study_03	B_lineage	5	6968	low	3	screfmapping_not_available	accept	Naive B Cell	Naive B Cell	Naive B Cell	raw_marker_winner	0.6802088117106774	2.673406285878301	1.7973155855338692	Naive B Cell:5281; Memory B Cell:1544; B Cell:134; Plasma Cell:4; CD4 Naive / T Central Memory:4	Naive B Cell:4542; Memory B Cell:2287; not_available:128; Plasma Cell:7; Blood Cell:2	not_available:6968	Study=infection_study_03; lineage=B_lineage; cluster=5; cells=6968; final=Naive B Cell; marker_assignment=Naive B Cell; raw_marker_winner=Naive B Cell; assignment_reason=raw_marker_winner; marker_score=0.680; best_total_score=2.673; score_margin=1.797; CellTypist=Naive B Cell:5281; Memory B Cell:1544; B Cell:134; Plasma Cell:4; CD4 Naive / T Central Memory:4; PanHuman=Naive B Cell:4542; Memory B Cell:2287; not_available:128; Plasma Cell:7; Blood Cell:2; scRefMap=not_available:6968; review_reasons=screfmapping_not_available.
infection_study_03	B_lineage	6	4762	high	7	marker_assignment_disagrees_with_final;ambiguous_or_missing_label_candidate;screfmapping_not_available	evaluate_ontology_gap_or_conservative_policy	Plasma Cell	Plasmablast	Plasmablast	raw_marker_winner	0.6902526949461011	2.9918101637967243	0.2204570908581828	Plasma Cell:2402; Plasmablast:2315; Memory B Cell:23; NK Cell:8; CD4 Naive / T Central Memory:5	Plasma Cell:4746; Memory B Cell:14; not_available:1; Lymphoid Cell:1	not_available:4762	Study=infection_study_03; lineage=B_lineage; cluster=6; cells=4762; final=Plasma Cell; marker_assignment=Plasmablast; raw_marker_winner=Plasmablast; assignment_reason=raw_marker_winner; marker_score=0.690; best_total_score=2.992; score_margin=0.220; CellTypist=Plasma Cell:2402; Plasmablast:2315; Memory B Cell:23; NK Cell:8; CD4 Naive / T Central Memory:5; PanHuman=Plasma Cell:4746; Memory B Cell:14; not_available:1; Lymphoid Cell:1; scRefMap=not_available:4762; review_reasons=marker_assignment_disagrees_with_final,ambiguous_or_missing_label_candidate,screfmapping_not_available.
infection_study_03	B_lineage	7	6291	low	3	screfmapping_not_available	accept	Memory B Cell	Memory B Cell	Memory B Cell	raw_marker_winner	0.3984767789649778	2.500272995782654	2.088224036952579	Memory B Cell:3723; B Cell:1027; Naive B Cell:955; Plasma Cell:374; Plasmablast:160	Memory B Cell:4989; Naive B Cell:602; Plasma Cell:570; not_available:116; HSC:7	not_available:6291	Study=infection_study_03; lineage=B_lineage; cluster=7; cells=6291; final=Memory B Cell; marker_assignment=Memory B Cell; raw_marker_winner=Memory B Cell; assignment_reason=raw_marker_winner; marker_score=0.398; best_total_score=2.500; score_margin=2.088; CellTypist=Memory B Cell:3723; B Cell:1027; Naive B Cell:955; Plasma Cell:374; Plasmablast:160; PanHuman=Memory B Cell:4989; Naive B Cell:602; Plasma Cell:570; not_available:116; HSC:7; scRefMap=not_available:6291; review_reasons=screfmapping_not_available.
infection_study_03	B_lineage	8	9718	low	3	screfmapping_not_available	accept	Naive B Cell	Naive B Cell	Naive B Cell	raw_marker_winner	0.6710321053714756	2.503075735748096	1.3907892570487752	Naive B Cell:6337; Memory B Cell:3248; B Cell:45; CD4 Naive / T Central Memory:44; Plasma Cell:28	Naive B Cell:5931; Memory B Cell:2846; not_available:753; Plasma Cell:106; Blood Cell:73	not_available:9718	Study=infection_study_03; lineage=B_lineage; cluster=8; cells=9718; final=Naive B Cell; marker_assignment=Naive B Cell; raw_marker_winner=Naive B Cell; assignment_reason=raw_marker_winner; marker_score=0.671; best_total_score=2.503; score_margin=1.391; CellTypist=Naive B Cell:6337; Memory B Cell:3248; B Cell:45; CD4 Naive / T Central Memory:44; Plasma Cell:28; PanHuman=Naive B Cell:5931; Memory B Cell:2846; not_available:753; Plasma Cell:106; Blood Cell:73; scRefMap=not_available:9718; review_reasons=screfmapping_not_available.
infection_study_03	B_lineage	9	7975	low	3	screfmapping_not_available	accept	Naive B Cell	Naive B Cell	Naive B Cell	raw_marker_winner	0.6341768025078369	2.2396689655172413	0.9727097178683384	Naive B Cell:4763; Memory B Cell:2652; B Cell:497; CD4 Naive / T Central Memory:27; Plasma Cell:12	Naive B Cell:4027; Memory B Cell:3734; not_available:184; HSC:16; Plasma Cell:10	not_available:7975	Study=infection_study_03; lineage=B_lineage; cluster=9; cells=7975; final=Naive B Cell; marker_assignment=Naive B Cell; raw_marker_winner=Naive B Cell; assignment_reason=raw_marker_winner; marker_score=0.634; best_total_score=2.240; score_margin=0.973; CellTypist=Naive B Cell:4763; Memory B Cell:2652; B Cell:497; CD4 Naive / T Central Memory:27; Plasma Cell:12; PanHuman=Naive B Cell:4027; Memory B Cell:3734; not_available:184; HSC:16; Plasma Cell:10; scRefMap=not_available:7975; review_reasons=screfmapping_not_available.
infection_study_03	T_NK_lineage	0	8552	medium	6	raw_marker_winner_changed_by_policy;ambiguous_or_missing_label_candidate;screfmapping_not_available	evaluate_ontology_gap_or_conservative_policy	CD8 Cytotoxic / T Effector Memory	CD8 Cytotoxic / T Effector Memory	NKT Cell	source_supported_marker_tiebreak	0.6906758652946678	3.012139265668849	2.034788645930776	CD8 Cytotoxic / T Effector Memory:7435; NK Cell:665; CD4 Naive / T Central Memory:237; MAIT Cell:169; CD4 T Effector Memory:17	CD8 Cytotoxic / T Effector Memory:7258; gdT Cell:597; not_available:396; NK Cell:122; Blood Cell:56	not_available:8552	Study=infection_study_03; lineage=T_NK_lineage; cluster=0; cells=8552; final=CD8 Cytotoxic / T Effector Memory; marker_assignment=CD8 Cytotoxic / T Effector Memory; raw_marker_winner=NKT Cell; assignment_reason=source_supported_marker_tiebreak; marker_score=0.691; best_total_score=3.012; score_margin=2.035; CellTypist=CD8 Cytotoxic / T Effector Memory:7435; NK Cell:665; CD4 Naive / T Central Memory:237; MAIT Cell:169; CD4 T Effector Memory:17; PanHuman=CD8 Cytotoxic / T Effector Memory:7258; gdT Cell:597; not_available:396; NK Cell:122; Blood Cell:56; scRefMap=not_available:8552; review_reasons=raw_marker_winner_changed_by_policy,ambiguous_or_missing_label_candidate,screfmapping_not_available.
infection_study_03	T_NK_lineage	1	13323	low	3	screfmapping_not_available	accept	CD8 Cytotoxic / T Effector Memory	CD8 Cytotoxic / T Effector Memory	CD8 Cytotoxic / T Effector Memory	raw_marker_winner	0.6843758913157697	2.5520333258275163	1.5040874802972302	CD8 Cytotoxic / T Effector Memory:7600; CD4 Naive / T Central Memory:1766; NK Cell:1267; CD4 T Effector Memory:951; MAIT Cell:914	CD8 Cytotoxic / T Effector Memory:7690; gdT Cell:1741; CD4 T Effector Memory:1357; MAIT Cell:966; not_available:762	not_available:13323	Study=infection_study_03; lineage=T_NK_lineage; cluster=1; cells=13323; final=CD8 Cytotoxic / T Effector Memory; marker_assignment=CD8 Cytotoxic / T Effector Memory; raw_marker_winner=CD8 Cytotoxic / T Effector Memory; assignment_reason=raw_marker_winner; marker_score=0.684; best_total_score=2.552; score_margin=1.504; CellTypist=CD8 Cytotoxic / T Effector Memory:7600; CD4 Naive / T Central Memory:1766; NK Cell:1267; CD4 T Effector Memory:951; MAIT Cell:914; PanHuman=CD8 Cytotoxic / T Effector Memory:7690; gdT Cell:1741; CD4 T Effector Memory:1357; MAIT Cell:966; not_available:762; scRefMap=not_available:13323; review_reasons=screfmapping_not_available.
infection_study_03	T_NK_lineage	10	12888	medium	6	raw_marker_winner_changed_by_policy;ambiguous_or_missing_label_candidate;screfmapping_not_available	evaluate_ontology_gap_or_conservative_policy	CD4 Naive / T Central Memory	CD4 Naive / T Central Memory	NKT Cell	source_supported_marker_tiebreak	0.7429725391919035	2.615576117318436	1.3486817194289262	CD4 Naive / T Central Memory:8345; CD8 Naive / T Central Memory:2468; CD4 T Effector Memory:1456; CD8 Cytotoxic / T Effector Memory:317; Treg:120	CD4 Naive / T Central Memory:5888; CD4 T Effector Memory:3390; CD8 Naive / T Central Memory:2447; CD8 Cytotoxic / T Effector Memory:350; not_available:307	not_available:12888	Study=infection_study_03; lineage=T_NK_lineage; cluster=10; cells=12888; final=CD4 Naive / T Central Memory; marker_assignment=CD4 Naive / T Central Memory; raw_marker_winner=NKT Cell; assignment_reason=source_supported_marker_tiebreak; marker_score=0.743; best_total_score=2.616; score_margin=1.349; CellTypist=CD4 Naive / T Central Memory:8345; CD8 Naive / T Central Memory:2468; CD4 T Effector Memory:1456; CD8 Cytotoxic / T Effector Memory:317; Treg:120; PanHuman=CD4 Naive / T Central Memory:5888; CD4 T Effector Memory:3390; CD8 Naive / T Central Memory:2447; CD8 Cytotoxic / T Effector Memory:350; not_available:307; scRefMap=not_available:12888; review_reasons=raw_marker_winner_changed_by_policy,ambiguous_or_missing_label_candidate,screfmapping_not_available.
infection_study_03	T_NK_lineage	11	24421	medium	6	raw_marker_winner_changed_by_policy;ambiguous_or_missing_label_candidate;screfmapping_not_available	evaluate_ontology_gap_or_conservative_policy	CD4 Naive / T Central Memory	CD4 Naive / T Central Memory	NKT Cell	source_supported_marker_tiebreak	0.5169014372875804	2.7551220051178777	2.0424697795742883	CD4 Naive / T Central Memory:20688; CD8 Naive / T Central Memory:2261; CD8 Cytotoxic / T Effector Memory:548; NK Cell:427; CD4 T Effector Memory:227	CD4 Naive / T Central Memory:11537; CD4 T Effector Memory:4796; not_available:2788; CD8 Naive / T Central Memory:2464; Blood Cell:948	not_available:24421	Study=infection_study_03; lineage=T_NK_lineage; cluster=11; cells=24421; final=CD4 Naive / T Central Memory; marker_assignment=CD4 Naive / T Central Memory; raw_marker_winner=NKT Cell; assignment_reason=source_supported_marker_tiebreak; marker_score=0.517; best_total_score=2.755; score_margin=2.042; CellTypist=CD4 Naive / T Central Memory:20688; CD8 Naive / T Central Memory:2261; CD8 Cytotoxic / T Effector Memory:548; NK Cell:427; CD4 T Effector Memory:227; PanHuman=CD4 Naive / T Central Memory:11537; CD4 T Effector Memory:4796; not_available:2788; CD8 Naive / T Central Memory:2464; Blood Cell:948; scRefMap=not_available:24421; review_reasons=raw_marker_winner_changed_by_policy,ambiguous_or_missing_label_candidate,screfmapping_not_available.
infection_study_03	T_NK_lineage	12	20022	medium	6	raw_marker_winner_changed_by_policy;ambiguous_or_missing_label_candidate;screfmapping_not_available	evaluate_ontology_gap_or_conservative_policy	NK Cell	NK Cell	NKT Cell	source_supported_marker_tiebreak	0.8694258815303166	3.2946117770452505	2.425185895514934	NK Cell:19766; CD8 Cytotoxic / T Effector Memory:244; CD4 Naive / T Central Memory:5; Classical Monocyte:4; Blood Cell:1	NK Cell:18043; Lymphoid Cell:1170; not_available:500; CD8 Cytotoxic / T Effector Memory:208; gdT Cell:87	not_available:20022	Study=infection_study_03; lineage=T_NK_lineage; cluster=12; cells=20022; final=NK Cell; marker_assignment=NK Cell; raw_marker_winner=NKT Cell; assignment_reason=source_supported_marker_tiebreak; marker_score=0.869; best_total_score=3.295; score_margin=2.425; CellTypist=NK Cell:19766; CD8 Cytotoxic / T Effector Memory:244; CD4 Naive / T Central Memory:5; Classical Monocyte:4; Blood Cell:1; PanHuman=NK Cell:18043; Lymphoid Cell:1170; not_available:500; CD8 Cytotoxic / T Effector Memory:208; gdT Cell:87; scRefMap=not_available:20022; review_reasons=raw_marker_winner_changed_by_policy,ambiguous_or_missing_label_candidate,screfmapping_not_available.
infection_study_03	T_NK_lineage	13	9049	low	3	screfmapping_not_available	accept	CD8 Naive / T Central Memory	CD8 Naive / T Central Memory	CD8 Naive / T Central Memory	raw_marker_winner	0.7780141452094154	2.678820864183888	1.3920488451762627	CD8 Naive / T Central Memory:5127; CD4 Naive / T Central Memory:2291; CD4 T Effector Memory:862; CD8 Cytotoxic / T Effector Memory:629; MAIT Cell:61	CD8 Naive / T Central Memory:5925; CD4 T Effector Memory:1088; CD8 Cytotoxic / T Effector Memory:926; not_available:447; CD4 Naive / T Central Memory:435	not_available:9049	Study=infection_study_03; lineage=T_NK_lineage; cluster=13; cells=9049; final=CD8 Naive / T Central Memory; marker_assignment=CD8 Naive / T Central Memory; raw_marker_winner=CD8 Naive / T Central Memory; assignment_reason=raw_marker_winner; marker_score=0.778; best_total_score=2.679; score_margin=1.392; CellTypist=CD8 Naive / T Central Memory:5127; CD4 Naive / T Central Memory:2291; CD4 T Effector Memory:862; CD8 Cytotoxic / T Effector Memory:629; MAIT Cell:61; PanHuman=CD8 Naive / T Central Memory:5925; CD4 T Effector Memory:1088; CD8 Cytotoxic / T Effector Memory:926; not_available:447; CD4 Naive / T Central Memory:435; scRefMap=not_available:9049; review_reasons=screfmapping_not_available.
infection_study_03	T_NK_lineage	14	16189	medium	6	raw_marker_winner_changed_by_policy;ambiguous_or_missing_label_candidate;screfmapping_not_available	evaluate_ontology_gap_or_conservative_policy	CD4 Naive / T Central Memory	CD4 Naive / T Central Memory	NKT Cell	source_supported_marker_tiebreak	0.6659935758848601	2.7974316655965445	1.6619198983471777	CD4 Naive / T Central Memory:11787; CD4 T Effector Memory:2393; CD8 Naive / T Central Memory:1464; Treg:267; CD8 Cytotoxic / T Effector Memory:176	CD4 T Effector Memory:6653; CD4 Naive / T Central Memory:6378; CD8 Naive / T Central Memory:1546; Treg:610; not_available:552	not_available:16189	Study=infection_study_03; lineage=T_NK_lineage; cluster=14; cells=16189; final=CD4 Naive / T Central Memory; marker_assignment=CD4 Naive / T Central Memory; raw_marker_winner=NKT Cell; assignment_reason=source_supported_marker_tiebreak; marker_score=0.666; best_total_score=2.797; score_margin=1.662; CellTypist=CD4 Naive / T Central Memory:11787; CD4 T Effector Memory:2393; CD8 Naive / T Central Memory:1464; Treg:267; CD8 Cytotoxic / T Effector Memory:176; PanHuman=CD4 T Effector Memory:6653; CD4 Naive / T Central Memory:6378; CD8 Naive / T Central Memory:1546; Treg:610; not_available:552; scRefMap=not_available:16189; review_reasons=raw_marker_winner_changed_by_policy,ambiguous_or_missing_label_candidate,screfmapping_not_available.
infection_study_03	T_NK_lineage	15	26606	low	3	screfmapping_not_available	accept	CD4 Naive / T Central Memory	CD4 Naive / T Central Memory	CD4 Naive / T Central Memory	raw_marker_winner	0.6905710136754833	2.896050980600237	1.9589970052263863	CD4 Naive / T Central Memory:21138; CD8 Naive / T Central Memory:3062; CD4 T Effector Memory:1744; Treg:353; CD8 Cytotoxic / T Effector Memory:178	CD4 Naive / T Central Memory:13774; CD4 T Effector Memory:7477; CD8 Naive / T Central Memory:3147; Treg:917; not_available:832	not_available:26606	Study=infection_study_03; lineage=T_NK_lineage; cluster=15; cells=26606; final=CD4 Naive / T Central Memory; marker_assignment=CD4 Naive / T Central Memory; raw_marker_winner=CD4 Naive / T Central Memory; assignment_reason=raw_marker_winner; marker_score=0.691; best_total_score=2.896; score_margin=1.959; CellTypist=CD4 Naive / T Central Memory:21138; CD8 Naive / T Central Memory:3062; CD4 T Effector Memory:1744; Treg:353; CD8 Cytotoxic / T Effector Memory:178; PanHuman=CD4 Naive / T Central Memory:13774; CD4 T Effector Memory:7477; CD8 Naive / T Central Memory:3147; Treg:917; not_available:832; scRefMap=not_available:26606; review_reasons=screfmapping_not_available.
infection_study_03	T_NK_lineage	16	10318	medium	6	raw_marker_winner_changed_by_policy;ambiguous_or_missing_label_candidate;screfmapping_not_available	evaluate_ontology_gap_or_conservative_policy	CD8 Cytotoxic / T Effector Memory	CD8 Cytotoxic / T Effector Memory	NKT Cell	source_supported_marker_tiebreak	0.621639368094592	2.578188602442334	1.9565492343477424	CD8 Cytotoxic / T Effector Memory:6982; MAIT Cell:1736; NK Cell:606; CD8 Naive / T Central Memory:457; CD4 Naive / T Central Memory:260	CD8 Cytotoxic / T Effector Memory:6199; gdT Cell:2299; MAIT Cell:1150; not_available:302; CD8 Naive / T Central Memory:134	not_available:10318	Study=infection_study_03; lineage=T_NK_lineage; cluster=16; cells=10318; final=CD8 Cytotoxic / T Effector Memory; marker_assignment=CD8 Cytotoxic / T Effector Memory; raw_marker_winner=NKT Cell; assignment_reason=source_supported_marker_tiebreak; marker_score=0.622; best_total_score=2.578; score_margin=1.957; CellTypist=CD8 Cytotoxic / T Effector Memory:6982; MAIT Cell:1736; NK Cell:606; CD8 Naive / T Central Memory:457; CD4 Naive / T Central Memory:260; PanHuman=CD8 Cytotoxic / T Effector Memory:6199; gdT Cell:2299; MAIT Cell:1150; not_available:302; CD8 Naive / T Central Memory:134; scRefMap=not_available:10318; review_reasons=raw_marker_winner_changed_by_policy,ambiguous_or_missing_label_candidate,screfmapping_not_available.
infection_study_03	T_NK_lineage	17	2010	high	7	marker_assignment_disagrees_with_final;ambiguous_or_missing_label_candidate;screfmapping_not_available	evaluate_ontology_gap_or_conservative_policy	NK Cell	NKT Cell	NKT Cell	raw_marker_winner	0.8312587064676618	2.827960199004975	1.6827537313432837	NK Cell:1601; CD8 Cytotoxic / T Effector Memory:400; CD4 Naive / T Central Memory:6; Naive B Cell:1; CD8 Naive / T Central Memory:1	NK Cell:1545; CD8 Cytotoxic / T Effector Memory:299; not_available:100; gdT Cell:40; Lymphoid Cell:18	not_available:2010	Study=infection_study_03; lineage=T_NK_lineage; cluster=17; cells=2010; final=NK Cell; marker_assignment=NKT Cell; raw_marker_winner=NKT Cell; assignment_reason=raw_marker_winner; marker_score=0.831; best_total_score=2.828; score_margin=1.683; CellTypist=NK Cell:1601; CD8 Cytotoxic / T Effector Memory:400; CD4 Naive / T Central Memory:6; Naive B Cell:1; CD8 Naive / T Central Memory:1; PanHuman=NK Cell:1545; CD8 Cytotoxic / T Effector Memory:299; not_available:100; gdT Cell:40; Lymphoid Cell:18; scRefMap=not_available:2010; review_reasons=marker_assignment_disagrees_with_final,ambiguous_or_missing_label_candidate,screfmapping_not_available.
infection_study_03	T_NK_lineage	18	8386	high	7	marker_assignment_disagrees_with_final;ambiguous_or_missing_label_candidate;screfmapping_not_available	evaluate_ontology_gap_or_conservative_policy	NK Cell	NKT Cell	NKT Cell	raw_marker_winner	0.8917749821130456	3.1792088003815886	2.2874338182685428	NK Cell:8148; CD8 Cytotoxic / T Effector Memory:176; MAIT Cell:26; CD4 Naive / T Central Memory:24; Classical Monocyte:5	NK Cell:7693; gdT Cell:404; not_available:141; Lymphoid Cell:102; CD8 Cytotoxic / T Effector Memory:28	not_available:8386	Study=infection_study_03; lineage=T_NK_lineage; cluster=18; cells=8386; final=NK Cell; marker_assignment=NKT Cell; raw_marker_winner=NKT Cell; assignment_reason=raw_marker_winner; marker_score=0.892; best_total_score=3.179; score_margin=2.287; CellTypist=NK Cell:8148; CD8 Cytotoxic / T Effector Memory:176; MAIT Cell:26; CD4 Naive / T Central Memory:24; Classical Monocyte:5; PanHuman=NK Cell:7693; gdT Cell:404; not_available:141; Lymphoid Cell:102; CD8 Cytotoxic / T Effector Memory:28; scRefMap=not_available:8386; review_reasons=marker_assignment_disagrees_with_final,ambiguous_or_missing_label_candidate,screfmapping_not_available.
infection_study_03	T_NK_lineage	19	14063	medium	6	raw_marker_winner_changed_by_policy;ambiguous_or_missing_label_candidate;screfmapping_not_available	evaluate_ontology_gap_or_conservative_policy	CD8 Cytotoxic / T Effector Memory	CD8 Cytotoxic / T Effector Memory	NKT Cell	source_supported_marker_tiebreak	0.6417400270212614	3.1380363364858144	2.4710168527341256	CD8 Cytotoxic / T Effector Memory:12886; NK Cell:726; MAIT Cell:213; CD4 Naive / T Central Memory:184; CD4 T Effector Memory:26	CD8 Cytotoxic / T Effector Memory:13209; not_available:315; gdT Cell:224; NK Cell:88; MAIT Cell:85	not_available:14063	Study=infection_study_03; lineage=T_NK_lineage; cluster=19; cells=14063; final=CD8 Cytotoxic / T Effector Memory; marker_assignment=CD8 Cytotoxic / T Effector Memory; raw_marker_winner=NKT Cell; assignment_reason=source_supported_marker_tiebreak; marker_score=0.642; best_total_score=3.138; score_margin=2.471; CellTypist=CD8 Cytotoxic / T Effector Memory:12886; NK Cell:726; MAIT Cell:213; CD4 Naive / T Central Memory:184; CD4 T Effector Memory:26; PanHuman=CD8 Cytotoxic / T Effector Memory:13209; not_available:315; gdT Cell:224; NK Cell:88; MAIT Cell:85; scRefMap=not_available:14063; review_reasons=raw_marker_winner_changed_by_policy,ambiguous_or_missing_label_candidate,screfmapping_not_available.
infection_study_03	T_NK_lineage	2	14502	medium	6	raw_marker_winner_changed_by_policy;ambiguous_or_missing_label_candidate;screfmapping_not_available	evaluate_ontology_gap_or_conservative_policy	CD4 Naive / T Central Memory	CD4 Naive / T Central Memory	NKT Cell	source_supported_marker_tiebreak	0.7355730244104262	2.5390368389107296	0.5001546157690941	CD4 Naive / T Central Memory:7443; CD4 T Effector Memory:5405; Treg:636; CD8 Naive / T Central Memory:416; NK Cell:256	CD4 T Effector Memory:10798; CD4 Naive / T Central Memory:1354; Treg:686; Lymphoid Cell:554; not_available:440	not_available:14502	Study=infection_study_03; lineage=T_NK_lineage; cluster=2; cells=14502; final=CD4 Naive / T Central Memory; marker_assignment=CD4 Naive / T Central Memory; raw_marker_winner=NKT Cell; assignment_reason=source_supported_marker_tiebreak; marker_score=0.736; best_total_score=2.539; score_margin=0.500; CellTypist=CD4 Naive / T Central Memory:7443; CD4 T Effector Memory:5405; Treg:636; CD8 Naive / T Central Memory:416; NK Cell:256; PanHuman=CD4 T Effector Memory:10798; CD4 Naive / T Central Memory:1354; Treg:686; Lymphoid Cell:554; not_available:440; scRefMap=not_available:14502; review_reasons=raw_marker_winner_changed_by_policy,ambiguous_or_missing_label_candidate,screfmapping_not_available.
infection_study_03	T_NK_lineage	20	20390	medium	4	raw_marker_winner_changed_by_policy;screfmapping_not_available	accept	CD4 Naive / T Central Memory	CD4 Naive / T Central Memory	CD8 Naive / T Central Memory	source_supported_marker_tiebreak	0.7832795487984305	2.634993281020108	1.106191417361452	CD4 Naive / T Central Memory:14182; CD8 Naive / T Central Memory:5101; CD4 T Effector Memory:769; CD8 Cytotoxic / T Effector Memory:167; NK Cell:89	CD4 Naive / T Central Memory:11473; CD8 Naive / T Central Memory:5152; CD4 T Effector Memory:2682; not_available:615; Treg:242	not_available:20390	Study=infection_study_03; lineage=T_NK_lineage; cluster=20; cells=20390; final=CD4 Naive / T Central Memory; marker_assignment=CD4 Naive / T Central Memory; raw_marker_winner=CD8 Naive / T Central Memory; assignment_reason=source_supported_marker_tiebreak; marker_score=0.783; best_total_score=2.635; score_margin=1.106; CellTypist=CD4 Naive / T Central Memory:14182; CD8 Naive / T Central Memory:5101; CD4 T Effector Memory:769; CD8 Cytotoxic / T Effector Memory:167; NK Cell:89; PanHuman=CD4 Naive / T Central Memory:11473; CD8 Naive / T Central Memory:5152; CD4 T Effector Memory:2682; not_available:615; Treg:242; scRefMap=not_available:20390; review_reasons=raw_marker_winner_changed_by_policy,screfmapping_not_available.
infection_study_03	T_NK_lineage	21	18558	medium	6	raw_marker_winner_changed_by_policy;ambiguous_or_missing_label_candidate;screfmapping_not_available	evaluate_ontology_gap_or_conservative_policy	CD4 Naive / T Central Memory	CD4 Naive / T Central Memory	NKT Cell	source_supported_marker_tiebreak	0.7150218234723569	2.966654848904657	2.2516330254323	CD4 Naive / T Central Memory:15694; CD4 T Effector Memory:985; CD8 Naive / T Central Memory:452; MAIT Cell:446; CD8 Cytotoxic / T Effector Memory:385	CD4 Naive / T Central Memory:9767; CD4 T Effector Memory:3993; not_available:1471; Treg:844; CD8 Naive / T Central Memory:717	not_available:18558	Study=infection_study_03; lineage=T_NK_lineage; cluster=21; cells=18558; final=CD4 Naive / T Central Memory; marker_assignment=CD4 Naive / T Central Memory; raw_marker_winner=NKT Cell; assignment_reason=source_supported_marker_tiebreak; marker_score=0.715; best_total_score=2.967; score_margin=2.252; CellTypist=CD4 Naive / T Central Memory:15694; CD4 T Effector Memory:985; CD8 Naive / T Central Memory:452; MAIT Cell:446; CD8 Cytotoxic / T Effector Memory:385; PanHuman=CD4 Naive / T Central Memory:9767; CD4 T Effector Memory:3993; not_available:1471; Treg:844; CD8 Naive / T Central Memory:717; scRefMap=not_available:18558; review_reasons=raw_marker_winner_changed_by_policy,ambiguous_or_missing_label_candidate,screfmapping_not_available.
infection_study_03	T_NK_lineage	22	6831	medium	6	raw_marker_winner_changed_by_policy;ambiguous_or_missing_label_candidate;screfmapping_not_available	evaluate_ontology_gap_or_conservative_policy	CD8 Cytotoxic / T Effector Memory	CD8 Cytotoxic / T Effector Memory	NKT Cell	source_supported_marker_tiebreak	0.5985463328941589	2.11952861952862	0.982976640863272	CD8 Cytotoxic / T Effector Memory:3133; MAIT Cell:1971; CD4 Naive / T Central Memory:645; CD4 T Effector Memory:524; NK Cell:412	CD8 Cytotoxic / T Effector Memory:3484; MAIT Cell:1836; gdT Cell:647; CD4 T Effector Memory:338; not_available:273	not_available:6831	Study=infection_study_03; lineage=T_NK_lineage; cluster=22; cells=6831; final=CD8 Cytotoxic / T Effector Memory; marker_assignment=CD8 Cytotoxic / T Effector Memory; raw_marker_winner=NKT Cell; assignment_reason=source_supported_marker_tiebreak; marker_score=0.599; best_total_score=2.120; score_margin=0.983; CellTypist=CD8 Cytotoxic / T Effector Memory:3133; MAIT Cell:1971; CD4 Naive / T Central Memory:645; CD4 T Effector Memory:524; NK Cell:412; PanHuman=CD8 Cytotoxic / T Effector Memory:3484; MAIT Cell:1836; gdT Cell:647; CD4 T Effector Memory:338; not_available:273; scRefMap=not_available:6831; review_reasons=raw_marker_winner_changed_by_policy,ambiguous_or_missing_label_candidate,screfmapping_not_available.
infection_study_03	T_NK_lineage	23	13542	medium	6	raw_marker_winner_changed_by_policy;ambiguous_or_missing_label_candidate;screfmapping_not_available	evaluate_ontology_gap_or_conservative_policy	NK Cell	NK Cell	NKT Cell	source_supported_marker_tiebreak	0.8712320927484862	3.253822699748929	2.3825906070004432	NK Cell:13313; CD8 Cytotoxic / T Effector Memory:123; CD4 Naive / T Central Memory:100; Plasma Cell:4; CD8 Naive / T Central Memory:1	NK Cell:11981; not_available:907; CD8 Cytotoxic / T Effector Memory:390; Lymphoid Cell:128; Blood Cell:83	not_available:13542	Study=infection_study_03; lineage=T_NK_lineage; cluster=23; cells=13542; final=NK Cell; marker_assignment=NK Cell; raw_marker_winner=NKT Cell; assignment_reason=source_supported_marker_tiebreak; marker_score=0.871; best_total_score=3.254; score_margin=2.383; CellTypist=NK Cell:13313; CD8 Cytotoxic / T Effector Memory:123; CD4 Naive / T Central Memory:100; Plasma Cell:4; CD8 Naive / T Central Memory:1; PanHuman=NK Cell:11981; not_available:907; CD8 Cytotoxic / T Effector Memory:390; Lymphoid Cell:128; Blood Cell:83; scRefMap=not_available:13542; review_reasons=raw_marker_winner_changed_by_policy,ambiguous_or_missing_label_candidate,screfmapping_not_available.
infection_study_03	T_NK_lineage	24	17797	low	3	screfmapping_not_available	accept	CD4 Naive / T Central Memory	CD4 Naive / T Central Memory	CD4 Naive / T Central Memory	raw_marker_winner	0.8111938528965557	3.050009383603978	1.8804976681463168	CD4 Naive / T Central Memory:13996; CD4 T Effector Memory:1397; Treg:859; CD8 Naive / T Central Memory:645; MAIT Cell:444	CD4 T Effector Memory:7399; CD4 Naive / T Central Memory:6587; Treg:1245; CD8 Naive / T Central Memory:666; CD8 Cytotoxic / T Effector Memory:641	not_available:17797	Study=infection_study_03; lineage=T_NK_lineage; cluster=24; cells=17797; final=CD4 Naive / T Central Memory; marker_assignment=CD4 Naive / T Central Memory; raw_marker_winner=CD4 Naive / T Central Memory; assignment_reason=raw_marker_winner; marker_score=0.811; best_total_score=3.050; score_margin=1.880; CellTypist=CD4 Naive / T Central Memory:13996; CD4 T Effector Memory:1397; Treg:859; CD8 Naive / T Central Memory:645; MAIT Cell:444; PanHuman=CD4 T Effector Memory:7399; CD4 Naive / T Central Memory:6587; Treg:1245; CD8 Naive / T Central Memory:666; CD8 Cytotoxic / T Effector Memory:641; scRefMap=not_available:17797; review_reasons=screfmapping_not_available.
infection_study_03	T_NK_lineage	25	25842	medium	6	raw_marker_winner_changed_by_policy;ambiguous_or_missing_label_candidate;screfmapping_not_available	evaluate_ontology_gap_or_conservative_policy	NK Cell	NK Cell	NKT Cell	source_supported_marker_tiebreak	0.909826638805046	3.3438366999458244	2.4340100611407784	NK Cell:25594; CD8 Cytotoxic / T Effector Memory:238; CD4 Naive / T Central Memory:5; Classical Monocyte:2; Plasma Cell:1	NK Cell:22503; not_available:1368; CD8 Cytotoxic / T Effector Memory:905; Lymphoid Cell:838; gdT Cell:146	not_available:25842	Study=infection_study_03; lineage=T_NK_lineage; cluster=25; cells=25842; final=NK Cell; marker_assignment=NK Cell; raw_marker_winner=NKT Cell; assignment_reason=source_supported_marker_tiebreak; marker_score=0.910; best_total_score=3.344; score_margin=2.434; CellTypist=NK Cell:25594; CD8 Cytotoxic / T Effector Memory:238; CD4 Naive / T Central Memory:5; Classical Monocyte:2; Plasma Cell:1; PanHuman=NK Cell:22503; not_available:1368; CD8 Cytotoxic / T Effector Memory:905; Lymphoid Cell:838; gdT Cell:146; scRefMap=not_available:25842; review_reasons=raw_marker_winner_changed_by_policy,ambiguous_or_missing_label_candidate,screfmapping_not_available.
infection_study_03	T_NK_lineage	3	14533	medium	6	raw_marker_winner_changed_by_policy;ambiguous_or_missing_label_candidate;screfmapping_not_available	evaluate_ontology_gap_or_conservative_policy	CD8 Cytotoxic / T Effector Memory	CD8 Cytotoxic / T Effector Memory	NKT Cell	source_supported_marker_tiebreak	0.7619373150760339	2.646192458542627	1.0547933668203398	CD8 Cytotoxic / T Effector Memory:6711; NK Cell:6596; CD4 Naive / T Central Memory:723; MAIT Cell:400; CD8 Naive / T Central Memory:70	CD8 Cytotoxic / T Effector Memory:9195; not_available:1840; gdT Cell:1380; NK Cell:1010; Blood Cell:476	not_available:14533	Study=infection_study_03; lineage=T_NK_lineage; cluster=3; cells=14533; final=CD8 Cytotoxic / T Effector Memory; marker_assignment=CD8 Cytotoxic / T Effector Memory; raw_marker_winner=NKT Cell; assignment_reason=source_supported_marker_tiebreak; marker_score=0.762; best_total_score=2.646; score_margin=1.055; CellTypist=CD8 Cytotoxic / T Effector Memory:6711; NK Cell:6596; CD4 Naive / T Central Memory:723; MAIT Cell:400; CD8 Naive / T Central Memory:70; PanHuman=CD8 Cytotoxic / T Effector Memory:9195; not_available:1840; gdT Cell:1380; NK Cell:1010; Blood Cell:476; scRefMap=not_available:14533; review_reasons=raw_marker_winner_changed_by_policy,ambiguous_or_missing_label_candidate,screfmapping_not_available.
infection_study_03	T_NK_lineage	4	20786	medium	6	raw_marker_winner_changed_by_policy;ambiguous_or_missing_label_candidate;screfmapping_not_available	evaluate_ontology_gap_or_conservative_policy	NK Cell	NK Cell	NKT Cell	source_supported_marker_tiebreak	0.924879245646108	3.357388434523237	2.4191355239103247	NK Cell:20484; CD8 Cytotoxic / T Effector Memory:257; CD4 Naive / T Central Memory:39; MAIT Cell:3; Platelet:1	NK Cell:15962; not_available:2306; CD8 Cytotoxic / T Effector Memory:1678; Lymphoid Cell:441; gdT Cell:238	not_available:20786	Study=infection_study_03; lineage=T_NK_lineage; cluster=4; cells=20786; final=NK Cell; marker_assignment=NK Cell; raw_marker_winner=NKT Cell; assignment_reason=source_supported_marker_tiebreak; marker_score=0.925; best_total_score=3.357; score_margin=2.419; CellTypist=NK Cell:20484; CD8 Cytotoxic / T Effector Memory:257; CD4 Naive / T Central Memory:39; MAIT Cell:3; Platelet:1; PanHuman=NK Cell:15962; not_available:2306; CD8 Cytotoxic / T Effector Memory:1678; Lymphoid Cell:441; gdT Cell:238; scRefMap=not_available:20786; review_reasons=raw_marker_winner_changed_by_policy,ambiguous_or_missing_label_candidate,screfmapping_not_available.
infection_study_03	T_NK_lineage	5	14190	medium	6	raw_marker_winner_changed_by_policy;ambiguous_or_missing_label_candidate;screfmapping_not_available	evaluate_ontology_gap_or_conservative_policy	CD4 Naive / T Central Memory	CD4 Naive / T Central Memory	NKT Cell	source_supported_marker_tiebreak	0.7731221811978165	2.810356307258633	1.5752470754052148	CD4 Naive / T Central Memory:9349; CD4 T Effector Memory:3502; CD8 Naive / T Central Memory:619; Treg:409; CD8 Cytotoxic / T Effector Memory:160	CD4 T Effector Memory:6295; CD4 Naive / T Central Memory:5720; Treg:749; CD8 Naive / T Central Memory:652; not_available:373	not_available:14190	Study=infection_study_03; lineage=T_NK_lineage; cluster=5; cells=14190; final=CD4 Naive / T Central Memory; marker_assignment=CD4 Naive / T Central Memory; raw_marker_winner=NKT Cell; assignment_reason=source_supported_marker_tiebreak; marker_score=0.773; best_total_score=2.810; score_margin=1.575; CellTypist=CD4 Naive / T Central Memory:9349; CD4 T Effector Memory:3502; CD8 Naive / T Central Memory:619; Treg:409; CD8 Cytotoxic / T Effector Memory:160; PanHuman=CD4 T Effector Memory:6295; CD4 Naive / T Central Memory:5720; Treg:749; CD8 Naive / T Central Memory:652; not_available:373; scRefMap=not_available:14190; review_reasons=raw_marker_winner_changed_by_policy,ambiguous_or_missing_label_candidate,screfmapping_not_available.
infection_study_03	T_NK_lineage	6	7028	medium	6	raw_marker_winner_changed_by_policy;ambiguous_or_missing_label_candidate;screfmapping_not_available	evaluate_ontology_gap_or_conservative_policy	CD8 Cytotoxic / T Effector Memory	CD8 Cytotoxic / T Effector Memory	NKT Cell	source_supported_marker_tiebreak	0.6824295674445077	2.2270923449060898	0.8735066875355719	CD8 Cytotoxic / T Effector Memory:4517; NK Cell:2301; MAIT Cell:129; CD4 Naive / T Central Memory:39; Treg:12	CD8 Cytotoxic / T Effector Memory:3826; NK Cell:1624; gdT Cell:713; Lymphoid Cell:612; not_available:199	not_available:7028	Study=infection_study_03; lineage=T_NK_lineage; cluster=6; cells=7028; final=CD8 Cytotoxic / T Effector Memory; marker_assignment=CD8 Cytotoxic / T Effector Memory; raw_marker_winner=NKT Cell; assignment_reason=source_supported_marker_tiebreak; marker_score=0.682; best_total_score=2.227; score_margin=0.874; CellTypist=CD8 Cytotoxic / T Effector Memory:4517; NK Cell:2301; MAIT Cell:129; CD4 Naive / T Central Memory:39; Treg:12; PanHuman=CD8 Cytotoxic / T Effector Memory:3826; NK Cell:1624; gdT Cell:713; Lymphoid Cell:612; not_available:199; scRefMap=not_available:7028; review_reasons=raw_marker_winner_changed_by_policy,ambiguous_or_missing_label_candidate,screfmapping_not_available.
infection_study_03	T_NK_lineage	7	19134	low	3	screfmapping_not_available	accept	CD4 Naive / T Central Memory	CD4 Naive / T Central Memory	CD4 Naive / T Central Memory	raw_marker_winner	0.8147110902059161	3.3208154071286717	2.530961743493258	CD4 Naive / T Central Memory:17831; CD4 T Effector Memory:847; Treg:282; CD8 Naive / T Central Memory:60; CD8 Cytotoxic / T Effector Memory:42	CD4 Naive / T Central Memory:13528; CD4 T Effector Memory:3865; Treg:859; not_available:486; Blood Cell:142	not_available:19134	Study=infection_study_03; lineage=T_NK_lineage; cluster=7; cells=19134; final=CD4 Naive / T Central Memory; marker_assignment=CD4 Naive / T Central Memory; raw_marker_winner=CD4 Naive / T Central Memory; assignment_reason=raw_marker_winner; marker_score=0.815; best_total_score=3.321; score_margin=2.531; CellTypist=CD4 Naive / T Central Memory:17831; CD4 T Effector Memory:847; Treg:282; CD8 Naive / T Central Memory:60; CD8 Cytotoxic / T Effector Memory:42; PanHuman=CD4 Naive / T Central Memory:13528; CD4 T Effector Memory:3865; Treg:859; not_available:486; Blood Cell:142; scRefMap=not_available:19134; review_reasons=screfmapping_not_available.
infection_study_03	T_NK_lineage	8	12348	medium	6	raw_marker_winner_changed_by_policy;ambiguous_or_missing_label_candidate;screfmapping_not_available	evaluate_ontology_gap_or_conservative_policy	NK Cell	NK Cell	NKT Cell	source_supported_marker_tiebreak	0.8803409459021704	3.224108195659216	2.343767249757046	NK Cell:12043; CD8 Cytotoxic / T Effector Memory:252; CD4 Naive / T Central Memory:37; MAIT Cell:4; Treg:4	NK Cell:10266; not_available:895; CD8 Cytotoxic / T Effector Memory:840; Lymphoid Cell:234; gdT Cell:68	not_available:12348	Study=infection_study_03; lineage=T_NK_lineage; cluster=8; cells=12348; final=NK Cell; marker_assignment=NK Cell; raw_marker_winner=NKT Cell; assignment_reason=source_supported_marker_tiebreak; marker_score=0.880; best_total_score=3.224; score_margin=2.344; CellTypist=NK Cell:12043; CD8 Cytotoxic / T Effector Memory:252; CD4 Naive / T Central Memory:37; MAIT Cell:4; Treg:4; PanHuman=NK Cell:10266; not_available:895; CD8 Cytotoxic / T Effector Memory:840; Lymphoid Cell:234; gdT Cell:68; scRefMap=not_available:12348; review_reasons=raw_marker_winner_changed_by_policy,ambiguous_or_missing_label_candidate,screfmapping_not_available.
infection_study_03	T_NK_lineage	9	27705	medium	6	raw_marker_winner_changed_by_policy;ambiguous_or_missing_label_candidate;screfmapping_not_available	evaluate_ontology_gap_or_conservative_policy	CD8 Cytotoxic / T Effector Memory	CD8 Cytotoxic / T Effector Memory	NKT Cell	source_supported_marker_tiebreak	0.6552165674066053	3.091016062082657	2.3739325031582745	CD8 Cytotoxic / T Effector Memory:24475; NK Cell:3121; CD4 Naive / T Central Memory:37; MAIT Cell:35; CD4 T Effector Memory:12	CD8 Cytotoxic / T Effector Memory:25060; gdT Cell:1577; Lymphoid Cell:509; not_available:374; NK Cell:127	not_available:27705	Study=infection_study_03; lineage=T_NK_lineage; cluster=9; cells=27705; final=CD8 Cytotoxic / T Effector Memory; marker_assignment=CD8 Cytotoxic / T Effector Memory; raw_marker_winner=NKT Cell; assignment_reason=source_supported_marker_tiebreak; marker_score=0.655; best_total_score=3.091; score_margin=2.374; CellTypist=CD8 Cytotoxic / T Effector Memory:24475; NK Cell:3121; CD4 Naive / T Central Memory:37; MAIT Cell:35; CD4 T Effector Memory:12; PanHuman=CD8 Cytotoxic / T Effector Memory:25060; gdT Cell:1577; Lymphoid Cell:509; not_available:374; NK Cell:127; scRefMap=not_available:27705; review_reasons=raw_marker_winner_changed_by_policy,ambiguous_or_missing_label_candidate,screfmapping_not_available.
infection_study_04	B_lineage	13	257	low	0	spot_check	accept	Memory B Cell	Memory B Cell	Memory B Cell	raw_marker_winner	0.298736004121396	3.7205258873898783	3.271654292059139	B Cell:99; Memory B Cell:53; CD4 Naive / T Central Memory:39; Blood Cell:23; NK Cell:21	Memory B Cell:215; Naive B Cell:23; Blood Cell:18; Treg:1	Memory B Cell:231; Naive B Cell:24; CD4 Naive / T Central Memory:1; not_available:1	Study=infection_study_04; lineage=B_lineage; cluster=13; cells=257; final=Memory B Cell; marker_assignment=Memory B Cell; raw_marker_winner=Memory B Cell; assignment_reason=raw_marker_winner; marker_score=0.299; best_total_score=3.721; score_margin=3.272; CellTypist=B Cell:99; Memory B Cell:53; CD4 Naive / T Central Memory:39; Blood Cell:23; NK Cell:21; PanHuman=Memory B Cell:215; Naive B Cell:23; Blood Cell:18; Treg:1; scRefMap=Memory B Cell:231; Naive B Cell:24; CD4 Naive / T Central Memory:1; not_available:1; review_reasons=spot_check.
infection_study_04	B_lineage	2	549	medium	5	marker_assignment_disagrees_with_final;low_total_score_or_margin	review_marker_vs_reference_disagreement	Memory B Cell	Naive B Cell	Naive B Cell	raw_marker_winner	0.5163084395871281	2.0397085610200367	0.0297753491196117	CD4 Naive / T Central Memory:184; B Cell:92; Blood Cell:84; Memory B Cell:68; Naive B Cell:54	Memory B Cell:295; Naive B Cell:146; Blood Cell:83; B Cell:14; Plasma Cell:10	Naive B Cell:304; Memory B Cell:227; Treg:11; CD4 Naive / T Central Memory:4; not_available:2	Study=infection_study_04; lineage=B_lineage; cluster=2; cells=549; final=Memory B Cell; marker_assignment=Naive B Cell; raw_marker_winner=Naive B Cell; assignment_reason=raw_marker_winner; marker_score=0.516; best_total_score=2.040; score_margin=0.030; CellTypist=CD4 Naive / T Central Memory:184; B Cell:92; Blood Cell:84; Memory B Cell:68; Naive B Cell:54; PanHuman=Memory B Cell:295; Naive B Cell:146; Blood Cell:83; B Cell:14; Plasma Cell:10; scRefMap=Naive B Cell:304; Memory B Cell:227; Treg:11; CD4 Naive / T Central Memory:4; not_available:2; review_reasons=marker_assignment_disagrees_with_final,low_total_score_or_margin.
infection_study_04	B_lineage	4	470	low	3	marker_assignment_disagrees_with_final	review_marker_vs_reference_disagreement	Memory B Cell	Naive B Cell	Naive B Cell	raw_marker_winner	0.4561170246131805	3.037878890471107	1.6545278233047351	B Cell:188; Memory B Cell:104; CD4 Naive / T Central Memory:64; Blood Cell:41; Naive B Cell:25	Memory B Cell:356; Naive B Cell:93; Blood Cell:20; B Cell:1	Memory B Cell:320; Naive B Cell:146; not_available:2; Plasma Cell:1; Treg:1	Study=infection_study_04; lineage=B_lineage; cluster=4; cells=470; final=Memory B Cell; marker_assignment=Naive B Cell; raw_marker_winner=Naive B Cell; assignment_reason=raw_marker_winner; marker_score=0.456; best_total_score=3.038; score_margin=1.655; CellTypist=B Cell:188; Memory B Cell:104; CD4 Naive / T Central Memory:64; Blood Cell:41; Naive B Cell:25; PanHuman=Memory B Cell:356; Naive B Cell:93; Blood Cell:20; B Cell:1; scRefMap=Memory B Cell:320; Naive B Cell:146; not_available:2; Plasma Cell:1; Treg:1; review_reasons=marker_assignment_disagrees_with_final.
infection_study_04	T_NK_lineage	1	1362	low	3	screfmapping_not_available	accept	NK Cell	NK Cell	NK Cell	raw_marker_winner	0.8663083700440528	3.4655741556534507	2.6827236000030177	NK Cell:1325; CD8 Cytotoxic / T Effector Memory:29; CD4 Naive / T Central Memory:4; B Cell:1; Blood Cell:1	NK Cell:1316; Blood Cell:46	not_available:1361; CD4 T Effector Memory:1	Study=infection_study_04; lineage=T_NK_lineage; cluster=1; cells=1362; final=NK Cell; marker_assignment=NK Cell; raw_marker_winner=NK Cell; assignment_reason=raw_marker_winner; marker_score=0.866; best_total_score=3.466; score_margin=2.683; CellTypist=NK Cell:1325; CD8 Cytotoxic / T Effector Memory:29; CD4 Naive / T Central Memory:4; B Cell:1; Blood Cell:1; PanHuman=NK Cell:1316; Blood Cell:46; scRefMap=not_available:1361; CD4 T Effector Memory:1; review_reasons=screfmapping_not_available.
infection_study_04	T_NK_lineage	11	847	low	2	screfmapping_not_available	accept	NK Cell	NK Cell	NK Cell	raw_marker_winner	0.7565029515938606	3.311874852420307	2.2374887839433297	NK Cell:554; CD8 Cytotoxic / T Effector Memory:258; CD4 Naive / T Central Memory:29; Treg:2; Blood Cell:2	NK Cell:810; Blood Cell:28; CD8 Cytotoxic / T Effector Memory:9	not_available:847	Study=infection_study_04; lineage=T_NK_lineage; cluster=11; cells=847; final=NK Cell; marker_assignment=NK Cell; raw_marker_winner=NK Cell; assignment_reason=raw_marker_winner; marker_score=0.757; best_total_score=3.312; score_margin=2.237; CellTypist=NK Cell:554; CD8 Cytotoxic / T Effector Memory:258; CD4 Naive / T Central Memory:29; Treg:2; Blood Cell:2; PanHuman=NK Cell:810; Blood Cell:28; CD8 Cytotoxic / T Effector Memory:9; scRefMap=not_available:847; review_reasons=screfmapping_not_available.
infection_study_04	T_NK_lineage	12	757	medium	5	raw_marker_winner_changed_by_policy;ambiguous_or_missing_label_candidate;screfmapping_not_available	evaluate_ontology_gap_or_conservative_policy	NK Cell	NK Cell	NKT Cell	source_supported_marker_tiebreak	0.6587177839464391	2.917116248348745	1.8000554821664467	NK Cell:239; CD8 Cytotoxic / T Effector Memory:163; CD4 Naive / T Central Memory:136; Treg:87; T Cell:77	Lymphoid Cell:575; NK Cell:66; Blood Cell:64; CD8 Cytotoxic / T Effector Memory:43; Treg:9	not_available:613; CD4 Naive / T Central Memory:102; CD4 T Effector Memory:24; Treg:18	Study=infection_study_04; lineage=T_NK_lineage; cluster=12; cells=757; final=NK Cell; marker_assignment=NK Cell; raw_marker_winner=NKT Cell; assignment_reason=source_supported_marker_tiebreak; marker_score=0.659; best_total_score=2.917; score_margin=1.800; CellTypist=NK Cell:239; CD8 Cytotoxic / T Effector Memory:163; CD4 Naive / T Central Memory:136; Treg:87; T Cell:77; PanHuman=Lymphoid Cell:575; NK Cell:66; Blood Cell:64; CD8 Cytotoxic / T Effector Memory:43; Treg:9; scRefMap=not_available:613; CD4 Naive / T Central Memory:102; CD4 T Effector Memory:24; Treg:18; review_reasons=raw_marker_winner_changed_by_policy,ambiguous_or_missing_label_candidate,screfmapping_not_available.
infection_study_04	T_NK_lineage	13	751	medium	6	marker_assignment_disagrees_with_final;ambiguous_or_missing_label_candidate;screfmapping_not_available	evaluate_ontology_gap_or_conservative_policy	CD8 Cytotoxic / T Effector Memory	NKT Cell	NKT Cell	raw_marker_winner	0.6811584242961743	2.2378162450066577	0.836750998668442	CD4 Naive / T Central Memory:411; NK Cell:146; CD8 Cytotoxic / T Effector Memory:129; Treg:28; CD8 Naive / T Central Memory:22	CD8 Cytotoxic / T Effector Memory:241; Blood Cell:239; NK Cell:157; Treg:46; CD4 Naive / T Central Memory:43	not_available:729; CD4 T Effector Memory:17; CD4 Naive / T Central Memory:4; Treg:1	Study=infection_study_04; lineage=T_NK_lineage; cluster=13; cells=751; final=CD8 Cytotoxic / T Effector Memory; marker_assignment=NKT Cell; raw_marker_winner=NKT Cell; assignment_reason=raw_marker_winner; marker_score=0.681; best_total_score=2.238; score_margin=0.837; CellTypist=CD4 Naive / T Central Memory:411; NK Cell:146; CD8 Cytotoxic / T Effector Memory:129; Treg:28; CD8 Naive / T Central Memory:22; PanHuman=CD8 Cytotoxic / T Effector Memory:241; Blood Cell:239; NK Cell:157; Treg:46; CD4 Naive / T Central Memory:43; scRefMap=not_available:729; CD4 T Effector Memory:17; CD4 Naive / T Central Memory:4; Treg:1; review_reasons=marker_assignment_disagrees_with_final,ambiguous_or_missing_label_candidate,screfmapping_not_available.
infection_study_04	T_NK_lineage	14	740	medium	4	marker_assignment_disagrees_with_final;screfmapping_not_available	review_marker_vs_reference_disagreement	CD4 Naive / T Central Memory	CD8 Naive / T Central Memory	CD8 Naive / T Central Memory	raw_marker_winner	0.9491216216216216	3.14635945945946	0.4712918918918922	CD4 Naive / T Central Memory:600; CD8 Naive / T Central Memory:132; CD8 Cytotoxic / T Effector Memory:3; NK Cell:2; Blood Cell:2	CD8 Naive / T Central Memory:338; CD4 Naive / T Central Memory:323; Blood Cell:75; CD8 Cytotoxic / T Effector Memory:3; CD4 T Effector Memory:1	not_available:446; CD4 Naive / T Central Memory:291; CD4 T Effector Memory:3	Study=infection_study_04; lineage=T_NK_lineage; cluster=14; cells=740; final=CD4 Naive / T Central Memory; marker_assignment=CD8 Naive / T Central Memory; raw_marker_winner=CD8 Naive / T Central Memory; assignment_reason=raw_marker_winner; marker_score=0.949; best_total_score=3.146; score_margin=0.471; CellTypist=CD4 Naive / T Central Memory:600; CD8 Naive / T Central Memory:132; CD8 Cytotoxic / T Effector Memory:3; NK Cell:2; Blood Cell:2; PanHuman=CD8 Naive / T Central Memory:338; CD4 Naive / T Central Memory:323; Blood Cell:75; CD8 Cytotoxic / T Effector Memory:3; CD4 T Effector Memory:1; scRefMap=not_available:446; CD4 Naive / T Central Memory:291; CD4 T Effector Memory:3; review_reasons=marker_assignment_disagrees_with_final,screfmapping_not_available.
infection_study_04	T_NK_lineage	15	736	medium	5	raw_marker_winner_changed_by_policy;ambiguous_or_missing_label_candidate;screfmapping_not_available	evaluate_ontology_gap_or_conservative_policy	NK Cell	NK Cell	NKT Cell	source_supported_marker_tiebreak	0.6757145590490018	2.79603125	1.400657608695652	NK Cell:446; CD8 Cytotoxic / T Effector Memory:168; CD4 Naive / T Central Memory:106; Blood Cell:6; Treg:5	NK Cell:444; Blood Cell:168; CD8 Cytotoxic / T Effector Memory:113; Lymphoid Cell:6; Treg:3	not_available:736	Study=infection_study_04; lineage=T_NK_lineage; cluster=15; cells=736; final=NK Cell; marker_assignment=NK Cell; raw_marker_winner=NKT Cell; assignment_reason=source_supported_marker_tiebreak; marker_score=0.676; best_total_score=2.796; score_margin=1.401; CellTypist=NK Cell:446; CD8 Cytotoxic / T Effector Memory:168; CD4 Naive / T Central Memory:106; Blood Cell:6; Treg:5; PanHuman=NK Cell:444; Blood Cell:168; CD8 Cytotoxic / T Effector Memory:113; Lymphoid Cell:6; Treg:3; scRefMap=not_available:736; review_reasons=raw_marker_winner_changed_by_policy,ambiguous_or_missing_label_candidate,screfmapping_not_available.
infection_study_04	T_NK_lineage	18	680	low	2	screfmapping_not_available	accept	CD8 Cytotoxic / T Effector Memory	CD8 Cytotoxic / T Effector Memory	CD8 Cytotoxic / T Effector Memory	raw_marker_winner	0.6923970588235294	2.6385735294117647	1.2063558823529412	CD8 Cytotoxic / T Effector Memory:364; CD4 Naive / T Central Memory:169; NK Cell:121; Treg:12; Blood Cell:8	CD8 Cytotoxic / T Effector Memory:325; Blood Cell:234; NK Cell:77; gdT Cell:31; Treg:6	not_available:665; CD4 T Effector Memory:14; CD4 Naive / T Central Memory:1	Study=infection_study_04; lineage=T_NK_lineage; cluster=18; cells=680; final=CD8 Cytotoxic / T Effector Memory; marker_assignment=CD8 Cytotoxic / T Effector Memory; raw_marker_winner=CD8 Cytotoxic / T Effector Memory; assignment_reason=raw_marker_winner; marker_score=0.692; best_total_score=2.639; score_margin=1.206; CellTypist=CD8 Cytotoxic / T Effector Memory:364; CD4 Naive / T Central Memory:169; NK Cell:121; Treg:12; Blood Cell:8; PanHuman=CD8 Cytotoxic / T Effector Memory:325; Blood Cell:234; NK Cell:77; gdT Cell:31; Treg:6; scRefMap=not_available:665; CD4 T Effector Memory:14; CD4 Naive / T Central Memory:1; review_reasons=screfmapping_not_available.
infection_study_04	T_NK_lineage	19	593	low	2	screfmapping_not_available	accept	NK Cell	NK Cell	NK Cell	raw_marker_winner	0.8358060708263069	3.3282175379426646	2.6491281618887017	NK Cell:413; CD4 Naive / T Central Memory:126; CD8 Cytotoxic / T Effector Memory:23; Blood Cell:12; Treg:10	NK Cell:514; Blood Cell:58; CD8 Cytotoxic / T Effector Memory:10; Treg:2; CD4 T Effector Memory:2	not_available:586; CD4 T Effector Memory:5; CD4 Naive / T Central Memory:2	Study=infection_study_04; lineage=T_NK_lineage; cluster=19; cells=593; final=NK Cell; marker_assignment=NK Cell; raw_marker_winner=NK Cell; assignment_reason=raw_marker_winner; marker_score=0.836; best_total_score=3.328; score_margin=2.649; CellTypist=NK Cell:413; CD4 Naive / T Central Memory:126; CD8 Cytotoxic / T Effector Memory:23; Blood Cell:12; Treg:10; PanHuman=NK Cell:514; Blood Cell:58; CD8 Cytotoxic / T Effector Memory:10; Treg:2; CD4 T Effector Memory:2; scRefMap=not_available:586; CD4 T Effector Memory:5; CD4 Naive / T Central Memory:2; review_reasons=screfmapping_not_available.
infection_study_04	T_NK_lineage	2	1353	low	3	screfmapping_not_available	accept	NK Cell	NK Cell	NK Cell	raw_marker_winner	0.8850532150776054	3.389118255728012	2.486187730968219	NK Cell:1098; CD4 Naive / T Central Memory:185; CD8 Cytotoxic / T Effector Memory:44; Blood Cell:15; Treg:9	NK Cell:1136; Blood Cell:202; CD8 Cytotoxic / T Effector Memory:7; T Cell:3; Lymphoid Cell:2	not_available:1349; CD4 T Effector Memory:4	Study=infection_study_04; lineage=T_NK_lineage; cluster=2; cells=1353; final=NK Cell; marker_assignment=NK Cell; raw_marker_winner=NK Cell; assignment_reason=raw_marker_winner; marker_score=0.885; best_total_score=3.389; score_margin=2.486; CellTypist=NK Cell:1098; CD4 Naive / T Central Memory:185; CD8 Cytotoxic / T Effector Memory:44; Blood Cell:15; Treg:9; PanHuman=NK Cell:1136; Blood Cell:202; CD8 Cytotoxic / T Effector Memory:7; T Cell:3; Lymphoid Cell:2; scRefMap=not_available:1349; CD4 T Effector Memory:4; review_reasons=screfmapping_not_available.
infection_study_04	T_NK_lineage	20	567	medium	5	raw_marker_winner_changed_by_policy;ambiguous_or_missing_label_candidate;screfmapping_not_available	evaluate_ontology_gap_or_conservative_policy	CD8 Cytotoxic / T Effector Memory	CD8 Cytotoxic / T Effector Memory	NKT Cell	source_supported_marker_tiebreak	0.7904360981163099	2.233395061728395	0.1855749559082893	CD8 Cytotoxic / T Effector Memory:255; NK Cell:172; CD4 Naive / T Central Memory:113; Treg:9; Blood Cell:9	CD8 Cytotoxic / T Effector Memory:217; Blood Cell:166; gdT Cell:87; NK Cell:82; MAIT Cell:13	not_available:557; CD4 T Effector Memory:10	Study=infection_study_04; lineage=T_NK_lineage; cluster=20; cells=567; final=CD8 Cytotoxic / T Effector Memory; marker_assignment=CD8 Cytotoxic / T Effector Memory; raw_marker_winner=NKT Cell; assignment_reason=source_supported_marker_tiebreak; marker_score=0.790; best_total_score=2.233; score_margin=0.186; CellTypist=CD8 Cytotoxic / T Effector Memory:255; NK Cell:172; CD4 Naive / T Central Memory:113; Treg:9; Blood Cell:9; PanHuman=CD8 Cytotoxic / T Effector Memory:217; Blood Cell:166; gdT Cell:87; NK Cell:82; MAIT Cell:13; scRefMap=not_available:557; CD4 T Effector Memory:10; review_reasons=raw_marker_winner_changed_by_policy,ambiguous_or_missing_label_candidate,screfmapping_not_available.
infection_study_04	T_NK_lineage	22	463	medium	6	marker_assignment_disagrees_with_final;ambiguous_or_missing_label_candidate;screfmapping_not_available	evaluate_ontology_gap_or_conservative_policy	CD4 Naive / T Central Memory	NKT Cell	NKT Cell	raw_marker_winner	0.3510151187904967	1.203023758099352	0.2553409205633405	CD4 Naive / T Central Memory:236; CD8 Cytotoxic / T Effector Memory:86; NK Cell:76; Treg:30; Blood Cell:13	Blood Cell:318; NK Cell:31; Lymphoid Cell:23; CD8 Cytotoxic / T Effector Memory:21; Treg:17	not_available:341; CD4 Naive / T Central Memory:66; CD4 T Effector Memory:50; Treg:6	Study=infection_study_04; lineage=T_NK_lineage; cluster=22; cells=463; final=CD4 Naive / T Central Memory; marker_assignment=NKT Cell; raw_marker_winner=NKT Cell; assignment_reason=raw_marker_winner; marker_score=0.351; best_total_score=1.203; score_margin=0.255; CellTypist=CD4 Naive / T Central Memory:236; CD8 Cytotoxic / T Effector Memory:86; NK Cell:76; Treg:30; Blood Cell:13; PanHuman=Blood Cell:318; NK Cell:31; Lymphoid Cell:23; CD8 Cytotoxic / T Effector Memory:21; Treg:17; scRefMap=not_available:341; CD4 Naive / T Central Memory:66; CD4 T Effector Memory:50; Treg:6; review_reasons=marker_assignment_disagrees_with_final,ambiguous_or_missing_label_candidate,screfmapping_not_available.
infection_study_04	T_NK_lineage	23	438	low	2	screfmapping_not_available	accept	CD8 Cytotoxic / T Effector Memory	CD8 Cytotoxic / T Effector Memory	CD8 Cytotoxic / T Effector Memory	raw_marker_winner	0.7193493150684931	2.7577054794520546	1.822622400422678	CD8 Cytotoxic / T Effector Memory:258; CD4 Naive / T Central Memory:76; NK Cell:74; Treg:13; Blood Cell:13	CD8 Cytotoxic / T Effector Memory:256; Blood Cell:127; NK Cell:41; Plasma Cell:4; gdT Cell:3	not_available:422; CD4 T Effector Memory:14; CD4 Naive / T Central Memory:2	Study=infection_study_04; lineage=T_NK_lineage; cluster=23; cells=438; final=CD8 Cytotoxic / T Effector Memory; marker_assignment=CD8 Cytotoxic / T Effector Memory; raw_marker_winner=CD8 Cytotoxic / T Effector Memory; assignment_reason=raw_marker_winner; marker_score=0.719; best_total_score=2.758; score_margin=1.823; CellTypist=CD8 Cytotoxic / T Effector Memory:258; CD4 Naive / T Central Memory:76; NK Cell:74; Treg:13; Blood Cell:13; PanHuman=CD8 Cytotoxic / T Effector Memory:256; Blood Cell:127; NK Cell:41; Plasma Cell:4; gdT Cell:3; scRefMap=not_available:422; CD4 T Effector Memory:14; CD4 Naive / T Central Memory:2; review_reasons=screfmapping_not_available.
infection_study_04	T_NK_lineage	26	336	medium	6	marker_assignment_disagrees_with_final;ambiguous_or_missing_label_candidate;screfmapping_not_available	evaluate_ontology_gap_or_conservative_policy	CD4 Naive / T Central Memory	NKT Cell	NKT Cell	raw_marker_winner	0.5374553571428572	1.911771018070943	1.0088692323566573	CD4 Naive / T Central Memory:205; CD8 Cytotoxic / T Effector Memory:61; NK Cell:41; Treg:17; Blood Cell:6	Blood Cell:98; CD4 Naive / T Central Memory:92; CD8 Cytotoxic / T Effector Memory:60; NK Cell:31; Treg:15	not_available:188; CD4 Naive / T Central Memory:124; CD4 T Effector Memory:17; Treg:7	Study=infection_study_04; lineage=T_NK_lineage; cluster=26; cells=336; final=CD4 Naive / T Central Memory; marker_assignment=NKT Cell; raw_marker_winner=NKT Cell; assignment_reason=raw_marker_winner; marker_score=0.537; best_total_score=1.912; score_margin=1.009; CellTypist=CD4 Naive / T Central Memory:205; CD8 Cytotoxic / T Effector Memory:61; NK Cell:41; Treg:17; Blood Cell:6; PanHuman=Blood Cell:98; CD4 Naive / T Central Memory:92; CD8 Cytotoxic / T Effector Memory:60; NK Cell:31; Treg:15; scRefMap=not_available:188; CD4 Naive / T Central Memory:124; CD4 T Effector Memory:17; Treg:7; review_reasons=marker_assignment_disagrees_with_final,ambiguous_or_missing_label_candidate,screfmapping_not_available.
infection_study_04	T_NK_lineage	29	219	medium	4	raw_marker_winner_changed_by_policy;ambiguous_or_missing_label_candidate;screfmapping_not_available	evaluate_ontology_gap_or_conservative_policy	CD8 Cytotoxic / T Effector Memory	CD8 Cytotoxic / T Effector Memory	NKT Cell	source_supported_marker_tiebreak	0.7187811354315292	2.6339954337899543	1.3066255707762555	CD8 Cytotoxic / T Effector Memory:154; NK Cell:32; CD4 Naive / T Central Memory:13; gdT Cell:7; Treg:6	CD8 Cytotoxic / T Effector Memory:108; Blood Cell:57; NK Cell:45; gdT Cell:9	not_available:214; CD4 T Effector Memory:5	Study=infection_study_04; lineage=T_NK_lineage; cluster=29; cells=219; final=CD8 Cytotoxic / T Effector Memory; marker_assignment=CD8 Cytotoxic / T Effector Memory; raw_marker_winner=NKT Cell; assignment_reason=source_supported_marker_tiebreak; marker_score=0.719; best_total_score=2.634; score_margin=1.307; CellTypist=CD8 Cytotoxic / T Effector Memory:154; NK Cell:32; CD4 Naive / T Central Memory:13; gdT Cell:7; Treg:6; PanHuman=CD8 Cytotoxic / T Effector Memory:108; Blood Cell:57; NK Cell:45; gdT Cell:9; scRefMap=not_available:214; CD4 T Effector Memory:5; review_reasons=raw_marker_winner_changed_by_policy,ambiguous_or_missing_label_candidate,screfmapping_not_available.
infection_study_04	T_NK_lineage	3	1174	low	3	screfmapping_not_available	accept	CD8 Cytotoxic / T Effector Memory	CD8 Cytotoxic / T Effector Memory	CD8 Cytotoxic / T Effector Memory	raw_marker_winner	0.6310519591141397	3.112142248722317	2.47074531516184	CD8 Cytotoxic / T Effector Memory:993; NK Cell:78; CD4 Naive / T Central Memory:64; Blood Cell:20; Treg:9	CD8 Cytotoxic / T Effector Memory:1036; Blood Cell:100; NK Cell:26; MAIT Cell:7; Treg:3	not_available:1163; CD4 T Effector Memory:11	Study=infection_study_04; lineage=T_NK_lineage; cluster=3; cells=1174; final=CD8 Cytotoxic / T Effector Memory; marker_assignment=CD8 Cytotoxic / T Effector Memory; raw_marker_winner=CD8 Cytotoxic / T Effector Memory; assignment_reason=raw_marker_winner; marker_score=0.631; best_total_score=3.112; score_margin=2.471; CellTypist=CD8 Cytotoxic / T Effector Memory:993; NK Cell:78; CD4 Naive / T Central Memory:64; Blood Cell:20; Treg:9; PanHuman=CD8 Cytotoxic / T Effector Memory:1036; Blood Cell:100; NK Cell:26; MAIT Cell:7; Treg:3; scRefMap=not_available:1163; CD4 T Effector Memory:11; review_reasons=screfmapping_not_available.
infection_study_04	T_NK_lineage	5	1163	low	3	screfmapping_not_available	accept	NK Cell	NK Cell	NK Cell	raw_marker_winner	0.7600584694754944	3.1064041272570937	1.6482484952708512	NK Cell:585; CD8 Cytotoxic / T Effector Memory:395; CD4 Naive / T Central Memory:161; Blood Cell:10; Treg:9	NK Cell:886; Blood Cell:166; CD8 Cytotoxic / T Effector Memory:109; MAIT Cell:2	not_available:1162; CD4 T Effector Memory:1	Study=infection_study_04; lineage=T_NK_lineage; cluster=5; cells=1163; final=NK Cell; marker_assignment=NK Cell; raw_marker_winner=NK Cell; assignment_reason=raw_marker_winner; marker_score=0.760; best_total_score=3.106; score_margin=1.648; CellTypist=NK Cell:585; CD8 Cytotoxic / T Effector Memory:395; CD4 Naive / T Central Memory:161; Blood Cell:10; Treg:9; PanHuman=NK Cell:886; Blood Cell:166; CD8 Cytotoxic / T Effector Memory:109; MAIT Cell:2; scRefMap=not_available:1162; CD4 T Effector Memory:1; review_reasons=screfmapping_not_available.
infection_study_04	T_NK_lineage	6	1129	medium	6	raw_marker_winner_changed_by_policy;ambiguous_or_missing_label_candidate;screfmapping_not_available	evaluate_ontology_gap_or_conservative_policy	CD8 Cytotoxic / T Effector Memory	CD8 Cytotoxic / T Effector Memory	NKT Cell	source_supported_marker_tiebreak	0.6351948627103632	3.0528609388839683	2.3230115146147035	CD8 Cytotoxic / T Effector Memory:995; NK Cell:70; CD4 Naive / T Central Memory:50; Blood Cell:8; Treg:4	CD8 Cytotoxic / T Effector Memory:957; Blood Cell:101; NK Cell:66; MAIT Cell:3; Treg:2	not_available:1128; CD4 T Effector Memory:1	Study=infection_study_04; lineage=T_NK_lineage; cluster=6; cells=1129; final=CD8 Cytotoxic / T Effector Memory; marker_assignment=CD8 Cytotoxic / T Effector Memory; raw_marker_winner=NKT Cell; assignment_reason=source_supported_marker_tiebreak; marker_score=0.635; best_total_score=3.053; score_margin=2.323; CellTypist=CD8 Cytotoxic / T Effector Memory:995; NK Cell:70; CD4 Naive / T Central Memory:50; Blood Cell:8; Treg:4; PanHuman=CD8 Cytotoxic / T Effector Memory:957; Blood Cell:101; NK Cell:66; MAIT Cell:3; Treg:2; scRefMap=not_available:1128; CD4 T Effector Memory:1; review_reasons=raw_marker_winner_changed_by_policy,ambiguous_or_missing_label_candidate,screfmapping_not_available.
infection_study_04	T_NK_lineage	7	992	low	2	screfmapping_not_available	accept	CD8 Cytotoxic / T Effector Memory	CD8 Cytotoxic / T Effector Memory	CD8 Cytotoxic / T Effector Memory	raw_marker_winner	0.7356048387096774	2.9757258064516128	2.261114937020682	CD8 Cytotoxic / T Effector Memory:520; CD4 Naive / T Central Memory:317; NK Cell:108; Blood Cell:25; Treg:13	CD8 Cytotoxic / T Effector Memory:659; Blood Cell:286; NK Cell:20; Treg:11; CD4 Naive / T Central Memory:5	not_available:947; CD4 T Effector Memory:44; CD4 Naive / T Central Memory:1	Study=infection_study_04; lineage=T_NK_lineage; cluster=7; cells=992; final=CD8 Cytotoxic / T Effector Memory; marker_assignment=CD8 Cytotoxic / T Effector Memory; raw_marker_winner=CD8 Cytotoxic / T Effector Memory; assignment_reason=raw_marker_winner; marker_score=0.736; best_total_score=2.976; score_margin=2.261; CellTypist=CD8 Cytotoxic / T Effector Memory:520; CD4 Naive / T Central Memory:317; NK Cell:108; Blood Cell:25; Treg:13; PanHuman=CD8 Cytotoxic / T Effector Memory:659; Blood Cell:286; NK Cell:20; Treg:11; CD4 Naive / T Central Memory:5; scRefMap=not_available:947; CD4 T Effector Memory:44; CD4 Naive / T Central Memory:1; review_reasons=screfmapping_not_available.
infection_study_04	Myeloid_lineage	26	23	low	3	marker_assignment_disagrees_with_final;screfmapping_not_available	review_marker_vs_reference_disagreement	Conventional DC 1	Intermediate Monocyte	Intermediate Monocyte	raw_marker_winner	0.967391304347826	3.0497826086956525	1.4063043478260873	Conventional DC 1:21; CD4 Naive / T Central Memory:1; NK Cell:1	Conventional DC 1:22; Conventional DC 2:1	not_available:23	Study=infection_study_04; lineage=Myeloid_lineage; cluster=26; cells=23; final=Conventional DC 1; marker_assignment=Intermediate Monocyte; raw_marker_winner=Intermediate Monocyte; assignment_reason=raw_marker_winner; marker_score=0.967; best_total_score=3.050; score_margin=1.406; CellTypist=Conventional DC 1:21; CD4 Naive / T Central Memory:1; NK Cell:1; PanHuman=Conventional DC 1:22; Conventional DC 2:1; scRefMap=not_available:23; review_reasons=marker_assignment_disagrees_with_final,screfmapping_not_available.
infection_study_06	B_lineage	0	10143	low	3	screfmapping_not_available	accept	Naive B Cell	Naive B Cell	Naive B Cell	raw_marker_winner	0.6915892733905156	2.589213250517598	1.6224381346741594	Naive B Cell:7084; Memory B Cell:2479; B Cell:549; Plasma Cell:14; Plasmablast:8	Naive B Cell:6454; Memory B Cell:3544; not_available:122; Plasma Cell:19; Blood Cell:3	not_available:10143	Study=infection_study_06; lineage=B_lineage; cluster=0; cells=10143; final=Naive B Cell; marker_assignment=Naive B Cell; raw_marker_winner=Naive B Cell; assignment_reason=raw_marker_winner; marker_score=0.692; best_total_score=2.589; score_margin=1.622; CellTypist=Naive B Cell:7084; Memory B Cell:2479; B Cell:549; Plasma Cell:14; Plasmablast:8; PanHuman=Naive B Cell:6454; Memory B Cell:3544; not_available:122; Plasma Cell:19; Blood Cell:3; scRefMap=not_available:10143; review_reasons=screfmapping_not_available.
infection_study_06	B_lineage	1	10113	low	3	screfmapping_not_available	accept	Naive B Cell	Naive B Cell	Naive B Cell	raw_marker_winner	0.6878641352714328	2.8971195490952235	2.292056758627509	Naive B Cell:8328; Memory B Cell:1537; B Cell:226; CD4 Naive / T Central Memory:4; Classical Monocyte:4	Naive B Cell:7815; Memory B Cell:2126; not_available:156; Blood Cell:10; Plasma Cell:4	not_available:10113	Study=infection_study_06; lineage=B_lineage; cluster=1; cells=10113; final=Naive B Cell; marker_assignment=Naive B Cell; raw_marker_winner=Naive B Cell; assignment_reason=raw_marker_winner; marker_score=0.688; best_total_score=2.897; score_margin=2.292; CellTypist=Naive B Cell:8328; Memory B Cell:1537; B Cell:226; CD4 Naive / T Central Memory:4; Classical Monocyte:4; PanHuman=Naive B Cell:7815; Memory B Cell:2126; not_available:156; Blood Cell:10; Plasma Cell:4; scRefMap=not_available:10113; review_reasons=screfmapping_not_available.
infection_study_06	B_lineage	2	1842	medium	4	raw_marker_winner_changed_by_policy;screfmapping_not_available	accept	Plasma Cell	Plasma Cell	Memory B Cell	source_supported_marker_tiebreak	0.5222519001085777	2.1530944625407167	0.7363735070575461	Plasma Cell:910; Classical Monocyte:265; Plasmablast:244; Memory B Cell:210; Naive B Cell:125	Plasma Cell:1211; not_available:292; Memory B Cell:251; HSC:36; Naive B Cell:16	not_available:1842	Study=infection_study_06; lineage=B_lineage; cluster=2; cells=1842; final=Plasma Cell; marker_assignment=Plasma Cell; raw_marker_winner=Memory B Cell; assignment_reason=source_supported_marker_tiebreak; marker_score=0.522; best_total_score=2.153; score_margin=0.736; CellTypist=Plasma Cell:910; Classical Monocyte:265; Plasmablast:244; Memory B Cell:210; Naive B Cell:125; PanHuman=Plasma Cell:1211; not_available:292; Memory B Cell:251; HSC:36; Naive B Cell:16; scRefMap=not_available:1842; review_reasons=raw_marker_winner_changed_by_policy,screfmapping_not_available.
infection_study_06	B_lineage	3	4484	medium	6	raw_marker_winner_changed_by_policy;ambiguous_or_missing_label_candidate;screfmapping_not_available	evaluate_ontology_gap_or_conservative_policy	Plasma Cell	Plasma Cell	Plasmablast	source_supported_marker_tiebreak	0.6199390425215582	2.988983050847457	0.6178397264347306	Plasma Cell:3709; Plasmablast:734; Memory B Cell:16; Classical Monocyte:6; Naive B Cell:6	Plasma Cell:4458; Memory B Cell:12; not_available:5; Naive B Cell:3; CD4 T Effector Memory:2	not_available:4484	Study=infection_study_06; lineage=B_lineage; cluster=3; cells=4484; final=Plasma Cell; marker_assignment=Plasma Cell; raw_marker_winner=Plasmablast; assignment_reason=source_supported_marker_tiebreak; marker_score=0.620; best_total_score=2.989; score_margin=0.618; CellTypist=Plasma Cell:3709; Plasmablast:734; Memory B Cell:16; Classical Monocyte:6; Naive B Cell:6; PanHuman=Plasma Cell:4458; Memory B Cell:12; not_available:5; Naive B Cell:3; CD4 T Effector Memory:2; scRefMap=not_available:4484; review_reasons=raw_marker_winner_changed_by_policy,ambiguous_or_missing_label_candidate,screfmapping_not_available.
infection_study_06	B_lineage	4	5689	low	3	screfmapping_not_available	accept	Naive B Cell	Naive B Cell	Naive B Cell	raw_marker_winner	0.6276129372473194	2.337157672701705	1.1007013534891894	Naive B Cell:3528; Memory B Cell:1765; B Cell:178; Classical Monocyte:53; CD4 Naive / T Central Memory:47	Naive B Cell:2541; Memory B Cell:2393; not_available:483; Treg:66; CD8 Cytotoxic / T Effector Memory:42	not_available:5689	Study=infection_study_06; lineage=B_lineage; cluster=4; cells=5689; final=Naive B Cell; marker_assignment=Naive B Cell; raw_marker_winner=Naive B Cell; assignment_reason=raw_marker_winner; marker_score=0.628; best_total_score=2.337; score_margin=1.101; CellTypist=Naive B Cell:3528; Memory B Cell:1765; B Cell:178; Classical Monocyte:53; CD4 Naive / T Central Memory:47; PanHuman=Naive B Cell:2541; Memory B Cell:2393; not_available:483; Treg:66; CD8 Cytotoxic / T Effector Memory:42; scRefMap=not_available:5689; review_reasons=screfmapping_not_available.
infection_study_06	B_lineage	5	12024	low	3	screfmapping_not_available	accept	Memory B Cell	Memory B Cell	Memory B Cell	raw_marker_winner	0.2967356532827454	2.48429387018228	1.8629033179534045	Memory B Cell:8557; Naive B Cell:2665; B Cell:743; Plasma Cell:24; Plasmablast:8	Memory B Cell:9947; Naive B Cell:1910; not_available:117; Plasma Cell:33; Blood Cell:12	not_available:12024	Study=infection_study_06; lineage=B_lineage; cluster=5; cells=12024; final=Memory B Cell; marker_assignment=Memory B Cell; raw_marker_winner=Memory B Cell; assignment_reason=raw_marker_winner; marker_score=0.297; best_total_score=2.484; score_margin=1.863; CellTypist=Memory B Cell:8557; Naive B Cell:2665; B Cell:743; Plasma Cell:24; Plasmablast:8; PanHuman=Memory B Cell:9947; Naive B Cell:1910; not_available:117; Plasma Cell:33; Blood Cell:12; scRefMap=not_available:12024; review_reasons=screfmapping_not_available.
infection_study_06	B_lineage	6	3627	medium	6	raw_marker_winner_changed_by_policy;ambiguous_or_missing_label_candidate;screfmapping_not_available	evaluate_ontology_gap_or_conservative_policy	Plasma Cell	Plasma Cell	Plasmablast	source_supported_marker_tiebreak	0.6233002481389578	2.978494623655914	0.5602674386545354	Plasma Cell:2642; Plasmablast:947; Naive B Cell:8; CD4 Naive / T Central Memory:7; Memory B Cell:5	Plasma Cell:3591; not_available:16; Memory B Cell:6; Blood Cell:5; Naive B Cell:4	not_available:3627	Study=infection_study_06; lineage=B_lineage; cluster=6; cells=3627; final=Plasma Cell; marker_assignment=Plasma Cell; raw_marker_winner=Plasmablast; assignment_reason=source_supported_marker_tiebreak; marker_score=0.623; best_total_score=2.978; score_margin=0.560; CellTypist=Plasma Cell:2642; Plasmablast:947; Naive B Cell:8; CD4 Naive / T Central Memory:7; Memory B Cell:5; PanHuman=Plasma Cell:3591; not_available:16; Memory B Cell:6; Blood Cell:5; Naive B Cell:4; scRefMap=not_available:3627; review_reasons=raw_marker_winner_changed_by_policy,ambiguous_or_missing_label_candidate,screfmapping_not_available.
infection_study_06	B_lineage	7	4297	low	3	screfmapping_not_available	accept	Naive B Cell	Naive B Cell	Naive B Cell	raw_marker_winner	0.6130986734931347	2.614960437514545	1.627341168256924	Naive B Cell:3214; Memory B Cell:959; B Cell:101; Plasma Cell:6; CD4 Naive / T Central Memory:3	Naive B Cell:2530; Memory B Cell:1567; not_available:178; Plasma Cell:7; Treg:5	not_available:4297	Study=infection_study_06; lineage=B_lineage; cluster=7; cells=4297; final=Naive B Cell; marker_assignment=Naive B Cell; raw_marker_winner=Naive B Cell; assignment_reason=raw_marker_winner; marker_score=0.613; best_total_score=2.615; score_margin=1.627; CellTypist=Naive B Cell:3214; Memory B Cell:959; B Cell:101; Plasma Cell:6; CD4 Naive / T Central Memory:3; PanHuman=Naive B Cell:2530; Memory B Cell:1567; not_available:178; Plasma Cell:7; Treg:5; scRefMap=not_available:4297; review_reasons=screfmapping_not_available.
infection_study_06	B_lineage	8	8097	medium	6	raw_marker_winner_changed_by_policy;ambiguous_or_missing_label_candidate;screfmapping_not_available	evaluate_ontology_gap_or_conservative_policy	Naive B Cell	Naive B Cell	Plasmablast	source_supported_marker_tiebreak	0.4985171462681651	2.42488143756947	1.5073564283067802	Naive B Cell:5870; Memory B Cell:2120; B Cell:55; Plasma Cell:11; Plasmablast:9	Naive B Cell:5217; Memory B Cell:2703; not_available:128; Plasma Cell:25; HSC:19	not_available:8097	Study=infection_study_06; lineage=B_lineage; cluster=8; cells=8097; final=Naive B Cell; marker_assignment=Naive B Cell; raw_marker_winner=Plasmablast; assignment_reason=source_supported_marker_tiebreak; marker_score=0.499; best_total_score=2.425; score_margin=1.507; CellTypist=Naive B Cell:5870; Memory B Cell:2120; B Cell:55; Plasma Cell:11; Plasmablast:9; PanHuman=Naive B Cell:5217; Memory B Cell:2703; not_available:128; Plasma Cell:25; HSC:19; scRefMap=not_available:8097; review_reasons=raw_marker_winner_changed_by_policy,ambiguous_or_missing_label_candidate,screfmapping_not_available.
infection_study_06	B_lineage	9	3287	medium	6	raw_marker_winner_changed_by_policy;ambiguous_or_missing_label_candidate;screfmapping_not_available	evaluate_ontology_gap_or_conservative_policy	Plasma Cell	Plasma Cell	Plasmablast	source_supported_marker_tiebreak	0.6444843322178279	2.9984180103437783	0.4211073927593549	Plasma Cell:2159; Plasmablast:1118; CD8 Cytotoxic / T Effector Memory:3; Treg:3; Classical Monocyte:2	Plasma Cell:3285; not_available:1; Memory B Cell:1	not_available:3287	Study=infection_study_06; lineage=B_lineage; cluster=9; cells=3287; final=Plasma Cell; marker_assignment=Plasma Cell; raw_marker_winner=Plasmablast; assignment_reason=source_supported_marker_tiebreak; marker_score=0.644; best_total_score=2.998; score_margin=0.421; CellTypist=Plasma Cell:2159; Plasmablast:1118; CD8 Cytotoxic / T Effector Memory:3; Treg:3; Classical Monocyte:2; PanHuman=Plasma Cell:3285; not_available:1; Memory B Cell:1; scRefMap=not_available:3287; review_reasons=raw_marker_winner_changed_by_policy,ambiguous_or_missing_label_candidate,screfmapping_not_available.
infection_study_06	T_NK_lineage	0	14466	low	3	screfmapping_not_available	accept	CD8 Cytotoxic / T Effector Memory	CD8 Cytotoxic / T Effector Memory	CD8 Cytotoxic / T Effector Memory	raw_marker_winner	0.6159971657680077	2.5291590626296143	1.475885006221485	CD8 Cytotoxic / T Effector Memory:7457; MAIT Cell:2871; CD4 T Effector Memory:2667; CD8 Naive / T Central Memory:817; CD4 Naive / T Central Memory:469	CD8 Cytotoxic / T Effector Memory:9789; MAIT Cell:2629; gdT Cell:774; not_available:551; CD4 T Effector Memory:501	not_available:14466	Study=infection_study_06; lineage=T_NK_lineage; cluster=0; cells=14466; final=CD8 Cytotoxic / T Effector Memory; marker_assignment=CD8 Cytotoxic / T Effector Memory; raw_marker_winner=CD8 Cytotoxic / T Effector Memory; assignment_reason=raw_marker_winner; marker_score=0.616; best_total_score=2.529; score_margin=1.476; CellTypist=CD8 Cytotoxic / T Effector Memory:7457; MAIT Cell:2871; CD4 T Effector Memory:2667; CD8 Naive / T Central Memory:817; CD4 Naive / T Central Memory:469; PanHuman=CD8 Cytotoxic / T Effector Memory:9789; MAIT Cell:2629; gdT Cell:774; not_available:551; CD4 T Effector Memory:501; scRefMap=not_available:14466; review_reasons=screfmapping_not_available.
infection_study_06	T_NK_lineage	1	25257	low	3	screfmapping_not_available	accept	CD4 Naive / T Central Memory	CD4 Naive / T Central Memory	CD4 Naive / T Central Memory	raw_marker_winner	0.857461772973829	3.31096773171794	2.4469660443626484	CD4 Naive / T Central Memory:22824; CD4 T Effector Memory:1149; CD8 Naive / T Central Memory:892; Treg:329; CD8 Cytotoxic / T Effector Memory:28	CD4 Naive / T Central Memory:20445; CD4 T Effector Memory:2501; CD8 Naive / T Central Memory:1041; Treg:851; not_available:373	not_available:25257	Study=infection_study_06; lineage=T_NK_lineage; cluster=1; cells=25257; final=CD4 Naive / T Central Memory; marker_assignment=CD4 Naive / T Central Memory; raw_marker_winner=CD4 Naive / T Central Memory; assignment_reason=raw_marker_winner; marker_score=0.857; best_total_score=3.311; score_margin=2.447; CellTypist=CD4 Naive / T Central Memory:22824; CD4 T Effector Memory:1149; CD8 Naive / T Central Memory:892; Treg:329; CD8 Cytotoxic / T Effector Memory:28; PanHuman=CD4 Naive / T Central Memory:20445; CD4 T Effector Memory:2501; CD8 Naive / T Central Memory:1041; Treg:851; not_available:373; scRefMap=not_available:25257; review_reasons=screfmapping_not_available.
infection_study_06	T_NK_lineage	10	7828	medium	6	raw_marker_winner_changed_by_policy;ambiguous_or_missing_label_candidate;screfmapping_not_available	evaluate_ontology_gap_or_conservative_policy	CD4 Naive / T Central Memory	CD4 Naive / T Central Memory	NKT Cell	source_supported_marker_tiebreak	0.5322253449156873	2.3151091128631007	0.5475331036653492	CD4 Naive / T Central Memory:3889; CD4 T Effector Memory:2695; Treg:522; CD8 Cytotoxic / T Effector Memory:409; CD8 Naive / T Central Memory:137	CD4 T Effector Memory:4541; CD4 Naive / T Central Memory:944; Treg:901; CD8 Cytotoxic / T Effector Memory:539; not_available:408	not_available:7828	Study=infection_study_06; lineage=T_NK_lineage; cluster=10; cells=7828; final=CD4 Naive / T Central Memory; marker_assignment=CD4 Naive / T Central Memory; raw_marker_winner=NKT Cell; assignment_reason=source_supported_marker_tiebreak; marker_score=0.532; best_total_score=2.315; score_margin=0.548; CellTypist=CD4 Naive / T Central Memory:3889; CD4 T Effector Memory:2695; Treg:522; CD8 Cytotoxic / T Effector Memory:409; CD8 Naive / T Central Memory:137; PanHuman=CD4 T Effector Memory:4541; CD4 Naive / T Central Memory:944; Treg:901; CD8 Cytotoxic / T Effector Memory:539; not_available:408; scRefMap=not_available:7828; review_reasons=raw_marker_winner_changed_by_policy,ambiguous_or_missing_label_candidate,screfmapping_not_available.
infection_study_06	T_NK_lineage	11	7075	medium	6	raw_marker_winner_changed_by_policy;ambiguous_or_missing_label_candidate;screfmapping_not_available	evaluate_ontology_gap_or_conservative_policy	NK Cell	NK Cell	NKT Cell	source_supported_marker_tiebreak	0.8202388692579505	2.986162826855124	1.9850108833922264	NK Cell:6006; CD8 Cytotoxic / T Effector Memory:865; Classical Monocyte:115; Treg:35; gdT Cell:30	NK Cell:3985; Lymphoid Cell:1234; not_available:737; CD8 Cytotoxic / T Effector Memory:709; gdT Cell:362	not_available:7075	Study=infection_study_06; lineage=T_NK_lineage; cluster=11; cells=7075; final=NK Cell; marker_assignment=NK Cell; raw_marker_winner=NKT Cell; assignment_reason=source_supported_marker_tiebreak; marker_score=0.820; best_total_score=2.986; score_margin=1.985; CellTypist=NK Cell:6006; CD8 Cytotoxic / T Effector Memory:865; Classical Monocyte:115; Treg:35; gdT Cell:30; PanHuman=NK Cell:3985; Lymphoid Cell:1234; not_available:737; CD8 Cytotoxic / T Effector Memory:709; gdT Cell:362; scRefMap=not_available:7075; review_reasons=raw_marker_winner_changed_by_policy,ambiguous_or_missing_label_candidate,screfmapping_not_available.
infection_study_06	T_NK_lineage	12	24369	low	3	screfmapping_not_available	accept	CD8 Naive / T Central Memory	CD8 Naive / T Central Memory	CD8 Naive / T Central Memory	raw_marker_winner	0.7926913291476876	3.3278712708769342	2.725154704747836	CD8 Naive / T Central Memory:20797; CD4 Naive / T Central Memory:1730; CD4 T Effector Memory:1579; CD8 Cytotoxic / T Effector Memory:211; Treg:21	CD8 Naive / T Central Memory:22318; CD4 T Effector Memory:998; not_available:523; CD8 Cytotoxic / T Effector Memory:294; CD4 Naive / T Central Memory:177	not_available:24369	Study=infection_study_06; lineage=T_NK_lineage; cluster=12; cells=24369; final=CD8 Naive / T Central Memory; marker_assignment=CD8 Naive / T Central Memory; raw_marker_winner=CD8 Naive / T Central Memory; assignment_reason=raw_marker_winner; marker_score=0.793; best_total_score=3.328; score_margin=2.725; CellTypist=CD8 Naive / T Central Memory:20797; CD4 Naive / T Central Memory:1730; CD4 T Effector Memory:1579; CD8 Cytotoxic / T Effector Memory:211; Treg:21; PanHuman=CD8 Naive / T Central Memory:22318; CD4 T Effector Memory:998; not_available:523; CD8 Cytotoxic / T Effector Memory:294; CD4 Naive / T Central Memory:177; scRefMap=not_available:24369; review_reasons=screfmapping_not_available.
infection_study_06	T_NK_lineage	13	32373	low	3	screfmapping_not_available	accept	CD4 Naive / T Central Memory	CD4 Naive / T Central Memory	CD4 Naive / T Central Memory	raw_marker_winner	0.847519445216693	3.3350924226979277	2.482211163624008	CD4 Naive / T Central Memory:29059; CD4 T Effector Memory:2246; CD8 Naive / T Central Memory:725; Treg:276; CD8 Cytotoxic / T Effector Memory:39	CD4 Naive / T Central Memory:25942; CD4 T Effector Memory:3860; Treg:1060; CD8 Naive / T Central Memory:813; not_available:637	not_available:32373	Study=infection_study_06; lineage=T_NK_lineage; cluster=13; cells=32373; final=CD4 Naive / T Central Memory; marker_assignment=CD4 Naive / T Central Memory; raw_marker_winner=CD4 Naive / T Central Memory; assignment_reason=raw_marker_winner; marker_score=0.848; best_total_score=3.335; score_margin=2.482; CellTypist=CD4 Naive / T Central Memory:29059; CD4 T Effector Memory:2246; CD8 Naive / T Central Memory:725; Treg:276; CD8 Cytotoxic / T Effector Memory:39; PanHuman=CD4 Naive / T Central Memory:25942; CD4 T Effector Memory:3860; Treg:1060; CD8 Naive / T Central Memory:813; not_available:637; scRefMap=not_available:32373; review_reasons=screfmapping_not_available.
infection_study_06	T_NK_lineage	14	11232	high	7	marker_assignment_disagrees_with_final;ambiguous_or_missing_label_candidate;screfmapping_not_available	evaluate_ontology_gap_or_conservative_policy	NK Cell	NKT Cell	NKT Cell	raw_marker_winner	0.8838612891737891	3.0699704415954416	2.009112624643875	NK Cell:9950; CD8 Cytotoxic / T Effector Memory:1274; MAIT Cell:6; Classical Monocyte:1; CD4 T Effector Memory:1	NK Cell:8578; CD8 Cytotoxic / T Effector Memory:1595; not_available:637; gdT Cell:326; Lymphoid Cell:95	not_available:11232	Study=infection_study_06; lineage=T_NK_lineage; cluster=14; cells=11232; final=NK Cell; marker_assignment=NKT Cell; raw_marker_winner=NKT Cell; assignment_reason=raw_marker_winner; marker_score=0.884; best_total_score=3.070; score_margin=2.009; CellTypist=NK Cell:9950; CD8 Cytotoxic / T Effector Memory:1274; MAIT Cell:6; Classical Monocyte:1; CD4 T Effector Memory:1; PanHuman=NK Cell:8578; CD8 Cytotoxic / T Effector Memory:1595; not_available:637; gdT Cell:326; Lymphoid Cell:95; scRefMap=not_available:11232; review_reasons=marker_assignment_disagrees_with_final,ambiguous_or_missing_label_candidate,screfmapping_not_available.
infection_study_06	T_NK_lineage	15	40632	low	3	screfmapping_not_available	accept	CD4 Naive / T Central Memory	CD4 Naive / T Central Memory	CD4 Naive / T Central Memory	raw_marker_winner	0.835273282142154	3.3684048040952943	2.515956487497539	CD4 Naive / T Central Memory:38211; CD4 T Effector Memory:1227; CD8 Naive / T Central Memory:807; Treg:308; CD8 Cytotoxic / T Effector Memory:29	CD4 Naive / T Central Memory:36689; CD4 T Effector Memory:1212; Treg:1103; CD8 Naive / T Central Memory:1056; not_available:490	not_available:40632	Study=infection_study_06; lineage=T_NK_lineage; cluster=15; cells=40632; final=CD4 Naive / T Central Memory; marker_assignment=CD4 Naive / T Central Memory; raw_marker_winner=CD4 Naive / T Central Memory; assignment_reason=raw_marker_winner; marker_score=0.835; best_total_score=3.368; score_margin=2.516; CellTypist=CD4 Naive / T Central Memory:38211; CD4 T Effector Memory:1227; CD8 Naive / T Central Memory:807; Treg:308; CD8 Cytotoxic / T Effector Memory:29; PanHuman=CD4 Naive / T Central Memory:36689; CD4 T Effector Memory:1212; Treg:1103; CD8 Naive / T Central Memory:1056; not_available:490; scRefMap=not_available:40632; review_reasons=screfmapping_not_available.
infection_study_06	T_NK_lineage	16	9471	medium	6	raw_marker_winner_changed_by_policy;ambiguous_or_missing_label_candidate;screfmapping_not_available	evaluate_ontology_gap_or_conservative_policy	CD8 Cytotoxic / T Effector Memory	CD8 Cytotoxic / T Effector Memory	NKT Cell	source_supported_marker_tiebreak	0.7752666033153839	2.885876359412945	1.8017036215816704	CD8 Cytotoxic / T Effector Memory:7257; NK Cell:2125; MAIT Cell:31; gdT Cell:26; Classical Monocyte:17	CD8 Cytotoxic / T Effector Memory:7077; gdT Cell:1199; NK Cell:622; not_available:480; Lymphoid Cell:83	not_available:9471	Study=infection_study_06; lineage=T_NK_lineage; cluster=16; cells=9471; final=CD8 Cytotoxic / T Effector Memory; marker_assignment=CD8 Cytotoxic / T Effector Memory; raw_marker_winner=NKT Cell; assignment_reason=source_supported_marker_tiebreak; marker_score=0.775; best_total_score=2.886; score_margin=1.802; CellTypist=CD8 Cytotoxic / T Effector Memory:7257; NK Cell:2125; MAIT Cell:31; gdT Cell:26; Classical Monocyte:17; PanHuman=CD8 Cytotoxic / T Effector Memory:7077; gdT Cell:1199; NK Cell:622; not_available:480; Lymphoid Cell:83; scRefMap=not_available:9471; review_reasons=raw_marker_winner_changed_by_policy,ambiguous_or_missing_label_candidate,screfmapping_not_available.
infection_study_06	T_NK_lineage	17	10196	low	3	screfmapping_not_available	accept	CD8 Cytotoxic / T Effector Memory	CD8 Cytotoxic / T Effector Memory	CD8 Cytotoxic / T Effector Memory	raw_marker_winner	0.6679104550804238	2.097431836014123	0.5799622400941544	MAIT Cell:3501; CD8 Cytotoxic / T Effector Memory:3401; CD4 T Effector Memory:2514; CD8 Naive / T Central Memory:395; CD4 Naive / T Central Memory:224	CD8 Cytotoxic / T Effector Memory:4740; MAIT Cell:3620; gdT Cell:762; CD4 T Effector Memory:555; not_available:417	not_available:10196	Study=infection_study_06; lineage=T_NK_lineage; cluster=17; cells=10196; final=CD8 Cytotoxic / T Effector Memory; marker_assignment=CD8 Cytotoxic / T Effector Memory; raw_marker_winner=CD8 Cytotoxic / T Effector Memory; assignment_reason=raw_marker_winner; marker_score=0.668; best_total_score=2.097; score_margin=0.580; CellTypist=MAIT Cell:3501; CD8 Cytotoxic / T Effector Memory:3401; CD4 T Effector Memory:2514; CD8 Naive / T Central Memory:395; CD4 Naive / T Central Memory:224; PanHuman=CD8 Cytotoxic / T Effector Memory:4740; MAIT Cell:3620; gdT Cell:762; CD4 T Effector Memory:555; not_available:417; scRefMap=not_available:10196; review_reasons=screfmapping_not_available.
infection_study_06	T_NK_lineage	18	15014	medium	6	raw_marker_winner_changed_by_policy;ambiguous_or_missing_label_candidate;screfmapping_not_available	evaluate_ontology_gap_or_conservative_policy	CD4 Naive / T Central Memory	CD4 Naive / T Central Memory	NKT Cell	source_supported_marker_tiebreak	0.7875945783934994	2.9964573731184228	2.021007792726788	CD4 Naive / T Central Memory:10341; CD4 T Effector Memory:3109; CD8 Naive / T Central Memory:787; Treg:673; CD8 Cytotoxic / T Effector Memory:86	CD4 Naive / T Central Memory:7693; CD4 T Effector Memory:4942; Treg:1099; CD8 Naive / T Central Memory:785; not_available:348	not_available:15014	Study=infection_study_06; lineage=T_NK_lineage; cluster=18; cells=15014; final=CD4 Naive / T Central Memory; marker_assignment=CD4 Naive / T Central Memory; raw_marker_winner=NKT Cell; assignment_reason=source_supported_marker_tiebreak; marker_score=0.788; best_total_score=2.996; score_margin=2.021; CellTypist=CD4 Naive / T Central Memory:10341; CD4 T Effector Memory:3109; CD8 Naive / T Central Memory:787; Treg:673; CD8 Cytotoxic / T Effector Memory:86; PanHuman=CD4 Naive / T Central Memory:7693; CD4 T Effector Memory:4942; Treg:1099; CD8 Naive / T Central Memory:785; not_available:348; scRefMap=not_available:15014; review_reasons=raw_marker_winner_changed_by_policy,ambiguous_or_missing_label_candidate,screfmapping_not_available.
infection_study_06	T_NK_lineage	19	12958	medium	6	raw_marker_winner_changed_by_policy;ambiguous_or_missing_label_candidate;screfmapping_not_available	evaluate_ontology_gap_or_conservative_policy	CD8 Cytotoxic / T Effector Memory	CD8 Cytotoxic / T Effector Memory	NKT Cell	source_supported_marker_tiebreak	0.629642305911406	3.162550162062047	2.4841406852909405	CD8 Cytotoxic / T Effector Memory:12462; NK Cell:289; MAIT Cell:108; CD4 T Effector Memory:45; CD4 Naive / T Central Memory:23	CD8 Cytotoxic / T Effector Memory:11913; gdT Cell:531; not_available:279; NK Cell:135; Lymphoid Cell:55	not_available:12958	Study=infection_study_06; lineage=T_NK_lineage; cluster=19; cells=12958; final=CD8 Cytotoxic / T Effector Memory; marker_assignment=CD8 Cytotoxic / T Effector Memory; raw_marker_winner=NKT Cell; assignment_reason=source_supported_marker_tiebreak; marker_score=0.630; best_total_score=3.163; score_margin=2.484; CellTypist=CD8 Cytotoxic / T Effector Memory:12462; NK Cell:289; MAIT Cell:108; CD4 T Effector Memory:45; CD4 Naive / T Central Memory:23; PanHuman=CD8 Cytotoxic / T Effector Memory:11913; gdT Cell:531; not_available:279; NK Cell:135; Lymphoid Cell:55; scRefMap=not_available:12958; review_reasons=raw_marker_winner_changed_by_policy,ambiguous_or_missing_label_candidate,screfmapping_not_available.
infection_study_06	T_NK_lineage	2	8041	medium	6	raw_marker_winner_changed_by_policy;ambiguous_or_missing_label_candidate;screfmapping_not_available	evaluate_ontology_gap_or_conservative_policy	NK Cell	NK Cell	NKT Cell	source_supported_marker_tiebreak	0.8539422957343614	3.261879119512499	2.4079368237781376	NK Cell:7918; CD8 Cytotoxic / T Effector Memory:103; Treg:13; Classical Monocyte:6; CD4 T Effector Memory:1	NK Cell:7297; Lymphoid Cell:429; not_available:177; CD8 Cytotoxic / T Effector Memory:71; gdT Cell:61	not_available:8041	Study=infection_study_06; lineage=T_NK_lineage; cluster=2; cells=8041; final=NK Cell; marker_assignment=NK Cell; raw_marker_winner=NKT Cell; assignment_reason=source_supported_marker_tiebreak; marker_score=0.854; best_total_score=3.262; score_margin=2.408; CellTypist=NK Cell:7918; CD8 Cytotoxic / T Effector Memory:103; Treg:13; Classical Monocyte:6; CD4 T Effector Memory:1; PanHuman=NK Cell:7297; Lymphoid Cell:429; not_available:177; CD8 Cytotoxic / T Effector Memory:71; gdT Cell:61; scRefMap=not_available:8041; review_reasons=raw_marker_winner_changed_by_policy,ambiguous_or_missing_label_candidate,screfmapping_not_available.
infection_study_06	T_NK_lineage	20	5005	high	7	marker_assignment_disagrees_with_final;ambiguous_or_missing_label_candidate;screfmapping_not_available	evaluate_ontology_gap_or_conservative_policy	Treg	NKT Cell	NKT Cell	raw_marker_winner	0.8383926073926073	1.9278981018981016	0.673438397795525	Treg:2777; CD4 T Effector Memory:873; NK Cell:650; CD8 Cytotoxic / T Effector Memory:538; Blood Cell:75	Lymphoid Cell:4475; not_available:175; Treg:167; CD4 T Effector Memory:128; CD8 Cytotoxic / T Effector Memory:51	not_available:5005	Study=infection_study_06; lineage=T_NK_lineage; cluster=20; cells=5005; final=Treg; marker_assignment=NKT Cell; raw_marker_winner=NKT Cell; assignment_reason=raw_marker_winner; marker_score=0.838; best_total_score=1.928; score_margin=0.673; CellTypist=Treg:2777; CD4 T Effector Memory:873; NK Cell:650; CD8 Cytotoxic / T Effector Memory:538; Blood Cell:75; PanHuman=Lymphoid Cell:4475; not_available:175; Treg:167; CD4 T Effector Memory:128; CD8 Cytotoxic / T Effector Memory:51; scRefMap=not_available:5005; review_reasons=marker_assignment_disagrees_with_final,ambiguous_or_missing_label_candidate,screfmapping_not_available.
infection_study_06	T_NK_lineage	21	15319	medium	6	raw_marker_winner_changed_by_policy;ambiguous_or_missing_label_candidate;screfmapping_not_available	evaluate_ontology_gap_or_conservative_policy	CD4 Naive / T Central Memory	CD4 Naive / T Central Memory	NKT Cell	source_supported_marker_tiebreak	0.7763803120308114	2.439427627158233	0.3689530530998741	CD4 T Effector Memory:8250; CD4 Naive / T Central Memory:5963; Treg:534; CD8 Naive / T Central Memory:395; CD8 Cytotoxic / T Effector Memory:97	CD4 T Effector Memory:11417; CD4 Naive / T Central Memory:1982; Treg:874; not_available:388; CD8 Naive / T Central Memory:342	not_available:15319	Study=infection_study_06; lineage=T_NK_lineage; cluster=21; cells=15319; final=CD4 Naive / T Central Memory; marker_assignment=CD4 Naive / T Central Memory; raw_marker_winner=NKT Cell; assignment_reason=source_supported_marker_tiebreak; marker_score=0.776; best_total_score=2.439; score_margin=0.369; CellTypist=CD4 T Effector Memory:8250; CD4 Naive / T Central Memory:5963; Treg:534; CD8 Naive / T Central Memory:395; CD8 Cytotoxic / T Effector Memory:97; PanHuman=CD4 T Effector Memory:11417; CD4 Naive / T Central Memory:1982; Treg:874; not_available:388; CD8 Naive / T Central Memory:342; scRefMap=not_available:15319; review_reasons=raw_marker_winner_changed_by_policy,ambiguous_or_missing_label_candidate,screfmapping_not_available.
infection_study_06	T_NK_lineage	22	7183	high	7	marker_assignment_disagrees_with_final;ambiguous_or_missing_label_candidate;screfmapping_not_available	evaluate_ontology_gap_or_conservative_policy	NK Cell	NKT Cell	NKT Cell	raw_marker_winner	0.8707538632883196	3.197634832242796	2.3268809689544763	NK Cell:6983; CD8 Cytotoxic / T Effector Memory:130; MAIT Cell:15; Classical Monocyte:14; CD4 Naive / T Central Memory:13	NK Cell:6897; not_available:149; gdT Cell:55; Lymphoid Cell:52; CD8 Cytotoxic / T Effector Memory:21	not_available:7183	Study=infection_study_06; lineage=T_NK_lineage; cluster=22; cells=7183; final=NK Cell; marker_assignment=NKT Cell; raw_marker_winner=NKT Cell; assignment_reason=raw_marker_winner; marker_score=0.871; best_total_score=3.198; score_margin=2.327; CellTypist=NK Cell:6983; CD8 Cytotoxic / T Effector Memory:130; MAIT Cell:15; Classical Monocyte:14; CD4 Naive / T Central Memory:13; PanHuman=NK Cell:6897; not_available:149; gdT Cell:55; Lymphoid Cell:52; CD8 Cytotoxic / T Effector Memory:21; scRefMap=not_available:7183; review_reasons=marker_assignment_disagrees_with_final,ambiguous_or_missing_label_candidate,screfmapping_not_available.
infection_study_06	T_NK_lineage	23	16156	medium	6	raw_marker_winner_changed_by_policy;ambiguous_or_missing_label_candidate;screfmapping_not_available	evaluate_ontology_gap_or_conservative_policy	NK Cell	NK Cell	NKT Cell	source_supported_marker_tiebreak	0.8599873112156474	3.305338016835851	2.4453507056202035	NK Cell:16057; CD8 Cytotoxic / T Effector Memory:71; Classical Monocyte:11; Treg:7; CD4 Naive / T Central Memory:4	NK Cell:15380; not_available:373; Lymphoid Cell:336; CD8 Cytotoxic / T Effector Memory:36; gdT Cell:22	not_available:16156	Study=infection_study_06; lineage=T_NK_lineage; cluster=23; cells=16156; final=NK Cell; marker_assignment=NK Cell; raw_marker_winner=NKT Cell; assignment_reason=source_supported_marker_tiebreak; marker_score=0.860; best_total_score=3.305; score_margin=2.445; CellTypist=NK Cell:16057; CD8 Cytotoxic / T Effector Memory:71; Classical Monocyte:11; Treg:7; CD4 Naive / T Central Memory:4; PanHuman=NK Cell:15380; not_available:373; Lymphoid Cell:336; CD8 Cytotoxic / T Effector Memory:36; gdT Cell:22; scRefMap=not_available:16156; review_reasons=raw_marker_winner_changed_by_policy,ambiguous_or_missing_label_candidate,screfmapping_not_available.
infection_study_06	T_NK_lineage	24	12997	low	3	screfmapping_not_available	accept	CD8 Cytotoxic / T Effector Memory	CD8 Cytotoxic / T Effector Memory	CD8 Cytotoxic / T Effector Memory	raw_marker_winner	0.5936127567900285	3.1596972378241137	2.609160916409168	CD8 Cytotoxic / T Effector Memory:12369; CD4 T Effector Memory:197; MAIT Cell:159; Treg:90; NK Cell:76	CD8 Cytotoxic / T Effector Memory:12346; gdT Cell:286; not_available:200; Lymphoid Cell:81; MAIT Cell:70	not_available:12997	Study=infection_study_06; lineage=T_NK_lineage; cluster=24; cells=12997; final=CD8 Cytotoxic / T Effector Memory; marker_assignment=CD8 Cytotoxic / T Effector Memory; raw_marker_winner=CD8 Cytotoxic / T Effector Memory; assignment_reason=raw_marker_winner; marker_score=0.594; best_total_score=3.160; score_margin=2.609; CellTypist=CD8 Cytotoxic / T Effector Memory:12369; CD4 T Effector Memory:197; MAIT Cell:159; Treg:90; NK Cell:76; PanHuman=CD8 Cytotoxic / T Effector Memory:12346; gdT Cell:286; not_available:200; Lymphoid Cell:81; MAIT Cell:70; scRefMap=not_available:12997; review_reasons=screfmapping_not_available.
infection_study_06	T_NK_lineage	25	25299	medium	6	raw_marker_winner_changed_by_policy;ambiguous_or_missing_label_candidate;screfmapping_not_available	evaluate_ontology_gap_or_conservative_policy	CD4 Naive / T Central Memory	CD4 Naive / T Central Memory	NKT Cell	source_supported_marker_tiebreak	0.8160192102454642	2.4662006325356023	0.2778532670270843	CD4 T Effector Memory:14879; CD4 Naive / T Central Memory:7848; Treg:2225; CD8 Naive / T Central Memory:202; CD8 Cytotoxic / T Effector Memory:91	CD4 T Effector Memory:19796; Treg:3164; CD4 Naive / T Central Memory:1638; not_available:485; CD8 Cytotoxic / T Effector Memory:124	not_available:25299	Study=infection_study_06; lineage=T_NK_lineage; cluster=25; cells=25299; final=CD4 Naive / T Central Memory; marker_assignment=CD4 Naive / T Central Memory; raw_marker_winner=NKT Cell; assignment_reason=source_supported_marker_tiebreak; marker_score=0.816; best_total_score=2.466; score_margin=0.278; CellTypist=CD4 T Effector Memory:14879; CD4 Naive / T Central Memory:7848; Treg:2225; CD8 Naive / T Central Memory:202; CD8 Cytotoxic / T Effector Memory:91; PanHuman=CD4 T Effector Memory:19796; Treg:3164; CD4 Naive / T Central Memory:1638; not_available:485; CD8 Cytotoxic / T Effector Memory:124; scRefMap=not_available:25299; review_reasons=raw_marker_winner_changed_by_policy,ambiguous_or_missing_label_candidate,screfmapping_not_available.
infection_study_06	T_NK_lineage	26	6235	medium	6	raw_marker_winner_changed_by_policy;ambiguous_or_missing_label_candidate;screfmapping_not_available	evaluate_ontology_gap_or_conservative_policy	NK Cell	NK Cell	NKT Cell	source_supported_marker_tiebreak	0.5458291900561347	2.1698476343223736	0.3476062550120287	CD8 Cytotoxic / T Effector Memory:3157; NK Cell:2027; Treg:820; CD4 T Effector Memory:155; T Cell:38	Lymphoid Cell:5845; CD8 Cytotoxic / T Effector Memory:267; not_available:103; gdT Cell:7; NK Cell:7	not_available:6235	Study=infection_study_06; lineage=T_NK_lineage; cluster=26; cells=6235; final=NK Cell; marker_assignment=NK Cell; raw_marker_winner=NKT Cell; assignment_reason=source_supported_marker_tiebreak; marker_score=0.546; best_total_score=2.170; score_margin=0.348; CellTypist=CD8 Cytotoxic / T Effector Memory:3157; NK Cell:2027; Treg:820; CD4 T Effector Memory:155; T Cell:38; PanHuman=Lymphoid Cell:5845; CD8 Cytotoxic / T Effector Memory:267; not_available:103; gdT Cell:7; NK Cell:7; scRefMap=not_available:6235; review_reasons=raw_marker_winner_changed_by_policy,ambiguous_or_missing_label_candidate,screfmapping_not_available.
infection_study_06	T_NK_lineage	27	16472	medium	6	raw_marker_winner_changed_by_policy;ambiguous_or_missing_label_candidate;screfmapping_not_available	evaluate_ontology_gap_or_conservative_policy	CD4 Naive / T Central Memory	CD4 Naive / T Central Memory	NKT Cell	source_supported_marker_tiebreak	0.8002540675084993	2.665445024330377	0.4560244925188179	CD4 T Effector Memory:8194; CD4 Naive / T Central Memory:7577; Treg:224; CD8 Naive / T Central Memory:211; CD8 Cytotoxic / T Effector Memory:185	CD4 T Effector Memory:12502; CD4 Naive / T Central Memory:2121; Treg:585; not_available:532; CD8 Cytotoxic / T Effector Memory:477	not_available:16472	Study=infection_study_06; lineage=T_NK_lineage; cluster=27; cells=16472; final=CD4 Naive / T Central Memory; marker_assignment=CD4 Naive / T Central Memory; raw_marker_winner=NKT Cell; assignment_reason=source_supported_marker_tiebreak; marker_score=0.800; best_total_score=2.665; score_margin=0.456; CellTypist=CD4 T Effector Memory:8194; CD4 Naive / T Central Memory:7577; Treg:224; CD8 Naive / T Central Memory:211; CD8 Cytotoxic / T Effector Memory:185; PanHuman=CD4 T Effector Memory:12502; CD4 Naive / T Central Memory:2121; Treg:585; not_available:532; CD8 Cytotoxic / T Effector Memory:477; scRefMap=not_available:16472; review_reasons=raw_marker_winner_changed_by_policy,ambiguous_or_missing_label_candidate,screfmapping_not_available.
infection_study_06	T_NK_lineage	28	28775	low	3	screfmapping_not_available	accept	CD4 Naive / T Central Memory	CD4 Naive / T Central Memory	CD4 Naive / T Central Memory	raw_marker_winner	0.8296990443092963	3.3536608166811472	2.5333741094700266	CD4 Naive / T Central Memory:26427; CD4 T Effector Memory:1580; CD8 Naive / T Central Memory:422; Treg:298; CD8 Cytotoxic / T Effector Memory:19	CD4 Naive / T Central Memory:24476; CD4 T Effector Memory:2646; Treg:903; not_available:379; CD8 Naive / T Central Memory:317	not_available:28775	Study=infection_study_06; lineage=T_NK_lineage; cluster=28; cells=28775; final=CD4 Naive / T Central Memory; marker_assignment=CD4 Naive / T Central Memory; raw_marker_winner=CD4 Naive / T Central Memory; assignment_reason=raw_marker_winner; marker_score=0.830; best_total_score=3.354; score_margin=2.533; CellTypist=CD4 Naive / T Central Memory:26427; CD4 T Effector Memory:1580; CD8 Naive / T Central Memory:422; Treg:298; CD8 Cytotoxic / T Effector Memory:19; PanHuman=CD4 Naive / T Central Memory:24476; CD4 T Effector Memory:2646; Treg:903; not_available:379; CD8 Naive / T Central Memory:317; scRefMap=not_available:28775; review_reasons=screfmapping_not_available.
infection_study_06	T_NK_lineage	29	14776	medium	6	raw_marker_winner_changed_by_policy;ambiguous_or_missing_label_candidate;screfmapping_not_available	evaluate_ontology_gap_or_conservative_policy	NK Cell	NK Cell	NKT Cell	source_supported_marker_tiebreak	0.8552074309691391	3.304365389821332	2.449157958852193	NK Cell:14740; CD8 Cytotoxic / T Effector Memory:28; Classical Monocyte:5; Treg:3	NK Cell:14521; not_available:151; Lymphoid Cell:92; gdT Cell:8; CD8 Cytotoxic / T Effector Memory:4	not_available:14776	Study=infection_study_06; lineage=T_NK_lineage; cluster=29; cells=14776; final=NK Cell; marker_assignment=NK Cell; raw_marker_winner=NKT Cell; assignment_reason=source_supported_marker_tiebreak; marker_score=0.855; best_total_score=3.304; score_margin=2.449; CellTypist=NK Cell:14740; CD8 Cytotoxic / T Effector Memory:28; Classical Monocyte:5; Treg:3; PanHuman=NK Cell:14521; not_available:151; Lymphoid Cell:92; gdT Cell:8; CD8 Cytotoxic / T Effector Memory:4; scRefMap=not_available:14776; review_reasons=raw_marker_winner_changed_by_policy,ambiguous_or_missing_label_candidate,screfmapping_not_available.
infection_study_06	T_NK_lineage	3	7493	medium	6	raw_marker_winner_changed_by_policy;ambiguous_or_missing_label_candidate;screfmapping_not_available	evaluate_ontology_gap_or_conservative_policy	CD8 Cytotoxic / T Effector Memory	CD8 Cytotoxic / T Effector Memory	NKT Cell	source_supported_marker_tiebreak	0.5932116642199387	3.120056719604965	2.526845055385026	CD8 Cytotoxic / T Effector Memory:7217; NK Cell:143; Treg:46; MAIT Cell:41; CD4 T Effector Memory:21	CD8 Cytotoxic / T Effector Memory:6738; gdT Cell:510; not_available:125; Lymphoid Cell:62; MAIT Cell:34	not_available:7493	Study=infection_study_06; lineage=T_NK_lineage; cluster=3; cells=7493; final=CD8 Cytotoxic / T Effector Memory; marker_assignment=CD8 Cytotoxic / T Effector Memory; raw_marker_winner=NKT Cell; assignment_reason=source_supported_marker_tiebreak; marker_score=0.593; best_total_score=3.120; score_margin=2.527; CellTypist=CD8 Cytotoxic / T Effector Memory:7217; NK Cell:143; Treg:46; MAIT Cell:41; CD4 T Effector Memory:21; PanHuman=CD8 Cytotoxic / T Effector Memory:6738; gdT Cell:510; not_available:125; Lymphoid Cell:62; MAIT Cell:34; scRefMap=not_available:7493; review_reasons=raw_marker_winner_changed_by_policy,ambiguous_or_missing_label_candidate,screfmapping_not_available.
infection_study_06	T_NK_lineage	30	16930	low	3	screfmapping_not_available	accept	CD8 Cytotoxic / T Effector Memory	CD8 Cytotoxic / T Effector Memory	CD8 Cytotoxic / T Effector Memory	raw_marker_winner	0.5416066154754873	3.138216184288246	2.607541642055523	CD8 Cytotoxic / T Effector Memory:16812; NK Cell:82; CD4 Naive / T Central Memory:9; Treg:7; Classical Monocyte:6	CD8 Cytotoxic / T Effector Memory:16721; Lymphoid Cell:104; not_available:82; gdT Cell:16; NK Cell:6	not_available:16930	Study=infection_study_06; lineage=T_NK_lineage; cluster=30; cells=16930; final=CD8 Cytotoxic / T Effector Memory; marker_assignment=CD8 Cytotoxic / T Effector Memory; raw_marker_winner=CD8 Cytotoxic / T Effector Memory; assignment_reason=raw_marker_winner; marker_score=0.542; best_total_score=3.138; score_margin=2.608; CellTypist=CD8 Cytotoxic / T Effector Memory:16812; NK Cell:82; CD4 Naive / T Central Memory:9; Treg:7; Classical Monocyte:6; PanHuman=CD8 Cytotoxic / T Effector Memory:16721; Lymphoid Cell:104; not_available:82; gdT Cell:16; NK Cell:6; scRefMap=not_available:16930; review_reasons=screfmapping_not_available.
infection_study_06	T_NK_lineage	31	23911	high	7	marker_assignment_disagrees_with_final;ambiguous_or_missing_label_candidate;screfmapping_not_available	evaluate_ontology_gap_or_conservative_policy	CD4 T Effector Memory	NKT Cell	NKT Cell	raw_marker_winner	0.7764859269792146	2.4340847308770024	0.1148933507566467	CD4 T Effector Memory:16380; CD4 Naive / T Central Memory:6424; Treg:496; CD8 Naive / T Central Memory:349; CD8 Cytotoxic / T Effector Memory:156	CD4 T Effector Memory:21389; CD4 Naive / T Central Memory:681; Treg:643; not_available:590; CD8 Cytotoxic / T Effector Memory:345	not_available:23911	Study=infection_study_06; lineage=T_NK_lineage; cluster=31; cells=23911; final=CD4 T Effector Memory; marker_assignment=NKT Cell; raw_marker_winner=NKT Cell; assignment_reason=raw_marker_winner; marker_score=0.776; best_total_score=2.434; score_margin=0.115; CellTypist=CD4 T Effector Memory:16380; CD4 Naive / T Central Memory:6424; Treg:496; CD8 Naive / T Central Memory:349; CD8 Cytotoxic / T Effector Memory:156; PanHuman=CD4 T Effector Memory:21389; CD4 Naive / T Central Memory:681; Treg:643; not_available:590; CD8 Cytotoxic / T Effector Memory:345; scRefMap=not_available:23911; review_reasons=marker_assignment_disagrees_with_final,ambiguous_or_missing_label_candidate,screfmapping_not_available.
infection_study_06	T_NK_lineage	4	13775	medium	6	raw_marker_winner_changed_by_policy;ambiguous_or_missing_label_candidate;screfmapping_not_available	evaluate_ontology_gap_or_conservative_policy	Treg	Treg	NKT Cell	source_supported_marker_tiebreak	0.8667713251853311	2.403733212341198	0.7139057504295956	Treg:7625; CD4 T Effector Memory:4870; CD4 Naive / T Central Memory:848; CD8 Cytotoxic / T Effector Memory:299; Classical Monocyte:58	Treg:8453; CD4 T Effector Memory:4084; CD8 Cytotoxic / T Effector Memory:660; not_available:470; Lymphoid Cell:68	not_available:13775	Study=infection_study_06; lineage=T_NK_lineage; cluster=4; cells=13775; final=Treg; marker_assignment=Treg; raw_marker_winner=NKT Cell; assignment_reason=source_supported_marker_tiebreak; marker_score=0.867; best_total_score=2.404; score_margin=0.714; CellTypist=Treg:7625; CD4 T Effector Memory:4870; CD4 Naive / T Central Memory:848; CD8 Cytotoxic / T Effector Memory:299; Classical Monocyte:58; PanHuman=Treg:8453; CD4 T Effector Memory:4084; CD8 Cytotoxic / T Effector Memory:660; not_available:470; Lymphoid Cell:68; scRefMap=not_available:13775; review_reasons=raw_marker_winner_changed_by_policy,ambiguous_or_missing_label_candidate,screfmapping_not_available.
infection_study_06	T_NK_lineage	5	19617	low	3	screfmapping_not_available	accept	CD4 Naive / T Central Memory	CD4 Naive / T Central Memory	CD4 Naive / T Central Memory	raw_marker_winner	0.7411383493908344	3.0220681551715347	2.1852939287352804	CD4 Naive / T Central Memory:14892; CD4 T Effector Memory:2823; Treg:538; CD8 Naive / T Central Memory:515; Classical Monocyte:498	CD4 Naive / T Central Memory:10422; CD4 T Effector Memory:5260; Treg:1620; not_available:1036; CD8 Naive / T Central Memory:788	not_available:19617	Study=infection_study_06; lineage=T_NK_lineage; cluster=5; cells=19617; final=CD4 Naive / T Central Memory; marker_assignment=CD4 Naive / T Central Memory; raw_marker_winner=CD4 Naive / T Central Memory; assignment_reason=raw_marker_winner; marker_score=0.741; best_total_score=3.022; score_margin=2.185; CellTypist=CD4 Naive / T Central Memory:14892; CD4 T Effector Memory:2823; Treg:538; CD8 Naive / T Central Memory:515; Classical Monocyte:498; PanHuman=CD4 Naive / T Central Memory:10422; CD4 T Effector Memory:5260; Treg:1620; not_available:1036; CD8 Naive / T Central Memory:788; scRefMap=not_available:19617; review_reasons=screfmapping_not_available.
infection_study_06	T_NK_lineage	6	5186	medium	6	raw_marker_winner_changed_by_policy;ambiguous_or_missing_label_candidate;screfmapping_not_available	evaluate_ontology_gap_or_conservative_policy	NK Cell	NK Cell	NKT Cell	source_supported_marker_tiebreak	0.8751253374469726	3.238932124951793	2.3638067875048203	NK Cell:4802; CD8 Cytotoxic / T Effector Memory:363; Classical Monocyte:10; Treg:4; MAIT Cell:4	NK Cell:4575; not_available:207; CD8 Cytotoxic / T Effector Memory:199; Lymphoid Cell:126; gdT Cell:70	not_available:5186	Study=infection_study_06; lineage=T_NK_lineage; cluster=6; cells=5186; final=NK Cell; marker_assignment=NK Cell; raw_marker_winner=NKT Cell; assignment_reason=source_supported_marker_tiebreak; marker_score=0.875; best_total_score=3.239; score_margin=2.364; CellTypist=NK Cell:4802; CD8 Cytotoxic / T Effector Memory:363; Classical Monocyte:10; Treg:4; MAIT Cell:4; PanHuman=NK Cell:4575; not_available:207; CD8 Cytotoxic / T Effector Memory:199; Lymphoid Cell:126; gdT Cell:70; scRefMap=not_available:5186; review_reasons=raw_marker_winner_changed_by_policy,ambiguous_or_missing_label_candidate,screfmapping_not_available.
infection_study_06	T_NK_lineage	7	6173	medium	6	raw_marker_winner_changed_by_policy;ambiguous_or_missing_label_candidate;screfmapping_not_available	evaluate_ontology_gap_or_conservative_policy	CD8 Cytotoxic / T Effector Memory	CD8 Cytotoxic / T Effector Memory	NKT Cell	source_supported_marker_tiebreak	0.7054786975538636	2.904634699497813	1.9892612992062209	CD8 Cytotoxic / T Effector Memory:4972; NK Cell:846; CD4 Naive / T Central Memory:121; CD4 T Effector Memory:105; MAIT Cell:54	CD8 Cytotoxic / T Effector Memory:4484; NK Cell:544; not_available:471; gdT Cell:442; Lymphoid Cell:103	not_available:6173	Study=infection_study_06; lineage=T_NK_lineage; cluster=7; cells=6173; final=CD8 Cytotoxic / T Effector Memory; marker_assignment=CD8 Cytotoxic / T Effector Memory; raw_marker_winner=NKT Cell; assignment_reason=source_supported_marker_tiebreak; marker_score=0.705; best_total_score=2.905; score_margin=1.989; CellTypist=CD8 Cytotoxic / T Effector Memory:4972; NK Cell:846; CD4 Naive / T Central Memory:121; CD4 T Effector Memory:105; MAIT Cell:54; PanHuman=CD8 Cytotoxic / T Effector Memory:4484; NK Cell:544; not_available:471; gdT Cell:442; Lymphoid Cell:103; scRefMap=not_available:6173; review_reasons=raw_marker_winner_changed_by_policy,ambiguous_or_missing_label_candidate,screfmapping_not_available.
infection_study_06	T_NK_lineage	8	10393	high	7	marker_assignment_disagrees_with_final;ambiguous_or_missing_label_candidate;screfmapping_not_available	evaluate_ontology_gap_or_conservative_policy	CD4 T Effector Memory	NKT Cell	NKT Cell	raw_marker_winner	0.7546925815452707	2.5302008563456173	0.5167568152899786	CD4 T Effector Memory:8571; CD4 Naive / T Central Memory:1180; Treg:331; CD8 Cytotoxic / T Effector Memory:119; CD8 Naive / T Central Memory:112	CD4 T Effector Memory:9576; Treg:270; not_available:221; CD8 Cytotoxic / T Effector Memory:202; MAIT Cell:64	not_available:10393	Study=infection_study_06; lineage=T_NK_lineage; cluster=8; cells=10393; final=CD4 T Effector Memory; marker_assignment=NKT Cell; raw_marker_winner=NKT Cell; assignment_reason=raw_marker_winner; marker_score=0.755; best_total_score=2.530; score_margin=0.517; CellTypist=CD4 T Effector Memory:8571; CD4 Naive / T Central Memory:1180; Treg:331; CD8 Cytotoxic / T Effector Memory:119; CD8 Naive / T Central Memory:112; PanHuman=CD4 T Effector Memory:9576; Treg:270; not_available:221; CD8 Cytotoxic / T Effector Memory:202; MAIT Cell:64; scRefMap=not_available:10393; review_reasons=marker_assignment_disagrees_with_final,ambiguous_or_missing_label_candidate,screfmapping_not_available.
infection_study_06	T_NK_lineage	9	12264	medium	6	raw_marker_winner_changed_by_policy;ambiguous_or_missing_label_candidate;screfmapping_not_available	evaluate_ontology_gap_or_conservative_policy	CD8 Cytotoxic / T Effector Memory	CD8 Cytotoxic / T Effector Memory	NKT Cell	source_supported_marker_tiebreak	0.7318199608610567	3.09793542074364	2.1404413323548592	CD8 Cytotoxic / T Effector Memory:11142; NK Cell:449; MAIT Cell:271; CD4 T Effector Memory:172; Classical Monocyte:125	CD8 Cytotoxic / T Effector Memory:10191; gdT Cell:1395; not_available:413; NK Cell:101; MAIT Cell:71	not_available:12264	Study=infection_study_06; lineage=T_NK_lineage; cluster=9; cells=12264; final=CD8 Cytotoxic / T Effector Memory; marker_assignment=CD8 Cytotoxic / T Effector Memory; raw_marker_winner=NKT Cell; assignment_reason=source_supported_marker_tiebreak; marker_score=0.732; best_total_score=3.098; score_margin=2.140; CellTypist=CD8 Cytotoxic / T Effector Memory:11142; NK Cell:449; MAIT Cell:271; CD4 T Effector Memory:172; Classical Monocyte:125; PanHuman=CD8 Cytotoxic / T Effector Memory:10191; gdT Cell:1395; not_available:413; NK Cell:101; MAIT Cell:71; scRefMap=not_available:12264; review_reasons=raw_marker_winner_changed_by_policy,ambiguous_or_missing_label_candidate,screfmapping_not_available.
vaccination_study_01	B_lineage	0	2137	high	12	parent_or_broad_final_label;marker_assignment_disagrees_with_final;ambiguous_or_missing_label_candidate;screfmapping_not_available;low_total_score_or_margin	check_if_finer_official_label_is_supported	B Cell	Plasmablast	Plasmablast	raw_marker_winner	0.4237371409489542	0.6679457182966775	0.2022025291774829	Classical Monocyte:1672; Blood Cell:179; CD4 Naive / T Central Memory:153; Memory B Cell:125; NK Cell:3	not_available:1400; Memory B Cell:424; Naive B Cell:106; Plasma Cell:81; HSC:43	not_available:2137	Study=vaccination_study_01; lineage=B_lineage; cluster=0; cells=2137; final=B Cell; marker_assignment=Plasmablast; raw_marker_winner=Plasmablast; assignment_reason=raw_marker_winner; marker_score=0.424; best_total_score=0.668; score_margin=0.202; CellTypist=Classical Monocyte:1672; Blood Cell:179; CD4 Naive / T Central Memory:153; Memory B Cell:125; NK Cell:3; PanHuman=not_available:1400; Memory B Cell:424; Naive B Cell:106; Plasma Cell:81; HSC:43; scRefMap=not_available:2137; review_reasons=parent_or_broad_final_label,marker_assignment_disagrees_with_final,ambiguous_or_missing_label_candidate,screfmapping_not_available,low_total_score_or_margin.
vaccination_study_01	B_lineage	1	1429	low	3	screfmapping_not_available	accept	Naive B Cell	Naive B Cell	Naive B Cell	raw_marker_winner	0.7232155353393982	3.2749300209937022	2.8041112666200143	Naive B Cell:1378; Memory B Cell:47; B Cell:4	Naive B Cell:1114; Memory B Cell:233; not_available:82	not_available:1429	Study=vaccination_study_01; lineage=B_lineage; cluster=1; cells=1429; final=Naive B Cell; marker_assignment=Naive B Cell; raw_marker_winner=Naive B Cell; assignment_reason=raw_marker_winner; marker_score=0.723; best_total_score=3.275; score_margin=2.804; CellTypist=Naive B Cell:1378; Memory B Cell:47; B Cell:4; PanHuman=Naive B Cell:1114; Memory B Cell:233; not_available:82; scRefMap=not_available:1429; review_reasons=screfmapping_not_available.
vaccination_study_01	B_lineage	10	1064	high	8	parent_or_broad_final_label;marker_assignment_disagrees_with_final;screfmapping_not_available	check_if_finer_official_label_is_supported	B Cell	Naive B Cell	Naive B Cell	raw_marker_winner	0.4322666840859199	0.9460526315789474	0.4132220377185913	Classical Monocyte:1060; CD4 Naive / T Central Memory:1; Memory B Cell:1; Conventional DC 2:1; Non-Classical Monocyte:1	not_available:696; Memory B Cell:261; Naive B Cell:27; Conventional DC 2:19; Conventional DC 1:16	not_available:1064	Study=vaccination_study_01; lineage=B_lineage; cluster=10; cells=1064; final=B Cell; marker_assignment=Naive B Cell; raw_marker_winner=Naive B Cell; assignment_reason=raw_marker_winner; marker_score=0.432; best_total_score=0.946; score_margin=0.413; CellTypist=Classical Monocyte:1060; CD4 Naive / T Central Memory:1; Memory B Cell:1; Conventional DC 2:1; Non-Classical Monocyte:1; PanHuman=not_available:696; Memory B Cell:261; Naive B Cell:27; Conventional DC 2:19; Conventional DC 1:16; scRefMap=not_available:1064; review_reasons=parent_or_broad_final_label,marker_assignment_disagrees_with_final,screfmapping_not_available.
vaccination_study_01	B_lineage	11	1005	medium	4	raw_marker_winner_changed_by_policy;screfmapping_not_available	accept	Memory B Cell	Memory B Cell	Naive B Cell	source_supported_marker_tiebreak	0.4817661691542289	2.8893107893759185	2.091723724699301	Memory B Cell:917; Naive B Cell:81; B Cell:7	Memory B Cell:920; Naive B Cell:73; not_available:12	not_available:1005	Study=vaccination_study_01; lineage=B_lineage; cluster=11; cells=1005; final=Memory B Cell; marker_assignment=Memory B Cell; raw_marker_winner=Naive B Cell; assignment_reason=source_supported_marker_tiebreak; marker_score=0.482; best_total_score=2.889; score_margin=2.092; CellTypist=Memory B Cell:917; Naive B Cell:81; B Cell:7; PanHuman=Memory B Cell:920; Naive B Cell:73; not_available:12; scRefMap=not_available:1005; review_reasons=raw_marker_winner_changed_by_policy,screfmapping_not_available.
vaccination_study_01	B_lineage	12	957	low	2	screfmapping_not_available	accept	Memory B Cell	Memory B Cell	Memory B Cell	raw_marker_winner	0.5260313479623824	3.117253918495297	2.6242549634273766	Memory B Cell:857; B Cell:73; Naive B Cell:27	Memory B Cell:943; Naive B Cell:8; not_available:6	not_available:957	Study=vaccination_study_01; lineage=B_lineage; cluster=12; cells=957; final=Memory B Cell; marker_assignment=Memory B Cell; raw_marker_winner=Memory B Cell; assignment_reason=raw_marker_winner; marker_score=0.526; best_total_score=3.117; score_margin=2.624; CellTypist=Memory B Cell:857; B Cell:73; Naive B Cell:27; PanHuman=Memory B Cell:943; Naive B Cell:8; not_available:6; scRefMap=not_available:957; review_reasons=screfmapping_not_available.
vaccination_study_01	B_lineage	13	883	low	2	screfmapping_not_available	accept	Memory B Cell	Memory B Cell	Memory B Cell	raw_marker_winner	0.6531189127972821	3.250174405436014	2.958836361048335	Memory B Cell:866; Naive B Cell:8; B Cell:8; Plasma Cell:1	Memory B Cell:881; not_available:1; Naive B Cell:1	not_available:883	Study=vaccination_study_01; lineage=B_lineage; cluster=13; cells=883; final=Memory B Cell; marker_assignment=Memory B Cell; raw_marker_winner=Memory B Cell; assignment_reason=raw_marker_winner; marker_score=0.653; best_total_score=3.250; score_margin=2.959; CellTypist=Memory B Cell:866; Naive B Cell:8; B Cell:8; Plasma Cell:1; PanHuman=Memory B Cell:881; not_available:1; Naive B Cell:1; scRefMap=not_available:883; review_reasons=screfmapping_not_available.
vaccination_study_01	B_lineage	14	876	low	2	screfmapping_not_available	accept	Naive B Cell	Naive B Cell	Naive B Cell	raw_marker_winner	0.7671860730593607	3.324720319634703	2.995268264840182	Naive B Cell:844; Memory B Cell:32	Naive B Cell:752; Memory B Cell:97; not_available:27	not_available:876	Study=vaccination_study_01; lineage=B_lineage; cluster=14; cells=876; final=Naive B Cell; marker_assignment=Naive B Cell; raw_marker_winner=Naive B Cell; assignment_reason=raw_marker_winner; marker_score=0.767; best_total_score=3.325; score_margin=2.995; CellTypist=Naive B Cell:844; Memory B Cell:32; PanHuman=Naive B Cell:752; Memory B Cell:97; not_available:27; scRefMap=not_available:876; review_reasons=screfmapping_not_available.
vaccination_study_01	B_lineage	15	793	low	2	screfmapping_not_available	accept	Memory B Cell	Memory B Cell	Memory B Cell	raw_marker_winner	0.5895132408575032	3.1895132408575035	2.7870526866402545	Memory B Cell:787; Naive B Cell:6	Memory B Cell:793	not_available:793	Study=vaccination_study_01; lineage=B_lineage; cluster=15; cells=793; final=Memory B Cell; marker_assignment=Memory B Cell; raw_marker_winner=Memory B Cell; assignment_reason=raw_marker_winner; marker_score=0.590; best_total_score=3.190; score_margin=2.787; CellTypist=Memory B Cell:787; Naive B Cell:6; PanHuman=Memory B Cell:793; scRefMap=not_available:793; review_reasons=screfmapping_not_available.
vaccination_study_01	B_lineage	16	764	low	2	screfmapping_not_available	accept	Naive B Cell	Naive B Cell	Naive B Cell	raw_marker_winner	0.6996858638743455	3.2868586387434555	3.1295287958115185	Naive B Cell:736; Memory B Cell:27; CD4 Naive / T Central Memory:1	Naive B Cell:730; Memory B Cell:23; not_available:11	not_available:764	Study=vaccination_study_01; lineage=B_lineage; cluster=16; cells=764; final=Naive B Cell; marker_assignment=Naive B Cell; raw_marker_winner=Naive B Cell; assignment_reason=raw_marker_winner; marker_score=0.700; best_total_score=3.287; score_margin=3.130; CellTypist=Naive B Cell:736; Memory B Cell:27; CD4 Naive / T Central Memory:1; PanHuman=Naive B Cell:730; Memory B Cell:23; not_available:11; scRefMap=not_available:764; review_reasons=screfmapping_not_available.
vaccination_study_01	B_lineage	17	755	low	3	raw_marker_winner_changed_by_policy;screfmapping_not_available	accept	Naive B Cell	Naive B Cell	Memory B Cell	source_supported_marker_tiebreak	0.4645299917565934	2.2922847682119203	0.1194104055943996	Naive B Cell:423; Memory B Cell:294; NK Cell:13; CD4 Naive / T Central Memory:12; CD4 T Effector Memory:6	Memory B Cell:382; Naive B Cell:314; not_available:50; CD4 Naive / T Central Memory:5; Treg:4	not_available:755	Study=vaccination_study_01; lineage=B_lineage; cluster=17; cells=755; final=Naive B Cell; marker_assignment=Naive B Cell; raw_marker_winner=Memory B Cell; assignment_reason=source_supported_marker_tiebreak; marker_score=0.465; best_total_score=2.292; score_margin=0.119; CellTypist=Naive B Cell:423; Memory B Cell:294; NK Cell:13; CD4 Naive / T Central Memory:12; CD4 T Effector Memory:6; PanHuman=Memory B Cell:382; Naive B Cell:314; not_available:50; CD4 Naive / T Central Memory:5; Treg:4; scRefMap=not_available:755; review_reasons=raw_marker_winner_changed_by_policy,screfmapping_not_available.
vaccination_study_01	B_lineage	18	656	low	2	screfmapping_not_available	accept	Naive B Cell	Naive B Cell	Naive B Cell	raw_marker_winner	0.8418978658536586	3.345251524390244	1.9025685975609756	Naive B Cell:615; Memory B Cell:41	Memory B Cell:345; Naive B Cell:247; not_available:64	not_available:656	Study=vaccination_study_01; lineage=B_lineage; cluster=18; cells=656; final=Naive B Cell; marker_assignment=Naive B Cell; raw_marker_winner=Naive B Cell; assignment_reason=raw_marker_winner; marker_score=0.842; best_total_score=3.345; score_margin=1.903; CellTypist=Naive B Cell:615; Memory B Cell:41; PanHuman=Memory B Cell:345; Naive B Cell:247; not_available:64; scRefMap=not_available:656; review_reasons=screfmapping_not_available.
vaccination_study_01	B_lineage	19	630	medium	4	marker_assignment_disagrees_with_final;screfmapping_not_available	review_marker_vs_reference_disagreement	Memory B Cell	Naive B Cell	Naive B Cell	raw_marker_winner	0.2521031746031745	2.5740507936507937	1.8654396825396824	Memory B Cell:567; Naive B Cell:50; Classical Monocyte:9; B Cell:3; NK Cell:1	Memory B Cell:483; Naive B Cell:82; not_available:64; Plasma Cell:1	not_available:630	Study=vaccination_study_01; lineage=B_lineage; cluster=19; cells=630; final=Memory B Cell; marker_assignment=Naive B Cell; raw_marker_winner=Naive B Cell; assignment_reason=raw_marker_winner; marker_score=0.252; best_total_score=2.574; score_margin=1.865; CellTypist=Memory B Cell:567; Naive B Cell:50; Classical Monocyte:9; B Cell:3; NK Cell:1; PanHuman=Memory B Cell:483; Naive B Cell:82; not_available:64; Plasma Cell:1; scRefMap=not_available:630; review_reasons=marker_assignment_disagrees_with_final,screfmapping_not_available.
vaccination_study_01	B_lineage	2	1397	low	3	screfmapping_not_available	accept	Naive B Cell	Naive B Cell	Naive B Cell	raw_marker_winner	0.5150429491768075	3.110604867573372	2.5373765211166788	Naive B Cell:1388; Memory B Cell:9	Naive B Cell:1007; Memory B Cell:302; not_available:88	not_available:1397	Study=vaccination_study_01; lineage=B_lineage; cluster=2; cells=1397; final=Naive B Cell; marker_assignment=Naive B Cell; raw_marker_winner=Naive B Cell; assignment_reason=raw_marker_winner; marker_score=0.515; best_total_score=3.111; score_margin=2.537; CellTypist=Naive B Cell:1388; Memory B Cell:9; PanHuman=Naive B Cell:1007; Memory B Cell:302; not_available:88; scRefMap=not_available:1397; review_reasons=screfmapping_not_available.
vaccination_study_01	B_lineage	20	620	low	3	raw_marker_winner_changed_by_policy;screfmapping_not_available	accept	Memory B Cell	Memory B Cell	Naive B Cell	source_supported_marker_tiebreak	0.4535322580645161	3.0084553516392267	2.2346005129295494	Memory B Cell:562; Naive B Cell:56; B Cell:1; Plasmacytoid DC:1	Memory B Cell:594; Naive B Cell:19; not_available:7	not_available:620	Study=vaccination_study_01; lineage=B_lineage; cluster=20; cells=620; final=Memory B Cell; marker_assignment=Memory B Cell; raw_marker_winner=Naive B Cell; assignment_reason=source_supported_marker_tiebreak; marker_score=0.454; best_total_score=3.008; score_margin=2.235; CellTypist=Memory B Cell:562; Naive B Cell:56; B Cell:1; Plasmacytoid DC:1; PanHuman=Memory B Cell:594; Naive B Cell:19; not_available:7; scRefMap=not_available:620; review_reasons=raw_marker_winner_changed_by_policy,screfmapping_not_available.
vaccination_study_01	B_lineage	21	596	medium	5	raw_marker_winner_changed_by_policy;ambiguous_or_missing_label_candidate;screfmapping_not_available	evaluate_ontology_gap_or_conservative_policy	Naive B Cell	Naive B Cell	Plasma Cell	source_supported_marker_tiebreak	0.4	2.242953020134228	0.6057883552384005	Naive B Cell:380; Memory B Cell:173; NK Cell:32; Plasma Cell:5; B Cell:5	Memory B Cell:263; Naive B Cell:209; not_available:85; NK Cell:24; CD8 Cytotoxic / T Effector Memory:7	not_available:596	Study=vaccination_study_01; lineage=B_lineage; cluster=21; cells=596; final=Naive B Cell; marker_assignment=Naive B Cell; raw_marker_winner=Plasma Cell; assignment_reason=source_supported_marker_tiebreak; marker_score=0.400; best_total_score=2.243; score_margin=0.606; CellTypist=Naive B Cell:380; Memory B Cell:173; NK Cell:32; Plasma Cell:5; B Cell:5; PanHuman=Memory B Cell:263; Naive B Cell:209; not_available:85; NK Cell:24; CD8 Cytotoxic / T Effector Memory:7; scRefMap=not_available:596; review_reasons=raw_marker_winner_changed_by_policy,ambiguous_or_missing_label_candidate,screfmapping_not_available.
vaccination_study_01	B_lineage	22	587	high	11	parent_or_broad_final_label;marker_assignment_disagrees_with_final;ambiguous_or_missing_label_candidate;screfmapping_not_available;low_total_score_or_margin	check_if_finer_official_label_is_supported	B Cell	Plasma Cell	Plasma Cell	raw_marker_winner	0.4	0.4604763879895992	0.0294712772570608	Classical Monocyte:585; CD4 Naive / T Central Memory:1; Memory B Cell:1	not_available:405; Memory B Cell:91; Naive B Cell:35; Plasmacytoid DC:23; Conventional DC 2:11	not_available:587	Study=vaccination_study_01; lineage=B_lineage; cluster=22; cells=587; final=B Cell; marker_assignment=Plasma Cell; raw_marker_winner=Plasma Cell; assignment_reason=raw_marker_winner; marker_score=0.400; best_total_score=0.460; score_margin=0.029; CellTypist=Classical Monocyte:585; CD4 Naive / T Central Memory:1; Memory B Cell:1; PanHuman=not_available:405; Memory B Cell:91; Naive B Cell:35; Plasmacytoid DC:23; Conventional DC 2:11; scRefMap=not_available:587; review_reasons=parent_or_broad_final_label,marker_assignment_disagrees_with_final,ambiguous_or_missing_label_candidate,screfmapping_not_available,low_total_score_or_margin.
vaccination_study_01	B_lineage	23	543	medium	6	marker_assignment_disagrees_with_final;ambiguous_or_missing_label_candidate;screfmapping_not_available	evaluate_ontology_gap_or_conservative_policy	Plasma Cell	Plasmablast	Plasmablast	raw_marker_winner	0.675512584407612	2.985635359116022	0.8162001227747084	Plasma Cell:454; Memory B Cell:61; Classical Monocyte:12; Naive B Cell:8; B Cell:5	Plasma Cell:529; not_available:13; Memory B Cell:1	not_available:543	Study=vaccination_study_01; lineage=B_lineage; cluster=23; cells=543; final=Plasma Cell; marker_assignment=Plasmablast; raw_marker_winner=Plasmablast; assignment_reason=raw_marker_winner; marker_score=0.676; best_total_score=2.986; score_margin=0.816; CellTypist=Plasma Cell:454; Memory B Cell:61; Classical Monocyte:12; Naive B Cell:8; B Cell:5; PanHuman=Plasma Cell:529; not_available:13; Memory B Cell:1; scRefMap=not_available:543; review_reasons=marker_assignment_disagrees_with_final,ambiguous_or_missing_label_candidate,screfmapping_not_available.
vaccination_study_01	B_lineage	24	543	low	3	raw_marker_winner_changed_by_policy;screfmapping_not_available	accept	Naive B Cell	Naive B Cell	Memory B Cell	source_supported_marker_tiebreak	0.5	2.5060773480662983	0.1895027624309393	Naive B Cell:397; Memory B Cell:140; B Cell:6	Memory B Cell:345; Naive B Cell:158; not_available:40	not_available:543	Study=vaccination_study_01; lineage=B_lineage; cluster=24; cells=543; final=Naive B Cell; marker_assignment=Naive B Cell; raw_marker_winner=Memory B Cell; assignment_reason=source_supported_marker_tiebreak; marker_score=0.500; best_total_score=2.506; score_margin=0.190; CellTypist=Naive B Cell:397; Memory B Cell:140; B Cell:6; PanHuman=Memory B Cell:345; Naive B Cell:158; not_available:40; scRefMap=not_available:543; review_reasons=raw_marker_winner_changed_by_policy,screfmapping_not_available.
vaccination_study_01	B_lineage	25	525	low	2	screfmapping_not_available	accept	Memory B Cell	Memory B Cell	Memory B Cell	raw_marker_winner	0.5151161904761905	3.085401904761905	2.5271161904761903	Memory B Cell:506; Naive B Cell:19	Memory B Cell:509; Naive B Cell:13; not_available:3	not_available:525	Study=vaccination_study_01; lineage=B_lineage; cluster=25; cells=525; final=Memory B Cell; marker_assignment=Memory B Cell; raw_marker_winner=Memory B Cell; assignment_reason=raw_marker_winner; marker_score=0.515; best_total_score=3.085; score_margin=2.527; CellTypist=Memory B Cell:506; Naive B Cell:19; PanHuman=Memory B Cell:509; Naive B Cell:13; not_available:3; scRefMap=not_available:525; review_reasons=screfmapping_not_available.
vaccination_study_01	B_lineage	26	430	low	2	screfmapping_not_available	accept	Memory B Cell	Memory B Cell	Memory B Cell	raw_marker_winner	0.3839919374304829	2.9416663560351344	2.7793407746397856	Memory B Cell:410; Naive B Cell:19; CD4 Naive / T Central Memory:1	Memory B Cell:416; Naive B Cell:12; not_available:2	not_available:430	Study=vaccination_study_01; lineage=B_lineage; cluster=26; cells=430; final=Memory B Cell; marker_assignment=Memory B Cell; raw_marker_winner=Memory B Cell; assignment_reason=raw_marker_winner; marker_score=0.384; best_total_score=2.942; score_margin=2.779; CellTypist=Memory B Cell:410; Naive B Cell:19; CD4 Naive / T Central Memory:1; PanHuman=Memory B Cell:416; Naive B Cell:12; not_available:2; scRefMap=not_available:430; review_reasons=screfmapping_not_available.
vaccination_study_01	B_lineage	27	390	low	2	screfmapping_not_available	accept	Memory B Cell	Memory B Cell	Memory B Cell	raw_marker_winner	0.670225641025641	3.134328205128205	2.3307128205128205	B Cell:214; Memory B Cell:143; Naive B Cell:32; Classical Monocyte:1	Memory B Cell:345; Naive B Cell:32; not_available:13	not_available:390	Study=vaccination_study_01; lineage=B_lineage; cluster=27; cells=390; final=Memory B Cell; marker_assignment=Memory B Cell; raw_marker_winner=Memory B Cell; assignment_reason=raw_marker_winner; marker_score=0.670; best_total_score=3.134; score_margin=2.331; CellTypist=B Cell:214; Memory B Cell:143; Naive B Cell:32; Classical Monocyte:1; PanHuman=Memory B Cell:345; Naive B Cell:32; not_available:13; scRefMap=not_available:390; review_reasons=screfmapping_not_available.
vaccination_study_01	B_lineage	28	357	low	2	screfmapping_not_available	accept	Naive B Cell	Naive B Cell	Naive B Cell	raw_marker_winner	0.5341316526610644	2.129089635854342	0.5889444932897452	Naive B Cell:216; Memory B Cell:141	Memory B Cell:192; Naive B Cell:150; not_available:15	not_available:357	Study=vaccination_study_01; lineage=B_lineage; cluster=28; cells=357; final=Naive B Cell; marker_assignment=Naive B Cell; raw_marker_winner=Naive B Cell; assignment_reason=raw_marker_winner; marker_score=0.534; best_total_score=2.129; score_margin=0.589; CellTypist=Naive B Cell:216; Memory B Cell:141; PanHuman=Memory B Cell:192; Naive B Cell:150; not_available:15; scRefMap=not_available:357; review_reasons=screfmapping_not_available.
vaccination_study_01	B_lineage	29	350	low	3	raw_marker_winner_changed_by_policy;screfmapping_not_available	accept	Memory B Cell	Memory B Cell	Naive B Cell	source_supported_marker_tiebreak	0.4	1.8936413165760275	0.7044984594331702	Classical Monocyte:140; Non-Classical Monocyte:69; Naive B Cell:57; Memory B Cell:40; Plasma Cell:37	Memory B Cell:193; not_available:78; Naive B Cell:32; Plasma Cell:25; Non-Classical Monocyte:15	not_available:350	Study=vaccination_study_01; lineage=B_lineage; cluster=29; cells=350; final=Memory B Cell; marker_assignment=Memory B Cell; raw_marker_winner=Naive B Cell; assignment_reason=source_supported_marker_tiebreak; marker_score=0.400; best_total_score=1.894; score_margin=0.704; CellTypist=Classical Monocyte:140; Non-Classical Monocyte:69; Naive B Cell:57; Memory B Cell:40; Plasma Cell:37; PanHuman=Memory B Cell:193; not_available:78; Naive B Cell:32; Plasma Cell:25; Non-Classical Monocyte:15; scRefMap=not_available:350; review_reasons=raw_marker_winner_changed_by_policy,screfmapping_not_available.
vaccination_study_01	B_lineage	3	1365	medium	4	raw_marker_winner_changed_by_policy;screfmapping_not_available	accept	Memory B Cell	Memory B Cell	Naive B Cell	source_supported_marker_tiebreak	0.453025641025641	2.977450644925628	2.159150278625261	Memory B Cell:1215; Naive B Cell:130; B Cell:20	Memory B Cell:1258; Naive B Cell:87; not_available:20	not_available:1365	Study=vaccination_study_01; lineage=B_lineage; cluster=3; cells=1365; final=Memory B Cell; marker_assignment=Memory B Cell; raw_marker_winner=Naive B Cell; assignment_reason=source_supported_marker_tiebreak; marker_score=0.453; best_total_score=2.977; score_margin=2.159; CellTypist=Memory B Cell:1215; Naive B Cell:130; B Cell:20; PanHuman=Memory B Cell:1258; Naive B Cell:87; not_available:20; scRefMap=not_available:1365; review_reasons=raw_marker_winner_changed_by_policy,screfmapping_not_available.
vaccination_study_01	B_lineage	30	299	low	1	screfmapping_not_available	accept	Naive B Cell	Naive B Cell	Naive B Cell	raw_marker_winner	0.5939130434782609	3.193913043478261	2.6547826086956525	Naive B Cell:296; Memory B Cell:3	Naive B Cell:222; Memory B Cell:59; not_available:18	not_available:299	Study=vaccination_study_01; lineage=B_lineage; cluster=30; cells=299; final=Naive B Cell; marker_assignment=Naive B Cell; raw_marker_winner=Naive B Cell; assignment_reason=raw_marker_winner; marker_score=0.594; best_total_score=3.194; score_margin=2.655; CellTypist=Naive B Cell:296; Memory B Cell:3; PanHuman=Naive B Cell:222; Memory B Cell:59; not_available:18; scRefMap=not_available:299; review_reasons=screfmapping_not_available.
vaccination_study_01	B_lineage	31	185	low	1	screfmapping_not_available	accept	Naive B Cell	Naive B Cell	Naive B Cell	raw_marker_winner	0.6434864864864865	2.3580810810810813	1.2672702702702705	Naive B Cell:118; Memory B Cell:62; CD4 Naive / T Central Memory:4; Platelet:1	Naive B Cell:100; Memory B Cell:70; not_available:14; Plasma Cell:1	not_available:185	Study=vaccination_study_01; lineage=B_lineage; cluster=31; cells=185; final=Naive B Cell; marker_assignment=Naive B Cell; raw_marker_winner=Naive B Cell; assignment_reason=raw_marker_winner; marker_score=0.643; best_total_score=2.358; score_margin=1.267; CellTypist=Naive B Cell:118; Memory B Cell:62; CD4 Naive / T Central Memory:4; Platelet:1; PanHuman=Naive B Cell:100; Memory B Cell:70; not_available:14; Plasma Cell:1; scRefMap=not_available:185; review_reasons=screfmapping_not_available.
vaccination_study_01	B_lineage	32	120	high	10	parent_or_broad_final_label;marker_assignment_disagrees_with_final;ambiguous_or_missing_label_candidate;screfmapping_not_available;low_total_score_or_margin	check_if_finer_official_label_is_supported	B Cell	Plasmablast	Plasmablast	raw_marker_winner	0.5133194444444444	0.5133194444444444	0.0574444444444444	Blood Cell:108; NK Cell:5; Naive B Cell:3; Memory B Cell:1; CD4 T Effector Memory:1	Blood Cell:63; not_available:30; Lymphoid Cell:6; HSC:6; B Cell:5	not_available:120	Study=vaccination_study_01; lineage=B_lineage; cluster=32; cells=120; final=B Cell; marker_assignment=Plasmablast; raw_marker_winner=Plasmablast; assignment_reason=raw_marker_winner; marker_score=0.513; best_total_score=0.513; score_margin=0.057; CellTypist=Blood Cell:108; NK Cell:5; Naive B Cell:3; Memory B Cell:1; CD4 T Effector Memory:1; PanHuman=Blood Cell:63; not_available:30; Lymphoid Cell:6; HSC:6; B Cell:5; scRefMap=not_available:120; review_reasons=parent_or_broad_final_label,marker_assignment_disagrees_with_final,ambiguous_or_missing_label_candidate,screfmapping_not_available,low_total_score_or_margin.
vaccination_study_01	B_lineage	4	1363	high	8	parent_or_broad_final_label;marker_assignment_disagrees_with_final;screfmapping_not_available	check_if_finer_official_label_is_supported	B Cell	Naive B Cell	Naive B Cell	raw_marker_winner	0.3485619955979456	1.0052824651504035	0.4749156272927366	Classical Monocyte:1342; Blood Cell:11; CD4 Naive / T Central Memory:5; Non-Classical Monocyte:3; Conventional DC 2:1	not_available:677; Memory B Cell:510; Naive B Cell:91; Plasma Cell:28; Conventional DC 1:14	not_available:1363	Study=vaccination_study_01; lineage=B_lineage; cluster=4; cells=1363; final=B Cell; marker_assignment=Naive B Cell; raw_marker_winner=Naive B Cell; assignment_reason=raw_marker_winner; marker_score=0.349; best_total_score=1.005; score_margin=0.475; CellTypist=Classical Monocyte:1342; Blood Cell:11; CD4 Naive / T Central Memory:5; Non-Classical Monocyte:3; Conventional DC 2:1; PanHuman=not_available:677; Memory B Cell:510; Naive B Cell:91; Plasma Cell:28; Conventional DC 1:14; scRefMap=not_available:1363; review_reasons=parent_or_broad_final_label,marker_assignment_disagrees_with_final,screfmapping_not_available.
vaccination_study_01	B_lineage	5	1297	low	3	screfmapping_not_available	accept	Naive B Cell	Naive B Cell	Naive B Cell	raw_marker_winner	0.7972937548188126	3.393747108712413	3.28349267540478	Naive B Cell:1281; Memory B Cell:16	Naive B Cell:1244; Memory B Cell:42; not_available:11	not_available:1297	Study=vaccination_study_01; lineage=B_lineage; cluster=5; cells=1297; final=Naive B Cell; marker_assignment=Naive B Cell; raw_marker_winner=Naive B Cell; assignment_reason=raw_marker_winner; marker_score=0.797; best_total_score=3.394; score_margin=3.283; CellTypist=Naive B Cell:1281; Memory B Cell:16; PanHuman=Naive B Cell:1244; Memory B Cell:42; not_available:11; scRefMap=not_available:1297; review_reasons=screfmapping_not_available.
vaccination_study_01	B_lineage	6	1221	low	3	screfmapping_not_available	accept	Naive B Cell	Naive B Cell	Naive B Cell	raw_marker_winner	0.6718714168714168	3.268104013104013	2.8762940212940213	Naive B Cell:1217; Memory B Cell:4	Naive B Cell:948; Memory B Cell:181; not_available:92	not_available:1221	Study=vaccination_study_01; lineage=B_lineage; cluster=6; cells=1221; final=Naive B Cell; marker_assignment=Naive B Cell; raw_marker_winner=Naive B Cell; assignment_reason=raw_marker_winner; marker_score=0.672; best_total_score=3.268; score_margin=2.876; CellTypist=Naive B Cell:1217; Memory B Cell:4; PanHuman=Naive B Cell:948; Memory B Cell:181; not_available:92; scRefMap=not_available:1221; review_reasons=screfmapping_not_available.
vaccination_study_01	B_lineage	7	1180	low	3	screfmapping_not_available	accept	Memory B Cell	Memory B Cell	Memory B Cell	raw_marker_winner	0.5154433427112868	3.1044263935587444	2.9169687664401005	Memory B Cell:1136; Naive B Cell:43; B Cell:1	Memory B Cell:1158; Naive B Cell:20; not_available:2	not_available:1180	Study=vaccination_study_01; lineage=B_lineage; cluster=7; cells=1180; final=Memory B Cell; marker_assignment=Memory B Cell; raw_marker_winner=Memory B Cell; assignment_reason=raw_marker_winner; marker_score=0.515; best_total_score=3.104; score_margin=2.917; CellTypist=Memory B Cell:1136; Naive B Cell:43; B Cell:1; PanHuman=Memory B Cell:1158; Naive B Cell:20; not_available:2; scRefMap=not_available:1180; review_reasons=screfmapping_not_available.
vaccination_study_01	B_lineage	8	1079	low	3	screfmapping_not_available	accept	Naive B Cell	Naive B Cell	Naive B Cell	raw_marker_winner	0.7263345690454124	3.3215152919369784	3.0781417979610746	Naive B Cell:1067; Memory B Cell:12	Naive B Cell:957; Memory B Cell:91; not_available:31	not_available:1079	Study=vaccination_study_01; lineage=B_lineage; cluster=8; cells=1079; final=Naive B Cell; marker_assignment=Naive B Cell; raw_marker_winner=Naive B Cell; assignment_reason=raw_marker_winner; marker_score=0.726; best_total_score=3.322; score_margin=3.078; CellTypist=Naive B Cell:1067; Memory B Cell:12; PanHuman=Naive B Cell:957; Memory B Cell:91; not_available:31; scRefMap=not_available:1079; review_reasons=screfmapping_not_available.
vaccination_study_01	B_lineage	9	1074	low	3	screfmapping_not_available	accept	Naive B Cell	Naive B Cell	Naive B Cell	raw_marker_winner	0.7067690875232775	3.2801396648044694	2.992057728119181	Naive B Cell:1048; Memory B Cell:26	Naive B Cell:939; Memory B Cell:103; not_available:32	not_available:1074	Study=vaccination_study_01; lineage=B_lineage; cluster=9; cells=1074; final=Naive B Cell; marker_assignment=Naive B Cell; raw_marker_winner=Naive B Cell; assignment_reason=raw_marker_winner; marker_score=0.707; best_total_score=3.280; score_margin=2.992; CellTypist=Naive B Cell:1048; Memory B Cell:26; PanHuman=Naive B Cell:939; Memory B Cell:103; not_available:32; scRefMap=not_available:1074; review_reasons=screfmapping_not_available.
vaccination_study_01	T_NK_lineage	0	6453	low	3	screfmapping_not_available	accept	CD4 Naive / T Central Memory	CD4 Naive / T Central Memory	CD4 Naive / T Central Memory	raw_marker_winner	0.7342693320935999	2.666145978614598	1.7778145478927774	CD4 Naive / T Central Memory:3321; CD4 T Effector Memory:896; Treg:590; CD8 Naive / T Central Memory:581; CD8 Cytotoxic / T Effector Memory:428	CD4 Naive / T Central Memory:3289; not_available:864; CD4 T Effector Memory:826; Treg:543; Blood Cell:497	not_available:6453	Study=vaccination_study_01; lineage=T_NK_lineage; cluster=0; cells=6453; final=CD4 Naive / T Central Memory; marker_assignment=CD4 Naive / T Central Memory; raw_marker_winner=CD4 Naive / T Central Memory; assignment_reason=raw_marker_winner; marker_score=0.734; best_total_score=2.666; score_margin=1.778; CellTypist=CD4 Naive / T Central Memory:3321; CD4 T Effector Memory:896; Treg:590; CD8 Naive / T Central Memory:581; CD8 Cytotoxic / T Effector Memory:428; PanHuman=CD4 Naive / T Central Memory:3289; not_available:864; CD4 T Effector Memory:826; Treg:543; Blood Cell:497; scRefMap=not_available:6453; review_reasons=screfmapping_not_available.
vaccination_study_01	T_NK_lineage	1	13257	medium	6	raw_marker_winner_changed_by_policy;ambiguous_or_missing_label_candidate;screfmapping_not_available	evaluate_ontology_gap_or_conservative_policy	CD8 Cytotoxic / T Effector Memory	CD8 Cytotoxic / T Effector Memory	NKT Cell	source_supported_marker_tiebreak	0.6285121068114958	2.303558120238365	1.0559938145885193	CD8 Cytotoxic / T Effector Memory:7796; MAIT Cell:3498; NK Cell:1223; CD8 Naive / T Central Memory:248; CD4 T Effector Memory:202	CD8 Cytotoxic / T Effector Memory:8260; MAIT Cell:2844; not_available:1005; NK Cell:427; CD4 T Effector Memory:317	not_available:13257	Study=vaccination_study_01; lineage=T_NK_lineage; cluster=1; cells=13257; final=CD8 Cytotoxic / T Effector Memory; marker_assignment=CD8 Cytotoxic / T Effector Memory; raw_marker_winner=NKT Cell; assignment_reason=source_supported_marker_tiebreak; marker_score=0.629; best_total_score=2.304; score_margin=1.056; CellTypist=CD8 Cytotoxic / T Effector Memory:7796; MAIT Cell:3498; NK Cell:1223; CD8 Naive / T Central Memory:248; CD4 T Effector Memory:202; PanHuman=CD8 Cytotoxic / T Effector Memory:8260; MAIT Cell:2844; not_available:1005; NK Cell:427; CD4 T Effector Memory:317; scRefMap=not_available:13257; review_reasons=raw_marker_winner_changed_by_policy,ambiguous_or_missing_label_candidate,screfmapping_not_available.
vaccination_study_01	T_NK_lineage	2	19484	low	3	screfmapping_not_available	accept	CD4 Naive / T Central Memory	CD4 Naive / T Central Memory	CD4 Naive / T Central Memory	raw_marker_winner	0.8434815746253337	2.854485475261753	1.3759084376924655	CD4 Naive / T Central Memory:14426; CD8 Naive / T Central Memory:4851; CD4 T Effector Memory:60; CD8 Cytotoxic / T Effector Memory:47; NK Cell:37	CD4 Naive / T Central Memory:14177; CD8 Naive / T Central Memory:4207; not_available:452; CD4 T Effector Memory:365; Treg:128	not_available:19484	Study=vaccination_study_01; lineage=T_NK_lineage; cluster=2; cells=19484; final=CD4 Naive / T Central Memory; marker_assignment=CD4 Naive / T Central Memory; raw_marker_winner=CD4 Naive / T Central Memory; assignment_reason=raw_marker_winner; marker_score=0.843; best_total_score=2.854; score_margin=1.376; CellTypist=CD4 Naive / T Central Memory:14426; CD8 Naive / T Central Memory:4851; CD4 T Effector Memory:60; CD8 Cytotoxic / T Effector Memory:47; NK Cell:37; PanHuman=CD4 Naive / T Central Memory:14177; CD8 Naive / T Central Memory:4207; not_available:452; CD4 T Effector Memory:365; Treg:128; scRefMap=not_available:19484; review_reasons=screfmapping_not_available.
vaccination_study_01	T_NK_lineage	3	10150	medium	6	raw_marker_winner_changed_by_policy;ambiguous_or_missing_label_candidate;screfmapping_not_available	evaluate_ontology_gap_or_conservative_policy	NK Cell	NK Cell	NKT Cell	source_supported_marker_tiebreak	0.8512073891625616	3.242564630541872	2.3913572413793105	NK Cell:9653; CD8 Cytotoxic / T Effector Memory:272; Blood Cell:79; Classical Monocyte:37; Non-Classical Monocyte:36	NK Cell:9148; not_available:496; CD8 Cytotoxic / T Effector Memory:259; Lymphoid Cell:205; Blood Cell:23	not_available:10150	Study=vaccination_study_01; lineage=T_NK_lineage; cluster=3; cells=10150; final=NK Cell; marker_assignment=NK Cell; raw_marker_winner=NKT Cell; assignment_reason=source_supported_marker_tiebreak; marker_score=0.851; best_total_score=3.243; score_margin=2.391; CellTypist=NK Cell:9653; CD8 Cytotoxic / T Effector Memory:272; Blood Cell:79; Classical Monocyte:37; Non-Classical Monocyte:36; PanHuman=NK Cell:9148; not_available:496; CD8 Cytotoxic / T Effector Memory:259; Lymphoid Cell:205; Blood Cell:23; scRefMap=not_available:10150; review_reasons=raw_marker_winner_changed_by_policy,ambiguous_or_missing_label_candidate,screfmapping_not_available.
vaccination_study_01	T_NK_lineage	4	6526	low	3	screfmapping_not_available	accept	NK Cell	NK Cell	NK Cell	raw_marker_winner	0.8802916028194913	3.3334022372050263	1.597561752988048	NK Cell:6111; CD8 Cytotoxic / T Effector Memory:348; CD4 Naive / T Central Memory:35; MAIT Cell:21; CD8 Naive / T Central Memory:4	NK Cell:2912; not_available:2057; Blood Cell:813; CD8 Cytotoxic / T Effector Memory:673; T Cell:29	not_available:6526	Study=vaccination_study_01; lineage=T_NK_lineage; cluster=4; cells=6526; final=NK Cell; marker_assignment=NK Cell; raw_marker_winner=NK Cell; assignment_reason=raw_marker_winner; marker_score=0.880; best_total_score=3.333; score_margin=1.598; CellTypist=NK Cell:6111; CD8 Cytotoxic / T Effector Memory:348; CD4 Naive / T Central Memory:35; MAIT Cell:21; CD8 Naive / T Central Memory:4; PanHuman=NK Cell:2912; not_available:2057; Blood Cell:813; CD8 Cytotoxic / T Effector Memory:673; T Cell:29; scRefMap=not_available:6526; review_reasons=screfmapping_not_available.
vaccination_study_01	T_NK_lineage	5	21429	medium	6	raw_marker_winner_changed_by_policy;ambiguous_or_missing_label_candidate;screfmapping_not_available	evaluate_ontology_gap_or_conservative_policy	NK Cell	NK Cell	NKT Cell	source_supported_marker_tiebreak	0.8738524896168743	3.3096270007933173	2.435774511176443	NK Cell:21140; CD8 Cytotoxic / T Effector Memory:247; Non-Classical Monocyte:12; Classical Monocyte:10; Treg:6	NK Cell:20635; not_available:441; Lymphoid Cell:212; CD8 Cytotoxic / T Effector Memory:123; Blood Cell:11	not_available:21429	Study=vaccination_study_01; lineage=T_NK_lineage; cluster=5; cells=21429; final=NK Cell; marker_assignment=NK Cell; raw_marker_winner=NKT Cell; assignment_reason=source_supported_marker_tiebreak; marker_score=0.874; best_total_score=3.310; score_margin=2.436; CellTypist=NK Cell:21140; CD8 Cytotoxic / T Effector Memory:247; Non-Classical Monocyte:12; Classical Monocyte:10; Treg:6; PanHuman=NK Cell:20635; not_available:441; Lymphoid Cell:212; CD8 Cytotoxic / T Effector Memory:123; Blood Cell:11; scRefMap=not_available:21429; review_reasons=raw_marker_winner_changed_by_policy,ambiguous_or_missing_label_candidate,screfmapping_not_available.
vaccination_study_01	T_NK_lineage	6	15656	low	3	screfmapping_not_available	accept	CD4 Naive / T Central Memory	CD4 Naive / T Central Memory	CD4 Naive / T Central Memory	raw_marker_winner	0.8483185360245273	2.7618468957588145	1.1730872615397718	CD4 Naive / T Central Memory:6526; CD4 T Effector Memory:6265; Treg:1207; CD8 Naive / T Central Memory:553; CD8 Cytotoxic / T Effector Memory:399	CD4 T Effector Memory:7531; CD4 Naive / T Central Memory:4793; Treg:1313; not_available:1034; Lymphoid Cell:263	not_available:15656	Study=vaccination_study_01; lineage=T_NK_lineage; cluster=6; cells=15656; final=CD4 Naive / T Central Memory; marker_assignment=CD4 Naive / T Central Memory; raw_marker_winner=CD4 Naive / T Central Memory; assignment_reason=raw_marker_winner; marker_score=0.848; best_total_score=2.762; score_margin=1.173; CellTypist=CD4 Naive / T Central Memory:6526; CD4 T Effector Memory:6265; Treg:1207; CD8 Naive / T Central Memory:553; CD8 Cytotoxic / T Effector Memory:399; PanHuman=CD4 T Effector Memory:7531; CD4 Naive / T Central Memory:4793; Treg:1313; not_available:1034; Lymphoid Cell:263; scRefMap=not_available:15656; review_reasons=screfmapping_not_available.
vaccination_study_01	T_NK_lineage	7	12227	low	3	screfmapping_not_available	accept	CD4 Naive / T Central Memory	CD4 Naive / T Central Memory	CD4 Naive / T Central Memory	raw_marker_winner	0.7315376694636819	2.5086538876692925	1.398864078231164	CD4 Naive / T Central Memory:7008; CD4 T Effector Memory:1983; CD8 Naive / T Central Memory:1137; Classical Monocyte:728; MAIT Cell:438	CD4 T Effector Memory:4880; CD4 Naive / T Central Memory:3342; not_available:1258; CD8 Naive / T Central Memory:1106; MAIT Cell:448	not_available:12227	Study=vaccination_study_01; lineage=T_NK_lineage; cluster=7; cells=12227; final=CD4 Naive / T Central Memory; marker_assignment=CD4 Naive / T Central Memory; raw_marker_winner=CD4 Naive / T Central Memory; assignment_reason=raw_marker_winner; marker_score=0.732; best_total_score=2.509; score_margin=1.399; CellTypist=CD4 Naive / T Central Memory:7008; CD4 T Effector Memory:1983; CD8 Naive / T Central Memory:1137; Classical Monocyte:728; MAIT Cell:438; PanHuman=CD4 T Effector Memory:4880; CD4 Naive / T Central Memory:3342; not_available:1258; CD8 Naive / T Central Memory:1106; MAIT Cell:448; scRefMap=not_available:12227; review_reasons=screfmapping_not_available.
vaccination_study_01	T_NK_lineage	8	14105	medium	6	raw_marker_winner_changed_by_policy;ambiguous_or_missing_label_candidate;screfmapping_not_available	evaluate_ontology_gap_or_conservative_policy	NK Cell	NK Cell	NKT Cell	source_supported_marker_tiebreak	0.8683637008153138	3.0447469691598723	2.1763832683445585	NK Cell:12681; CD8 Cytotoxic / T Effector Memory:1285; MAIT Cell:61; Blood Cell:31; CD4 Naive / T Central Memory:13	NK Cell:11891; CD8 Cytotoxic / T Effector Memory:1299; not_available:624; Lymphoid Cell:153; Blood Cell:48	not_available:14105	Study=vaccination_study_01; lineage=T_NK_lineage; cluster=8; cells=14105; final=NK Cell; marker_assignment=NK Cell; raw_marker_winner=NKT Cell; assignment_reason=source_supported_marker_tiebreak; marker_score=0.868; best_total_score=3.045; score_margin=2.176; CellTypist=NK Cell:12681; CD8 Cytotoxic / T Effector Memory:1285; MAIT Cell:61; Blood Cell:31; CD4 Naive / T Central Memory:13; PanHuman=NK Cell:11891; CD8 Cytotoxic / T Effector Memory:1299; not_available:624; Lymphoid Cell:153; Blood Cell:48; scRefMap=not_available:14105; review_reasons=raw_marker_winner_changed_by_policy,ambiguous_or_missing_label_candidate,screfmapping_not_available.
vaccination_study_01	T_NK_lineage	9	16378	low	3	screfmapping_not_available	accept	CD4 Naive / T Central Memory	CD4 Naive / T Central Memory	CD4 Naive / T Central Memory	raw_marker_winner	0.819666320674075	2.971882708511418	1.3639455366955673	CD4 Naive / T Central Memory:11785; CD8 Naive / T Central Memory:4478; Treg:32; CD8 Cytotoxic / T Effector Memory:24; CD4 T Effector Memory:23	CD4 Naive / T Central Memory:12991; CD8 Naive / T Central Memory:2407; not_available:731; Blood Cell:137; T Cell:43	not_available:16378	Study=vaccination_study_01; lineage=T_NK_lineage; cluster=9; cells=16378; final=CD4 Naive / T Central Memory; marker_assignment=CD4 Naive / T Central Memory; raw_marker_winner=CD4 Naive / T Central Memory; assignment_reason=raw_marker_winner; marker_score=0.820; best_total_score=2.972; score_margin=1.364; CellTypist=CD4 Naive / T Central Memory:11785; CD8 Naive / T Central Memory:4478; Treg:32; CD8 Cytotoxic / T Effector Memory:24; CD4 T Effector Memory:23; PanHuman=CD4 Naive / T Central Memory:12991; CD8 Naive / T Central Memory:2407; not_available:731; Blood Cell:137; T Cell:43; scRefMap=not_available:16378; review_reasons=screfmapping_not_available.
vaccination_study_01	Myeloid_lineage	2	7162	medium	5	marker_assignment_disagrees_with_final;screfmapping_not_available	review_marker_vs_reference_disagreement	Plasmacytoid DC	Intermediate Monocyte	Intermediate Monocyte	raw_marker_winner	0.833900446802569	3.123741133761519	2.28984068695895	Plasmacytoid DC:7136; Classical Monocyte:11; Conventional DC 2:7; Blood Cell:7; Platelet:1	Plasmacytoid DC:7113; not_available:20; Blood Cell:18; NK Cell:5; Plasma Cell:5	not_available:7162	Study=vaccination_study_01; lineage=Myeloid_lineage; cluster=2; cells=7162; final=Plasmacytoid DC; marker_assignment=Intermediate Monocyte; raw_marker_winner=Intermediate Monocyte; assignment_reason=raw_marker_winner; marker_score=0.834; best_total_score=3.124; score_margin=2.290; CellTypist=Plasmacytoid DC:7136; Classical Monocyte:11; Conventional DC 2:7; Blood Cell:7; Platelet:1; PanHuman=Plasmacytoid DC:7113; not_available:20; Blood Cell:18; NK Cell:5; Plasma Cell:5; scRefMap=not_available:7162; review_reasons=marker_assignment_disagrees_with_final,screfmapping_not_available.
vaccination_study_04	B_lineage	0	31	high	8	parent_or_broad_final_label;marker_assignment_disagrees_with_final;ambiguous_or_missing_label_candidate;screfmapping_not_available	check_if_finer_official_label_is_supported	B Cell	Plasmablast	Plasmablast	raw_marker_winner	0.5903225806451613	0.918548387096774	0.3282258064516128	Blood Cell:21; HSC:3; Classical Monocyte:2; T Cell:2; Naive B Cell:2	Blood Cell:23; HSC:5; B Cell:3	not_available:25; Naive B Cell:6	Study=vaccination_study_04; lineage=B_lineage; cluster=0; cells=31; final=B Cell; marker_assignment=Plasmablast; raw_marker_winner=Plasmablast; assignment_reason=raw_marker_winner; marker_score=0.590; best_total_score=0.919; score_margin=0.328; CellTypist=Blood Cell:21; HSC:3; Classical Monocyte:2; T Cell:2; Naive B Cell:2; PanHuman=Blood Cell:23; HSC:5; B Cell:3; scRefMap=not_available:25; Naive B Cell:6; review_reasons=parent_or_broad_final_label,marker_assignment_disagrees_with_final,ambiguous_or_missing_label_candidate,screfmapping_not_available.
vaccination_study_04	B_lineage	1	22	medium	4	marker_assignment_disagrees_with_final;ambiguous_or_missing_label_candidate	evaluate_ontology_gap_or_conservative_policy	Plasma Cell	Plasmablast	Plasmablast	raw_marker_winner	0.9363636363636364	3.109090909090909	0.5727272727272723	Plasma Cell:22	Plasma Cell:22	Naive B Cell:16; Memory B Cell:4; Plasma Cell:2	Study=vaccination_study_04; lineage=B_lineage; cluster=1; cells=22; final=Plasma Cell; marker_assignment=Plasmablast; raw_marker_winner=Plasmablast; assignment_reason=raw_marker_winner; marker_score=0.936; best_total_score=3.109; score_margin=0.573; CellTypist=Plasma Cell:22; PanHuman=Plasma Cell:22; scRefMap=Naive B Cell:16; Memory B Cell:4; Plasma Cell:2; review_reasons=marker_assignment_disagrees_with_final,ambiguous_or_missing_label_candidate.
vaccination_study_04	B_lineage	2	19	medium	4	marker_assignment_disagrees_with_final;ambiguous_or_missing_label_candidate	evaluate_ontology_gap_or_conservative_policy	Plasma Cell	Plasmablast	Plasmablast	raw_marker_winner	0.7894736842105263	3.126315789473684	0.736842105263158	Plasma Cell:19	Plasma Cell:19	Memory B Cell:13; Naive B Cell:4; Plasma Cell:2	Study=vaccination_study_04; lineage=B_lineage; cluster=2; cells=19; final=Plasma Cell; marker_assignment=Plasmablast; raw_marker_winner=Plasmablast; assignment_reason=raw_marker_winner; marker_score=0.789; best_total_score=3.126; score_margin=0.737; CellTypist=Plasma Cell:19; PanHuman=Plasma Cell:19; scRefMap=Memory B Cell:13; Naive B Cell:4; Plasma Cell:2; review_reasons=marker_assignment_disagrees_with_final,ambiguous_or_missing_label_candidate.
vaccination_study_04	B_lineage	3	19	medium	4	marker_assignment_disagrees_with_final;ambiguous_or_missing_label_candidate	evaluate_ontology_gap_or_conservative_policy	Plasma Cell	Plasmablast	Plasmablast	raw_marker_winner	0.7842105263157895	3.5052631578947366	0.8368421052631576	Plasma Cell:11; Plasmablast:7; Plasmacytoid DC:1	Plasma Cell:19	Memory B Cell:10; Plasma Cell:8; not_available:1	Study=vaccination_study_04; lineage=B_lineage; cluster=3; cells=19; final=Plasma Cell; marker_assignment=Plasmablast; raw_marker_winner=Plasmablast; assignment_reason=raw_marker_winner; marker_score=0.784; best_total_score=3.505; score_margin=0.837; CellTypist=Plasma Cell:11; Plasmablast:7; Plasmacytoid DC:1; PanHuman=Plasma Cell:19; scRefMap=Memory B Cell:10; Plasma Cell:8; not_available:1; review_reasons=marker_assignment_disagrees_with_final,ambiguous_or_missing_label_candidate.
vaccination_study_04	B_lineage	4	16	medium	4	marker_assignment_disagrees_with_final;ambiguous_or_missing_label_candidate	evaluate_ontology_gap_or_conservative_policy	Plasma Cell	Plasmablast	Plasmablast	raw_marker_winner	0.671875	3.3	1.0281249999999995	Plasma Cell:16	Plasma Cell:16	Memory B Cell:7; Naive B Cell:5; Plasma Cell:4	Study=vaccination_study_04; lineage=B_lineage; cluster=4; cells=16; final=Plasma Cell; marker_assignment=Plasmablast; raw_marker_winner=Plasmablast; assignment_reason=raw_marker_winner; marker_score=0.672; best_total_score=3.300; score_margin=1.028; CellTypist=Plasma Cell:16; PanHuman=Plasma Cell:16; scRefMap=Memory B Cell:7; Naive B Cell:5; Plasma Cell:4; review_reasons=marker_assignment_disagrees_with_final,ambiguous_or_missing_label_candidate.
vaccination_study_04	B_lineage	6	12	medium	4	marker_assignment_disagrees_with_final;ambiguous_or_missing_label_candidate	evaluate_ontology_gap_or_conservative_policy	Plasma Cell	Plasmablast	Plasmablast	raw_marker_winner	0.8041666666666667	2.7333333333333334	0.8625	Plasma Cell:8; Memory B Cell:2; NK Cell:1; Blood Cell:1	Plasma Cell:8; Blood Cell:2; Memory B Cell:2	Plasma Cell:6; not_available:2; Memory B Cell:2; Naive B Cell:2	Study=vaccination_study_04; lineage=B_lineage; cluster=6; cells=12; final=Plasma Cell; marker_assignment=Plasmablast; raw_marker_winner=Plasmablast; assignment_reason=raw_marker_winner; marker_score=0.804; best_total_score=2.733; score_margin=0.863; CellTypist=Plasma Cell:8; Memory B Cell:2; NK Cell:1; Blood Cell:1; PanHuman=Plasma Cell:8; Blood Cell:2; Memory B Cell:2; scRefMap=Plasma Cell:6; not_available:2; Memory B Cell:2; Naive B Cell:2; review_reasons=marker_assignment_disagrees_with_final,ambiguous_or_missing_label_candidate.
vaccination_study_04	B_lineage	8	5	medium	4	marker_assignment_disagrees_with_final;ambiguous_or_missing_label_candidate	evaluate_ontology_gap_or_conservative_policy	Plasma Cell	Plasmablast	Plasmablast	raw_marker_winner	0.86	2.48	0.3399999999999998	Plasma Cell:4; Blood Cell:1	Plasma Cell:4; B Cell:1	Naive B Cell:3; Memory B Cell:2	Study=vaccination_study_04; lineage=B_lineage; cluster=8; cells=5; final=Plasma Cell; marker_assignment=Plasmablast; raw_marker_winner=Plasmablast; assignment_reason=raw_marker_winner; marker_score=0.860; best_total_score=2.480; score_margin=0.340; CellTypist=Plasma Cell:4; Blood Cell:1; PanHuman=Plasma Cell:4; B Cell:1; scRefMap=Naive B Cell:3; Memory B Cell:2; review_reasons=marker_assignment_disagrees_with_final,ambiguous_or_missing_label_candidate.
vaccination_study_04	B_lineage	9	2	high	8	parent_or_broad_final_label;marker_assignment_disagrees_with_final;screfmapping_not_available;low_total_score_or_margin	check_if_finer_official_label_is_supported	B Cell	Naive B Cell	Naive B Cell	raw_marker_winner	0.51	0.51	0.1099999999999999	Blood Cell:2	Blood Cell:2	not_available:2	Study=vaccination_study_04; lineage=B_lineage; cluster=9; cells=2; final=B Cell; marker_assignment=Naive B Cell; raw_marker_winner=Naive B Cell; assignment_reason=raw_marker_winner; marker_score=0.510; best_total_score=0.510; score_margin=0.110; CellTypist=Blood Cell:2; PanHuman=Blood Cell:2; scRefMap=not_available:2; review_reasons=parent_or_broad_final_label,marker_assignment_disagrees_with_final,screfmapping_not_available,low_total_score_or_margin.
vaccination_study_04	T_NK_lineage	0	38	high	8	parent_or_broad_final_label;marker_assignment_disagrees_with_final;ambiguous_or_missing_label_candidate;screfmapping_not_available	check_if_finer_official_label_is_supported	T Cell	gdT Cell	gdT Cell	raw_marker_winner	0.775	0.775	0.2357017543859648	Plasmacytoid DC:38	Plasmacytoid DC:38	not_available:38	Study=vaccination_study_04; lineage=T_NK_lineage; cluster=0; cells=38; final=T Cell; marker_assignment=gdT Cell; raw_marker_winner=gdT Cell; assignment_reason=raw_marker_winner; marker_score=0.775; best_total_score=0.775; score_margin=0.236; CellTypist=Plasmacytoid DC:38; PanHuman=Plasmacytoid DC:38; scRefMap=not_available:38; review_reasons=parent_or_broad_final_label,marker_assignment_disagrees_with_final,ambiguous_or_missing_label_candidate,screfmapping_not_available.
vaccination_study_04	T_NK_lineage	1	37	low	1	screfmapping_not_available	accept	NK Cell	NK Cell	NK Cell	raw_marker_winner	0.487027027027027	1.38972972972973	0.8449558064680939	Classical Monocyte:19; Non-Classical Monocyte:12; NK Cell:3; Conventional DC 2:2; CD4 Naive / T Central Memory:1	Non-Classical Monocyte:17; Classical Monocyte:10; Blood Cell:7; Conventional DC 2:3	not_available:36; CD4 Naive / T Central Memory:1	Study=vaccination_study_04; lineage=T_NK_lineage; cluster=1; cells=37; final=NK Cell; marker_assignment=NK Cell; raw_marker_winner=NK Cell; assignment_reason=raw_marker_winner; marker_score=0.487; best_total_score=1.390; score_margin=0.845; CellTypist=Classical Monocyte:19; Non-Classical Monocyte:12; NK Cell:3; Conventional DC 2:2; CD4 Naive / T Central Memory:1; PanHuman=Non-Classical Monocyte:17; Classical Monocyte:10; Blood Cell:7; Conventional DC 2:3; scRefMap=not_available:36; CD4 Naive / T Central Memory:1; review_reasons=screfmapping_not_available.
vaccination_study_04	T_NK_lineage	10	24	medium	4	raw_marker_winner_changed_by_policy;ambiguous_or_missing_label_candidate;screfmapping_not_available	evaluate_ontology_gap_or_conservative_policy	NK Cell	NK Cell	NKT Cell	source_supported_marker_tiebreak	0.925	3.3095833333333333	2.384583333333333	NK Cell:24	NK Cell:21; Lymphoid Cell:2; Blood Cell:1	not_available:24	Study=vaccination_study_04; lineage=T_NK_lineage; cluster=10; cells=24; final=NK Cell; marker_assignment=NK Cell; raw_marker_winner=NKT Cell; assignment_reason=source_supported_marker_tiebreak; marker_score=0.925; best_total_score=3.310; score_margin=2.385; CellTypist=NK Cell:24; PanHuman=NK Cell:21; Lymphoid Cell:2; Blood Cell:1; scRefMap=not_available:24; review_reasons=raw_marker_winner_changed_by_policy,ambiguous_or_missing_label_candidate,screfmapping_not_available.
vaccination_study_04	T_NK_lineage	12	20	medium	4	raw_marker_winner_changed_by_policy;ambiguous_or_missing_label_candidate;screfmapping_not_available	evaluate_ontology_gap_or_conservative_policy	NK Cell	NK Cell	NKT Cell	source_supported_marker_tiebreak	0.91	3.295	2.385	NK Cell:12; Blood Cell:3; CD8 Cytotoxic / T Effector Memory:2; Treg:2; CD4 T Effector Memory:1	Lymphoid Cell:20	not_available:18; CD4 Naive / T Central Memory:2	Study=vaccination_study_04; lineage=T_NK_lineage; cluster=12; cells=20; final=NK Cell; marker_assignment=NK Cell; raw_marker_winner=NKT Cell; assignment_reason=source_supported_marker_tiebreak; marker_score=0.910; best_total_score=3.295; score_margin=2.385; CellTypist=NK Cell:12; Blood Cell:3; CD8 Cytotoxic / T Effector Memory:2; Treg:2; CD4 T Effector Memory:1; PanHuman=Lymphoid Cell:20; scRefMap=not_available:18; CD4 Naive / T Central Memory:2; review_reasons=raw_marker_winner_changed_by_policy,ambiguous_or_missing_label_candidate,screfmapping_not_available.
vaccination_study_04	T_NK_lineage	13	13	medium	6	parent_or_broad_final_label;marker_assignment_disagrees_with_final;screfmapping_not_available	check_if_finer_official_label_is_supported	T Cell	CD8 Naive / T Central Memory	CD8 Naive / T Central Memory	raw_marker_winner	0.9915271797941658	0.9915271797941658	0.140865554085281	Blood Cell:13	Blood Cell:13	not_available:13	Study=vaccination_study_04; lineage=T_NK_lineage; cluster=13; cells=13; final=T Cell; marker_assignment=CD8 Naive / T Central Memory; raw_marker_winner=CD8 Naive / T Central Memory; assignment_reason=raw_marker_winner; marker_score=0.992; best_total_score=0.992; score_margin=0.141; CellTypist=Blood Cell:13; PanHuman=Blood Cell:13; scRefMap=not_available:13; review_reasons=parent_or_broad_final_label,marker_assignment_disagrees_with_final,screfmapping_not_available.
vaccination_study_04	T_NK_lineage	14	2	low	1	screfmapping_not_available	accept	NK Cell	NK Cell	NK Cell	raw_marker_winner	0.51	3.1100000000000003	2.6100000000000003	NK Cell:2	NK Cell:1; Blood Cell:1	not_available:2	Study=vaccination_study_04; lineage=T_NK_lineage; cluster=14; cells=2; final=NK Cell; marker_assignment=NK Cell; raw_marker_winner=NK Cell; assignment_reason=raw_marker_winner; marker_score=0.510; best_total_score=3.110; score_margin=2.610; CellTypist=NK Cell:2; PanHuman=NK Cell:1; Blood Cell:1; scRefMap=not_available:2; review_reasons=screfmapping_not_available.
vaccination_study_04	T_NK_lineage	2	35	low	3	marker_assignment_disagrees_with_final;screfmapping_not_available	review_marker_vs_reference_disagreement	NK Cell	CD8 Naive / T Central Memory	CD8 Naive / T Central Memory	raw_marker_winner	0.6697718105500208	1.3385714285714287	0.3945674678188857	Blood Cell:26; NK Cell:4; T Cell:2; Plasmacytoid DC:1; CD4 Naive / T Central Memory:1	Blood Cell:20; Lymphoid Cell:8; HSC:6; NK Cell:1	not_available:22; CD4 Naive / T Central Memory:9; CD4 T Effector Memory:4	Study=vaccination_study_04; lineage=T_NK_lineage; cluster=2; cells=35; final=NK Cell; marker_assignment=CD8 Naive / T Central Memory; raw_marker_winner=CD8 Naive / T Central Memory; assignment_reason=raw_marker_winner; marker_score=0.670; best_total_score=1.339; score_margin=0.395; CellTypist=Blood Cell:26; NK Cell:4; T Cell:2; Plasmacytoid DC:1; CD4 Naive / T Central Memory:1; PanHuman=Blood Cell:20; Lymphoid Cell:8; HSC:6; NK Cell:1; scRefMap=not_available:22; CD4 Naive / T Central Memory:9; CD4 T Effector Memory:4; review_reasons=marker_assignment_disagrees_with_final,screfmapping_not_available.
vaccination_study_04	T_NK_lineage	3	33	medium	4	raw_marker_winner_changed_by_policy;ambiguous_or_missing_label_candidate;screfmapping_not_available	evaluate_ontology_gap_or_conservative_policy	NK Cell	NK Cell	NKT Cell	source_supported_marker_tiebreak	0.9090909090909092	3.403636363636364	2.4945454545454546	NK Cell:30; CD8 Cytotoxic / T Effector Memory:3	NK Cell:30; Blood Cell:3	not_available:33	Study=vaccination_study_04; lineage=T_NK_lineage; cluster=3; cells=33; final=NK Cell; marker_assignment=NK Cell; raw_marker_winner=NKT Cell; assignment_reason=source_supported_marker_tiebreak; marker_score=0.909; best_total_score=3.404; score_margin=2.495; CellTypist=NK Cell:30; CD8 Cytotoxic / T Effector Memory:3; PanHuman=NK Cell:30; Blood Cell:3; scRefMap=not_available:33; review_reasons=raw_marker_winner_changed_by_policy,ambiguous_or_missing_label_candidate,screfmapping_not_available.
vaccination_study_04	T_NK_lineage	4	33	medium	4	raw_marker_winner_changed_by_policy;ambiguous_or_missing_label_candidate;screfmapping_not_available	evaluate_ontology_gap_or_conservative_policy	NK Cell	NK Cell	NKT Cell	source_supported_marker_tiebreak	1.0	3.450909090909091	2.450909090909091	NK Cell:32; CD4 T Effector Memory:1	NK Cell:27; Blood Cell:2; Lymphoid Cell:2; CD8 T Cell (ab):1; CD8 Naive / T Central Memory:1	not_available:32; CD4 Naive / T Central Memory:1	Study=vaccination_study_04; lineage=T_NK_lineage; cluster=4; cells=33; final=NK Cell; marker_assignment=NK Cell; raw_marker_winner=NKT Cell; assignment_reason=source_supported_marker_tiebreak; marker_score=1.000; best_total_score=3.451; score_margin=2.451; CellTypist=NK Cell:32; CD4 T Effector Memory:1; PanHuman=NK Cell:27; Blood Cell:2; Lymphoid Cell:2; CD8 T Cell (ab):1; CD8 Naive / T Central Memory:1; scRefMap=not_available:32; CD4 Naive / T Central Memory:1; review_reasons=raw_marker_winner_changed_by_policy,ambiguous_or_missing_label_candidate,screfmapping_not_available.
vaccination_study_04	T_NK_lineage	5	33	medium	4	raw_marker_winner_changed_by_policy;ambiguous_or_missing_label_candidate;screfmapping_not_available	evaluate_ontology_gap_or_conservative_policy	NK Cell	NK Cell	NKT Cell	source_supported_marker_tiebreak	0.9636363636363636	3.4663636363636368	2.502727272727273	NK Cell:33	NK Cell:28; Blood Cell:3; Lymphoid Cell:2	not_available:33	Study=vaccination_study_04; lineage=T_NK_lineage; cluster=5; cells=33; final=NK Cell; marker_assignment=NK Cell; raw_marker_winner=NKT Cell; assignment_reason=source_supported_marker_tiebreak; marker_score=0.964; best_total_score=3.466; score_margin=2.503; CellTypist=NK Cell:33; PanHuman=NK Cell:28; Blood Cell:3; Lymphoid Cell:2; scRefMap=not_available:33; review_reasons=raw_marker_winner_changed_by_policy,ambiguous_or_missing_label_candidate,screfmapping_not_available.
vaccination_study_04	T_NK_lineage	6	31	medium	5	marker_assignment_disagrees_with_final;ambiguous_or_missing_label_candidate;screfmapping_not_available	evaluate_ontology_gap_or_conservative_policy	NK Cell	NKT Cell	NKT Cell	raw_marker_winner	0.9225806451612903	2.992258064516129	1.7677419354838708	NK Cell:16; CD8 Cytotoxic / T Effector Memory:14; Blood Cell:1	NK Cell:19; Blood Cell:8; Lymphoid Cell:3; CD8 Cytotoxic / T Effector Memory:1	not_available:31	Study=vaccination_study_04; lineage=T_NK_lineage; cluster=6; cells=31; final=NK Cell; marker_assignment=NKT Cell; raw_marker_winner=NKT Cell; assignment_reason=raw_marker_winner; marker_score=0.923; best_total_score=2.992; score_margin=1.768; CellTypist=NK Cell:16; CD8 Cytotoxic / T Effector Memory:14; Blood Cell:1; PanHuman=NK Cell:19; Blood Cell:8; Lymphoid Cell:3; CD8 Cytotoxic / T Effector Memory:1; scRefMap=not_available:31; review_reasons=marker_assignment_disagrees_with_final,ambiguous_or_missing_label_candidate,screfmapping_not_available.
vaccination_study_04	T_NK_lineage	7	28	medium	5	marker_assignment_disagrees_with_final;ambiguous_or_missing_label_candidate;screfmapping_not_available	evaluate_ontology_gap_or_conservative_policy	NK Cell	NKT Cell	NKT Cell	raw_marker_winner	0.8714285714285714	3.2207142857142856	2.349285714285714	NK Cell:26; CD8 Cytotoxic / T Effector Memory:2	NK Cell:27; Blood Cell:1	not_available:28	Study=vaccination_study_04; lineage=T_NK_lineage; cluster=7; cells=28; final=NK Cell; marker_assignment=NKT Cell; raw_marker_winner=NKT Cell; assignment_reason=raw_marker_winner; marker_score=0.871; best_total_score=3.221; score_margin=2.349; CellTypist=NK Cell:26; CD8 Cytotoxic / T Effector Memory:2; PanHuman=NK Cell:27; Blood Cell:1; scRefMap=not_available:28; review_reasons=marker_assignment_disagrees_with_final,ambiguous_or_missing_label_candidate,screfmapping_not_available.
vaccination_study_04	T_NK_lineage	9	26	high	10	parent_or_broad_final_label;marker_assignment_disagrees_with_final;ambiguous_or_missing_label_candidate;screfmapping_not_available;low_total_score_or_margin	check_if_finer_official_label_is_supported	T Cell	gdT Cell	gdT Cell	raw_marker_winner	0.7288461538461538	0.7288461538461538	0.1846153846153845	Plasmacytoid DC:26	Plasmacytoid DC:26	not_available:26	Study=vaccination_study_04; lineage=T_NK_lineage; cluster=9; cells=26; final=T Cell; marker_assignment=gdT Cell; raw_marker_winner=gdT Cell; assignment_reason=raw_marker_winner; marker_score=0.729; best_total_score=0.729; score_margin=0.185; CellTypist=Plasmacytoid DC:26; PanHuman=Plasmacytoid DC:26; scRefMap=not_available:26; review_reasons=parent_or_broad_final_label,marker_assignment_disagrees_with_final,ambiguous_or_missing_label_candidate,screfmapping_not_available,low_total_score_or_margin.
vaccination_study_04	Myeloid_lineage	6	1089	medium	5	marker_assignment_disagrees_with_final;screfmapping_not_available	review_marker_vs_reference_disagreement	Conventional DC 1	Intermediate Monocyte	Intermediate Monocyte	raw_marker_winner	0.8280198032998911	2.962901744719926	2.1348819414200357	Conventional DC 1:1052; Classical Monocyte:12; Conventional DC 2:9; Blood Cell:7; Plasmacytoid DC:6	Conventional DC 1:971; Blood Cell:106; Plasmacytoid DC:7; Conventional DC 2:5	not_available:1089	Study=vaccination_study_04; lineage=Myeloid_lineage; cluster=6; cells=1089; final=Conventional DC 1; marker_assignment=Intermediate Monocyte; raw_marker_winner=Intermediate Monocyte; assignment_reason=raw_marker_winner; marker_score=0.828; best_total_score=2.963; score_margin=2.135; CellTypist=Conventional DC 1:1052; Classical Monocyte:12; Conventional DC 2:9; Blood Cell:7; Plasmacytoid DC:6; PanHuman=Conventional DC 1:971; Blood Cell:106; Plasmacytoid DC:7; Conventional DC 2:5; scRefMap=not_available:1089; review_reasons=marker_assignment_disagrees_with_final,screfmapping_not_available.
vaccination_study_06	B_lineage	0	325	low	3	marker_assignment_disagrees_with_final	review_marker_vs_reference_disagreement	Memory B Cell	Naive B Cell	Naive B Cell	raw_marker_winner	0.1678615384615384	2.825230769230769	1.1804461538461537	Memory B Cell:159; Naive B Cell:95; B Cell:34; Plasma Cell:11; CD8 Cytotoxic / T Effector Memory:10	Memory B Cell:311; Blood Cell:8; Treg:2; Plasma Cell:1; B Cell:1	Naive B Cell:192; Memory B Cell:74; Plasma Cell:53; not_available:3; Treg:2	Study=vaccination_study_06; lineage=B_lineage; cluster=0; cells=325; final=Memory B Cell; marker_assignment=Naive B Cell; raw_marker_winner=Naive B Cell; assignment_reason=raw_marker_winner; marker_score=0.168; best_total_score=2.825; score_margin=1.180; CellTypist=Memory B Cell:159; Naive B Cell:95; B Cell:34; Plasma Cell:11; CD8 Cytotoxic / T Effector Memory:10; PanHuman=Memory B Cell:311; Blood Cell:8; Treg:2; Plasma Cell:1; B Cell:1; scRefMap=Naive B Cell:192; Memory B Cell:74; Plasma Cell:53; not_available:3; Treg:2; review_reasons=marker_assignment_disagrees_with_final.
vaccination_study_06	B_lineage	1	291	low	2	marker_assignment_disagrees_with_final	review_marker_vs_reference_disagreement	Memory B Cell	Naive B Cell	Naive B Cell	raw_marker_winner	0.2368900343642611	3.334020618556701	2.680635738831615	B Cell:279; Memory B Cell:11; Blood Cell:1	Memory B Cell:291	Memory B Cell:178; Naive B Cell:101; Plasma Cell:11; not_available:1	Study=vaccination_study_06; lineage=B_lineage; cluster=1; cells=291; final=Memory B Cell; marker_assignment=Naive B Cell; raw_marker_winner=Naive B Cell; assignment_reason=raw_marker_winner; marker_score=0.237; best_total_score=3.334; score_margin=2.681; CellTypist=B Cell:279; Memory B Cell:11; Blood Cell:1; PanHuman=Memory B Cell:291; scRefMap=Memory B Cell:178; Naive B Cell:101; Plasma Cell:11; not_available:1; review_reasons=marker_assignment_disagrees_with_final.
vaccination_study_06	B_lineage	10	195	medium	4	marker_assignment_disagrees_with_final;ambiguous_or_missing_label_candidate	evaluate_ontology_gap_or_conservative_policy	Memory B Cell	Plasma Cell	Plasma Cell	raw_marker_winner	0.0	2.914871794871795	2.194871794871795	B Cell:160; Memory B Cell:14; Blood Cell:8; Naive B Cell:6; NK Cell:2	Memory B Cell:181; Blood Cell:8; Plasma Cell:5; B Cell:1	Naive B Cell:104; Memory B Cell:75; Plasma Cell:13; not_available:3	Study=vaccination_study_06; lineage=B_lineage; cluster=10; cells=195; final=Memory B Cell; marker_assignment=Plasma Cell; raw_marker_winner=Plasma Cell; assignment_reason=raw_marker_winner; marker_score=0.000; best_total_score=2.915; score_margin=2.195; CellTypist=B Cell:160; Memory B Cell:14; Blood Cell:8; Naive B Cell:6; NK Cell:2; PanHuman=Memory B Cell:181; Blood Cell:8; Plasma Cell:5; B Cell:1; scRefMap=Naive B Cell:104; Memory B Cell:75; Plasma Cell:13; not_available:3; review_reasons=marker_assignment_disagrees_with_final,ambiguous_or_missing_label_candidate.
vaccination_study_06	B_lineage	11	174	low	2	marker_assignment_disagrees_with_final	review_marker_vs_reference_disagreement	Memory B Cell	Naive B Cell	Naive B Cell	raw_marker_winner	0.1039655172413793	3.024137931034483	2.053505747126437	Memory B Cell:82; B Cell:65; CD8 Cytotoxic / T Effector Memory:10; Naive B Cell:9; Blood Cell:2	Memory B Cell:168; Plasma Cell:2; Blood Cell:2; Naive B Cell:1; B Cell:1	Naive B Cell:104; Memory B Cell:68; Plasma Cell:1; not_available:1	Study=vaccination_study_06; lineage=B_lineage; cluster=11; cells=174; final=Memory B Cell; marker_assignment=Naive B Cell; raw_marker_winner=Naive B Cell; assignment_reason=raw_marker_winner; marker_score=0.104; best_total_score=3.024; score_margin=2.054; CellTypist=Memory B Cell:82; B Cell:65; CD8 Cytotoxic / T Effector Memory:10; Naive B Cell:9; Blood Cell:2; PanHuman=Memory B Cell:168; Plasma Cell:2; Blood Cell:2; Naive B Cell:1; B Cell:1; scRefMap=Naive B Cell:104; Memory B Cell:68; Plasma Cell:1; not_available:1; review_reasons=marker_assignment_disagrees_with_final.
vaccination_study_06	B_lineage	12	174	low	0	spot_check	accept	Memory B Cell	Memory B Cell	Memory B Cell	raw_marker_winner	0.2830912079947904	3.501482012592492	2.566424541328124	Memory B Cell:123; B Cell:35; Naive B Cell:11; Blood Cell:2; CD4 T Effector Memory:2	Memory B Cell:172; Blood Cell:1; B Cell:1	Memory B Cell:94; Naive B Cell:77; not_available:2; Treg:1	Study=vaccination_study_06; lineage=B_lineage; cluster=12; cells=174; final=Memory B Cell; marker_assignment=Memory B Cell; raw_marker_winner=Memory B Cell; assignment_reason=raw_marker_winner; marker_score=0.283; best_total_score=3.501; score_margin=2.566; CellTypist=Memory B Cell:123; B Cell:35; Naive B Cell:11; Blood Cell:2; CD4 T Effector Memory:2; PanHuman=Memory B Cell:172; Blood Cell:1; B Cell:1; scRefMap=Memory B Cell:94; Naive B Cell:77; not_available:2; Treg:1; review_reasons=spot_check.
vaccination_study_06	B_lineage	13	172	low	0	spot_check	accept	Memory B Cell	Memory B Cell	Memory B Cell	raw_marker_winner	0.3492635658914729	3.877170542635659	3.2465950506692995	Memory B Cell:130; B Cell:39; Naive B Cell:3	Memory B Cell:171; Blood Cell:1	Memory B Cell:133; Naive B Cell:39	Study=vaccination_study_06; lineage=B_lineage; cluster=13; cells=172; final=Memory B Cell; marker_assignment=Memory B Cell; raw_marker_winner=Memory B Cell; assignment_reason=raw_marker_winner; marker_score=0.349; best_total_score=3.877; score_margin=3.247; CellTypist=Memory B Cell:130; B Cell:39; Naive B Cell:3; PanHuman=Memory B Cell:171; Blood Cell:1; scRefMap=Memory B Cell:133; Naive B Cell:39; review_reasons=spot_check.
vaccination_study_06	B_lineage	15	136	low	2	marker_assignment_disagrees_with_final	review_marker_vs_reference_disagreement	Memory B Cell	Naive B Cell	Naive B Cell	raw_marker_winner	0.1493014705882352	2.320588235294118	1.7948161764705883	Memory B Cell:77; CD4 Naive / T Central Memory:16; Plasma Cell:10; CD8 Cytotoxic / T Effector Memory:7; Naive B Cell:7	Blood Cell:82; Memory B Cell:30; B Cell:10; Plasma Cell:6; Naive B Cell:4	Memory B Cell:68; not_available:23; Naive B Cell:21; CD4 Naive / T Central Memory:18; CD4 T Effector Memory:4	Study=vaccination_study_06; lineage=B_lineage; cluster=15; cells=136; final=Memory B Cell; marker_assignment=Naive B Cell; raw_marker_winner=Naive B Cell; assignment_reason=raw_marker_winner; marker_score=0.149; best_total_score=2.321; score_margin=1.795; CellTypist=Memory B Cell:77; CD4 Naive / T Central Memory:16; Plasma Cell:10; CD8 Cytotoxic / T Effector Memory:7; Naive B Cell:7; PanHuman=Blood Cell:82; Memory B Cell:30; B Cell:10; Plasma Cell:6; Naive B Cell:4; scRefMap=Memory B Cell:68; not_available:23; Naive B Cell:21; CD4 Naive / T Central Memory:18; CD4 T Effector Memory:4; review_reasons=marker_assignment_disagrees_with_final.
vaccination_study_06	B_lineage	16	103	medium	5	marker_assignment_disagrees_with_final;ambiguous_or_missing_label_candidate;screfmapping_not_available	evaluate_ontology_gap_or_conservative_policy	Memory B Cell	Plasmablast	Plasmablast	raw_marker_winner	0.1633818770226537	1.1623584465910444	0.4499312621250249	CD4 Naive / T Central Memory:23; Memory B Cell:23; Blood Cell:19; Plasma Cell:19; Naive B Cell:8	Blood Cell:65; Memory B Cell:14; CD4 Naive / T Central Memory:7; CD4 T Cell (ab):6; Treg:3	not_available:40; Memory B Cell:20; Naive B Cell:18; CD4 Naive / T Central Memory:13; Treg:5	Study=vaccination_study_06; lineage=B_lineage; cluster=16; cells=103; final=Memory B Cell; marker_assignment=Plasmablast; raw_marker_winner=Plasmablast; assignment_reason=raw_marker_winner; marker_score=0.163; best_total_score=1.162; score_margin=0.450; CellTypist=CD4 Naive / T Central Memory:23; Memory B Cell:23; Blood Cell:19; Plasma Cell:19; Naive B Cell:8; PanHuman=Blood Cell:65; Memory B Cell:14; CD4 Naive / T Central Memory:7; CD4 T Cell (ab):6; Treg:3; scRefMap=not_available:40; Memory B Cell:20; Naive B Cell:18; CD4 Naive / T Central Memory:13; Treg:5; review_reasons=marker_assignment_disagrees_with_final,ambiguous_or_missing_label_candidate,screfmapping_not_available.
vaccination_study_06	B_lineage	18	56	low	2	marker_assignment_disagrees_with_final	review_marker_vs_reference_disagreement	Memory B Cell	Naive B Cell	Naive B Cell	raw_marker_winner	0.4356216164104913	3.5642857142857145	2.817949812160937	B Cell:51; Blood Cell:2; Memory B Cell:2; Naive B Cell:1	Memory B Cell:56	Memory B Cell:45; Naive B Cell:11	Study=vaccination_study_06; lineage=B_lineage; cluster=18; cells=56; final=Memory B Cell; marker_assignment=Naive B Cell; raw_marker_winner=Naive B Cell; assignment_reason=raw_marker_winner; marker_score=0.436; best_total_score=3.564; score_margin=2.818; CellTypist=B Cell:51; Blood Cell:2; Memory B Cell:2; Naive B Cell:1; PanHuman=Memory B Cell:56; scRefMap=Memory B Cell:45; Naive B Cell:11; review_reasons=marker_assignment_disagrees_with_final.
vaccination_study_06	B_lineage	2	286	low	2	marker_assignment_disagrees_with_final	review_marker_vs_reference_disagreement	Memory B Cell	Naive B Cell	Naive B Cell	raw_marker_winner	0.8627972027972028	2.9482517482517485	0.3812587412587414	Memory B Cell:154; Naive B Cell:97; B Cell:32; CD8 Cytotoxic / T Effector Memory:2; Plasma Cell:1	Memory B Cell:286	Naive B Cell:196; Memory B Cell:83; Plasma Cell:7	Study=vaccination_study_06; lineage=B_lineage; cluster=2; cells=286; final=Memory B Cell; marker_assignment=Naive B Cell; raw_marker_winner=Naive B Cell; assignment_reason=raw_marker_winner; marker_score=0.863; best_total_score=2.948; score_margin=0.381; CellTypist=Memory B Cell:154; Naive B Cell:97; B Cell:32; CD8 Cytotoxic / T Effector Memory:2; Plasma Cell:1; PanHuman=Memory B Cell:286; scRefMap=Naive B Cell:196; Memory B Cell:83; Plasma Cell:7; review_reasons=marker_assignment_disagrees_with_final.
vaccination_study_06	B_lineage	4	268	low	2	marker_assignment_disagrees_with_final	review_marker_vs_reference_disagreement	Memory B Cell	Naive B Cell	Naive B Cell	raw_marker_winner	0.5776395240756901	2.9119402985074627	1.126091819207892	B Cell:105; Naive B Cell:83; Memory B Cell:58; Plasma Cell:9; Blood Cell:9	Memory B Cell:266; Plasma Cell:1; HSC:1	Plasma Cell:99; Naive B Cell:90; Memory B Cell:74; not_available:5	Study=vaccination_study_06; lineage=B_lineage; cluster=4; cells=268; final=Memory B Cell; marker_assignment=Naive B Cell; raw_marker_winner=Naive B Cell; assignment_reason=raw_marker_winner; marker_score=0.578; best_total_score=2.912; score_margin=1.126; CellTypist=B Cell:105; Naive B Cell:83; Memory B Cell:58; Plasma Cell:9; Blood Cell:9; PanHuman=Memory B Cell:266; Plasma Cell:1; HSC:1; scRefMap=Plasma Cell:99; Naive B Cell:90; Memory B Cell:74; not_available:5; review_reasons=marker_assignment_disagrees_with_final.
vaccination_study_06	B_lineage	5	265	low	0	spot_check	accept	Naive B Cell	Naive B Cell	Naive B Cell	raw_marker_winner	0.181	2.280622641509434	0.1183584905660377	B Cell:112; Naive B Cell:103; Blood Cell:14; CD4 Naive / T Central Memory:11; Memory B Cell:8	Memory B Cell:218; Blood Cell:35; B Cell:8; Naive B Cell:2; Plasma Cell:1	Naive B Cell:237; not_available:25; Memory B Cell:3	Study=vaccination_study_06; lineage=B_lineage; cluster=5; cells=265; final=Naive B Cell; marker_assignment=Naive B Cell; raw_marker_winner=Naive B Cell; assignment_reason=raw_marker_winner; marker_score=0.181; best_total_score=2.281; score_margin=0.118; CellTypist=B Cell:112; Naive B Cell:103; Blood Cell:14; CD4 Naive / T Central Memory:11; Memory B Cell:8; PanHuman=Memory B Cell:218; Blood Cell:35; B Cell:8; Naive B Cell:2; Plasma Cell:1; scRefMap=Naive B Cell:237; not_available:25; Memory B Cell:3; review_reasons=spot_check.
vaccination_study_06	B_lineage	6	240	medium	4	marker_assignment_disagrees_with_final;ambiguous_or_missing_label_candidate	evaluate_ontology_gap_or_conservative_policy	Memory B Cell	Plasmablast	Plasmablast	raw_marker_winner	0.1546153804735698	3.2641666666666667	2.7941666666666665	B Cell:223; Blood Cell:12; Memory B Cell:2; Naive B Cell:2; CD4 Naive / T Central Memory:1	Memory B Cell:239; Blood Cell:1	Memory B Cell:135; Naive B Cell:83; Plasma Cell:18; not_available:4	Study=vaccination_study_06; lineage=B_lineage; cluster=6; cells=240; final=Memory B Cell; marker_assignment=Plasmablast; raw_marker_winner=Plasmablast; assignment_reason=raw_marker_winner; marker_score=0.155; best_total_score=3.264; score_margin=2.794; CellTypist=B Cell:223; Blood Cell:12; Memory B Cell:2; Naive B Cell:2; CD4 Naive / T Central Memory:1; PanHuman=Memory B Cell:239; Blood Cell:1; scRefMap=Memory B Cell:135; Naive B Cell:83; Plasma Cell:18; not_available:4; review_reasons=marker_assignment_disagrees_with_final,ambiguous_or_missing_label_candidate.
vaccination_study_06	B_lineage	7	236	low	2	marker_assignment_disagrees_with_final	review_marker_vs_reference_disagreement	Memory B Cell	Naive B Cell	Naive B Cell	raw_marker_winner	0.1051694915254237	3.402542372881356	2.8761864406779662	B Cell:131; Memory B Cell:96; Naive B Cell:5; Blood Cell:4	Memory B Cell:234; Plasma Cell:1; Blood Cell:1	Memory B Cell:160; Naive B Cell:72; not_available:2; Plasma Cell:2	Study=vaccination_study_06; lineage=B_lineage; cluster=7; cells=236; final=Memory B Cell; marker_assignment=Naive B Cell; raw_marker_winner=Naive B Cell; assignment_reason=raw_marker_winner; marker_score=0.105; best_total_score=3.403; score_margin=2.876; CellTypist=B Cell:131; Memory B Cell:96; Naive B Cell:5; Blood Cell:4; PanHuman=Memory B Cell:234; Plasma Cell:1; Blood Cell:1; scRefMap=Memory B Cell:160; Naive B Cell:72; not_available:2; Plasma Cell:2; review_reasons=marker_assignment_disagrees_with_final.
vaccination_study_06	B_lineage	8	218	high	8	parent_or_broad_final_label;marker_assignment_disagrees_with_final;ambiguous_or_missing_label_candidate;screfmapping_not_available	check_if_finer_official_label_is_supported	B Cell	Plasma Cell	Plasma Cell	raw_marker_winner	0.6122271445949656	1.3856216400078096	0.7659304135147795	Plasma Cell:62; Blood Cell:46; B Cell:36; CD4 Naive / T Central Memory:33; Memory B Cell:11	Blood Cell:162; Memory B Cell:28; Treg:10; CD8 Cytotoxic / T Effector Memory:5; CD4 T Cell (ab):4	not_available:116; CD4 Naive / T Central Memory:42; CD4 T Effector Memory:22; Naive B Cell:21; Memory B Cell:13	Study=vaccination_study_06; lineage=B_lineage; cluster=8; cells=218; final=B Cell; marker_assignment=Plasma Cell; raw_marker_winner=Plasma Cell; assignment_reason=raw_marker_winner; marker_score=0.612; best_total_score=1.386; score_margin=0.766; CellTypist=Plasma Cell:62; Blood Cell:46; B Cell:36; CD4 Naive / T Central Memory:33; Memory B Cell:11; PanHuman=Blood Cell:162; Memory B Cell:28; Treg:10; CD8 Cytotoxic / T Effector Memory:5; CD4 T Cell (ab):4; scRefMap=not_available:116; CD4 Naive / T Central Memory:42; CD4 T Effector Memory:22; Naive B Cell:21; Memory B Cell:13; review_reasons=parent_or_broad_final_label,marker_assignment_disagrees_with_final,ambiguous_or_missing_label_candidate,screfmapping_not_available.
vaccination_study_06	T_NK_lineage	0	5886	medium	6	raw_marker_winner_changed_by_policy;ambiguous_or_missing_label_candidate;screfmapping_not_available	evaluate_ontology_gap_or_conservative_policy	NK Cell	NK Cell	NKT Cell	source_supported_marker_tiebreak	0.8179214082407098	2.4772996941896026	0.7723370710159703	NK Cell:3319; CD8 Cytotoxic / T Effector Memory:1999; Blood Cell:188; gdT Cell:141; CD4 Naive / T Central Memory:102	Blood Cell:2713; NK Cell:1640; CD8 Cytotoxic / T Effector Memory:1226; CD8 T Cell (ab):104; gdT Cell:99	not_available:5815; CD4 T Effector Memory:66; CD4 Naive / T Central Memory:4; Treg:1	Study=vaccination_study_06; lineage=T_NK_lineage; cluster=0; cells=5886; final=NK Cell; marker_assignment=NK Cell; raw_marker_winner=NKT Cell; assignment_reason=source_supported_marker_tiebreak; marker_score=0.818; best_total_score=2.477; score_margin=0.772; CellTypist=NK Cell:3319; CD8 Cytotoxic / T Effector Memory:1999; Blood Cell:188; gdT Cell:141; CD4 Naive / T Central Memory:102; PanHuman=Blood Cell:2713; NK Cell:1640; CD8 Cytotoxic / T Effector Memory:1226; CD8 T Cell (ab):104; gdT Cell:99; scRefMap=not_available:5815; CD4 T Effector Memory:66; CD4 Naive / T Central Memory:4; Treg:1; review_reasons=raw_marker_winner_changed_by_policy,ambiguous_or_missing_label_candidate,screfmapping_not_available.
vaccination_study_06	T_NK_lineage	3	2454	high	8	raw_marker_winner_changed_by_policy;ambiguous_or_missing_label_candidate;screfmapping_not_available;low_total_score_or_margin	evaluate_ontology_gap_or_conservative_policy	MAIT Cell	MAIT Cell	NKT Cell	source_supported_marker_tiebreak	0.7369132029339853	1.6634718826405868	0.0202709861450691	CD8 Cytotoxic / T Effector Memory:1078; MAIT Cell:845; CD4 T Effector Memory:234; Blood Cell:110; NK Cell:103	CD8 Cytotoxic / T Effector Memory:680; Blood Cell:559; MAIT Cell:467; CD4 T Cell (ab):328; gdT Cell:152	not_available:2216; CD4 T Effector Memory:195; CD4 Naive / T Central Memory:40; Plasma Cell:3	Study=vaccination_study_06; lineage=T_NK_lineage; cluster=3; cells=2454; final=MAIT Cell; marker_assignment=MAIT Cell; raw_marker_winner=NKT Cell; assignment_reason=source_supported_marker_tiebreak; marker_score=0.737; best_total_score=1.663; score_margin=0.020; CellTypist=CD8 Cytotoxic / T Effector Memory:1078; MAIT Cell:845; CD4 T Effector Memory:234; Blood Cell:110; NK Cell:103; PanHuman=CD8 Cytotoxic / T Effector Memory:680; Blood Cell:559; MAIT Cell:467; CD4 T Cell (ab):328; gdT Cell:152; scRefMap=not_available:2216; CD4 T Effector Memory:195; CD4 Naive / T Central Memory:40; Plasma Cell:3; review_reasons=raw_marker_winner_changed_by_policy,ambiguous_or_missing_label_candidate,screfmapping_not_available,low_total_score_or_margin.
vaccination_study_06	T_NK_lineage	4	2325	medium	6	raw_marker_winner_changed_by_policy;ambiguous_or_missing_label_candidate;screfmapping_not_available	evaluate_ontology_gap_or_conservative_policy	NK Cell	NK Cell	NKT Cell	source_supported_marker_tiebreak	0.8928322580645162	3.021232258064516	2.056901075268817	NK Cell:1622; CD8 Cytotoxic / T Effector Memory:455; gdT Cell:148; Blood Cell:92; Plasma Cell:3	NK Cell:1770; Blood Cell:329; CD8 Cytotoxic / T Effector Memory:184; CD8 T Cell (ab):39; gdT Cell:3	not_available:2324; CD4 T Effector Memory:1	Study=vaccination_study_06; lineage=T_NK_lineage; cluster=4; cells=2325; final=NK Cell; marker_assignment=NK Cell; raw_marker_winner=NKT Cell; assignment_reason=source_supported_marker_tiebreak; marker_score=0.893; best_total_score=3.021; score_margin=2.057; CellTypist=NK Cell:1622; CD8 Cytotoxic / T Effector Memory:455; gdT Cell:148; Blood Cell:92; Plasma Cell:3; PanHuman=NK Cell:1770; Blood Cell:329; CD8 Cytotoxic / T Effector Memory:184; CD8 T Cell (ab):39; gdT Cell:3; scRefMap=not_available:2324; CD4 T Effector Memory:1; review_reasons=raw_marker_winner_changed_by_policy,ambiguous_or_missing_label_candidate,screfmapping_not_available.
vaccination_study_06	T_NK_lineage	5	3451	medium	6	raw_marker_winner_changed_by_policy;ambiguous_or_missing_label_candidate;screfmapping_not_available	evaluate_ontology_gap_or_conservative_policy	CD8 Cytotoxic / T Effector Memory	CD8 Cytotoxic / T Effector Memory	NKT Cell	source_supported_marker_tiebreak	0.6781961750217329	2.5804071283685888	1.610949000289771	CD8 Cytotoxic / T Effector Memory:3126; NK Cell:213; gdT Cell:76; Blood Cell:27; T Cell:4	CD8 Cytotoxic / T Effector Memory:2206; Blood Cell:570; NK Cell:549; CD8 T Cell (ab):72; gdT Cell:52	not_available:3451	Study=vaccination_study_06; lineage=T_NK_lineage; cluster=5; cells=3451; final=CD8 Cytotoxic / T Effector Memory; marker_assignment=CD8 Cytotoxic / T Effector Memory; raw_marker_winner=NKT Cell; assignment_reason=source_supported_marker_tiebreak; marker_score=0.678; best_total_score=2.580; score_margin=1.611; CellTypist=CD8 Cytotoxic / T Effector Memory:3126; NK Cell:213; gdT Cell:76; Blood Cell:27; T Cell:4; PanHuman=CD8 Cytotoxic / T Effector Memory:2206; Blood Cell:570; NK Cell:549; CD8 T Cell (ab):72; gdT Cell:52; scRefMap=not_available:3451; review_reasons=raw_marker_winner_changed_by_policy,ambiguous_or_missing_label_candidate,screfmapping_not_available.
vaccination_study_06	T_NK_lineage	7	6539	high	7	marker_assignment_disagrees_with_final;ambiguous_or_missing_label_candidate;screfmapping_not_available	evaluate_ontology_gap_or_conservative_policy	CD4 Naive / T Central Memory	NKT Cell	NKT Cell	raw_marker_winner	0.4200856400061171	1.695997858999847	0.5016906254779017	CD4 Naive / T Central Memory:1976; CD8 Cytotoxic / T Effector Memory:1649; CD4 T Effector Memory:1172; Blood Cell:595; MAIT Cell:496	Blood Cell:1821; CD4 T Effector Memory:1235; CD4 T Cell (ab):1016; Treg:966; CD8 Cytotoxic / T Effector Memory:661	not_available:2668; CD4 Naive / T Central Memory:2169; CD4 T Effector Memory:1527; Treg:173; Plasma Cell:2	Study=vaccination_study_06; lineage=T_NK_lineage; cluster=7; cells=6539; final=CD4 Naive / T Central Memory; marker_assignment=NKT Cell; raw_marker_winner=NKT Cell; assignment_reason=raw_marker_winner; marker_score=0.420; best_total_score=1.696; score_margin=0.502; CellTypist=CD4 Naive / T Central Memory:1976; CD8 Cytotoxic / T Effector Memory:1649; CD4 T Effector Memory:1172; Blood Cell:595; MAIT Cell:496; PanHuman=Blood Cell:1821; CD4 T Effector Memory:1235; CD4 T Cell (ab):1016; Treg:966; CD8 Cytotoxic / T Effector Memory:661; scRefMap=not_available:2668; CD4 Naive / T Central Memory:2169; CD4 T Effector Memory:1527; Treg:173; Plasma Cell:2; review_reasons=marker_assignment_disagrees_with_final,ambiguous_or_missing_label_candidate,screfmapping_not_available.
vaccination_study_06	T_NK_lineage	9	3279	medium	6	raw_marker_winner_changed_by_policy;ambiguous_or_missing_label_candidate;screfmapping_not_available	evaluate_ontology_gap_or_conservative_policy	NK Cell	NK Cell	NKT Cell	source_supported_marker_tiebreak	0.9211634644708752	3.2948133577310155	2.37364989326014	NK Cell:2886; CD8 Cytotoxic / T Effector Memory:337; Blood Cell:30; gdT Cell:8; CD4 T Effector Memory:8	NK Cell:2482; Blood Cell:690; CD8 Cytotoxic / T Effector Memory:90; CD8 T Cell (ab):13; MAIT Cell:3	not_available:3279	Study=vaccination_study_06; lineage=T_NK_lineage; cluster=9; cells=3279; final=NK Cell; marker_assignment=NK Cell; raw_marker_winner=NKT Cell; assignment_reason=source_supported_marker_tiebreak; marker_score=0.921; best_total_score=3.295; score_margin=2.374; CellTypist=NK Cell:2886; CD8 Cytotoxic / T Effector Memory:337; Blood Cell:30; gdT Cell:8; CD4 T Effector Memory:8; PanHuman=NK Cell:2482; Blood Cell:690; CD8 Cytotoxic / T Effector Memory:90; CD8 T Cell (ab):13; MAIT Cell:3; scRefMap=not_available:3279; review_reasons=raw_marker_winner_changed_by_policy,ambiguous_or_missing_label_candidate,screfmapping_not_available.
vaccination_study_06	Myeloid_lineage	0	57	high	8	parent_or_broad_final_label;marker_assignment_disagrees_with_final;screfmapping_not_available;low_total_score_or_margin	check_if_finer_official_label_is_supported	Myeloid Cell	Conventional DC 2	Conventional DC 2	raw_marker_winner	0.7364035087719298	0.7364035087719298	0.2469298245614035	NK Cell:48; CD8 Cytotoxic / T Effector Memory:4; Blood Cell:4; gdT Cell:1	Blood Cell:46; NK Cell:11	not_available:57	Study=vaccination_study_06; lineage=Myeloid_lineage; cluster=0; cells=57; final=Myeloid Cell; marker_assignment=Conventional DC 2; raw_marker_winner=Conventional DC 2; assignment_reason=raw_marker_winner; marker_score=0.736; best_total_score=0.736; score_margin=0.247; CellTypist=NK Cell:48; CD8 Cytotoxic / T Effector Memory:4; Blood Cell:4; gdT Cell:1; PanHuman=Blood Cell:46; NK Cell:11; scRefMap=not_available:57; review_reasons=parent_or_broad_final_label,marker_assignment_disagrees_with_final,screfmapping_not_available,low_total_score_or_margin.
vaccination_study_06	Myeloid_lineage	1	54	high	8	parent_or_broad_final_label;marker_assignment_disagrees_with_final;screfmapping_not_available;low_total_score_or_margin	check_if_finer_official_label_is_supported	Myeloid Cell	Conventional DC 2	Conventional DC 2	raw_marker_winner	0.7138888888888888	0.7138888888888888	0.3287037037037036	Blood Cell:14; NK Cell:12; Classical Monocyte:8; CD4 Naive / T Central Memory:7; CD8 Cytotoxic / T Effector Memory:5	Blood Cell:52; CD4 T Cell (ab):1; Treg:1	not_available:48; CD4 Naive / T Central Memory:4; Naive B Cell:1; CD4 T Effector Memory:1	Study=vaccination_study_06; lineage=Myeloid_lineage; cluster=1; cells=54; final=Myeloid Cell; marker_assignment=Conventional DC 2; raw_marker_winner=Conventional DC 2; assignment_reason=raw_marker_winner; marker_score=0.714; best_total_score=0.714; score_margin=0.329; CellTypist=Blood Cell:14; NK Cell:12; Classical Monocyte:8; CD4 Naive / T Central Memory:7; CD8 Cytotoxic / T Effector Memory:5; PanHuman=Blood Cell:52; CD4 T Cell (ab):1; Treg:1; scRefMap=not_available:48; CD4 Naive / T Central Memory:4; Naive B Cell:1; CD4 T Effector Memory:1; review_reasons=parent_or_broad_final_label,marker_assignment_disagrees_with_final,screfmapping_not_available,low_total_score_or_margin.
vaccination_study_06	Myeloid_lineage	10	17	high	8	parent_or_broad_final_label;marker_assignment_disagrees_with_final;screfmapping_not_available;low_total_score_or_margin	check_if_finer_official_label_is_supported	Myeloid Cell	Conventional DC 2	Conventional DC 2	raw_marker_winner	0.6852941176470588	0.6852941176470588	0.4588235294117647	NK Cell:5; CD4 Naive / T Central Memory:4; Blood Cell:2; CD8 Cytotoxic / T Effector Memory:2; T Cell:1	Blood Cell:14; NK Cell:1; CD8 Cytotoxic / T Effector Memory:1; CD4 Naive / T Central Memory:1	not_available:13; Treg:2; CD4 T Effector Memory:1; CD4 Naive / T Central Memory:1	Study=vaccination_study_06; lineage=Myeloid_lineage; cluster=10; cells=17; final=Myeloid Cell; marker_assignment=Conventional DC 2; raw_marker_winner=Conventional DC 2; assignment_reason=raw_marker_winner; marker_score=0.685; best_total_score=0.685; score_margin=0.459; CellTypist=NK Cell:5; CD4 Naive / T Central Memory:4; Blood Cell:2; CD8 Cytotoxic / T Effector Memory:2; T Cell:1; PanHuman=Blood Cell:14; NK Cell:1; CD8 Cytotoxic / T Effector Memory:1; CD4 Naive / T Central Memory:1; scRefMap=not_available:13; Treg:2; CD4 T Effector Memory:1; CD4 Naive / T Central Memory:1; review_reasons=parent_or_broad_final_label,marker_assignment_disagrees_with_final,screfmapping_not_available,low_total_score_or_margin.
vaccination_study_06	Myeloid_lineage	11	9	high	8	parent_or_broad_final_label;marker_assignment_disagrees_with_final;screfmapping_not_available;low_total_score_or_margin	check_if_finer_official_label_is_supported	Myeloid Cell	Conventional DC 2	Conventional DC 2	raw_marker_winner	0.486111111111111	0.486111111111111	0.0114814814814815	NK Cell:6; Blood Cell:3	Blood Cell:6; NK Cell:3	not_available:9	Study=vaccination_study_06; lineage=Myeloid_lineage; cluster=11; cells=9; final=Myeloid Cell; marker_assignment=Conventional DC 2; raw_marker_winner=Conventional DC 2; assignment_reason=raw_marker_winner; marker_score=0.486; best_total_score=0.486; score_margin=0.011; CellTypist=NK Cell:6; Blood Cell:3; PanHuman=Blood Cell:6; NK Cell:3; scRefMap=not_available:9; review_reasons=parent_or_broad_final_label,marker_assignment_disagrees_with_final,screfmapping_not_available,low_total_score_or_margin.
vaccination_study_06	Myeloid_lineage	12	3	high	8	parent_or_broad_final_label;marker_assignment_disagrees_with_final;screfmapping_not_available;low_total_score_or_margin	check_if_finer_official_label_is_supported	Myeloid Cell	Conventional DC 2	Conventional DC 2	raw_marker_winner	0.8916666666666666	0.8916666666666666	0.0916666666666665	CD4 Naive / T Central Memory:2; Myeloid Cell:1	Blood Cell:3	not_available:2; CD4 Naive / T Central Memory:1	Study=vaccination_study_06; lineage=Myeloid_lineage; cluster=12; cells=3; final=Myeloid Cell; marker_assignment=Conventional DC 2; raw_marker_winner=Conventional DC 2; assignment_reason=raw_marker_winner; marker_score=0.892; best_total_score=0.892; score_margin=0.092; CellTypist=CD4 Naive / T Central Memory:2; Myeloid Cell:1; PanHuman=Blood Cell:3; scRefMap=not_available:2; CD4 Naive / T Central Memory:1; review_reasons=parent_or_broad_final_label,marker_assignment_disagrees_with_final,screfmapping_not_available,low_total_score_or_margin.
vaccination_study_06	Myeloid_lineage	3	47	low	3	marker_assignment_disagrees_with_final;screfmapping_not_available	review_marker_vs_reference_disagreement	Conventional DC 2	Intermediate Monocyte	Intermediate Monocyte	raw_marker_winner	0.7319148936170212	1.3877659574468084	0.6558510638297872	Memory B Cell:8; Blood Cell:7; NK Cell:6; Naive B Cell:6; CD8 Cytotoxic / T Effector Memory:6	Memory B Cell:28; Blood Cell:16; Plasma Cell:1; Treg:1; CD4 T Cell (ab):1	not_available:26; Naive B Cell:10; CD4 Naive / T Central Memory:4; Memory B Cell:4; Plasma Cell:2	Study=vaccination_study_06; lineage=Myeloid_lineage; cluster=3; cells=47; final=Conventional DC 2; marker_assignment=Intermediate Monocyte; raw_marker_winner=Intermediate Monocyte; assignment_reason=raw_marker_winner; marker_score=0.732; best_total_score=1.388; score_margin=0.656; CellTypist=Memory B Cell:8; Blood Cell:7; NK Cell:6; Naive B Cell:6; CD8 Cytotoxic / T Effector Memory:6; PanHuman=Memory B Cell:28; Blood Cell:16; Plasma Cell:1; Treg:1; CD4 T Cell (ab):1; scRefMap=not_available:26; Naive B Cell:10; CD4 Naive / T Central Memory:4; Memory B Cell:4; Plasma Cell:2; review_reasons=marker_assignment_disagrees_with_final,screfmapping_not_available.
vaccination_study_06	Myeloid_lineage	4	35	high	8	parent_or_broad_final_label;marker_assignment_disagrees_with_final;screfmapping_not_available;low_total_score_or_margin	check_if_finer_official_label_is_supported	Myeloid Cell	Intermediate Monocyte	Intermediate Monocyte	raw_marker_winner	0.7128571428571429	0.7128571428571429	0.0792857142857142	CD4 Naive / T Central Memory:18; Blood Cell:6; CD8 Cytotoxic / T Effector Memory:3; Classical Monocyte:3; CD4 T Effector Memory:1	Blood Cell:25; CD4 Naive / T Central Memory:5; CD4 T Cell (ab):2; Treg:1; T Cell:1	not_available:19; CD4 Naive / T Central Memory:10; CD4 T Effector Memory:3; Treg:2; Memory B Cell:1	Study=vaccination_study_06; lineage=Myeloid_lineage; cluster=4; cells=35; final=Myeloid Cell; marker_assignment=Intermediate Monocyte; raw_marker_winner=Intermediate Monocyte; assignment_reason=raw_marker_winner; marker_score=0.713; best_total_score=0.713; score_margin=0.079; CellTypist=CD4 Naive / T Central Memory:18; Blood Cell:6; CD8 Cytotoxic / T Effector Memory:3; Classical Monocyte:3; CD4 T Effector Memory:1; PanHuman=Blood Cell:25; CD4 Naive / T Central Memory:5; CD4 T Cell (ab):2; Treg:1; T Cell:1; scRefMap=not_available:19; CD4 Naive / T Central Memory:10; CD4 T Effector Memory:3; Treg:2; Memory B Cell:1; review_reasons=parent_or_broad_final_label,marker_assignment_disagrees_with_final,screfmapping_not_available,low_total_score_or_margin.
vaccination_study_06	Myeloid_lineage	5	30	medium	6	parent_or_broad_final_label;marker_assignment_disagrees_with_final;screfmapping_not_available	check_if_finer_official_label_is_supported	Myeloid Cell	Intermediate Monocyte	Intermediate Monocyte	raw_marker_winner	0.8049999999999999	0.8049999999999999	0.1108333333333332	CD4 Naive / T Central Memory:16; Blood Cell:6; T Cell:2; Memory B Cell:2; Plasma Cell:1	Blood Cell:26; CD4 Naive / T Central Memory:3; CD4 T Cell (ab):1	not_available:19; CD4 Naive / T Central Memory:5; CD4 T Effector Memory:3; Memory B Cell:1; Naive B Cell:1	Study=vaccination_study_06; lineage=Myeloid_lineage; cluster=5; cells=30; final=Myeloid Cell; marker_assignment=Intermediate Monocyte; raw_marker_winner=Intermediate Monocyte; assignment_reason=raw_marker_winner; marker_score=0.805; best_total_score=0.805; score_margin=0.111; CellTypist=CD4 Naive / T Central Memory:16; Blood Cell:6; T Cell:2; Memory B Cell:2; Plasma Cell:1; PanHuman=Blood Cell:26; CD4 Naive / T Central Memory:3; CD4 T Cell (ab):1; scRefMap=not_available:19; CD4 Naive / T Central Memory:5; CD4 T Effector Memory:3; Memory B Cell:1; Naive B Cell:1; review_reasons=parent_or_broad_final_label,marker_assignment_disagrees_with_final,screfmapping_not_available.
vaccination_study_06	Myeloid_lineage	6	30	low	3	marker_assignment_disagrees_with_final;screfmapping_not_available	review_marker_vs_reference_disagreement	Conventional DC 2	Intermediate Monocyte	Intermediate Monocyte	raw_marker_winner	0.825	1.7516666666666667	0.9266666666666667	Blood Cell:13; B Cell:12; NK Cell:1; Non-Classical Monocyte:1; Naive B Cell:1	Memory B Cell:19; Blood Cell:10; CD4 T Cell (ab):1	not_available:17; Naive B Cell:8; Memory B Cell:4; CD4 Naive / T Central Memory:1	Study=vaccination_study_06; lineage=Myeloid_lineage; cluster=6; cells=30; final=Conventional DC 2; marker_assignment=Intermediate Monocyte; raw_marker_winner=Intermediate Monocyte; assignment_reason=raw_marker_winner; marker_score=0.825; best_total_score=1.752; score_margin=0.927; CellTypist=Blood Cell:13; B Cell:12; NK Cell:1; Non-Classical Monocyte:1; Naive B Cell:1; PanHuman=Memory B Cell:19; Blood Cell:10; CD4 T Cell (ab):1; scRefMap=not_available:17; Naive B Cell:8; Memory B Cell:4; CD4 Naive / T Central Memory:1; review_reasons=marker_assignment_disagrees_with_final,screfmapping_not_available.
vaccination_study_06	Myeloid_lineage	7	29	medium	6	parent_or_broad_final_label;marker_assignment_disagrees_with_final;screfmapping_not_available	check_if_finer_official_label_is_supported	Myeloid Cell	Intermediate Monocyte	Intermediate Monocyte	raw_marker_winner	0.8206896551724139	0.8206896551724139	0.1120689655172414	Memory B Cell:7; CD4 Naive / T Central Memory:6; Blood Cell:4; CD8 Cytotoxic / T Effector Memory:3; Classical Monocyte:2	Blood Cell:22; Memory B Cell:3; CD4 T Cell (ab):2; T Cell:1; B Cell:1	not_available:14; Memory B Cell:7; CD4 Naive / T Central Memory:3; Treg:2; CD4 T Effector Memory:2	Study=vaccination_study_06; lineage=Myeloid_lineage; cluster=7; cells=29; final=Myeloid Cell; marker_assignment=Intermediate Monocyte; raw_marker_winner=Intermediate Monocyte; assignment_reason=raw_marker_winner; marker_score=0.821; best_total_score=0.821; score_margin=0.112; CellTypist=Memory B Cell:7; CD4 Naive / T Central Memory:6; Blood Cell:4; CD8 Cytotoxic / T Effector Memory:3; Classical Monocyte:2; PanHuman=Blood Cell:22; Memory B Cell:3; CD4 T Cell (ab):2; T Cell:1; B Cell:1; scRefMap=not_available:14; Memory B Cell:7; CD4 Naive / T Central Memory:3; Treg:2; CD4 T Effector Memory:2; review_reasons=parent_or_broad_final_label,marker_assignment_disagrees_with_final,screfmapping_not_available.
vaccination_study_06	Myeloid_lineage	8	23	low	3	marker_assignment_disagrees_with_final;screfmapping_not_available	review_marker_vs_reference_disagreement	Classical Monocyte	Intermediate Monocyte	Intermediate Monocyte	raw_marker_winner	0.8565217391304347	1.9572463768115944	0.2659420289855074	Blood Cell:22; Plasma Cell:1	Intermediate Monocyte:12; Blood Cell:10; Classical Monocyte:1	not_available:23	Study=vaccination_study_06; lineage=Myeloid_lineage; cluster=8; cells=23; final=Classical Monocyte; marker_assignment=Intermediate Monocyte; raw_marker_winner=Intermediate Monocyte; assignment_reason=raw_marker_winner; marker_score=0.857; best_total_score=1.957; score_margin=0.266; CellTypist=Blood Cell:22; Plasma Cell:1; PanHuman=Intermediate Monocyte:12; Blood Cell:10; Classical Monocyte:1; scRefMap=not_available:23; review_reasons=marker_assignment_disagrees_with_final,screfmapping_not_available.
vaccination_study_06	Myeloid_lineage	9	22	high	7	parent_or_broad_final_label;marker_assignment_disagrees_with_final;low_total_score_or_margin	check_if_finer_official_label_is_supported	Myeloid Cell	Conventional DC 2	Conventional DC 2	raw_marker_winner	0.825	0.825	0.0363636363636363	CD4 Naive / T Central Memory:13; CD4 T Effector Memory:3; Blood Cell:1; CD8 Cytotoxic / T Effector Memory:1; Myeloid Cell:1	Blood Cell:22	CD4 Naive / T Central Memory:10; not_available:9; Memory B Cell:1; Naive B Cell:1; Treg:1	Study=vaccination_study_06; lineage=Myeloid_lineage; cluster=9; cells=22; final=Myeloid Cell; marker_assignment=Conventional DC 2; raw_marker_winner=Conventional DC 2; assignment_reason=raw_marker_winner; marker_score=0.825; best_total_score=0.825; score_margin=0.036; CellTypist=CD4 Naive / T Central Memory:13; CD4 T Effector Memory:3; Blood Cell:1; CD8 Cytotoxic / T Effector Memory:1; Myeloid Cell:1; PanHuman=Blood Cell:22; scRefMap=CD4 Naive / T Central Memory:10; not_available:9; Memory B Cell:1; Naive B Cell:1; Treg:1; review_reasons=parent_or_broad_final_label,marker_assignment_disagrees_with_final,low_total_score_or_margin.
vaccination_study_09	B_lineage	18	266	low	2	marker_assignment_disagrees_with_final	review_marker_vs_reference_disagreement	Plasma Cell	Memory B Cell	Memory B Cell	raw_marker_winner	0.0115037593984962	2.47218045112782	1.2960150375939854	Plasma Cell:252; Memory B Cell:6; Classical Monocyte:5; Blood Cell:3	Blood Cell:265; Memory B Cell:1	Memory B Cell:243; Naive B Cell:14; not_available:7; Plasma Cell:2	Study=vaccination_study_09; lineage=B_lineage; cluster=18; cells=266; final=Plasma Cell; marker_assignment=Memory B Cell; raw_marker_winner=Memory B Cell; assignment_reason=raw_marker_winner; marker_score=0.012; best_total_score=2.472; score_margin=1.296; CellTypist=Plasma Cell:252; Memory B Cell:6; Classical Monocyte:5; Blood Cell:3; PanHuman=Blood Cell:265; Memory B Cell:1; scRefMap=Memory B Cell:243; Naive B Cell:14; not_available:7; Plasma Cell:2; review_reasons=marker_assignment_disagrees_with_final.
vaccination_study_09	B_lineage	20	159	medium	4	marker_assignment_disagrees_with_final;ambiguous_or_missing_label_candidate	evaluate_ontology_gap_or_conservative_policy	Plasma Cell	Plasmablast	Plasmablast	raw_marker_winner	0.6668134171907757	4.193710691823899	1.908029350104821	Plasma Cell:153; Plasmablast:3; B Cell:3	Plasma Cell:158; Blood Cell:1	Plasma Cell:159	Study=vaccination_study_09; lineage=B_lineage; cluster=20; cells=159; final=Plasma Cell; marker_assignment=Plasmablast; raw_marker_winner=Plasmablast; assignment_reason=raw_marker_winner; marker_score=0.667; best_total_score=4.194; score_margin=1.908; CellTypist=Plasma Cell:153; Plasmablast:3; B Cell:3; PanHuman=Plasma Cell:158; Blood Cell:1; scRefMap=Plasma Cell:159; review_reasons=marker_assignment_disagrees_with_final,ambiguous_or_missing_label_candidate.
vaccination_study_09	B_lineage	26	20	high	10	parent_or_broad_final_label;marker_assignment_disagrees_with_final;ambiguous_or_missing_label_candidate;screfmapping_not_available;low_total_score_or_margin	check_if_finer_official_label_is_supported	B Cell	Plasmablast	Plasmablast	raw_marker_winner	0.6666666666666667	0.6816249999999999	0.0149583333333331	Blood Cell:15; Naive B Cell:2; Plasma Cell:1; T Cell:1; Lymphoid Cell:1	Blood Cell:20	not_available:17; Naive B Cell:3	Study=vaccination_study_09; lineage=B_lineage; cluster=26; cells=20; final=B Cell; marker_assignment=Plasmablast; raw_marker_winner=Plasmablast; assignment_reason=raw_marker_winner; marker_score=0.667; best_total_score=0.682; score_margin=0.015; CellTypist=Blood Cell:15; Naive B Cell:2; Plasma Cell:1; T Cell:1; Lymphoid Cell:1; PanHuman=Blood Cell:20; scRefMap=not_available:17; Naive B Cell:3; review_reasons=parent_or_broad_final_label,marker_assignment_disagrees_with_final,ambiguous_or_missing_label_candidate,screfmapping_not_available,low_total_score_or_margin.
vaccination_study_09	T_NK_lineage	0	3302	medium	6	raw_marker_winner_changed_by_policy;ambiguous_or_missing_label_candidate;screfmapping_not_available	evaluate_ontology_gap_or_conservative_policy	CD8 Cytotoxic / T Effector Memory	CD8 Cytotoxic / T Effector Memory	NKT Cell	source_supported_marker_tiebreak	0.8001817080557239	3.127443973349485	0.7631798909751666	NK Cell:2483; CD8 Cytotoxic / T Effector Memory:711; Blood Cell:53; CD4 Naive / T Central Memory:27; MAIT Cell:16	CD8 Cytotoxic / T Effector Memory:3081; Blood Cell:176; NK Cell:35; Lymphoid Cell:8; CD4 T Effector Memory:1	not_available:3302	Study=vaccination_study_09; lineage=T_NK_lineage; cluster=0; cells=3302; final=CD8 Cytotoxic / T Effector Memory; marker_assignment=CD8 Cytotoxic / T Effector Memory; raw_marker_winner=NKT Cell; assignment_reason=source_supported_marker_tiebreak; marker_score=0.800; best_total_score=3.127; score_margin=0.763; CellTypist=NK Cell:2483; CD8 Cytotoxic / T Effector Memory:711; Blood Cell:53; CD4 Naive / T Central Memory:27; MAIT Cell:16; PanHuman=CD8 Cytotoxic / T Effector Memory:3081; Blood Cell:176; NK Cell:35; Lymphoid Cell:8; CD4 T Effector Memory:1; scRefMap=not_available:3302; review_reasons=raw_marker_winner_changed_by_policy,ambiguous_or_missing_label_candidate,screfmapping_not_available.
vaccination_study_09	T_NK_lineage	2	6316	high	7	marker_assignment_disagrees_with_final;ambiguous_or_missing_label_candidate;screfmapping_not_available	evaluate_ontology_gap_or_conservative_policy	MAIT Cell	NKT Cell	NKT Cell	raw_marker_winner	0.8066996516782774	2.535337238758708	0.7102889487017101	MAIT Cell:3884; NK Cell:871; CD4 Naive / T Central Memory:747; CD8 Cytotoxic / T Effector Memory:644; Blood Cell:79	CD8 Cytotoxic / T Effector Memory:2272; MAIT Cell:1922; Blood Cell:1155; CD4 T Effector Memory:677; CD4 Naive / T Central Memory:215	not_available:5871; CD4 T Effector Memory:418; CD4 Naive / T Central Memory:27	Study=vaccination_study_09; lineage=T_NK_lineage; cluster=2; cells=6316; final=MAIT Cell; marker_assignment=NKT Cell; raw_marker_winner=NKT Cell; assignment_reason=raw_marker_winner; marker_score=0.807; best_total_score=2.535; score_margin=0.710; CellTypist=MAIT Cell:3884; NK Cell:871; CD4 Naive / T Central Memory:747; CD8 Cytotoxic / T Effector Memory:644; Blood Cell:79; PanHuman=CD8 Cytotoxic / T Effector Memory:2272; MAIT Cell:1922; Blood Cell:1155; CD4 T Effector Memory:677; CD4 Naive / T Central Memory:215; scRefMap=not_available:5871; CD4 T Effector Memory:418; CD4 Naive / T Central Memory:27; review_reasons=marker_assignment_disagrees_with_final,ambiguous_or_missing_label_candidate,screfmapping_not_available.
vaccination_study_09	T_NK_lineage	3	11776	low	3	screfmapping_not_available	accept	CD8 Naive / T Central Memory	CD8 Naive / T Central Memory	CD8 Naive / T Central Memory	raw_marker_winner	0.9039116507398052	2.774835563783284	0.4507597190198944	CD4 Naive / T Central Memory:6111; CD8 Naive / T Central Memory:5504; CD8 Cytotoxic / T Effector Memory:41; Blood Cell:33; Plasma Cell:24	CD4 Naive / T Central Memory:6857; CD8 Naive / T Central Memory:3784; Blood Cell:1082; CD4 T Effector Memory:42; CD8 Cytotoxic / T Effector Memory:9	not_available:9760; CD4 Naive / T Central Memory:1918; CD4 T Effector Memory:68; Treg:30	Study=vaccination_study_09; lineage=T_NK_lineage; cluster=3; cells=11776; final=CD8 Naive / T Central Memory; marker_assignment=CD8 Naive / T Central Memory; raw_marker_winner=CD8 Naive / T Central Memory; assignment_reason=raw_marker_winner; marker_score=0.904; best_total_score=2.775; score_margin=0.451; CellTypist=CD4 Naive / T Central Memory:6111; CD8 Naive / T Central Memory:5504; CD8 Cytotoxic / T Effector Memory:41; Blood Cell:33; Plasma Cell:24; PanHuman=CD4 Naive / T Central Memory:6857; CD8 Naive / T Central Memory:3784; Blood Cell:1082; CD4 T Effector Memory:42; CD8 Cytotoxic / T Effector Memory:9; scRefMap=not_available:9760; CD4 Naive / T Central Memory:1918; CD4 T Effector Memory:68; Treg:30; review_reasons=screfmapping_not_available.
vaccination_study_09	T_NK_lineage	4	13847	medium	6	marker_assignment_disagrees_with_final;ambiguous_or_missing_label_candidate	evaluate_ontology_gap_or_conservative_policy	CD4 Naive / T Central Memory	NKT Cell	NKT Cell	raw_marker_winner	0.7228681302809272	3.297661832870897	2.156331580830744	CD4 Naive / T Central Memory:11253; CD4 T Effector Memory:1450; Treg:669; CD8 Cytotoxic / T Effector Memory:118; MAIT Cell:112	CD4 Naive / T Central Memory:7665; CD4 T Effector Memory:5036; Blood Cell:654; Treg:394; CD8 Cytotoxic / T Effector Memory:54	CD4 Naive / T Central Memory:8296; not_available:3196; CD4 T Effector Memory:1856; Treg:499	Study=vaccination_study_09; lineage=T_NK_lineage; cluster=4; cells=13847; final=CD4 Naive / T Central Memory; marker_assignment=NKT Cell; raw_marker_winner=NKT Cell; assignment_reason=raw_marker_winner; marker_score=0.723; best_total_score=3.298; score_margin=2.156; CellTypist=CD4 Naive / T Central Memory:11253; CD4 T Effector Memory:1450; Treg:669; CD8 Cytotoxic / T Effector Memory:118; MAIT Cell:112; PanHuman=CD4 Naive / T Central Memory:7665; CD4 T Effector Memory:5036; Blood Cell:654; Treg:394; CD8 Cytotoxic / T Effector Memory:54; scRefMap=CD4 Naive / T Central Memory:8296; not_available:3196; CD4 T Effector Memory:1856; Treg:499; review_reasons=marker_assignment_disagrees_with_final,ambiguous_or_missing_label_candidate.
vaccination_study_09	T_NK_lineage	5	3152	medium	6	raw_marker_winner_changed_by_policy;ambiguous_or_missing_label_candidate;screfmapping_not_available	evaluate_ontology_gap_or_conservative_policy	NK Cell	NK Cell	NKT Cell	source_supported_marker_tiebreak	0.9165958121827412	3.3517258883248733	2.125266497461929	NK Cell:2905; CD4 Naive / T Central Memory:131; Blood Cell:76; Plasma Cell:12; CD8 Cytotoxic / T Effector Memory:11	NK Cell:2298; Blood Cell:651; CD8 Cytotoxic / T Effector Memory:186; CD4 Naive / T Central Memory:7; Lymphoid Cell:6	not_available:3151; CD4 Naive / T Central Memory:1	Study=vaccination_study_09; lineage=T_NK_lineage; cluster=5; cells=3152; final=NK Cell; marker_assignment=NK Cell; raw_marker_winner=NKT Cell; assignment_reason=source_supported_marker_tiebreak; marker_score=0.917; best_total_score=3.352; score_margin=2.125; CellTypist=NK Cell:2905; CD4 Naive / T Central Memory:131; Blood Cell:76; Plasma Cell:12; CD8 Cytotoxic / T Effector Memory:11; PanHuman=NK Cell:2298; Blood Cell:651; CD8 Cytotoxic / T Effector Memory:186; CD4 Naive / T Central Memory:7; Lymphoid Cell:6; scRefMap=not_available:3151; CD4 Naive / T Central Memory:1; review_reasons=raw_marker_winner_changed_by_policy,ambiguous_or_missing_label_candidate,screfmapping_not_available.
vaccination_study_09	T_NK_lineage	7	4607	low	3	screfmapping_not_available	accept	CD8 Cytotoxic / T Effector Memory	CD8 Cytotoxic / T Effector Memory	CD8 Cytotoxic / T Effector Memory	raw_marker_winner	0.7137516447022886	2.7651516881144875	1.8869183559262876	CD8 Cytotoxic / T Effector Memory:2563; CD4 Naive / T Central Memory:1262; NK Cell:308; Blood Cell:157; CD8 Naive / T Central Memory:123	CD8 Cytotoxic / T Effector Memory:2374; Blood Cell:1000; CD4 Naive / T Central Memory:817; CD4 T Effector Memory:213; CD8 Naive / T Central Memory:173	not_available:4209; CD4 T Effector Memory:317; CD4 Naive / T Central Memory:77; Treg:4	Study=vaccination_study_09; lineage=T_NK_lineage; cluster=7; cells=4607; final=CD8 Cytotoxic / T Effector Memory; marker_assignment=CD8 Cytotoxic / T Effector Memory; raw_marker_winner=CD8 Cytotoxic / T Effector Memory; assignment_reason=raw_marker_winner; marker_score=0.714; best_total_score=2.765; score_margin=1.887; CellTypist=CD8 Cytotoxic / T Effector Memory:2563; CD4 Naive / T Central Memory:1262; NK Cell:308; Blood Cell:157; CD8 Naive / T Central Memory:123; PanHuman=CD8 Cytotoxic / T Effector Memory:2374; Blood Cell:1000; CD4 Naive / T Central Memory:817; CD4 T Effector Memory:213; CD8 Naive / T Central Memory:173; scRefMap=not_available:4209; CD4 T Effector Memory:317; CD4 Naive / T Central Memory:77; Treg:4; review_reasons=screfmapping_not_available.
vaccination_study_09	T_NK_lineage	8	5821	medium	6	raw_marker_winner_changed_by_policy;ambiguous_or_missing_label_candidate;screfmapping_not_available	evaluate_ontology_gap_or_conservative_policy	CD8 Cytotoxic / T Effector Memory	CD8 Cytotoxic / T Effector Memory	NKT Cell	source_supported_marker_tiebreak	0.7850317814808452	3.22435663975262	1.4445937124205463	NK Cell:3041; CD8 Cytotoxic / T Effector Memory:2036; CD4 Naive / T Central Memory:521; Blood Cell:120; MAIT Cell:23	CD8 Cytotoxic / T Effector Memory:5116; Blood Cell:657; Lymphoid Cell:18; CD4 Naive / T Central Memory:14; CD4 T Effector Memory:6	not_available:5820; CD4 T Effector Memory:1	Study=vaccination_study_09; lineage=T_NK_lineage; cluster=8; cells=5821; final=CD8 Cytotoxic / T Effector Memory; marker_assignment=CD8 Cytotoxic / T Effector Memory; raw_marker_winner=NKT Cell; assignment_reason=source_supported_marker_tiebreak; marker_score=0.785; best_total_score=3.224; score_margin=1.445; CellTypist=NK Cell:3041; CD8 Cytotoxic / T Effector Memory:2036; CD4 Naive / T Central Memory:521; Blood Cell:120; MAIT Cell:23; PanHuman=CD8 Cytotoxic / T Effector Memory:5116; Blood Cell:657; Lymphoid Cell:18; CD4 Naive / T Central Memory:14; CD4 T Effector Memory:6; scRefMap=not_available:5820; CD4 T Effector Memory:1; review_reasons=raw_marker_winner_changed_by_policy,ambiguous_or_missing_label_candidate,screfmapping_not_available.
vaccination_study_09	T_NK_lineage	9	6222	medium	6	raw_marker_winner_changed_by_policy;ambiguous_or_missing_label_candidate;screfmapping_not_available	evaluate_ontology_gap_or_conservative_policy	NK Cell	NK Cell	NKT Cell	source_supported_marker_tiebreak	0.9209426229508196	3.436423979427837	2.515481356477017	NK Cell:6161; Blood Cell:36; CD4 Naive / T Central Memory:9; CD8 Cytotoxic / T Effector Memory:9; T Cell:2	NK Cell:5840; Blood Cell:231; CD8 Cytotoxic / T Effector Memory:90; Lymphoid Cell:61	not_available:6222	Study=vaccination_study_09; lineage=T_NK_lineage; cluster=9; cells=6222; final=NK Cell; marker_assignment=NK Cell; raw_marker_winner=NKT Cell; assignment_reason=source_supported_marker_tiebreak; marker_score=0.921; best_total_score=3.436; score_margin=2.515; CellTypist=NK Cell:6161; Blood Cell:36; CD4 Naive / T Central Memory:9; CD8 Cytotoxic / T Effector Memory:9; T Cell:2; PanHuman=NK Cell:5840; Blood Cell:231; CD8 Cytotoxic / T Effector Memory:90; Lymphoid Cell:61; scRefMap=not_available:6222; review_reasons=raw_marker_winner_changed_by_policy,ambiguous_or_missing_label_candidate,screfmapping_not_available.
vaccination_study_09	Myeloid_lineage	22	52	low	3	marker_assignment_disagrees_with_final;screfmapping_not_available	review_marker_vs_reference_disagreement	Conventional DC 1	Intermediate Monocyte	Intermediate Monocyte	raw_marker_winner	0.8565064102564103	2.9115384615384614	1.2923076923076922	Conventional DC 1:48; Blood Cell:2; DC:2	Conventional DC 1:48; Blood Cell:3; Conventional DC 2:1	not_available:52	Study=vaccination_study_09; lineage=Myeloid_lineage; cluster=22; cells=52; final=Conventional DC 1; marker_assignment=Intermediate Monocyte; raw_marker_winner=Intermediate Monocyte; assignment_reason=raw_marker_winner; marker_score=0.857; best_total_score=2.912; score_margin=1.292; CellTypist=Conventional DC 1:48; Blood Cell:2; DC:2; PanHuman=Conventional DC 1:48; Blood Cell:3; Conventional DC 2:1; scRefMap=not_available:52; review_reasons=marker_assignment_disagrees_with_final,screfmapping_not_available.
vaccination_study_09	Myeloid_lineage	9	1701	medium	5	marker_assignment_disagrees_with_final;screfmapping_not_available	review_marker_vs_reference_disagreement	Classical Monocyte	Intermediate Monocyte	Intermediate Monocyte	raw_marker_winner	0.6574573780129336	2.9320399764844205	2.272701352145796	Classical Monocyte:1486; Non-Classical Monocyte:133; Blood Cell:75; Myeloid Cell:6; Plasma Cell:1	Classical Monocyte:1471; Blood Cell:214; Non-Classical Monocyte:12; Conventional DC 2:2; Intermediate Monocyte:2	not_available:1701	Study=vaccination_study_09; lineage=Myeloid_lineage; cluster=9; cells=1701; final=Classical Monocyte; marker_assignment=Intermediate Monocyte; raw_marker_winner=Intermediate Monocyte; assignment_reason=raw_marker_winner; marker_score=0.657; best_total_score=2.932; score_margin=2.273; CellTypist=Classical Monocyte:1486; Non-Classical Monocyte:133; Blood Cell:75; Myeloid Cell:6; Plasma Cell:1; PanHuman=Classical Monocyte:1471; Blood Cell:214; Non-Classical Monocyte:12; Conventional DC 2:2; Intermediate Monocyte:2; scRefMap=not_available:1701; review_reasons=marker_assignment_disagrees_with_final,screfmapping_not_available.
vaccination_study_10	B_lineage	0	533	high	7	parent_or_broad_final_label;marker_assignment_disagrees_with_final;screfmapping_not_available	check_if_finer_official_label_is_supported	B Cell	Naive B Cell	Naive B Cell	raw_marker_winner	0.900093808630394	0.900093808630394	0.900093808630394	not_available:533	not_available:533	not_available:533	Study=vaccination_study_10; lineage=B_lineage; cluster=0; cells=533; final=B Cell; marker_assignment=Naive B Cell; raw_marker_winner=Naive B Cell; assignment_reason=raw_marker_winner; marker_score=0.900; best_total_score=0.900; score_margin=0.900; CellTypist=not_available:533; PanHuman=not_available:533; scRefMap=not_available:533; review_reasons=parent_or_broad_final_label,marker_assignment_disagrees_with_final,screfmapping_not_available.
vaccination_study_10	B_lineage	1	518	high	7	parent_or_broad_final_label;marker_assignment_disagrees_with_final;screfmapping_not_available	check_if_finer_official_label_is_supported	B Cell	Naive B Cell	Naive B Cell	raw_marker_winner	0.8236293436293436	0.8236293436293436	0.7862444126420713	not_available:518	not_available:518	not_available:518	Study=vaccination_study_10; lineage=B_lineage; cluster=1; cells=518; final=B Cell; marker_assignment=Naive B Cell; raw_marker_winner=Naive B Cell; assignment_reason=raw_marker_winner; marker_score=0.824; best_total_score=0.824; score_margin=0.786; CellTypist=not_available:518; PanHuman=not_available:518; scRefMap=not_available:518; review_reasons=parent_or_broad_final_label,marker_assignment_disagrees_with_final,screfmapping_not_available.
vaccination_study_10	B_lineage	10	282	high	8	parent_or_broad_final_label;marker_assignment_disagrees_with_final;ambiguous_or_missing_label_candidate;screfmapping_not_available	check_if_finer_official_label_is_supported	B Cell	Plasma Cell	Plasma Cell	raw_marker_winner	0.8848345153664303	0.8848345153664303	0.2290087422608065	not_available:282	not_available:282	not_available:282	Study=vaccination_study_10; lineage=B_lineage; cluster=10; cells=282; final=B Cell; marker_assignment=Plasma Cell; raw_marker_winner=Plasma Cell; assignment_reason=raw_marker_winner; marker_score=0.885; best_total_score=0.885; score_margin=0.229; CellTypist=not_available:282; PanHuman=not_available:282; scRefMap=not_available:282; review_reasons=parent_or_broad_final_label,marker_assignment_disagrees_with_final,ambiguous_or_missing_label_candidate,screfmapping_not_available.
vaccination_study_10	B_lineage	11	279	medium	6	parent_or_broad_final_label;marker_assignment_disagrees_with_final;screfmapping_not_available	check_if_finer_official_label_is_supported	B Cell	Naive B Cell	Naive B Cell	raw_marker_winner	0.8881182795698925	0.8881182795698925	0.8881182795698925	not_available:279	not_available:279	not_available:279	Study=vaccination_study_10; lineage=B_lineage; cluster=11; cells=279; final=B Cell; marker_assignment=Naive B Cell; raw_marker_winner=Naive B Cell; assignment_reason=raw_marker_winner; marker_score=0.888; best_total_score=0.888; score_margin=0.888; CellTypist=not_available:279; PanHuman=not_available:279; scRefMap=not_available:279; review_reasons=parent_or_broad_final_label,marker_assignment_disagrees_with_final,screfmapping_not_available.
vaccination_study_10	B_lineage	12	272	high	8	parent_or_broad_final_label;marker_assignment_disagrees_with_final;ambiguous_or_missing_label_candidate;screfmapping_not_available	check_if_finer_official_label_is_supported	B Cell	Plasma Cell	Plasma Cell	raw_marker_winner	0.7579411764705882	0.7579411764705882	0.4712676218650848	not_available:272	not_available:272	not_available:272	Study=vaccination_study_10; lineage=B_lineage; cluster=12; cells=272; final=B Cell; marker_assignment=Plasma Cell; raw_marker_winner=Plasma Cell; assignment_reason=raw_marker_winner; marker_score=0.758; best_total_score=0.758; score_margin=0.471; CellTypist=not_available:272; PanHuman=not_available:272; scRefMap=not_available:272; review_reasons=parent_or_broad_final_label,marker_assignment_disagrees_with_final,ambiguous_or_missing_label_candidate,screfmapping_not_available.
vaccination_study_10	B_lineage	13	244	high	8	parent_or_broad_final_label;marker_assignment_disagrees_with_final;ambiguous_or_missing_label_candidate;screfmapping_not_available	check_if_finer_official_label_is_supported	B Cell	Plasma Cell	Plasma Cell	raw_marker_winner	0.8132786885245902	0.8132786885245902	0.7097950819672132	not_available:244	not_available:244	not_available:244	Study=vaccination_study_10; lineage=B_lineage; cluster=13; cells=244; final=B Cell; marker_assignment=Plasma Cell; raw_marker_winner=Plasma Cell; assignment_reason=raw_marker_winner; marker_score=0.813; best_total_score=0.813; score_margin=0.710; CellTypist=not_available:244; PanHuman=not_available:244; scRefMap=not_available:244; review_reasons=parent_or_broad_final_label,marker_assignment_disagrees_with_final,ambiguous_or_missing_label_candidate,screfmapping_not_available.
vaccination_study_10	B_lineage	14	179	high	8	parent_or_broad_final_label;marker_assignment_disagrees_with_final;screfmapping_not_available;low_total_score_or_margin	check_if_finer_official_label_is_supported	B Cell	Memory B Cell	Memory B Cell	raw_marker_winner	0.6020670391061452	0.6020670391061452	0.1917597765363128	not_available:179	not_available:179	not_available:179	Study=vaccination_study_10; lineage=B_lineage; cluster=14; cells=179; final=B Cell; marker_assignment=Memory B Cell; raw_marker_winner=Memory B Cell; assignment_reason=raw_marker_winner; marker_score=0.602; best_total_score=0.602; score_margin=0.192; CellTypist=not_available:179; PanHuman=not_available:179; scRefMap=not_available:179; review_reasons=parent_or_broad_final_label,marker_assignment_disagrees_with_final,screfmapping_not_available,low_total_score_or_margin.
vaccination_study_10	B_lineage	15	161	high	8	parent_or_broad_final_label;marker_assignment_disagrees_with_final;ambiguous_or_missing_label_candidate;screfmapping_not_available	check_if_finer_official_label_is_supported	B Cell	Plasma Cell	Plasma Cell	raw_marker_winner	0.8513250517598343	0.8513250517598343	0.4177117668513807	not_available:161	not_available:161	not_available:161	Study=vaccination_study_10; lineage=B_lineage; cluster=15; cells=161; final=B Cell; marker_assignment=Plasma Cell; raw_marker_winner=Plasma Cell; assignment_reason=raw_marker_winner; marker_score=0.851; best_total_score=0.851; score_margin=0.418; CellTypist=not_available:161; PanHuman=not_available:161; scRefMap=not_available:161; review_reasons=parent_or_broad_final_label,marker_assignment_disagrees_with_final,ambiguous_or_missing_label_candidate,screfmapping_not_available.
vaccination_study_10	B_lineage	16	148	high	8	parent_or_broad_final_label;marker_assignment_disagrees_with_final;ambiguous_or_missing_label_candidate;screfmapping_not_available	check_if_finer_official_label_is_supported	B Cell	Plasma Cell	Plasma Cell	raw_marker_winner	0.7821171171171171	0.7821171171171171	0.7821171171171171	not_available:148	not_available:148	not_available:148	Study=vaccination_study_10; lineage=B_lineage; cluster=16; cells=148; final=B Cell; marker_assignment=Plasma Cell; raw_marker_winner=Plasma Cell; assignment_reason=raw_marker_winner; marker_score=0.782; best_total_score=0.782; score_margin=0.782; CellTypist=not_available:148; PanHuman=not_available:148; scRefMap=not_available:148; review_reasons=parent_or_broad_final_label,marker_assignment_disagrees_with_final,ambiguous_or_missing_label_candidate,screfmapping_not_available.
vaccination_study_10	B_lineage	17	98	medium	6	parent_or_broad_final_label;marker_assignment_disagrees_with_final;screfmapping_not_available	check_if_finer_official_label_is_supported	B Cell	Memory B Cell	Memory B Cell	raw_marker_winner	0.97	0.97	0.97	not_available:98	not_available:98	not_available:98	Study=vaccination_study_10; lineage=B_lineage; cluster=17; cells=98; final=B Cell; marker_assignment=Memory B Cell; raw_marker_winner=Memory B Cell; assignment_reason=raw_marker_winner; marker_score=0.970; best_total_score=0.970; score_margin=0.970; CellTypist=not_available:98; PanHuman=not_available:98; scRefMap=not_available:98; review_reasons=parent_or_broad_final_label,marker_assignment_disagrees_with_final,screfmapping_not_available.
vaccination_study_10	B_lineage	18	97	medium	6	parent_or_broad_final_label;marker_assignment_disagrees_with_final;screfmapping_not_available	check_if_finer_official_label_is_supported	B Cell	Memory B Cell	Memory B Cell	raw_marker_winner	0.7723711340206185	0.7723711340206185	0.7723711340206185	not_available:97	not_available:97	not_available:97	Study=vaccination_study_10; lineage=B_lineage; cluster=18; cells=97; final=B Cell; marker_assignment=Memory B Cell; raw_marker_winner=Memory B Cell; assignment_reason=raw_marker_winner; marker_score=0.772; best_total_score=0.772; score_margin=0.772; CellTypist=not_available:97; PanHuman=not_available:97; scRefMap=not_available:97; review_reasons=parent_or_broad_final_label,marker_assignment_disagrees_with_final,screfmapping_not_available.
vaccination_study_10	B_lineage	19	85	high	10	parent_or_broad_final_label;marker_assignment_disagrees_with_final;ambiguous_or_missing_label_candidate;screfmapping_not_available;low_total_score_or_margin	check_if_finer_official_label_is_supported	B Cell	Plasma Cell	Plasma Cell	raw_marker_winner	0.6645882352941177	0.6645882352941177	0.6645882352941177	not_available:85	not_available:85	not_available:85	Study=vaccination_study_10; lineage=B_lineage; cluster=19; cells=85; final=B Cell; marker_assignment=Plasma Cell; raw_marker_winner=Plasma Cell; assignment_reason=raw_marker_winner; marker_score=0.665; best_total_score=0.665; score_margin=0.665; CellTypist=not_available:85; PanHuman=not_available:85; scRefMap=not_available:85; review_reasons=parent_or_broad_final_label,marker_assignment_disagrees_with_final,ambiguous_or_missing_label_candidate,screfmapping_not_available,low_total_score_or_margin.
vaccination_study_10	B_lineage	2	499	high	9	parent_or_broad_final_label;marker_assignment_disagrees_with_final;ambiguous_or_missing_label_candidate;screfmapping_not_available	check_if_finer_official_label_is_supported	B Cell	Plasma Cell	Plasma Cell	raw_marker_winner	0.876499665998664	0.876499665998664	0.8508984635938545	not_available:499	not_available:499	not_available:499	Study=vaccination_study_10; lineage=B_lineage; cluster=2; cells=499; final=B Cell; marker_assignment=Plasma Cell; raw_marker_winner=Plasma Cell; assignment_reason=raw_marker_winner; marker_score=0.876; best_total_score=0.876; score_margin=0.851; CellTypist=not_available:499; PanHuman=not_available:499; scRefMap=not_available:499; review_reasons=parent_or_broad_final_label,marker_assignment_disagrees_with_final,ambiguous_or_missing_label_candidate,screfmapping_not_available.
vaccination_study_10	B_lineage	20	68	high	8	parent_or_broad_final_label;marker_assignment_disagrees_with_final;screfmapping_not_available;low_total_score_or_margin	check_if_finer_official_label_is_supported	B Cell	Naive B Cell	Naive B Cell	raw_marker_winner	0.7150000000000001	0.7150000000000001	0.7150000000000001	not_available:68	not_available:68	not_available:68	Study=vaccination_study_10; lineage=B_lineage; cluster=20; cells=68; final=B Cell; marker_assignment=Naive B Cell; raw_marker_winner=Naive B Cell; assignment_reason=raw_marker_winner; marker_score=0.715; best_total_score=0.715; score_margin=0.715; CellTypist=not_available:68; PanHuman=not_available:68; scRefMap=not_available:68; review_reasons=parent_or_broad_final_label,marker_assignment_disagrees_with_final,screfmapping_not_available,low_total_score_or_margin.
vaccination_study_10	B_lineage	21	48	high	10	parent_or_broad_final_label;marker_assignment_disagrees_with_final;ambiguous_or_missing_label_candidate;screfmapping_not_available;low_total_score_or_margin	check_if_finer_official_label_is_supported	B Cell	Plasma Cell	Plasma Cell	raw_marker_winner	0.4	0.4	0.0	not_available:48	not_available:48	not_available:48	Study=vaccination_study_10; lineage=B_lineage; cluster=21; cells=48; final=B Cell; marker_assignment=Plasma Cell; raw_marker_winner=Plasma Cell; assignment_reason=raw_marker_winner; marker_score=0.400; best_total_score=0.400; score_margin=0.000; CellTypist=not_available:48; PanHuman=not_available:48; scRefMap=not_available:48; review_reasons=parent_or_broad_final_label,marker_assignment_disagrees_with_final,ambiguous_or_missing_label_candidate,screfmapping_not_available,low_total_score_or_margin.
vaccination_study_10	B_lineage	22	47	high	8	parent_or_broad_final_label;marker_assignment_disagrees_with_final;screfmapping_not_available;low_total_score_or_margin	check_if_finer_official_label_is_supported	B Cell	Naive B Cell	Naive B Cell	raw_marker_winner	0.6532978723404256	0.6532978723404256	0.145354609929078	not_available:47	not_available:47	not_available:47	Study=vaccination_study_10; lineage=B_lineage; cluster=22; cells=47; final=B Cell; marker_assignment=Naive B Cell; raw_marker_winner=Naive B Cell; assignment_reason=raw_marker_winner; marker_score=0.653; best_total_score=0.653; score_margin=0.145; CellTypist=not_available:47; PanHuman=not_available:47; scRefMap=not_available:47; review_reasons=parent_or_broad_final_label,marker_assignment_disagrees_with_final,screfmapping_not_available,low_total_score_or_margin.
vaccination_study_10	B_lineage	23	45	high	8	parent_or_broad_final_label;marker_assignment_disagrees_with_final;ambiguous_or_missing_label_candidate;screfmapping_not_available	check_if_finer_official_label_is_supported	B Cell	Plasma Cell	Plasma Cell	raw_marker_winner	0.7580740740740741	0.7580740740740741	0.1261851851851851	not_available:45	not_available:45	not_available:45	Study=vaccination_study_10; lineage=B_lineage; cluster=23; cells=45; final=B Cell; marker_assignment=Plasma Cell; raw_marker_winner=Plasma Cell; assignment_reason=raw_marker_winner; marker_score=0.758; best_total_score=0.758; score_margin=0.126; CellTypist=not_available:45; PanHuman=not_available:45; scRefMap=not_available:45; review_reasons=parent_or_broad_final_label,marker_assignment_disagrees_with_final,ambiguous_or_missing_label_candidate,screfmapping_not_available.
vaccination_study_10	B_lineage	24	36	high	8	parent_or_broad_final_label;marker_assignment_disagrees_with_final;screfmapping_not_available;low_total_score_or_margin	check_if_finer_official_label_is_supported	B Cell	Memory B Cell	Memory B Cell	raw_marker_winner	0.5	0.5	0.0518055555555555	not_available:36	not_available:36	not_available:36	Study=vaccination_study_10; lineage=B_lineage; cluster=24; cells=36; final=B Cell; marker_assignment=Memory B Cell; raw_marker_winner=Memory B Cell; assignment_reason=raw_marker_winner; marker_score=0.500; best_total_score=0.500; score_margin=0.052; CellTypist=not_available:36; PanHuman=not_available:36; scRefMap=not_available:36; review_reasons=parent_or_broad_final_label,marker_assignment_disagrees_with_final,screfmapping_not_available,low_total_score_or_margin.
vaccination_study_10	B_lineage	3	381	high	9	parent_or_broad_final_label;marker_assignment_disagrees_with_final;screfmapping_not_available;low_total_score_or_margin	check_if_finer_official_label_is_supported	B Cell	Memory B Cell	Memory B Cell	raw_marker_winner	0.4217424583416811	0.4217424583416811	0.4217424583416811	not_available:381	not_available:381	not_available:381	Study=vaccination_study_10; lineage=B_lineage; cluster=3; cells=381; final=B Cell; marker_assignment=Memory B Cell; raw_marker_winner=Memory B Cell; assignment_reason=raw_marker_winner; marker_score=0.422; best_total_score=0.422; score_margin=0.422; CellTypist=not_available:381; PanHuman=not_available:381; scRefMap=not_available:381; review_reasons=parent_or_broad_final_label,marker_assignment_disagrees_with_final,screfmapping_not_available,low_total_score_or_margin.
vaccination_study_10	B_lineage	4	339	high	7	parent_or_broad_final_label;marker_assignment_disagrees_with_final;screfmapping_not_available	check_if_finer_official_label_is_supported	B Cell	Naive B Cell	Naive B Cell	raw_marker_winner	0.9206489675516224	0.9206489675516224	0.9206489675516224	not_available:339	not_available:339	not_available:339	Study=vaccination_study_10; lineage=B_lineage; cluster=4; cells=339; final=B Cell; marker_assignment=Naive B Cell; raw_marker_winner=Naive B Cell; assignment_reason=raw_marker_winner; marker_score=0.921; best_total_score=0.921; score_margin=0.921; CellTypist=not_available:339; PanHuman=not_available:339; scRefMap=not_available:339; review_reasons=parent_or_broad_final_label,marker_assignment_disagrees_with_final,screfmapping_not_available.
vaccination_study_10	B_lineage	5	334	high	9	parent_or_broad_final_label;marker_assignment_disagrees_with_final;screfmapping_not_available;low_total_score_or_margin	check_if_finer_official_label_is_supported	B Cell	Memory B Cell	Memory B Cell	raw_marker_winner	0.4215278589724619	0.4215278589724619	0.4215278589724619	not_available:334	not_available:334	not_available:334	Study=vaccination_study_10; lineage=B_lineage; cluster=5; cells=334; final=B Cell; marker_assignment=Memory B Cell; raw_marker_winner=Memory B Cell; assignment_reason=raw_marker_winner; marker_score=0.422; best_total_score=0.422; score_margin=0.422; CellTypist=not_available:334; PanHuman=not_available:334; scRefMap=not_available:334; review_reasons=parent_or_broad_final_label,marker_assignment_disagrees_with_final,screfmapping_not_available,low_total_score_or_margin.
vaccination_study_10	B_lineage	6	326	high	9	parent_or_broad_final_label;marker_assignment_disagrees_with_final;screfmapping_not_available;low_total_score_or_margin	check_if_finer_official_label_is_supported	B Cell	Memory B Cell	Memory B Cell	raw_marker_winner	0.3543921416929411	0.3543921416929411	0.3543921416929411	not_available:326	not_available:326	not_available:326	Study=vaccination_study_10; lineage=B_lineage; cluster=6; cells=326; final=B Cell; marker_assignment=Memory B Cell; raw_marker_winner=Memory B Cell; assignment_reason=raw_marker_winner; marker_score=0.354; best_total_score=0.354; score_margin=0.354; CellTypist=not_available:326; PanHuman=not_available:326; scRefMap=not_available:326; review_reasons=parent_or_broad_final_label,marker_assignment_disagrees_with_final,screfmapping_not_available,low_total_score_or_margin.
vaccination_study_10	B_lineage	7	307	high	11	parent_or_broad_final_label;marker_assignment_disagrees_with_final;ambiguous_or_missing_label_candidate;screfmapping_not_available;low_total_score_or_margin	check_if_finer_official_label_is_supported	B Cell	Plasma Cell	Plasma Cell	raw_marker_winner	0.7162323561346362	0.7162323561346362	0.7162323561346362	not_available:307	not_available:307	not_available:307	Study=vaccination_study_10; lineage=B_lineage; cluster=7; cells=307; final=B Cell; marker_assignment=Plasma Cell; raw_marker_winner=Plasma Cell; assignment_reason=raw_marker_winner; marker_score=0.716; best_total_score=0.716; score_margin=0.716; CellTypist=not_available:307; PanHuman=not_available:307; scRefMap=not_available:307; review_reasons=parent_or_broad_final_label,marker_assignment_disagrees_with_final,ambiguous_or_missing_label_candidate,screfmapping_not_available,low_total_score_or_margin.
vaccination_study_10	B_lineage	8	294	medium	6	parent_or_broad_final_label;marker_assignment_disagrees_with_final;screfmapping_not_available	check_if_finer_official_label_is_supported	B Cell	Naive B Cell	Naive B Cell	raw_marker_winner	0.8629081632653062	0.8629081632653062	0.8629081632653062	not_available:294	not_available:294	not_available:294	Study=vaccination_study_10; lineage=B_lineage; cluster=8; cells=294; final=B Cell; marker_assignment=Naive B Cell; raw_marker_winner=Naive B Cell; assignment_reason=raw_marker_winner; marker_score=0.863; best_total_score=0.863; score_margin=0.863; CellTypist=not_available:294; PanHuman=not_available:294; scRefMap=not_available:294; review_reasons=parent_or_broad_final_label,marker_assignment_disagrees_with_final,screfmapping_not_available.
vaccination_study_10	B_lineage	9	283	high	8	parent_or_broad_final_label;marker_assignment_disagrees_with_final;screfmapping_not_available;low_total_score_or_margin	check_if_finer_official_label_is_supported	B Cell	Naive B Cell	Naive B Cell	raw_marker_winner	0.7387279151943463	0.7387279151943463	0.4249896986067003	not_available:283	not_available:283	not_available:283	Study=vaccination_study_10; lineage=B_lineage; cluster=9; cells=283; final=B Cell; marker_assignment=Naive B Cell; raw_marker_winner=Naive B Cell; assignment_reason=raw_marker_winner; marker_score=0.739; best_total_score=0.739; score_margin=0.425; CellTypist=not_available:283; PanHuman=not_available:283; scRefMap=not_available:283; review_reasons=parent_or_broad_final_label,marker_assignment_disagrees_with_final,screfmapping_not_available,low_total_score_or_margin.
vaccination_study_10	T_NK_lineage	0	1165	high	10	parent_or_broad_final_label;marker_assignment_disagrees_with_final;screfmapping_not_available;low_total_score_or_margin	check_if_finer_official_label_is_supported	T Cell	NK Cell	NK Cell	raw_marker_winner	0.8605665236051502	0.8605665236051502	0.0	not_available:1165	not_available:1165	not_available:1165	Study=vaccination_study_10; lineage=T_NK_lineage; cluster=0; cells=1165; final=T Cell; marker_assignment=NK Cell; raw_marker_winner=NK Cell; assignment_reason=raw_marker_winner; marker_score=0.861; best_total_score=0.861; score_margin=0.000; CellTypist=not_available:1165; PanHuman=not_available:1165; scRefMap=not_available:1165; review_reasons=parent_or_broad_final_label,marker_assignment_disagrees_with_final,screfmapping_not_available,low_total_score_or_margin.
vaccination_study_10	T_NK_lineage	1	1137	high	10	parent_or_broad_final_label;marker_assignment_disagrees_with_final;screfmapping_not_available;low_total_score_or_margin	check_if_finer_official_label_is_supported	T Cell	NK Cell	NK Cell	raw_marker_winner	0.9291952506596306	0.9291952506596306	0.0	not_available:1137	not_available:1137	not_available:1137	Study=vaccination_study_10; lineage=T_NK_lineage; cluster=1; cells=1137; final=T Cell; marker_assignment=NK Cell; raw_marker_winner=NK Cell; assignment_reason=raw_marker_winner; marker_score=0.929; best_total_score=0.929; score_margin=0.000; CellTypist=not_available:1137; PanHuman=not_available:1137; scRefMap=not_available:1137; review_reasons=parent_or_broad_final_label,marker_assignment_disagrees_with_final,screfmapping_not_available,low_total_score_or_margin.
vaccination_study_10	T_NK_lineage	10	595	high	7	parent_or_broad_final_label;marker_assignment_disagrees_with_final;screfmapping_not_available	check_if_finer_official_label_is_supported	T Cell	CD4 Naive / T Central Memory	CD4 Naive / T Central Memory	raw_marker_winner	0.8200100840336133	0.8200100840336133	0.4287159663865544	not_available:595	not_available:595	not_available:595	Study=vaccination_study_10; lineage=T_NK_lineage; cluster=10; cells=595; final=T Cell; marker_assignment=CD4 Naive / T Central Memory; raw_marker_winner=CD4 Naive / T Central Memory; assignment_reason=raw_marker_winner; marker_score=0.820; best_total_score=0.820; score_margin=0.429; CellTypist=not_available:595; PanHuman=not_available:595; scRefMap=not_available:595; review_reasons=parent_or_broad_final_label,marker_assignment_disagrees_with_final,screfmapping_not_available.
vaccination_study_10	T_NK_lineage	11	589	high	7	parent_or_broad_final_label;marker_assignment_disagrees_with_final;screfmapping_not_available	check_if_finer_official_label_is_supported	T Cell	CD8 Naive / T Central Memory	CD8 Naive / T Central Memory	raw_marker_winner	0.8956112054329372	0.8956112054329372	0.2589388794567062	not_available:589	not_available:589	not_available:589	Study=vaccination_study_10; lineage=T_NK_lineage; cluster=11; cells=589; final=T Cell; marker_assignment=CD8 Naive / T Central Memory; raw_marker_winner=CD8 Naive / T Central Memory; assignment_reason=raw_marker_winner; marker_score=0.896; best_total_score=0.896; score_margin=0.259; CellTypist=not_available:589; PanHuman=not_available:589; scRefMap=not_available:589; review_reasons=parent_or_broad_final_label,marker_assignment_disagrees_with_final,screfmapping_not_available.
vaccination_study_10	T_NK_lineage	12	589	high	7	parent_or_broad_final_label;marker_assignment_disagrees_with_final;screfmapping_not_available	check_if_finer_official_label_is_supported	T Cell	CD4 Naive / T Central Memory	CD4 Naive / T Central Memory	raw_marker_winner	0.7784957555178268	0.7784957555178268	0.2086407294113258	not_available:589	not_available:589	not_available:589	Study=vaccination_study_10; lineage=T_NK_lineage; cluster=12; cells=589; final=T Cell; marker_assignment=CD4 Naive / T Central Memory; raw_marker_winner=CD4 Naive / T Central Memory; assignment_reason=raw_marker_winner; marker_score=0.778; best_total_score=0.778; score_margin=0.209; CellTypist=not_available:589; PanHuman=not_available:589; scRefMap=not_available:589; review_reasons=parent_or_broad_final_label,marker_assignment_disagrees_with_final,screfmapping_not_available.
vaccination_study_10	T_NK_lineage	13	550	high	7	parent_or_broad_final_label;marker_assignment_disagrees_with_final;screfmapping_not_available	check_if_finer_official_label_is_supported	T Cell	CD8 Cytotoxic / T Effector Memory	CD8 Cytotoxic / T Effector Memory	raw_marker_winner	0.8746818181818182	0.8746818181818182	0.1943863636363636	not_available:550	not_available:550	not_available:550	Study=vaccination_study_10; lineage=T_NK_lineage; cluster=13; cells=550; final=T Cell; marker_assignment=CD8 Cytotoxic / T Effector Memory; raw_marker_winner=CD8 Cytotoxic / T Effector Memory; assignment_reason=raw_marker_winner; marker_score=0.875; best_total_score=0.875; score_margin=0.194; CellTypist=not_available:550; PanHuman=not_available:550; scRefMap=not_available:550; review_reasons=parent_or_broad_final_label,marker_assignment_disagrees_with_final,screfmapping_not_available.
vaccination_study_10	T_NK_lineage	14	525	high	7	parent_or_broad_final_label;marker_assignment_disagrees_with_final;screfmapping_not_available	check_if_finer_official_label_is_supported	T Cell	CD8 Naive / T Central Memory	CD8 Naive / T Central Memory	raw_marker_winner	0.930704761904762	0.930704761904762	0.3813238095238096	not_available:525	not_available:525	not_available:525	Study=vaccination_study_10; lineage=T_NK_lineage; cluster=14; cells=525; final=T Cell; marker_assignment=CD8 Naive / T Central Memory; raw_marker_winner=CD8 Naive / T Central Memory; assignment_reason=raw_marker_winner; marker_score=0.931; best_total_score=0.931; score_margin=0.381; CellTypist=not_available:525; PanHuman=not_available:525; scRefMap=not_available:525; review_reasons=parent_or_broad_final_label,marker_assignment_disagrees_with_final,screfmapping_not_available.
vaccination_study_10	T_NK_lineage	15	493	high	9	parent_or_broad_final_label;marker_assignment_disagrees_with_final;screfmapping_not_available;low_total_score_or_margin	check_if_finer_official_label_is_supported	T Cell	CD4 Naive / T Central Memory	CD4 Naive / T Central Memory	raw_marker_winner	0.7886754563894524	0.7886754563894524	0.0965600188044192	not_available:493	not_available:493	not_available:493	Study=vaccination_study_10; lineage=T_NK_lineage; cluster=15; cells=493; final=T Cell; marker_assignment=CD4 Naive / T Central Memory; raw_marker_winner=CD4 Naive / T Central Memory; assignment_reason=raw_marker_winner; marker_score=0.789; best_total_score=0.789; score_margin=0.097; CellTypist=not_available:493; PanHuman=not_available:493; scRefMap=not_available:493; review_reasons=parent_or_broad_final_label,marker_assignment_disagrees_with_final,screfmapping_not_available,low_total_score_or_margin.
vaccination_study_10	T_NK_lineage	16	441	high	11	parent_or_broad_final_label;marker_assignment_disagrees_with_final;ambiguous_or_missing_label_candidate;screfmapping_not_available;low_total_score_or_margin	check_if_finer_official_label_is_supported	T Cell	NKT Cell	NKT Cell	raw_marker_winner	0.9241723356009072	0.9241723356009072	0.0	not_available:441	not_available:441	not_available:441	Study=vaccination_study_10; lineage=T_NK_lineage; cluster=16; cells=441; final=T Cell; marker_assignment=NKT Cell; raw_marker_winner=NKT Cell; assignment_reason=raw_marker_winner; marker_score=0.924; best_total_score=0.924; score_margin=0.000; CellTypist=not_available:441; PanHuman=not_available:441; scRefMap=not_available:441; review_reasons=parent_or_broad_final_label,marker_assignment_disagrees_with_final,ambiguous_or_missing_label_candidate,screfmapping_not_available,low_total_score_or_margin.
vaccination_study_10	T_NK_lineage	17	429	high	7	parent_or_broad_final_label;marker_assignment_disagrees_with_final;screfmapping_not_available	check_if_finer_official_label_is_supported	T Cell	CD8 Cytotoxic / T Effector Memory	CD8 Cytotoxic / T Effector Memory	raw_marker_winner	0.9442307692307692	0.9442307692307692	0.228041958041958	not_available:429	not_available:429	not_available:429	Study=vaccination_study_10; lineage=T_NK_lineage; cluster=17; cells=429; final=T Cell; marker_assignment=CD8 Cytotoxic / T Effector Memory; raw_marker_winner=CD8 Cytotoxic / T Effector Memory; assignment_reason=raw_marker_winner; marker_score=0.944; best_total_score=0.944; score_margin=0.228; CellTypist=not_available:429; PanHuman=not_available:429; scRefMap=not_available:429; review_reasons=parent_or_broad_final_label,marker_assignment_disagrees_with_final,screfmapping_not_available.
vaccination_study_10	T_NK_lineage	18	408	high	7	parent_or_broad_final_label;marker_assignment_disagrees_with_final;screfmapping_not_available	check_if_finer_official_label_is_supported	T Cell	CD8 Naive / T Central Memory	CD8 Naive / T Central Memory	raw_marker_winner	0.9212254901960784	0.9212254901960784	0.3011274509803922	not_available:408	not_available:408	not_available:408	Study=vaccination_study_10; lineage=T_NK_lineage; cluster=18; cells=408; final=T Cell; marker_assignment=CD8 Naive / T Central Memory; raw_marker_winner=CD8 Naive / T Central Memory; assignment_reason=raw_marker_winner; marker_score=0.921; best_total_score=0.921; score_margin=0.301; CellTypist=not_available:408; PanHuman=not_available:408; scRefMap=not_available:408; review_reasons=parent_or_broad_final_label,marker_assignment_disagrees_with_final,screfmapping_not_available.
vaccination_study_10	T_NK_lineage	19	348	high	9	parent_or_broad_final_label;marker_assignment_disagrees_with_final;screfmapping_not_available;low_total_score_or_margin	check_if_finer_official_label_is_supported	T Cell	NK Cell	NK Cell	raw_marker_winner	0.8850287356321839	0.8850287356321839	0.0	not_available:348	not_available:348	not_available:348	Study=vaccination_study_10; lineage=T_NK_lineage; cluster=19; cells=348; final=T Cell; marker_assignment=NK Cell; raw_marker_winner=NK Cell; assignment_reason=raw_marker_winner; marker_score=0.885; best_total_score=0.885; score_margin=0.000; CellTypist=not_available:348; PanHuman=not_available:348; scRefMap=not_available:348; review_reasons=parent_or_broad_final_label,marker_assignment_disagrees_with_final,screfmapping_not_available,low_total_score_or_margin.
vaccination_study_10	T_NK_lineage	2	921	high	9	parent_or_broad_final_label;marker_assignment_disagrees_with_final;screfmapping_not_available;low_total_score_or_margin	check_if_finer_official_label_is_supported	T Cell	CD8 Cytotoxic / T Effector Memory	CD8 Cytotoxic / T Effector Memory	raw_marker_winner	0.7056188925081434	0.7056188925081434	0.0466069489685124	not_available:921	not_available:921	not_available:921	Study=vaccination_study_10; lineage=T_NK_lineage; cluster=2; cells=921; final=T Cell; marker_assignment=CD8 Cytotoxic / T Effector Memory; raw_marker_winner=CD8 Cytotoxic / T Effector Memory; assignment_reason=raw_marker_winner; marker_score=0.706; best_total_score=0.706; score_margin=0.047; CellTypist=not_available:921; PanHuman=not_available:921; scRefMap=not_available:921; review_reasons=parent_or_broad_final_label,marker_assignment_disagrees_with_final,screfmapping_not_available,low_total_score_or_margin.
vaccination_study_10	T_NK_lineage	20	309	high	9	parent_or_broad_final_label;marker_assignment_disagrees_with_final;screfmapping_not_available;low_total_score_or_margin	check_if_finer_official_label_is_supported	T Cell	NK Cell	NK Cell	raw_marker_winner	0.909822006472492	0.909822006472492	0.0	not_available:309	not_available:309	not_available:309	Study=vaccination_study_10; lineage=T_NK_lineage; cluster=20; cells=309; final=T Cell; marker_assignment=NK Cell; raw_marker_winner=NK Cell; assignment_reason=raw_marker_winner; marker_score=0.910; best_total_score=0.910; score_margin=0.000; CellTypist=not_available:309; PanHuman=not_available:309; scRefMap=not_available:309; review_reasons=parent_or_broad_final_label,marker_assignment_disagrees_with_final,screfmapping_not_available,low_total_score_or_margin.
vaccination_study_10	T_NK_lineage	21	287	high	8	parent_or_broad_final_label;marker_assignment_disagrees_with_final;screfmapping_not_available;low_total_score_or_margin	check_if_finer_official_label_is_supported	T Cell	NK Cell	NK Cell	raw_marker_winner	0.654006968641115	0.654006968641115	0.0	not_available:287	not_available:287	not_available:287	Study=vaccination_study_10; lineage=T_NK_lineage; cluster=21; cells=287; final=T Cell; marker_assignment=NK Cell; raw_marker_winner=NK Cell; assignment_reason=raw_marker_winner; marker_score=0.654; best_total_score=0.654; score_margin=0.000; CellTypist=not_available:287; PanHuman=not_available:287; scRefMap=not_available:287; review_reasons=parent_or_broad_final_label,marker_assignment_disagrees_with_final,screfmapping_not_available,low_total_score_or_margin.
vaccination_study_10	T_NK_lineage	22	248	medium	6	parent_or_broad_final_label;marker_assignment_disagrees_with_final;screfmapping_not_available	check_if_finer_official_label_is_supported	T Cell	CD8 Naive / T Central Memory	CD8 Naive / T Central Memory	raw_marker_winner	0.8617943548387097	0.8617943548387097	0.236491935483871	not_available:248	not_available:248	not_available:248	Study=vaccination_study_10; lineage=T_NK_lineage; cluster=22; cells=248; final=T Cell; marker_assignment=CD8 Naive / T Central Memory; raw_marker_winner=CD8 Naive / T Central Memory; assignment_reason=raw_marker_winner; marker_score=0.862; best_total_score=0.862; score_margin=0.236; CellTypist=not_available:248; PanHuman=not_available:248; scRefMap=not_available:248; review_reasons=parent_or_broad_final_label,marker_assignment_disagrees_with_final,screfmapping_not_available.
vaccination_study_10	T_NK_lineage	23	207	high	8	parent_or_broad_final_label;marker_assignment_disagrees_with_final;screfmapping_not_available;low_total_score_or_margin	check_if_finer_official_label_is_supported	T Cell	NK Cell	NK Cell	raw_marker_winner	0.9303623188405796	0.9303623188405796	0.0	not_available:207	not_available:207	not_available:207	Study=vaccination_study_10; lineage=T_NK_lineage; cluster=23; cells=207; final=T Cell; marker_assignment=NK Cell; raw_marker_winner=NK Cell; assignment_reason=raw_marker_winner; marker_score=0.930; best_total_score=0.930; score_margin=0.000; CellTypist=not_available:207; PanHuman=not_available:207; scRefMap=not_available:207; review_reasons=parent_or_broad_final_label,marker_assignment_disagrees_with_final,screfmapping_not_available,low_total_score_or_margin.
vaccination_study_10	T_NK_lineage	24	109	medium	6	parent_or_broad_final_label;marker_assignment_disagrees_with_final;screfmapping_not_available	check_if_finer_official_label_is_supported	T Cell	CD8 Cytotoxic / T Effector Memory	CD8 Cytotoxic / T Effector Memory	raw_marker_winner	0.7584862385321101	0.7584862385321101	0.1438073394495412	not_available:109	not_available:109	not_available:109	Study=vaccination_study_10; lineage=T_NK_lineage; cluster=24; cells=109; final=T Cell; marker_assignment=CD8 Cytotoxic / T Effector Memory; raw_marker_winner=CD8 Cytotoxic / T Effector Memory; assignment_reason=raw_marker_winner; marker_score=0.758; best_total_score=0.758; score_margin=0.144; CellTypist=not_available:109; PanHuman=not_available:109; scRefMap=not_available:109; review_reasons=parent_or_broad_final_label,marker_assignment_disagrees_with_final,screfmapping_not_available.
vaccination_study_10	T_NK_lineage	25	49	high	8	parent_or_broad_final_label;marker_assignment_disagrees_with_final;screfmapping_not_available;low_total_score_or_margin	check_if_finer_official_label_is_supported	T Cell	CD8 Naive / T Central Memory	CD8 Naive / T Central Memory	raw_marker_winner	0.5	0.5	0.0999999999999999	not_available:49	not_available:49	not_available:49	Study=vaccination_study_10; lineage=T_NK_lineage; cluster=25; cells=49; final=T Cell; marker_assignment=CD8 Naive / T Central Memory; raw_marker_winner=CD8 Naive / T Central Memory; assignment_reason=raw_marker_winner; marker_score=0.500; best_total_score=0.500; score_margin=0.100; CellTypist=not_available:49; PanHuman=not_available:49; scRefMap=not_available:49; review_reasons=parent_or_broad_final_label,marker_assignment_disagrees_with_final,screfmapping_not_available,low_total_score_or_margin.
vaccination_study_10	T_NK_lineage	26	37	high	10	parent_or_broad_final_label;marker_assignment_disagrees_with_final;ambiguous_or_missing_label_candidate;screfmapping_not_available;low_total_score_or_margin	check_if_finer_official_label_is_supported	T Cell	NKT Cell	NKT Cell	raw_marker_winner	0.9267567567567568	0.9267567567567568	0.0	not_available:37	not_available:37	not_available:37	Study=vaccination_study_10; lineage=T_NK_lineage; cluster=26; cells=37; final=T Cell; marker_assignment=NKT Cell; raw_marker_winner=NKT Cell; assignment_reason=raw_marker_winner; marker_score=0.927; best_total_score=0.927; score_margin=0.000; CellTypist=not_available:37; PanHuman=not_available:37; scRefMap=not_available:37; review_reasons=parent_or_broad_final_label,marker_assignment_disagrees_with_final,ambiguous_or_missing_label_candidate,screfmapping_not_available,low_total_score_or_margin.
vaccination_study_10	T_NK_lineage	3	878	high	7	parent_or_broad_final_label;marker_assignment_disagrees_with_final;screfmapping_not_available	check_if_finer_official_label_is_supported	T Cell	CD8 Naive / T Central Memory	CD8 Naive / T Central Memory	raw_marker_winner	0.9275284738041002	0.9275284738041002	0.3409681093394077	not_available:878	not_available:878	not_available:878	Study=vaccination_study_10; lineage=T_NK_lineage; cluster=3; cells=878; final=T Cell; marker_assignment=CD8 Naive / T Central Memory; raw_marker_winner=CD8 Naive / T Central Memory; assignment_reason=raw_marker_winner; marker_score=0.928; best_total_score=0.928; score_margin=0.341; CellTypist=not_available:878; PanHuman=not_available:878; scRefMap=not_available:878; review_reasons=parent_or_broad_final_label,marker_assignment_disagrees_with_final,screfmapping_not_available.
vaccination_study_10	T_NK_lineage	4	852	high	7	parent_or_broad_final_label;marker_assignment_disagrees_with_final;screfmapping_not_available	check_if_finer_official_label_is_supported	T Cell	CD8 Cytotoxic / T Effector Memory	CD8 Cytotoxic / T Effector Memory	raw_marker_winner	0.9300176056338028	0.9300176056338028	0.2081924882629107	not_available:852	not_available:852	not_available:852	Study=vaccination_study_10; lineage=T_NK_lineage; cluster=4; cells=852; final=T Cell; marker_assignment=CD8 Cytotoxic / T Effector Memory; raw_marker_winner=CD8 Cytotoxic / T Effector Memory; assignment_reason=raw_marker_winner; marker_score=0.930; best_total_score=0.930; score_margin=0.208; CellTypist=not_available:852; PanHuman=not_available:852; scRefMap=not_available:852; review_reasons=parent_or_broad_final_label,marker_assignment_disagrees_with_final,screfmapping_not_available.
vaccination_study_10	T_NK_lineage	5	804	high	7	parent_or_broad_final_label;marker_assignment_disagrees_with_final;screfmapping_not_available	check_if_finer_official_label_is_supported	T Cell	CD4 Naive / T Central Memory	CD4 Naive / T Central Memory	raw_marker_winner	0.8977388059701492	0.8977388059701492	0.7767189054726368	not_available:804	not_available:804	not_available:804	Study=vaccination_study_10; lineage=T_NK_lineage; cluster=5; cells=804; final=T Cell; marker_assignment=CD4 Naive / T Central Memory; raw_marker_winner=CD4 Naive / T Central Memory; assignment_reason=raw_marker_winner; marker_score=0.898; best_total_score=0.898; score_margin=0.777; CellTypist=not_available:804; PanHuman=not_available:804; scRefMap=not_available:804; review_reasons=parent_or_broad_final_label,marker_assignment_disagrees_with_final,screfmapping_not_available.
vaccination_study_10	T_NK_lineage	6	689	high	7	parent_or_broad_final_label;marker_assignment_disagrees_with_final;screfmapping_not_available	check_if_finer_official_label_is_supported	T Cell	CD4 Naive / T Central Memory	CD4 Naive / T Central Memory	raw_marker_winner	0.8646835994194485	0.8646835994194485	0.2443304698617586	not_available:689	not_available:689	not_available:689	Study=vaccination_study_10; lineage=T_NK_lineage; cluster=6; cells=689; final=T Cell; marker_assignment=CD4 Naive / T Central Memory; raw_marker_winner=CD4 Naive / T Central Memory; assignment_reason=raw_marker_winner; marker_score=0.865; best_total_score=0.865; score_margin=0.244; CellTypist=not_available:689; PanHuman=not_available:689; scRefMap=not_available:689; review_reasons=parent_or_broad_final_label,marker_assignment_disagrees_with_final,screfmapping_not_available.
vaccination_study_10	T_NK_lineage	7	638	high	9	parent_or_broad_final_label;marker_assignment_disagrees_with_final;screfmapping_not_available;low_total_score_or_margin	check_if_finer_official_label_is_supported	T Cell	NK Cell	NK Cell	raw_marker_winner	0.9365438871473354	0.9365438871473354	0.0	not_available:638	not_available:638	not_available:638	Study=vaccination_study_10; lineage=T_NK_lineage; cluster=7; cells=638; final=T Cell; marker_assignment=NK Cell; raw_marker_winner=NK Cell; assignment_reason=raw_marker_winner; marker_score=0.937; best_total_score=0.937; score_margin=0.000; CellTypist=not_available:638; PanHuman=not_available:638; scRefMap=not_available:638; review_reasons=parent_or_broad_final_label,marker_assignment_disagrees_with_final,screfmapping_not_available,low_total_score_or_margin.
vaccination_study_10	T_NK_lineage	8	610	high	9	parent_or_broad_final_label;marker_assignment_disagrees_with_final;screfmapping_not_available;low_total_score_or_margin	check_if_finer_official_label_is_supported	T Cell	CD8 Cytotoxic / T Effector Memory	CD8 Cytotoxic / T Effector Memory	raw_marker_winner	0.6963114754098361	0.6963114754098361	0.0305737704918032	not_available:610	not_available:610	not_available:610	Study=vaccination_study_10; lineage=T_NK_lineage; cluster=8; cells=610; final=T Cell; marker_assignment=CD8 Cytotoxic / T Effector Memory; raw_marker_winner=CD8 Cytotoxic / T Effector Memory; assignment_reason=raw_marker_winner; marker_score=0.696; best_total_score=0.696; score_margin=0.031; CellTypist=not_available:610; PanHuman=not_available:610; scRefMap=not_available:610; review_reasons=parent_or_broad_final_label,marker_assignment_disagrees_with_final,screfmapping_not_available,low_total_score_or_margin.
vaccination_study_10	T_NK_lineage	9	607	high	7	parent_or_broad_final_label;marker_assignment_disagrees_with_final;screfmapping_not_available	check_if_finer_official_label_is_supported	T Cell	CD8 Cytotoxic / T Effector Memory	CD8 Cytotoxic / T Effector Memory	raw_marker_winner	0.8128820700312447	0.8128820700312447	0.1051596647594159	not_available:607	not_available:607	not_available:607	Study=vaccination_study_10; lineage=T_NK_lineage; cluster=9; cells=607; final=T Cell; marker_assignment=CD8 Cytotoxic / T Effector Memory; raw_marker_winner=CD8 Cytotoxic / T Effector Memory; assignment_reason=raw_marker_winner; marker_score=0.813; best_total_score=0.813; score_margin=0.105; CellTypist=not_available:607; PanHuman=not_available:607; scRefMap=not_available:607; review_reasons=parent_or_broad_final_label,marker_assignment_disagrees_with_final,screfmapping_not_available.
vaccination_study_10	Myeloid_lineage	0	865	high	7	parent_or_broad_final_label;marker_assignment_disagrees_with_final;screfmapping_not_available	check_if_finer_official_label_is_supported	Myeloid Cell	Non-Classical Monocyte	Non-Classical Monocyte	raw_marker_winner	0.8314508670520231	0.8314508670520231	0.3218670520231212	not_available:865	not_available:865	not_available:865	Study=vaccination_study_10; lineage=Myeloid_lineage; cluster=0; cells=865; final=Myeloid Cell; marker_assignment=Non-Classical Monocyte; raw_marker_winner=Non-Classical Monocyte; assignment_reason=raw_marker_winner; marker_score=0.831; best_total_score=0.831; score_margin=0.322; CellTypist=not_available:865; PanHuman=not_available:865; scRefMap=not_available:865; review_reasons=parent_or_broad_final_label,marker_assignment_disagrees_with_final,screfmapping_not_available.
vaccination_study_10	Myeloid_lineage	1	792	high	9	parent_or_broad_final_label;marker_assignment_disagrees_with_final;screfmapping_not_available;low_total_score_or_margin	check_if_finer_official_label_is_supported	Myeloid Cell	Conventional DC 2	Conventional DC 2	raw_marker_winner	0.609375	0.609375	0.1594128505552766	not_available:792	not_available:792	not_available:792	Study=vaccination_study_10; lineage=Myeloid_lineage; cluster=1; cells=792; final=Myeloid Cell; marker_assignment=Conventional DC 2; raw_marker_winner=Conventional DC 2; assignment_reason=raw_marker_winner; marker_score=0.609; best_total_score=0.609; score_margin=0.159; CellTypist=not_available:792; PanHuman=not_available:792; scRefMap=not_available:792; review_reasons=parent_or_broad_final_label,marker_assignment_disagrees_with_final,screfmapping_not_available,low_total_score_or_margin.
vaccination_study_10	Myeloid_lineage	10	434	high	9	parent_or_broad_final_label;marker_assignment_disagrees_with_final;screfmapping_not_available;low_total_score_or_margin	check_if_finer_official_label_is_supported	Myeloid Cell	Intermediate Monocyte	Intermediate Monocyte	raw_marker_winner	0.5713248847926267	0.5713248847926267	0.1218241167434714	not_available:434	not_available:434	not_available:434	Study=vaccination_study_10; lineage=Myeloid_lineage; cluster=10; cells=434; final=Myeloid Cell; marker_assignment=Intermediate Monocyte; raw_marker_winner=Intermediate Monocyte; assignment_reason=raw_marker_winner; marker_score=0.571; best_total_score=0.571; score_margin=0.122; CellTypist=not_available:434; PanHuman=not_available:434; scRefMap=not_available:434; review_reasons=parent_or_broad_final_label,marker_assignment_disagrees_with_final,screfmapping_not_available,low_total_score_or_margin.
vaccination_study_10	Myeloid_lineage	11	410	high	9	parent_or_broad_final_label;marker_assignment_disagrees_with_final;screfmapping_not_available;low_total_score_or_margin	check_if_finer_official_label_is_supported	Myeloid Cell	Intermediate Monocyte	Intermediate Monocyte	raw_marker_winner	0.4525121951219512	0.4525121951219512	0.0525121951219511	not_available:410	not_available:410	not_available:410	Study=vaccination_study_10; lineage=Myeloid_lineage; cluster=11; cells=410; final=Myeloid Cell; marker_assignment=Intermediate Monocyte; raw_marker_winner=Intermediate Monocyte; assignment_reason=raw_marker_winner; marker_score=0.453; best_total_score=0.453; score_margin=0.053; CellTypist=not_available:410; PanHuman=not_available:410; scRefMap=not_available:410; review_reasons=parent_or_broad_final_label,marker_assignment_disagrees_with_final,screfmapping_not_available,low_total_score_or_margin.
vaccination_study_10	Myeloid_lineage	12	409	high	9	parent_or_broad_final_label;marker_assignment_disagrees_with_final;screfmapping_not_available;low_total_score_or_margin	check_if_finer_official_label_is_supported	Myeloid Cell	Non-Classical Monocyte	Non-Classical Monocyte	raw_marker_winner	0.6181662591687042	0.6181662591687042	0.1663814180929095	not_available:409	not_available:409	not_available:409	Study=vaccination_study_10; lineage=Myeloid_lineage; cluster=12; cells=409; final=Myeloid Cell; marker_assignment=Non-Classical Monocyte; raw_marker_winner=Non-Classical Monocyte; assignment_reason=raw_marker_winner; marker_score=0.618; best_total_score=0.618; score_margin=0.166; CellTypist=not_available:409; PanHuman=not_available:409; scRefMap=not_available:409; review_reasons=parent_or_broad_final_label,marker_assignment_disagrees_with_final,screfmapping_not_available,low_total_score_or_margin.
vaccination_study_10	Myeloid_lineage	13	401	high	9	parent_or_broad_final_label;marker_assignment_disagrees_with_final;screfmapping_not_available;low_total_score_or_margin	check_if_finer_official_label_is_supported	Myeloid Cell	Conventional DC 2	Conventional DC 2	raw_marker_winner	0.4	0.4	0.0	not_available:401	not_available:401	not_available:401	Study=vaccination_study_10; lineage=Myeloid_lineage; cluster=13; cells=401; final=Myeloid Cell; marker_assignment=Conventional DC 2; raw_marker_winner=Conventional DC 2; assignment_reason=raw_marker_winner; marker_score=0.400; best_total_score=0.400; score_margin=0.000; CellTypist=not_available:401; PanHuman=not_available:401; scRefMap=not_available:401; review_reasons=parent_or_broad_final_label,marker_assignment_disagrees_with_final,screfmapping_not_available,low_total_score_or_margin.
vaccination_study_10	Myeloid_lineage	14	372	high	9	parent_or_broad_final_label;marker_assignment_disagrees_with_final;screfmapping_not_available;low_total_score_or_margin	check_if_finer_official_label_is_supported	Myeloid Cell	Intermediate Monocyte	Intermediate Monocyte	raw_marker_winner	0.5828494623655914	0.5828494623655914	0.1816308243727599	not_available:372	not_available:372	not_available:372	Study=vaccination_study_10; lineage=Myeloid_lineage; cluster=14; cells=372; final=Myeloid Cell; marker_assignment=Intermediate Monocyte; raw_marker_winner=Intermediate Monocyte; assignment_reason=raw_marker_winner; marker_score=0.583; best_total_score=0.583; score_margin=0.182; CellTypist=not_available:372; PanHuman=not_available:372; scRefMap=not_available:372; review_reasons=parent_or_broad_final_label,marker_assignment_disagrees_with_final,screfmapping_not_available,low_total_score_or_margin.
vaccination_study_10	Myeloid_lineage	15	312	high	9	parent_or_broad_final_label;marker_assignment_disagrees_with_final;screfmapping_not_available;low_total_score_or_margin	check_if_finer_official_label_is_supported	Myeloid Cell	Conventional DC 2	Conventional DC 2	raw_marker_winner	0.56875	0.56875	0.1687499999999999	not_available:312	not_available:312	not_available:312	Study=vaccination_study_10; lineage=Myeloid_lineage; cluster=15; cells=312; final=Myeloid Cell; marker_assignment=Conventional DC 2; raw_marker_winner=Conventional DC 2; assignment_reason=raw_marker_winner; marker_score=0.569; best_total_score=0.569; score_margin=0.169; CellTypist=not_available:312; PanHuman=not_available:312; scRefMap=not_available:312; review_reasons=parent_or_broad_final_label,marker_assignment_disagrees_with_final,screfmapping_not_available,low_total_score_or_margin.
vaccination_study_10	Myeloid_lineage	16	237	high	8	parent_or_broad_final_label;marker_assignment_disagrees_with_final;screfmapping_not_available;low_total_score_or_margin	check_if_finer_official_label_is_supported	Myeloid Cell	Classical Monocyte	Classical Monocyte	raw_marker_winner	0.4	0.4	0.0	not_available:237	not_available:237	not_available:237	Study=vaccination_study_10; lineage=Myeloid_lineage; cluster=16; cells=237; final=Myeloid Cell; marker_assignment=Classical Monocyte; raw_marker_winner=Classical Monocyte; assignment_reason=raw_marker_winner; marker_score=0.400; best_total_score=0.400; score_margin=0.000; CellTypist=not_available:237; PanHuman=not_available:237; scRefMap=not_available:237; review_reasons=parent_or_broad_final_label,marker_assignment_disagrees_with_final,screfmapping_not_available,low_total_score_or_margin.
vaccination_study_10	Myeloid_lineage	17	216	high	8	parent_or_broad_final_label;marker_assignment_disagrees_with_final;screfmapping_not_available;low_total_score_or_margin	check_if_finer_official_label_is_supported	Myeloid Cell	Conventional DC 2	Conventional DC 2	raw_marker_winner	0.5375	0.5375	0.2578703703703703	not_available:216	not_available:216	not_available:216	Study=vaccination_study_10; lineage=Myeloid_lineage; cluster=17; cells=216; final=Myeloid Cell; marker_assignment=Conventional DC 2; raw_marker_winner=Conventional DC 2; assignment_reason=raw_marker_winner; marker_score=0.537; best_total_score=0.537; score_margin=0.258; CellTypist=not_available:216; PanHuman=not_available:216; scRefMap=not_available:216; review_reasons=parent_or_broad_final_label,marker_assignment_disagrees_with_final,screfmapping_not_available,low_total_score_or_margin.
vaccination_study_10	Myeloid_lineage	18	187	medium	6	parent_or_broad_final_label;marker_assignment_disagrees_with_final;screfmapping_not_available	check_if_finer_official_label_is_supported	Myeloid Cell	Intermediate Monocyte	Intermediate Monocyte	raw_marker_winner	0.7545989304812835	0.7545989304812835	0.1376381461675579	not_available:187	not_available:187	not_available:187	Study=vaccination_study_10; lineage=Myeloid_lineage; cluster=18; cells=187; final=Myeloid Cell; marker_assignment=Intermediate Monocyte; raw_marker_winner=Intermediate Monocyte; assignment_reason=raw_marker_winner; marker_score=0.755; best_total_score=0.755; score_margin=0.138; CellTypist=not_available:187; PanHuman=not_available:187; scRefMap=not_available:187; review_reasons=parent_or_broad_final_label,marker_assignment_disagrees_with_final,screfmapping_not_available.
vaccination_study_10	Myeloid_lineage	19	79	high	8	parent_or_broad_final_label;marker_assignment_disagrees_with_final;screfmapping_not_available;low_total_score_or_margin	check_if_finer_official_label_is_supported	Myeloid Cell	Intermediate Monocyte	Intermediate Monocyte	raw_marker_winner	0.6071518987341773	0.6071518987341773	0.2071518987341772	not_available:79	not_available:79	not_available:79	Study=vaccination_study_10; lineage=Myeloid_lineage; cluster=19; cells=79; final=Myeloid Cell; marker_assignment=Intermediate Monocyte; raw_marker_winner=Intermediate Monocyte; assignment_reason=raw_marker_winner; marker_score=0.607; best_total_score=0.607; score_margin=0.207; CellTypist=not_available:79; PanHuman=not_available:79; scRefMap=not_available:79; review_reasons=parent_or_broad_final_label,marker_assignment_disagrees_with_final,screfmapping_not_available,low_total_score_or_margin.
vaccination_study_10	Myeloid_lineage	2	688	high	9	parent_or_broad_final_label;marker_assignment_disagrees_with_final;screfmapping_not_available;low_total_score_or_margin	check_if_finer_official_label_is_supported	Myeloid Cell	Conventional DC 2	Conventional DC 2	raw_marker_winner	0.6878997093023256	0.6878997093023256	0.2878997093023255	not_available:688	not_available:688	not_available:688	Study=vaccination_study_10; lineage=Myeloid_lineage; cluster=2; cells=688; final=Myeloid Cell; marker_assignment=Conventional DC 2; raw_marker_winner=Conventional DC 2; assignment_reason=raw_marker_winner; marker_score=0.688; best_total_score=0.688; score_margin=0.288; CellTypist=not_available:688; PanHuman=not_available:688; scRefMap=not_available:688; review_reasons=parent_or_broad_final_label,marker_assignment_disagrees_with_final,screfmapping_not_available,low_total_score_or_margin.
vaccination_study_10	Myeloid_lineage	20	78	high	8	parent_or_broad_final_label;marker_assignment_disagrees_with_final;screfmapping_not_available;low_total_score_or_margin	check_if_finer_official_label_is_supported	Myeloid Cell	Non-Classical Monocyte	Non-Classical Monocyte	raw_marker_winner	0.727051282051282	0.727051282051282	0.327051282051282	not_available:78	not_available:78	not_available:78	Study=vaccination_study_10; lineage=Myeloid_lineage; cluster=20; cells=78; final=Myeloid Cell; marker_assignment=Non-Classical Monocyte; raw_marker_winner=Non-Classical Monocyte; assignment_reason=raw_marker_winner; marker_score=0.727; best_total_score=0.727; score_margin=0.327; CellTypist=not_available:78; PanHuman=not_available:78; scRefMap=not_available:78; review_reasons=parent_or_broad_final_label,marker_assignment_disagrees_with_final,screfmapping_not_available,low_total_score_or_margin.
vaccination_study_10	Myeloid_lineage	21	11	high	8	parent_or_broad_final_label;marker_assignment_disagrees_with_final;screfmapping_not_available;low_total_score_or_margin	check_if_finer_official_label_is_supported	Myeloid Cell	Conventional DC 2	Conventional DC 2	raw_marker_winner	0.4675512738245105	0.4675512738245105	0.1986789539638939	not_available:11	not_available:11	not_available:11	Study=vaccination_study_10; lineage=Myeloid_lineage; cluster=21; cells=11; final=Myeloid Cell; marker_assignment=Conventional DC 2; raw_marker_winner=Conventional DC 2; assignment_reason=raw_marker_winner; marker_score=0.468; best_total_score=0.468; score_margin=0.199; CellTypist=not_available:11; PanHuman=not_available:11; scRefMap=not_available:11; review_reasons=parent_or_broad_final_label,marker_assignment_disagrees_with_final,screfmapping_not_available,low_total_score_or_margin.
vaccination_study_10	Myeloid_lineage	3	679	high	9	parent_or_broad_final_label;marker_assignment_disagrees_with_final;screfmapping_not_available;low_total_score_or_margin	check_if_finer_official_label_is_supported	Myeloid Cell	Intermediate Monocyte	Intermediate Monocyte	raw_marker_winner	0.5502430044182621	0.5502430044182621	0.1502430044182621	not_available:679	not_available:679	not_available:679	Study=vaccination_study_10; lineage=Myeloid_lineage; cluster=3; cells=679; final=Myeloid Cell; marker_assignment=Intermediate Monocyte; raw_marker_winner=Intermediate Monocyte; assignment_reason=raw_marker_winner; marker_score=0.550; best_total_score=0.550; score_margin=0.150; CellTypist=not_available:679; PanHuman=not_available:679; scRefMap=not_available:679; review_reasons=parent_or_broad_final_label,marker_assignment_disagrees_with_final,screfmapping_not_available,low_total_score_or_margin.
vaccination_study_10	Myeloid_lineage	4	659	high	9	parent_or_broad_final_label;marker_assignment_disagrees_with_final;screfmapping_not_available;low_total_score_or_margin	check_if_finer_official_label_is_supported	Myeloid Cell	Intermediate Monocyte	Intermediate Monocyte	raw_marker_winner	0.5525493171471928	0.5525493171471928	0.0748659585230147	not_available:659	not_available:659	not_available:659	Study=vaccination_study_10; lineage=Myeloid_lineage; cluster=4; cells=659; final=Myeloid Cell; marker_assignment=Intermediate Monocyte; raw_marker_winner=Intermediate Monocyte; assignment_reason=raw_marker_winner; marker_score=0.553; best_total_score=0.553; score_margin=0.075; CellTypist=not_available:659; PanHuman=not_available:659; scRefMap=not_available:659; review_reasons=parent_or_broad_final_label,marker_assignment_disagrees_with_final,screfmapping_not_available,low_total_score_or_margin.
vaccination_study_10	Myeloid_lineage	5	608	high	9	parent_or_broad_final_label;marker_assignment_disagrees_with_final;screfmapping_not_available;low_total_score_or_margin	check_if_finer_official_label_is_supported	Myeloid Cell	Conventional DC 2	Conventional DC 2	raw_marker_winner	0.5227384868421052	0.5227384868421052	0.0452549342105262	not_available:608	not_available:608	not_available:608	Study=vaccination_study_10; lineage=Myeloid_lineage; cluster=5; cells=608; final=Myeloid Cell; marker_assignment=Conventional DC 2; raw_marker_winner=Conventional DC 2; assignment_reason=raw_marker_winner; marker_score=0.523; best_total_score=0.523; score_margin=0.045; CellTypist=not_available:608; PanHuman=not_available:608; scRefMap=not_available:608; review_reasons=parent_or_broad_final_label,marker_assignment_disagrees_with_final,screfmapping_not_available,low_total_score_or_margin.
vaccination_study_10	Myeloid_lineage	6	585	high	9	parent_or_broad_final_label;marker_assignment_disagrees_with_final;screfmapping_not_available;low_total_score_or_margin	check_if_finer_official_label_is_supported	Myeloid Cell	Intermediate Monocyte	Intermediate Monocyte	raw_marker_winner	0.5214102564102564	0.5214102564102564	0.1214102564102563	not_available:585	not_available:585	not_available:585	Study=vaccination_study_10; lineage=Myeloid_lineage; cluster=6; cells=585; final=Myeloid Cell; marker_assignment=Intermediate Monocyte; raw_marker_winner=Intermediate Monocyte; assignment_reason=raw_marker_winner; marker_score=0.521; best_total_score=0.521; score_margin=0.121; CellTypist=not_available:585; PanHuman=not_available:585; scRefMap=not_available:585; review_reasons=parent_or_broad_final_label,marker_assignment_disagrees_with_final,screfmapping_not_available,low_total_score_or_margin.
vaccination_study_10	Myeloid_lineage	7	556	high	9	parent_or_broad_final_label;marker_assignment_disagrees_with_final;screfmapping_not_available;low_total_score_or_margin	check_if_finer_official_label_is_supported	Myeloid Cell	Intermediate Monocyte	Intermediate Monocyte	raw_marker_winner	0.6248920863309353	0.6248920863309353	0.2248920863309352	not_available:556	not_available:556	not_available:556	Study=vaccination_study_10; lineage=Myeloid_lineage; cluster=7; cells=556; final=Myeloid Cell; marker_assignment=Intermediate Monocyte; raw_marker_winner=Intermediate Monocyte; assignment_reason=raw_marker_winner; marker_score=0.625; best_total_score=0.625; score_margin=0.225; CellTypist=not_available:556; PanHuman=not_available:556; scRefMap=not_available:556; review_reasons=parent_or_broad_final_label,marker_assignment_disagrees_with_final,screfmapping_not_available,low_total_score_or_margin.
vaccination_study_10	Myeloid_lineage	8	505	high	9	parent_or_broad_final_label;marker_assignment_disagrees_with_final;screfmapping_not_available;low_total_score_or_margin	check_if_finer_official_label_is_supported	Myeloid Cell	Intermediate Monocyte	Intermediate Monocyte	raw_marker_winner	0.4202871287128713	0.4202871287128713	0.0202871287128713	not_available:505	not_available:505	not_available:505	Study=vaccination_study_10; lineage=Myeloid_lineage; cluster=8; cells=505; final=Myeloid Cell; marker_assignment=Intermediate Monocyte; raw_marker_winner=Intermediate Monocyte; assignment_reason=raw_marker_winner; marker_score=0.420; best_total_score=0.420; score_margin=0.020; CellTypist=not_available:505; PanHuman=not_available:505; scRefMap=not_available:505; review_reasons=parent_or_broad_final_label,marker_assignment_disagrees_with_final,screfmapping_not_available,low_total_score_or_margin.
vaccination_study_10	Myeloid_lineage	9	451	high	9	parent_or_broad_final_label;marker_assignment_disagrees_with_final;screfmapping_not_available;low_total_score_or_margin	check_if_finer_official_label_is_supported	Myeloid Cell	Intermediate Monocyte	Intermediate Monocyte	raw_marker_winner	0.522139689578714	0.522139689578714	0.122139689578714	not_available:451	not_available:451	not_available:451	Study=vaccination_study_10; lineage=Myeloid_lineage; cluster=9; cells=451; final=Myeloid Cell; marker_assignment=Intermediate Monocyte; raw_marker_winner=Intermediate Monocyte; assignment_reason=raw_marker_winner; marker_score=0.522; best_total_score=0.522; score_margin=0.122; CellTypist=not_available:451; PanHuman=not_available:451; scRefMap=not_available:451; review_reasons=parent_or_broad_final_label,marker_assignment_disagrees_with_final,screfmapping_not_available,low_total_score_or_margin.
